Price,Close,High,Low,Open,Volume
Ticker,ABBV,ABBV,ABBV,ABBV,ABBV
Date,,,,,
2013-01-02,20.561071395874023,20.7249994568432,19.963910152316505,20.443980561845155,13767900
2013-01-03,20.39129066467285,20.49081641526685,19.999036731967575,20.49081641526685,16739300
2013-01-04,20.133689880371094,20.426415821599683,20.05172697415856,20.26834354533764,21372100
2013-01-07,20.174665451049805,20.754263628347637,19.993176849731494,19.993176849731494,17897100
2013-01-08,19.735580444335938,20.280050819136626,19.530673199334164,20.07514357413485,17863300
2013-01-09,19.84682273864746,19.87609489057497,19.677041130817063,19.677041130817063,18800400
2013-01-10,19.90536880493164,19.90536880493164,19.513117021064424,19.706315027549437,15658100
2013-01-11,20.053466796875,20.083089679692392,19.757256047970444,19.899438201804447,11191500
2013-01-14,20.195648193359375,20.290435539057903,20.023845423059367,20.148253390555823,11584900
2013-01-15,20.49778175354004,20.56887395636495,19.970527012085576,19.970527012085576,13040200
2013-01-16,21.054662704467773,21.054662704467773,20.40892311613451,20.420771818478386,16512700
2013-01-17,21.57598876953125,21.74186831723009,21.179067470916337,21.179067470916337,14424800
2013-01-18,22.109167098999023,22.109167098999023,21.350868408500528,21.581912399517517,17842200
2013-01-22,21.57598876953125,22.067699672493244,21.28570351589825,21.907745605020374,15809700
2013-01-23,22.393526077270508,22.41722347311855,21.62337879147361,21.866271449145895,10981600
2013-01-24,22.19210433959961,22.820071815603733,22.05584769346732,22.387604479642594,11327100
2013-01-25,22.275053024291992,22.417235213938795,21.706328785523255,22.227660467682547,8934600
2013-01-28,21.85443115234375,22.43500401435204,21.74779508994336,22.304672806902943,7140100
2013-01-29,22.103248596191406,22.192110471749547,21.475280946666523,21.74779431423231,8838500
2013-01-30,21.87812042236328,22.23357232492435,21.807030493832684,21.807030493832684,10841800
2013-01-31,21.73594856262207,21.878130746687344,21.487132565394283,21.82481271015151,10720700
2013-02-01,22.026227951049805,22.038076650302415,21.635229915346898,21.824804583572046,9527500
2013-02-04,22.08547592163086,22.097324624496338,21.653008436631495,21.706326469571636,6348000
2013-02-05,22.038074493408203,22.352057083193426,22.02622579531524,22.168405652614627,7284400
2013-02-06,22.00252914428711,22.08546777383864,21.836651885184047,21.895893117747093,5738900
2013-02-07,21.57598876953125,22.2572743613703,21.20868809232052,22.2572743613703,9872500
2013-02-08,21.475284576416016,21.575995171052437,21.226468570907763,21.546374540859915,13858700
2013-02-11,21.23831558227539,21.43381581460392,21.17907432030817,21.40419518362031,6032100
2013-02-12,20.983570098876953,21.267934430006232,20.853238895343964,21.190918996162516,7473800
2013-02-13,20.89470672607422,21.072432725367374,20.823616778338696,20.98356859576645,4859800
2013-02-14,21.66486358642578,21.759650977646977,20.740684827086877,20.764382239869594,7570100
2013-02-15,22.26320457458496,22.3994612699382,21.878129634740862,21.878129634740862,13296300
2013-02-19,22.624574661254883,22.707515563675315,21.984760661942587,22.239502069605482,8292700
2013-02-20,22.87338638305664,23.181445725241833,22.280965092679242,22.606796350405233,8096400
2013-02-21,22.974103927612305,23.122209295397134,22.62457516924376,22.80230341851241,7260900
2013-02-22,22.78453254699707,23.0155765927142,22.594957829490248,22.980032745624733,4490400
2013-02-25,22.138797760009766,22.873401644577353,22.138797760009766,22.831932307374522,4665600
2013-02-26,21.972911834716797,22.275045782109643,21.895896412868225,22.275045782109643,4463000
2013-02-27,21.7596435546875,21.90774894419115,21.564145615695303,21.90182572297092,12238400
2013-02-28,21.87220573425293,22.002539217450472,21.623389731685837,21.718177103126997,10321000
2013-03-01,22.399459838867188,22.55348844901873,21.65300741299348,21.8011128019468,8929400
2013-03-04,22.65420150756836,22.66012472882382,22.233580481345694,22.233580481345694,5420800
2013-03-05,22.221731185913086,22.849698837952396,22.09139998259085,22.778608885239464,6650400
2013-03-06,22.35799217224121,22.42908213144722,22.13879455316668,22.251356103477672,5489500
2013-03-07,22.209888458251953,22.517945724832547,22.180265568084117,22.304675831025033,4442500
2013-03-08,22.121017456054688,22.304668922630704,22.01438141222455,22.298743442468737,4114500
2013-03-11,22.31652069091797,22.60088504895899,21.96699411480689,22.06770470251841,4614400
2013-03-12,22.020305633544922,22.689742548043316,21.949215687729183,22.334290559055983,6523900
2013-03-13,22.020305633544922,22.26912383376296,21.94329246720647,22.03807981493033,3710600
2013-03-14,22.251358032226562,22.269129958591275,21.836662424412406,22.1743425847974,9859700
2013-03-15,22.808231353759766,22.8319287598821,22.085476286391813,22.180263650972115,12208300
2013-03-18,22.6068058013916,22.802305993702607,22.506095224680227,22.54163907062127,5178700
2013-03-19,22.725290298461914,22.748987702088073,22.417230831048254,22.66012356844438,5108400
2013-03-20,23.13998794555664,23.21700112454501,22.754913010978775,22.808231044075573,7072900
2013-03-21,22.802303314208984,23.086665347866088,22.796377833975896,22.99780122363825,4736100
2013-03-22,23.086668014526367,23.086668014526367,22.689744409678937,22.84969849581965,3323400
2013-03-25,23.294023513793945,23.412508318240715,23.06297938807306,23.175538709347173,6065000
2013-03-26,23.82126808166504,24.004919561072835,23.44211868151485,23.44211868151485,7249500
2013-03-27,23.785720825195312,23.868659462089987,23.495433336155592,23.82719014364265,4274800
2013-03-28,24.15894317626953,24.170791875069817,23.566521795704546,23.850883787186753,7263400
2013-04-01,24.360368728637695,24.372217428504438,23.673159955725716,23.673159955725716,5740000
2013-04-02,24.117477416992188,24.419613631184525,24.004918151652845,24.419613631184525,5510700
2013-04-03,24.034542083740234,24.555873680103307,23.904208619672254,24.141178143448794,4122100
2013-04-04,24.644737243652344,24.751373310660714,24.064164356556244,24.153028499032892,20687600
2013-04-05,24.47293472290039,24.585494002356043,24.342601260439963,24.47293472290039,14089800
2013-04-08,24.74544906616211,24.804690318758205,24.33075351826265,24.449238283363773,16449200
2013-04-09,25.207534790039062,25.805881780486672,24.76321865768852,24.858006008860286,8673900
2013-04-10,25.841432571411133,25.930296725733132,25.17792093484397,25.26678508916597,7809200
2013-04-11,25.82947540283203,26.134405700722866,25.775663905460153,25.96101284465518,6494100
2013-04-12,25.763700485229492,25.883281820456755,25.482684689569062,25.691952596422837,4199800
2013-04-15,24.777162551879883,25.727830832375254,24.75922614609734,25.632166200160455,7152500
2013-04-16,25.38104248046875,25.42887364690052,24.591808847337965,24.91467549301925,6998000
2013-04-17,25.255477905273438,25.36907889789194,24.765194295092524,25.19568610850804,5046200
2013-04-18,25.303312301635742,25.494641514134663,25.04621324468579,25.333207063434177,5009000
2013-04-19,25.34516716003418,25.458770455801908,25.231566145090735,25.416915049428763,6493200
2013-04-22,26.4273681640625,26.804048478167694,25.638134740772173,25.709882611755738,8531300
2013-04-23,26.989402770996094,27.694930106771622,26.546954816521097,26.67251418623772,9378100
2013-04-24,26.499128341674805,27.10899123032467,26.271923983748444,26.989409869267387,5541300
2013-04-25,26.451295852661133,26.78014286862559,26.16429968804071,26.756226141436446,5236900
2013-04-26,27.407939910888672,27.68895573052645,26.756223973158644,26.875805318589048,10096800
2013-04-29,27.043216705322266,27.4617502564532,26.935593727007905,27.401960726644933,6024700
2013-04-30,27.533496856689453,27.64111982995482,26.911675740228254,26.93559246335928,6798600
2013-05-01,27.23455047607422,27.557419464820327,27.23455047607422,27.34815379479493,6398100
2013-05-02,26.30181884765625,27.312276588880795,26.224090627308343,27.312276588880795,9649400
2013-05-03,26.714359283447266,26.76817075156222,26.206141636335424,26.493135372674008,4641200
2013-05-06,26.66055679321289,26.87580273815627,26.39747968318445,26.87580273815627,4085700
2013-05-07,26.851879119873047,26.905690592290576,26.558905040972366,26.60673847459846,3745600
2013-05-08,26.002859115600586,26.93558836764103,25.943067316864717,26.911671648146687,6973200
2013-05-09,26.451295852661133,26.576855249167163,25.859369399265393,25.913180895028642,5046900
2013-05-10,26.911672592163086,26.911672592163082,26.427371549945583,26.433349589616917,4455800
2013-05-13,26.63066291809082,26.780139020306205,26.409436644618545,26.780139020306205,3738400
2013-05-14,27.114971160888672,27.21661612315681,26.361612411149416,26.361612411149416,5760300
2013-05-15,27.52153968811035,28.059654577763073,27.192692713688956,27.336190777871135,6702500
2013-05-16,27.629167556762695,28.041723138798936,27.50958619558082,27.539483246494857,4605300
2013-05-17,28.203147888183594,28.30479281657184,27.41391430644489,27.52153727493873,5244800
2013-05-20,27.659055709838867,28.18521220466924,27.545454698347033,28.173253843329437,3537800
2013-05-21,27.82647132873535,28.077590081987864,27.605245058499435,27.617203420200642,4708800
2013-05-22,27.95801544189453,28.69941807916933,27.41392239870994,27.77864453506469,5203500
2013-05-23,27.85637092590332,28.07161691222358,27.51556554117114,27.57535507922691,3306200
2013-05-24,27.168777465820312,27.79059864302439,27.09105152928816,27.653080892823876,4511700
2013-05-28,27.138877868652344,27.527516605432947,26.72632469148567,27.43783004130694,6181800
2013-05-29,26.236045837402344,27.013321104993253,26.182234349909358,26.839928280757597,6908400
2013-05-30,26.636640548706055,26.97744587404654,26.349646710567974,26.349646710567974,4852200
2013-05-31,25.524532318115234,26.720340851224243,25.518554279012147,26.46922215406676,9308800
2013-06-03,25.925142288208008,26.05668202229524,25.56042013883879,25.638148370874422,7176800
2013-06-04,26.086563110351562,26.588802772435887,25.937087047598176,25.961001484212698,4528400
2013-06-05,25.733806610107422,26.248004772760744,25.524538696028515,26.002864053452104,4801300
2013-06-06,26.008840560913086,26.050693685096896,25.50062274963872,25.84142806417785,4261300
2013-06-07,26.307788848876953,26.4692232814212,26.00883670286699,26.140376376975013,5463200
2013-06-10,26.259958267211914,26.505101243197036,25.841427041930288,26.505101243197036,4702700
2013-06-11,26.062658309936523,26.337693843763716,25.739789319361247,25.89524577296775,3574800
2013-06-12,25.572364807128906,26.307786754054778,25.542470051073128,26.2539752808249,3742600
2013-06-13,25.799575805664062,25.829470569537833,23.975965558648443,25.363103585974752,6096500
2013-06-14,25.835447311401367,26.008840126307888,25.410935755588167,25.69792957983473,4078500
2013-06-17,25.715866088867188,26.008840235310334,25.518558831731337,25.949050710317454,3457700
2013-06-18,26.03275489807129,26.04471325828862,25.48866205271461,25.691949614761278,3644900
2013-06-19,25.733806610107422,26.20615164610983,25.715867926668214,26.044717180103017,3663300
2013-06-20,24.549951553344727,25.578345405683706,24.4602649953786,25.500619488325235,7474900
2013-06-21,25.482683181762695,25.536494665389732,24.633660085451783,24.9086955436237,9825700
2013-06-24,25.046218872070312,25.351151441069305,24.705413493182945,25.153841863384706,6042400
2013-06-25,25.48866844177246,25.572374703451832,24.878805602762593,25.2016745670898,4686900
2013-06-26,25.937088012695312,26.0746057218465,25.727820148559662,25.769673265222032,4733700
2013-06-27,25.787616729736328,26.29583454398767,25.554434384825147,26.044715797413847,5163900
2013-06-28,24.71736717224121,25.691951950737575,24.705408810936593,25.428872563684404,10753100
2013-07-01,24.878799438476562,25.070128640858858,24.555930554147434,24.75324007706768,4588200
2013-07-02,25.237548828125,25.45279481672879,24.860870628893068,24.860870628893068,4365900
2013-07-03,25.249500274658203,25.29733371716554,24.87880021852263,25.040234665748784,2417500
2013-07-05,25.5424747467041,25.608244590611907,25.297334052663082,25.381040297336977,2743700
2013-07-08,26.116458892822266,26.122436932004838,25.60226085181659,25.650094288572376,3978300
2013-07-09,25.901222229003906,26.445315221668373,25.85936909732392,26.30779746317347,3805700
2013-07-10,26.253982543945312,26.37954192260959,25.9251355747094,25.9251355747094,3080100
2013-07-11,26.416893005371094,26.61601642486901,26.145364417753157,26.51343706585106,4061400
2013-07-12,27.183218002319336,27.2194228955098,26.428966657627942,26.50740944197773,5693900
2013-07-15,26.923742294311523,27.134933949446925,26.87547142860058,27.12286565757136,3265800
2013-07-16,26.435009002685547,27.014273637360407,26.36863449837619,26.875491629164955,3714500
2013-07-17,26.5255126953125,26.64016038131398,26.3927660140687,26.53154799551921,3645400
2013-07-18,26.742746353149414,26.887563682927443,26.435012692336972,26.525521509379047,3043700
2013-07-19,26.863414764404297,27.098740803359078,26.622053426003735,26.845313469651565,4317900
2013-07-22,27.134952545166016,27.213393043425878,26.428971948277006,26.7306725465491,3810500
2013-07-23,26.736711502075195,27.207363763137906,26.688438294892755,27.104784348771833,3535100
2013-07-24,26.332420349121094,26.772902820928657,26.181570092948956,26.718596636635,3088100
2013-07-25,26.694467544555664,26.809112932931896,26.15743859447493,26.193643491653432,4088500
2013-07-26,27.026338577270508,27.225459763642522,26.652228199832344,27.159085267587596,4491100
2013-07-29,27.18924903869629,27.42457505305314,26.833242367753538,26.984092613037888,4326200
2013-07-30,26.97202491760254,27.291826708150747,26.67032442031793,27.20131794004064,3619700
2013-07-31,27.44268226623535,27.70214492824273,27.03840462651703,27.056505923282753,6020600
2013-08-01,27.30389404296875,27.696105596346996,27.17718039100053,27.23751956761624,3652400
2013-08-02,27.346139907836914,27.406479102062416,27.038406334418518,27.219426218887733,3190700
2013-08-05,26.97805404663086,27.376298553874335,26.839272113993626,27.183210447440636,2953500
2013-08-06,27.080638885498047,27.147013367120586,26.803072662186327,26.803072662186327,4980600
2013-08-07,26.89358901977539,27.06857590537002,26.682399538397533,26.972031813626902,3299400
2013-08-08,27.18924903869629,27.261656511930994,26.917718136826043,27.068568382110392,2892400
2013-08-09,26.97805404663086,27.153040862396335,26.833239117701485,27.092701692307728,3290800
2013-08-12,27.177181243896484,27.27372531058667,26.784969678209542,26.978057811589913,3826400
2013-08-13,27.11081886291504,27.261669178287683,26.959968547542395,27.225464273952717,2791800
2013-08-14,26.89962387084961,27.291833229969,26.821181078308662,27.06254015273767,2990500
2013-08-15,26.07295799255371,26.923753354044326,26.024687107014067,26.911685057211347,4363100
2013-08-16,25.946247100830078,26.030722885894818,25.596273360656152,25.910042206462688,6093300
2013-08-19,26.169511795043945,26.435009820494983,25.916084372705903,25.95228697487241,3326900
2013-08-20,25.928150177001953,26.235883774746437,25.855740376056158,26.121238375938276,2803000
2013-08-21,25.5299015045166,25.873839949190184,25.493696609680025,25.83763505435361,4118800
2013-08-22,25.897974014282227,26.006586396036198,25.517832979935843,25.584207468984662,4077700
2013-08-23,26.205711364746094,26.24794925987144,25.855737603087334,25.952281692201364,2738100
2013-08-26,26.217784881591797,26.392771797247864,26.06089926693701,26.205716580326573,3493400
2013-08-27,25.722990036010742,26.000553994959695,25.70488643744098,25.95831610128453,4473000
2013-08-28,25.680747985839844,25.8315982393478,25.55403202353109,25.662644390200192,3009700
2013-08-29,25.716955184936523,26.000554448958212,25.49973041264694,25.535935308626073,2788900
2013-08-30,25.71092414855957,25.964351534375275,25.523868957748373,25.801432942725416,3170700
2013-09-03,25.6988525390625,26.115198462904257,25.52990097027903,25.94624689412079,2925600
2013-09-04,26.024690628051758,26.030723626388355,25.6988534748537,25.7048864731903,3190700
2013-09-05,26.253976821899414,26.34448789373564,25.94624332088216,25.964344614532536,3355500
2013-09-06,26.4832820892334,26.76084612852003,25.879880802892085,26.266057257863608,3992200
2013-09-09,26.809112548828125,26.815145547375096,26.247949310461063,26.477242385721055,3287500
2013-09-10,27.020299911499023,27.03840350930929,26.60998698861759,26.89962153565711,4282300
2013-09-11,27.122875213623047,27.13494350975057,26.78496982742887,27.038399442522536,3441700
2013-09-12,26.97202491760254,27.122875166244846,26.851344258330272,27.05650068855549,2597900
2013-09-13,27.0866756439209,27.0866756439209,26.80911168386247,26.978063259238457,2273500
2013-09-16,27.6478328704834,27.726275642813672,27.26768960650508,27.346132378835353,3531700
2013-09-17,28.72188949584961,28.78223098284219,27.671972941894815,27.70817553229799,7293800
2013-09-18,28.91498374938965,29.216684342610126,28.287448264853637,28.474501159502903,6689400
2013-09-19,28.60122299194336,29.102044881912047,28.54691678201487,29.08997657950646,5326500
2013-09-20,28.866718292236328,28.963262408191902,28.558984641938334,28.625356851450746,10495300
2013-09-23,28.420194625854492,28.6977609177101,28.317617530228485,28.6977609177101,3179500
2013-09-24,27.744375228881836,28.329674883244383,27.720238638604798,28.329674883244383,7162700
2013-09-25,27.352170944213867,27.852992623228534,27.165115788407807,27.8107547334969,4571900
2013-09-26,27.153053283691406,27.52716137332027,27.038407887361245,27.352176779299043,5033900
2013-09-27,26.7487735748291,27.092712039634076,26.561718393246892,27.07460844025988,6617300
2013-09-30,26.990129470825195,27.12287844223777,26.567748263251687,26.863415799090863,5818400
2013-10-01,27.635770797729492,27.696112290722276,27.038404978752844,27.038404978752844,4159700
2013-10-02,27.72628402709961,27.738352326629972,27.22545995465703,27.358208947698248,4056800
2013-10-03,27.76249122619629,27.961614748767612,27.213396166399363,27.515096799294227,7020800
2013-10-04,28.23917007446289,28.28744326570758,27.75644967097828,27.865062049486376,4141400
2013-10-07,27.810762405395508,28.347789124521476,27.810762405395508,27.828863705476117,4703700
2013-10-08,26.863414764404297,27.94953618362222,26.78497198415527,27.931434888869486,7091500
2013-10-09,27.038402557373047,27.340103089940868,26.742735022667937,26.984096369439147,5113000
2013-10-10,27.811630249023438,27.811630249023438,27.09929088075937,27.458504234109164,3967500
2013-10-11,27.793357849121094,27.82379917751884,27.373259620648977,27.82379917751884,2985700
2013-10-14,28.20737075805664,28.280430421956233,27.440236158273976,27.525472819910973,3377300
2013-10-15,28.055164337158203,28.23781467488201,27.85424733989448,28.03689767761829,3533300
2013-10-16,28.65180206298828,28.77965697217097,28.128203113927754,28.19517539660154,4399900
2013-10-17,29.3276309967041,29.418957331915696,28.584852605582157,28.584852605582157,7242400
2013-10-18,29.425045013427734,29.802522683359534,29.084096017103022,29.455486348941985,9212900
2013-10-21,29.437206268310547,29.558973877375095,29.07799309895832,29.272822666975973,4713200
2013-10-22,29.832965850830078,30.021705858648474,29.29110214881699,29.461575496185105,6937500
2013-10-23,29.425045013427734,29.74772735042387,29.394601355388453,29.686842356870336,4130300
2013-10-24,29.181503295898438,29.820780491848392,29.06582531725829,29.60768886737325,5077900
2013-10-25,30.015613555908203,30.338298206844225,29.56507622822389,29.893845894565835,6956800
2013-10-28,30.088666915893555,30.423528495015685,29.814692638465598,29.912106282612633,5555000
2013-10-29,30.313936233520508,30.56355882845257,30.125196291977,30.125196291977,5022900
2013-10-30,29.711185455322266,30.179989282350306,29.662479800871186,30.179989282350306,4011600
2013-10-31,29.498096466064453,29.832955708491625,29.492006807142946,29.6381284284422,4563700
2013-11-01,29.80860710144043,30.033878071733717,29.52854312610395,29.6137797862042,3866900
2013-11-04,29.686843872070312,29.948643551400053,29.224129510071904,29.948643551400053,4095600
2013-11-05,29.3276309967041,29.68684435399777,29.24239432252004,29.58334334178146,4095400
2013-11-06,29.25457000732422,29.674668343387765,29.22412867113014,29.528546678121078,4308100
2013-11-07,28.761415481567383,29.443311194402057,28.724884483147157,29.327630860667263,4444900
2013-11-08,29.242387771606445,29.28500609915107,28.51178654368453,28.69443685066501,5190900
2013-11-11,29.5711612701416,29.63204393482315,29.339802963807102,29.364156958689637,2282900
2013-11-12,28.907522201538086,29.516357974078968,28.78575458252508,29.49809364411047,5351100
2013-11-13,29.13279151916504,29.181499497003912,28.791844964389774,28.83446328373668,3745100
2013-11-14,29.248483657836914,29.510283338501235,29.03538965222459,29.21804232061377,3411800
2013-11-15,29.49200439453125,29.68074432274356,29.224117487009046,29.242381817230683,6257100
2013-11-18,29.753814697265625,30.417446030781605,29.668578028790638,29.76599169597991,8585700
2013-11-19,29.504194259643555,29.832966282200385,29.449398922550753,29.66858027092197,4050700
2013-11-20,29.19368553161621,29.552898850577595,29.120625864758367,29.47983686119482,3120300
2013-11-21,29.5711612701416,29.63204393482315,29.218037634444006,29.394598291030412,4459800
2013-11-22,29.79643440246582,29.918202072686313,29.57116572219924,29.61987371929749,5810100
2013-11-25,29.473751068115234,30.00343774501508,29.418955734468696,29.83296440590365,3343200
2013-11-26,29.589414596557617,29.942540423402615,29.412854005659035,29.455472319585308,4732300
2013-11-27,29.376327514648438,29.802513041541975,29.370240178524995,29.729453395439283,3414900
2013-11-29,29.498096466064453,29.79033738613859,29.26673820005912,29.485919470745817,4044300
2013-12-02,29.46157455444336,29.638137557159443,29.236305877975486,29.52245954978947,4321900
2013-12-03,30.42353630065918,30.60009697923956,29.8147002879025,29.912113957042568,9480100
2013-12-04,30.24087905883789,30.61835900179583,30.015610418541826,30.289587047293647,5309200
2013-12-05,30.295663833618164,30.484403739365312,29.863391037980787,30.08865959982332,5449100
2013-12-06,31.263717651367188,31.355043951108282,30.472231569533385,30.545291215811694,7285800
2013-12-09,31.178482055664062,31.543784944352314,30.9105951286455,31.324603675644237,5470800
2013-12-10,31.744699478149414,32.956283789300805,30.88015372325167,31.202835966625567,14906900
2013-12-11,32.0673942565918,32.420520287208255,31.671652209981406,32.0673942565918,10775500
2013-12-12,31.89691925048828,32.03695125873089,31.53770589977024,32.00042258333508,7766400
2013-12-13,31.88473129272461,32.02476325283966,31.56204905083011,31.842112971060217,6465300
2013-12-16,32.49356460571289,33.35202295408956,32.256119025474,32.52400592990585,9846300
2013-12-17,32.651878356933594,32.828439048180655,32.26831099107227,32.53011068114148,7987300
2013-12-18,33.071964263916016,33.13893658120236,31.79340986626147,32.13435646695627,9635600
2013-12-19,32.04302215576172,32.39614563878019,31.671632023216862,32.39614563878019,8383400
2013-12-20,32.0186767578125,32.27438669451748,31.83602647123403,32.12826739426446,12471800
2013-12-23,32.01259231567383,32.23177128586975,31.805588019496064,32.10391630595764,4957700
2013-12-24,31.8786563873291,32.14045607822588,31.829948387848187,32.13436641702815,1747000
2013-12-26,32.2622184753418,32.304836806651345,31.866474173153325,32.01868316283738,2401500
2013-12-27,31.99432945251465,32.29874743459857,31.890828453418063,32.219598108949775,2354100
2013-12-30,32.27438735961914,32.286564355311896,32.02476475422871,32.10391406496942,2898800
2013-12-31,32.152626037597656,32.304835018858256,31.878649406823634,32.26221668990727,3019700
2014-01-02,31.647293090820312,31.86038707147132,31.36722910513316,31.73252975407076,4569100
2014-01-03,31.842121124267578,32.06738978539168,31.64120645962309,31.811679789930526,4794300
2014-01-06,30.67923355102539,32.085644991644365,30.46005230599136,32.085644991644365,11871100
2014-01-07,30.74013328552246,31.178493663618664,30.62445294923335,30.953224974699417,9719900
2014-01-08,30.660974502563477,31.11760140086013,30.587914849142873,30.825360464653212,6811100
2014-01-09,31.184566497802734,31.446366044683835,30.362636877644395,30.800999341728843,6960300
2014-01-10,30.98974609375,31.34895934278451,30.904507122729953,31.21501471084892,5517700
2014-01-13,30.578598022460938,31.13702705139936,30.46200143274484,31.08793325764081,7055200
2014-01-14,31.051105499267578,31.222931395480348,30.455858608038753,30.64609116113523,6610800
2014-01-15,30.75042724609375,31.094074501607253,30.7258803447224,31.081803391842936,4728400
2014-01-16,30.98973846435547,31.06337679138737,30.695182815307664,30.744274253022194,4972300
2014-01-17,30.719741821289062,31.087935942594093,30.689057027079368,31.07566249309444,8606800
2014-01-21,30.682924270629883,31.247488953567228,30.6276949133059,30.84247444683177,5823000
2014-01-22,30.11835289001465,30.6829174474049,29.836068270398695,30.67064399951544,8181700
2014-01-23,29.989484786987305,30.10608137897793,29.69492904145269,29.90971088195485,7270500
2014-01-24,29.326736450195312,30.130627482111908,29.314463000886217,29.713339569286962,9197900
2014-01-27,28.737613677978516,29.351271857656858,28.48601157702702,29.326724968648882,10749800
2014-01-28,29.2653751373291,29.744030393748922,28.8910453916496,28.8910453916496,12298600
2014-01-29,29.216276168823242,29.35741731687058,28.829670729698204,28.933993872728568,7608500
2014-01-30,29.645845413208008,29.995630599669976,29.394245501175337,29.437201412430554,7669500
2014-01-31,30.210397720336914,31.020426486174102,30.11221248632394,30.646094549961944,12863500
2014-02-03,29.056730270385742,30.369961482429378,28.878771076942076,30.314732121451275,10314600
2014-02-04,29.42491912841797,29.437192576652873,28.811260762198287,28.952401905518308,9606100
2014-02-05,29.28990936279297,29.498553271197423,28.940124331191463,29.30831836206024,6987100
2014-02-06,29.412643432617188,29.566058012448938,29.11808772025071,29.388096538023134,4957800
2014-02-07,30.00175666809082,30.08766846343445,29.24695717067355,29.45560110547416,6979500
2014-02-10,30.406768798828125,30.79950974276493,29.89743361869779,29.915842618907117,7907500
2014-02-11,30.474279403686523,30.664514371351135,30.093811809278584,30.320864786805114,7217600
2014-02-12,31.026565551757812,31.25361847506464,30.431316231307257,30.45586312596765,6534500
2014-02-13,30.897701263427734,31.00202441464845,30.609283390827024,30.8670188098644,4946000
2014-02-14,31.130897521972656,31.241356246690085,30.78724789608271,31.026576693584843,4118700
2014-02-18,31.578857421875,31.640224660052993,31.026566323797727,31.075657773419344,4984900
2014-02-19,31.41317367553711,31.82432603419604,31.075662012737784,31.40090022622718,5242800
2014-02-20,31.82431983947754,31.97773441460736,31.130885304432965,31.413167560850884,6078900
2014-02-21,31.321107864379883,31.89181004599868,31.302696530801406,31.799760400865438,5842700
2014-02-24,31.204526901245117,31.640226119178926,31.192255793964403,31.302712145937058,5693000
2014-02-25,31.124759674072266,31.376359563858927,30.98975405582334,31.253627396443665,5425000
2014-02-26,31.137033462524414,31.278174637259873,30.639969232517572,30.652242683484317,5710700
2014-02-27,31.241352081298828,31.24748763588883,30.971343201835,31.051117116111275,5052900
2014-02-28,31.241352081298828,31.88569299562651,30.995887761116258,31.198396176405065,7095600
2014-03-03,30.73815155029297,31.21066883303272,30.55405448529699,30.891566161276476,6817700
2014-03-04,31.658634185791016,31.744545979743425,31.008155495847205,31.13088763331671,6198000
2014-03-05,31.72612762451172,31.98386293037988,31.48066342194384,31.71385418029131,5251100
2014-03-06,31.934762954711914,32.38273301482407,31.891807081887425,31.934762954711914,6529000
2014-03-07,31.578857421875,32.21706265340146,31.302710702375975,32.063648069337646,5860700
2014-03-10,31.70159339904785,31.848872447602176,31.210667138735204,31.848872447602176,3086000
2014-03-11,31.756816864013672,31.996143225253142,31.603402289791383,31.71386097050508,3629800
2014-03-12,31.68931770324707,31.750684944511057,31.339532621265455,31.57885900989278,3924800
2014-03-13,31.492944717407227,31.97159745673137,31.382486032806163,31.842729771670363,4839400
2014-03-14,31.425443649291992,31.554311341412287,31.17384381856725,31.44999054519705,5466700
2014-03-17,31.897966384887695,32.02683409932319,31.456131545770297,31.585001601127033,3875500
2014-03-18,32.58527374267578,32.65891446696232,31.891841145892535,31.959343972694196,4712300
2014-03-19,32.591400146484375,32.84913556782834,32.18024777410844,32.57912669676497,6408600
2014-03-20,32.941184997558594,33.01482335434422,32.229341306174376,32.43798526783464,6922700
2014-03-21,32.80617904663086,33.58552553223152,32.57912608339953,33.27256076350299,12930500
2014-03-24,31.517484664916992,32.904351128997696,31.51134677216945,32.849121798870755,10161400
2014-03-25,31.720012664794922,31.971612600914018,31.603418371786205,31.713877108708914,6127200
2014-03-26,31.603416442871094,32.118889736741195,31.578869538181642,31.910245728724213,5684900
2014-03-27,31.70159339904785,31.812052100233327,31.56045224551553,31.621817150209214,4778000
2014-03-28,31.2843074798584,31.990015633270513,31.229078125757265,31.805918566573805,4208300
2014-03-31,31.542051315307617,31.726148417428377,31.26590449166565,31.5052309585148,4813100
2014-04-01,31.971607208251953,32.14343318166189,31.627959943274917,31.677051406448168,4250800
2014-04-02,32.73253631591797,32.77549221292551,31.90409848400584,31.97159893578854,6007200
2014-04-03,32.830711364746094,33.03321967998337,32.65274993758366,32.7386617049255,6841400
2014-04-04,32.0329704284668,33.407563997072664,31.94092072784466,33.002549527993295,7013200
2014-04-07,31.06337547302246,32.10045926392432,30.468128648320565,31.71385396680445,9146600
2014-04-08,30.130630493164062,31.2168062858928,30.026309674993254,30.897703594730572,8246900
2014-04-09,31.069538116455078,31.149312055520777,30.22882408018016,30.369967629743726,6018200
2014-04-10,29.056730270385742,30.84861438362528,29.019912257014674,30.732020106414392,13177200
2014-04-11,28.765714645385742,29.23007724566934,28.17133108387161,28.840014361977747,11465800
2014-04-14,28.994802474975586,29.409631939156437,28.61092768385467,29.16197093597329,7290800
2014-04-15,29.632537841796875,29.77494214710396,28.95147100030538,29.36011016045176,9531100
2014-04-16,29.793508529663086,30.2392974529079,29.483933413381013,30.078319431664326,7151000
2014-04-17,30.05975914001465,30.202163485031814,29.545865404680683,29.669693626871656,6196800
2014-04-21,30.6046085357666,30.61699182883992,29.96688429465634,30.028798398151288,4445000
2014-04-22,30.963699340820312,31.217550819147288,30.555060318102,30.64174332693236,6613200
2014-04-23,31.0441951751709,31.118492548676883,30.579832457484365,31.044195175170895,6578300
2014-04-24,30.5364990234375,31.038011722089845,30.338371074756154,31.038011722089845,6628800
2014-04-25,30.425050735473633,31.564287583074382,30.307413007978894,31.087541484483005,7289100
2014-04-28,31.496183395385742,31.52714044616526,30.647947922294758,30.678904973074275,7932200
2014-04-29,31.805755615234375,31.9048195854714,31.42807349062091,31.539520752371484,5601300
2014-04-30,32.24535369873047,32.301074966872655,31.576670138568435,31.811947949944482,7430600
2014-05-01,31.95435905456543,32.257741489940194,31.83052847687556,32.12772044620815,4279800
2014-05-02,31.688108444213867,32.02245012981708,31.576661215679465,31.830512711369906,3341300
2014-05-05,31.799551010131836,31.805741472200225,31.14944384691703,31.57046612367659,2580300
2014-05-06,31.520944595336914,31.76241285678199,31.47141379492645,31.70049876580111,3353200
2014-05-07,32.6849479675293,32.7344787679991,31.743839139891193,32.431096415209694,7022600
2014-05-08,32.288692474365234,32.870692967099075,32.17105239343636,32.623031876389966,4092100
2014-05-09,32.3568000793457,32.41252371191224,31.62620475284316,32.239162349203646,5012500
2014-05-12,32.424896240234375,32.5425362931968,32.33202512470001,32.41870577728034,3626400
2014-05-13,32.319644927978516,32.50538953868252,32.14628124436668,32.47443249721034,4145200
2014-05-14,32.73448181152344,32.814972026875616,32.24535477822057,32.338225923437946,4878400
2014-05-15,32.6230354309082,32.858313256529975,32.45586453074574,32.790206331070664,6963800
2014-05-16,32.77163314819336,32.79639973277102,32.44967463429822,32.598271779892706,5826200
2014-05-19,33.50221633911133,33.56413041184828,32.635405149571106,32.71589533362553,6010500
2014-05-20,33.1493034362793,33.39077164484017,33.00689916871444,33.34743131827133,5021200
2014-05-21,32.982139587402344,33.3350550996591,32.876882799220404,33.124543885166375,4088000
2014-05-22,33.20503234863281,33.64462850932412,32.77781711590458,32.99452114519499,4486400
2014-05-23,33.40316390991211,33.66939876574117,33.33505698932264,33.39697108338327,3023500
2014-05-27,33.42792510986328,33.55794610357796,33.29790175427768,33.55794610357796,3816300
2014-05-28,33.47746276855469,33.81180455968813,33.32267516471936,33.40935584496772,4108300
2014-05-29,33.45269012451172,33.7127344800163,33.27932879542265,33.49603045678399,2768600
2014-05-30,33.6384391784668,33.700353267851916,33.366011516681574,33.42173514187663,4025600
2014-06-02,33.5269889831543,34.02230874034105,33.37839187506282,33.70035030770194,3635000
2014-06-03,33.6631965637207,33.72511300240837,33.35362145589429,33.47126150846553,3078000
2014-06-04,33.79323196411133,33.83037947871044,33.22980279939562,33.384590408549215,3388200
2014-06-05,34.23902130126953,34.251404594377185,33.6570206964398,33.774658438155015,4847300
2014-06-06,34.11518859863281,34.30093562176005,33.985167571940956,34.25140245242705,3449800
2014-06-09,33.335060119628906,33.9789771505598,33.260762727405044,33.69416615027053,6297500
2014-06-10,33.41554641723633,33.48365333622815,32.375373600693244,32.90165047347712,8414700
2014-06-11,33.57651901245117,33.86752039648259,33.27932716491458,33.3412412474498,5386800
2014-06-12,33.223609924316406,33.58890874989611,33.099779373601514,33.57033499394384,3941600
2014-06-13,33.533180236816406,33.62605372679547,33.087391263910426,33.22979554983962,4413000
2014-06-16,33.43412399291992,33.626061480930794,33.09359172092189,33.54557126184604,4410400
2014-06-17,33.61988067626953,33.76847787526638,33.34126240432066,33.7375208143548,3385000
2014-06-18,33.787025451660156,33.81179202594218,33.43411003468809,33.60128086828599,3337300
2014-06-19,33.551753997802734,33.93562888539185,33.38458313292443,33.52079695509289,3952800
2014-06-20,33.00071716308594,34.43714595939453,32.91403648153012,34.43714595939453,13457700
2014-06-23,33.27933883666992,33.68178759990855,33.14931780062237,33.28552930234623,6235600
2014-06-24,33.18025588989258,33.40315031680005,33.08119196258596,33.2731293550608,5483500
2014-06-25,34.053260803222656,34.542390025245155,33.06262143369531,33.13691879594222,11085100
2014-06-26,34.988197326660156,35.006773449650034,34.03470725327971,34.09662136492074,10716400
2014-06-27,35.16156005859375,35.229666996523044,34.84579195762554,35.031539010840675,7490800
2014-06-30,34.9448356628418,35.22345371903769,34.734324505034955,34.9881759869311,6229700
2014-07-01,35.22345733642578,35.415394764154705,34.7776684007306,34.93245596319467,6869800
2014-07-02,35.97882843017578,35.97882843017578,35.242037977222,35.576379744350376,6198500
2014-07-03,36.04692459106445,36.0778816279958,35.69400917393197,35.84879672045922,3828900
2014-07-07,35.53923416137695,36.00359696473011,35.533041334684285,35.854999828433705,4736300
2014-07-08,34.4804801940918,35.272994203410406,34.35045919478324,35.093440045200865,9297300
2014-07-09,34.05946350097656,34.4495289261676,33.94182577167132,34.39999812083381,11516300
2014-07-10,34.54240036010742,34.59812398893239,33.60748196114082,33.743695800906586,7553100
2014-07-11,34.286624908447266,35.309733439372344,33.98717868328288,34.52368739578921,13586800
2014-07-14,34.2180061340332,34.34277600684008,33.51306075528101,33.619113600305056,30823300
2014-07-15,33.33837890625,34.11818756462793,33.30718703587232,34.012134729386375,16796400
2014-07-16,33.469383239746094,33.48185808208091,32.32774240338075,33.219843556887625,23291200
2014-07-17,33.388275146484375,34.311567962444904,32.989013645505366,33.19488181579118,18699000
2014-07-18,34.25542068481445,34.386427914864115,33.06387363577332,33.06387363577332,42456000
2014-07-21,33.68773651123047,33.96846812478152,33.631590188520256,33.77507470660472,22334900
2014-07-22,33.71891784667969,33.92478842554469,33.53176428939388,33.57543337343434,14724300
2014-07-23,33.98716354370117,34.19303407042688,33.73138652490577,33.98716354370117,15011300
2014-07-24,33.73763656616211,34.037082748846856,33.66901303642018,33.82497473863849,11712800
2014-07-25,33.176177978515625,33.99341826552203,33.08259999259893,33.937271949929425,11680900
2014-07-28,33.52552795410156,33.68772707439064,33.1699330900237,33.325894789442174,10466000
2014-07-29,33.33213806152344,33.475622554357436,33.21360801434412,33.40699901870054,16171500
2014-07-30,33.53177261352539,33.61911080328769,33.082602060705334,33.2385637937915,12680100
2014-07-31,32.65214920043945,33.31342781894281,32.6271947514875,33.144988858197976,15479900
2014-08-01,32.73947525024414,32.83929062924726,32.284067434805785,32.458743753114646,11593200
2014-08-04,33.24480056762695,33.313424104700104,32.67086020465903,32.8018698571564,10456300
2014-08-05,32.9328727722168,33.18241006153418,32.72076476741436,32.92039555078293,12783800
2014-08-06,32.47121810913086,32.85176495170075,32.047002190835194,32.11562570405746,18126200
2014-08-07,32.70829391479492,32.88297028930797,32.07820719852352,32.184262411468666,17171700
2014-08-08,32.95159149169922,32.99526058222777,32.620953412043924,32.889207756597564,13117700
2014-08-11,33.25728988647461,33.46939799648727,32.920411880021355,33.063896428002295,10074600
2014-08-12,32.96406173706055,33.25103066544359,32.795622832195775,33.201124163883534,8524600
2014-08-13,33.43817901611328,33.46313345290972,32.90791032301235,33.0451573456067,9029400
2014-08-14,33.806251525878906,33.83120596481326,33.394512802607224,33.45065910031637,7959800
2014-08-15,33.625343322753906,34.055796756121225,33.425712538022395,33.89983505681307,10109300
2014-08-18,33.88112258911133,34.01212985379018,33.58791381406044,33.93102909860416,7370500
2014-08-19,34.492488861083984,34.50496608219461,33.80001855805681,33.987172115143096,9159300
2014-08-20,34.3490104675293,34.423871427656366,34.11818540580807,34.199286167488154,7612200
2014-08-21,34.286624908447266,34.38644031683539,34.111948538714806,34.180572078191716,8063200
2014-08-22,34.43634033203125,34.48000941320495,33.912308978160404,34.23046976668114,9314600
2014-08-25,34.854312896728516,34.885504754369876,34.423859549790954,34.54862936014257,7553500
2014-08-26,34.779457092285156,34.89798712071956,34.71083356748072,34.73578800918897,9309800
2014-08-27,34.74827194213867,34.84184754694021,34.5611183527486,34.84184754694021,11022600
2014-08-28,34.68587875366211,34.73578763654321,34.46753334052363,34.63597225056754,7277900
2014-08-29,34.486236572265625,34.81063706430834,34.46128451886675,34.77944521272044,7524400
2014-09-02,34.355247497558594,34.64221649126269,34.28662395998001,34.57983275516597,7354900
2014-09-03,34.629737854003906,34.64221507667115,34.20552418225211,34.411392406794384,7562100
2014-09-04,34.64845657348633,34.68588586353284,34.36772499920246,34.53616394377278,10019400
2014-09-05,34.89798355102539,34.89798355102539,34.23046777222183,34.61725443977601,9914300
2014-09-08,34.667171478271484,34.904233962752734,34.542401624345196,34.79817875398993,6568800
2014-09-09,35.5280647277832,35.671549161750946,34.579817600017925,34.642201308774005,17558900
2014-09-10,35.67781066894531,35.75891144891298,35.253594499589504,35.49689683949251,8740300
2014-09-11,36.08955001831055,36.10826704761376,35.46570298338876,35.55928099054206,9943900
2014-09-12,36.10826110839844,36.6634844973877,36.02092291864109,36.08954408217387,15556200
2014-09-15,36.13944625854492,36.276693319662314,35.85247729419651,36.02715364122828,8632700
2014-09-16,36.557430267333984,36.61981639011973,35.846245126087254,35.95230034492939,9112400
2014-09-17,37.19374084472656,37.44328048507497,36.650994863723106,36.738333023909135,14389400
2014-09-18,37.087684631347656,37.21245444003959,36.86933687119023,37.18126020302699,10980500
2014-09-19,36.84438705444336,37.387133018513225,36.81319281553328,37.33098672017591,13986900
2014-09-22,36.62603759765625,36.9941072298873,36.43888407172895,36.9504381531638,9045900
2014-09-23,35.90861129760742,36.35154181424594,35.3097167505537,35.4344865470143,24204400
2014-09-24,36.838165283203125,37.02531890932435,35.93982644994878,35.971018324337734,15763800
2014-09-25,36.18311309814453,37.118883264475855,36.164398456349616,36.47632184512672,10079400
2014-09-26,36.92548751831055,36.95668175899984,36.24549447956804,36.519988567000595,15866000
2014-09-29,36.507511138916016,36.70090448307139,36.145678891100104,36.27044871378788,7640400
2014-09-30,36.03337860107422,36.688419435487944,36.014663964589,36.345301901352784,8599000
2014-10-01,35.70275115966797,36.145681805121,35.53431224242809,36.13944438438765,8431900
2014-10-02,35.353397369384766,35.995961198104396,35.02275932359003,35.89614580429164,8371500
2014-10-03,36.61356735229492,36.66971365874574,35.77137513531923,35.82128164117183,11675600
2014-10-06,36.06459426879883,36.80073388534076,35.97101627118572,36.55119414489737,7359900
2014-10-07,35.34092330932617,35.93357588457075,35.25358275549439,35.93357588457075,8923500
2014-10-08,36.39522171020508,36.46384523765677,35.047712743202005,35.27229796766696,10917200
2014-10-09,35.38459014892578,36.526228519668955,35.37835034844073,36.50751387778703,11911600
2014-10-10,34.54869079589844,35.61714027042146,34.536120491810586,35.189761919136465,12108700
2014-10-13,33.7002067565918,34.661814454891534,33.675068550801264,34.492118978720995,16908200
2014-10-14,34.020748138427734,34.466983120041036,33.32311188398259,33.68135713936682,14293600
2014-10-15,34.33499526977539,35.020061155761674,32.71974859871839,32.889444082132236,122740200
2014-10-16,33.24769592285156,35.133198472785516,33.209985008738315,35.07034694926343,61236700
2014-10-17,33.54307174682617,33.87617864943336,33.24767813569649,33.80075686155672,31891900
2014-10-20,34.196720123291016,34.30985043160687,32.8391588210405,33.033994884815506,17954600
2014-10-21,35.378299713134766,35.478859714267045,34.58010365522375,34.75608305782035,17522100
2014-10-22,35.761688232421875,36.107363113201686,35.35944579924457,35.79939673730057,16048100
2014-10-23,37.40836715698242,37.52149749052741,36.377626249163875,36.51589479207645,14729300
2014-10-24,37.892311096191406,37.96773051548382,37.29523489940452,37.29523489940452,10391600
2014-10-27,38.01801300048828,38.325977038148956,37.84203115285628,37.93002087790218,10010900
2014-10-28,38.294559478759766,38.420260136462396,37.98659298726535,38.1877130805733,9412500
2014-10-29,37.69746398925781,38.33225090906781,37.30779430625546,38.33225090906781,16547900
2014-10-30,38.45168685913086,38.60881209069072,37.65349039510191,37.710055574365086,11635300
2014-10-31,39.88466262817383,40.217769702842624,39.1995966184382,39.633263731346155,15009900
2014-11-03,39.75267028808594,40.16119671251308,39.55783420300623,40.010355485751376,8250800
2014-11-04,39.38185119628906,39.978927301835654,39.16816087633154,39.72752607922454,9741700
2014-11-05,39.30643844604492,40.01664258476353,39.09274808989362,39.90351465272122,6465000
2014-11-06,39.41328048706055,39.84066117834517,39.231014698636805,39.43842109185142,5152400
2014-11-07,38.65278625488281,39.1744428949953,38.533372005990074,39.16187259550036,7002600
2014-11-10,40.09205627441406,40.26174933684332,38.885333802703805,38.960755605494214,9513000
2014-11-11,40.12977600097656,40.349750326784196,39.909801675168936,40.02921596667303,5041200
2014-11-12,40.073211669921875,40.236620830005016,39.94751342256886,39.94751342256886,5366700
2014-11-13,39.99150085449219,40.720561582297805,39.84694597887572,40.38117062343831,4510200
2014-11-14,40.224037170410156,40.224037170410156,39.67724233643594,40.21146687108967,4684900
2014-11-17,40.8776969909668,41.110244038133196,40.242909772272256,40.27433673367458,7117100
2014-11-18,41.51247787475586,41.63188976068378,40.714279209722235,40.714279209722235,6432200
2014-11-19,41.16680145263672,41.57532792225149,40.99082199989939,41.405630024911595,5710900
2014-11-20,40.97196578979492,41.27992981739996,40.80855425072521,40.87768971744393,4975500
2014-11-21,42.335819244384766,42.335819244384766,41.323932453921785,41.73874533228451,9165900
2014-11-24,42.59978103637695,42.775760483165364,42.36095247217558,42.36095247217558,7730400
2014-11-25,42.775760650634766,42.87003672466345,42.203827446333285,42.5117914794187,7550800
2014-11-26,43.17798614501953,43.27854853530487,42.66261588250387,42.951725561956195,4046000
2014-11-28,43.492252349853516,43.66823659730213,43.29741864117168,43.36655411104209,2953700
2014-12-01,43.4356803894043,43.680795259773646,43.25970097427547,43.41682613708041,4885100
2014-12-02,43.53623962402344,43.67451053966188,43.146572274583754,43.29112474451151,6491500
2014-12-03,43.05229568481445,43.668228448242424,42.99573292642879,43.473389980839535,5817700
2014-12-04,43.724788665771484,43.907054423999696,42.92030862606027,42.95801712945946,7665300
2014-12-05,43.81279754638672,44.10190738750293,43.58025048512565,43.69338083991733,4360100
2014-12-08,43.630523681640625,44.47271723350219,43.58652881815326,43.87563860608171,5452100
2014-12-09,43.45454406738281,43.48597102479234,42.492938629649004,42.87003814316102,6833800
2014-12-10,42.47407150268555,43.643082996893696,42.44264455479905,43.643082996893696,8575700
2014-12-11,42.12841033935547,42.71291630960281,41.63189410268679,41.782737756033804,9518000
2014-12-12,41.022247314453125,42.21639985775224,40.85884055011471,41.81415970770551,9215500
2014-12-15,41.242218017578125,41.77644265819103,40.73312918551278,41.323921383057325,7226000
2014-12-16,41.00968933105469,42.07185753167988,40.726865805425035,40.921699576632925,8545100
2014-12-17,41.839290618896484,41.94613458506427,40.9091074905871,41.16679507437027,5934900
2014-12-18,42.68777084350586,42.744338405844694,42.23524952511642,42.650062332000175,7184700
2014-12-19,42.55577087402344,43.12770866552947,42.0089736794595,42.54320297309167,12631000
2014-12-22,42.090702056884766,42.89518236553833,42.00271232281834,42.763197764438694,12876600
2014-12-23,40.44401931762695,42.310667174530934,40.23661293461988,42.25410441284528,12123000
2014-12-24,41.613040924072266,42.07813021291941,40.695430253609096,40.695430253609096,4705500
2014-12-26,42.09698486328125,42.260391615599296,41.80158872589639,41.80158872589639,4158200
2014-12-29,42.197540283203125,42.34209756660658,41.74501897264649,41.84558139502806,3872800
2014-12-30,41.66960525512695,42.21011633058712,41.49362100200455,41.96499660536535,5568800
2014-12-31,41.129085540771484,42.172394163628,41.072517986807924,41.933565634318576,3917300
2015-01-02,41.41191864013672,41.732455400912436,41.12909518921037,41.12909518921037,5086100
2015-01-05,40.632564544677734,41.54388849206314,40.14861879740672,41.16678909297535,8007400
2015-01-06,40.43144607543945,41.323915805903845,40.03549001313643,41.24221245145148,5483700
2015-01-07,42.065555572509766,42.14097738906712,40.5257306463355,40.582293412443356,8283300
2015-01-08,42.50550079345703,42.92031355883913,42.37351622131176,42.8386101937244,7949000
2015-01-09,41.342777252197266,42.23524713797827,40.92168291391637,41.91471521813582,8779900
2015-01-12,41.330204010009766,42.06554861832762,41.047375840986376,41.69473074207369,6159800
2015-01-13,40.1397590637207,41.83678647460944,39.83581418027575,41.6151607519535,13908400
2015-01-14,40.3360595703125,40.57034997500177,39.170936259869,39.652181741871196,9448300
2015-01-15,39.82313919067383,40.59566707899258,39.81047452186909,40.526012608335826,6149100
2015-01-16,40.86796569824219,40.91862439116069,39.66484831236149,39.86114712411155,8106000
2015-01-20,40.17775344848633,41.34287672014803,39.73449958356973,41.19723419759348,9065300
2015-01-21,39.70283889770508,40.177753232807916,39.4368856139671,39.95612509376973,7979500
2015-01-22,39.880126953125,40.177740615970365,39.18358711325451,40.019435887314486,8941700
2015-01-23,39.531864166259766,40.31072328191825,39.481205484490644,40.31072328191825,6881100
2015-01-26,39.7851448059082,39.91812019571192,39.056942101774375,39.42420780916632,8181100
2015-01-27,39.956111907958984,40.20940043597578,39.38621634322884,39.46853547716506,6532300
2015-01-28,39.16460037231445,40.24740686922182,39.06328541292689,40.17141883802677,6910100
2015-01-29,39.96879959106445,40.13343795374026,38.99997488226999,39.335580321935566,8485600
2015-01-30,38.21475601196289,39.690157068010365,38.06911596868777,39.316557855943515,17582500
2015-02-02,38.4364013671875,38.93664505562241,37.138302644160866,38.93664505562241,11491100
2015-02-03,39.0379524230957,39.10760448423382,37.980475434120315,39.00628954057798,10721800
2015-02-04,36.03650665283203,37.328274475030106,35.8718707141784,37.328274475030106,31250600
2015-02-05,36.72037887573242,36.8913459173191,35.555255565182115,36.441760909065174,18964700
2015-02-06,36.03016662597656,36.61906056374654,35.89718878333821,36.54307253494202,13890900
2015-02-09,35.13099670410156,35.681896665543476,34.941031450039446,35.25130746804841,22522000
2015-02-10,36.02381896972656,36.099804553223755,35.20696609663277,35.41592947067273,18917000
2015-02-11,35.897186279296875,36.619058009350375,35.62490190058854,36.32144428947408,14681600
2015-02-12,36.125152587890625,36.46076038519237,35.561587922086154,36.34678074317131,11940900
2015-02-13,36.75835418701172,36.79001464677239,36.03015395036331,36.315100503747594,11303200
2015-02-17,37.1826286315918,37.35992921761808,36.66338913062398,37.32826874376186,12789700
2015-02-18,37.51190948486328,37.6638807523718,36.92301538830336,37.45491965566266,10781700
2015-02-19,37.35993194580078,37.4105906401015,37.138306197083864,37.30927325150006,8665500
2015-02-20,38.81633377075195,38.84166311671557,37.499239182655785,37.74619426695261,15534000
2015-02-23,38.35407257080078,39.19625495489494,38.14511156813671,38.96829574068784,11582700
2015-02-24,38.544044494628906,38.816328890657005,38.32241878415909,38.531379823239334,7900700
2015-02-25,38.385738372802734,38.689683228823796,38.126118657313555,38.689683228823796,9983900
2015-02-26,38.32242202758789,38.50605615496999,38.164117245128686,38.214773519435205,7328200
2015-02-27,38.309749603271484,38.62002797694497,38.22743045669871,38.32874540035028,8649100
2015-03-02,38.284420013427734,38.468054102452705,38.03113386372251,38.30974935305989,6150900
2015-03-03,37.75252151489258,38.278094519684004,37.63854188531224,38.2147711612843,7421000
2015-03-04,38.16411590576172,38.2590973225803,37.378923149483086,37.562557270420555,8536000
2015-03-05,36.00483322143555,37.663866347890995,35.87185780933687,36.226458908266665,47051800
2015-03-06,35.232303619384766,36.346770375579126,35.10565934042558,36.06182135180564,22853000
2015-03-09,35.168983459472656,35.479259413416145,34.99168049882333,35.415938480316306,14779900
2015-03-10,35.35895538330078,35.65023559568942,34.687742253608526,34.96636020940568,17907700
2015-03-11,35.85285949707031,36.01749779157865,35.24496983012912,35.58057513083938,14629000
2015-03-12,36.72670364379883,37.30293286296791,35.87185892175355,35.95417565624992,18227800
2015-03-13,36.72670364379883,37.27760352210492,36.31511030916139,36.8026892508489,10114500
2015-03-16,37.435916900634766,37.803185181112845,36.93567558884971,37.01799234230353,12098700
2015-03-17,37.82217788696289,38.10712697511967,37.16996296393458,37.182627636245904,10983600
2015-03-18,37.92348861694336,38.259093941346364,37.518228810372406,37.8411694638777,11889200
2015-03-19,38.74667739868164,38.93031152470621,37.98681638092624,38.0501373272261,14110500
2015-03-20,38.24642562866211,39.0886055778975,38.19576695309438,38.94296550894818,13313100
2015-03-23,38.29710006713867,38.74668515628269,37.752531123988575,38.024815595563624,7926400
2015-03-24,37.75885772705078,38.51238762871829,37.644878089415116,38.40474153513978,7970000
2015-03-25,36.86600875854492,38.05012754171009,36.859675216220204,38.04379641492401,11619200
2015-03-26,36.26445007324219,36.783689426399825,36.23278960839865,36.71403495442086,10853900
2015-03-27,36.50507354736328,36.758359678828654,36.28977900707148,36.492408878459216,6830100
2015-03-30,36.878684997558594,36.94200594743954,36.59373589201554,36.68238618806462,5781900
2015-03-31,37.06865310668945,37.23962258313226,36.54308000330533,36.73304528306191,12313600
2015-04-01,36.15679931640625,37.03697564305654,35.66922287434599,37.03064210116364,14903300
2015-04-02,36.099815368652344,36.6063925185048,36.03016330530956,36.37209974125943,8787000
2015-04-06,36.47975158691406,36.657052156349465,35.89085764924466,35.97317680599928,10280100
2015-04-07,36.99265670776367,37.201620159180365,36.593730435032064,36.885010625910745,10171500
2015-04-08,37.23961639404297,37.3472624823168,36.695047577850424,37.04331760211288,11075800
2015-04-09,38.195770263671875,38.26542474084543,37.391581835871506,37.48656565302432,12698000
2015-04-10,39.259578704833984,39.46854213804416,38.19577057249215,38.309750187781546,17894700
2015-04-13,39.07442855834961,39.68736017885089,38.98504300147323,39.46389628665993,11400900
2015-04-14,39.406429290771484,39.463891775848744,38.63387756127194,39.20211877395754,13071400
2015-04-15,39.60436248779297,40.03213940138171,39.566055779656736,39.64905527100125,11534200
2015-04-16,39.961910247802734,40.1662208254144,39.36174823051523,39.45751744376021,9815600
2015-04-17,39.77037048339844,40.089606074174334,39.50221132064807,39.66182911603602,9905600
2015-04-20,40.568450927734375,40.862147024938416,40.09598128110607,40.166213485996984,12779200
2015-04-21,40.61314392089844,41.015378929188486,40.39606366625791,40.79191503569402,8457300
2015-04-22,41.19416046142578,41.32824370257783,40.58123111792143,40.60676811536893,13874300
2015-04-23,41.021759033203125,41.69853668961428,40.05128288520718,41.666616064416615,18405300
2015-04-24,42.18378448486328,42.37532775924814,40.95153509322853,41.060074008844296,14859500
2015-04-27,41.51339340209961,42.56049060417238,41.41124054771962,42.151864573207035,18141700
2015-04-28,42.451942443847656,42.451942443847656,40.98984302760903,41.24523244405711,13084900
2015-04-29,41.90285873413086,42.25401980598277,41.82624531565275,41.947551518625815,9864300
2015-04-30,41.283538818359375,42.08800880270556,41.06645613684326,41.749619938808735,10298600
2015-05-01,41.06645584106445,41.81985184005173,40.78552946886909,41.55807638351291,9870800
2015-05-04,41.29631423950195,41.781553678159696,40.86853973742851,41.06646423546135,8493500
2015-05-05,40.77275848388672,41.436768908981264,40.72167963476856,40.98983628591814,7635900
2015-05-06,40.82383346557617,41.200531440102736,40.47906098841549,40.93237479835849,8476300
2015-05-07,41.30906677246094,41.37929896368746,40.60036609376413,40.60036609376413,8638200
2015-05-08,41.653846740722656,42.01139381365761,41.4367689385364,41.56446119027571,7541100
2015-05-11,41.628299713134766,42.011386140679946,41.55168632454275,41.621918511516284,7978700
2015-05-12,41.37931442260742,41.67301057239198,41.2388499876782,41.34100771168069,5927000
2015-05-13,41.69215393066406,41.704921206037085,41.264374702894635,41.48784342666911,8519200
2015-05-14,42.119930267333984,42.31146863381343,41.4623059539088,42.049698071614124,5868900
2015-05-15,42.1327018737793,42.47109074003871,42.0816278934901,42.094395170775556,6786400
2015-05-18,41.89007568359375,42.08161889997136,41.58999358447045,42.005000639191046,7858100
2015-05-19,41.966705322265625,42.21570864837778,41.75600870135606,41.95393317309965,7674600
2015-05-20,42.06885528564453,42.26677974386561,41.7496197743732,42.08800863693724,9956000
2015-05-21,41.91562271118164,42.017775539615585,41.417616103591506,41.78792558670518,10553400
2015-05-22,41.80707931518555,42.05608259221699,41.69853555326036,41.80707931518555,14041500
2015-05-26,42.20293045043945,42.77755530185799,41.92200653397137,41.960313233683614,21034300
2015-05-27,43.020164489746094,43.40963210129068,42.50300465556061,42.61792960439583,40778800
2015-05-28,43.077632904052734,43.115939599731995,42.54131480881081,43.045707410222384,12891500
2015-05-29,42.515777587890625,43.109555757375595,42.38808534825487,42.91801739792197,9451000
2015-06-01,42.73286056518555,42.943557146216726,42.305086200895644,42.64986109590664,12426700
2015-06-02,42.53493881225586,42.92440650314504,42.34978164190304,42.58601278902967,11133200
2015-06-03,42.78394317626953,42.96910035125012,42.53493987536563,42.71371097640974,20804000
2015-06-04,43.045711517333984,43.333026375781316,42.471086671586235,42.490244892400256,10539000
2015-06-05,43.0329475402832,43.26279749620317,42.53494092617238,42.76479088209234,8908900
2015-06-08,43.281951904296875,43.54372249478601,43.115948071823645,43.32664468175343,10276700
2015-06-09,43.20532989501953,43.46710533404608,43.103177071576546,43.109558274128176,8132800
2015-06-10,43.56926727294922,43.69696441790318,43.122339443480385,43.198957730452754,7349300
2015-06-11,43.441566467285156,43.84380143480877,43.192563172463814,43.84380143480877,7552200
2015-06-12,42.80949020385742,43.37134303137389,42.515789204383864,43.345803602239315,8249900
2015-06-15,42.7201042175293,42.80948978304764,42.20293930714693,42.560486440368265,7028400
2015-06-16,42.63072204589844,43.032962039863264,42.53495525795341,42.59880140696641,5200700
2015-06-17,43.2691764831543,43.4096408791502,42.700937696550525,42.75840261816114,7377100
2015-06-18,44.04172897338867,44.0991890216503,43.28194697206152,43.28194697206152,9079000
2015-06-19,44.3609733581543,44.53335840868934,43.73526954831856,43.73526954831856,9979500
2015-06-22,44.76958465576172,45.07604798315386,44.52058137557556,44.59719477185022,10124900
2015-06-23,44.70574188232422,45.00582406262252,44.418431851184124,44.69936067889277,8720000
2015-06-24,44.19495391845703,45.171813559512586,44.0736428957142,45.02496311771094,9308200
2015-06-25,44.578041076660156,44.935583246223814,44.23965225601644,44.48226946091368,6191200
2015-06-26,44.98667526245117,45.07606083101334,44.48866856013389,44.66105362203289,9669500
2015-06-29,42.89248275756836,44.70573809250688,42.828636630632694,44.22688483376853,12057200
2015-06-30,42.898868560791016,43.55649291925662,42.56047970613569,43.41602851819655,11459600
2015-07-01,43.74164581298828,43.799105859897196,43.21171375947684,43.35217814678317,7694900
2015-07-02,43.55009460449219,43.99064103469165,43.28193802573854,43.85017667311235,6245700
2015-07-06,43.556480407714844,44.0544868712236,43.09039456272962,43.115933980235944,17029100
2015-07-07,43.77357482910156,43.92042531793177,42.98187206932167,43.684189269343236,7821600
2015-07-08,43.198944091796875,43.696950622017994,43.147865249941766,43.28194355645157,5027200
2015-07-09,43.396881103515625,44.00342669526429,43.288342186448666,43.72250272586439,6516800
2015-07-10,44.20135498046875,44.37374002864191,43.754422302095925,44.01619778286186,6891400
2015-07-13,44.748069763183594,44.83168520361032,44.49078506771247,44.65158738896975,5507000
2015-07-14,44.89602279663086,45.35912949112268,44.63873802815842,44.83813139275763,6628300
2015-07-15,44.86384963989258,45.05038092978003,44.58083597147056,44.90244062838735,16761400
2015-07-16,45.01823043823242,45.217628715355794,44.91531947252587,45.11471284235032,6843800
2015-07-17,45.01823043823242,45.10827937346275,44.8316990988842,45.01823043823242,6141200
2015-07-20,45.53921127319336,45.73860454588369,44.93459308207234,45.024641973435486,9633000
2015-07-21,45.37199020385742,46.0537905755674,45.16616339877716,45.54565457705403,5028500
2015-07-22,45.38486099243164,45.44275239953681,45.04396074077599,45.19190108577891,5701700
2015-07-23,45.35912322998047,45.62284143076956,45.11470543268418,45.185458856930126,5636600
2015-07-24,43.78968811035156,44.394301484855994,43.32014318585289,43.43592105029796,13495200
2015-07-27,44.60013961791992,45.64214066341883,44.034117084913525,44.034117084913525,12841500
2015-07-28,45.815818786621094,45.95089220436815,44.432917261163865,44.70306409665799,10098300
2015-07-29,45.519935607910156,45.99591418634955,45.50064010746246,45.854407306667525,6793300
2015-07-30,45.12757873535156,45.59068543125777,44.555117792785104,45.57782340107932,6820400
2015-07-31,45.03108596801758,45.269070276279656,44.85098814318217,45.269070276279656,6181300
2015-08-03,44.850990295410156,45.53279063851769,44.561543142494344,45.14686600859452,9872300
2015-08-04,44.99250793457031,45.27552171870027,44.81241003823293,45.050399348278546,5410900
2015-08-05,45.21762466430664,45.43631351390254,45.05682230761607,45.0889798345751,10090200
2015-08-06,44.53581237792969,45.52635532928431,44.25280361132674,45.26264205730227,6172200
2015-08-07,44.137027740478516,44.574410298504894,43.59029586247208,44.432903455129015,6214500
2015-08-10,44.51651382446289,44.658020651689924,44.05983582305581,44.32998254378157,8189400
2015-08-11,43.899044036865234,44.567982439636154,43.699650681905126,44.05984639597463,7473200
2015-08-12,44.22064971923828,44.329994148065076,43.24940207499756,43.62889820256524,8337600
2015-08-13,44.0855827331543,44.43934503796278,43.87332240588958,44.17563167672732,7184900
2015-08-14,44.15631866455078,44.664454591658696,44.001949809257695,44.09842727675498,5864800
2015-08-17,44.619441986083984,44.90888428002993,43.9312080604959,44.19492138717795,17669900
2015-08-18,44.291404724121094,44.85742729399878,44.16919335385819,44.651600458834274,6376500
2015-08-19,44.11772918701172,44.43290531766881,43.87331138830656,44.22064504370746,6270300
2015-08-20,43.403778076171875,44.01482512216032,43.403778076171875,43.73824484815211,9600900
2015-08-21,42.38750076293945,43.197945987129636,42.342476300889906,42.92779430753403,16277100
2015-08-24,40.81163787841797,41.71212958735947,34.64969050406979,39.34511874352314,24292600
2015-08-25,39.04924774169922,41.885803962098734,39.010656742444475,41.87937049312328,15267000
2015-08-26,40.61223602294922,40.66369394623823,39.15858404111814,40.18128695682345,15289600
2015-08-27,41.49345016479492,41.551336669796,40.52220235339198,41.18470741622396,12592100
2015-08-28,41.15254211425781,41.66710920600615,40.80520840720915,41.10751764708293,7316400
2015-08-31,40.14268493652344,41.364780909709744,40.039771565585134,41.25543652655893,15581100
2015-09-01,38.914161682128906,39.64098886007295,38.69547042742224,39.235766324129976,12703200
2015-09-02,39.22289276123047,39.62168173794324,38.772645875962176,39.59595523731361,12044500
2015-09-03,39.608829498291016,40.059074041126784,39.460889201475,39.52521160305778,11777400
2015-09-04,38.44462585449219,39.1071307465347,37.92362536094521,39.01065080942171,9281400
2015-09-08,38.959197998046875,39.19718481856846,38.53467983949377,38.73407566156017,9263200
2015-09-09,38.11659240722656,39.57024719470664,38.02011245817044,39.57024719470664,8436900
2015-09-10,38.32242202758789,38.6761867511482,37.87860591568818,38.18091515670399,9306600
2015-09-11,38.17447280883789,38.43818853637048,37.93005502971423,38.34813962262505,9365400
2015-09-14,37.91077423095703,38.348156970135086,37.01028223249926,38.225948025289746,9095600
2015-09-15,38.0779914855957,38.23236034531536,37.54412658274735,37.93648465281204,10474700
2015-09-16,38.27739715576172,38.36101507972862,37.711374549223166,38.270966140217915,8044200
2015-09-17,38.50251388549805,39.18431425807091,38.20020469168234,38.309551562197214,10281700
2015-09-18,39.37727737426758,39.76963547216587,37.93005633007491,38.21949857599428,28957000
2015-09-21,38.20021057128906,39.71175431936864,38.135890604838636,39.39014957981759,11038100
2015-09-22,37.138916015625,37.4733827820583,36.605050975786405,37.41549383139688,14192000
2015-09-23,36.939510345458984,37.563424152473914,36.759412526382,37.24181950203715,9827000
2015-09-24,36.386356353759766,36.97167682235495,35.96826925319927,36.617912135384096,8625500
2015-09-25,35.85248947143555,37.2289570580142,35.42797140778373,37.203228095696176,8673500
2015-09-28,33.768489837646484,35.65309337154419,33.6655764429539,35.62736440945883,15123000
2015-09-29,33.955020904541016,34.85551248864894,33.36970051609376,34.154414225242995,12842800
2015-09-30,34.99702072143555,35.054909661223896,34.321651393004146,34.437429272580836,11895500
2015-10-01,35.46012496948242,35.52444490999377,34.68827341510403,35.17068032988447,9255800
2015-10-02,35.90395736694336,35.92325286853461,34.553218275261116,34.64969823686714,6942600
2015-10-05,36.45710372924805,36.630770536633996,35.659523108695765,36.27057244127994,9332800
2015-10-06,35.42797088623047,36.45067136000283,34.70757467382448,36.18695563424761,9008300
2015-10-07,35.781734466552734,36.373485851755994,34.6754136723829,35.28002953817521,11056100
2015-10-08,36.04547119140625,36.12265566627397,35.2478901056057,35.46015047855471,6737300
2015-10-09,35.78818130493164,36.341341946614534,35.678836852047745,36.135515073474366,7178500
2015-10-12,35.871788024902344,36.193392720352094,35.710985677177476,35.89108352146162,6515000
2015-10-13,34.92404556274414,35.93671396072487,34.865622338316506,35.81337466676939,9467900
2015-10-14,35.01492691040039,35.45634629473441,34.774743634784656,35.112299780233904,8727400
2015-10-15,36.44302749633789,36.48197711729328,34.95648372650326,35.26158289991997,7781600
2015-10-16,36.696205139160156,36.98183082817907,36.215838714291735,36.540411559962834,7342800
2015-10-19,36.45602798461914,36.80656731050363,36.15092866657582,36.540417631879045,6463000
2015-10-20,35.5926628112793,36.59883823276524,35.46283316547267,36.4495350067907,6494600
2015-10-21,34.94351577758789,36.09899438269105,34.450163636866826,35.88477510351875,11638800
2015-10-22,31.334257125854492,35.339484125198524,29.5036668069302,34.97596418891468,46517700
2015-10-23,32.6779899597168,33.58030195735808,31.574441932413293,32.07428434702412,26214800
2015-10-26,33.67118835449219,34.0671676463845,32.035340816145535,32.56764011715979,13890400
2015-10-27,34.1320686340332,34.722790889019606,33.76205345276448,33.76205345276448,11710800
2015-10-28,34.573490142822266,34.94999574216023,33.8075006888641,34.28786699857166,7869000
2015-10-29,35.1187744140625,35.819852819632644,34.41769848478619,34.534544885714546,9304400
2015-10-30,38.656620025634766,39.4226120325486,37.42973523654391,37.56605521837758,27465600
2015-11-02,41.14284896850586,41.67514568801211,39.88350491517381,39.987368112493506,17008700
2015-11-03,40.52615737915039,41.363555743179795,40.19509175788584,40.97406692265055,8754700
2015-11-04,41.41549301147461,41.64269548043854,40.4417745121,40.52616414207484,10342600
2015-11-05,40.74687957763672,41.662174998506536,40.04580096950092,41.35058533143325,10237200
2015-11-06,41.62970733642578,41.74006585714139,40.33141855685339,40.409315338843044,7261100
2015-11-09,41.045475006103516,41.62970454631062,40.96757822933468,41.29864138782265,8239400
2015-11-10,40.441776275634766,41.29864839434631,40.42879306458831,41.110398024908484,6897600
2015-11-11,39.507015228271484,40.42231074067567,39.31876234507972,40.376870731118316,8212500
2015-11-12,39.09803771972656,40.071756083089056,39.04610736135337,39.46156013351435,7765500
2015-11-13,38.85786437988281,39.57841654725398,38.22819221987477,38.955234755074244,7834400
2015-11-16,38.95522689819336,39.47454536631753,38.66311335524099,38.77995976293953,6965100
2015-11-17,39.19541549682617,40.0717611440143,38.7734698288946,39.01365302882938,8405400
2015-11-18,39.591400146484375,39.63684015061043,38.851371915800456,39.11752157266498,5470200
2015-11-19,39.305755615234375,40.071747427051825,39.039606085792265,39.74068434459196,5571200
2015-11-20,39.66929626464844,39.831582698409036,39.31875697341487,39.55894020201811,7490200
2015-11-23,39.69525909423828,39.941932668287855,39.49402304312962,39.79912230338922,6405000
2015-11-24,39.682273864746094,40.01982989638723,39.292784993024426,39.312261046201684,5213500
2015-11-25,39.136993408203125,39.682275875204304,39.085060565491474,39.662799821040316,4879800
2015-11-27,38.94873809814453,39.24085412913943,38.69557169671364,39.05909166746812,2404100
2015-11-30,37.747825622558594,39.08506425685316,37.62448634761684,38.922777822493565,12660200
2015-12-01,38.31256866455078,38.36449901817582,37.10515760817173,37.7997431124253,11290500
2015-12-02,37.46867752075195,38.55274927281586,37.241475119263505,38.409936476239885,7663000
2015-12-03,36.430049896240234,37.48815790359134,36.04705389826001,37.462191485624636,9701500
2015-12-04,37.1181526184082,37.312895839940005,36.481990107380625,36.67673332891243,6748100
2015-12-07,36.52742385864258,37.64395510290947,36.196358210031356,37.58553189881891,7890900
2015-12-08,36.78708267211914,36.91691229693767,36.03407381972466,36.066533083149885,6896200
2015-12-09,36.37163543701172,37.28693084185947,36.1704018401318,36.53392187387334,6207900
2015-12-10,36.20934295654297,36.77410144549108,36.12495580639181,36.352155789558914,6736900
2015-12-11,35.07982635498047,36.209338232940745,34.956487114813314,36.209338232940745,9388600
2015-12-14,35.9886360168457,36.0146024386515,34.560517485646535,34.865614274834726,9419500
2015-12-15,36.605316162109375,37.00129533293195,36.2937266038294,36.44952262111623,6990000
2015-12-16,37.4102668762207,37.44921403286332,36.481988339725916,36.78708513070166,6282500
2015-12-17,36.59882736206055,37.605002484689024,36.57935131138295,37.42973288635341,7848900
2015-12-18,36.183380126953125,36.41707048413653,35.93670408313856,36.287243333354915,13807000
2015-12-21,36.48198699951172,36.520934154723555,36.15741416584399,36.35215737078578,4572100
2015-12-22,37.384300231933594,37.64395949738016,36.62479849009367,36.702697755504204,8390800
2015-12-23,38.02695083618164,38.04642441197219,37.39727880515142,37.57254841614831,6634400
2015-12-24,37.94904327392578,38.124312846558645,37.65043695445946,37.8971129244198,2152900
2015-12-28,38.137306213378906,38.28011904608142,37.49465094251172,37.82571660445042,5585800
2015-12-29,38.591705322265625,38.75399171766935,38.3125725240677,38.3125725240677,5073900
2015-12-30,38.818912506103516,39.02663893275642,38.50083249867002,38.55925571093455,5220300
2015-12-31,38.45540237426758,38.903312132471235,38.42943594519332,38.624179210660344,6104800
2016-01-04,37.39727783203125,37.85817060657048,36.611812262527394,37.68939384275819,10308400
2016-01-05,37.241493225097656,37.812742212834316,36.88446353637275,37.64396539724797,7179600
2016-01-06,37.24797439575195,37.36482079926554,36.46899919775934,36.59233596755973,8952700
2016-01-07,37.13761901855469,37.54658143812054,36.5728630423978,36.689709447988044,9292600
2016-01-08,36.12494659423828,37.52710071808029,36.01459057606016,37.35832150822986,7985200
2016-01-11,34.97596740722656,36.339172246313886,34.2943649876829,36.2612754636988,10483300
2016-01-12,35.59914779663086,35.6835374250896,34.77473251814942,35.35896459779585,6799600
2016-01-13,33.57221221923828,35.82872576439516,33.44101901842984,35.78280851945753,10432200
2016-01-14,35.78938293457031,37.2784209404294,33.26392100742042,33.664059293430086,16704900
2016-01-15,37.612953186035156,37.65887043817073,34.77262957714943,34.77262957714943,27008800
2016-01-19,36.07145309448242,37.8687926363113,35.57291916882373,37.73759936627988,13644500
2016-01-20,37.488319396972656,37.99997018589326,35.2252445576429,35.55978488063658,11993100
2016-01-21,38.28204345703125,38.55098848465044,37.33745408993712,37.580162470261605,12097000
2016-01-22,38.59033966064453,38.983916818413356,37.927815025560534,38.76744763002872,10383800
2016-01-25,38.472267150878906,39.2331848467621,38.163963450048634,38.721531523764654,9681900
2016-01-26,38.2164421081543,38.87896681258941,37.527680758810085,38.70841485801485,7421100
2016-01-27,37.46207809448242,38.65593153469899,37.02914225904456,38.282032517834594,9077700
2016-01-28,36.63557434082031,37.8687868882418,35.933693330339146,37.540805014099085,10521100
2016-01-29,36.01240539550781,36.281350391987296,35.04157699122296,35.04157699122296,17768700
2016-02-01,35.677860260009766,35.999283529134416,34.44464797559025,35.52698893035618,11693300
2016-02-02,35.38923645019531,35.93368493284007,34.97597868470662,35.18588683491936,7918300
2016-02-03,37.28498077392578,37.508008555740346,35.45484125570947,35.76970356492359,16435700
2016-02-04,37.23250198364258,37.59328405413488,36.31415421937053,37.21938491044574,10351200
2016-02-05,34.844791412353516,36.95699534945821,34.51680955888026,36.8979585157409,13263200
2016-02-08,34.693904876708984,35.48762001420273,34.070739127369364,34.49055781802158,9369400
2016-02-09,35.080936431884766,35.382679116612465,34.14946923060288,34.31346014651613,7655800
2016-02-10,34.582401275634766,35.87464784674639,34.4708861641049,35.494190265632604,9302800
2016-02-11,34.22818374633789,34.84478868171787,33.99203642997452,34.306898684358096,8551100
2016-02-12,34.490570068359375,34.74639549260541,33.84772348653247,34.45776988387429,9976200
2016-02-16,35.10061264038086,35.336759946877145,34.58896181117401,35.05469538659576,8313000
2016-02-17,36.084564208984375,36.17640123444922,34.9956645015034,35.6450697046236,10005600
2016-02-18,35.782814025878906,36.42565805623161,35.53354715621477,36.42565805623161,6555000
2016-02-19,35.61226272583008,36.077996258800184,35.408913118815235,35.750014474629275,8532500
2016-02-22,36.26167297363281,36.287912122502725,35.251490765170885,35.612270304071785,9381800
2016-02-23,36.1239128112793,36.937308721339285,36.077995562565675,36.53717055200426,8629700
2016-02-24,36.0058479309082,36.12392159984139,35.42859916082406,35.854976576672016,6633800
2016-02-25,36.86516571044922,36.88484382352532,35.70410949519631,36.18952130129778,7076300
2016-02-26,36.73395919799805,37.252171008665236,36.60276598611615,36.904508621832846,5298000
2016-02-29,35.82217025756836,36.733959201670004,35.73033575993257,36.64868323859289,8395100
2016-03-01,36.95698547363281,36.95698547363281,35.57946305807457,35.933681463419475,7106000
2016-03-02,36.53717041015625,37.016023503669516,36.34038184467582,36.845471578564734,7054800
2016-03-03,36.68804931640625,36.79300340652682,36.17639843985633,36.53061693007395,9283900
2016-03-04,36.83236312866211,37.19314266685259,36.27479247663778,36.73396757174518,6439700
2016-03-07,36.9963493347168,37.061944696089704,35.96648664688578,36.53717429819852,7741800
2016-03-08,36.287906646728516,37.042265797937866,36.228869821831246,36.852035750790805,5303700
2016-03-09,36.989784240722656,37.16033616527291,36.10423444778879,36.412535615194855,8402500
2016-03-10,36.88483428955078,37.63263242079187,36.28790749160371,37.10130348664828,5627900
2016-03-11,37.8687858581543,37.96062038004772,36.96355520949915,36.9963553978637,6537400
2016-03-14,37.52767562866211,37.86877698887883,37.370245771517446,37.82941827344143,4650800
2016-03-15,36.48469924926758,37.34401257250555,36.16327844675536,37.160343542498566,5779600
2016-03-16,36.937320709228516,37.088192075724145,36.24199821371098,36.45846745844592,6245400
2016-03-17,36.287906646728516,37.03570476055896,35.690979862679434,37.03570476055896,8308800
2016-03-18,37.10785675048828,37.12753485568261,35.94680100027935,36.46501279034987,11029800
2016-03-21,36.74053192138672,37.24562435569719,36.55686285520231,37.07507486599786,6632900
2016-03-22,37.71791458129883,37.74415373112551,36.56997805056365,36.56997805056365,7661600
2016-03-23,36.9701042175293,37.71790222652154,36.878269725520035,37.49487453065523,5116400
2016-03-24,36.81267166137695,36.89794761874044,36.517487579966584,36.825791231917655,5278900
2016-03-28,36.806114196777344,37.19313278091651,36.60276460094074,36.96354404323602,3803100
2016-03-29,37.42272186279297,37.455519541441376,36.22230980860457,36.7995559592634,4567900
2016-03-30,37.38992691040039,37.73758683356726,37.20625789473528,37.67199147148762,3650300
2016-03-31,37.46863555908203,37.691663255958204,37.271847003556516,37.40304020800761,4930300
2016-04-01,37.66543197631836,37.763827525769834,36.970112101510885,37.11442490675898,4525700
2016-04-04,38.839603424072266,38.964238107198945,37.71134775488379,37.80974079164946,8108100
2016-04-05,38.40010070800781,39.06918372283145,38.104916657011806,38.40010070800781,6779400
2016-04-06,39.28566360473633,39.292224642693974,38.38699408185476,38.38699408185476,6322800
2016-04-07,38.89864730834961,39.292227033766565,38.544426306165235,38.97736225251182,7827600
2016-04-08,38.35419845581055,39.226628878253315,38.15740734337264,39.02328173211179,5750000
2016-04-11,38.373878479003906,38.86585128001678,38.20988754533295,38.43291531521757,4894000
2016-04-12,39.28566360473633,39.390617691333425,38.498506704106696,38.68873676803356,7243700
2016-04-13,39.11348342895508,39.73601339600736,38.875066944363404,39.649917992938654,7023000
2016-04-14,39.2591667175293,39.39824463587359,39.07373286153267,39.173073870871896,5185600
2016-04-15,39.41148376464844,39.563807303940536,38.92802945581782,39.43797503464241,4660800
2016-04-18,39.65652847290039,39.94792489502592,39.2724125958584,39.40486643367794,6089400
2016-04-19,39.84858703613281,40.5505906636451,39.517453678572735,39.795607012623655,6149300
2016-04-20,40.053890228271484,40.47111896201774,39.70951123667821,39.84858663914463,4443600
2016-04-21,40.64330291748047,40.683039825294955,40.09362292095376,40.11349011168764,5702400
2016-04-22,40.67642593383789,41.053920336773274,40.37178380998569,40.596954624647616,5103000
2016-04-25,40.37840270996094,40.59694941376917,40.232703223190754,40.48436528406278,4320500
2016-04-26,40.35190963745117,40.59032605014729,40.08700195082283,40.37177682972687,4281700
2016-04-27,40.1995964050293,40.71616371524413,39.90157583131019,40.3519174701863,6679200
2016-04-28,40.53071975708008,41.12675823026922,38.100199821579984,38.782336193570394,16235400
2016-04-29,40.39826965332031,40.696290180622405,40.053890658032,40.41813684635811,13052700
2016-05-02,40.689659118652344,41.060529325268575,40.1995832479113,40.259187343147005,9512000
2016-05-03,40.9082145690918,41.120139712056044,40.21283503584368,40.39164734890983,9316600
2016-05-04,40.702911376953125,40.82874366867402,40.40489085228128,40.596948804441695,8691400
2016-05-05,41.285709381103516,41.325446295670346,40.45787594189815,40.669801100226955,8646200
2016-05-06,41.39829635620117,41.55724149902533,40.82874903308733,41.06054140142742,10880700
2016-05-09,42.1863899230957,42.29897405112466,41.24596988139976,41.2989524308348,9917400
2016-05-10,42.21287536621094,42.22611847539319,41.93472207279716,42.06055182080181,12103400
2016-05-11,41.52411651611328,42.272478484929785,41.484379610445885,42.23274157926238,9375200
2016-05-12,41.38505935668945,41.76917284187096,41.31883115141836,41.63009740032323,9589500
2016-05-13,41.060546875,41.63009680038498,40.941338633577665,41.159887918301166,7339600
2016-05-16,41.35855484008789,41.47113896350093,40.72940098625041,41.000930225104874,6707400
2016-05-17,39.90156936645508,41.5837274199285,38.74260262137132,41.35193255510354,31528900
2016-05-18,40.04064178466797,40.265812550838234,39.444603304579736,39.64990435297095,10622000
2016-05-19,39.2591667175293,39.9677918401985,39.00750720620439,39.77573642920777,9917900
2016-05-20,39.53070068359375,39.7691171135005,39.09360473754708,39.49096629617404,11259400
2016-05-23,39.272422790527344,39.63004748757132,39.15983864128062,39.570443371397324,6468900
2016-05-24,40.1995964050293,40.33867183064907,39.41812135676472,39.557196782384494,8888100
2016-05-25,40.54397964477539,40.709546366583396,40.25920468115781,40.45126268477854,5857600
2016-05-26,40.99431610107422,41.173125914632394,40.332049298319205,40.39827496805576,6537100
2016-05-27,41.53073501586914,41.8552467390845,40.99430072372151,41.05390481466529,5768000
2016-05-31,41.67644119262695,42.047311432394515,41.484383254550174,41.53074171872777,7147900
2016-06-01,41.61021041870117,41.83537863052548,41.47775659748071,41.676436066138145,5284400
2016-06-02,43.10694122314453,43.146680664798005,41.610221975150125,41.63671072567376,11628000
2016-06-03,43.04732894897461,43.292369409653695,42.219495699955864,42.8883863799171,10621600
2016-06-06,41.60359573364258,41.7161823913271,40.97444183552116,41.146632599898176,16403400
2016-06-07,41.78902816772461,42.11353996548764,41.259215307817925,41.45127325901753,10980100
2016-06-08,40.88173294067383,41.25922484854474,40.64331646699797,41.19962073012577,13173000
2016-06-09,40.23270034790039,41.17311781005255,40.08037931641153,40.729400352195455,11503700
2016-06-10,40.39826965332031,40.4048912088839,39.55056906574726,39.72938138212852,11052300
2016-06-13,39.68964767456055,40.656556551130265,39.63666512038549,40.040648253754995,11673600
2016-06-14,39.669769287109375,39.98765694342615,39.17969090465443,39.3783703740591,11560200
2016-06-15,40.00091552734375,40.57708693303968,39.742629354524006,39.92806577549823,7739300
2016-06-16,40.33203125,40.35851999023267,39.67638629707651,39.68963193036596,7011200
2016-06-17,39.742618560791016,40.378396432913924,39.4512221588969,40.31879233635073,12574700
2016-06-20,39.80886459350586,40.51748998917778,39.77575175308477,40.159865249395374,7076500
2016-06-21,39.72276306152344,40.00091643613052,39.57044199799827,39.86846256852464,6366500
2016-06-22,39.994285583496094,40.51747688248855,39.68301942626188,39.736001974874924,6718600
2016-06-23,40.603572845458984,40.610194400957475,40.14660719930605,40.30555232108685,5328200
2016-06-24,39.64328384399414,40.13335977213056,39.19294229977063,39.245922320436804,9878500
2016-06-27,38.86180877685547,39.52407545331674,38.63001645063277,39.325395955647735,7945500
2016-06-28,39.72938537597656,39.822102321269476,39.17308117787179,39.25917404058819,9897600
2016-06-29,40.934715270996094,41.08041226137181,39.8883324260699,40.12012734143399,9308000
2016-06-30,41.00092315673828,41.0737728834922,40.490977595807365,40.9214518758915,7920600
2016-07-01,41.53073501586914,41.86849237333272,40.947942267025944,41.04728073436797,6533700
2016-07-05,41.00756072998047,41.53075212982252,40.90822222170312,41.391676702425755,6293600
2016-07-06,41.967830657958984,42.22611420880875,40.92807237429145,40.954563642672554,9202200
2016-07-07,42.007572174072266,42.21949729170328,41.861872708320945,42.12015628753707,7081900
2016-07-08,42.49103927612305,42.702964444842344,41.55061912937728,42.040695134660425,7921700
2016-07-11,42.61687088012695,43.040721260837934,42.43143697015278,42.55064520552119,9641500
2016-07-12,43.37846755981445,43.58376861384622,42.59699267494973,42.82878500251686,11870500
2016-07-13,43.27156448364258,43.45194904273153,42.924164924619525,43.29828831080572,7684200
2016-07-14,42.503299713134766,42.85070203439164,42.04900456599316,42.55674740034013,12090100
2016-07-15,42.30286407470703,42.87073157451361,42.175929676115935,42.63690438012861,8827500
2016-07-18,42.463199615478516,42.603495915830344,42.20932829922878,42.24273181618993,6384800
2016-07-19,42.30286407470703,42.7371174911652,42.14920584003614,42.36299143162393,5794500
2016-07-20,42.362979888916016,42.69034042038385,42.309534779843986,42.46987265558467,7502800
2016-07-21,42.68366241455078,42.757151676759186,42.2026436426593,42.24272938982519,6145500
2016-07-22,42.630218505859375,42.81727768568284,42.47656029349823,42.75715288602078,4972900
2016-07-25,42.97093963623047,43.09119433593368,42.56341010373904,42.697026719912046,7241200
2016-07-26,43.05778503417969,43.24485185069652,42.73042702511199,43.03106630029829,4885200
2016-07-27,43.358428955078125,43.49872525971085,42.970941010635286,43.03774804659609,6220400
2016-07-28,43.23817825317383,43.4653232158726,42.710393955252414,43.28494369237949,6556100
2016-07-29,44.246971130371094,44.360543585335364,43.52544300992261,43.605609403050615,10525000
2016-08-01,44.7213134765625,44.81484434543983,44.24697689952746,44.24697689952746,7599000
2016-08-02,44.61440658569336,44.80146827499248,44.126710766741894,44.714619661260386,8763200
2016-08-03,44.47412872314453,44.76140360689169,44.240301514757505,44.634466652174076,6355100
2016-08-04,44.160118103027344,44.748032179477065,44.14675873631235,44.480798971731694,4901900
2016-08-05,44.45408248901367,44.49416569283346,44.17348986817449,44.19353147008438,5045600
2016-08-08,44.32044982910156,44.54091757712912,43.92628485267241,44.34717365586692,5309300
2016-08-09,44.601070404052734,44.92842853048335,44.26034780884048,44.320472627203664,5717300
2016-08-10,44.380584716796875,44.73466654151954,44.22024683517799,44.56096419648695,4506100
2016-08-11,44.728004455566406,44.834899822824866,44.56098426701381,44.66787963427227,4246600
2016-08-12,44.88833236694336,45.021946433900695,44.46076123621996,44.66786456911881,5215400
2016-08-15,45.021942138671875,45.509643120932886,44.97517670999338,45.07538979917571,5215400
2016-08-16,44.58768844604492,45.16892028082838,44.4273505629165,44.84823941752214,7147600
2016-08-17,44.64783477783203,44.995234502035956,44.32715379644655,44.554303886813614,7945400
2016-08-18,44.607730865478516,45.04866642351052,44.460757443184015,44.47411680992006,8205800
2016-08-19,44.82820510864258,44.88165277739282,44.43404001997258,44.47412322301014,6709400
2016-08-22,44.76808166503906,45.289183708569865,44.70795176160453,44.96850278336993,7884800
2016-08-23,44.20688247680664,45.08874847338001,44.08662779104439,44.93509282310286,10227800
2016-08-24,43.46531295776367,44.447392046355894,43.31833444150506,44.30041353009728,8551100
2016-08-25,43.23817825317383,43.71251487856002,42.93753891795119,43.45196384626409,6379000
2016-08-26,43.16468048095703,43.43859082894363,42.89744726793502,43.21144591095716,7041600
2016-08-29,43.09787368774414,43.48535649684383,42.88408813556687,43.31833637492254,5099200
2016-08-30,42.86405563354492,43.231496921524425,42.830649563251015,43.11792443780625,5531800
2016-08-31,42.82396697998047,43.05779417897575,42.423119624981325,42.89745625638622,6750000
2016-09-01,42.77719497680664,42.85068424193681,42.496602381064086,42.8239604094304,5126700
2016-09-02,42.83732604980469,43.077835451912925,42.670303366318414,43.004346184765964,4100800
2016-09-06,43.16468048095703,43.358424432971745,42.79055704095597,43.22480527793594,6286300
2016-09-07,43.40519332885742,43.51876579691937,42.95089835955963,43.00434602584172,5714300
2016-09-08,42.79723358154297,42.85736347473638,42.383024400783796,42.73042655347769,8238800
2016-09-09,42.329593658447266,42.757164899679964,42.12916995768514,42.23606276799332,8848500
2016-09-12,42.81059646606445,42.91080955299017,41.86192090168154,42.07570644183339,6653000
2016-09-13,42.316219329833984,42.85736545687972,42.09575153967743,42.53000488776011,7640400
2016-09-14,42.316219329833984,42.730428529750235,42.129157603779845,42.36298476134752,5890000
2016-09-15,42.322898864746094,42.6368975168258,42.03562404444442,42.202644170269814,7806800
2016-09-16,42.26945114135742,42.6168532874598,42.20264156603502,42.44315094014625,11165300
2016-09-19,42.02894592285156,42.56340983565227,41.975500805833974,42.50328248617939,7903500
2016-09-20,42.2761344909668,42.45651653719361,41.92873231473646,42.329582155859896,4826500
2016-09-21,42.82396697998047,42.92418009299292,42.22269594748176,42.41643994009232,7587400
2016-09-22,43.47869110107422,43.55885751912959,42.810610433007504,42.83733427137629,5416100
2016-09-23,43.41188049316406,43.645707688399405,43.25821970940908,43.458645932211134,5154200
2016-09-26,42.803924560546875,43.345068224623944,42.77051849116287,43.104558796800674,5567700
2016-09-27,43.13796615600586,43.2582208735131,42.55005448691773,42.72375687821724,4358300
2016-09-28,42.90414047241211,43.38515935945935,42.68367263300697,43.38515935945935,5645600
2016-09-29,41.96881866455078,42.964257226456155,41.95545674813612,42.95758009103628,6431200
2016-09-30,42.13583755493164,42.262771934341934,41.72162835238631,41.86860433156536,7325400
2016-10-03,42.24273681640625,42.28282257061952,41.58801812207454,42.10244049944773,4239600
2016-10-04,42.08907699584961,42.44315889155647,41.7884402218885,42.296182895361746,4719400
2016-10-05,42.34962844848633,42.590137870105075,42.08907742457443,42.1425250953898,4442500
2016-10-06,41.975494384765625,42.2293631116831,41.79511236394032,42.19595960009128,4446100
2016-10-07,42.04230499267578,42.476558325969634,41.755030181147504,42.155877451476606,3812700
2016-10-10,42.296180725097656,42.53000789922215,42.03562716868387,42.13584027103725,3135300
2016-10-11,41.681541442871094,42.26277075669323,41.45439397389667,42.1425186129066,5308400
2016-10-12,41.270259857177734,41.95798546697971,41.14215508975297,41.80291046261603,4563800
2016-10-13,41.22981262207031,41.539962672534415,40.91291872545228,41.10170526538283,5988600
2016-10-14,40.56904220581055,41.47926825699364,40.55555966166525,41.432071636416325,5606500
2016-10-17,40.5488166809082,40.93313349780493,40.360030194579416,40.521846447997525,6138700
2016-10-18,41.4995002746582,41.546696901637766,40.72412527997741,40.872456433903196,6655100
2016-10-19,41.41858673095703,41.91078189949794,41.24328279190124,41.82987377409992,5588900
2016-10-20,41.64109802246094,41.7894317764333,41.351176932824394,41.43208508407125,4391300
2016-10-21,41.115177154541016,41.42532710519689,40.89267917151324,41.384874329386136,4341700
2016-10-24,41.209571838378906,41.587147381990185,41.14214882831613,41.21631568259897,3934800
2016-10-25,41.4995002746582,41.57366713763273,41.09495702282677,41.1691238858013,6432800
2016-10-26,41.142147064208984,41.607371986549204,40.93313162673986,41.472523400182766,4560800
2016-10-27,41.438819885253906,41.61412385293258,40.858972652510126,41.432078612046276,6612500
2016-10-28,38.83625030517578,39.36890089735457,37.123681454560675,38.802538795853025,24865300
2016-10-31,37.609130859375,38.633976635161595,37.568678079135196,38.47216037015606,14185800
2016-11-01,38.060874938964844,38.168753310980804,37.54170946988075,37.75746621391267,9799400
2016-11-02,38.29010772705078,38.559802307167104,38.02715441832773,38.067607190732716,9746200
2016-11-03,37.68330764770508,38.62724553969086,37.65633740575718,38.512623297424206,9842600
2016-11-04,37.7844352722168,38.34405350584955,37.669813058759416,37.804661662582085,11187000
2016-11-07,39.71950912475586,41.23655030218215,38.18898282822074,38.30360505463405,17763100
2016-11-08,39.6520881652832,40.19148009759645,39.12617878075712,39.645344319366004,9353200
2016-11-09,42.23442459106445,43.61661967638601,40.7308685817671,43.21881510570379,18694000
2016-11-10,43.15139389038086,43.859348504013724,42.33556346692649,42.51760871854435,15948700
2016-11-11,42.5445671081543,43.050247395043726,42.33555423566802,42.84123452255744,10201600
2016-11-14,42.4569206237793,42.90866047649565,41.971466692005095,42.74684421391966,8315700
2016-11-15,42.38949966430664,42.740105034185746,41.789426028714416,42.740105034185746,5610300
2016-11-16,41.49275588989258,42.45691989220672,41.41184518797563,42.254645709437426,6571200
2016-11-17,41.60064697265625,41.79617737070199,41.21633002313123,41.634358489417,4879500
2016-11-18,40.80502700805664,41.89729567409398,40.7173750408492,41.56691933711825,7023200
2016-11-21,40.737606048583984,40.99381813531119,40.58927490112983,40.92639512028868,6328300
2016-11-22,39.73299789428711,40.83201076840413,39.51724111277041,40.784814133198836,8518600
2016-11-23,40.575782775878906,40.71063135465738,39.51048183275391,39.65207425508381,5546600
2016-11-25,40.798274993896484,40.906153327308665,40.23191310047696,40.48138383626078,2941600
2016-11-28,40.090335845947266,40.413970947703945,39.786927134293144,39.86783783874968,6274600
2016-11-29,41.52647399902344,41.87033553476341,40.13079631933289,40.25215981948193,11858800
2016-11-30,40.99382400512695,41.69503477866775,40.87920434877193,41.55344488363264,9025200
2016-12-01,39.8880615234375,41.01404431653434,39.61162306535171,41.01404431653434,8266200
2016-12-02,40.07010269165039,40.45441947086176,39.74646764452623,39.908283882076944,8020700
2016-12-05,41.034271240234375,41.276998196259136,40.164500505153306,40.184726894147694,10227700
2016-12-06,41.54669189453125,41.6141174763927,40.676923750713684,40.96684475063756,7610400
2016-12-07,40.44767761230469,40.89267611714516,39.64532999168222,40.62972023390165,13095600
2016-12-08,41.06125259399414,41.11519050326126,39.840876211037944,40.467920159913504,9192300
2016-12-09,41.49275588989258,41.75570924106496,41.074724979390915,41.25677020066943,7102900
2016-12-12,41.82987594604492,42.106314413196095,41.472526777271646,41.486011894208666,5984500
2016-12-13,41.796165466308594,42.09957160276297,41.371393274440074,42.02540731582236,8599600
2016-12-14,41.58040237426758,42.00517452744142,41.472524017972006,41.49949425005162,5115700
2016-12-15,41.81638717651367,41.87706891141826,41.49949338623161,41.66805347518627,6416900
2016-12-16,41.95123291015625,42.13327810249424,41.688279600786714,41.883807335944404,10555800
2016-12-19,41.95123291015625,42.69964006576041,41.883807335944404,42.052367413440024,5976800
2016-12-20,41.910797119140625,42.2816289482383,41.63435856595613,42.03216063732152,5751800
2016-12-21,41.43207550048828,42.07934570479166,41.4185903830624,41.957982219981886,5498700
2016-12-22,41.57367706298828,41.74897849476073,41.36466154216154,41.5197391501444,5626000
2016-12-23,42.03215026855469,42.072605621976486,41.445561790066456,41.65457468602098,4795900
2016-12-27,42.14002990722656,42.49063526469748,42.07934816127922,42.15351502543967,5396200
2016-12-28,41.98495101928711,42.308586110373085,41.97146590232231,42.14676727881856,5190400
2016-12-29,42.29510498046875,42.51760557332795,42.0658631145032,42.0658631145032,4990000
2016-12-30,42.22093963623047,42.42995511837868,42.079349747689776,42.295106503187036,5999200
2017-01-03,42.079345703125,42.497374055218145,41.762451873687226,42.42320719539031,9328200
2017-01-04,42.67267608642578,43.01653756319293,42.23441879193572,42.23441879193572,8674800
2017-01-05,42.996315002441406,43.11767849258282,42.49737592385747,42.73336163114278,5359400
2017-01-06,43.009803771972656,43.15139366515079,42.82775852130498,43.07048552219521,4722300
2017-01-09,43.292972564697266,43.40759219044303,42.98282261877278,43.016534122108425,8794500
2017-01-10,43.19859313964844,43.488516790681544,42.99632148293372,43.185110591621296,6523500
2017-01-11,41.63899612426758,43.3484166389184,41.26442274630003,43.16453459563078,13565200
2017-01-12,41.73434829711914,41.83650586975024,41.14865042304749,41.38701722652839,8194400
2017-01-13,42.21788024902344,42.50391722145832,41.57769780942747,41.78201030373444,7295100
2017-01-17,42.12934494018555,42.251932959443025,41.61175050377079,42.05442975086438,8446700
2017-01-18,41.993141174316406,42.320041735306,41.76158628553527,42.06124448361538,5519400
2017-01-19,41.80244445800781,42.14296615669285,41.62537171982594,41.85011728798577,5384200
2017-01-20,41.645809173583984,42.068055396982224,41.59813633858619,41.822879332436585,6730000
2017-01-23,41.516422271728516,41.72073485693284,41.32573087193454,41.55728582795957,5244700
2017-01-24,41.25760269165039,41.49596679781603,40.63785081967192,41.48234562061029,6642000
2017-01-25,41.80244445800781,41.97270530735033,41.09415870122909,41.271228841436574,8052800
2017-01-26,41.727542877197266,42.15660108490171,41.59133363370655,41.65262766337861,7765300
2017-01-27,40.862606048583984,41.71391034126282,40.53570551195226,40.862606048583984,14151200
2017-01-30,41.155452728271484,41.182695087691634,40.36544249090794,40.80130984973274,7792700
2017-01-31,41.61857986450195,41.7615984143515,40.69236004037549,40.869430254764154,8149800
2017-02-01,41.46873474121094,41.61175324042567,41.046488534873575,41.59132276853058,5888700
2017-02-02,41.46873474121094,41.625374421013916,41.18950703408831,41.30528577010111,5365300
2017-02-03,41.31889343261719,41.58450248692878,41.162253794212226,41.475535668996024,6470300
2017-02-06,41.3052864074707,41.52322010429638,41.10097129346887,41.2099381418817,5358100
2017-02-07,41.243995666503906,41.45511749070034,41.1350288094421,41.3052896859746,4210300
2017-02-08,41.21674728393555,41.55726898727476,40.89665605144487,40.95795006196491,5357800
2017-02-09,41.43468475341797,41.54365160452725,41.14864514552194,41.2167510511994,4324600
2017-02-10,41.14863967895508,41.54364608548407,41.04648473097208,41.44148853952676,5749200
2017-02-13,41.20993423461914,41.44830097902935,41.15545211456567,41.25760966188066,6396000
2017-02-14,41.42106628417969,41.530033142423186,40.96476837715216,41.16226902161081,13562200
2017-02-15,41.986331939697266,42.11572926673125,41.13502758242826,41.48916790883441,8927600
2017-02-16,41.870548248291016,42.16339712042338,41.414250413743716,41.999945560034035,5662000
2017-02-17,42.06805419921875,42.27917860389405,41.659426570618926,41.91141451754659,8124400
2017-02-21,42.108917236328125,42.29960856860241,41.88417165359811,42.11572652763454,8503500
2017-02-22,41.7888298034668,42.19064557457609,41.74796625797313,42.03400588047922,6422200
2017-02-23,42.183834075927734,42.388149207316296,41.8501242108794,42.0067639064291,8057700
2017-02-24,42.28599548339844,42.3813411677889,41.87737037944644,42.17021672522784,6536400
2017-02-27,42.37452697753906,42.47668194273248,42.006762867703344,42.23831775930642,5214100
2017-02-28,42.11573028564453,42.497115582198866,42.01357272111084,42.29961234302029,6756100
2017-03-01,42.78996276855469,42.85806607684456,42.190643783299976,42.333662289493525,7737400
2017-03-02,43.075992584228516,43.31435672139423,42.63331336037876,42.755901373199485,8190000
2017-03-03,43.137290954589844,43.26668827100244,42.78995994844315,42.98065127746686,6125800
2017-03-06,43.28030776977539,43.48462027121609,42.82400993649031,42.90573441747171,6837000
2017-03-07,43.37565994262695,43.68213003978596,42.88531038514735,43.00108653408808,9638000
2017-03-08,43.6821174621582,44.04988147285674,43.246250159689154,43.41651098708951,7049700
2017-03-09,43.927303314208984,44.07713370725275,43.620835834582586,43.68212725212816,6957000
2017-03-10,44.86713790893555,45.255332444180496,44.342736770286656,44.4721366806846,12788100
2017-03-13,44.846710205078125,44.908006817556114,44.47213942463173,44.860333983828426,7577400
2017-03-14,44.724124908447266,44.9829247610223,44.67645207180705,44.867143418367924,3727200
2017-03-15,45.32344436645508,45.48689334207972,44.73093468538554,44.744553268375405,5241200
2017-03-16,44.88075256347656,45.25532324466901,44.64238845799996,45.22127419871395,5162800
2017-03-17,44.73774719238281,45.01016042353432,44.60834727042132,44.97611136761505,11288000
2017-03-20,44.812644958496094,44.955663408004064,44.649190848246434,44.7990211846683,4252100
2017-03-21,44.50618362426758,44.948862858273635,44.29506184021258,44.92162049969418,5187400
2017-03-22,44.6219596862793,44.76498336760028,44.33592271553455,44.52661402936438,5662600
2017-03-23,44.710514068603516,44.99655113798599,44.51301079804408,44.621975073830086,4099500
2017-03-24,44.6900749206543,45.023784770185834,44.48575979876595,44.61515972235853,4056300
2017-03-27,45.016971588134766,45.13955961855849,44.43127379788244,44.519812772935225,4962300
2017-03-28,44.935245513916016,45.09188258512394,44.703688057590746,44.92162173627695,5067400
2017-03-29,44.7922248840332,45.1327466049565,44.73093346832258,44.91481291140356,3649900
2017-03-30,44.58110427856445,44.82628033989802,44.43808577544475,44.785419394992175,3749600
2017-03-31,44.376800537109375,44.62197143663128,44.3699886466935,44.58111048603595,4057800
2017-04-03,44.28826141357422,44.66964414049285,44.1861038414496,44.43127993616871,5229600
2017-04-04,44.34274673461914,44.47214667409476,44.15205536862352,44.349558625104706,3457900
2017-04-05,44.2405891418457,44.785426069552805,44.172485824869824,44.42447381322561,4396300
2017-04-06,44.32231903076172,44.39723424293761,44.02947007296972,44.28826477215437,4628400
2017-04-07,44.63557815551758,44.90118462475907,44.15203803982288,44.308675087863755,6089300
2017-04-10,44.24739074707031,44.79903424108105,44.20652980557287,44.60834291949457,7136200
2017-04-11,44.14421844482422,44.316173174626805,43.55269375449199,44.316173174626805,5404500
2017-04-12,44.27490997314453,44.302423362273764,43.793433534846564,44.13734302749837,6122000
2017-04-13,44.10982894897461,44.51564487273527,44.075441148832326,44.1854894559869,3896700
2017-04-17,44.23362731933594,44.687590266427385,44.06167261167546,44.563782667006194,4189500
2017-04-18,43.7796745300293,44.075436870282424,43.41512872470515,44.041043825836454,4755800
2017-04-19,43.64210510253906,43.97225782467557,43.545810886560155,43.95162409948598,4057100
2017-04-20,43.86908721923828,44.02040821209,43.53205743820411,43.82781976578476,5708600
2017-04-21,43.896610260009766,44.219886043550815,43.71089880715564,43.85534017365728,4154900
2017-04-24,44.474369049072266,44.81827847166896,44.199240461466644,44.29553467998241,7121000
2017-04-25,44.77701187133789,45.14155506931976,44.584423408075175,44.6669635698915,5352900
2017-04-26,44.73574447631836,45.341023254218406,44.72198515884219,44.8389183668214,5008900
2017-04-27,45.44419860839844,46.42777993394171,44.790772693570226,45.01774896281696,11692900
2017-04-28,45.35478591918945,45.6161552464649,45.01087642389112,45.437320839569885,5521100
2017-05-01,45.72620391845703,45.856885944311514,45.354781073500426,45.39604852928164,4575800
2017-05-02,45.829376220703125,45.86376926836417,45.51985978232294,45.746841302544304,4342800
2017-05-03,45.90504455566406,46.001338808365354,45.5405012779173,45.70557639002762,4993400
2017-05-04,46.242069244384766,46.35899720373726,45.82249927480979,45.90503418840355,4287400
2017-05-05,46.07697677612305,46.2351773982131,45.6161394712269,46.214543675253665,4587800
2017-05-08,45.54048538208008,46.04946986121851,45.49233827253511,46.04259545102735,4497400
2017-05-09,45.512977600097656,46.04947552895665,45.299755409818324,45.533611328493464,4395200
2017-05-10,45.382293701171875,45.55424842757461,44.95584409054205,45.506101314087516,5140200
2017-05-11,44.91458511352539,45.36854294814393,44.4743813506529,45.32727548526301,7853800
2017-05-12,45.437313079833984,45.52673289183169,44.85266808720036,44.893935540342966,6093500
2017-05-15,45.85688781738281,45.980695437425396,45.361657337212485,45.44419749978824,8527900
2017-05-16,45.9807014465332,46.028848569084104,45.623037857246935,45.898166520813255,6313500
2017-05-17,44.96272277832031,45.98069179797003,44.43997895200086,45.98069179797003,12771400
2017-05-18,45.14155197143555,45.46482769014515,44.84578963810991,44.962722837902234,6001000
2017-05-19,45.107177734375,45.402940156604984,44.921463639119075,45.21722606134906,6731800
2017-05-22,45.0108757019043,45.13468332813149,44.57067197479482,45.08653620946771,5541700
2017-05-23,45.285987854003906,45.57487574191655,45.00398487116004,45.01086452858777,4676500
2017-05-24,45.347904205322266,45.47859148686004,45.100288960115016,45.25160997081302,3174600
2017-05-25,45.61614990234375,45.78810462984771,45.25848637809793,45.43731551639992,4058300
2017-05-26,45.437313079833984,45.67805388354331,45.29287174619331,45.49233984911849,4083000
2017-05-30,45.40981674194336,45.533624395489866,45.265375354079694,45.320402144021145,4803900
2017-05-31,45.40981674194336,45.67807103099705,45.12781362686959,45.56113779046059,6935800
2017-06-01,45.884395599365234,45.89127525731661,45.47858499013901,45.574879210892405,4554700
2017-06-02,46.25581741333008,46.29708486486253,45.82249342931519,45.9531754417151,5646000
2017-06-05,46.43466567993164,46.675401298655274,46.00133631858619,46.25583125703284,4918100
2017-06-06,46.68227767944336,46.840473111645615,46.33836817752578,46.41402868775905,5494500
2017-06-07,47.28753662109375,47.679593078446665,46.77855224171146,46.77855224171146,8406300
2017-06-08,47.29443359375,47.493901723700915,46.998671228325165,47.28755393474693,6082500
2017-06-09,47.92034912109375,48.03040268145616,47.266923161280374,47.32194994146158,6159800
2017-06-12,47.82404708862305,48.07854196976963,47.63145863700585,48.002881471256906,6084300
2017-06-13,47.92034912109375,48.16796438426658,47.748394368759435,47.88596131921244,5269000
2017-06-14,48.505001068115234,48.69071516549957,47.71401329397181,47.78967381547753,6639100
2017-06-15,48.56002426147461,48.59441731330162,48.06479370196616,48.38118983773146,4682700
2017-06-16,48.86952590942383,48.91767301361708,48.48434382823702,48.69757121621353,9342300
2017-06-19,49.069000244140625,49.24095497768075,48.79387686859005,48.91080482796325,6396300
2017-06-20,48.98646545410156,49.392276107411746,48.94519799719328,49.1377864596213,6542800
2017-06-21,49.069000244140625,49.31661548024976,48.86953737115906,48.91080482796325,6096800
2017-06-22,50.3345947265625,50.67162456786979,49.117157403187385,49.17217893508472,9998900
2017-06-23,49.963172912597656,50.54781802678812,49.701803575615806,50.3483498823904,7064500
2017-06-26,50.03194808959961,50.16951502580908,49.80497182822755,50.06634113556249,4019500
2017-06-27,49.791202545166016,50.252039882037394,49.69490833291352,50.004424694062116,4490600
2017-06-28,50.155757904052734,50.58220755350788,49.92190197372211,50.01819620946322,4196200
2017-06-29,49.85312271118164,50.3277142459516,49.46106609673214,50.313960175112335,4444700
2017-06-30,49.873748779296875,50.08697095422459,49.66740101491148,49.915016233117306,4729100
2017-07-03,49.81184768676758,50.203904282983615,49.777459887447485,50.04570886129834,2570700
2017-07-05,49.85312271118164,50.031951870304255,49.51608762773163,49.85312271118164,4751900
2017-07-06,49.337257385253906,49.832482639229745,49.11715552316164,49.688041284198164,4372100
2017-07-07,49.54359817504883,49.59862495053422,49.268469545264,49.59862495053422,4333700
2017-07-10,49.40603256225586,49.67428151190158,49.23407783824492,49.385398834997225,3158300
2017-07-11,49.41290283203125,49.63988430813827,49.062119002747245,49.44729587300793,3535100
2017-07-12,49.88483428955078,50.058334693681566,49.48231737602458,49.62805708011699,4860200
2017-07-13,50.405311584472656,50.59269489711476,49.73907098412105,49.926454296763154,5189800
2017-07-14,50.73845291137695,50.82173500214233,50.322053047173135,50.39839364000518,4335700
2017-07-17,50.453922271728516,50.988306554293224,50.44698606688378,50.731524015090834,3461600
2017-07-18,50.12773895263672,50.564958063705504,49.79461584790898,50.40533536262902,5269100
2017-07-19,50.50249099731445,50.50249099731445,49.981989829315644,50.30123520512253,3904100
2017-07-20,51.363059997558594,51.50879969846209,50.62047849591962,50.65517539909929,5329700
2017-07-21,51.793338775634766,52.07788198014237,51.25201836149185,51.34224196039043,4961500
2017-07-24,51.293663024902344,51.876621852707174,51.24507782777304,51.79333975095838,5497800
2017-07-25,50.3289909362793,51.7378185544944,50.2942940350734,51.63371726125325,6354200
2017-07-26,50.37757110595703,50.44697549836721,49.933410527553015,50.2248952091652,4877000
2017-07-27,49.780731201171875,50.52331261342036,49.190825675196784,50.50942961797008,7389300
2017-07-28,48.88547897338867,50.273482303287835,48.149833608069606,49.71827885340317,8012400
2017-07-31,48.51765823364258,48.98263807165213,48.4621368304978,48.94099437188733,7770400
2017-08-01,48.84381866455078,49.163058686498225,48.4759987543681,48.60091922337455,6681700
2017-08-02,49.072845458984375,49.09366465682703,48.531525135830286,48.75360540417071,4922200
2017-08-03,49.267173767089844,49.28105676465393,48.829954650440555,49.0034550563063,4400400
2017-08-04,49.267173767089844,49.53089777268558,48.82301315165851,49.39209427110567,4732500
2017-08-07,49.426788330078125,49.433729827716974,49.02426618400627,49.232468754681044,3551100
2017-08-08,49.60029602050781,49.90565842390419,49.281055914598916,49.50313621848389,4398000
2017-08-09,49.981990814208984,50.06527290886207,49.343510639637344,49.45455343250813,4536300
2017-08-10,48.88547897338867,50.09998188705044,48.850776772216186,49.975061375567016,5940300
2017-08-11,49.017333984375,49.281057996563206,48.87853577413765,49.09367458844924,3248300
2017-08-14,49.14920425415039,49.47538592734413,49.06592213711798,49.43374751623453,2648800
2017-08-15,48.81607437133789,49.37127781895123,48.774435965951255,49.3296394135646,3724100
2017-08-16,48.87158966064453,49.10061145124262,48.656450866646715,48.92016955912184,4751600
2017-08-17,48.47601318359375,49.05203581184794,48.46213548060033,48.99651441024969,5086000
2017-08-18,48.5523567199707,48.885479854870745,48.21229738056111,48.24699428754672,4016400
2017-08-21,49.06591796875,49.15614157824018,48.51766128633978,48.52459749105998,4666400
2017-08-22,49.79462432861328,49.88484264774498,49.10756409568599,49.21166541456904,3589000
2017-08-23,49.6349983215332,49.89872235125743,49.46149789979365,49.47538089862791,3071300
2017-08-24,50.044456481933594,50.18325468590128,49.55171597459259,49.77379627782814,4088300
2017-08-25,50.301246643066406,50.50944398072068,50.11386321488338,50.12080471458239,3871200
2017-08-28,50.884178161621094,51.05767849704599,50.3567356593826,50.433076230554356,4574400
2017-08-29,51.279781341552734,51.28672284057944,50.5094390887716,50.5094390887716,3390800
2017-08-30,51.30059814453125,51.481040047099945,51.06464013678245,51.09240083677857,3189100
2017-08-31,52.2583122253418,52.32771131260459,51.30058681875792,51.43244879092491,6177600
2017-09-01,52.341590881347656,52.744113014582034,52.23055339672401,52.45956986338875,3831700
2017-09-05,52.223628997802734,52.45265083426247,51.862750436107014,52.320788814213614,6309100
2017-09-06,53.47282028198242,53.75735815745739,52.2930144979716,52.47345637925542,7755200
2017-09-07,56.75544357299805,57.220423321581926,53.43811714787144,53.63937822445507,15377300
2017-09-08,59.22610092163086,59.74660218243887,56.290476775768745,56.41539729015518,14809100
2017-09-11,60.37813186645508,60.44753095906344,58.559845989172274,58.61536738118351,12687000
2017-09-12,60.89863204956055,61.05131322779478,60.031130168512675,60.35731172295648,11155600
2017-09-13,61.39834976196289,61.6551270797186,60.66964563928376,60.78068848628088,9172200
2017-09-14,61.918800354003906,61.98819942898814,61.17621913257155,61.23174051048295,10272200
2017-09-15,60.63492202758789,62.24500553654368,60.04501642853307,62.03680293748762,20441500
2017-09-18,59.21220779418945,60.94027004740057,59.04564891666352,60.70431207880643,9656700
2017-09-19,59.94092559814453,60.14218671598913,59.25386013883667,59.364902946535416,7786400
2017-09-20,60.662681579589844,60.71126147914236,59.857637192934554,59.96173849049335,6559400
2017-09-21,60.662681579589844,60.86393738144172,60.14911659024963,60.62797938213293,7340300
2017-09-22,60.711265563964844,60.89864367632845,60.2185197420207,60.53082365570977,6807000
2017-09-25,60.07971954345703,60.919460861456635,59.96174053977054,60.32261904952103,8287000
2017-09-26,59.23302459716797,60.31567049434202,59.101167917912875,59.927026069413195,5862400
2017-09-27,58.81663513183594,59.26079572871558,57.733994338793295,59.233035029559105,6581200
2017-09-28,61.738372802734375,63.119434305144985,59.94784766203444,60.14910873240564,14809300
2017-09-29,61.66897201538086,62.009031258469356,60.843108558783406,61.5509930343844,6769400
2017-10-02,62.73080062866211,62.74468362496636,61.70368128423873,62.279698555384456,6600100
2017-10-03,62.2519416809082,62.90430488217005,61.78002037900194,62.76550667947316,4286900
2017-10-04,62.39073181152344,62.76549323228876,61.98126820011263,62.127007870164,3251200
2017-10-05,62.58505630493164,62.8487749722681,62.09925736646675,62.24499704800622,4382900
2017-10-06,62.80021667480469,63.38318089624959,62.425455095621494,62.598955532568546,3461800
2017-10-09,63.001461029052734,63.286004211334024,62.5642419505846,62.85572133623002,4331500
2017-10-10,63.27214050292969,63.306842709575925,62.25195704736517,62.95290032207503,3560200
2017-10-11,64.11186981201172,64.27149251946429,63.13333024963343,63.4803310707968,6298500
2017-10-12,63.88823318481445,64.28657352771081,63.53182705236741,64.13282719681229,4818200
2017-10-13,63.364097595214844,64.1887326013855,63.273249918816546,63.88124528724934,6803900
2017-10-16,63.622684478759766,64.2865833746954,63.28723740253151,63.6017200361987,4640300
2017-10-17,64.41236114501953,64.8386558221728,63.559771790713015,63.657609388904,5280500
2017-10-18,67.11687469482422,67.39641292924975,64.4333151087868,64.53814261316492,10979700
2017-10-19,67.42438507080078,67.52222267889468,66.04766330180128,66.73951648239375,9303700
2017-10-20,67.15882110595703,68.66832476709267,66.31322159146428,67.63403462908309,6882600
2017-10-23,66.04766845703125,67.08894327116238,66.00573424189666,67.04002446329716,4483900
2017-10-24,64.0769271850586,65.7890906911775,63.433987464474264,65.69125308121356,10301100
2017-10-25,64.1328125,64.34945743105091,63.406020554259484,64.13980242209799,6924800
2017-10-26,62.588401794433594,64.19574345428191,59.56939906975627,64.19574345428191,10307500
2017-10-27,64.24464416503906,66.36912775506524,63.42000912240883,64.78275098738061,9066300
2017-10-30,63.566749572753906,64.3354756967497,62.13412482615907,64.08389182609679,6526200
2017-10-31,63.07059097290039,64.16777444746921,62.92383455892301,63.510860214832526,7065600
2017-11-01,64.60105895996094,65.23001349517143,63.084565355248344,63.44097683515082,7048800
2017-11-02,63.608699798583984,64.53117252346836,63.02866404869266,64.34947714723734,4981900
2017-11-03,64.51020812988281,64.6849189137525,63.531832005612564,63.80438040190928,3620800
2017-11-06,64.9644775390625,65.39776233791329,63.88825813424086,64.44733495006435,5633600
2017-11-07,65.66331481933594,66.86532612994839,64.964471530073,64.9784513816389,7014000
2017-11-08,66.88626861572266,67.34750759444468,65.57943017442634,65.90788726562242,6802600
2017-11-09,67.01206970214844,67.34751676249716,66.57180043395648,66.59276487552513,5187000
2017-11-10,66.69059753417969,67.04700900960827,65.38375901210804,66.6346888063184,6170100
2017-11-13,66.47395324707031,66.68360296431896,65.71920146877666,66.64866401065221,4035700
2017-11-14,66.21538543701172,66.32720289514265,65.07627307398964,66.13851226748417,4717300
2017-11-15,65.52355194091797,66.18046104379484,64.79675423982421,66.13154222409388,4745700
2017-11-16,66.01969909667969,66.50888706422907,65.18807422009678,65.99873465974885,4301600
2017-11-17,65.418701171875,66.0336811630946,65.3907468088537,65.55148306328871,3386400
2017-11-20,65.4117202758789,65.90789829154946,64.91554226020837,65.63534987916353,4352200
2017-11-21,66.16646575927734,66.66963365072999,65.41171392209837,65.4815971666335,4346200
2017-11-22,66.01969909667969,66.66962330028042,65.84498834659077,66.17344540983777,2560700
2017-11-24,66.1944351196289,66.36914593642194,65.3767897766577,65.69126711418478,1932900
2017-11-27,66.68360900878906,66.83036542369052,65.99874573924892,66.17345651866731,3044600
2017-11-28,66.68360900878906,67.71090924484915,66.27129412860161,67.04701041575922,5105400
2017-11-29,66.963134765625,67.33352069545913,66.41104816637737,66.92120589258683,4081400
2017-11-30,67.73185729980469,68.15815192499757,67.23567944610036,67.3405069547418,7889600
2017-12-01,67.31257629394531,68.8500291894415,65.9009153867534,67.92057179270768,4823200
2017-12-04,66.54385375976562,67.54319980013669,66.14551332866671,67.34752454721101,4934400
2017-12-05,66.67662048339844,67.59210320738897,66.39009226281388,67.28461054759082,5553000
2017-12-06,65.97077941894531,66.94217074992773,65.32085522402373,66.8792721082262,5114200
2017-12-07,65.85897064208984,66.08959013907544,64.92252347020833,65.71221423448526,4524500
2017-12-08,67.05398559570312,67.46630574976302,66.12452843179518,66.86530032638697,5297000
2017-12-11,67.41737365722656,68.00439911867251,66.92818044094021,67.3614649470656,4181100
2017-12-12,67.29859924316406,67.5711476522739,66.22238012412127,66.89326892591089,4195200
2017-12-13,68.03235626220703,69.0946004718115,67.50822407939843,67.50822407939843,6148700
2017-12-14,67.29859924316406,68.09528002852362,66.8443501173976,68.01840685346697,3985800
2017-12-15,68.10225677490234,68.40275951593291,67.53619557993183,67.68994191233114,11564700
2017-12-18,68.6194076538086,69.25535212045092,68.17214848358216,68.25600624565595,4768300
2017-12-19,68.43072509765625,68.87099972747744,68.27697874005206,68.7801466988474,2817700
2017-12-20,68.07429504394531,69.11556955764857,67.94151317587122,68.38877224209605,3411900
2017-12-21,68.42371368408203,68.73120094701248,68.29093182151645,68.36081504801209,2249500
2017-12-22,68.63336944580078,68.9688164271546,68.28394795060879,68.38877546551616,2835600
2017-12-26,68.31189727783203,68.73819189710314,67.82270935329888,68.59143551974319,2363800
2017-12-27,68.54951477050781,68.64735770636439,68.09527103647493,68.29793616833938,1927300
2017-12-28,68.33988952636719,68.75919445584401,68.15119884246417,68.61942792326889,1870400
2017-12-29,67.5851058959961,68.78711670917919,67.5851058959961,68.58445159935191,3214400
2018-01-02,68.77315521240234,69.11558685435688,67.613073053485,67.88562144855595,4561300
2018-01-03,69.84938049316406,69.95420804669662,68.51459266221877,68.87100421152913,4702300
2018-01-04,69.45101928710938,69.96816697475973,68.73121181011544,69.93322269011469,3579000
2018-01-05,70.66004180908203,70.72293514267542,68.87798937942308,69.42308626423616,4599300
2018-01-08,69.52789306640625,70.77882275698649,68.61241038345477,70.77882275698649,5582000
2018-01-09,70.05203247070312,70.34555063161902,68.97581343201112,69.52790013358526,4055400
2018-01-10,69.66767883300781,70.02408501857018,69.31126731569508,69.63972446579207,4608600
2018-01-11,69.87178802490234,70.02663721577579,69.3720508716261,69.9421779262052,4240900
2018-01-12,70.62491607666016,70.8360750474238,69.44244302436994,69.92106000077558,4372600
2018-01-16,72.1382064819336,72.49717457810355,70.3856063865083,70.56861046671199,8528600
2018-01-17,73.45442199707031,73.79226991314198,72.18044419230759,72.49717728487425,5384900
2018-01-18,73.06730651855469,73.79931757203268,72.80688317519946,73.40515983938928,6371200
2018-01-19,73.65149688720703,73.81338614204314,72.88429636775481,73.43330322938034,4991300
2018-01-22,74.95361328125,74.98880822424486,73.52478666356637,73.69371057595409,4538100
2018-01-23,74.1723403930664,75.29147418089704,73.92599187687567,74.72838725532259,5095300
2018-01-24,74.26384735107422,74.77062452541116,73.27140782299853,74.0878833527625,4436500
2018-01-25,76.22763061523438,76.27690033573188,74.42575504418943,74.57356420568196,6327500
2018-01-26,86.72209930419922,88.58731882527064,79.8876580161184,80.59151403388155,19614500
2018-01-29,86.08863830566406,87.38373632857682,83.74480156207042,85.51851658019478,10182700
2018-01-30,81.56283569335938,85.4833136074854,81.55580099938098,84.05448671054114,11851400
2018-01-31,78.98670196533203,81.99920405332826,78.33211582976321,81.79508521858165,15744800
2018-02-01,81.88660430908203,82.72419466591221,78.99376109489396,79.0007957884843,9943500
2018-02-02,81.06307983398438,83.00572355255957,80.88711586523648,81.2953535615302,7184400
2018-02-05,77.07928466796875,81.32353618280968,77.00186006570831,79.53574100606151,9827800
2018-02-06,78.26878356933594,79.90172924360282,71.08945465333389,73.84153413879818,14107800
2018-02-07,79.97212219238281,82.24557410894157,78.39548085564148,78.49402026793841,10030800
2018-02-08,76.35431671142578,80.23960025574787,76.24169715101252,79.7680179290088,7212400
2018-02-09,78.33917236328125,79.35976138160996,74.89731706644118,77.12149916065921,8909300
2018-02-12,78.78260040283203,79.76799985316664,77.88166560366723,79.23306780241442,4823300
2018-02-13,78.73335266113281,79.12047570782033,77.69868321816479,78.50811889851366,5316200
2018-02-14,79.59203338623047,80.00730582576671,77.62123454675032,78.15616658089404,6189100
2018-02-15,80.873046875,81.87956106278003,79.09932693639728,79.97211214999302,7401100
2018-02-16,83.4773178100586,83.8996303223196,81.08420641391967,81.10532660402842,8717000
2018-02-20,83.04092407226562,85.55368949997136,82.50599206774162,82.85792002887683,8751400
2018-02-21,82.99166107177734,85.37773241128359,82.94942606143553,83.39989345845179,5122500
2018-02-22,82.74533081054688,84.27270280249456,82.05555476127701,83.45622705601588,5185700
2018-02-23,83.5828857421875,83.97704331655251,82.27371337591033,83.34357732060708,4685700
2018-02-26,85.54664611816406,85.67334039405712,83.78700638075735,83.94889022940195,4473500
2018-02-27,83.23799896240234,85.87041848447558,83.1676144474795,85.31437168759483,4754300
2018-02-28,81.52764892578125,84.4627274146411,81.49245397469359,83.75887135285241,6660000
2018-03-01,80.12696075439453,82.07664479136693,78.69813399971507,81.58394776216535,7148900
2018-03-02,80.97159576416016,81.27425406224836,78.7544482660717,79.49349922209959,5439700
2018-03-05,81.40798950195312,81.87253168076495,79.45830532771045,80.23958593616217,3975700
2018-03-06,80.63374328613281,81.85845661750741,80.11993140285085,81.65433772894498,3650500
2018-03-07,80.7463607788086,80.93639953506842,78.97968072397026,79.24010937587714,5286200
2018-03-08,82.35820770263672,82.87905973794292,80.48594780951477,80.94345537039011,6179400
2018-03-09,83.9629898071289,84.22341848179943,82.8227410599174,82.94943536516313,5835600
2018-03-12,83.26618194580078,84.17415162374746,83.00575324569444,84.04042261125704,4892900
2018-03-13,84.28677368164062,85.48332698465498,83.56884277383126,83.94188567288882,5403200
2018-03-14,83.71662902832031,84.93429682359645,83.0198077662891,84.70202306958605,3556100
2018-03-15,80.89417266845703,84.11079446804175,80.85897771942626,83.7588664577152,5812400
2018-03-16,80.03546905517578,82.16111728700355,79.95100439781994,80.86601939085764,8879300
2018-03-19,78.85298919677734,80.92936768133927,77.73386070065372,80.05658234864427,8598900
2018-03-20,79.28938293457031,80.34516698064982,78.89521990577046,79.46534694225024,4933800
2018-03-21,79.14862060546875,80.09179062320821,78.64184869667909,79.59205340940444,4618000
2018-03-22,69.04827117919922,73.55295056533348,67.23232144582089,73.33475692798783,26861200
2018-03-23,68.59780883789062,70.61083753672224,68.53446437205105,69.67470771712665,14253600
2018-03-26,67.06340026855469,70.32225705570323,64.58582945786713,70.02663344812507,13760600
2018-03-27,64.76178741455078,67.3730923426939,64.13535604911996,67.2182431746108,10821300
2018-03-28,66.35249328613281,68.16844279572535,64.4591245679865,64.88847709630089,11154200
2018-03-29,66.61996459960938,67.24639594536949,65.81052920913449,66.5284598922547,7399400
2018-04-02,64.37467956542969,66.61294222356275,63.558209265290955,66.16247474003877,7816500
2018-04-03,63.76231002807617,65.07852263102387,62.094174808559345,64.99405798105033,10449200
2018-04-04,65.41637420654297,65.7471873647461,62.38275138748468,62.439061152709634,8841700
2018-04-05,64.90258026123047,65.6486661229201,64.5084225033562,65.50789702939264,7045000
2018-04-06,63.19218444824219,65.29671217241436,62.495368582110586,64.36762256090736,6761200
2018-04-09,63.68490219116211,65.72608058197194,63.64266717363098,64.32540844876216,8302100
2018-04-10,65.89501190185547,66.43697875157447,64.00163722024709,64.40283499393405,6253700
2018-04-11,65.90907287597656,66.5003146856388,65.0362929731365,65.16298726306448,7135700
2018-04-12,65.51084899902344,66.64156987282864,65.47528948669681,66.64156987282864,6402500
2018-04-13,65.30461883544922,65.88064606801888,64.77836624148624,65.87353308009503,4630000
2018-04-16,65.8521728515625,66.48509287975551,65.64593969031947,66.05840601280553,3922500
2018-04-17,66.55620574951172,66.85489143627434,65.86639812513953,66.27885901764614,4474700
2018-04-18,67.07535552978516,67.27447573472588,66.15086266328183,66.84778880619307,5289700
2018-04-19,66.14375305175781,67.22469359889627,64.99880648323396,67.15358001728242,4972900
2018-04-20,65.8521728515625,66.70555201108034,65.43970652907643,66.42820527628196,4754800
2018-04-23,66.25753021240234,66.70555606168075,65.94462938463477,66.08685654038202,4716300
2018-04-24,64.9703598022461,66.4779926865171,64.3161061720528,66.10108039623547,6378300
2018-04-25,65.33306121826172,65.62462859720794,64.3730086573697,64.68591499873419,5487800
2018-04-26,69.29413604736328,70.08350931685402,66.54910935673438,66.84778966799607,12594400
2018-04-27,70.21147918701172,70.65238643694956,68.53317342279546,69.2940997749567,6117600
2018-04-30,68.66122436523438,70.70221216885672,68.639885404132,70.4390913304075,7449400
2018-05-01,72.58673858642578,73.51123140470375,71.95381849990044,72.60807211789678,11910500
2018-05-02,71.3777847290039,72.36627804864916,71.08621202469666,71.94669874194668,7625600
2018-05-03,71.31381225585938,71.662272727419,70.23997888769107,71.25691920012136,7699500
2018-05-04,71.23555755615234,71.77603052119058,70.4888568402623,71.04355035081441,5224400
2018-05-07,70.85154724121094,72.01782745233729,70.57420044866376,71.64803353748071,6151500
2018-05-08,70.68799591064453,70.95822975252905,70.19018987481128,70.49598322840522,7620900
2018-05-09,71.95381927490234,72.56540583654399,70.33240575822208,70.71642560569137,5665600
2018-05-10,73.14144897460938,73.82414926721361,72.48719520573276,72.94944172147241,5369700
2018-05-11,74.0872802734375,74.44996669210016,72.56542642335653,73.57525366488316,6358900
2018-05-14,75.3033218383789,75.59489458274285,74.19393474895604,74.24371479974762,8471700
2018-05-15,74.0872802734375,75.06866098942001,73.66770080368659,74.94065433728142,8387600
2018-05-16,74.6988525390625,75.13265247474637,74.10148646958842,74.28638613699933,8296700
2018-05-17,74.89798736572266,74.96199340469077,74.10861391404251,74.74153418782281,6702900
2018-05-18,75.36734008789062,75.93625427128562,74.74864042000883,74.86242108644002,5328000
2018-05-21,75.54512023925781,76.27048752353798,75.3459945954293,76.09270083933393,5797300
2018-05-22,75.54512023925781,76.26337453699648,75.45266769107553,75.77268697801424,9456800
2018-05-23,75.09709167480469,75.60911817535775,74.48550506865728,75.27487835274012,12816600
2018-05-24,73.34766387939453,74.35038324422995,72.25961039031323,74.35038324422995,13164500
2018-05-25,71.88270568847656,73.34766607174676,70.79465216687346,72.74319249592487,25301700
2018-05-29,70.73775482177734,72.2453821765839,70.35373499773658,71.3066688596903,25494700
2018-05-30,73.25521850585938,73.36189158931334,71.70491857976779,72.43739876687016,31273400
2018-05-31,70.36087799072266,71.8969525163757,70.04797160976982,71.77605884214226,18910900
2018-06-01,69.72795104980469,70.70933175291798,69.62127793681806,69.6426114742914,14837300
2018-06-04,70.47462463378906,70.73063783533404,69.4221307390978,70.03371722883102,10922500
2018-06-05,70.5741958618164,71.35645613420061,70.23284848961393,70.48174874551546,10199000
2018-06-06,71.1004409790039,71.10754853871127,69.9199349934082,70.58130156260647,4933500
2018-06-07,70.631103515625,71.34936333896664,70.31108960975841,71.2924702899531,5092500
2018-06-08,71.4204330444336,71.47021307532209,70.40349347718296,70.60261360073697,4012900
2018-06-11,70.9510726928711,71.8826781499056,70.69506498494079,71.51287899006425,5770100
2018-06-12,70.33954620361328,71.2000333470507,70.21864710074742,70.97246654403932,8060400
2018-06-13,69.39369201660156,70.5670850844968,69.34391196769053,70.34662593164647,7816200
2018-06-14,70.22573852539062,70.34663216551365,69.51459180614617,69.96261228604737,4648700
2018-06-15,70.80888366699219,71.02222986822518,69.69238345519395,70.23996408078371,20806200
2018-06-18,70.03373718261719,70.63821085963835,69.91283810671747,70.51020422239462,6425600
2018-06-19,69.69947814941406,69.96259891284345,68.93143853729067,69.6141386061944,5528300
2018-06-20,69.87015533447266,70.7946481096544,69.57858261631199,69.84882180399615,5842700
2018-06-21,67.95005798339844,69.6852519515826,67.74382482383855,69.48613177700555,7225000
2018-06-22,66.48509216308594,68.348298153612,66.44242510453623,68.3127386544087,9454800
2018-06-25,66.17218780517578,67.11800858116325,65.49659533590754,66.47086805022445,5573100
2018-06-26,65.51084899902344,66.74824298418872,65.4824024742861,66.3926695634017,5117100
2018-06-27,65.07704162597656,66.32865601903869,65.04859510445888,65.68151528777418,5833000
2018-06-28,65.73127746582031,65.85928406502379,64.57921807298905,64.9561248857499,6698900
2018-06-29,65.88774871826172,67.17492262389821,65.82374268822971,66.02286291389511,6787900
2018-07-02,66.21485900878906,66.3499785962294,65.31881279190183,65.46815292378005,3854500
2018-07-03,66.57044982910156,67.11092289554811,66.22198942963833,66.54911629401882,2452400
2018-07-05,67.18914031982422,67.60160126833634,66.81222802411398,67.1749143479612,4744000
2018-07-06,68.92433166503906,69.0310047471198,67.5304848892077,67.70115856516585,5867400
2018-07-09,69.0096664428711,69.94126674899871,68.92432689798522,69.67814598043208,5953100
2018-07-10,70.28973388671875,70.36796045405447,68.75365990896515,69.05945319247246,5119900
2018-07-11,67.53047943115234,69.33679241804005,67.46647884244767,68.45497216697338,6230000
2018-07-12,68.68712615966797,68.7302289716133,67.60232638380225,68.19142189818072,4672000
2018-07-13,69.41989135742188,69.58512791443323,68.20578332079653,68.22014909569707,3712400
2018-07-16,69.14691162109375,69.55640480054373,68.43568777910785,69.51330198618983,3783500
2018-07-17,68.54344940185547,69.80784610866286,68.48597532944716,69.16127649664247,5107500
2018-07-18,67.8178482055664,68.55780900786708,67.76755976699341,68.4428608733981,5521900
2018-07-19,64.62092590332031,67.01323061575211,63.04761298195249,66.97012780396994,19747200
2018-07-20,63.87378692626953,64.3982227561804,62.32920551024526,63.73010174743638,11791900
2018-07-23,64.22581481933594,64.64967382263228,63.67982202704602,64.06057821130338,6316800
2018-07-24,65.76319885253906,65.81348729261228,64.47724533520537,65.02323802816373,7965000
2018-07-25,66.89830017089844,67.1784794606926,65.4327440114205,65.4327440114205,7494300
2018-07-26,67.4874038696289,67.93281434209433,66.48162926946303,67.49458401974371,6812400
2018-07-27,65.05915832519531,66.28763783239344,63.773204746296535,65.61951682170367,12905800
2018-07-30,65.69854736328125,65.76320706918494,64.2114398998512,65.13818882358726,6466000
2018-07-31,66.25890350341797,66.54626288783159,65.61233392642949,65.84222472257773,8691800
2018-08-01,67.4658432006836,67.87533642329929,66.29483213102321,66.30201776118275,5330400
2018-08-02,68.3351058959961,68.86672733127111,67.10662644745345,67.22875473321426,6023200
2018-08-03,69.34807586669922,69.57796671301249,68.11959614286617,68.169884594215,4876100
2018-08-06,69.72881317138672,70.08083771646425,68.78051300219373,69.15408895186201,5134200
2018-08-07,67.57360076904297,70.6555784076676,67.34370993143374,69.90125166599508,8890900
2018-08-08,67.3365249633789,67.58796719260887,66.71869235382555,67.18565414481141,4535100
2018-08-09,68.58655548095703,69.06788852797644,67.14973648851978,67.67417235138286,6176100
2018-08-10,68.82364654541016,69.49894788816128,68.47162187116655,68.50035891484137,4446800
2018-08-13,69.52766418457031,70.10239392450443,68.83080615623463,68.96730570270051,5920000
2018-08-14,68.90982818603516,69.93715384509198,68.78051427506897,69.48455789722466,5580800
2018-08-15,70.00899505615234,70.25325710653887,68.6871243680379,68.90982953198507,6861500
2018-08-16,70.56218719482422,70.8711035219526,69.72882948218768,70.28918805673918,6332900
2018-08-17,70.98602294921875,71.23028496744436,69.26902511788496,70.56216408254261,6307300
2018-08-20,70.1383285522461,72.00619793108949,70.0233858642884,71.35962818310757,6172500
2018-08-21,70.21734619140625,70.44005687364347,69.54204495776851,70.30355730850096,3528400
2018-08-22,70.14551544189453,70.63403420679998,69.77912499795782,70.2891951746777,2963300
2018-08-23,69.79349517822266,70.29637971620073,69.60670714367491,70.18143702796162,2137500
2018-08-24,69.97310638427734,70.10960050116732,69.36245923104968,69.7863183262324,2996100
2018-08-27,70.41849517822266,70.61965443771649,69.90124495404096,70.48315488188874,2456000
2018-08-28,69.87250518798828,70.90701107697679,69.75755704419556,70.25326132250056,3515400
2018-08-29,70.10240173339844,70.28200411200561,68.98886479362213,69.99463921002821,3637100
2018-08-30,69.53485107421875,70.2101577087298,69.36961448965765,70.0449211241687,3434400
2018-08-31,68.95294952392578,69.46301963563036,68.76616151029192,69.14691768656226,4703100
2018-09-04,67.93279266357422,68.94575257163262,67.5879592130646,68.94575257163262,4456100
2018-09-05,68.38540649414062,68.42850931300667,67.59515160806417,67.77475399471248,5188800
2018-09-06,67.34374237060547,68.30641448501693,66.66125515924176,68.09807495666644,5416300
2018-09-07,67.65264129638672,67.78195526385065,65.80632855489297,67.27907065761933,4051700
2018-09-10,67.40116119384766,68.3710126654066,67.31495010354293,68.23451862370918,3156800
2018-09-11,66.94140625,67.3365337194771,66.7258811791888,67.329348088842,2638500
2018-09-12,66.98450469970703,67.48739467176635,66.12241543479085,66.37385768030558,3304700
2018-09-13,69.20439910888672,69.23313615103616,67.1066443612504,67.113824511015,4850700
2018-09-14,68.73744201660156,69.25469789036943,68.19144909639869,69.17567238293094,3446000
2018-09-17,68.51472473144531,69.08226896659409,68.1052314834304,68.5362761422308,3987200
2018-09-18,66.53191375732422,69.01042469470374,66.3882340291687,68.50035453441228,10240500
2018-09-19,65.3896484375,66.26610914786386,64.94423793166534,65.88535288408995,8451400
2018-09-20,66.5821762084961,66.89827806422994,65.10225475852064,65.68416455564144,5991200
2018-09-21,66.28046417236328,67.04916214326205,66.12959883015284,66.70432316033126,9953500
2018-09-24,67.11383819580078,67.51615138689597,66.05777497585207,66.30922277567336,5910300
2018-09-25,67.3724594116211,67.99029217947214,67.09946570437356,67.15693979464596,5303900
2018-09-26,67.65979766845703,68.32791863125064,67.42272125045925,67.73882314112295,4656200
2018-09-27,67.63106536865234,68.16987245761932,67.50175144805911,67.7819306958396,3028600
2018-09-28,67.94718170166016,68.36386058767206,67.41555464804621,67.53050281564825,4527900
2018-10-01,68.2489013671875,68.70868300107357,67.76756832562387,68.06211336559959,3763800
2018-10-02,67.69574737548828,68.50036271894434,67.1497544774067,68.49317708736893,6792200
2018-10-03,68.97450256347656,69.39836156790129,67.96154246512474,67.99027950490385,4796800
2018-10-04,67.41554260253906,68.83081014734117,66.99886927200679,68.83081014734117,4425400
2018-10-05,67.8034896850586,68.4428737303209,66.74743227664639,67.60233589298008,4190100
2018-10-08,68.11241912841797,68.5147322711303,67.35090663136916,67.58079750676299,3305500
2018-10-09,67.93999481201172,68.43569918380715,67.38682183851047,68.04057171628467,3625600
2018-10-10,66.86954498291016,68.52906886146751,66.8048852899512,67.42271778208645,5310800
2018-10-11,65.15975189208984,67.08508993874524,64.37668801855114,66.8120962498202,9994400
2018-10-12,65.84953308105469,66.13270958363377,64.54982284476606,65.86405253825684,5709600
2018-10-15,64.75313568115234,65.78418898666985,64.75313568115234,65.71884311250192,4827900
2018-10-16,66.7353515625,66.78617795850947,65.00724301885474,65.18876665312592,3787100
2018-10-17,66.99678039550781,67.09843878772534,65.95120740644377,66.67003987511248,2857400
2018-10-18,65.27591705322266,67.09115387038867,64.78217241736697,66.6917995547469,4422300
2018-10-19,63.87456512451172,65.34127429057315,63.87456512451172,64.81122814993111,7059400
2018-10-22,61.18798828125,64.28115276651542,60.62889788787895,64.28115276651542,7621100
2018-10-23,60.23682403564453,61.42035656718115,59.176726290777964,59.9609100055002,8096200
2018-10-24,57.6591911315918,60.36025915322575,57.55027580289487,60.1496909949887,8689100
2018-10-25,59.34372329711914,60.403820912735384,57.8407074636523,58.378015999860416,9173500
2018-10-26,58.66119384765625,59.19850239625776,57.67370457258892,58.82819253319171,6181500
2018-10-29,59.0750732421875,60.3893030546256,58.04401995795801,59.648688797694696,4343900
2018-10-30,59.2420654296875,60.17872828141185,58.18196780532414,59.488940514628595,5243100
2018-10-31,56.52647399902344,59.234809797412254,56.446603135018464,58.7991540644435,14068500
2018-11-01,58.24006271362305,58.55954619541014,56.2723464882765,56.42482573013026,10671700
2018-11-02,57.768089294433594,61.29690978016857,57.187216891060466,61.1226486131229,12781500
2018-11-05,59.960914611816406,60.86853318293376,57.557536868526036,57.6882341643535,10315600
2018-11-06,60.745094299316406,61.15896811831028,59.76486187673702,60.06982590625653,7945500
2018-11-07,63.14120864868164,63.32999486424822,61.09362135573389,61.10088385547296,10378000
2018-11-08,63.7003059387207,65.13797069166101,63.170254241540555,63.26464458118556,9333200
2018-11-09,64.46995544433594,65.00726402429095,63.57685643768839,63.77290512825995,9169800
2018-11-12,65.1234359741211,65.26865269950115,64.25938150101975,64.4409051775763,9344700
2018-11-13,64.05606842041016,65.98747723373963,64.0415434257635,65.34851596084535,7237200
2018-11-14,64.12142944335938,64.91287564892498,62.77089268423275,64.65874357912452,7268200
2018-11-15,65.45018005371094,65.55909537369743,62.41510378955756,63.62768068757106,10365700
2018-11-16,66.45945739746094,66.80072284617347,64.76765515238093,65.15249005687757,8691100
2018-11-19,64.97096252441406,67.04758847227673,64.70230546495667,66.28519228678435,5971700
2018-11-20,63.96169662475586,65.13797234862692,63.794697901161676,64.6224456380717,5372900
2018-11-21,62.553070068359375,64.46269745731801,61.986716993137016,64.25939179335757,6532500
2018-11-23,62.175472259521484,62.84348343350287,61.64542635781661,62.15369031009,1612800
2018-11-26,62.618408203125,63.3517654343301,61.87053151471626,62.72732352097339,5227900
2018-11-27,63.66398620605469,63.678505663216136,62.0810994716244,62.603888564047345,4338300
2018-11-28,64.57888793945312,64.59340740129598,62.85077837791184,63.92540136322595,3953600
2018-11-29,65.28317260742188,65.58813103074817,64.15772368462775,64.62968631482086,3838000
2018-11-30,68.44895935058594,68.44895935058594,65.2541464293166,65.53732297879581,12031700
2018-12-03,68.00605010986328,68.77570892117531,67.39612752115865,68.48526985701426,6673900
2018-12-04,65.74787139892578,68.96447085277025,65.63895609577011,68.19480677288931,7008400
2018-12-06,65.58815002441406,65.69706536133211,63.2936876080868,65.13070671729112,8734300
2018-12-07,63.14120864868164,65.34853769790388,62.71281533836752,65.29771127905873,6737700
2018-12-10,63.61315155029297,63.80919466470683,61.42760514320722,62.93062081925499,5229400
2018-12-11,64.01976013183594,64.94190338439181,62.9233612644707,64.34650602859017,5098100
2018-12-12,64.33200073242188,65.47196939220504,64.15773952459227,64.8547898955746,4185100
2018-12-13,63.68575668334961,65.34125148453859,63.4388871784568,64.89107637804885,4078600
2018-12-14,62.16096878051758,63.28641780076177,61.77613946923731,63.0250232610878,5461600
2018-12-17,61.667240142822266,63.08312298343134,61.137188427817776,61.768892985755,5958200
2018-12-18,60.68699645996094,62.08109695684107,60.12064347933232,62.052052504031536,5288600
2018-12-19,60.6434326171875,62.66198072658595,60.01173371408628,61.231573146542004,5510800
2018-12-20,61.98670959472656,62.792675194705254,59.83746984133779,60.25860057799309,9453300
2018-12-21,61.65996170043945,64.41186132755821,60.42560290416466,61.44939356890307,16044700
2018-12-24,61.10814666748047,62.76364207794084,60.70152977497735,61.609148358752925,5097900
2018-12-26,64.6514663696289,64.68776777724706,61.44212944201038,61.529257252023854,6225000
2018-12-27,65.28317260742188,65.29769206296298,63.06858171018025,63.86002221924075,7272800
2018-12-28,66.16175079345703,67.39610956265116,65.34852273843343,65.41386860213366,6037700
2018-12-31,66.93868255615234,67.51955508251969,66.24163220071327,66.51028373603003,5722100
2019-01-02,64.7894287109375,66.26339997896979,64.20128827153026,66.24887498361214,6908400
2019-01-03,62.65472412109375,64.47722371224368,62.50224487015253,64.36104587933762,7653200
2019-01-04,64.67324829101562,64.72407469338648,62.640181116856226,63.71480360369188,8910600
2019-01-07,65.61717224121094,65.90034869741058,64.76763733294975,65.39934164121324,7281500
2019-01-08,65.92214965820312,67.01855439225977,65.63897312034922,66.21984565506786,7478300
2019-01-09,63.758365631103516,66.35778565217907,63.50423362673294,65.98747585171782,9971900
2019-01-10,64.04156494140625,64.53530967168834,63.25738669656403,63.80921480595963,6527700
2019-01-11,64.12142944335938,64.12142944335938,63.562338889798355,63.562338889798355,5318100
2019-01-14,62.29863739013672,63.92298765118096,62.10018413577276,63.92298765118096,6368500
2019-01-15,62.842525482177734,62.97482576012872,62.07077292619581,62.42357553660084,7295500
2019-01-16,62.879268646240234,63.49666611564918,62.80576414098127,62.960119115939946,4927000
2019-01-17,64.09202575683594,64.45217995165206,62.78372608249596,62.87192813976658,6438700
2019-01-18,65.78252410888672,65.99567485991774,63.886222068078595,65.01077158300222,6190000
2019-01-22,65.16513061523438,65.67962859265734,64.60652880574132,65.31212843518168,5664600
2019-01-23,65.01077270507812,65.62082428501283,64.45952249353385,65.29742236647257,4969300
2019-01-24,63.12183380126953,65.003438682203,62.54853437315374,64.92258818771404,8372600
2019-01-25,59.196929931640625,60.718380459329936,58.381079079789046,60.644881544523294,21308600
2019-01-28,56.69792175292969,58.87352193192962,56.3598222934507,58.800023024670224,14718800
2019-01-29,56.940467834472656,57.447619779761396,55.6909640982379,56.61706594384139,13909000
2019-01-30,58.10912322998047,58.20467685999736,56.580326833391446,57.102176385210846,9277200
2019-01-31,59.013187408447266,59.76288540778586,57.85188533971496,58.028283879393136,11563900
2019-02-01,59.16753005981445,59.336582613047085,58.14587998937784,58.98377996646099,6759500
2019-02-04,57.71957015991211,59.06462199643621,56.977218318959515,59.020523774781985,10205600
2019-02-05,58.572174072265625,58.84412058683285,57.49172276410091,57.741620167498596,7965500
2019-02-06,58.12383270263672,58.71918122938345,57.910681914732926,58.50603044147965,4907200
2019-02-07,58.18998336791992,58.2267356328868,57.19038232299075,57.58728323267807,5877500
2019-02-08,58.557456970214844,58.697108784481095,57.98415778601453,58.087057352019414,4598900
2019-02-11,58.63096237182617,58.93231513974728,58.18996338173276,58.71916441288741,4803500
2019-02-12,58.74858093261719,58.88823280004783,57.748979961510045,58.792679161234055,6620100
2019-02-13,59.38067626953125,59.77022554023346,59.01317611111673,59.04992276239374,4237200
2019-02-14,59.182228088378906,59.299830840747475,58.594231149359665,59.13077828611962,3436300
2019-02-15,59.42477798461914,60.04952716909907,58.917631549391196,59.63057718820239,6295400
2019-02-19,59.182228088378906,59.91722846785886,58.96908291302465,59.167530548136774,5674700
2019-02-20,58.79267120361328,59.241021825893355,58.16792208313343,59.189572030268124,5564100
2019-02-21,57.881290435791016,58.73389372306891,57.4035389805135,58.60893937399618,6360800
2019-02-22,58.814720153808594,58.93967446364796,57.50642054783082,58.182625069690516,5022700
2019-02-25,59.013187408447266,59.255738905260046,58.711834529205596,59.13813614040228,5511800
2019-02-26,59.174869537353516,59.432118493940834,58.814715390524576,58.947015654999014,4283100
2019-02-27,58.36637878417969,58.9029258837828,57.91802813513736,58.9029258837828,4175500
2019-02-28,58.241416931152344,58.58686793810696,57.881268386875014,58.40311787973593,6310800
2019-03-01,58.873538970947266,59.424789346344916,58.27083878481685,58.63098745994618,8567900
2019-03-04,58.40312194824219,59.3365754500535,58.14587297012349,59.09402401028138,5872500
2019-03-05,57.99887466430664,58.72652336984423,57.85922281696647,58.34432008478916,5933100
2019-03-06,57.39617156982422,58.16057256585062,57.00662230237778,58.16057256585062,5293200
2019-03-07,57.506431579589844,58.15323554130871,56.918434605200574,57.16098048323694,6642500
2019-03-08,57.021324157714844,57.35942362006195,56.661169976156366,57.087471492527285,6189100
2019-03-11,57.388832092285156,57.55787904259443,56.793477960148714,57.01398032132636,8078100
2019-03-12,57.873924255371094,58.1679255080864,57.36677784223486,57.682828207572506,6128800
2019-03-13,58.01355743408203,58.285509486617336,57.44025826005066,58.006205863039,5984500
2019-03-14,58.76327896118164,59.09403250137996,57.631383294819656,58.06503083344292,6161800
2019-03-15,59.78492736816406,59.87312943124978,58.14587968431096,58.84412779234757,12751100
2019-03-18,59.27779006958008,60.08628947927799,59.00583787215799,59.78493658962578,5550100
2019-03-19,59.4027099609375,59.748160917385626,58.43986159028025,59.04256146931551,6335500
2019-03-20,59.11607360839844,59.468876215300064,58.844121482086614,59.32922436562545,5360900
2019-03-21,59.711429595947266,59.76287939849703,58.25613197662087,58.71182862560223,5159200
2019-03-22,58.62363815307617,60.26268603563349,58.572188345274114,59.37333615356451,4992500
2019-03-25,58.43987274169922,58.82942198560814,57.631373570317514,58.432521168906504,4008400
2019-03-26,59.3586311340332,59.6746815157481,58.65303145551787,58.689778109256764,4921900
2019-03-27,58.71916580200195,59.535016476398155,58.65301847534598,59.535016476398155,4006200
2019-03-28,58.770633697509766,59.1601830281104,58.43253417269396,59.042585875291465,3071000
2019-03-29,59.23368835449219,59.46154232555559,58.770640052359425,58.858842132217084,7105900
2019-04-01,59.37332534790039,59.61587680094194,58.77797687916883,59.520328777444114,4759400
2019-04-02,61.056480407714844,61.36517921676376,59.388032038000965,59.454179379536676,6355800
2019-04-03,61.06381607055664,62.27656748451659,60.85066534624556,61.460716839176605,6083500
2019-04-04,60.865379333496094,61.28432932345238,60.3214806254634,61.034431887299576,4827900
2019-04-05,61.335784912109375,61.87233770448117,60.76248546204069,60.87273665034814,3996300
2019-04-08,61.72530746459961,61.740004998443325,60.843304028630016,61.519502737549566,3499200
2019-04-09,60.77718734741211,61.578335124411076,60.63753547128602,61.570983549981214,3712700
2019-04-10,60.96828842163086,61.2843388567346,60.711039371571694,61.15203854418864,3641900
2019-04-11,60.1009635925293,61.18876635055264,59.70406842116536,61.15201409768989,9094200
2019-04-12,60.16056823730469,60.92765554582927,59.46050532725241,60.07864574008751,5011500
2019-04-15,60.34673309326172,60.704213469679324,59.855203967890056,60.294601130238085,3495500
2019-04-16,59.73604202270508,60.547817655891265,59.59453854491165,60.40631417809784,3624700
2019-04-17,58.075286865234375,59.72861796428678,57.755045906011574,59.65414451185454,6817100
2019-04-18,57.769920349121094,58.246557114738394,57.20391205921613,58.13484412986843,7784900
2019-04-22,58.20185852050781,58.90936443089729,57.717772837735424,57.79224624694112,5358600
2019-04-23,58.581695556640625,59.32644120664445,57.903974287797126,58.20187368419033,9920600
2019-04-24,58.58914566040039,59.27431037353389,58.417857323096534,59.00620713609999,7056400
2019-04-25,59.08811569213867,59.929681892418664,57.278389261775324,59.61689009077252,10442900
2019-04-26,59.356231689453125,60.06374353356104,59.13281138233399,59.3338902269371,5790000
2019-04-29,59.803077697753906,60.309504964745564,59.512627350122045,59.92223404659751,6444500
2019-04-30,59.1253776550293,60.0935496159664,58.59660873795025,60.08610056587785,9367400
2019-05-01,58.75299072265625,59.34134053657396,58.544462825461935,59.28175951395871,5231700
2019-05-02,58.44019317626953,58.67106251393447,57.7922624029395,58.63382863990124,5206300
2019-05-03,58.61893844604492,58.685968519473406,58.27635607618616,58.62638749463903,4527300
2019-05-06,59.028541564941406,59.22217134212767,57.59862560458811,57.903974047160744,5413200
2019-05-07,58.052921295166016,58.8274574550083,57.4720205957739,58.53700710531224,4275300
2019-05-08,58.08271026611328,58.75298247150551,57.58373205619394,58.052919758989376,3820700
2019-05-09,58.023136138916016,58.18697540856292,57.144336047362756,57.72523674344809,3792200
2019-05-10,57.680545806884766,57.88907935264512,56.31766564504652,57.680545806884766,4731800
2019-05-13,57.248600006103516,57.56884086201535,56.727274643339065,56.824095214030464,3858400
2019-05-14,58.417850494384766,59.10301512742645,57.345414942174564,57.464576973290534,6365200
2019-05-15,58.67105484008789,58.94661274529317,57.702889012477044,58.469976037124624,4795700
2019-05-16,59.20729064941406,60.13822289232938,58.61894079005645,58.82002533642347,5404700
2019-05-17,59.17749786376953,59.639242284032925,58.1050621428787,58.484884074354085,4756400
2019-05-20,59.44559860229492,59.87010340299023,58.76788300348172,58.84979979902219,4395500
2019-05-21,60.23501968383789,60.69676398295536,59.817963982672296,59.82541302932391,4841900
2019-05-22,60.76377868652344,60.88294068615368,59.49026464574881,59.9594579168468,4219500
2019-05-23,60.436119079589844,60.79359385964877,59.81797874003727,59.870110715544165,3299100
2019-05-24,59.624332427978516,60.39886855343145,59.48283462412601,60.39141950629453,3872700
2019-05-28,58.11249923706055,59.65412242773147,58.03057676512495,59.5796490028695,6557800
2019-05-29,58.134857177734375,58.298702168056124,57.41990186884288,57.76993331508303,4182200
2019-05-30,57.79971694946289,58.52956458788548,57.44223649659129,58.47743261371244,3533100
2019-05-31,57.12944793701172,57.76992976051917,56.89857856410532,57.57629426732964,4003200
2019-06-03,56.37723922729492,57.2262487504145,54.96967050833574,57.06985285741436,8434400
2019-06-04,57.159244537353516,57.673120997024014,56.52621169515592,56.704949109926545,6447100
2019-06-05,57.390106201171875,58.216774445782235,57.09221244401721,57.65077176162101,3804400
2019-06-06,57.397544860839844,57.88163065153636,57.24114896205325,57.464574921438775,4032800
2019-06-07,57.665653228759766,58.37315929061951,57.4049933997566,57.71033614745799,4829100
2019-06-10,57.30817413330078,57.90397291193031,57.047514298384705,57.68799599672606,3969400
2019-06-11,58.21677780151367,58.76044473538147,57.71035043041637,57.71035043041637,4210200
2019-06-12,58.51465606689453,59.02108325459077,58.224205764740844,58.27633772456439,4165700
2019-06-13,58.79765701293945,58.983843394464856,58.31357696653936,58.78276460247869,2924900
2019-06-14,58.604034423828125,59.08811452934359,58.246554027582924,58.79766419325105,4075900
2019-06-17,58.574256896972656,58.872156346196476,58.38807045145269,58.38807045145269,3083200
2019-06-18,58.27634811401367,58.98385422088923,57.352865083091416,58.74553583607192,5433500
2019-06-19,57.79971694946289,58.44764778443559,57.561398541534835,58.38806676196382,6147300
2019-06-20,58.34335708618164,58.96149718670634,58.14972735600717,58.268883675964,5347000
2019-06-21,58.67105484008789,58.89448078289841,56.92090389459797,58.201867178535096,10516900
2019-06-24,58.425296783447266,59.06577852784919,57.97845050831907,58.39551195613623,5182700
2019-06-25,48.92979049682617,52.63117755609118,48.45315370065913,52.48223068802353,90131800
2019-06-26,50.6427001953125,50.94804861500641,49.74900775876663,50.07669195512255,42093800
2019-06-27,52.13220977783203,52.57905615382146,50.717191518898886,50.761880133869795,22129200
2019-06-28,54.157901763916016,54.17279417608075,52.377960207430604,52.56414661025927,21381500
2019-07-01,54.66434097290039,54.99947429856937,53.830223660134955,54.73881441394246,18010900
2019-07-02,55.282470703125,55.297363115687126,53.86000382021653,54.51537793015674,12862200
2019-07-03,55.826133728027344,55.83358277554052,54.94733362610069,55.37183842301688,7434100
2019-07-05,54.35897445678711,55.69951867895937,54.07597320186517,55.595254759674575,10854900
2019-07-08,53.040794372558594,54.366440927148176,52.787577857457165,54.00896045934594,13487400
2019-07-09,53.055694580078125,53.956836407604825,52.79503466004315,53.01101164577502,11832500
2019-07-10,53.36103439331055,53.42805878380856,52.84715800498907,53.3089024178257,9170400
2019-07-11,53.055694580078125,53.91960252300561,52.020498267681994,53.845129071847055,13001000
2019-07-12,53.13884353637695,53.153968805626015,51.82322777310923,53.153968805626015,12903000
2019-07-15,53.13129425048828,53.69837084920046,52.70031626621108,53.16153902798511,10253300
2019-07-16,52.292022705078125,53.15397861616393,52.26933479701706,53.040562150262936,10141600
2019-07-17,51.656898498535156,52.821296498189625,51.64933586184995,52.42056328289718,12205000
2019-07-18,51.60396194458008,52.13323104169967,51.41493644295158,51.845914355920534,8573300
2019-07-19,51.8232421875,52.03494986707225,51.490555394685536,51.52080017299609,9806900
2019-07-22,51.414947509765625,51.982024136711566,51.29396839375498,51.79299859439625,9961800
2019-07-23,51.21079635620117,51.74762814013606,51.11249939401238,51.41494137937599,8025300
2019-07-24,51.00664520263672,51.33176932509131,50.477376058455306,51.241034999545484,12595300
2019-07-25,50.401763916015625,51.316646676948494,50.280784822701854,51.00664207678246,12403500
2019-07-26,51.233482360839844,52.27690123203249,50.93860298922885,51.14274802780512,12259300
2019-07-29,50.794944763183594,51.72495298423385,50.568111801385434,51.31665711415827,10117300
2019-07-30,50.794944763183594,51.05957937288022,50.09933214095194,50.598356580865314,8143700
2019-07-31,50.37152099609375,50.94615440467563,49.62297580802379,50.59079128434245,11300000
2019-08-01,49.75151824951172,50.81005652701544,49.22980597802705,50.60591150738286,13106700
2019-08-02,49.41127014160156,49.74395690522709,49.16931770494694,49.52468660816491,9653900
2019-08-05,49.3205451965332,49.993475640547615,48.79883287328099,49.13151966127968,11618800
2019-08-06,48.97273254394531,49.78176159431719,48.60980675105779,49.35078360988734,10248700
2019-08-07,48.73834228515625,49.07102906610794,47.86882657198866,48.677852730692045,10532100
2019-08-08,49.48686981201172,49.486869812011726,48.64003932860961,48.98784552980691,7427400
2019-08-09,49.585174560546875,50.56054691177787,48.60980220931588,49.4263938199187,10893500
2019-08-12,48.791263580322266,49.50956397745255,48.451019970724225,49.32809533497289,5258900
2019-08-13,49.15419387817383,49.84980635129972,48.87443405440335,49.040777421585766,7082500
2019-08-14,48.01248550415039,49.13907606848818,48.01248550415039,48.768587638074024,9373300
2019-08-15,47.61930465698242,48.57199192875889,47.37735224242649,48.481263378675784,9195700
2019-08-16,48.715660095214844,49.00297682572769,47.68736074476693,48.02004464108214,8348100
2019-08-19,50.32616424560547,50.5681167364554,49.12396442911429,49.17689135621889,9826300
2019-08-20,50.21273422241211,51.76273978820038,50.15224468079885,50.94614828222206,12037900
2019-08-21,51.067134857177734,51.35445156909077,50.35639706045477,50.91591098095953,7615700
2019-08-22,51.0520133972168,51.437627099615,50.51518157591025,51.316653758208616,6495700
2019-08-23,49.88005447387695,51.25616001033981,49.50956607483722,50.87054633948564,8904700
2019-08-26,50.250545501708984,50.60591441612594,49.96322877681506,50.22786336140174,4841100
2019-08-27,49.653221130371094,50.6437187563003,49.517122528183926,50.40932319394404,7591200
2019-08-28,49.955665588378906,50.19005539376491,49.44907856511182,49.5776145378331,6872800
2019-08-29,50.06908416748047,50.68152504922429,49.87249599770288,50.45469787049766,6011900
2019-08-30,49.706146240234375,50.227858491119,49.5171207312009,50.205176353011105,6415100
2019-09-03,49.44906997680664,49.751511918435476,49.09370112803778,49.736386648623906,7915700
2019-09-04,50.19004821777344,50.22029298972496,48.72321427402716,49.6532164949848,9618300
2019-09-05,50.68152618408203,50.885676994968954,50.227866047868964,50.38664680711346,5602400
2019-09-06,51.127620697021484,51.50567170722797,50.65883536766921,50.855423508184764,7502500
2019-09-09,50.432010650634766,51.414945744364715,50.1371312762361,51.38470096640055,10310900
2019-09-10,51.55104064941406,51.55104064941406,49.6381032875672,49.95566478042533,12155700
2019-09-11,52.54152297973633,52.730548467558116,51.46029695865169,51.702249352319576,8369100
2019-09-12,53.55470275878906,53.81177465408903,53.07079796996551,53.50177585278024,9560100
2019-09-13,53.3127555847168,54.068857612365484,53.290073446863445,53.79666042092391,8135600
2019-09-16,53.36568069458008,53.65299737869212,52.71543251126291,53.20689996636549,5992000
2019-09-17,54.136905670166016,54.50739405975812,53.19934074261421,53.312757203926324,9013500
2019-09-18,53.88740158081055,54.303260100759395,53.53959525894516,54.197406253609145,6252600
2019-09-19,54.18982696533203,54.37129559205965,53.8420207503378,53.98568197101377,5541200
2019-09-20,54.73422622680664,55.195448932801675,54.43934689262631,54.43934689262631,12968700
2019-09-23,55.14252471923828,55.78521033111824,54.4771569680192,54.688864626652496,8092300
2019-09-24,55.157649993896484,55.82302358333652,54.567891234966744,55.82302358333652,8223800
2019-09-25,54.50741195678711,55.376930754211,54.45448502661015,55.104733465128696,5922700
2019-09-26,55.974239349365234,56.29936349361878,54.90813835357665,55.15764767050499,10324100
2019-09-27,56.59424591064453,56.81351623078143,55.89107066627509,56.110340986411984,7677300
2019-09-30,57.252052307128906,57.7964467456438,56.66985045592776,56.66985045592776,8315100
2019-10-01,55.36935806274414,57.486440433466136,55.15008776649559,57.38058660336009,10910800
2019-10-02,54.537635803222656,55.19544662739603,54.114220524361926,55.1122749449626,8380500
2019-10-03,55.838134765625,55.90618694922079,54.46959191267388,54.48471141536138,6228500
2019-10-04,56.45056915283203,56.75300529007617,55.91373174144471,56.11788247954401,7007500
2019-10-07,56.2010612487793,56.911793183422326,56.01203575481887,56.495940557869545,5163500
2019-10-08,55.59618377685547,56.518629216815086,55.51301208842626,55.8608183452207,6121500
2019-10-09,55.42228698730469,56.42034154206433,55.38447957435266,56.004483073997264,5851000
2019-10-10,56.29180908203125,56.42790771506016,55.34668128838665,55.36180656350223,7329400
2019-10-11,56.48360061645508,57.02826048636348,56.43757483533346,56.744427032488304,7164900
2019-10-14,56.583316802978516,56.89783598322774,56.299477567329426,56.49893232353466,5040900
2019-10-15,57.15098190307617,57.519205569727546,56.61399515245607,56.92084137982948,6028300
2019-10-16,57.34276580810547,57.51920766271043,57.028240805071306,57.058926599468556,8288300
2019-10-17,57.64194107055664,58.43975411251962,57.266050356988266,57.526870812565704,6811300
2019-10-18,58.654544830322266,59.199204438330895,57.69563583325438,57.71864871274944,9480200
2019-10-21,59.29892349243164,59.720839859628555,58.18658575480719,58.976725682355806,7839100
2019-10-22,59.73619842529297,60.34222962834408,59.6441410523822,59.87428155830102,6062000
2019-10-23,59.64414596557617,59.851267755791845,59.2145565620375,59.67483175907417,6136700
2019-10-24,58.91537094116211,59.751536774750114,58.49344864265328,59.71317807389803,5699300
2019-10-25,58.70824432373047,58.907699036679446,58.470436761990314,58.600846982769355,5497000
2019-10-28,60.089080810546875,60.12743366263827,58.677563582187894,58.81564672569348,7146400
2019-10-29,60.19647216796875,60.40359393624909,59.52139648794031,59.92030590845094,6391500
2019-10-30,61.109375,61.209099460744255,59.843613546822134,60.22717726883252,7222500
2019-10-31,61.02497863769531,61.17072884384859,60.403601549108075,61.147715961441065,10009400
2019-11-01,62.712642669677734,63.04250756859322,60.702767488760635,61.39318307401578,13356300
2019-11-04,63.66388702392578,63.917040413861294,63.01183005055672,63.63320123247454,9127900
2019-11-05,62.781700134277344,63.978422791935294,62.49786675771526,63.801980924498444,7475600
2019-11-06,62.965816497802734,63.09622674721775,61.63868356062911,62.72800303112647,9303600
2019-11-07,62.91212463378906,63.35705411252638,62.19869586187549,63.06554778470289,6561500
2019-11-08,65.36689758300781,65.55867935241672,62.973458993807135,62.98113190334373,11364100
2019-11-11,65.71212005615234,65.72746002525955,64.3619745187874,65.16745458302964,8726300
2019-11-12,66.31048583984375,67.72199726583852,65.62774300946546,65.66609586292499,12165900
2019-11-13,66.47926330566406,66.94720563525088,65.45898245882215,65.77350164946748,5798800
2019-11-14,67.22335815429688,67.31541553037614,65.91924418311403,66.34116650758186,5425600
2019-11-15,67.990478515625,68.42007370780004,66.93951804548851,67.58390205467738,8036700
2019-11-18,68.06720733642578,68.58885413018324,67.75268233674525,67.7680223074219,5772300
2019-11-19,68.28968048095703,69.35599298125216,68.2053018490995,68.47379527605824,7504800
2019-11-20,66.89349365234375,68.0595303462642,66.38719271231977,68.0595303462642,10933000
2019-11-21,66.37184143066406,66.64034062742363,65.62773297794773,66.5789690480091,9614100
2019-11-22,66.01131439208984,66.57898702314581,65.44363590831635,66.46391674385563,7784700
2019-11-25,67.32308959960938,67.41514112455566,66.01896975327753,66.62500098761207,9522100
2019-11-26,67.29240417480469,67.65295492339202,66.68637293715823,67.62226913067006,6431400
2019-11-27,67.76036071777344,68.1285785709016,67.20802808536395,67.39980992424407,4711800
2019-11-29,67.30008697509766,67.57624744474066,66.90885037630088,67.50720879050925,3042800
2019-12-02,66.76309204101562,67.5302193876484,66.74007915705138,67.38446331891868,6526400
2019-12-03,65.93457794189453,66.3411602584083,65.65841169238729,65.94225085235746,10054500
2019-12-04,66.89349365234375,67.16199287118776,66.06500067296666,66.11102643495528,6174600
2019-12-05,66.5252685546875,66.93184501490512,66.17239076180587,66.93184501490512,6072100
2019-12-06,66.72471618652344,67.28471567902214,66.57128725845072,66.9011521379131,6044600
2019-12-09,66.31048583984375,67.2924078497039,66.26445422188873,66.90884419880749,5582700
2019-12-10,66.40251922607422,66.70169832380648,66.13402591435491,66.67868544747559,7816000
2019-12-11,66.50992584228516,66.93952105376631,66.14938097487362,66.50992584228516,7326400
2019-12-12,68.06720733642578,68.228303365756,66.54829271990012,66.55596563159682,6260500
2019-12-13,67.38444519042969,68.34335411574465,66.99321456285642,68.10554657513553,5975200
2019-12-16,68.60419464111328,69.13351435073581,67.70665710518391,67.7987086354022,6723300
2019-12-17,69.10282135009766,69.17185999056174,68.32802121949763,69.04144976787431,8750000
2019-12-18,68.5274887084961,69.17954579618915,68.28967524623266,69.07982134602531,6490100
2019-12-19,68.09789276123047,68.79598146392382,67.93679671892829,68.79598146392382,5447000
2019-12-20,68.49678039550781,70.56802125266996,68.38938306826032,69.34829195633823,19134800
2019-12-23,69.23323822021484,69.40200716117525,68.52748251503199,68.68090563260503,5907200
2019-12-24,68.9263687133789,69.34829095915237,68.60417673626934,69.34829095915237,1798800
2019-12-26,68.91105651855469,69.59379944398498,68.61954435755007,69.19488991399477,4066700
2019-12-27,68.42774963378906,69.25624848387675,68.14391629173949,69.02611381621898,4087800
2019-12-30,67.90612030029297,68.83434967887443,67.62995979872065,68.44311303484339,7014800
2019-12-31,67.92145538330078,67.96748115082953,67.41514852961613,67.66830195645846,4702100
2020-01-02,68.6962661743164,68.71160614827363,67.89845291602644,68.3357153327825,5639200
2020-01-03,68.04417419433594,68.57349378771721,67.43047600102345,67.63759775124647,5988500
2020-01-06,68.58118438720703,68.74995333603175,67.49186498461458,67.67597390482472,6786600
2020-01-07,68.18992614746094,68.68855992347355,67.70663819067558,68.22061193320027,7242500
2020-01-08,68.67322540283203,69.0874747993954,68.17459739749694,68.38939208029657,7696800
2020-01-09,69.2025375366211,69.21788335670668,68.3126731112694,69.04911445205838,7518000
2020-01-10,68.32035064697266,69.26391973462471,68.14391465793688,69.21789397273997,8581400
2020-01-13,67.90612030029297,68.65790778757633,67.44584499404836,68.65790778757633,9292200
2020-01-14,68.57475280761719,68.76135505178567,67.46293964622001,67.71951328310932,8876900
2020-01-15,69.39888763427734,69.88092853100315,68.5591954549764,68.5591954549764,8490100
2020-01-16,69.39888763427734,69.8187337239278,69.13453745999863,69.4377586472258,7073200
2020-01-17,68.41927337646484,69.40668527997795,68.25600082226777,69.29783691051323,10122300
2020-01-21,68.4114761352539,68.83132226143304,68.08493112548885,68.17045566592105,13552000
2020-01-22,67.80503845214844,68.55142964031536,67.75839085657233,68.44258129611121,6438900
2020-01-23,66.29669189453125,67.69617884691296,66.07899524233606,67.68063162823711,12266800
2020-01-24,64.9516372680664,66.4599725983568,64.34519487846609,66.42109565264843,13215400
2020-01-27,65.32481384277344,66.80982501453485,65.30926662737252,66.12563483292973,13832000
2020-01-28,65.13046264648438,66.07900325908862,65.02939088335705,66.07900325908862,8614400
2020-01-29,64.68729400634766,65.30928961347762,64.63286983560802,65.15379367758999,5703200
2020-01-30,63.58324432373047,64.36851228110405,63.116750680500374,64.20523980256293,10870000
2020-01-31,62.99235916137695,63.53660677426393,62.5180948003002,63.39665806601179,13870100
2020-02-03,63.987548828125,64.2207927044905,62.91460682876101,63.21782802028847,10143700
2020-02-04,65.58919525146484,65.86131613921678,64.9905233666201,64.9905233666201,8251500
2020-02-05,67.35409545898438,67.75061783757187,65.99348515319826,66.13343387906502,10020600
2020-02-06,67.78170776367188,68.3881501716697,67.03531665138307,68.33372600510039,7769700
2020-02-07,71.75469207763672,72.29116311702093,69.10344318467995,69.77208635696508,19090300
2020-02-10,73.66731262207031,74.25043119163816,71.61473573173463,71.80910858825725,13998300
2020-02-11,74.63919830322266,75.47889070776364,73.86948323162203,74.06385614387,10682800
2020-02-12,76.03089141845703,76.08531558398191,74.41370774030452,74.62363375860704,10591000
2020-02-13,74.13379669189453,75.69655591687791,74.04050152918919,75.30003368001597,10613000
2020-02-14,73.12307739257812,74.0949417601999,72.90537479152779,74.04051759288465,11175800
2020-02-18,72.78097534179688,73.47294225996666,72.50885451978444,72.82762293077357,9406300
2020-02-19,73.19305419921875,73.69842489415909,72.3222615259094,72.9053801896583,6349100
2020-02-20,73.26302337646484,73.38741892636766,71.98793191627898,73.02977356418702,5446200
2020-02-21,73.83058166503906,74.26597494516325,72.60214384550174,73.05309027522384,6676000
2020-02-24,72.41556549072266,72.98313695570967,71.64585048525483,71.66139770691103,10705100
2020-02-25,69.33671569824219,72.66437949655356,68.50479974866435,72.55553112421937,11366400
2020-02-26,68.738037109375,70.89168629110833,68.56698800354536,68.90130963808775,9786900
2020-02-27,66.41332244873047,69.54661224192478,65.4647818704674,67.01199422501294,14184100
2020-02-28,66.63878631591797,66.63878631591797,63.427749011103586,64.36851288105954,18450000
2020-03-02,68.95573425292969,69.02570565205579,64.95942776723558,66.86427987945746,12171100
2020-03-03,68.08493041992188,70.67397853863474,66.59992473940451,69.5388416604129,12660900
2020-03-04,71.33484649658203,71.4203710377696,69.15786788200869,69.40666492952082,16590400
2020-03-05,70.44851684570312,71.30375644963614,69.53107648793743,70.02089407784143,9688400
2020-03-06,69.05680084228516,69.78764481448161,67.84391589420586,68.9868294484144,12664600
2020-03-09,66.29669189453125,67.90609892387577,64.08861907164999,65.30928038442057,15806200
2020-03-10,68.05381774902344,68.59028868525917,65.12267793364902,68.56696489355993,12965800
2020-03-11,65.97014617919922,67.36185654079993,64.97495810497473,66.70876659151092,10382200
2020-03-12,61.11860275268555,63.202280055284945,59.913488644425875,61.3051990379334,19935700
2020-03-13,66.37445068359375,67.11306522689937,62.73579027055387,64.81169112668968,21867700
2020-03-16,57.744293212890625,63.89425405071064,57.20782809183158,61.4218307527584,20916000
2020-03-17,56.77241897583008,60.41885551160147,54.41662100126485,58.86387272371275,23205000
2020-03-18,55.22521209716797,55.50510947015751,50.29591956623061,54.42439692014345,23712800
2020-03-19,55.24853515625,58.1952281764837,50.79351290358151,53.72465277452862,19739900
2020-03-20,53.506954193115234,56.75686825658578,51.94419492679347,56.75686825658578,18844500
2020-03-23,50.148197174072266,52.67504431850226,48.63208829423538,52.387370354307784,19219000
2020-03-24,52.472900390625,55.839440055225104,52.1619026000204,52.99382421089825,18376300
2020-03-25,52.7994499206543,54.95309873745694,50.96456953014571,52.80722056466414,20017300
2020-03-26,57.40219497680664,57.775387549702415,53.46031357633461,53.50696116499934,15979400
2020-03-27,56.50030517578125,58.3585093630324,54.97642256662658,55.69171331406441,12293300
2020-03-30,58.498451232910156,59.27594263234943,57.12229406588963,57.16116507678842,10671600
2020-03-31,59.23707580566406,60.58213269990052,57.87646576053858,58.62285684490701,20474400
2020-04-01,57.08343505859375,57.52660505824487,55.53622834848413,56.072699480826714,12948000
2020-04-02,58.41294479370117,58.70061883602427,55.55955189775195,56.58584062556049,8077800
2020-04-03,57.044551849365234,58.65395897079363,56.40700907497788,58.039739991648986,8062700
2020-04-06,58.87944030761719,60.06900148288537,57.55770105481584,58.88721095257381,10266500
2020-04-07,58.61507797241211,61.0952775127889,58.50622964761082,60.9397756689379,11591700
2020-04-08,61.07972717285156,61.406278094069194,58.14081040441655,59.431449074713754,12218500
2020-04-09,62.00495147705078,62.261525113688826,61.079734628938354,61.079734628938354,9425900
2020-04-13,62.43256759643555,63.23338286379301,61.15748205644692,62.71246500099785,9293500
2020-04-14,64.80770874023438,65.3758523048806,63.355791648587925,63.616191785760044,11072700
2020-04-15,64.56310272216797,65.52578989434122,62.827113605966574,63.52940060463267,8977300
2020-04-16,64.59466552734375,66.06236790225823,64.37372211955126,65.2811734189187,10326900
2020-04-17,65.84930419921875,66.90668385286509,65.09967399765111,66.28330443397203,10734800
2020-04-20,66.2754135131836,67.33279319290662,65.20225474283299,65.92032678163258,9126300
2020-04-21,63.41102981567383,65.47054730279305,63.14273711354325,65.10756801659178,9627500
2020-04-22,64.28692626953125,65.06022824739779,63.70300350784025,64.09754705335571,7033300
2020-04-23,64.73670959472656,66.14917629572165,64.67358117875584,64.84718131254677,7869600
2020-04-24,65.95978546142578,66.02291387204991,64.98131917777803,65.39164782657832,6770700
2020-04-27,66.82776641845703,67.00925302034794,66.10969450420174,66.30696621423827,9209700
2020-04-28,65.30484008789062,67.8378085688326,64.997096647606,67.62475171309346,8341000
2020-04-29,66.09393310546875,66.87512760061833,64.81560991501418,66.0623689009846,8231700
2020-04-30,64.8629379272461,65.69937409833665,64.09752872482859,65.47053818494193,15535800
2020-05-01,65.36797332763672,66.46480994959187,63.52151237925497,64.66568628108911,12705300
2020-05-04,64.59466552734375,65.36796745461746,64.01074280385555,64.87873734315019,6833000
2020-05-05,67.3643569946289,68.2402440155295,65.17858270994697,65.45476194620935,10927000
2020-05-06,67.40380859375,69.55801870467863,67.26966525159943,68.08242388025465,17042600
2020-05-07,66.45689392089844,68.5242975667369,65.93609372231775,68.27179002143393,11941800
2020-05-08,66.25174713134766,66.80411167129618,65.0602240157187,66.61472644718201,20188100
2020-05-11,69.36074829101562,69.80263508317647,66.26752870537763,67.13552319866045,19219800
2020-05-12,71.38081359863281,72.77750104413386,69.81053205968692,71.01783427919216,23492300
2020-05-13,70.12616729736328,72.78538676484864,69.2266085548555,71.6017562067851,23562600
2020-05-14,70.97048950195312,71.3965972211679,68.98987936826677,69.13980783065426,13379500
2020-05-15,71.57808685302734,71.92528708766952,70.5601638180363,71.02572831632982,14071200
2020-05-18,72.17779541015625,73.90589802362584,72.05153858896368,72.5960105949076,16300200
2020-05-19,71.96473693847656,72.3198297250379,70.67063465114543,72.01208625550528,9892500
2020-05-20,71.95683288574219,73.02209894559077,70.9389101111409,72.69857044238776,10661500
2020-05-21,73.40086364746094,73.48766369146152,71.29400298727693,72.02785407366474,10393200
2020-05-22,72.67491149902344,73.39298355877672,72.38295316197495,73.28251186039253,5507000
2020-05-26,71.57808685302734,73.83487633768843,71.26245082337596,73.74018372271605,11869800
2020-05-27,71.00205993652344,71.8069261299461,69.88155167866097,71.44394678622554,12529500
2020-05-28,71.04150390625,71.95684774508561,71.01783225873808,71.7043401378648,8765900
2020-05-29,73.12468719482422,73.29828728939924,70.70219046656318,71.80691341546768,13758800
2020-06-01,71.57019805908203,73.43244410963925,71.56231152261215,72.63547046768772,8486500
2020-06-02,71.8385009765625,72.35929540938227,71.05730631720401,71.78326511216862,9413300
2020-06-03,71.72013092041016,72.20147456580276,70.70220776967453,72.17780291443216,8588400
2020-06-04,73.41667938232422,73.7638797031571,71.21512520480833,71.23879685936365,9525700
2020-06-05,74.05581665039062,75.38937565917425,73.23516541577426,73.77963739361019,9630100
2020-06-08,74.6397476196289,74.97116878466292,73.23517351249633,73.31408704052063,6621400
2020-06-09,75.88648986816406,76.27314680484213,74.77388040899784,74.92380283440335,9555900
2020-06-10,76.46253204345703,78.39579279899283,76.38362454695158,76.5335469842351,11138300
2020-06-11,72.80116271972656,76.45463308210802,72.61967007473962,75.50773116286508,12584800
2020-06-12,72.95897674560547,74.75809398079767,71.83058219612889,73.96900705166036,8010100
2020-06-15,73.44819641113281,74.19782641835086,71.6332944712045,72.01994529448771,7120200
2020-06-16,75.79969787597656,75.91016957811979,73.76385792201108,74.85279585181848,9366100
2020-06-17,75.54720306396484,76.62036208391325,75.17633113527215,76.42309029377947,6212200
2020-06-18,75.93387603759766,76.1074701923181,75.16846036805863,75.40518295372753,4571600
2020-06-19,76.31260681152344,77.48834481384247,75.55508397659099,77.10958640650442,9210900
2020-06-22,76.75447845458984,76.77815611809235,75.61030488242997,76.25735588562996,6004300
2020-06-23,76.78604888916016,78.19851524677733,76.580890617516,77.66193588198564,6715600
2020-06-24,75.07373046875,76.66768944782642,74.4503510680474,76.11532498150808,9025100
2020-06-25,76.53355407714844,76.59668248830579,74.4266930218891,75.10530839118903,6411700
2020-06-26,75.85494995117188,76.56512963131428,74.99484779762984,76.45465790554296,14568400
2020-06-29,76.09957122802734,76.80185835194774,75.49986327245504,76.14691453337915,6676400
2020-06-30,77.47256469726562,78.02492320910119,75.61821138438196,75.72868308674907,8112500
2020-07-01,78.23008728027344,78.64041590515924,76.93598503918356,77.72507206522647,6522900
2020-07-02,78.02494049072266,78.90082776795812,77.22007419231424,78.47471995576863,6158800
2020-07-06,78.12751770019531,78.7508972495272,77.29108125640143,78.62464042017832,7039000
2020-07-07,78.39579010009766,79.45316978168817,77.77241066473009,77.86710326943033,6345600
2020-07-08,78.34056854248047,79.3584916527274,77.7645383145176,78.71144045322046,6154400
2020-07-09,77.28317260742188,78.73508960796819,76.39150056097819,78.18273118825063,5817300
2020-07-10,76.40730285644531,77.59093346800553,76.03643096824872,77.37787658658098,6202500
2020-07-13,77.22004699707031,78.56149236207526,76.47830336075285,76.82550353439174,8507400
2020-07-14,78.96925354003906,79.15295527379658,76.62900947668167,77.45168806966915,6765600
2020-07-15,80.25518035888672,80.25518035888672,78.92930566891731,79.87179307090332,5661600
2020-07-16,79.80789184570312,80.05549854073872,78.92131448098161,79.62419013949037,4269200
2020-07-17,80.53473663330078,80.89415729237403,79.8079003352502,80.1034281861721,6890900
2020-07-20,79.50440979003906,80.87021717101226,79.28076967063801,80.47884696206042,4823300
2020-07-21,77.79513549804688,79.72004273601024,77.6114276742549,79.72004273601024,8239000
2020-07-22,78.03475952148438,78.49801750328707,77.41974923744242,78.11463621014647,4441800
2020-07-23,78.29832458496094,79.00918311764336,77.83506668234652,78.46605463375553,5127200
2020-07-24,77.5634994506836,78.42611628626436,77.04433157220993,78.31429626243732,5169400
2020-07-27,77.60343170166016,78.1864923382323,76.88458439502743,76.95646607882381,5030700
2020-07-28,77.24402618408203,77.97086257503463,77.04434666046676,77.475655162724,5941800
2020-07-29,77.48361206054688,77.79511150128427,77.18808429386114,77.37179206098642,5512000
2020-07-30,76.7088851928711,77.26798541180278,76.20569499583259,76.92453639339179,6411500
2020-07-31,75.80632781982422,77.67532500286977,74.7200708592776,76.30951796285925,14613000
2020-08-03,76.62899780273438,77.61141741399639,75.92612214591314,76.02995937361665,6919000
2020-08-04,75.31111145019531,76.70087888862017,75.12740365212812,76.6130194322055,7865100
2020-08-05,74.4804458618164,75.71846107234829,74.38459751790143,75.45488269688268,6918900
2020-08-06,73.93732452392578,74.79994142067822,73.30633657687916,74.53636301993697,7269300
2020-08-07,74.21685791015625,74.2807567978547,73.64178010833682,74.03315622518986,5226600
2020-08-10,73.78556823730469,74.81591521077038,73.60186650583495,73.98524774161041,7623600
2020-08-11,74.01716613769531,74.51237329434083,73.58585785811353,73.72962728464078,7208400
2020-08-12,76.28555297851562,76.34146299116934,74.54434760678437,74.64018986062825,7705600
2020-08-13,75.62261962890625,76.27756813775328,75.08748003745184,75.99002917350487,6004200
2020-08-14,75.93411254882812,76.41334208295335,75.51079302545527,76.18171315448376,5488100
2020-08-17,76.95648193359375,77.6833182749709,76.08588219500534,76.10984276120722,7251400
2020-08-18,76.39738464355469,77.23603496113525,75.99802560840149,77.17214214674955,4557400
2020-08-19,76.75679779052734,77.81110529591679,76.55711829258439,77.56350466846261,7672000
2020-08-20,76.0379638671875,76.7009013804497,75.62263311903591,76.26959285713703,6798000
2020-08-21,75.7663803100586,76.13378981197917,75.33507191378646,76.03794147045181,5269000
2020-08-24,75.48684692382812,76.069907705695,75.22326849675856,75.79834648537022,4103600
2020-08-25,75.12741088867188,75.71047769252009,75.00760806723383,75.24721980384447,6710000
2020-08-26,75.35904693603516,75.40697416286234,74.23285765222583,74.6801378110454,5682800
2020-08-27,75.31912231445312,75.92614370752,74.8159259911061,75.34308288342474,5271500
2020-08-28,75.21525573730469,75.59864297260816,74.70407681938897,75.494805755894,4938300
2020-08-31,76.49320220947266,76.68489887192953,75.0874632471887,75.1753226940481,9932300
2020-09-01,73.67374420166016,76.61302658917681,72.91496456399666,76.29353818088998,15783600
2020-09-02,75.03955841064453,75.27118737654905,73.40219006328067,73.53797066937587,9139200
2020-09-03,73.37821197509766,75.32707940931132,72.7552069257044,74.98363048584083,8921900
2020-09-04,73.37821197509766,74.38459209097836,72.34786520468617,73.54594199441111,9444800
2020-09-08,72.06033325195312,73.37023018114921,71.44531702796498,73.09866291382431,8563900
2020-09-09,73.18653106689453,73.82550792988795,72.29197077118575,72.57152086359474,5373500
2020-09-10,71.60506439208984,73.01080966983666,71.46928380506607,72.73924240205483,10403600
2020-09-11,71.64501190185547,72.15619100384585,71.1178611189372,71.73287138129778,8385800
2020-09-14,72.27600860595703,72.89102503580372,71.45332983046784,71.92457673978093,5212300
2020-09-15,72.61145782470703,73.4660858588445,72.395800547702,73.00282794665245,3851300
2020-09-16,71.7088851928711,72.89897304320988,71.63700351377415,72.69929358740717,6304400
2020-09-17,71.5890884399414,72.53157587489628,71.22966779604324,71.32551614482549,5604700
2020-09-18,71.97247314453125,72.28397264966644,70.97407573224304,71.47726583429198,10076300
2020-09-21,71.15777587890625,71.42934313781888,69.62423894984911,71.19771421201325,7328300
2020-09-22,70.76640319824219,71.04595323847902,70.23126367925543,71.00602100057881,5306100
2020-09-23,69.60028076171875,71.30154777913845,69.58430908417157,71.08589661671284,6253000
2020-09-24,68.61785888671875,69.48845848760558,68.14661214892315,69.48845848760558,9980800
2020-09-25,68.87345123291016,69.37664134564325,68.25843500139094,68.68974342390544,9935600
2020-09-28,69.71210479736328,70.44692388150506,69.38463359206006,69.72009368346374,6306900
2020-09-29,69.4006118774414,69.712111433933,68.93735393926691,69.5763308259721,5508900
2020-09-30,69.95970153808594,70.63861666302903,69.33670251900647,69.48846087781506,8209300
2020-10-01,69.60028076171875,70.4229592644203,69.27280957526,70.4229592644203,8777300
2020-10-02,68.78560638427734,69.76802625504543,68.72969635987376,69.08911707479172,5554300
2020-10-05,70.23126220703125,70.43094167354803,68.85746650239841,69.08110652989981,5984200
2020-10-06,68.60188293457031,70.33509939064308,68.45811346255255,70.26321770150132,8743800
2020-10-07,69.54438018798828,69.72808802025159,68.71371268691111,68.8175499331302,5899700
2020-10-08,69.76001739501953,70.75043196337369,69.42455734464178,69.70410738662324,5535100
2020-10-09,70.04756164550781,70.8462795940027,69.76801158228147,69.81593880293052,6005800
2020-10-12,70.54277038574219,70.76641044082005,69.74405242118726,70.42296147231205,7314900
2020-10-13,70.15141296386719,70.92617050446125,69.86387395717793,70.29518246721182,7851700
2020-10-14,69.68183135986328,70.52381077971725,69.54420171211221,70.29712520066403,5863900
2020-10-15,69.00177764892578,69.41466661028711,68.78318356188127,69.14750498138244,6190900
2020-10-16,69.84375762939453,70.55620517940588,69.43086862842301,69.53611375434758,5358500
2020-10-19,68.25695037841797,70.26474863454865,68.11122303582204,70.10282593348678,10288000
2020-10-20,68.2083511352539,68.67791752755858,67.5363860748921,68.15977743146968,6932100
2020-10-21,67.10733795166016,68.1193318358108,66.84017008383147,67.66596055226186,9776900
2020-10-22,68.25695037841797,68.72651694641813,67.13161385709584,67.21257211926704,8080100
2020-10-23,68.28124237060547,68.93701854992726,67.95740929758526,68.52412335209057,4238700
2020-10-26,67.94120025634766,68.2650394408752,67.04254945322513,68.07882990233828,7986300
2020-10-27,66.96159362792969,68.21646819718043,66.93730676913574,68.00597179310144,6705600
2020-10-28,65.164306640625,66.55681117463989,64.96190786944192,65.86055890763245,11480200
2020-10-29,65.31002807617188,65.87674829008782,64.04706183515195,65.17239840666991,8876700
2020-10-30,68.89653015136719,69.73850965452627,67.19638196353723,67.3582984855327,18089100
2020-11-02,71.44673919677734,71.68152242372929,69.62515094530144,69.64943780037957,10781400
2020-11-03,71.21196746826172,72.36968843542529,70.78288315468343,72.16728970813598,8518800
2020-11-04,76.50670623779297,78.92739288557121,75.02514631712499,75.40565684965131,25849000
2020-11-05,75.85094451904297,77.33249842066769,75.29232208828958,77.20296645477505,8013000
2020-11-06,75.17089080810547,75.8185692468574,74.24795304775155,75.27614210601628,7006900
2020-11-09,77.0086669921875,78.49022092410583,76.64434559118301,77.51061186327289,11028900
2020-11-10,80.04466247558594,80.25515273519007,77.42157014308039,77.72922020618158,12267200
2020-11-11,79.46174621582031,80.85425052927543,79.15409617924993,80.27134117232033,9476500
2020-11-12,79.01644897460938,79.13788942646417,77.94778411637955,78.93549073227884,7646600
2020-11-13,80.1822738647461,80.59516896350236,78.85453881846954,78.86263649636787,6888600
2020-11-16,79.63175964355469,81.39667687868497,79.60747278337021,80.92711032605415,8611300
2020-11-17,80.31990814208984,81.16998524565169,79.93939755624253,80.44944628906715,11593500
2020-11-18,79.92320251464844,81.19426614922888,79.8908179802792,80.95948290759067,8880600
2020-11-19,80.69230651855469,81.08091471278749,79.81794271406915,79.95557851462688,7550300
2020-11-20,81.63953399658203,82.4410372696003,79.8422387878184,80.91899514228975,9682500
2020-11-23,82.72440338134766,83.19396988448709,81.82575258892234,82.5301023436315,7541500
2020-11-24,84.16547393798828,84.86172595409676,83.0482353472812,83.29111007914722,9322200
2020-11-25,84.35977172851562,84.57026809611364,83.70400194785465,84.05212794257842,6368100
2020-11-27,84.91840362548828,85.65513790644303,84.44074562710811,84.99127037414202,4418800
2020-11-30,84.66744232177734,85.34749912273008,83.91451876259718,85.10462434098383,20726500
2020-12-01,84.23026275634766,86.1247120513784,84.23026275634766,85.04795541850207,7623500
2020-12-02,84.99937438964844,85.31511593462376,83.64735226868034,84.19787709676643,5492200
2020-12-03,84.79698944091797,85.57419999934474,84.44077179542265,85.0074858973837,4693600
2020-12-04,86.85335540771484,86.87764227078081,85.02366887719916,85.02366887719916,7235800
2020-12-07,85.6875228881836,86.796670145992,84.97508158619164,86.6590404927752,6532500
2020-12-08,87.185302734375,87.71963231568445,85.49324567733346,85.57420395611118,6688200
2020-12-09,87.97868347167969,88.36729177311125,87.13670396584415,87.35529806562421,7350700
2020-12-10,87.02334594726562,88.30250725225929,86.35947843831117,88.29440957453397,6285700
2020-12-11,86.09231567382812,86.96667961749456,85.47702801870169,86.63474893206039,5205200
2020-12-14,84.35977172851562,87.49290568102958,84.27071581055947,86.97476552749437,8272700
2020-12-15,83.2425537109375,85.37178623648752,82.83775623010689,85.36369473410886,12101000
2020-12-16,84.71600341796875,85.33939490266044,82.49771528965967,82.98347095748173,9182100
2020-12-17,84.91840362548828,85.41225697988862,84.2869206285091,84.89411676817654,6360600
2020-12-18,84.56218719482422,85.0560405917474,83.55019354157491,85.03175373234447,13906800
2020-12-21,83.96308135986328,84.13309553757736,82.2143596914338,83.19396872114932,6664600
2020-12-22,83.22637176513672,83.79308581688177,82.58679094861307,83.72022522882308,4002900
2020-12-23,83.61497497558594,84.1412129883942,83.31542876305322,83.43686307801514,3659100
2020-12-24,83.5987548828125,83.70399997577299,83.06441938766456,83.47731443603182,1378600
2020-12-28,83.75260925292969,84.10073538729822,83.1616082985703,83.91453197631058,3948900
2020-12-29,84.76458740234375,85.30702070424279,84.15739119981487,84.15739119981487,5096400
2020-12-30,85.2260513305664,86.00326786027854,85.08842168171441,85.0965193600936,5328400
2020-12-31,86.74808502197266,86.85333012352686,84.88601449053645,85.21795132705991,6148100
2021-01-04,85.33942413330078,86.91003445800361,84.08454923294616,86.77240477071119,9523400
2021-01-05,86.22185516357422,86.64284178558376,84.70791050656688,85.33939970465937,6823800
2021-01-06,85.4770278930664,86.78047612845369,84.34359383924459,84.80506266827048,11017500
2021-01-07,86.39188385009766,86.67524087177699,85.46894602135934,85.90612807340167,8196000
2021-01-08,86.84525299072266,87.0557494203459,85.62276898713763,86.49712689341945,5345900
2021-01-11,88.26203918457031,88.69922120102206,86.68333149464955,86.68333149464955,6334200
2021-01-12,88.87732696533203,89.68692186379812,88.34299754423824,88.42395579874108,6106900
2021-01-13,91.0389633178711,91.81618002201108,88.8125768712856,88.89354131981034,9821300
2021-01-14,91.4321060180664,92.30031804988994,89.68750206317615,90.67037629853027,8268800
2021-01-15,90.52293395996094,91.37476111390691,89.67111305497623,91.07989762796556,9196200
2021-01-19,91.8825912475586,91.98906730805614,90.30999001317329,91.12086154825292,7723800
2021-01-20,92.24298095703125,92.63612813937037,91.30105619886102,92.48051024380196,6554600
2021-01-21,91.12903594970703,92.3494392059121,90.71950406852781,92.25114930480329,5417000
2021-01-22,90.80140686035156,91.40751227920408,89.67110114698436,90.62940422455397,5185500
2021-01-25,90.50653839111328,91.10445763862415,89.4499454735952,89.87586209485339,6928200
2021-01-26,89.11416625976562,91.16182627263743,88.91758639927698,91.16182627263743,5554600
2021-01-27,84.19156646728516,87.3941025889227,84.0277499623539,87.05009730200811,11887900
2021-01-28,85.3546371459961,86.11636672368853,84.45366822319966,85.1826344992863,8534300
2021-01-29,83.93767547607422,85.5839894992682,83.3888978860476,85.18264991763485,9380400
2021-02-01,83.79024505615234,85.0925537444799,83.42985491645624,84.36358732479428,7518200
2021-02-02,84.74854278564453,85.43655346257167,83.95404980231558,84.26529183488334,10481300
2021-02-03,87.598876953125,88.10669879378126,85.19083346430773,86.98457906074975,12101900
2021-02-04,88.89299774169922,89.17966883650789,86.20646934070164,87.53335501390902,9077800
2021-02-05,89.05681610107422,90.31816894431658,88.81928683218898,89.79396857469445,7251000
2021-02-08,87.50878143310547,89.26158387520297,86.66514664142315,89.18786487696975,9199100
2021-02-09,86.329345703125,87.23031484136541,86.09181639640448,86.82078284680502,5506900
2021-02-10,85.22358703613281,86.92723491389076,84.95329449460368,86.80438034861443,7446000
2021-02-11,84.97787475585938,85.73960438917156,84.62567704908146,85.64950686541712,5090100
2021-02-12,85.54303741455078,85.64951347403921,84.48644421269147,84.98607370153103,3738400
2021-02-16,85.34644317626953,86.97638459389887,85.19901144625685,86.27198924483389,5637300
2021-02-17,87.05831146240234,87.43508014453141,85.3055150395156,85.75599648057845,6940400
2021-02-18,86.86991882324219,87.32040648643812,86.17371572927186,86.26381326191104,5386600
2021-02-19,86.0098876953125,87.39410120859495,85.92798256862085,87.00914648824815,6702400
2021-02-22,87.68897247314453,88.19679430219465,85.37102656143537,85.72322426163956,10272500
2021-02-23,87.04190826416016,88.13126463027217,86.78800048294643,87.61525668004272,7058600
2021-02-24,89.02405548095703,89.63835339346937,86.49314483194617,86.8207716350784,7626200
2021-02-25,87.91012573242188,89.52368253900461,87.69716737877629,88.85205042270209,6237600
2021-02-26,88.24593353271484,88.93395038563878,86.2965639058588,88.19679170356348,9250000
2021-03-01,88.79472351074219,89.44997090433152,88.51623852552129,88.89300718285156,4709500
2021-03-02,88.33602142333984,89.58918792178986,88.30325812448987,89.15508514770825,5487000
2021-03-03,87.40231323242188,87.75451098038792,86.37848329635335,87.52517407454249,7218700
2021-03-04,86.53411865234375,88.25415191788821,85.96077006452037,87.23032184923522,7503700
2021-03-05,87.39411163330078,87.63164090331239,85.23997592444994,86.82896181744276,7277800
2021-03-08,86.91088104248047,88.58996473245514,86.65697320360168,87.51698664930193,6049400
2021-03-09,87.46782684326172,89.02404936449727,87.18115575357753,87.21391905653589,6857500
2021-03-10,88.45889282226562,88.75375629825672,87.68078469054308,87.95926339066742,5762600
2021-03-11,88.35243225097656,88.97491636580584,87.91832309992276,88.56538438285715,4671400
2021-03-12,88.63909912109375,88.93396263453549,87.942896033397,88.29509377173233,5341200
2021-03-15,90.30998992919922,90.39189507173361,88.75376722519835,89.00767504174352,6642200
2021-03-16,90.78504180908203,90.98162164895217,90.01512597429026,90.0560754208752,5570200
2021-03-17,86.03447723388672,86.07542668161732,84.1997757531678,84.98607638776163,19445600
2021-03-18,84.9942626953125,85.99352170654397,84.70759156478593,85.18265015192252,8675100
2021-03-19,84.70758819580078,85.53484449581472,84.29805624020442,85.12531254021836,10899100
2021-03-22,86.7388687133789,87.14840066552048,84.26529222302523,84.77311409330699,7627200
2021-03-23,85.87066650390625,86.77164190038394,85.60038013392531,86.30477567173749,6111600
2021-03-24,84.4127197265625,86.27199819511091,84.40453358718415,85.85427387524476,9420100
2021-03-25,85.08435821533203,85.3055089743342,83.58547598292121,84.28167906885481,6281500
2021-03-26,86.80439758300781,86.91906603267273,85.05159503321171,85.0761722001072,6596900
2021-03-29,87.41868591308594,87.63983039912962,86.40304225780662,86.62419299281144,5472700
2021-03-30,87.46782684326172,87.66440041205072,86.71428962210298,87.52516106119856,5354100
2021-03-31,88.63909912109375,89.42539974061778,87.47602984527455,87.54155021018018,9048000
2021-04-01,88.88481903076172,89.26159395501374,87.90194476904576,89.21244586765444,5091700
2021-04-05,86.9354476928711,89.34349772049069,86.32934211581711,89.34349772049069,10584400
2021-04-06,86.31294250488281,87.05010118757554,85.90341059771585,86.69790349745351,8522500
2021-04-07,86.1737289428711,86.92726637779663,85.3219015711872,86.43582919193052,8037300
2021-04-08,86.9026870727539,87.5743192867397,86.28838908743901,86.3293447860449,5881800
2021-04-09,88.08213806152344,88.22956982269724,86.86173452395035,87.1402132678553,5977500
2021-04-12,88.66365814208984,88.92575831342904,87.93469184527268,88.3114604510127,5647500
2021-04-13,88.63909912109375,88.75376757088088,87.6644110489412,88.48347497539898,6165100
2021-04-14,87.79349517822266,88.43183980141681,87.52820819748813,88.05878215895719,7766700
2021-04-15,88.61420440673828,88.66394372708154,87.56134873485907,87.86808297689447,5730500
2021-04-16,89.45983123779297,89.99040519245166,88.82148029785206,89.11163694103409,8207700
2021-04-19,90.0401382446289,90.13962322604186,88.80489643554984,89.50956432697319,4542900
2021-04-20,90.3883285522461,90.82770949631404,89.57588998678388,89.63392131288833,5411800
2021-04-21,91.85569763183594,92.38627153798146,90.65361118436572,91.01838311669322,6181100
2021-04-22,91.23393249511719,92.09611036546028,90.8691605557828,91.73134475106589,5046000
2021-04-23,92.33654022216797,92.65985854876982,90.81943358385962,90.95207391851996,4611000
2021-04-26,92.3448257446289,92.88369169282828,91.8971527872759,92.48575806686769,5202300
2021-04-27,92.38629150390625,92.72618752117127,91.6733314775167,92.2287751672798,3522900
2021-04-28,92.79248809814453,93.32306198883384,92.28678387030946,92.58523247443965,5116000
2021-04-29,91.93030548095703,93.3562252078681,91.46605490007985,93.16554724789938,6766700
2021-04-30,92.43601989746094,93.10752617946154,91.28367898948783,92.4111502314521,10575400
2021-05-03,95.07231903076172,95.4205070304482,92.51063571891754,93.1821483753883,9138200
2021-05-04,94.42566680908203,96.1168735181183,93.72099892821856,95.02256403873483,8151400
2021-05-05,95.9842529296875,96.39876430445723,94.4671397800443,94.76558847587384,7021400
2021-05-06,96.23291778564453,96.31581875727608,94.64119636053967,95.33757211217103,5803800
2021-05-07,95.95936584472656,96.93761276465098,95.3044372324522,96.481647805175,6808200
2021-05-10,96.34899139404297,97.16142986355867,96.14173577886905,96.48163169878578,7093300
2021-05-11,95.24639892578125,96.63915704321775,94.82359566023624,95.73552551238039,5784600
2021-05-12,95.3044204711914,96.16660458160543,94.87333157845408,95.2132274953344,6208300
2021-05-13,96.66402435302734,97.16143659893825,95.34588158511646,95.79355450391823,6558200
2021-05-14,96.52310180664062,97.48476473601929,96.48164814656322,97.29409307952047,6268500
2021-05-17,96.9044418334961,97.58424004673498,96.63086288397632,96.80495685414166,6183200
2021-05-18,97.16973876953125,97.74176639094146,95.60288655213334,96.25781516905245,8174900
2021-05-19,96.0422592163086,96.58112512793312,94.82359508038634,96.54796346760885,6433600
2021-05-20,97.08683013916016,97.27750178134222,95.43707705598918,95.61945670179026,5526100
2021-05-21,96.2660903930664,98.05677561883051,96.21634474447613,97.42671677784895,5577800
2021-05-24,96.09201049804688,96.83812576175838,95.82671719991258,96.65573978176121,4821300
2021-05-25,94.9728012084961,96.16659545187915,94.6660669778604,96.14172579263179,6574200
2021-05-26,95.0888900756836,95.12205173881095,94.30961312948256,94.94795775109772,5802600
2021-05-27,93.11581420898438,95.50339691821057,92.86710490961197,95.43707991999278,26406000
2021-05-28,93.8453369140625,94.906490941573,93.5634723227279,93.95311387834626,7104300
2021-06-01,93.02460479736328,94.50026368992978,92.88367250423931,94.25984642963289,6846200
2021-06-02,92.3531265258789,93.39769685905918,91.89716152827691,93.19044119195664,8100700
2021-06-03,93.02460479736328,93.19041307598481,91.7313318488109,92.1209733973976,6286100
2021-06-04,93.14899444580078,93.77076149328079,92.9831924297827,93.18215611399269,4255400
2021-06-07,93.68782806396484,94.59975148636997,93.1240925496698,93.43911880106377,5570100
2021-06-08,93.13239288330078,93.75415981350777,92.70130392799766,93.4142638472969,4114200
2021-06-09,94.50857543945312,94.85676340992858,93.46400520308639,93.58006785991152,4884000
2021-06-10,96.3655776977539,96.9873445990061,94.63292363556904,94.80701760892686,6263800
2021-06-11,95.68578338623047,96.46506662499183,95.22982476829115,96.36558163974348,4471400
2021-06-14,95.6692123413086,95.73553566939925,94.66609572246485,95.3956333566401,4427600
2021-06-15,96.02568817138672,96.11688116233294,94.9396642769199,95.63604654187836,3590500
2021-06-16,95.77696990966797,96.60599242262268,95.47852129900907,96.34899746758747,6670200
2021-06-17,95.25470733642578,96.0754380198437,94.5334553267912,95.32103066890873,4172300
2021-06-18,93.77904510498047,94.67438476632667,93.72101377206968,94.21013410304042,7415400
2021-06-21,95.11376190185547,95.54485085375336,93.48887210446895,94.25157767311944,4666100
2021-06-22,95.0888900756836,95.56972470361947,94.4090917939241,94.91479608797037,4359900
2021-06-23,94.50857543945312,95.36246769678404,94.46712177989825,94.96454039479508,3837300
2021-06-24,95.1220474243164,96.32413393963252,94.72412013471815,94.85676045627082,7712300
2021-06-25,93.66295623779297,94.16865409744199,92.9665741127293,93.59663292589373,11709400
2021-06-28,93.67952728271484,94.59974261423042,93.54688066829087,93.89507486868446,5141800
2021-06-29,93.09925079345703,93.47230847468774,92.52722311229151,93.38940747051882,5795100
2021-06-30,93.381103515625,93.61322882755192,92.54378893336829,93.02462355089712,5042600
2021-07-01,94.72412872314453,94.96454604800586,93.58836542809775,93.63810476257223,5306900
2021-07-02,95.47852325439453,95.74381021097548,94.41737542807071,94.9396573449501,5719500
2021-07-06,95.94277954101562,96.0837118521916,95.14691235156793,95.47852262634781,7172100
2021-07-07,96.78837585449219,96.97076181455952,95.59458144309849,96.09199999780563,6695100
2021-07-08,96.45677185058594,96.8381214623122,95.90132826339378,95.9676515849827,3948800
2021-07-09,96.64745330810547,97.26922023933372,96.25781168587865,96.41532799910404,4823400
2021-07-12,97.5179214477539,98.11481870289496,96.68061321618012,96.82983752996537,8148400
2021-07-13,97.75005340576172,97.89927139510792,96.73864486725832,97.48476011375014,6540300
2021-07-14,98.37874603271484,98.5380183727923,97.56562824772261,97.96799811906749,6543400
2021-07-15,98.22786712646484,98.48772716158835,97.0291482358539,97.91770685565896,4544600
2021-07-16,98.4961166381836,99.191877975728,98.00992150625234,98.83980828520664,6826100
2021-07-19,96.75251770019531,98.07697756460892,95.34423263832129,97.80034865708217,6762000
2021-07-20,97.2806167602539,98.68890165079392,96.78603728313921,96.86148442849141,5581400
2021-07-21,98.0685806274414,98.1356433350437,97.06266559521438,97.77518927599618,4133800
2021-07-22,98.52962493896484,98.83978515304646,97.56561933966663,97.77518549623356,6257000
2021-07-23,99.07451629638672,99.47687980893373,98.5547898309397,98.8984814602158,4411100
2021-07-26,98.73919677734375,99.30921701182491,98.30329556514832,99.02420369685836,3730100
2021-07-27,98.88169860839844,99.16671191867046,97.87578357374241,98.73919515098834,3773100
2021-07-28,99.37629699707031,99.69483532639661,98.32846597177624,98.60508850190956,5650400
2021-07-29,99.64452362060547,99.86246783006992,99.04097203496137,99.77864264216421,4632200
2021-07-30,97.49020385742188,99.8792573823109,97.33931592977345,99.75351637669502,9017200
2021-08-02,96.77766418457031,98.27815887553719,96.74413922209904,97.9847674880191,9245500
2021-08-03,97.4482650756836,97.49855890788778,96.30822464574268,96.96207004620403,5902700
2021-08-04,96.46751403808594,97.67461099265884,96.32501055800034,97.05429683576354,4602000
2021-08-05,96.50104522705078,96.86987738688906,95.93940295546128,96.50942327025079,5132400
2021-08-06,95.93939208984375,96.86148837363947,95.92262960988933,96.6183908438617,5340400
2021-08-09,95.61247253417969,96.55971576698701,95.34422807786528,96.04837377284828,5277900
2021-08-10,96.24955749511719,96.42559232361914,94.65685320499398,95.72983105231205,5120800
2021-08-11,95.32746124267578,96.68544594272255,95.18495778077369,96.5345644386747,6840400
2021-08-12,96.93692779541016,97.01237494279923,95.48673346981391,95.52864286685049,4863600
2021-08-13,97.6410903930664,97.8758035226282,96.98723845227596,97.0878325344252,4416400
2021-08-16,99.25894165039062,99.43497649734314,97.83388760125342,98.0769851695554,8180500
2021-08-17,100.30675506591797,100.37381138003339,98.91523262192813,98.98229533149554,6551700
2021-08-18,98.320068359375,100.52470223884146,98.22785872986765,99.89600370790156,5586900
2021-08-19,98.85655975341797,99.7199714010735,97.4147433961689,97.4147433961689,6145200
2021-08-20,99.60261535644531,100.1474887121893,98.62184715337754,98.9990637251875,4112500
2021-08-23,100.0552749633789,100.96898041528105,99.93791841717959,100.42411347740655,4748300
2021-08-24,100.32353973388672,100.35707109608647,99.26732420868143,100.35707109608647,3831500
2021-08-25,100.92707824707031,101.76534300594058,99.64453418927121,100.47441450982606,5241100
2021-08-26,100.92707824707031,101.63960201301953,100.71751205735275,101.31267926869633,5035400
2021-08-27,100.23968505859375,101.12824351159021,100.10555964922368,100.87676156674708,4279900
2021-08-30,101.069580078125,101.34620897896377,100.20616841379716,100.45764400009855,3260900
2021-08-31,101.24561309814453,101.57253583131173,100.61691455044571,101.28752889283872,6021800
2021-09-01,94.11197662353516,101.87430966563406,88.93988487324206,101.43003039050173,50943200
2021-09-02,93.90241241455078,95.34422877609406,92.89649729486831,95.18496282600661,14719200
2021-09-03,93.56710052490234,93.94431705111646,93.06413662934804,93.19826204028296,5364800
2021-09-07,91.39600372314453,93.52519693355855,90.8008365242597,92.58633812091422,12694200
2021-09-08,92.51091766357422,92.96358149067026,90.29789877251828,90.5829057772896,10823200
2021-09-09,89.9206771850586,91.99119260748918,89.86199889515163,91.73971696308244,10337100
2021-09-10,89.42607879638672,90.80083239804763,89.15783434717123,90.09669311715152,7620100
2021-09-13,90.09668731689453,91.17804308644759,89.53504514134433,90.02124017282587,7398900
2021-09-14,89.2584228515625,90.59126057682198,89.0656191678357,90.52419786983425,6102700
2021-09-15,90.33979034423828,91.20320841896076,88.88121145300033,89.3506376719154,7444300
2021-09-16,90.59964752197266,91.16128331877528,89.30033471878865,90.73376654420896,5821800
2021-09-17,90.30625915527344,90.74215398628947,89.7781482999544,90.11345545982557,14157200
2021-09-20,89.19135284423828,90.10505816921503,88.4872072694051,88.93987091134403,7103400
2021-09-21,89.820068359375,90.03801898296098,89.02371301742532,89.06562881269463,6400400
2021-09-22,89.19975280761719,90.180521004813,88.79738292403688,89.70271036550332,6319100
2021-09-23,89.99610137939453,90.75891895343948,89.40093419215331,89.6859411288101,5847800
2021-09-24,89.75301361083984,90.57451594467969,89.22490907901972,89.58536320578828,5836100
2021-09-27,90.29788208007812,91.06908413384625,89.71109290359594,89.80330253996524,4969600
2021-09-28,89.97933197021484,91.0523161839379,89.72785639149954,90.21405146398232,6445600
2021-09-29,91.23673248291016,91.85705300374235,90.09669830469312,90.4068521696567,6270100
2021-09-30,90.4236068725586,92.56117781654291,90.3481597311148,91.53849395674857,7886400
2021-10-01,91.4462890625,91.94925297691253,89.58534688189062,90.7421498150454,8611500
2021-10-04,91.14452362060547,92.37676735709589,90.27272756538453,91.23672685376484,9779200
2021-10-05,91.79837036132812,92.69531334695414,91.45467875974278,91.69777629356973,7146900
2021-10-06,91.63910675048828,91.9324981484212,90.65833847934702,91.6223442686576,5710300
2021-10-07,92.93841552734375,93.70961756569196,91.84028435129862,92.02470362034983,7842600
2021-10-08,93.19827270507812,93.6760833441699,92.74560898455135,93.0893005928124,5019800
2021-10-11,92.49412536621094,93.3826903109331,92.44383152997368,93.16473969481798,4613800
2021-10-12,91.01040649414062,92.42707601243119,90.66672126154187,92.30971945540207,6305800
2021-10-13,90.97686767578125,91.40438446730502,90.53258840410751,91.02716151168327,5471100
2021-10-14,92.40222930908203,92.47009858019261,91.46047439693331,91.59621941214172,7289500
2021-10-15,92.7585678100586,93.29307473379966,92.54646096322666,92.6058506214201,4634500
2021-10-18,91.14655303955078,92.47009767151597,90.85808436646336,92.47009767151597,7949400
2021-10-19,91.16352844238281,91.68955580048141,90.66295934552093,91.41805927084714,4614900
2021-10-20,91.97801208496094,92.57190864053646,91.20594008972579,91.20594008972579,5626800
2021-10-21,92.27496337890625,92.43616017898174,90.90899478344667,91.97801509141225,4811800
2021-10-22,92.59736633300781,92.66524207882887,91.89317003433597,92.19860441754334,4614400
2021-10-25,92.05438232421875,92.59737539796957,91.41806170907438,92.54647182011419,5697400
2021-10-26,92.89433288574219,92.9706947330447,91.79986054298983,92.31740187885696,5047400
2021-10-27,91.96953582763672,93.08945978996825,91.77439466824356,92.97068046615942,4875300
2021-10-28,93.04702758789062,93.24216873000078,91.79983832536972,91.96104159611346,5193300
2021-10-29,97.28916931152344,97.50127616350093,94.53178023581592,95.10022504559863,16545000
2021-11-01,97.407958984375,98.18003111467134,96.35591069917987,97.78126915489086,7096800
2021-11-02,98.86724853515625,99.85142747246724,97.70490708521375,97.7812624477701,10357800
2021-11-03,99.74961853027344,99.78355640622028,98.62120842874555,98.86725317461924,6186900
2021-11-04,99.3169174194336,99.87688265583667,98.69756899212608,99.74961724092798,4912200
2021-11-05,99.41873931884766,99.53751865651626,97.99338079383595,99.03694951533977,4635800
2021-11-08,98.4684829711914,99.64779655131157,98.23092433246035,99.43568969916065,7015000
2021-11-09,98.0866928100586,98.91814804208708,97.91700991825326,98.62119974493405,3146800
2021-11-10,99.05390167236328,99.35084997592703,97.90003985881195,97.90852594548164,4981100
2021-11-11,98.95207977294922,99.68172781379918,98.66361758018793,99.21509665380528,3120900
2021-11-12,99.24055480957031,99.60537885341564,98.78240323313753,99.60537885341564,2740300
2021-11-15,99.13026428222656,99.94476036439995,98.60424338401675,99.22359182345501,3941000
2021-11-16,98.77392578125,99.66477722546585,98.70605002925512,98.93512907399085,3476400
2021-11-17,99.5629653930664,99.79204444193351,98.62969644176347,98.92664477086147,4361500
2021-11-18,99.32539367675781,100.42835186616097,98.96056964238483,99.61386235353488,3160300
2021-11-19,98.62120056152344,99.94475172591625,98.29880047522886,99.80051414640127,5885800
2021-11-22,98.12064361572266,99.55448171752948,97.57765052279198,98.37516798697801,3975800
2021-11-23,100.86105346679688,101.24284970513769,98.54485014074467,98.8927020311571,8948300
2021-11-24,100.67440032958984,101.16648331159486,100.18231087459735,100.6913660298021,5792800
2021-11-26,98.85028076171875,100.20776334248688,98.27334985576884,99.78354963143512,5016700
2021-11-29,99.17266845703125,100.0465475569006,98.90965806040677,99.12176488942309,4372500
2021-11-30,97.80670166015625,99.08782874211641,97.6539844816909,98.99450121788831,8172100
2021-12-01,98.34124755859375,100.9459200670479,98.08671668594144,98.23094782638289,6287500
2021-12-02,99.15570068359375,99.7750489864865,98.07819438986942,98.62967342836728,4919800
2021-12-03,100.8355941772461,100.96285958055854,99.26600479769202,99.89383925491619,6428100
2021-12-06,102.95667266845703,103.8899415951974,101.14103839205679,101.49737637759598,8939900
2021-12-07,103.0924301147461,103.62693712386998,102.65973026565248,103.49119208616685,6123300
2021-12-08,103.39783477783203,103.88143806773597,102.44759389548287,103.47419012587592,5278100
2021-12-09,105.33226013183594,105.59527054730681,103.59298142007691,103.68630894937056,8082300
2021-12-10,106.45219421386719,106.9103458180444,104.96744616204738,104.96744616204738,7059500
2021-12-13,107.33456420898438,108.37812640300089,106.22311978886005,106.22311978886005,7834200
2021-12-14,107.99632263183594,108.47143989616109,106.37582321917554,106.64731972350238,6381400
2021-12-15,110.49069213867188,110.95732977869947,108.25933049860151,108.81080958054675,9585600
2021-12-16,111.80577087402344,113.0784120780343,110.2192156490688,110.38041893959965,9569000
2021-12-17,109.89681243896484,111.16097406761028,109.76106093267214,111.00825038653696,12631100
2021-12-20,111.02523040771484,111.47489597635912,108.7938617944965,109.03142047430943,7119200
2021-12-21,110.25314331054688,111.44094949490498,109.57439876891014,111.3391293987755,6085900
2021-12-22,112.03483581542969,112.4845012819093,110.10890207754251,110.21920177738723,7070900
2021-12-23,112.91719818115234,113.49413553801942,112.1366465361936,112.27239802557109,5702300
2021-12-27,114.03712463378906,114.09650781711852,112.97659043314592,113.00204221828342,4436800
2021-12-28,114.02017211914062,114.75829990733207,113.46869941812022,114.15592362726073,4237200
2021-12-29,114.84312438964844,115.27581766921776,113.75713843835888,114.2068038894722,5594300
2021-12-30,115.32674407958984,116.09033659862337,115.0722261858883,115.17403334336892,6354300
2021-12-31,114.87705993652344,115.56429697615711,114.7922249676863,115.42005293178302,3963400
2022-01-03,114.89402770996094,115.13158632716869,113.27352839931447,114.88554809719413,6839800
2022-01-04,114.67345428466797,115.57278528706374,114.01168192645316,114.81768539392246,6298300
2022-01-05,115.27582550048828,117.21023891676069,114.53769781285067,114.53769781285067,7724900
2022-01-06,114.73283386230469,115.94609177816974,114.6734506761157,115.72549236838987,4667000
2022-01-07,114.43590545654297,115.25038860760644,113.79958483091,114.74981948914281,8630300
2022-01-10,115.71702575683594,116.14971911960062,114.17289444475274,114.60558780751742,9794400
2022-01-11,116.20909118652344,116.31089832232618,114.36800545357362,115.25885672976831,7159400
2022-01-12,116.48059844970703,116.56544637275883,115.4115845275218,115.8273186369149,6589300
2022-01-13,114.45752716064453,115.82908939631804,113.9260348585367,115.72622582572822,8386400
2022-01-14,116.4720230102539,116.62633145988046,113.40313311087827,114.31180935798412,10484500
2022-01-18,117.2520980834961,118.28077304424251,115.96625111248511,116.1634106522195,12341900
2022-01-19,115.9062728881836,117.86932720040112,115.58908834946705,116.9349480367788,6196700
2022-01-20,114.03749084472656,115.55479406857131,113.79746710178438,115.29762203532955,6612800
2022-01-21,113.13738250732422,115.08330120697973,112.87164289906296,114.06319387438087,7583000
2022-01-24,113.29170227050781,114.22608133502393,109.94849204178286,113.85747812033536,13733800
2022-01-25,114.08891296386719,115.14331690274413,112.1172783165686,112.71735070336824,10296500
2022-01-26,115.06616973876953,116.13770901278855,113.8660509839936,114.2603701118571,8040300
2022-01-27,116.5577621459961,118.55511300858075,116.03485043450128,116.15486231515679,8869100
2022-01-28,118.22935485839844,118.28078665030529,115.38335337027534,116.57490451059942,8014400
2022-01-31,117.34642028808594,117.58644406324863,116.25773261339569,117.28642088445262,10300000
2022-02-01,117.44071960449219,118.1607909503828,116.61777158039214,117.75789108487649,7413900
2022-02-02,118.82941436767578,119.50663450939606,114.05464219568093,116.07770885499191,11363100
2022-02-03,120.63816833496094,121.47826450442048,119.18944521123127,119.58377740100951,10272700
2022-02-04,120.56958770751953,122.41264301265872,119.3523207241937,120.14097201985638,6921500
2022-02-07,122.18119049072266,122.59265790055541,120.29528402531665,121.01535526260224,9597800
2022-02-08,123.02127075195312,123.09843151726427,121.08393254022218,121.75257197083343,7559500
2022-02-09,122.75553131103516,123.42417074270466,122.44692749024055,123.42417074270466,5989100
2022-02-10,122.33550262451172,123.80136103877157,121.99260220574223,122.7126734646879,7333400
2022-02-11,121.73544311523438,123.10701877563044,121.33254325550485,122.46409513737882,6475200
2022-02-14,122.58407592773438,122.74695196762107,119.53233459189377,121.53825269507283,9931900
2022-02-15,124.09281921386719,124.69289168935023,122.75554025311463,122.88413281799548,9530100
2022-02-16,125.0443344116211,126.20160198080227,123.57847610965828,124.07567186854955,8028900
2022-02-17,124.2728500366211,124.7014657812241,123.0812987898373,124.1271222530938,5486600
2022-02-18,123.46704864501953,124.92433954055464,122.90127273065312,124.03282455938594,7585900
2022-02-22,124.77861785888672,125.45583808412327,121.08395210348219,121.08395210348219,11576800
2022-02-23,125.80725860595703,127.17026628936652,124.60714003976585,125.34435946765797,9271000
2022-02-24,124.52999877929688,124.89860197207793,122.98697977161709,123.10699163441929,12070200
2022-02-25,128.1903533935547,128.89328928626782,125.19862474857237,125.26720481715249,8320700
2022-02-28,126.67308044433594,126.93882007038948,124.95003705681965,125.71297243626564,11090600
2022-03-01,126.6044921875,128.15607874026813,125.33579353202337,126.58734389909435,7489900
2022-03-02,128.21609497070312,129.65623731154778,126.20159613406835,126.6130635056937,8247200
2022-03-03,128.93618774414062,129.26192680611138,127.59890875206574,128.42184363319762,5408400
2022-03-04,129.06475830078125,129.16762188372633,126.95597636852807,127.3845920712168,5389500
2022-03-07,128.1132354736328,129.22763895631718,127.03312857335861,127.72748394355729,7137700
2022-03-08,126.14159393310547,128.4904126529779,125.46438688966279,127.72747723832393,8817500
2022-03-09,127.5903091430664,128.67899660425425,126.66449772886479,127.09311339764449,5368900
2022-03-10,127.87317657470703,128.3703722405011,126.61304566388465,126.93023010259556,4635700
2022-03-11,127.77891540527344,128.92760238707348,127.71033532094474,128.01893916026705,5171400
2022-03-14,130.3848876953125,131.13067475052645,127.74461368657833,129.21047190408927,8647200
2022-03-15,133.62525939941406,134.09672629189467,130.43635695835826,130.5220722659386,8384300
2022-03-16,133.77096557617188,134.43103743141378,131.60217113211905,134.15671709873175,7178900
2022-03-17,135.9483642578125,135.96551255330422,133.90816182507402,134.73109688423932,7227900
2022-03-18,136.47125244140625,136.67699271070765,134.705357640925,135.44257725552845,9912800
2022-03-21,137.19989013671875,137.97139317556244,136.2912269326498,137.11416176337465,5825000
2022-03-22,137.16558837890625,137.41419280403431,135.45970630442955,137.19988495907492,5756600
2022-03-23,135.8025665283203,138.16851995569422,135.751134748642,137.1655610110365,6300600
2022-03-24,137.3970489501953,137.78280046751473,136.17121431599818,136.48838575107877,4638100
2022-03-25,138.29713439941406,138.85432954130115,137.35417468819193,137.62849499702466,5129400
2022-03-28,138.8457794189453,138.8972112132492,136.75413258182795,137.67994412023958,4516500
2022-03-29,139.02578735351562,139.9687471607753,138.26285190230138,139.72015580085065,6154100
2022-03-30,140.37164306640625,140.885987143355,138.63146435451188,138.63146435451188,5151800
2022-03-31,138.96580505371094,141.15174809018464,138.95723744725026,139.6687281126281,8670100
2022-04-01,139.4543914794922,139.7887242672637,137.24274607957125,139.00005990474824,5703300
2022-04-04,138.7771759033203,140.44877433754976,138.4085727194979,139.30008752431638,6892400
2022-04-05,140.0973358154297,142.26614351411598,138.7343408886865,138.77720507915248,6683300
2022-04-06,144.79493713378906,145.10354091458262,140.41448481546698,141.00597648534722,8810800
2022-04-07,148.54107666015625,149.66404785790846,143.6205630290604,143.7320073123019,7469000
2022-04-08,149.98118591308594,150.7955529880952,147.87239127350097,148.30100690038068,7204200
2022-04-11,145.58360290527344,150.0497709495422,145.146419622187,149.92975908279422,8163200
2022-04-12,143.42337036132812,146.20937215725232,142.48042375551015,145.13783300497377,8279700
2022-04-13,137.41500854492188,142.64534032860107,135.25371550964005,142.64534032860107,18312600
2022-04-14,140.31971740722656,141.66836148257883,135.57352869523527,136.46397992938398,11074800
2022-04-18,137.76943969726562,140.7347268916572,137.2420837611383,140.01718933782098,6500200
2022-04-19,135.16725158691406,138.75499221494368,132.88492700898183,138.668535229805,9359900
2022-04-20,135.4698028564453,136.6801344962395,134.44967919165077,135.17587026063825,6250000
2022-04-21,137.04322814941406,138.65123017522995,134.30271105004965,135.72915871537018,7903300
2022-04-22,133.99151611328125,136.8703597689304,133.42957205807932,135.97125455720115,7938300
2022-04-25,135.12400817871094,135.4179407893626,132.1327735889831,133.86180756902678,6932600
2022-04-26,135.020263671875,138.05472689553113,134.7090502043031,135.24504654265428,6787800
2022-04-27,136.2651824951172,137.89047888126217,133.61976225229597,135.34879647024283,6039100
2022-04-28,135.13262939453125,136.97405454284748,133.42953011091532,136.90489161049734,7465000
2022-04-29,126.98027038574219,129.5565275388732,120.97186624702265,129.29716978177655,25155900
2022-05-02,127.83610534667969,128.72655666746857,124.0063019444588,126.78139370995255,9690800
2022-05-03,129.33175659179688,130.317305505978,127.90529553740093,127.99175251941888,6163400
2022-05-04,131.0521697998047,131.726492215119,127.5941007196342,128.10416274300255,5791500
2022-05-05,131.56219482421875,132.54775689872702,129.71212891427706,132.07226989562645,6869300
2022-05-06,132.1241455078125,132.72066439727692,128.82168396558257,129.4009088200163,6145600
2022-05-09,130.50750732421875,132.7379498354896,128.75252547365534,131.0780785851454,6969000
2022-05-10,131.48440551757812,133.5938293994552,130.11846688601045,130.7755083392744,6525200
2022-05-11,131.3719940185547,133.7926307870338,130.49018308633387,130.55934602135912,5630000
2022-05-12,133.38632202148438,133.43820412228916,129.80722217194133,132.59962157762604,6914800
2022-05-13,132.703369140625,133.47278879886244,131.320136563543,132.63420619262254,6398500
2022-05-16,134.40646362304688,135.63407622188004,132.5045287965657,133.07510001047194,6565600
2022-05-17,133.80995178222656,134.68310927884045,132.14144015977473,134.32866730370006,6032200
2022-05-18,131.77835083007812,134.6053257755455,131.19048546435852,133.818611955404,6498100
2022-05-19,131.16452026367188,131.7523854916184,129.05509667354363,130.71496773016523,5994800
2022-05-20,130.5507049560547,132.72065102763136,127.78425324658635,131.69187370641916,6746400
2022-05-23,127.9744644165039,131.4065983362632,127.24827322323335,131.10401207665848,6886400
2022-05-24,128.90814208984375,130.84466509442333,126.74684939381088,127.10994498376634,6367200
2022-05-25,131.3719940185547,132.2624453708483,129.49598073576186,129.98876170101147,5042600
2022-05-26,130.17031860351562,132.33161089732587,130.01469869879102,131.08670442545417,6659300
2022-05-27,129.67755126953125,129.72077975825096,127.73238800048827,129.2625867990839,8405000
2022-05-31,127.40387725830078,128.7093064855023,126.79871794344761,128.50181763834536,11227800
2022-06-01,126.23677825927734,127.8534208565057,124.7671019716622,127.76696387838838,5597900
2022-06-02,126.86786651611328,127.14451828097299,123.53947087436171,126.78140954172406,5998900
2022-06-03,127.2309799194336,128.1300850899256,126.86788432071016,126.86788432071016,4891800
2022-06-06,126.67768859863281,127.79292303598051,125.92556294889876,127.08401268771497,3912400
2022-06-07,128.93406677246094,129.11562114941702,126.10709244674578,127.01483794856067,4991200
2022-06-08,129.02919006347656,129.5479056518837,128.16467287712163,128.72660377165818,4835200
2022-06-09,125.7267074584961,130.1271092408354,125.61432921291184,129.4354929668905,5642900
2022-06-10,123.7988510131836,125.0351173750015,122.89110538372707,124.7844000187832,5464700
2022-06-13,120.53095245361328,122.82193030249299,119.97766212928993,121.7758589812113,5997000
2022-06-14,118.9748306274414,121.60296981194051,117.85096903048019,120.54825796956014,5861800
2022-06-15,119.38116455078125,120.24568166075834,117.77316219856448,118.0671080414847,5981800
2022-06-16,120.29753112792969,120.41856297609961,117.36681912658193,118.04114130802604,6963400
2022-06-17,119.54540252685547,120.62604871197058,118.60308221939071,118.95753733406409,10429900
2022-06-21,124.0322494506836,124.464507931186,120.77301681408038,120.98914605433158,7160500
2022-06-22,127.56813049316406,129.76401113069036,124.1532908721423,124.24838827284593,7995700
2022-06-23,129.20211791992188,130.36922164250976,127.55088658222702,128.57102393533515,7795000
2022-06-24,131.70053100585938,132.04634575853845,129.34904345357768,130.44698385717223,8527600
2022-06-27,132.39210510253906,134.38913684331771,132.05494407086837,132.271073275567,5377300
2022-06-28,131.83023071289062,134.10390194653132,130.87925652974292,132.41809606866528,5735700
2022-06-29,133.25662231445312,135.40062033777428,132.57365982984172,133.0491335283976,6140900
2022-06-30,132.409423828125,133.1701898003479,130.42967255661466,132.41806424899173,7289500
2022-07-01,132.9627227783203,133.01459168984428,130.9397560799872,132.34026945706657,4620000
2022-07-05,133.07508850097656,133.17883950574503,129.38361060238776,131.32012013830797,5478800
2022-07-06,131.8647918701172,133.99150973492593,131.13860067393236,133.66298901649202,5113600
2022-07-07,131.40660095214844,131.90802245981237,129.6862071512748,129.85046751310247,6516100
2022-07-08,132.14141845703125,134.2162538191894,131.2250194274052,131.40657378754776,4078400
2022-07-11,132.46990966796875,133.56784973154467,131.6486213208604,131.6486213208604,4491000
2022-07-12,131.8042755126953,133.62840701952828,131.45846077710888,132.27110891638281,5319500
2022-07-13,131.53627014160156,132.98866571430213,130.80143852901597,131.40659785452291,5221200
2022-07-14,131.2744903564453,131.77186749472105,129.57291596517382,129.92195208624892,7576900
2022-07-15,134.0493621826172,134.26751308491404,132.13835814811677,132.49612882345346,4873000
2022-07-18,130.51531982421875,134.79107190832542,129.9219424843951,134.20642912555155,6838400
2022-07-19,130.6636505126953,131.0912176984193,129.84340110719765,130.89052262522495,5647100
2022-07-20,128.8748321533203,131.28321337705063,128.5694155570879,130.48041963580718,5315700
2022-07-21,128.9272003173828,129.00573145703123,127.4175996018996,128.48217721116555,4066800
2022-07-22,129.5554656982422,130.27099377147016,128.77884897803582,129.5554656982422,3639700
2022-07-25,131.08250427246094,131.71077988371147,129.59034636702256,129.61652340791858,4347000
2022-07-26,131.6497039794922,133.997009849292,131.17850388291183,131.89403192807083,4900600
2022-07-27,131.89402770996094,132.199444293354,129.9568466689872,130.45423710796317,4145800
2022-07-28,130.6724090576172,132.99353818369343,127.94115511171259,132.1471114972286,6572300
2022-07-29,125.22732543945312,127.6618966986496,121.33552122524806,126.91145714438223,17754700
2022-08-01,122.35649871826172,124.64271627928875,121.42280631593293,123.48215169563433,8523900
2022-08-02,122.50484466552734,124.64272127269511,122.251795426791,123.19419579612965,5197100
2022-08-03,123.21161651611328,124.7997613414305,122.73168190874416,123.66537408261438,5474200
2022-08-04,121.2220687866211,124.415800585753,121.02137372275806,123.98822010503692,7071700
2022-08-05,120.45420837402344,122.0859863401565,120.37567723692968,121.33554662877265,5371100
2022-08-08,122.46118927001953,122.8625927951895,120.21860488239219,120.45419827391895,4854600
2022-08-09,122.38265228271484,124.11913820293296,122.05979321837931,122.75786543155087,3819700
2022-08-10,122.98474884033203,123.08945700759283,121.2918957902892,122.95857179851684,4075300
2022-08-11,123.97952270507812,124.66887369953704,121.8678235632822,122.36520069804381,5972800
2022-08-12,124.43329620361328,124.86086350628648,122.40012793159984,123.81374170184799,5208700
2022-08-15,124.16273498535156,125.026617165981,122.53097084792307,124.87827618211217,4513200
2022-08-16,124.38964080810547,125.63745751445845,123.97951606751599,124.00569310926649,3852300
2022-08-17,123.42105102539062,124.57288081362893,122.6444343809737,123.40359522583243,3605200
2022-08-18,123.29016876220703,123.54323128711981,122.00745359528482,123.46470015106091,3525200
2022-08-19,123.77880859375,125.09643505125516,123.43849377016272,123.71771995919394,4530700
2022-08-22,122.46118927001953,124.48563606674698,122.129608947357,123.88353743642934,4023500
2022-08-23,121.30935668945312,122.90622288167883,120.81196624430731,121.85908790555591,3768100
2022-08-24,120.34078216552734,121.69332059388167,120.15752952586598,121.33554987327564,5018900
2022-08-25,121.57984161376953,121.78053668129668,120.13131667538434,121.09118580681358,3301200
2022-08-26,118.9795150756836,122.03362790387624,118.8922493832137,121.19592252674114,3838800
2022-08-29,118.42105865478516,119.30238363317974,117.59207445519839,118.84862596312325,3835800
2022-08-30,118.28144073486328,119.10169038857495,117.70551906546446,117.9236700025207,4337100
2022-08-31,117.33028411865234,118.70898606846018,117.0772216221962,118.40358280205933,5789600
2022-09-01,120.81195831298828,120.93412227686596,117.01614087579867,117.48734093222018,4521000
2022-09-02,118.91841125488281,121.6409300821672,118.50828651937861,120.99521197382971,3601600
2022-09-06,120.06153106689453,121.59732198758542,118.8835241473644,119.8084818710306,4810600
2022-09-07,121.03883361816406,121.3267810472135,118.09815085956008,120.02661039374921,4141700
2022-09-08,122.61827850341797,122.66191135240773,120.98650049235856,121.85038296880178,3988300
2022-09-09,123.40361785888672,124.05807065617496,122.25178785939505,122.51355832640935,4427000
2022-09-12,124.11913299560547,124.6688641746708,122.44373578751063,123.04582104887996,4938400
2022-09-13,120.88179016113281,123.84863743151176,119.97428816668334,122.64445337299958,6195900
2022-09-14,121.77182006835938,122.54843664426173,120.65488866290144,121.4402264803766,4673600
2022-09-15,124.35472869873047,125.56764711606183,121.6322098488641,122.15577731147239,6416900
2022-09-16,125.70729064941406,126.39665504935182,123.35126325196,125.13136899462773,13887500
2022-09-19,124.48562622070312,125.53274782262508,123.41231426247506,125.34077397553747,5042500
2022-09-20,123.70902252197266,124.33729821177675,122.48736942963137,123.75265536721253,4532900
2022-09-21,122.43500518798828,125.33205544126858,122.41754938836492,124.0405925666171,5076100
2022-09-22,124.7910385131836,126.05632441013239,122.16450641853983,122.34775903671243,6161000
2022-09-23,124.83467102050781,125.14880885447508,122.99347686042525,123.97080196325369,5751600
2022-09-26,123.22036743164062,124.60780404133385,122.26049808947074,123.9795283473454,5697800
2022-09-27,123.66536712646484,126.99870551993456,123.2901407036742,124.42452789868128,5598000
2022-09-28,126.17850494384766,126.80678069593185,124.45073996817797,125.84691126500425,5226700
2022-09-29,124.53799438476562,126.74568056101708,123.76137766641877,126.39664442586965,5509400
2022-09-30,117.11214447021484,124.18896077019411,117.0074229756451,124.08423927562437,15359000
2022-10-03,120.69854736328125,121.11739340135837,118.07200176595019,118.56939225450309,7437500
2022-10-04,123.9009780883789,124.5379749271936,120.20985562725699,121.47514137794956,6612300
2022-10-05,125.07030487060547,126.06507267493227,123.13312335983055,123.44726126197992,4777900
2022-10-06,122.41755676269531,124.77359720344205,122.07724188134573,124.59906582644254,5124800
2022-10-07,121.08246612548828,122.2081321828936,120.02662326607962,121.30061701716969,4648800
2022-10-10,120.68981170654297,121.80674334116685,119.43326028887226,121.31808741537832,3830800
2022-10-11,123.48212432861328,125.37567244600525,120.43674644185263,120.43674644185263,5675100
2022-10-12,122.14704132080078,124.83466185522522,122.10340848028322,123.59556641079307,4528000
2022-10-13,125.98149871826172,126.21067936512254,120.11964447616985,120.49867555948096,5066200
2022-10-14,125.99916076660156,127.35663843782572,125.3556820520211,125.69945982560364,5290500
2022-10-17,127.29490661621094,127.75326788799438,125.25868394431843,125.74348861830642,4016200
2022-10-18,127.4623794555664,128.58185258649533,126.51918669053865,128.01770430425873,3540400
2022-10-19,126.1666030883789,128.21163563293103,125.4437809331713,127.63867734920319,3333300
2022-10-20,125.99027252197266,126.96871852046215,125.54953132356036,126.19302315749718,3880100
2022-10-21,129.63082885742188,130.24786398665304,125.54956011992066,126.35171251309968,5419400
2022-10-24,133.00694274902344,133.57109121825738,131.0764932127878,131.08531664925675,5139700
2022-10-25,132.06373596191406,132.75129134706873,129.83357250195203,130.48587449956239,5229400
2022-10-26,134.4348907470703,134.76985839997363,132.83940957989273,133.11266700184837,4727900
2022-10-27,135.3075714111328,135.7395027027168,134.0382343872059,135.53675203198105,6850400
2022-10-28,130.11569213867188,131.3233194143468,125.47027346344882,128.63479386415653,10812200
2022-10-31,129.04905700683594,129.38402472425005,127.00402421456181,127.9648370930456,8604800
2022-11-01,129.49862670898438,130.1949921239551,127.41832699858612,129.2782560339437,6351200
2022-11-02,127.39186096191406,130.52993666494356,127.35659412797204,129.6043773041305,5345000
2022-11-03,127.30372619628906,128.18520887050545,126.0784658171426,126.93350508716115,3850700
2022-11-04,128.06178283691406,128.32623029002139,126.12252393138732,128.12349307112677,4623700
2022-11-07,130.54759216308594,131.1646273578762,127.55054293782693,128.06180451361274,4304000
2022-11-08,130.92662048339844,133.6592221527373,130.42418235344226,131.1910679756503,4637500
2022-11-09,130.1244659423828,132.7248505492155,129.61320438562905,130.97950519846228,4573700
2022-11-10,131.9755859375,132.80418179627506,130.23906400803094,132.80418179627506,5607700
2022-11-11,132.36346435546875,132.68079871078376,128.47612186544993,131.81693585720592,6786400
2022-11-14,133.75619506835938,136.22433596639186,133.08625958144273,133.08625958144273,7077100
2022-11-15,134.90208435058594,135.23705202572796,132.18712991646223,135.21060862509637,5909500
2022-11-16,133.87075805664062,138.1195106415987,133.30660973108155,135.25469219376535,7358700
2022-11-17,134.1264190673828,134.9285716015532,132.19596968419978,133.07745243813838,5069500
2022-11-18,136.61219787597656,137.19397974055647,135.45745758287268,135.45745758287268,5691100
2022-11-21,138.48973083496094,139.82958814349206,136.12735048964672,136.98238968156883,6492100
2022-11-22,140.85211181640625,140.93145548004605,138.8864092019566,139.0010062547132,5351100
2022-11-23,140.49951171875,141.86581244507204,139.99707362863708,140.99313982495113,3221100
2022-11-25,140.70225524902344,141.6983349402764,140.36730099074225,140.6758118457475,1661900
2022-11-28,139.65330505371094,141.68071806046984,139.1244234760951,141.0372394217089,3902800
2022-11-29,139.45054626464844,140.5347661092583,138.57788708864715,139.5475098897994,3689000
2022-11-30,142.07737731933594,142.07737731933594,137.9167912855484,139.97063417188394,12342500
2022-12-01,142.4740753173828,143.8579963779551,141.01962056541245,141.91873682568863,5827800
2022-12-02,144.26345825195312,144.35159844950297,141.48677974714707,141.67189702761075,4304900
2022-12-05,144.51028442382812,145.61213786313343,143.58472484473978,143.58472484473978,4859400
2022-12-06,144.3163299560547,144.90692167422307,142.40351435980153,144.58958740546845,5480400
2022-12-07,145.79725646972656,145.91185354313149,143.9108837286677,144.2899283443513,4637800
2022-12-08,146.31732177734375,146.52886902226453,144.80998040548852,145.79723674940934,4274400
2022-12-09,143.7345733642578,147.868729564957,143.5142026793622,146.99605681064105,4644800
2022-12-12,145.72671508789062,145.87656552119464,143.46129826888622,143.86678619751166,4109400
2022-12-13,145.25953674316406,147.6483609185719,145.15376311706873,147.16354271503607,5050400
2022-12-14,145.32122802734375,146.30848427635345,143.5318193508348,145.0920473839258,4485400
2022-12-15,143.76983642578125,145.10087048542346,142.75612323170031,144.46620185358321,5268300
2022-12-16,141.4603271484375,143.96374801251673,141.4603271484375,142.84426131856608,18905500
2022-12-19,142.3506317138672,143.0029202378764,141.0901045857624,141.72477314180617,4033400
2022-12-20,141.5484619140625,142.66794845872118,141.09891067976125,142.45638781592058,4221000
2022-12-21,142.9853057861328,143.44366707734744,141.3545575124828,142.31537036759832,3707200
2022-12-22,143.919677734375,144.02545134951197,142.38589306309933,142.68559393955934,3606000
2022-12-23,143.76983642578125,144.40450505762146,143.091090968049,144.02546049538077,2685100
2022-12-27,143.67288208007812,144.39569096008654,142.60628200609483,144.11362346678266,2669200
2022-12-28,143.00296020507812,145.1714139526711,142.8971865662944,144.29874108162252,2944500
2022-12-29,143.29380798339844,144.45737146084684,142.96766372851832,143.64640909036322,3112500
2022-12-30,142.45639038085938,143.54943354614275,140.87854259059014,143.00290523832317,3680400
2023-01-03,143.13516235351562,143.69931073255768,141.7512280851897,142.8354480190571,4937500
2023-01-04,144.28993225097656,144.81000391297704,142.3682926120601,143.15281182349912,4440400
2023-01-05,144.1135711669922,144.99505362050533,143.09985827523917,143.76097011537402,3516000
2023-01-06,146.8109588623047,148.1860698392095,144.66894872492625,145.30361739893766,5099100
2023-01-09,142.50048828125,146.57293381596773,141.81293289098227,146.23796610519602,7833000
2023-01-10,140.7199249267578,143.17044623103502,139.53874110822213,143.00296233356062,5936200
2023-01-11,138.54261779785156,140.4554334143477,136.6826889849814,140.34965980709572,7492000
2023-01-12,135.45480346679688,138.15997814693935,135.00987243808666,137.92861890016832,7665100
2023-01-13,136.6828155517578,136.86967897741775,134.67171863987414,135.3391151736655,6019300
2023-01-17,135.99765014648438,138.01764126850526,135.7751845825946,136.86081762063435,8507000
2023-01-18,132.7674102783203,135.63276706055998,132.65173744924758,135.36580573970087,6190800
2023-01-19,132.33140563964844,133.95984141717847,131.10339153375486,132.5449638645212,7169900
2023-01-20,133.11444091796875,133.22123358120535,130.94317566776698,132.97205975246348,7059000
2023-01-23,132.18902587890625,133.86195749759847,131.74409480127832,133.35474312977644,7616400
2023-01-24,131.42376708984375,132.4737981009213,130.31143919935246,131.7708128485482,5171400
2023-01-25,131.51272583007812,131.68180181707902,130.3648095903543,131.14789265510814,5744300
2023-01-26,131.1656494140625,132.32247269482752,130.90759541625812,131.62838144201174,4577800
2023-01-27,130.16903686523438,131.4148384693042,129.92877027794265,131.0855938121327,4591500
2023-01-30,129.60838317871094,130.9164812869846,129.2613375731413,129.80415388731078,4573400
2023-01-31,131.4771270751953,131.56611871770104,128.50499087927292,129.59062374239494,5628700
2023-02-01,130.4538116455078,131.20129267882186,129.25249217336565,130.48050642682472,5439900
2023-02-02,128.88763427734375,129.8575807901423,127.64183266257673,129.8575807901423,6160800
2023-02-03,129.20797729492188,130.63176212026505,128.76304623427944,129.84867910850446,6553000
2023-02-06,129.04779052734375,130.21350757018098,128.8609135336736,129.68849225104637,4297000
2023-02-07,129.15457153320312,129.43933389382573,127.83757956086534,128.65625098033027,5401900
2023-02-08,128.68296813964844,130.231333193895,128.55838797975863,129.39486058682684,5753800
2023-02-09,132.3224639892578,136.77177356238832,131.6105717419139,132.14449432197566,12216900
2023-02-10,135.3035430908203,136.30907809060713,132.38479631498916,133.20346786643265,8956700
2023-02-13,136.79849243164062,136.84298825085324,134.60053202906988,135.27683589337943,5602600
2023-02-14,135.7840576171875,137.03876646502277,135.04547042828202,136.96757586604434,4662800
2023-02-15,134.4225616455078,136.584933528621,134.21789717203376,135.8107442972755,5648100
2023-02-16,133.0610809326172,133.92424827018414,132.34918852517188,132.68734047380752,3757500
2023-02-17,134.64503479003906,134.71622538880604,132.24240978908173,132.72292935798586,4562400
2023-02-21,135.25904846191406,136.1667116679677,133.31915546862385,133.31915546862385,8466100
2023-02-22,134.07553100585938,135.3925232104634,133.69289679178473,134.3691871502097,6041700
2023-02-23,135.3213348388672,136.65612797677724,132.7407266253103,134.28018424246554,5993300
2023-02-24,135.89083862304688,136.13109159845027,134.28908422927145,134.63612988307136,5621100
2023-02-27,137.2879180908203,137.70615434698456,136.23788737327948,136.3802549840152,6828800
2023-02-28,136.94979858398438,137.36803493916457,135.81077595913385,137.003201726148,7561700
2023-03-01,138.16888427734375,138.44473934027297,135.5882761859374,135.93532184223824,5485800
2023-03-02,137.37692260742188,138.61383044869996,137.22564767180873,138.13329728548757,4567800
2023-03-03,138.8718719482422,138.96975731870194,137.0476519959746,137.3324143748457,4851200
2023-03-06,138.1778106689453,139.22785519659024,137.51930770827917,138.6316355334595,4051900
2023-03-07,136.08660888671875,138.52483600862936,135.3035394462936,138.43585794264982,4606900
2023-03-08,133.12339782714844,136.8074269933703,132.1801324378898,135.96204699459037,5860100
2023-03-09,131.12120056152344,134.28910782004758,130.4271091319915,133.54162683104698,5350200
2023-03-10,133.2212677001953,134.04883297748682,131.22797160726904,131.55721625588367,6825500
2023-03-13,135.2145538330078,136.43367423744823,132.5894631507015,132.5894631507015,7653800
2023-03-14,136.90530395507812,137.0298841190883,134.7785338549059,135.2145576398318,6644100
2023-03-15,137.09217834472656,137.37694078701293,135.01879763832352,135.4192329418457,6304600
2023-03-16,138.19558715820312,138.74729731642114,135.71286428978578,136.32687131268938,6331200
2023-03-17,137.23452758789062,138.8807778254804,135.1522536322041,138.62271022501497,42756400
2023-03-20,138.9252471923828,139.1210179131407,137.4480866333227,137.5014761793083,4408200
2023-03-21,139.50369262695312,139.75285294192682,138.01762447042475,139.38800620278005,4675700
2023-03-22,136.7451171875,139.60158070992318,136.69172763014575,138.5337352499622,4376900
2023-03-23,138.19558715820312,139.26341896497465,137.05656475388443,137.1277553514316,4584000
2023-03-24,140.6160430908203,141.02537214106607,137.56380837060237,138.17781552419197,4678700
2023-03-27,140.18887329101562,141.61265812324686,140.04650567036728,141.33680303682894,3887800
2023-03-28,140.82069396972656,141.1321511728274,140.10880148993866,140.42025869303953,3532500
2023-03-29,140.59820556640625,142.11096835369244,139.13883233023807,141.4702665838413,3959900
2023-03-30,140.5270538330078,141.0698703831786,140.08212267969475,140.60713818183106,3635800
2023-03-31,141.8173370361328,141.99532034193032,140.35796354484418,140.98086438047594,4957300
2023-04-03,142.75172424316406,142.79622007870404,140.41138179163232,140.8207244690884,4389400
2023-04-04,142.1821746826172,143.91740317707044,141.95970914286116,142.83177025680348,4224400
2023-04-05,143.0897979736328,143.86397349100727,141.4969375494853,142.37790572934307,5743000
2023-04-06,143.7572479248047,144.32675921661158,142.9296689789892,143.0898512432394,5498300
2023-04-10,143.51698303222656,144.21107450308958,142.5648374824921,143.89963086157024,3309500
2023-04-11,143.60594177246094,144.68266724764794,143.43686581068349,143.70382714095223,2875800
2023-04-12,144.47801208496094,145.47465329873165,143.80172177250486,144.26444029134515,4005000
2023-04-13,146.10348510742188,146.2561516792583,144.1816622279367,144.58578123610727,3868500
2023-04-14,145.11563110351562,146.38188257899319,144.52291589757328,146.05858462149106,3473100
2023-04-17,144.74742126464844,145.66343438554884,144.2714567525334,145.41198195285145,4354100
2023-04-18,143.3195037841797,144.79230223097662,142.25981352387117,144.5857549892962,4996200
2023-04-19,144.77435302734375,144.98090027172555,142.35860123230913,142.49330297796516,4826900
2023-04-20,145.25035095214844,145.27729130749046,144.20861153515378,144.7474323451252,3808100
2023-04-21,145.85202026367188,146.55249680574704,145.5017819926343,146.01366237193744,4812100
2023-04-24,147.3517608642578,147.6032132820346,145.78017640158842,145.99571291816667,4728900
2023-04-25,148.0881805419922,149.2556462409582,147.71999110028042,148.00735947208946,5506200
2023-04-26,145.30422973632812,146.6153726893594,144.13676410883912,146.09450298776795,5192000
2023-04-27,133.69244384765625,138.18268527415782,132.15678895354515,138.18268527415782,17063000
2023-04-28,135.7130584716797,135.95553535627513,132.4082472136038,132.88421172954267,7123800
2023-05-01,138.0390167236328,138.9370650659284,135.44365756252375,135.46160866311592,5601000
2023-05-02,136.1620635986328,139.21543569825897,135.7848849992862,137.8953037489818,5135600
2023-05-03,134.03370666503906,136.06329085796267,133.31526529572287,135.66816112281165,6815300
2023-05-04,132.33642578125,133.80922475390594,131.4294017412136,133.80922475390594,5694300
2023-05-05,132.93807983398438,134.1504504388987,132.13881744873177,133.3960795031307,4447700
2023-05-08,132.41717529296875,133.0907112951742,131.77956888463092,133.04580615440216,3689500
2023-05-09,131.8604278564453,133.32425090742544,131.35752302259738,132.38129749239607,4201600
2023-05-10,131.4922332763672,131.9951381427082,130.35170807390318,131.58204358955518,4127300
2023-05-11,131.64488220214844,132.5249793034172,130.38762020480453,132.2735132008204,4300400
2023-05-12,132.1478271484375,132.55195992326648,131.17794685761814,131.82452915045366,3526500
2023-05-15,131.64488220214844,133.7193713493299,130.80970395458314,132.61477590144003,4391800
2023-05-16,128.6813507080078,131.9592356281311,128.62746999588015,130.98934170043916,4685400
2023-05-17,128.7352294921875,128.88789605905617,126.1937511547464,128.4388719083379,5482000
2023-05-18,128.81605529785156,128.92381671299384,127.50489870005678,128.07067353581394,4791200
2023-05-19,130.3157958984375,130.93545144902336,129.13935475892188,129.19323546712408,5610300
2023-05-22,130.127197265625,131.70777109314722,129.12138752311452,130.63909139016482,3867300
2023-05-23,127.98985290527344,130.0553668222769,127.82819707888578,129.7230796192529,5121900
2023-05-24,126.75950622558594,128.36702028230124,126.57092376502405,128.05269791052615,4143500
2023-05-25,124.48745727539062,125.90637530573812,124.16415932286677,125.75370873136995,6986600
2023-05-26,123.53553771972656,125.59207626291163,123.12244312276461,124.57727716941284,7590300
2023-05-30,122.52970123291016,122.88891503937623,121.46102165945032,121.67655816520697,7671500
2023-05-31,123.8947525024414,124.56828874377801,121.92802448523773,122.6913573368746,12579100
2023-06-01,119.83557891845703,121.47001985668717,117.73414898224789,121.47001985668717,11895600
2023-06-02,122.91587829589844,123.00568861581588,119.889459617887,120.07805580846127,6661600
2023-06-05,122.90689849853516,124.20906587356079,122.39500435832808,123.03262472019699,4276200
2023-06-06,121.6226577758789,123.51753997345858,120.9042301983035,123.4546837268282,4359900
2023-06-07,122.58358001708984,123.08648481953125,120.57194710419608,121.14669740743314,4645200
2023-06-08,123.60737609863281,123.8318881893164,122.13457733187367,123.03262569460804,4714200
2023-06-09,124.09231567382812,124.99935328645606,123.10447070076891,123.53553007622874,4359500
2023-06-12,123.68819427490234,125.43041025043412,122.95180176027988,125.34958918842621,4888500
2023-06-13,124.20904541015625,124.352736412134,123.21221135151887,123.49060410339567,4229100
2023-06-14,122.34111022949219,125.07118460486488,122.20640847217696,124.65807637721663,6128300
2023-06-15,122.0357894897461,122.88893267991685,121.64963527751956,122.80811161732947,6614900
2023-06-16,124.50540161132812,124.75685401049512,122.57460346705405,122.76318591486529,14616000
2023-06-20,123.7690200805664,124.78380531517735,122.72728079077378,123.12242422504886,4868800
2023-06-21,122.90689849853516,123.4187789356118,120.94914595765164,122.80811263129154,5828400
2023-06-22,123.40081024169922,123.8408451032154,122.03577309888858,123.16730893252397,4826900
2023-06-23,122.06270599365234,124.55030326900173,121.8381939504688,123.30201685702635,7395600
2023-06-26,121.19160461425781,122.26925973821798,120.06006878956889,122.26925973821798,6468100
2023-06-27,119.08121490478516,121.12876401581723,119.00936939348736,121.12876401581723,7839900
2023-06-28,119.0003662109375,119.59308133241858,117.60840241475572,119.08120096614203,6911900
2023-06-29,119.64698028564453,120.25766030178745,118.65913530227805,118.87465814069151,4947600
2023-06-30,120.99404907226562,122.07170434018238,119.26082235269513,119.86251309642257,8711300
2023-07-03,121.24549865722656,121.62267730696215,119.5751282351805,120.3384747878479,2674600
2023-07-05,123.58939361572266,123.82289492663607,120.91321371446354,121.39815373159466,6903300
2023-07-06,123.25712585449219,124.18211448232292,122.5297089435893,123.46367312105158,6091000
2023-07-07,121.685546875,123.61634527405249,121.55084510878883,123.16732111584216,6873200
2023-07-10,120.77851104736328,122.21537998945956,120.39234318391863,121.60471377227255,5153300
2023-07-11,121.7484130859375,121.91903075017494,120.05108866515955,120.3384706950678,5144800
2023-07-12,121.21855163574219,122.67339915112618,121.04792027195839,121.97292259684575,4944100
2023-07-13,121.3002700805664,121.7633610605045,120.49214694788185,120.70098402126047,4631800
2023-07-14,123.49763488769531,124.05151795291874,121.78150766184619,122.33539072706962,5544100
2023-07-17,122.42620849609375,123.69740883976071,122.1810434815849,123.32513764592979,4033000
2023-07-18,124.01521301269531,125.21377132997972,122.31724962360727,122.39896667489033,5392800
2023-07-19,125.0140151977539,125.35906123728279,124.35117599212025,124.61450497651174,4784200
2023-07-20,129.109130859375,129.5903720196299,125.80399583260105,126.06731097772239,7009800
2023-07-21,130.5165252685547,130.91603546782645,128.8821149804641,129.1181910784489,5654300
2023-07-24,130.00802612304688,131.14303129811904,129.6993080406377,129.93539798428066,4468700
2023-07-25,128.6006317138672,129.78102602038737,128.3191526452341,129.299784931103,4778200
2023-07-26,128.84579467773438,129.1908407187026,127.59275826193272,128.4190315812879,5006800
2023-07-27,135.1564483642578,137.44460927147324,131.18846007058454,131.18846007058454,13664400
2023-07-28,136.97244262695312,137.79871594032278,134.893105196769,136.12799149465997,8000300
2023-07-31,135.8192596435547,136.65462178187522,134.03956544971112,136.59105484225347,9109200
2023-08-01,134.8749542236328,136.9906059303023,134.23935397711213,136.20064661355846,4409600
2023-08-02,135.6376495361328,136.7181765733439,134.48448051225586,134.48448051225586,5756400
2023-08-03,135.3380126953125,135.61949174704998,134.548039713775,135.25629565223574,4674300
2023-08-04,134.1394500732422,136.7181924058613,133.62189490899604,135.26538021438697,4231200
2023-08-07,136.50025939941406,136.99966443048552,134.2030101115285,134.3846081623609,3800600
2023-08-08,135.8555908203125,137.78964429744298,135.21999061927403,136.90887907063066,4013400
2023-08-09,136.89979553222656,138.0711148404783,136.11891137504395,136.6455554675666,3737100
2023-08-10,137.50814819335938,138.7793484382356,136.71818903083226,137.2902222135048,3275800
2023-08-11,138.18008422851562,139.37865652462162,137.7624100199059,137.97124712421075,3454800
2023-08-14,138.2617950439453,139.05175421651208,137.6261949134293,138.94279815272182,2570900
2023-08-15,138.1256103515625,138.83385260059003,136.9179629641063,137.62621906817998,3636300
2023-08-16,137.60804748535156,139.46945897733988,137.45368842475386,138.55236581343325,3214900
2023-08-17,136.2187957763672,137.9349231830056,136.12798981314083,137.25392002394202,5285700
2023-08-18,136.32777404785156,137.04509139598696,135.50148675509087,136.46396915982444,4050900
2023-08-21,136.345947265625,136.51847032252778,135.18370271444087,135.93734804693568,3944800
2023-08-22,134.6025390625,136.2006213653713,134.3573740646301,136.2006213653713,3209300
2023-08-23,133.54922485351562,135.29259080395497,132.51410088747224,134.99294783285805,5414800
2023-08-24,133.1406707763672,134.22119807636264,132.8864306887266,133.40398591890724,3986300
2023-08-25,133.1951446533203,134.08498493225372,132.75021758633102,133.49478771618513,3275100
2023-08-28,133.8670654296875,134.44820147441862,133.26779312988884,133.5583472972085,2806900
2023-08-29,134.01234436035156,135.2109166246018,133.02262304990106,134.37555437453892,3419100
2023-08-30,134.6751708984375,135.11100897452076,133.38579292099334,134.49355899961373,3486400
2023-08-31,133.44029235839844,135.0292995777698,133.35856145728349,134.73873160723534,4110700
2023-09-01,134.5662384033203,135.19276360535235,133.80351809434498,133.80351809434498,3357800
2023-09-05,132.659423828125,135.2563164856688,132.44149782464373,134.83862844275762,3911100
2023-09-06,132.21449279785156,132.67756995442298,130.51652936871173,132.65941984596148,5304300
2023-09-07,135.21090698242188,135.2926240341446,132.4505664916252,132.70480655590328,5142100
2023-09-08,135.31076049804688,135.982674593495,134.566190564663,135.29259653856295,4339800
2023-09-11,135.3289031982422,135.66487408262586,134.7659451804156,135.16546913695348,2911600
2023-09-12,135.5377655029297,135.83740849557935,134.0395505396814,135.74660255051873,2424800
2023-09-13,137.25392150878906,138.37983787672596,135.3380320463619,135.67398917485338,5953700
2023-09-14,139.50575256347656,140.45915966131133,137.8350283064393,138.02570141298025,6336900
2023-09-15,138.1256103515625,140.46826311951747,137.9530873169193,138.72489651767694,8868300
2023-09-18,139.77816772460938,139.8054067420031,138.10744333425322,138.99728356421875,2967600
2023-09-19,139.3695831298828,140.4137825188917,137.6534555800485,139.73277930300438,3509700
2023-09-20,139.47853088378906,140.6317001399257,139.260604879899,139.88713001791848,2744800
2023-09-21,139.31507873535156,140.60445690085868,138.61592547206664,139.54207978694802,3660300
2023-09-22,138.68858337402344,139.7418578443716,138.48882131730912,139.7418578443716,3049200
2023-09-25,140.42282104492188,140.5045519394021,137.70789779772963,138.41613984960955,3740000
2023-09-26,139.7509307861328,140.3774559055976,139.22428668361235,140.19584398021183,3936300
2023-09-27,139.04269409179688,139.83265334918102,137.66252376374294,139.68736934516582,3621300
2023-09-28,138.24363708496094,139.67828535902265,137.4445889690166,139.505762347167,3697400
2023-09-29,135.3471221923828,138.49789830212754,135.1382850774706,138.43434520413098,5581600
2023-10-02,134.6116180419922,135.16550113923353,133.22237277195222,134.81138006755754,3827800
2023-10-03,133.8670654296875,134.37555946882725,131.97842870449492,134.23027545764447,4580900
2023-10-04,134.1031494140625,134.45727051607932,132.85009911998208,133.0861890913568,3159600
2023-10-05,133.88519287109375,135.77384293611027,133.55831086262853,134.3210309307,3599500
2023-10-06,134.6025390625,135.59226025254455,132.6775608591064,133.01353181323734,5370100
2023-10-09,135.3925323486328,135.97365459201953,133.6219265957395,134.6298120020091,2903300
2023-10-10,135.1927490234375,135.80111019391035,134.42093988721578,135.64675113767498,3729000
2023-10-11,135.60134887695312,136.56383114745202,135.0837936685912,135.41067574678377,3189800
2023-10-12,136.00482177734375,136.27995232857336,134.82176460517283,135.8489177301819,4554400
2023-10-13,135.69305419921875,137.252109130072,135.12444715857322,136.60096709753003,4304700
2023-10-16,135.02359008789062,137.10539498687152,134.73929351453972,135.93151713925806,3704400
2023-10-17,136.8118896484375,137.25210424366333,134.95019248651832,135.1152764581592,5372400
2023-10-18,136.9036102294922,137.20625252868274,136.04154077005097,136.89444433935626,4910500
2023-10-19,133.4553680419922,136.23415852017786,131.44693227199653,136.23415852017786,6147100
2023-10-20,134.10647583007812,135.28035349111656,133.2352404713938,133.2352404713938,4223800
2023-10-23,132.73085021972656,134.28073944478774,132.2447921069085,134.04230033082717,3903300
2023-10-24,134.17984008789062,134.78512467074214,133.07016567972124,133.1160091229501,3362900
2023-10-25,133.2169189453125,134.72095084688934,132.8134097957859,133.9964535623934,5461500
2023-10-26,133.161865234375,133.84968480066178,132.27228414247944,132.8500570561523,5569400
2023-10-27,127.41168975830078,131.1442639888166,124.75212636580774,127.26496555270505,9427200
2023-10-30,130.1262969970703,133.62959821449593,129.0074426601551,129.0074426601551,9258500
2023-10-31,129.4751434326172,130.4289276974609,128.09950435325462,130.30970116592434,10394000
2023-11-01,130.65821838378906,131.79541854617233,129.99791041772474,130.09879119014363,4207800
2023-11-02,131.38270568847656,131.85043195892646,128.86070056145508,129.59437757896998,4066800
2023-11-03,129.6952667236328,132.01551047090948,129.20920864179072,132.01551047090948,5414500
2023-11-06,129.49351501464844,130.5665120311637,129.29175345663083,130.126311356274,4377000
2023-11-07,130.37391662597656,130.39224840660935,128.91574242330515,129.7869777900363,5024400
2023-11-08,130.25469970703125,131.96049301153386,130.1538189311946,131.54780401719367,5299100
2023-11-09,126.59550476074219,129.8603674200521,124.5870829533874,129.3101060521264,14970300
2023-11-10,127.09989166259766,127.80605705833744,125.09145613046208,127.15491499327655,4586400
2023-11-13,127.14574432373047,127.622636494566,126.0360558864205,127.09988688531303,4454700
2023-11-14,126.61383056640625,128.48470772726623,126.5221296820351,127.41169682969101,4509200
2023-11-15,126.19198608398438,126.78809085943129,124.9997625393637,126.78809085943129,6473200
2023-11-16,126.81559753417969,127.31083550715024,125.6875772526543,126.81559753417969,5257000
2023-11-17,126.83393096923828,127.36584644703109,125.99020731286087,126.8889542956091,4332300
2023-11-20,126.8431167602539,127.19161654024727,125.77011974649905,126.12778541775067,4490000
2023-11-21,127.22825622558594,127.80602905858781,126.40287845877434,127.22825622558594,4690800
2023-11-22,126.98982238769531,128.24623486021602,126.8614299743992,127.53090370132007,3428500
2023-11-24,127.17327117919922,128.46637553091801,126.98068950605729,128.3930064194311,1636500
2023-11-27,127.55842590332031,127.82439063452125,126.36620254205931,127.20076029431448,5529400
2023-11-28,126.63218688964844,128.08119532318617,126.48544866996001,127.52176810513505,5347200
2023-11-29,127.01736450195312,127.55844594530815,126.23782995264534,126.57716383564114,3996500
2023-11-30,130.58485412597656,130.86915067869722,126.56798284888661,126.56798284888661,9297400
2023-12-01,131.52029418945312,132.15309052002854,130.48397474988892,130.72241386259734,4903400
2023-12-04,132.1989288330078,133.42784388819732,131.39189664011295,131.52028907946394,4845300
2023-12-05,132.58412170410156,133.0518340257252,130.83247098014144,132.1622528305717,3961700
2023-12-06,134.2440643310547,134.87686067647687,132.73085263684354,132.785875972319,4978800
2023-12-07,135.70223999023438,136.07825144453892,133.16188869298188,135.3995976485059,7225100
2023-12-08,136.9036102294922,137.62812136826741,135.7297325807245,135.7939357928522,5695200
2023-12-11,138.70111083984375,140.04923828524156,138.15084959912946,138.1783612617927,6343500
2023-12-12,140.53530883789062,140.85628292879977,137.71982716223306,139.15048972308182,5882200
2023-12-13,141.50741577148438,141.93845048850142,140.06757342023067,140.29684661040037,8104500
2023-12-14,142.03932189941406,142.29610673599825,140.09507585905996,141.56242977701882,7869600
2023-12-15,141.2689666748047,142.96559392731484,140.41607710035038,141.9109428203331,15203000
2023-12-18,140.70037841796875,141.55328201520163,139.168835091595,140.3152011137663,5379600
2023-12-19,140.865478515625,141.67251077181714,139.81081325834782,140.856298630413,5476700
2023-12-20,139.11383056640625,141.42490869774957,138.97625822891368,141.22314713107602,4716400
2023-12-21,139.93919372558594,140.23267015269255,138.7469702294863,139.44396974700138,4036100
2023-12-22,142.0943603515625,142.57125252473358,140.39773307788636,140.58114883872892,3373400
2023-12-26,141.80087280273438,142.40615736033106,141.35150632302046,141.46155297213824,2073400
2023-12-27,142.03932189941406,142.12185688394666,140.9754910085801,141.27813327892375,3747400
2023-12-28,141.9201202392578,142.72716643492748,141.7275245812088,142.37866666975623,2601200
2023-12-29,142.1218719482422,142.34197925738363,141.60830222063765,141.72751476857943,3712000
2024-01-02,146.56976318359375,146.86322557316498,141.93844221342883,142.05765474963394,8059900
2024-01-03,147.15673828125,148.3397820083422,146.5881311466888,147.27595084688204,5301400
2024-01-04,148.0738067626953,148.83498145739907,146.21209554070958,147.01914166699106,8332200
2024-01-05,148.69741821289062,149.5136302022205,147.29426742217436,147.95457532294964,5607600
2024-01-08,148.04627990722656,149.27519486059217,146.53308242641674,148.73409948827197,6001600
2024-01-09,148.8533477783203,149.9171789109513,147.50522008297682,148.04630154063787,4454000
2024-01-10,151.2194366455078,151.39368652274158,148.4589922564324,148.81665790148685,6609900
2024-01-11,150.20144653320312,151.4303474356362,149.56865030910302,150.63248123675757,4591500
2024-01-12,150.35885620117188,151.19213423222743,150.15516695763122,150.6829111233758,4971400
2024-01-16,149.50706481933594,150.26627271763908,149.08117942108052,149.9699923297862,4747700
2024-01-17,150.0255584716797,150.8680900273195,149.544123977681,149.7570667010815,4423100
2024-01-18,151.192138671875,151.52544706859916,149.06266914432769,149.21080934896676,5074300
2024-01-19,152.55313110351562,152.6457081263304,150.5440274646391,151.75689524469314,5863000
2024-01-22,153.12718200683594,153.18273105519833,151.61803359832533,152.24762244376524,4864000
2024-01-23,155.08071899414062,155.10849351510961,151.89577540038016,152.25685830040376,5784700
2024-01-24,152.04393005371094,155.49736572100463,151.8957898428398,155.33071857934564,5422200
2024-01-25,152.88644409179688,152.96051418874544,151.09953655555105,151.84022339761006,4465800
2024-01-26,152.2105712890625,153.56232593780976,151.37730735824502,153.01607482477544,4654300
2024-01-29,151.75689697265625,154.39557525545203,151.5439401501628,153.55305793934195,4704100
2024-01-30,152.69200134277344,152.7475503810894,151.15507868804386,152.04390568337718,3819600
2024-01-31,152.2105712890625,153.56232593780976,151.79393932365375,153.46048131271627,4993900
2024-02-01,155.16403198242188,155.24735553965024,150.6088271974028,151.56245669215173,5584400
2024-02-02,156.16395568847656,160.03403679927308,152.97901233957148,156.85834691417068,7870400
2024-02-05,158.5619354248047,160.2932940257036,155.96028491843487,157.2472229105598,6486700
2024-02-06,160.44140625,161.06174153026393,157.1824068315768,158.92300461967693,7037400
2024-02-07,162.03387451171875,162.54309757478276,160.4691914669232,161.10801953430263,6409100
2024-02-08,161.83018493652344,162.8671521156365,161.37652504012314,161.422820614379,5709100
2024-02-09,161.1728515625,162.3949729031905,160.21922197484477,162.08945316358825,3502700
2024-02-12,160.2377471923828,161.80243042729643,159.4600181800111,160.67288608740853,3477100
2024-02-13,160.44140625,162.20979268524837,159.21928499994783,161.5246690288676,5480400
2024-02-14,161.48764038085938,161.895018873982,159.8766474655365,160.22847691458372,4348500
2024-02-15,163.49673461914062,163.63562134862022,160.92285879329515,161.117294563596,5276200
2024-02-16,164.3300323486328,165.65399840529335,163.01531975741162,163.77451361885343,6689900
2024-02-20,162.7190399169922,165.43178868038873,162.50609719169964,162.7931100230566,5484100
2024-02-21,162.1542510986328,163.53378019375023,160.63584939852194,163.21897874338717,3818500
2024-02-22,163.64488220214844,164.19113329812475,160.30254486336108,161.82094659988508,4852300
2024-02-23,164.885498046875,165.64470585661275,163.8855730456575,164.11703677388124,3941800
2024-02-26,165.5521240234375,166.45945793341542,164.80218376221103,165.57989854219213,4327400
2024-02-27,165.7187957763672,166.2187512730928,163.85781813719484,165.515106540961,3888500
2024-02-28,164.80218505859375,166.55205039102898,163.7744854743111,166.51502240820673,4331300
2024-02-29,162.99676513671875,164.82070050010296,162.38569748527095,164.68181378254195,7485700
2024-03-01,165.6447296142578,165.90396789685573,162.71902427930772,162.99678361849888,4028700
2024-03-04,163.92262268066406,166.63537091884848,163.20971040931994,165.12623694818097,4723600
2024-03-05,165.87620544433594,166.27431636178136,164.60777433280865,164.60777433280865,5309800
2024-03-06,167.63531494140625,168.65376115860911,164.894791874541,165.17253709066264,6047100
2024-03-07,167.18167114257812,168.89449469286203,166.22802734126657,168.68155196413633,6125200
2024-03-08,165.5891876220703,168.63524463599896,165.43177982546624,166.413198082717,6195600
2024-03-11,166.31134033203125,167.82047439499303,165.02440243040422,165.18179608715846,5134800
2024-03-12,167.5056915283203,169.32962708063758,166.3668937889686,166.3946683098728,5391100
2024-03-13,166.5242919921875,168.97780225515967,166.11691350457843,168.9685487904148,5987900
2024-03-14,167.7649383544922,168.54265323428038,165.4132726577725,166.80205528343456,6999400
2024-03-15,164.6910858154297,167.1908913972729,164.376284390256,166.50575363679857,20957800
2024-03-18,165.25584411621094,166.54278184598857,164.4040593141748,165.7372784864328,8569000
2024-03-19,166.339111328125,166.5890820043307,164.97810335907872,164.97810335907872,7625600
2024-03-20,163.20045471191406,165.94097743105715,162.70048513147796,165.93172396750288,7326600
2024-03-21,164.3392791748047,164.56148948322482,162.83939844339457,163.7004368995959,5743600
2024-03-22,165.21881103515625,165.71878061356253,163.67263498235386,164.08926687940897,4084400
2024-03-25,165.2928924560547,165.91321361240074,164.92255610604775,165.72804543739727,4366400
2024-03-26,165.9039764404297,166.44097408987258,165.1540360751926,165.94100442809614,4392400
2024-03-27,166.9779510498047,167.1908937392141,165.55212647133115,166.46872798606415,5073500
2024-03-28,168.5982208251953,168.7833890213179,166.93167880523637,167.57977455537934,5418700
2024-04-01,167.3575439453125,168.41301807536678,165.9502545235242,168.3945111471986,3502100
2024-04-02,167.29273986816406,167.60752717317453,165.27436865016116,166.08912555953034,4523800
2024-04-03,164.18186950683594,168.13527432844486,163.50599930979195,167.32051740438555,5893000
2024-04-04,155.4510498046875,164.52443168595266,155.03441787761142,164.47813611018282,10539000
2024-04-05,157.39535522460938,158.358238240504,154.88628187525524,155.5436451631434,7030100
2024-04-08,157.21018981933594,159.21929357620405,155.91398427697058,156.66393873214236,4745000
2024-04-09,157.5249786376953,157.90458260117742,154.98813069878497,157.1453746742132,5933200
2024-04-10,156.49728393554688,157.3583365111243,154.95110763841205,156.08990543763304,3231700
2024-04-11,155.0992431640625,156.81206654371604,154.83073728606993,156.65467287925668,3307000
2024-04-12,151.65090942382812,153.67877606324163,149.52024704419728,153.67877606324163,7029400
2024-04-15,151.08087158203125,153.91241028218195,150.92200802155315,153.74420683909787,5433700
2024-04-16,151.89389038085938,153.01530375700997,151.46402761144992,151.55746921988688,4881300
2024-04-17,153.49188232421875,153.9497932252535,152.53868673360216,153.39842646380765,4792200
2024-04-18,153.8750457763672,156.47295923384752,153.66010012919634,154.15539912445172,4480100
2024-04-19,155.51043701171875,155.68799462271656,152.55740810937547,154.2114801715449,5532400
2024-04-22,156.8934783935547,158.48212831575245,155.9870106699537,156.69722677675557,5580700
2024-04-23,158.43540954589844,159.21104765628257,157.2018747354379,157.54763579620808,4084100
2024-04-24,156.80935668945312,158.0335513896432,155.81878736744775,157.482198919374,4074700
2024-04-25,156.33277893066406,158.20178228059274,154.72544916834022,156.67855424676836,5503700
2024-04-26,149.16513061523438,156.49163349468319,147.32416144854187,156.1458582299927,10721700
2024-04-29,150.94070434570312,150.9687382533109,148.17457330037786,149.13710881987942,6219000
2024-04-30,151.98736572265625,152.37051486662148,149.2305883816835,150.70710287406033,5484800
2024-05-01,151.1276092529297,152.96857865970028,150.58559658023628,151.47337030334853,5176400
2024-05-02,150.27719116210938,151.8004332433757,147.76337972469264,151.54811383361752,5904300
2024-05-03,153.06199645996094,153.49187342983478,150.21177825429336,150.60426717842435,5849900
2024-05-06,152.07144165039062,153.84700324921928,150.45475787208852,153.64141175609848,5834600
2024-05-07,151.90325927734375,153.24894405193766,151.2864847124274,152.66020339821162,5301700
2024-05-08,149.94078063964844,152.23030673482617,149.39876799412113,151.52009064380573,5906700
2024-05-09,149.89404296875,150.7537969432897,149.53894207599183,150.27719202663107,3570000
2024-05-10,150.22113037109375,150.8659387487414,149.84733543938972,150.1837565816684,3509500
2024-05-13,150.71641540527344,151.92193044250294,150.26785863436515,150.71641540527344,3505900
2024-05-14,151.00611877441406,151.62289328800236,149.2586052452775,151.0621865921287,4025000
2024-05-15,153.06199645996094,153.65073697583816,151.26775526706433,151.67893821406673,5261300
2024-05-16,153.58535766601562,154.12735609518998,151.55747646089586,152.7442975937191,4642000
2024-05-17,155.519775390625,155.58519735588152,153.71619390555404,154.5572397544555,5152200
2024-05-20,153.7815704345703,155.5197438613612,153.64140090795888,155.13659480947422,3058700
2024-05-21,152.25836181640625,154.8562897749981,151.85653291227203,154.53854834594122,3645200
2024-05-22,149.1558074951172,151.3331980298399,148.75396437460546,150.98743698565522,6904900
2024-05-23,147.8942413330078,149.55765330176294,147.42699045955155,148.61381167075268,5672900
2024-05-24,146.7728271484375,148.38017113026316,146.1186788440581,147.98768214763555,3691700
2024-05-28,145.16546630859375,146.1093219932834,143.8665097338294,146.1093219932834,5533500
2024-05-29,144.65150451660156,146.13737298119543,143.61420711195026,144.74496038559715,4254500
2024-05-30,146.07196044921875,146.18409609176038,143.52077476584532,144.52068418369194,4311100
2024-05-31,150.6790313720703,151.0528262791882,145.96913568995944,146.38965852530748,15664400
2024-06-03,149.6978302001953,152.50133531135137,148.42690731276332,149.52027259499044,4467800
2024-06-04,151.52008056640625,152.14619489303809,149.30531645853637,149.69780539794607,4215500
2024-06-05,154.60394287109375,155.10856744754477,151.53877884541458,152.23030088501923,5100500
2024-06-06,157.52894592285156,157.81863914538317,153.58534792079465,154.65067920394878,5186700
2024-06-07,158.32325744628906,159.18299719676878,156.8000152937134,157.93076849015893,3781700
2024-06-10,159.295166015625,159.5661652344358,156.70659231466104,157.93078725985154,4247500
2024-06-11,156.71592712402344,159.46336431386473,156.4542677973113,159.09890923313256,3790200
2024-06-12,155.21136474609375,157.5008907762276,154.22079534802984,156.88413056757815,4725600
2024-06-13,155.6505889892578,155.96831612075738,154.1927687300356,155.12727035870248,3690800
2024-06-14,157.54763793945312,158.1550725991414,155.12728196240758,155.566498901484,4377600
2024-06-17,158.56622314453125,159.23906543091968,156.398186867895,157.37006224858794,4076000
2024-06-18,160.1361846923828,161.67810653182966,158.74377226243345,159.27644498548426,4250900
2024-06-20,160.85574340820312,161.49119756652604,158.88394472614922,159.9679555997213,5847500
2024-06-21,159.22975158691406,161.60337974251067,158.48214733985455,161.38844833401674,12228100
2024-06-24,161.42581176757812,162.05192612942506,159.5194205153801,159.9212636188716,6249900
2024-06-25,159.566162109375,162.05194000430723,159.44467232778865,160.82774508309225,4844600
2024-06-26,159.93992614746094,161.06133935583483,159.00542464672353,159.13625428645233,5576100
2024-06-27,157.9214324951172,160.323094222326,156.76264536323438,160.07077479454446,5382000
2024-06-28,160.28573608398438,160.56608944674466,157.9775157369289,158.85594961920773,24463400
2024-07-01,159.21102905273438,162.49113871280636,158.43539103298227,160.0520890273467,5194500
2024-07-02,155.08990478515625,157.58502255477774,154.61329980329063,157.58502255477774,5965500
2024-07-03,153.1087188720703,156.155202819103,152.80968581370692,155.2113471994764,3527600
2024-07-05,156.29537963867188,156.3514474485242,152.91248869020575,153.93109192748753,5978300
2024-07-08,155.6132354736328,156.73463472227152,154.77217534262996,155.63191524189847,3500200
2024-07-09,157.04299926757812,157.4915560501992,154.06193683394613,156.0804637447855,4224600
2024-07-10,157.12710571289062,157.41679894077637,155.2300685179966,156.48229729760246,3887800
2024-07-11,158.78115844726562,159.19234140212592,156.38883681101854,156.5477003600579,3689500
2024-07-12,159.126953125,160.3885361617196,158.77183790531438,159.45403443359092,4133500
2024-07-15,158.4667510986328,160.67356904746396,157.8914680206536,159.2966714446622,2395100
2024-07-16,159.5701904296875,160.18320512566146,157.74060080443502,159.00434731458168,3829500
2024-07-17,165.2947235107422,165.73797517920832,159.86253774923503,159.86253774923503,6983200
2024-07-18,161.3997802734375,166.62447176746025,161.00368577522096,164.52139345894602,5957800
2024-07-19,162.5126190185547,163.95553973669803,161.47521845436845,163.78577673967064,4293600
2024-07-22,163.7292022705078,164.7854542516108,162.2108328524953,163.45571359338433,4066900
2024-07-23,163.29537963867188,164.65342615116916,162.93701664646318,163.455716965869,2933800
2024-07-24,166.18121337890625,166.5490163941689,163.10674338380346,163.34251491641675,6117700
2024-07-25,171.80203247070312,175.51779485845572,162.0222319780236,166.92627794349013,9442200
2024-07-26,174.62184143066406,176.2156593854272,171.74542568896314,173.0091577229061,6948800
2024-07-29,171.58511352539062,175.53664718996717,170.25535846774645,173.56558600345784,5458500
2024-07-30,176.14964294433594,177.02672061154126,172.20754945380733,173.14119560137797,6032200
2024-07-31,174.7727508544922,176.82867197326468,173.0091697805713,175.78184565956877,6473900
2024-08-01,178.91287231445312,180.10115563288903,176.14019684775067,177.08328295803847,6595500
2024-08-02,178.51678466796875,182.87385279996076,175.8478633226617,180.11060268593877,6303900
2024-08-05,173.86737060546875,178.51677861590775,172.6224899270024,176.7815034795788,6459300
2024-08-06,175.1405487060547,177.13046121107368,172.66022733605396,174.87647132463857,4273200
2024-08-07,176.8380889892578,178.79971002106078,175.3951682478949,177.20589203332378,6351000
2024-08-08,179.5635986328125,179.85596742953535,176.28166283399383,176.28166283399383,5744600
2024-08-09,179.120361328125,180.13889618661773,177.39452618522904,179.92199038232462,3206500
2024-08-12,179.35614013671875,179.72395759720095,177.01729021360796,179.26184014381812,4808300
2024-08-13,180.34637451171875,181.01597206223778,178.60167363225176,179.71450846874222,3477300
2024-08-14,182.015625,182.3457109051047,179.62961821729036,180.12945272020724,4153400
2024-08-15,182.39288330078125,183.89240144324464,180.40297064703827,183.4208582967686,4719900
2024-08-16,182.86441040039062,183.19449633009978,181.3271896632155,182.8455590372413,3674900
2024-08-19,185.66537475585938,185.95772917409082,182.34572170781172,182.39286450531745,4309300
2024-08-20,184.98635864257812,186.2406650579258,183.08133481507613,185.90115343880646,3631800
2024-08-21,185.3447265625,186.10862406896896,184.5336718687675,185.25985225963748,4250400
2024-08-22,185.19383239746094,186.2972415240726,184.2318948349913,185.79740698954816,3676700
2024-08-23,186.3066864013672,186.71220657025663,185.06180567850382,186.0237576561388,4720300
2024-08-26,186.2029571533203,186.70279172976092,184.91093355652347,186.31612290184134,4182300
2024-08-27,184.76943969726562,187.0139893746029,184.0715507547243,186.72163496594524,2504500
2024-08-28,184.27902221679688,185.06178542376983,182.9869988364336,184.39220233671307,3910200
2024-08-29,184.07156372070312,185.25986158198657,182.81727169656548,184.8449013377513,4538300
2024-08-30,185.13726806640625,185.31645676471695,183.11906397292887,184.1375988972569,3820800
2024-09-03,186.43870544433594,188.5700749873693,184.93920190224142,184.9769190169209,4872400
2024-09-04,185.79742431640625,188.50409174692234,185.25987261552567,187.37237668965952,4214300
2024-09-05,181.88360595703125,185.91058807913666,181.22344849201892,185.75026515123034,5902800
2024-09-06,182.39288330078125,183.65662987000664,181.8553315967831,182.4589062486582,4312600
2024-09-09,185.24099731445312,185.42018600229744,182.9021474713237,183.87352514614435,3606900
2024-09-10,188.0042266845703,188.1173924158071,181.93074967542177,184.9580481088247,6333300
2024-09-11,183.51513671875,186.42926956771606,182.4117276125498,186.42926956771606,4909300
2024-09-12,182.9775848388672,183.967828206836,180.3840978415148,183.69432515579018,4165200
2024-09-13,183.15676879882812,183.51513175288412,180.89335338885326,182.8266828878882,2718100
2024-09-16,184.59027099609375,184.99580557385616,183.3925617981531,184.67515969678644,3235700
2024-09-17,182.44003295898438,184.920354411928,180.9028121503989,183.71320515803134,3534100
2024-09-18,181.9590301513672,184.44877682112022,180.86504684744577,182.13821880860363,3236800
2024-09-19,182.600341796875,183.10961639331472,181.03482967276986,182.42115311999262,3929300
2024-09-20,182.45889282226562,182.78897875665112,181.19516073638786,182.01564114596684,11661200
2024-09-23,182.79840087890625,183.24165254657404,181.26116575953273,182.67579506731838,3178000
2024-09-24,182.49661254882812,184.09987066407706,180.68588870055632,181.9684865585431,4286500
2024-09-25,180.37466430664062,183.49629176629614,180.0917499544137,182.95872571635772,5589300
2024-09-26,180.9782257080078,181.89302042109233,178.8279904458006,179.28068215705136,6215700
2024-09-27,183.7037811279297,184.9675277553231,179.4410412486356,181.63843413919852,4891900
2024-09-30,186.24066162109375,186.37269311551736,183.30766291821243,183.7603546622536,4550200
2024-10-01,185.75027465820312,187.64587284554807,185.24100002316143,186.40099208464989,3924600
2024-10-02,185.6182403564453,185.78798897199397,183.38311618591007,184.524256866174,2946900
2024-10-03,184.32618713378906,185.83513074625648,183.65660401864181,185.66536775443632,3453800
2024-10-04,183.2322235107422,184.50539572057363,182.06280575569843,183.99613547085366,4749700
2024-10-07,182.5909423828125,183.98670610246535,181.8647618895311,183.354839997012,5033800
2024-10-08,182.02505493164062,183.90180157438832,181.30831462910848,183.2793612538365,4419000
2024-10-09,183.66604614257812,183.79807764121279,181.02540177953057,181.87418803391412,4478900
2024-10-10,183.28880310058594,183.7320547522098,182.27969399018818,183.4679773851898,3562500
2024-10-11,183.13790893554688,184.128152309857,182.56262578592694,183.9018064444751,2973000
2024-10-14,184.51480102539062,185.16553277675715,182.63806878111342,183.18506047950333,3623900
2024-10-15,182.38543701171875,186.55864640718985,181.7770425157481,185.1137040397837,6553500
2024-10-16,181.0545654296875,181.6059106627808,179.4099871650821,181.0450499739414,5576000
2024-10-17,179.2578887939453,182.15725959194742,179.15332032381866,181.13059129577667,4419000
2024-10-18,179.53355407714844,180.32256804589892,178.86812497858372,179.63812254301337,5607900
2024-10-21,177.32814025878906,180.02790434626874,176.71024483157987,179.39099251206693,4496500
2024-10-22,179.4385223388672,179.76174325570227,177.03346164969807,177.11902823356965,4210400
2024-10-23,178.60195922851562,179.9233165196893,178.24072006084023,179.38145776817623,4266700
2024-10-24,180.28456115722656,181.06407428852242,178.8776516458053,179.12480691644447,6741800
2024-10-25,178.57345581054688,180.50320766325893,177.92702853927014,180.3130726094747,4017400
2024-10-28,180.31307983398438,180.75037016783355,178.25975752036481,178.80160183060914,5383700
2024-10-29,180.0944366455078,181.71999853917248,179.21036955800594,181.08308671687936,6131500
2024-10-30,191.54937744140625,192.3574079126212,179.23888685429012,182.157274292916,10396400
2024-10-31,193.80233764648438,197.081978822947,191.47332824260835,191.99617064068707,8829300
2024-11-01,193.49813842773438,194.6198597870997,192.32888330621833,194.27763700698918,4493900
2024-11-04,190.57025146484375,194.1540827505804,190.33259713962747,193.726293360976,3531800
2024-11-05,191.72048950195312,192.42395152365015,188.5549466674885,190.58926710291632,5109300
2024-11-06,191.26419067382812,195.9697432310034,190.93148333448806,195.62752043564876,7194800
2024-11-07,190.6082763671875,192.3289059256911,189.38198638897578,191.9771676486225,4520200
2024-11-08,189.64813232421875,191.92010686308015,189.62911591865122,191.22616036517317,4596900
2024-11-11,165.81614685058594,169.75171587961682,164.17158319953023,169.75171587961682,20760300
2024-11-12,162.64109802246094,167.90752558740422,162.58406330963598,167.31813304258822,10557000
2024-11-13,161.93763732910156,164.11454422061354,161.27219371978765,163.19244442455275,8483500
2024-11-14,161.2532196044922,163.1449387758508,160.26456947504903,161.60494336896207,8442500
2024-11-15,156.8423309326172,161.25319398837078,156.58566023715318,161.25319398837078,11265400
2024-11-18,158.0686492919922,158.5059396483792,156.66173969776895,157.44123836967273,8336900
2024-11-19,158.34434509277344,158.8481711473907,155.72063182165078,157.1085395887938,5246000
2024-11-20,159.47555541992188,159.61815672022374,157.46975230660289,158.66753940595441,7135600
2024-11-21,163.24951171875,163.9434728206676,158.67704463469656,160.26457385168942,6847700
2024-11-22,168.21173095703125,170.02741350960946,164.9321041219427,165.73061918513017,11328600
2024-11-25,168.3162841796875,171.29172074697277,168.02159515965627,168.2782658728603,12465000
2024-11-26,172.19482421875,172.6796338397782,167.94556355268995,168.34482109446662,6947500
2024-11-27,174.03900146484375,175.1417209155207,171.95714744312687,172.19480174687962,5271500
2024-11-29,173.89639282226562,174.47626987909973,173.48763439963298,174.0960288112895,2710700
2024-12-02,172.793701171875,173.67776824968672,170.02740149986818,173.2785107462942,3936600
2024-12-03,172.53704833984375,174.44778398385904,172.51803193144377,173.2785287094777,4107600
2024-12-04,167.7459259033203,171.53887943808772,167.22308351605707,171.2061721045697,6125500
2024-12-05,167.47024536132812,167.99308776914282,164.96061630908628,166.33900847131144,5444200
2024-12-06,167.48927307128906,168.01211551438706,165.5595210128934,167.30865345410342,4839600
2024-12-09,167.85049438476562,169.33345497029805,165.76864029151125,166.91887903824968,4394500
2024-12-10,166.9949493408203,168.18322103690852,165.24581688544322,166.86186349106922,4089600
2024-12-11,165.75914001464844,167.30865091193954,165.25531398766472,167.270632600869,9492200
2024-12-12,164.6374053955078,167.22308550022794,163.49666758584144,166.2724682412946,4999500
2024-12-13,164.80850219726562,166.2819617840224,163.87690138648946,164.69443277296133,5471600
2024-12-16,163.15444946289062,164.7799968992495,162.1087646460228,163.19246777201826,8157900
2024-12-17,166.71925354003906,167.78394019021195,161.80456422807404,162.15628795959165,7664700
2024-12-18,164.475830078125,167.78397463841515,164.2857094951696,167.33718329057106,5471600
2024-12-19,163.0498809814453,165.2933383569635,161.9281450410519,164.3902403309087,6110500
2024-12-20,166.9093780517578,168.06913225409502,162.23234293482795,163.306530560889,18950900
2024-12-23,169.5806121826172,169.82776744795834,166.006296512153,166.6336928788295,6945600
2024-12-24,171.11111450195312,171.27271770279492,169.05777764666516,169.59963647178373,2692800
2024-12-26,170.35061645507812,171.44383504808064,169.80877213937484,170.1795123044146,2759300
2024-12-27,169.2193603515625,170.7878874143442,168.53491481603362,169.1338082859382,2745400
2024-12-30,167.49876403808594,168.58246717132934,166.84283578541545,168.2782771804679,3405700
2024-12-31,168.9246826171875,169.057768452129,167.23258507067328,167.6413580313803,3326400
2025-01-02,170.57876586914062,170.90197226085002,169.1148071450736,169.83728555626925,4092000
2025-01-03,172.27085876464844,172.60358060340437,169.97036676616665,170.78789817928563,4380200
2025-01-06,171.2061767578125,172.99332736839278,170.40764722407616,171.85258954125743,6302100
2025-01-07,170.664306640625,173.17393549613405,169.58060360086583,170.75937416378198,5905200
2025-01-08,169.68516540527344,170.38862733529223,167.47972660106333,170.35059452541722,4488500
2025-01-10,166.51962280273438,168.77258105519584,164.7704905349561,168.12616828438271,5372200
2025-01-13,168.01210021972656,169.19085634202028,165.73061008624538,166.51012320413358,4734100
2025-01-14,166.880859375,168.05011451866855,165.49295182234908,167.8885113285085,4779100
2025-01-15,164.42433166503906,167.40863136518612,161.90062708535558,166.50662221615607,8048700
2025-01-16,166.67933654785156,166.92883715805164,163.62787380324264,164.52027774634558,5236000
2025-01-17,164.62583923339844,166.957630450846,164.34756697424106,165.8924941450105,7852500
2025-01-21,165.6334228515625,168.5601504072315,164.29960467269132,165.20161394972277,7548500
2025-01-22,162.36123657226562,163.96373641076337,161.26731391308516,163.41678240220125,9465000
2025-01-23,163.7718048095703,163.791000543091,161.67031857171713,163.57030085479386,7116200
2025-01-24,163.41676330566406,164.19402212503502,162.4091996115684,162.47637735746687,5584900
2025-01-27,169.75,170.2777728731326,165.61420513954675,165.68138288797047,6985200
2025-01-28,167.74447631835938,169.99949919282082,166.70812631490827,169.65404919167045,5603700
2025-01-29,168.17630004882812,169.76920934194217,167.2551097255725,167.4470231560794,3748300
2025-01-30,168.550537109375,169.00154172619418,166.9480372623594,168.89598714263957,5209200
2025-01-31,176.46707153320312,184.01898958691578,176.2463718385266,179.7296581494643,11926500
2025-02-03,182.4548797607422,183.91344817169156,174.78781603810347,175.7761841039159,9830000
2025-02-04,182.27255249023438,183.424047674497,179.48977124142849,180.0463304196008,7377800
2025-02-05,183.9998016357422,185.56392458282323,182.24376526595285,182.81952017613332,6449600
2025-02-06,185.1704864501953,186.62905477043932,182.85789098128018,184.14372697733688,4586400
2025-02-07,182.8962860107422,186.02451722072385,182.74274941782082,185.3528129292622,3805900
2025-02-10,182.64678955078125,183.72153108367766,181.44731234509095,183.72153108367766,3685700
2025-02-11,184.0765838623047,184.1725332598915,180.6508697074127,182.12863392240573,3977000
2025-02-12,185.1992645263672,186.5138867445425,182.69475575201236,182.80031032265777,4525000
2025-02-13,185.631103515625,186.42755819770954,183.69274410431146,186.42755819770954,4108900
2025-02-14,185.07452392578125,187.2911553834981,184.988165084013,186.11087395316613,3976900
2025-02-18,188.3179168701172,189.05679891124296,182.96344899263613,184.2396944665605,6065500
2025-02-19,189.37347412109375,190.10275101808546,188.08762338089826,188.83609601366922,4888700
2025-02-20,192.76077270507812,193.2213678120403,188.87446396982003,189.997172779196,5067000
2025-02-21,193.9122772216797,195.73547664683903,191.93554120604972,192.22341865266836,5889400
2025-02-24,195.83143615722656,197.19404042158462,193.14460445421494,193.6723773204939,6305000
2025-02-25,195.88902282714844,197.68343605969778,194.17137789359265,196.88698142995267,7746800
2025-02-26,194.8046875,195.59155157006808,193.28854656469412,195.361246676914,4766700
2025-02-27,196.7334442138672,198.44149846832997,194.07539880536083,194.8526576395534,5696900
2025-02-28,200.5813751220703,201.12834375618567,196.14811205421202,196.8294069076596,13136400
2025-03-03,202.93235778808594,203.71922190322238,200.46624014163845,201.49298506805664,7016400
2025-03-04,199.36270141601562,206.9434061139778,199.27634257160955,205.80150147553405,7554000
2025-03-05,202.98992919921875,203.60406097058814,197.67385242599534,198.7006119886281,5752800
2025-03-06,202.2318572998047,203.41213877288203,200.07279832507368,202.9035616079765,4346000
2025-03-07,205.62876892089844,206.30048786658543,200.55258785268194,202.5773059520922,6806100
2025-03-10,207.90296936035156,209.8221327116509,200.74448361750106,201.50256134081476,8604000
2025-03-11,204.95706176757812,207.9029847581915,203.82476233463655,207.9029847581915,7144500
2025-03-12,203.48890686035156,205.2257475132728,200.85005700508196,203.43133429714732,6139800
2025-03-13,202.99952697753906,205.1585859664804,202.16468087855043,203.43133584691617,5559500
2025-03-14,203.21063232421875,204.21819609522169,199.87127727506305,201.30105936092858,4511600
2025-03-17,205.80149841308594,206.78986644095204,201.05157169470948,203.64243948272795,5075400
2025-03-18,205.20655822753906,206.48278903976248,203.69041734144997,205.8014942129715,5088200
2025-03-19,203.6712188720703,205.8302777293714,202.26063258060253,205.37927315225969,5412900
2025-03-20,203.3929443359375,204.79392542363163,202.57729403106208,204.4004934110656,5836100
2025-03-21,201.52175903320312,204.27576862578715,200.30310074701538,203.1722408226499,16657700
2025-03-24,200.71571350097656,202.49094560069855,199.11321373064885,200.92682265798314,7393800
2025-03-25,193.20220947265625,200.8020960977245,191.3214372140081,200.76371926557255,10089100
2025-03-26,193.16380310058594,194.91023421654026,188.54821737163982,194.91023421654026,6742900
2025-03-27,194.5264129638672,195.44760324162868,193.163808639889,193.85470866923785,4995300
2025-03-28,196.99253845214844,197.6930436983749,193.44208877151772,194.5360114221349,6478100
2025-03-31,201.05157470703125,202.28942873647864,196.16729241454559,196.16729241454559,11093700
2025-04-01,197.9329376220703,203.57526852507905,197.29001958729108,202.01116018216024,7853200
2025-04-02,196.89657592773438,198.8445256525031,192.2425987180819,198.8445256525031,9262800
2025-04-03,193.4900360107422,202.17425254358474,193.10620922206382,201.80001629990463,7593100
2025-04-04,179.40341186523438,191.91635154335677,178.64533407708697,191.91635154335677,13505200
2025-04-07,179.0099639892578,180.59326789255616,169.15505610982623,173.7130690556264,12581100
2025-04-08,168.5697479248047,180.7756306693073,165.355157396359,180.0175674229149,12517100
2025-04-09,172.57118225097656,173.30047376814147,157.74564681155894,161.4976150517501,18977800
2025-04-10,167.15914916992188,170.8055629937044,158.30221312120392,170.56566754006155,13970000
2025-04-11,167.97479248046875,169.81718772964857,162.4859835613878,166.784905809474,9047700
2025-04-14,171.86109924316406,172.9070398485074,169.07830335117248,170.26819000589188,7164400
2025-04-15,171.22190856933594,174.8051694756906,170.74736290021372,172.0935073815356,8078500
2025-04-16,166.26344299316406,171.2703411145971,164.39434210245645,170.96043010703946,9459300
2025-04-17,167.53213500976562,169.67240077695303,166.48620746004832,167.12538786999298,8998100
2025-04-21,164.7914276123047,168.6749061341504,163.2225288296387,167.99699420454004,7364600
2025-04-22,168.29718017578125,169.14942060251963,165.51773438953546,165.68236905790647,6191900
2025-04-23,171.46401977539062,172.52930556303224,168.89761924236188,169.47869496461692,7119700
2025-04-24,174.6792755126953,175.76394927406665,170.55368492508845,172.00635954039134,8789400
2025-04-25,180.1897430419922,182.74644957694719,174.3112612356476,181.21629732670885,10482100
2025-04-28,186.2716064453125,187.02699600760496,181.71989594044612,182.0685384136095,10408000
2025-04-29,187.4047088623047,189.37066070471212,184.56715814161532,186.51373685104272,6671400
2025-04-30,188.94456481933594,189.6031036004042,184.98359384514407,188.35380984108517,8400700
2025-05-01,187.2400665283203,189.64183248914878,183.81176099940677,186.79458792956848,5823600
2025-05-02,192.2082061767578,192.70211018600872,188.48936301007433,189.01231932708296,6424800
2025-05-05,189.88394165039062,192.2372673515313,188.8767456771008,192.2082150424335,5121500
2025-05-06,181.24537658691406,189.64184946947523,179.87987358142468,189.33193843618565,9392000
2025-05-07,182.1557159423828,184.17977244011126,180.85799678112477,182.23319369822417,5771700
2025-05-08,179.7248992919922,180.77082675403724,175.9092050630602,178.32065016533377,8816700
2025-05-09,178.7758331298828,183.7827166584504,178.41749666701824,179.88954445242192,7806100
2025-05-12,184.07325744628906,186.61059115034593,174.32096103313086,174.32096103313086,12792700
2025-05-13,182.0685577392578,183.77302402377182,179.56027636803597,183.06605982553322,7523800
2025-05-14,171.8417205810547,181.72958394116628,171.02822636329748,180.6352458068155,12212000
2025-05-15,175.9479522705078,176.36439336802994,170.99918798723203,172.40343723936064,12073300
2025-05-16,178.21412658691406,178.26255202973985,174.82455247229404,175.57994209279116,6152800
2025-05-19,179.85079956054688,179.9379564866251,176.751748711204,178.4078041935387,5216700
2025-05-20,179.01792907714844,180.13164029706968,177.84609846349593,179.02760825408564,5505100
2025-05-21,176.0641632080078,178.9791915645029,175.81235682163694,178.1269510765463,5140900
2025-05-22,176.7808074951172,177.76863035896196,174.56306411191028,175.68646934707726,4689200
2025-05-23,177.47808837890625,178.31095571986972,175.98668232885856,176.61616872885787,4027000
2025-05-27,179.86048889160156,180.12197446196797,178.09790325209755,178.4562397084872,5726700
2025-05-28,177.31344604492188,180.22848900110213,176.61616110225458,179.50215175060447,4787800
2025-05-29,179.76364135742188,180.8579943249338,176.92609062795177,177.6718010875979,4925900
2025-05-30,180.23818969726562,180.79989234466532,177.2359894591498,179.16320984708827,11609000
2025-06-02,181.0904083251953,181.0904083251953,177.38124433195026,179.87015228878855,4435600
2025-06-03,181.3422088623047,182.77551030069566,178.98888315151487,181.0032455516141,5335600
2025-06-04,181.4293670654297,184.1797607246796,181.36158326923697,182.4656153593511,4382200
2025-06-05,181.55526733398438,182.64962022912414,179.21162082174388,181.58431964293766,4417900
2025-06-06,183.8408203125,184.48000070274952,182.3590933570665,182.5431011764448,3607800
2025-06-09,183.19195556640625,185.73896832289162,183.04667923961736,184.49935384328492,4661500
2025-06-10,183.52122497558594,185.82614007606946,182.84331311584674,183.07573159497431,4087500
2025-06-11,185.45811462402344,186.6396244215723,183.0950950289257,183.36625975845794,3908000
2025-06-12,186.34910583496094,187.48219030999599,181.4971777325231,186.1360457000958,5781400
2025-06-13,185.0513916015625,187.36598605803715,184.28630797578268,185.5162433730338,4965700
2025-06-16,184.8383026123047,185.6130652954164,182.96918708514636,184.8770340966442,4203900
2025-06-17,179.6280517578125,184.5962036007816,179.19225233484698,183.19195444795048,4733900
2025-06-18,179.6377410888672,181.21630405930526,177.90420784170047,179.40530783982888,3573200
2025-06-20,179.4537353515625,181.19694779604328,178.34970326628633,180.2188041252505,12158100
2025-06-23,177.96231079101562,179.93795644589298,176.54838251038993,178.6692897086981,5157900
2025-06-24,179.69586181640625,180.26724364697517,177.41031971675955,178.6983597130839,4074400
2025-06-25,179.5408935546875,181.1872551283026,178.81455626244232,179.4537366261869,4471100
2025-06-26,180.896728515625,183.0273298607236,179.92827873235143,180.6449368918274,5734000
2025-06-27,176.5580596923828,182.06854076392543,175.99635710184808,181.97168988448618,29264700
2025-06-30,179.76364135742188,180.37376944052968,176.01574548089272,176.67428423054437,6482600
2025-07-01,183.99575805664062,185.70990333221513,178.5724339956534,179.1728680620782,5937600
2025-07-02,184.73178100585938,186.5137249143406,183.55027118499538,183.71490586136235,4658200
2025-07-03,183.30816650390625,185.42907380928588,182.91109856199026,185.1191627978284,3706200
2025-07-07,181.71023559570312,185.35160142150713,180.935472822004,183.46312732005785,11049100
2025-07-08,183.78271484375,186.91080342664617,180.7805146808712,180.89672392315506,7106900
2025-07-09,184.60589599609375,185.06106858391075,182.37847327981444,182.55278715053353,5594100
2025-07-10,188.8477020263672,191.26882641132062,183.57933300032926,184.48967813345104,6049400
2025-07-11,186.37814331054688,187.87924331311012,185.12884968952818,187.77271325415737,4991000
2025-07-14,185.4774932861328,186.59120454582362,184.04417707030004,185.6711802733786,4072800
2025-07-15,182.06842041015625,186.24918450509543,180.72041187968392,185.79985826494044,6729200
2025-07-16,186.16127014160156,186.9524873358016,182.1758660291464,182.5861262444722,6202600
2025-07-17,186.96224975585938,187.6655572393613,183.89505347142168,184.61790141418845,4853100
2025-07-18,184.8718719482422,187.88046182797257,184.19788259088688,187.06970415767154,5332000
2025-07-21,180.5641326904297,185.49703307358698,180.34923234801448,185.2235262568774,4954800
2025-07-22,182.771728515625,183.83645255016145,180.61296230426785,180.65204322397773,4432100
2025-07-23,186.1319580078125,186.37616156990487,182.43960134137592,182.71310813851917,4344500
2025-07-24,186.4054718017578,187.78278352085738,185.58495137952949,186.3370876474039,3462700
2025-07-25,185.86822509765625,186.96225235162495,184.1588000608284,186.96225235162495,3786800
2025-07-28,184.1490478515625,186.7766808723395,183.28944644268262,186.7766808723395,3776900
2025-07-29,186.78643798828125,188.02699636485548,183.50434123250488,184.76442516414048,6715500
2025-07-30,184.92071533203125,188.23211525910014,183.65085374328726,187.32368510180856,5008400
2025-07-31,184.63743591308594,194.21998143520705,183.269887003755,192.4910160186614,10347900
2025-08-01,190.69369506835938,192.49102986187748,185.3895854954725,185.51657612822234,8082000
2025-08-04,192.61801147460938,192.79383089171841,189.22846470920018,190.29318870392441,4217500
2025-08-05,193.9464874267578,195.25541504652148,191.92447461734358,192.96967310066486,4153400
2025-08-06,191.74864196777344,193.45806692053375,190.15642995645865,192.6570720739819,4057200
2025-08-07,194.24928283691406,195.19679385418348,191.94400060494968,192.48125142479358,4683300
2025-08-08,193.45806884765625,195.68520418732356,192.56916428616546,194.46418635176022,4101700
2025-08-11,194.03439331054688,194.80607005473325,192.3249682736117,193.5850521712081,6067800
2025-08-12,194.03439331054688,195.38240182355975,192.48126213990372,193.49714246079512,3049800
2025-08-13,196.7987823486328,197.04298592876412,194.59118735004694,195.12842330233292,3558500
2025-08-14,199.93434143066406,200.3055356299227,196.2029185989179,197.12112641497677,4635400
2025-08-15,201.8977508544922,202.04426703807337,199.58270572388926,201.1358368898633,4430900
2025-08-18,201.78054809570312,203.5094987692708,201.18469074404868,201.8098513338989,6083500
2025-08-19,201.4093475341797,202.98201918955098,200.344623499892,201.7414608266174,3975500
2025-08-20,204.3007049560547,206.7818216257438,201.85866920518146,201.85866920518146,5782100
2025-08-21,204.64260864257812,207.52420802671142,204.0272108255074,204.29095487639546,5323900
2025-08-22,205.71710205078125,206.56692574080608,202.31777748067455,205.95152794871711,5516900
2025-08-25,202.73780822753906,206.40086180342206,202.249401084088,205.42404751651992,2796200
2025-08-26,203.52903747558594,203.74393782383893,201.7805463566227,202.70851700316757,3702900
2025-08-27,203.2359619140625,205.54124404321132,202.99175836184335,203.97835025200996,3459100
2025-08-28,203.09922790527344,203.18713761526217,200.72557630555755,202.83548387030388,4523100
2025-08-29,205.521728515625,206.1078230740456,203.07969269721215,203.17738009195017,4264700
2025-09-02,207.00648498535156,207.24092578351286,204.1444262363572,205.26775672108124,4335500
2025-09-03,206.9478759765625,208.47170388343275,206.57668177693913,207.4948895939002,3973500
2025-09-04,208.0614471435547,209.2238585523028,206.7525195509322,207.32883641417595,3531600
2025-09-05,207.63165283203125,209.3703811573481,206.10782485298986,207.6218900544747,4465400
2025-09-08,204.9258575439453,207.08462362197943,202.7964096063848,206.09804658278892,5525500
2025-09-09,205.54127502441406,205.8343223122484,204.27141338046806,204.67191084367485,3097100
2025-09-10,206.73297119140625,207.34836895016892,203.60716851317255,205.35565949560547,4520600
2025-09-11,215.11402893066406,216.6280939541416,211.72448239155707,215.24101954898862,7647700
2025-09-12,213.2776336669922,215.2703432136575,213.1701834962896,214.0395476392455,4418800
2025-09-15,212.5645751953125,214.50844115323866,209.34108480023565,214.50844115323866,5162100
2025-09-16,211.24586486816406,213.63907193723904,210.8356046318951,213.26787771656538,4251000
2025-09-17,215.6903533935547,216.41320130849738,212.26174072221048,214.02000936328548,5258400
2025-09-18,216.843017578125,216.92116451279952,214.82100476905626,215.94435018687346,4445600
2025-09-19,217.31187438964844,218.30822913014237,216.45227305235935,217.26303069457464,14415100
2025-09-22,217.42909240722656,219.9395123235671,216.29598423708833,217.30211668307555,5990700
2025-09-23,217.44863891601562,219.1971300110751,216.78439742004068,216.8625443551556,4629900
2025-09-24,214.88937377929688,217.08720585771118,213.47298118253883,216.85276507021268,5074500
2025-09-25,213.47299194335938,217.10674235524263,212.9748220129412,214.99683478140997,6666000
2025-09-26,215.4949951171875,216.34481875624104,212.62315879969267,215.5145355758447,4185600
2025-09-29,217.9858856201172,218.06403255374107,214.6940112506019,215.63175954908488,4958400
2025-09-30,226.17156982421875,226.96280190419387,217.4095595230428,217.88818897678982,9187300
2025-10-01,238.71388244628906,239.13390543920303,226.62091669118428,228.22289154055977,12243100
2025-10-02,231.07518005371094,237.04351580673938,229.08248551208735,235.30478760811596,8107700
2025-10-03,228.48663330078125,233.30232057815797,228.29127342450892,231.40729847780986,6547300
2025-10-06,224.85287475585938,227.54887672201954,222.63550223334573,226.33763659034014,11940300
2025-10-07,227.43167114257812,228.6526889954857,222.31315893738844,225.92736880099426,4901000
2025-10-08,225.8785400390625,227.59772781036975,224.35469723824113,226.11296592764802,5412800
2025-10-09,225.34130859375,228.36942418691166,225.27292443369257,227.86149144793242,4607600
2025-10-10,225.1556854248047,229.23876184990746,225.1556854248047,226.1422624550083,6156900
2025-10-13,224.9603271484375,228.3889398365996,223.90536595861775,224.66727988932044,5411900
2025-10-14,223.8174591064453,225.30220606956672,222.23500984903535,222.7820383620307,5527600
2025-10-15,222.56796264648438,225.25388601238154,221.68249802419675,223.53213757046836,5459400
2025-10-16,223.2074737548828,224.4274609701528,221.82024778272972,222.56797316550154,4737500
2025-10-17,225.8638916015625,226.98548715130588,223.14843868247982,223.84698324118082,7150000
2025-10-20,228.3136749267578,228.51044317077964,226.2869334896692,227.27078972223296,5246700
2025-10-21,227.6544952392578,229.05156930142394,226.11968190370783,228.40222057870514,3298100
2025-10-22,224.98825073242188,228.41208145404363,224.742286658237,227.9299864641572,3523500
2025-10-23,224.565185546875,226.14919468507514,223.58132931227752,225.29324456496084,5818000
2025-10-24,224.3094024658203,225.34243956728346,222.59748710525605,225.08664233465208,3554700
2025-10-27,224.34873962402344,224.9095448928456,223.45342683298543,224.27002932248058,2784400
2025-10-28,223.86663818359375,224.71275513514493,220.68878678952143,223.33536242911023,3724200
2025-10-29,221.50538635253906,224.3192157115239,220.42313851737015,223.9453455480193,5469300
2025-10-30,224.5159912109375,225.942579758006,222.7548951448925,223.38456253868262,5020700
2025-10-31,214.52000427246094,220.2558878544471,212.5129441828804,219.39993774436263,10825300
2025-11-03,208.53817749023438,215.46451888922988,208.27253209907533,213.18196518177655,8874300
2025-11-04,212.40472412109375,213.57551545457338,208.9415459353932,208.9415459353932,6184000
2025-11-05,213.27052307128906,213.9198567854693,209.1678443188383,212.25715233689846,4928200
2025-11-06,215.50387573242188,216.1335431592075,212.16860350090087,212.40473441561636,6615300
2025-11-07,215.62193298339844,217.42239166920652,213.58534340008202,215.76950541155708,4647900
2025-11-10,215.17921447753906,216.31064319914853,212.66052978005496,213.496813626431,4530800
2025-11-11,221.534912109375,221.78087617420476,215.4645207908711,215.4645207908711,4802400
2025-11-12,229.46478271484375,230.22235621013363,221.6529619012764,221.7611866863178,8583200
2025-11-13,228.5399627685547,235.42695655054376,228.41207166393002,229.96656634764503,7968500
2025-11-14,228.6088409423828,231.20622086565194,226.6017807794974,229.83866126613628,5461500
2025-11-17,230.2223663330078,231.5505782976034,225.52936773888595,229.49430729140244,5023100
2025-11-18,230.09445190429688,233.3608617966885,228.36287034248915,231.20621424913995,6232600
2025-11-19,229.14996337890625,234.30536053417322,226.641126932473,229.76978260952845,7618400
2025-11-20,225.7458038330078,231.15701297484804,224.31921533446805,229.494293581999,4283600
2025-11-21,232.46554565429688,234.167612705506,226.42466908494785,226.8280537367378,8017600
2025-11-24,225.80484008789062,233.7839147894875,224.79146936236032,232.190072485732,10225900
2025-11-25,228.05787658691406,230.30106758510874,226.5919254031345,226.60177357338262,7134100
2025-11-26,223.98472595214844,228.7269054500858,222.98118833569356,228.29400628171484,5920800
2025-11-28,224.02406311035156,224.40776644390698,221.86941554021155,223.18779431283582,2655600
2025-12-01,221.47589111328125,225.7851864883034,220.36412869621986,223.52231400787082,5208300
2025-12-02,220.74783325195312,222.971358098176,219.50817971829716,221.19058059696775,5096700
2025-12-03,226.52305603027344,227.06416492825045,220.89539738669754,221.21022356302305,4872900
2025-12-04,225.01776123046875,227.21175638343172,223.91583206270636,226.3951539246037,3732900
2025-12-05,222.43023681640625,225.54905952392284,221.41686601605207,225.23421829810687,3985200
2025-12-08,219.51800537109375,222.46957417050768,218.79979450005715,222.43022652532915,4006100
2025-12-09,219.39012145996094,221.19058028814524,216.67466846747374,220.2755861238424,4267900
2025-12-10,221.54473876953125,222.33182675639208,217.43222693217692,221.3676518540263,8735200
2025-12-11,220.36412048339844,222.31216668338334,218.652220202294,221.89893384402524,4170600
2025-12-12,219.71478271484375,220.20671083482597,217.53062066112622,220.07880471964503,5467600
2025-12-15,223.77810668945312,224.61439052797297,219.95090638117287,220.61993645447984,5971900
2025-12-16,220.0591278076172,223.1779503494001,218.3275461950132,222.75489936370371,6405900
2025-12-17,220.6887969970703,222.75490116414076,219.26220841145278,220.26574600795456,5243400
2025-12-18,219.2228546142578,222.607307469573,219.19332511559782,220.3837977715403,4760400
2025-12-19,223.15829467773438,225.7655078853442,218.7604557860636,219.3507605625732,18968800
2025-12-22,224.23068237304688,224.95872639277886,220.62976488168763,222.45973811398045,4828100
2025-12-23,225.09646606445312,227.0641785752266,224.23068276818222,224.53567580535932,3612100
2025-12-24,226.1787109375,227.07402372096496,225.28339815403507,225.75565995929747,1744900
2025-12-26,226.2672576904297,226.8870919360762,224.98824155435275,226.10985209883884,1593900
2025-12-29,227.11337280273438,228.2743309824511,226.0311399368479,226.43450958927065,3803000
2025-12-30,226.03114318847656,227.4774130955863,224.92921396582548,227.0445139380221,2348000
2025-12-31,224.8013153076172,226.53289686724358,224.74227132337876,226.0311355946272,3196900
2026-01-02,225.6080780029297,227.01500027008865,222.066204452042,225.04728773766595,3336800
2026-01-05,216.62545776367188,223.5714953658939,214.34291911393254,223.3353644659396,9341300
2026-01-06,220.31492614746094,220.58057154241638,216.00564591656075,216.20241416700895,9151700
2026-01-07,229.6517333984375,233.21328836406767,221.1118680076575,221.60379615263207,10285400
2026-01-08,220.51170349121094,227.80206680745061,219.51799908257016,227.39869715921867,9365900
2026-01-09,216.52708435058594,221.48571322332924,215.46451780375776,220.13783497073422,6714200
2026-01-12,216.4877166748047,218.8981764307995,214.86435991205124,217.61916033857776,6546100
2026-01-13,217.186279296875,217.186279296875,212.36538940806486,215.98597340395472,4872600
2026-01-14,218.307861328125,219.7344498790907,213.496804896621,217.43222987167394,8426400
2026-01-15,213.25083923339844,219.42945519681146,212.34569329743175,218.927693920746,6954200
2026-01-16,212.58636474609375,215.56168117286487,212.12023062857358,213.83599219737053,8649700
2026-01-20,212.27890014648438,212.27890014648438,208.23248317143262,209.95815699317012,8251400
2026-01-21,214.3715362548828,216.20632071794174,209.82923329283176,210.72182214158173,10727100
2026-01-22,216.31541442871094,217.24768262873746,212.99297182363628,214.50046966055663,5650900
2026-01-23,217.45594787597656,218.01135297073898,214.10376842729895,215.47240365154946,5816400
2026-01-26,218.9535369873047,219.65768672373474,216.70221001890812,217.3071916224599,6553400
2026-01-27,222.0875244140625,224.99342460602307,218.83451305872399,219.0626315431273,5747400
2026-01-28,216.8708038330078,222.18670290762282,214.91701158046567,221.76024816751283,5215800
2026-01-29,218.61631774902344,222.29579891564833,216.20631879884536,216.20631879884536,7834000
2026-01-30,221.1750946044922,222.17679412902504,217.75348382377317,218.69566430929848,6622200
2026-02-02,223.78346252441406,227.899310805404,222.57349931668733,222.99996920133285,5413000
2026-02-03,223.8032989501953,226.81827951911217,221.79991504195445,222.10736197607605,8158500
2026-02-04,215.32363891601562,219.03287197801203,202.5892889212181,208.05394768536442,15319700
2026-02-05,217.21792602539062,218.06092321665352,212.2788901522648,215.1153589171868,10794000
2026-02-06,221.5916290283203,223.96197883232952,216.70219992777294,216.95014294828525,6067100
2026-02-09,221.42303466796875,222.11728724791644,218.30887086425048,221.58172183671343,6767700
2026-02-10,220.6097869873047,223.95205410109338,220.1139009403572,221.90900600898843,6044500
2026-02-11,219.07254028320312,222.3057119066139,216.2559111290729,220.44119063458308,8072400
2026-02-12,225.62815856933594,227.1654083906325,219.09238389374505,219.74695712860552,8712000
2026-02-13,229.59524536132812,232.8085924722355,226.12404294765793,226.54058542130937,8252200
2026-02-17,230.94406127929688,233.31439609014336,229.28780362038455,230.74570987781337,7336400
2026-02-18,226.83811950683594,232.0746750669173,224.20992945360547,232.0746750669173,5495100
2026-02-19,222.5040740966797,227.48275908475674,221.18501540305448,227.08605630267382,5410800
2026-02-20,222.9602813720703,224.82481774591858,221.27427184389998,223.18838471570882,6830300
2026-02-23,227.59185791015625,229.52581048394183,223.93221642955518,223.96198351522077,5463200
2026-02-24,226.5604248046875,228.86132824659705,225.79675603737115,227.11581476882975,4880800
2026-02-25,225.0529327392578,230.63661474365287,224.61655057527955,227.81998549119191,5410900
2026-02-26,222.84127807617188,225.90585026765513,219.31057178178764,225.71741114521754,5331300
2026-02-27,230.17047119140625,230.3589103120584,223.20822679977505,223.2479061584604,8018100
2026-03-02,232.33253479003906,233.72102485834412,229.99195194718828,231.73748058925844,7438800
2026-03-03,231.93582153320312,233.77060595268688,228.3456114106521,231.43993548828763,6595700
2026-03-04,234.2466583251953,235.15908685524792,230.17047432613631,231.63829281941736,5380800
2026-03-05,230.43826293945312,232.86810165746186,226.12404807421413,231.49945126069107,9423100
2026-03-06,228.2166748046875,229.69442065749126,224.93391162868357,228.4646178256333,6139600
2026-03-09,225.5785675048828,228.78198724126977,221.39328791373077,228.07783750494914,7915800
2026-03-10,225.14218139648438,229.36714027323663,224.29918418235505,225.78684234836834,6466800
2026-03-11,225.80667114257812,227.4034248761339,223.44626376537,224.1900928623697,5299200
2026-03-12,223.5156707763672,225.93559709399125,221.73049312339043,223.26772775420474,7607000
2026-03-13,217.87249755859375,226.7389429565767,217.63448192905884,225.02318138296397,5676100
2026-03-16,219.6279296875,222.5239024189272,218.50723749913828,219.27089112426972,3991800
2026-03-17,217.9518280029297,221.44286998025882,217.9518280029297,220.2130671466026,4405700
2026-03-18,206.62579345703125,217.19808756116444,205.89189179620848,216.70220151650423,8597000
2026-03-19,204.5331573486328,208.69859717055627,202.61904444645927,206.65554905186113,7006800
2026-03-20,203.38272094726562,206.07041498438647,201.38924925144096,204.57284449407982,27982400
2026-03-23,203.2438507080078,206.9034922056771,201.54792887894828,205.65386479830477,7419900
2026-03-24,203.5116424560547,204.31497547743083,200.13962319433597,201.36941097689024,6990500
2026-03-25,205.475341796875,207.95477211182856,204.1662104598652,205.1579825858466,6000100
2026-03-26,209.38291931152344,209.71020591801482,204.06702029076038,205.48526225222298,4576300
2026-03-27,207.6770782470703,211.7334377654711,207.39938326095745,209.6804621896633,5654000
2026-03-30,211.36647033691406,212.17973074298357,209.04572719749495,210.51354570448973,7491200
2026-03-31,215.7005157470703,217.36668558230306,213.08223805367527,213.29050171645886,8311700
2026-04-01,213.21116638183594,218.63616109555005,211.99129091004718,216.57327326743052,5702800
2026-04-02,207.12168884277344,212.7946266601919,206.00099662190271,212.22932441306983,5151100
2026-04-06,204.9893798828125,207.28037103610345,203.61081725493554,205.33649104144484,4929100
2026-04-07,204.67201232910156,204.7910352768782,200.00077400971168,204.53316483439713,8801600
2026-04-08,209.84906005859375,210.4738813392719,202.87690323841647,204.56291282235452,5477500
2026-04-09,210.6523895263672,211.7532571707431,207.0225151150997,207.7564167891894,4477800
2026-04-10,206.22909545898438,212.3384153029082,206.04065633632328,211.79293761447903,4633200
2026-04-13,204.7711944580078,206.36794820485068,201.33965620333439,204.73151509788894,7532500
2026-04-14,208.52999877929688,208.68868594916296,202.38101471277938,203.114931523479,6199400
2026-04-15,208.4199981689453,209.82000732421875,205.5500030517578,208.99000549316406,5952100
2026-04-16,208.99000549316406,209.66000366210938,206.52000427246094,207.77999877929688,5075400
2026-04-17,208.3800048828125,212.35000610351562,207.82000732421875,209.66000366210938,8986600
2026-04-20,203.7100067138672,208.3300018310547,202.83999633789062,207.94000244140625,5774300
2026-04-21,205.1199951171875,206.1999969482422,200.9199981689453,204.00999450683594,7772100
2026-04-22,200.5,205.99000549316406,199.80999755859375,205.1699981689453,7646200
2026-04-23,200.9499969482422,202.75999450683594,200.41000366210938,201.0500030517578,7461100
2026-04-24,198.7100067138672,200.25,197.13999938964844,198.92999267578125,7605800
2026-04-27,197.3800048828125,201.4199981689453,196.22999572753906,198.0,7467600
2026-04-28,197.69000244140625,199.17999267578125,196.44000244140625,198.6699981689453,6313100
2026-04-29,203.88999938964844,205.8300018310547,190.75,192.0,10406300
2026-04-30,211.32000732421875,214.8699951171875,208.1699981689453,209.0,7693652
