Price,Close,High,Low,Open,Volume
Ticker,CSCO,CSCO,CSCO,CSCO,CSCO
Date,,,,,
1990-02-16,0.04971984401345253,0.051395685521725555,0.04748538866908848,0.04748538866908848,940636800
1990-02-20,0.05139566957950592,0.05139566957950592,0.048043987602604844,0.049719828591055386,151862400
1990-02-21,0.050278440117836,0.05083705375692063,0.048602599200582124,0.05083705375692063,70531200
1990-02-22,0.05083705857396126,0.05251289965000864,0.05083705857396126,0.05083705857396126,45216000
1990-02-23,0.05055774003267288,0.05139566281406153,0.050278435635493515,0.050837049224777525,44697600
1990-02-26,0.04916121065616608,0.05139566511326104,0.04916121065616608,0.050557742294387684,26928000
1990-02-27,0.050278440117836,0.05111635817900009,0.04916121283966675,0.04916121283966675,25574400
1990-02-28,0.05195428803563118,0.0530715154643404,0.05027844689256735,0.05027844689256735,67968000
1990-03-01,0.05139566957950592,0.05251289690513961,0.05139566957950592,0.05195428324232276,28425600
1990-03-02,0.05195428803563118,0.05251290174998579,0.05139567432127657,0.05139567432127657,8438400
1990-03-05,0.05139566957950592,0.05251289690513961,0.05139566957950592,0.05195428324232276,2419200
1990-03-06,0.05139566957950592,0.05251289690513961,0.05083705591668907,0.05139566957950592,23904000
1990-03-07,0.050278440117836,0.051395667396005255,0.049719826478751374,0.051395667396005255,18172800
1990-03-08,0.04971984401345253,0.05083707168563455,0.04971984401345252,0.05027845784954354,33523200
1990-03-09,0.04971984401345253,0.05027845784954354,0.04971984401345252,0.04971984401345252,11145600
1990-03-12,0.05083705857396126,0.05139567226597705,0.04971983118992967,0.04971983118992967,20304000
1990-03-13,0.05251290276646614,0.053630130216801276,0.050837061590963434,0.050837061590963434,53020800
1990-03-14,0.05809968337416649,0.058658297107370846,0.05251290352197071,0.05251290352197071,87350400
1990-03-15,0.055306605994701385,0.058099674220680964,0.05474734982945451,0.058099674220680964,38620800
1990-03-16,0.05642382800579071,0.05642382800579071,0.055306600819932376,0.055306600819932376,19929600
1990-03-19,0.05809968337416649,0.058658297107370846,0.05474735845478815,0.05642384217455341,43027200
1990-03-20,0.05307150259613991,0.05865828090519529,0.05307150259613991,0.05809966732628722,43228800
1990-03-21,0.053630128502845764,0.054747355917475635,0.05307151479553083,0.05307151479553083,19900800
1990-03-22,0.050278440117836,0.05474734923051301,0.049719826478751374,0.05363012195234376,43776000
1990-03-23,0.05195428803563118,0.0530715154643404,0.05027844689256735,0.05027844689256735,16905600
1990-03-26,0.05418875440955162,0.05418875440955162,0.05251291291032844,0.05307152674340283,41702400
1990-03-27,0.055306605994701385,0.055306605994701385,0.05307150889386677,0.05363012253906268,15926400
1990-03-28,0.05474734306335449,0.05530659915948417,0.054747343063354485,0.05530659915948417,9792000
1990-03-29,0.05474734306335449,0.054747343063354485,0.05363011591103823,0.054747343063354485,16272000
1990-03-30,0.05251290276646614,0.053630130216801276,0.051395675316131,0.053630130216801276,28742400
1990-04-02,0.05139566957950592,0.05195428324232276,0.049719828591055386,0.05083705591668907,15868800
1990-04-03,0.05195428803563118,0.05251290174998579,0.05083706060692196,0.05083706060692196,8352000
1990-04-04,0.05195428803563118,0.05251290174998579,0.05195428803563118,0.05195428803563118,14284800
1990-04-05,0.051674984395504,0.052512907455539846,0.05139567990544329,0.052512907455539846,8323200
1990-04-06,0.05083705857396126,0.05195428595799285,0.05083705857396126,0.05139567226597705,10771200
1990-04-09,0.050278440117836,0.051395667396005255,0.050278440117836,0.051395667396005255,6681600
1990-04-10,0.04916121065616608,0.05139566511326104,0.0480439834276186,0.050278437884713555,34790400
1990-04-11,0.04916121065616608,0.04971982427043982,0.048602597041892334,0.04916121065616608,24796800
1990-04-12,0.04971984401345253,0.04971984401345252,0.048602616341270506,0.04971984401345252,13161600
1990-04-16,0.04971984401345253,0.05027845784954354,0.049161230177361515,0.04971984401345252,5616000
1990-04-17,0.050278440117836,0.050278440117836,0.048602599200582124,0.04916121283966675,6566400
1990-04-18,0.05083705857396126,0.05139567226597705,0.04971983118992967,0.05027844488194547,24480000
1990-04-19,0.05139566957950592,0.05139566957950592,0.05027844225387223,0.05027844225387223,25142400
1990-04-20,0.04971984401345253,0.051395685521725555,0.04971984401345252,0.051395685521725555,8755200
1990-04-23,0.050278440117836,0.05083705375692063,0.04916121283966675,0.049719826478751374,5356800
1990-04-24,0.05111635848879814,0.0513956677074961,0.050837054065025915,0.0513956677074961,10281600
1990-04-25,0.05139566957950592,0.05195428324232276,0.05139566957950592,0.05139566957950592,6768000
1990-04-26,0.05139566957950592,0.05251289690513961,0.05139566957950592,0.05139566957950592,10713600
1990-04-27,0.05083705857396126,0.05195428595799285,0.05083705857396126,0.05139567226597705,4204800
1990-04-30,0.05307150259613991,0.05418872975395604,0.05139566185941571,0.051954275438323774,34329600
1990-05-01,0.05390943959355354,0.054188748879048114,0.05307152132692357,0.054188748879048114,28771200
1990-05-02,0.05307150259613991,0.05418872975395604,0.05307150259613991,0.053630116175047975,3139200
1990-05-03,0.05474734306335449,0.054747343063354485,0.05363011591103823,0.05418872948719636,7228800
1990-05-04,0.055306605994701385,0.055306605994701385,0.054188736184258596,0.054188736184258596,5702400
1990-05-07,0.05586523190140724,0.05698245943701235,0.05530661813360469,0.05530661813360469,13536000
1990-05-08,0.05642382800579071,0.056982441598719874,0.055306600819932376,0.056982441598719874,14486400
1990-05-09,0.055306605994701385,0.05642383328509321,0.05474734982945451,0.05642383328509321,9676800
1990-05-10,0.05474734306335449,0.055865212735642295,0.054747343063354485,0.055865212735642295,2793600
1990-05-11,0.055306605994701385,0.05754106057548505,0.05474734982945451,0.05698244693028913,29923200
1990-05-14,0.055306605994701385,0.05642383328509321,0.055306605994701385,0.05642383328509321,15235200
1990-05-15,0.05558590590953827,0.05642382383959965,0.05530659673623452,0.05642382383959965,24134400
1990-05-16,0.055306605994701385,0.05642383328509321,0.05474734982945451,0.05642383328509321,18720000
1990-05-17,0.05586523190140724,0.05586523190140724,0.05530661813360469,0.05586523190140724,6595200
1990-05-18,0.05474734306335449,0.055865212735642295,0.05418872948719636,0.05530659915948417,45417600
1990-05-21,0.05474734306335449,0.055865212735642295,0.05418872948719636,0.05418872948719636,4032000
1990-05-22,0.05474734306335449,0.05530659915948417,0.054747343063354485,0.054747343063354485,22982400
1990-05-23,0.05418875440955162,0.05530662459596747,0.05418875440955162,0.05474736824262602,39715200
1990-05-24,0.055306605994701385,0.055306605994701385,0.054188736184258596,0.055306605994701385,8121600
1990-05-25,0.053630128502845764,0.054747355917475635,0.05307151479553083,0.053630128502845764,4003200
1990-05-29,0.05307150259613991,0.05474734333286411,0.05251288901723184,0.053630116175047975,20707200
1990-05-30,0.05251290276646614,0.053630130216801276,0.05195428904129857,0.053630130216801276,96278400
1990-05-31,0.055306605994701385,0.055865219639897296,0.051954281603474935,0.051954281603474935,102988800
1990-06-01,0.05586523190140724,0.05698245943701235,0.05474736184561016,0.05530661813360469,103132800
1990-06-04,0.05754106491804123,0.057541064918041236,0.05530661016862591,0.05642383754333357,48499200
1990-06-05,0.059775520116090775,0.06033413380763718,0.05698245165835875,0.05698245165835875,56131200
1990-06-06,0.05921689793467522,0.05977551154613373,0.05809967071175819,0.05977551154613373,23241600
1990-06-07,0.05754106491804123,0.059775519667456554,0.0569824512306874,0.059775519667456554,18144000
1990-06-08,0.05642382800579071,0.05809966878457821,0.05586521441286155,0.05809966878457821,6566400
1990-06-11,0.05614452064037323,0.05642382502461802,0.05474734181441727,0.05474734181441727,3686400
1990-06-12,0.06145135685801506,0.06256858416233617,0.05586522033640949,0.056423833988570045,133401600
1990-06-13,0.06200997158885002,0.06256858525072775,0.06200997158885002,0.06256858525072775,52099200
1990-06-14,0.06256857514381409,0.06312718871545708,0.06145134800052808,0.06256857514381409,54374400
1990-06-15,0.06145135685801506,0.06256858416233617,0.06145135685801506,0.06145135685801506,6537600
1990-06-18,0.06033412739634514,0.06256858192509065,0.05921690013197237,0.06256858192509065,11923200
1990-06-19,0.059775520116090775,0.05977552011609077,0.05809967904145156,0.05809967904145156,20851200
1990-06-20,0.06033412739634514,0.06089274102853152,0.05921690013197237,0.05977551376415875,30124800
1990-06-21,0.0608927458524704,0.0608927458524704,0.0592169048231507,0.059775518499590605,9936000
1990-06-22,0.0608927458524704,0.0608927458524704,0.059775518499590605,0.0608927458524704,806400
1990-06-25,0.060054849833250046,0.06089276825877006,0.05977554049479152,0.06089276825877006,3600000
1990-06-26,0.05921689793467522,0.06033412515759225,0.05809967071175819,0.05977551154613373,4665600
1990-06-27,0.05921689793467522,0.05977551154613373,0.05809967071175819,0.05977551154613373,3801600
1990-06-28,0.058658305555582047,0.05921691936924027,0.055865236487290915,0.05809969174192382,153648000
1990-06-29,0.05921689793467522,0.05921689793467522,0.05809967071175819,0.05865828432321671,48268800
1990-07-02,0.059775520116090775,0.06033413380763718,0.05809967904145156,0.059216906424544365,38131200
1990-07-03,0.059775520116090775,0.06033413380763718,0.059216906424544365,0.059216906424544365,2851200
1990-07-05,0.05893760919570923,0.05921691367823235,0.05809968615828641,0.05921691367823235,6508800
1990-07-06,0.05893760919570923,0.05893760919570923,0.05809968615828641,0.05809968615828641,2476800
1990-07-09,0.058658305555582047,0.05921691936924027,0.05809969174192382,0.05893761485987476,14630400
1990-07-10,0.06033412739634514,0.06033412739634514,0.058658286499785994,0.05977551376415875,41529600
1990-07-11,0.06145135685801506,0.062009970510175615,0.05977551590153339,0.060334129553693945,32515200
1990-07-12,0.06424443423748016,0.06424443423748016,0.06145136558023759,0.06200997931168611,16617600
1990-07-13,0.06759674847126007,0.06759674847126007,0.06312719680536548,0.06312719680536548,46627200
1990-07-16,0.06592091172933578,0.0675967527654894,0.06480304185181052,0.06703813908677153,79977600
1990-07-17,0.06256857514381409,0.06592089909363844,0.060892734428885084,0.06536228552199544,42019200
1990-07-18,0.0636858195066452,0.0642444332293277,0.06089275089323271,0.06089275089323271,23529600
1990-07-19,0.06256857514381409,0.06424441585874308,0.06256857514381409,0.06312718871545708,25804800
1990-07-20,0.06256857514381409,0.06312718871545708,0.062009961572171084,0.06312718871545708,60192000
1990-07-23,0.058658305555582047,0.06256860225118963,0.058658305555582047,0.06256860225118963,35913600
1990-07-24,0.055306605994701385,0.05921690151107279,0.05307150889386677,0.05921690151107279,51264000
1990-07-25,0.056982457637786865,0.05754107138795114,0.054188746366793765,0.054188746366793765,43718400
1990-07-26,0.05809968337416649,0.058658297107370846,0.056982455907757766,0.056982455907757766,17740800
1990-07-27,0.05754106491804123,0.058658292292748895,0.057541064918041236,0.058658292292748895,8841600
1990-07-30,0.05809968337416649,0.05809968337416649,0.05642384217455341,0.057541069640962124,17856000
1990-07-31,0.056982457637786865,0.05809968513811543,0.05698245763778686,0.05809968513811543,9331200
1990-08-01,0.056982457637786865,0.05698245763778686,0.0558652301374583,0.05698245763778686,8409600
1990-08-02,0.05586523190140724,0.0564238456692098,0.0541887480778076,0.0564238456692098,6163200
1990-08-03,0.05418875440955162,0.05530662459596747,0.051395685244179645,0.05530662459596747,54460800
1990-08-06,0.053630128502845764,0.054747355917475635,0.050837059966271095,0.0541887422101607,62150400
1990-08-07,0.054468054324388504,0.055865233706700324,0.05363013604307063,0.05474736361477911,36115200
1990-08-08,0.053630128502845764,0.055306612144912976,0.053630128502845764,0.054747355917475635,21916800
1990-08-09,0.05642382800579071,0.056982441598719874,0.05363011752115405,0.05418873111408321,50803200
1990-08-10,0.053630128502845764,0.05698245326685778,0.05307151479553083,0.05586522585222791,35193600
1990-08-13,0.05279221385717392,0.05307152315227511,0.0513956817664491,0.05251290935699977,12931200
1990-08-14,0.05195428803563118,0.0530715154643404,0.05195428803563118,0.05195428803563118,21945600
1990-08-15,0.05307150259613991,0.05307150259613991,0.051954275438323774,0.05307150259613991,35856000
1990-08-16,0.05195428803563118,0.0530715154643404,0.05195428803563118,0.05223359249534531,21744000
1990-08-17,0.055306605994701385,0.055306605994701385,0.05139566795827902,0.05251289524867085,88185600
1990-08-20,0.055306605994701385,0.05698244693028913,0.05474734982945451,0.055306605994701385,45417600
1990-08-21,0.05251290276646614,0.05474735766713641,0.05195428904129857,0.05418874394196884,36720000
1990-08-22,0.05418875440955162,0.05474736824262602,0.05363014057647723,0.05418875440955162,26409600
1990-08-23,0.050278440117836,0.052512894674174505,0.04916121283966675,0.051395667396005255,56678400
1990-08-24,0.05307150259613991,0.053630116175047975,0.05083704828050764,0.05139566185941571,59011200
1990-08-27,0.05642382800579071,0.056982441598719874,0.054747344707012376,0.054747344707012376,36720000
1990-08-28,0.05586523190140724,0.0564238456692098,0.05530661813360469,0.05586523190140724,19843200
1990-08-29,0.055306605994701385,0.055865219639897296,0.05363012253906268,0.055306605994701385,49737600
1990-08-30,0.055306605994701385,0.05614452885995813,0.054188736184258596,0.055306605994701385,45590400
1990-08-31,0.055306605994701385,0.05642383328509321,0.055306605994701385,0.055306605994701385,12182400
1990-09-04,0.055306605994701385,0.05642383328509321,0.05474734982945451,0.055306605994701385,26236800
1990-09-05,0.05586523190140724,0.0564238456692098,0.05530661813360469,0.0564238456692098,36720000
1990-09-06,0.05418875440955162,0.05586523842904186,0.05363014057647723,0.05530662459596747,37209600
1990-09-07,0.05586523190140724,0.05586523190140724,0.0541887480778076,0.05474736184561016,16300800
1990-09-10,0.055306605994701385,0.05642383328509321,0.05474734982945451,0.055865219639897296,40204800
1990-09-11,0.055306605994701385,0.05642383328509321,0.055306605994701385,0.055306605994701385,11894400
1990-09-12,0.05586523190140724,0.05586523190140724,0.05530661813360469,0.05530661813360469,13305600
1990-09-13,0.055306605994701385,0.05642383328509321,0.055306605994701385,0.05642383328509321,20966400
1990-09-14,0.055306605994701385,0.05642383328509321,0.055306605994701385,0.055306605994701385,16819200
1990-09-17,0.05809968337416649,0.05809968337416649,0.055306614708144686,0.05586522844134905,89712000
1990-09-18,0.059775520116090775,0.06033413380763718,0.05698245165835875,0.05809967904145156,33667200
1990-09-19,0.056982457637786865,0.06033414013877255,0.05642384388762258,0.06033414013877255,74073600
1990-09-20,0.056982457637786865,0.05782038066049661,0.05642384388762258,0.05642384388762258,75571200
1990-09-21,0.055306605994701385,0.05698244693028913,0.05474734982945451,0.05698244693028913,60969600
1990-09-24,0.05418875440955162,0.05474736824262602,0.05307152674340283,0.05418875440955162,96278400
1990-09-25,0.05474734306335449,0.05530659915948417,0.053071502334880095,0.053071502334880095,115718400
1990-09-26,0.05307150259613991,0.055306599431746886,0.05307150259613991,0.055306599431746886,64512000
1990-09-27,0.05055774003267288,0.05418873076048154,0.04971982204620951,0.05363011717119754,74073600
1990-09-28,0.050278440117836,0.050278440117836,0.048602599200582124,0.049719826478751374,155030400
1990-10-01,0.05418875440955162,0.05474736824262602,0.05027845757803086,0.05027845757803086,89596800
1990-10-02,0.053630128502845764,0.056423839559542846,0.05307151479553083,0.05586522585222791,48441600
1990-10-03,0.05195428803563118,0.05418874289304962,0.05195428803563118,0.0530715154643404,61459200
1990-10-04,0.053630128502845764,0.053630128502845764,0.051954287380900965,0.051954287380900965,23385600
1990-10-05,0.05251290276646614,0.05418874394196884,0.051395675316131,0.051395675316131,43401600
1990-10-08,0.05335083603858948,0.05474737314376098,0.05307153149451185,0.05474737314376098,10598400
1990-10-09,0.04971984401345253,0.053630140866089596,0.048602616341270506,0.05307152702999859,115027200
1990-10-10,0.04580952599644661,0.047485366730467764,0.04413304274245178,0.04692675315246071,113241600
1990-10-11,0.04580952599644661,0.04692675315246071,0.04469165632045883,0.04525091241843956,70041600
1990-10-12,0.04860261455178261,0.04999915148805508,0.04636815928968844,0.04748538692073553,41241600
1990-10-15,0.048323314636945724,0.0513956885170389,0.048044005305158524,0.050278460779745446,59270400
1990-10-16,0.05139566957950592,0.053071510567956455,0.049719828591055386,0.049719828591055386,61632000
1990-10-17,0.05418875440955162,0.05586523842904186,0.051395685244179645,0.05251291291032844,50515200
1990-10-18,0.05921689793467522,0.05921689793467522,0.05474734652299497,0.05530660265446563,121305600
1990-10-19,0.06424443423748016,0.06508235243718968,0.06256859304313461,0.06312720677458314,241171200
1990-10-22,0.06647953391075134,0.06647953391075134,0.06424443638992253,0.0648030501400868,127843200
1990-10-23,0.06787605583667755,0.06871397388117767,0.06536229211332599,0.06647951936927655,102326400
1990-10-24,0.06983119994401932,0.07038981356245033,0.0653622909965711,0.06647951823343316,66297600
1990-10-25,0.06983119994401932,0.07150704079931239,0.06927258632558829,0.07038981356245033,83088000
1990-10-26,0.06480303406715393,0.06927258548006833,0.06480303406715393,0.06927258548006833,94003200
1990-10-29,0.06256857514381409,0.06536228552199544,0.062009961572171084,0.06480302943038609,37785600
1990-10-30,0.0636858195066452,0.0648030469520102,0.05921690972518522,0.06256859206128021,90633600
1990-10-31,0.06592091172933578,0.0675967527654894,0.06480304185181052,0.06536229805061791,81244800
1990-11-01,0.06592091172933578,0.06592091172933578,0.06424442817309264,0.06480304185181052,35971200
1990-11-02,0.06759674847126007,0.06759674847126007,0.06536229389833713,0.06592090754156786,27648000
1990-11-05,0.06983119994401932,0.07038981356245033,0.06647951823343316,0.0675967454702952,37324800
1990-11-06,0.07094843685626984,0.07206566424549056,0.06983120946704913,0.07038982316165948,35827200
1990-11-07,0.0670381411910057,0.07122774151543249,0.0670381411910057,0.07122774151543249,118022400
1990-11-08,0.07569733262062073,0.0810041579416568,0.07150708308689172,0.07206569703567368,701654400
1990-11-09,0.07876966893672943,0.0793282826159919,0.07709382789894202,0.07709382789894202,141033600
1990-11-12,0.07821108400821686,0.07876969789282834,0.07765247012360539,0.07821108400821686,111801600
1990-11-13,0.07932831346988678,0.07932831346988678,0.07709385788376942,0.07821108567682811,66412800
1990-11-14,0.08016622811555862,0.08044553263640826,0.07821107728990162,0.07876969112652828,180259200
1990-11-15,0.08156276494264603,0.08267999267936088,0.07932830946921629,0.08044553720593116,96883200
1990-11-16,0.08156276494264603,0.08267999267936088,0.08100414627936092,0.08156276494264603,179280000
1990-11-19,0.08323859423398972,0.08323859423398972,0.08212136659819212,0.08267998521101816,45043200
1990-11-20,0.0821213349699974,0.08323856217550632,0.0821213349699974,0.08323856217550632,47289600
1990-11-21,0.08156276494264603,0.08212137401607578,0.07876969560085886,0.08212137401607578,71596800
1990-11-23,0.0821213349699974,0.08267995336767725,0.08156272616216834,0.0821213349699974,7862400
1990-11-26,0.08184203505516052,0.08212133947439505,0.08044550336913658,0.08100411220760563,41702400
1990-11-27,0.08826673030853271,0.08882534869604422,0.08156272467750794,0.08184202907633839,128188800
1990-11-28,0.08770813792943954,0.08938397422598182,0.08714951943735719,0.0882667468316695,126777600
1990-11-29,0.08547372370958328,0.08826678872612258,0.08435584367472354,0.0877081795587575,84960000
1990-11-30,0.08826673030853271,0.08826673030853271,0.0843557878455136,0.08491440623302511,102297600
1990-12-03,0.09105978161096573,0.09301493132771367,0.08826671880691095,0.08938394584650274,125942400
1990-12-04,0.09245634824037552,0.09273565268026039,0.0910598068612471,0.09161842533086886,66931200
1990-12-05,0.0927356705069542,0.09385289807111176,0.09050121537863905,0.0927356705069542,95356800
1990-12-06,0.09329424798488617,0.09580865886762183,0.09217702079806116,0.09385286637322399,151488000
1990-12-07,0.09217704832553864,0.09329427584600913,0.09217704832553864,0.09329427584600913,36115200
1990-12-10,0.09161844104528427,0.09273566858630292,0.09161844104528427,0.09161844104528427,5126400
1990-12-11,0.09022191166877747,0.0921770527306462,0.08938398859091719,0.0921770527306462,58147200
1990-12-12,0.0927356705069542,0.09329427949410604,0.0888253788273296,0.08938398781448147,67305600
1990-12-13,0.09664662927389145,0.09832246608490397,0.0921770662145543,0.09329429395184777,131904000
1990-12-14,0.100556880235672,0.10111548907983094,0.09497010132478181,0.09664658955700532,125625600
1990-12-17,0.09943968802690506,0.10111552474025069,0.09776385131355941,0.09943968802690505,105120000
1990-12-18,0.09720522910356522,0.09943968436565939,0.09497013132122419,0.09943968436565939,83260800
1990-12-19,0.09999832510948181,0.10055693425371924,0.09664664147448752,0.09832247849705639,93427200
1990-12-20,0.09832242131233215,0.10111548458877537,0.0977638124929839,0.09888103972153138,111974400
1990-12-21,0.09832242131233215,0.09888103972153138,0.0960879668552372,0.09888103972153138,48384000
1990-12-24,0.09720522910356522,0.09776384771401599,0.0966466200829689,0.09776384771401599,14889600
1990-12-26,0.09385289996862411,0.09776384383738218,0.09385289996862411,0.09664661625063656,58147200
1990-12-27,0.09608795493841171,0.09664657327833111,0.09329423989857859,0.09385285823849798,56736000
1990-12-28,0.09860175848007202,0.09860175848007202,0.09608799877816665,0.09608799877816665,63043200
1990-12-31,0.10027758777141571,0.10083619668218718,0.09832243740401042,0.09888105590463446,29664000
1991-01-02,0.09776384383440018,0.09999829900782324,0.09776384383440018,0.09999829900782324,63561600
1991-01-03,0.09385289996862411,0.09832245283582795,0.09385289996862411,0.09776384383738218,104716800
1991-01-04,0.09105978161096573,0.09497008104446163,0.0899425641612233,0.09329423569014927,194803200
1991-01-07,0.08882532268762589,0.09050115817976767,0.0877080958295821,0.09050115817976767,89971200
1991-01-08,0.09217704832553864,0.09273566688070063,0.08882537535398063,0.08882537535398063,64108800
1991-01-09,0.09161844104528427,0.09441150510290404,0.09105982247984813,0.09441150510290404,89942400
1991-01-10,0.0927356705069542,0.0927356705069542,0.0910598243657909,0.0927356705069542,49363200
1991-01-11,0.09161844104528427,0.09273566858630292,0.09105982247984813,0.09273566858630292,33580800
1991-01-14,0.0927356705069542,0.09385289807111176,0.09050121537863905,0.09050121537863905,59328000
1991-01-15,0.09971896559000015,0.09999827962492851,0.09273565440388634,0.09273565440388634,85248000
1991-01-16,0.10446717590093613,0.10726089154468306,0.0994396577041185,0.0999982761647937,105724800
1991-01-17,0.10949534922838211,0.11228841283925622,0.10614366714142191,0.10949534922838211,178502400
1991-01-18,0.11117122322320938,0.11117122322320938,0.10670232184644278,0.10837815866399833,110448000
1991-01-21,0.11787521839141846,0.11787521839141846,0.11005398323161396,0.11061259219666018,85795200
1991-01-22,0.11536084115505219,0.11955109052186405,0.11452291786779346,0.11787525353720293,145036800
1991-01-23,0.11396424472332001,0.11564073287654104,0.11284701749779874,0.11508147194884129,108691200
1991-01-24,0.11340565979480743,0.11564076701555416,0.11340565979480743,0.11452288735015224,68083200
1991-01-25,0.12010969966650009,0.12066830875356158,0.11340568097245,0.11340568097245,107596800
1991-01-28,0.12401994317770004,0.1251371705014555,0.11871311099239856,0.11899242501572628,148867200
1991-01-29,0.12290271371603012,0.1242992454489686,0.11955103180306678,0.12401994102035123,171216000
1991-01-30,0.12793084979057312,0.12904807679701075,0.12290268094679159,0.12346128965508586,157852800
1991-01-31,0.1307239681482315,0.1329584231120971,0.12765159017545305,0.1284895131843659,138441600
1991-02-01,0.13016536831855774,0.13407565998426027,0.1290481407583779,0.13072397730372073,118886400
1991-02-04,0.12904810905456543,0.1307239451881983,0.1273722633310811,0.13016533634027116,134064000
1991-02-05,0.13016536831855774,0.13351704140924345,0.12960674974354092,0.13128258628888376,94550400
1991-02-06,0.13128258287906647,0.1329584289707362,0.12681368234427218,0.12904813740659613,113155200
1991-02-07,0.12709297239780426,0.13463425018442224,0.12681366794419305,0.13239979537582747,144921600
1991-02-08,0.13184119760990143,0.13351703406303853,0.12569645116192765,0.1312825790656202,503251200
1991-02-11,0.12876875698566437,0.13575207516997906,0.12848945264424372,0.13184113351083726,272822400
1991-02-12,0.132399782538414,0.132399782538414,0.12848949179743915,0.12904811024035073,513072000
1991-02-13,0.13463425636291504,0.13463425636291504,0.13184119251892149,0.13184119251892149,166550400
1991-02-14,0.1307239681482315,0.13463425954006972,0.1301653592021917,0.1340756505940299,171964800
1991-02-15,0.1307239681482315,0.13128257709427132,0.1296067406662987,0.1301653592021917,195811200
1991-02-19,0.12960678339004517,0.13128262037044283,0.12848955553982794,0.13072401124026237,157996800
1991-02-20,0.12904810905456543,0.1307239451881983,0.12904810905456543,0.12904810905456543,60739200
1991-02-21,0.12737226486206055,0.12960671946032953,0.12737226486206055,0.12960671946032953,75225600
1991-02-22,0.12681367993354797,0.12848951640350653,0.12346134529374686,0.12681367993354797,299664000
1991-02-25,0.12681367993354797,0.12904813495339498,0.12569645242362446,0.127372288893583,97660800
1991-02-26,0.12401994317770004,0.12681365880208478,0.12234409739714092,0.12681365880208478,111974400
1991-02-27,0.12038901448249817,0.12402000262778687,0.11787525419651802,0.12290277476847832,195811200
1991-02-28,0.12513715028762817,0.12597571556252157,0.12066824171448418,0.12122685049120205,132624000
1991-03-01,0.12737226486206055,0.12848949216119504,0.12457854929924253,0.1256964287082846,91641600
1991-03-04,0.12904810905456543,0.12960671790249256,0.1279308817688597,0.12904810905456543,60019200
1991-03-05,0.13351702690124512,0.13351702690124512,0.12848950822165436,0.12960673566043596,138124800
1991-03-06,0.12737226486206055,0.13575211692055106,0.12737226486206055,0.134634237511509,164505600
1991-03-07,0.12234412133693695,0.12765159708085366,0.11843382973356884,0.1273722925927246,379987200
1991-03-08,0.12401994317770004,0.12737226766903662,0.12290271585394456,0.12401994317770004,132969600
1991-03-11,0.11843379586935043,0.12346131357755158,0.11564073260698333,0.12346131357755158,154742400
1991-03-12,0.11061259359121323,0.11731660131559288,0.11061259359121323,0.11731660131559288,223430400
1991-03-13,0.11675800383090973,0.11731661285795819,0.11117121350104343,0.11172983211794645,231984000
1991-03-14,0.11061259359121323,0.1203889794316427,0.10837813852315037,0.11899244741156682,365299200
1991-03-15,0.10726090520620346,0.11284704257518695,0.10502580773845364,0.11228842404336205,219081600
1991-03-18,0.11396424472332001,0.11843379614541875,0.1061436541446711,0.10837810859571365,120052800
1991-03-19,0.11619936674833298,0.11843382168115041,0.10949535942972848,0.1117298143625459,83707200
1991-03-20,0.12625503540039062,0.1284894899603872,0.11731657464035938,0.11955102920035596,200649600
1991-03-21,0.11843379586935043,0.13072393784144987,0.11619934142351639,0.1284894833956158,163929600
1991-03-22,0.11508150398731232,0.12178551172683656,0.11396427645075703,0.11619937404406012,72259200
1991-03-25,0.11005395650863647,0.11619934410139043,0.10837811084071475,0.11619934410139043,87148800
1991-03-26,0.11172981560230255,0.11340565202558424,0.10837813316588604,0.10837813316588604,185673600
1991-03-27,0.11843379586935043,0.11955102309226746,0.10614365389725101,0.11172979001183614,478137600
1991-03-28,0.10893674194812775,0.11843381239302336,0.10726089608501573,0.11843381239302336,301708800
1991-04-01,0.09943968802690506,0.10726092425244972,0.09385290714572443,0.10726092425244972,326966400
1991-04-02,0.11619936674833298,0.11731659421474169,0.10279135211112397,0.10390857957753269,350582400
1991-04-03,0.11731661111116409,0.11843383873848054,0.11284705808165356,0.11731661111116409,188913600
1991-04-04,0.11396424472332001,0.11955102337094003,0.11284701749779874,0.11508147194884129,147859200
1991-04-05,0.11228843033313751,0.11508150396900829,0.10279135854866239,0.1139642764326307,168753600
1991-04-08,0.11619936674833298,0.11731659421474169,0.10949535942972848,0.11061258689613719,40939200
1991-04-09,0.11396424472332001,0.11619934169437621,0.11284701749779874,0.11619934169437621,45403200
1991-04-10,0.11340565979480743,0.11619937599829967,0.11284705081206192,0.11396427836740673,56433600
1991-04-11,0.1217854917049408,0.1229027190578206,0.11396425771469532,0.11508148506757511,111038400
1991-04-12,0.12737226486206055,0.12960671946032953,0.12066825854719758,0.12066825854719758,141537600
1991-04-15,0.12401994317770004,0.12737226766903662,0.11955103388267811,0.12737226766903662,46483200
1991-04-16,0.13295836746692657,0.13407559448128226,0.1206682277891217,0.12401990883218879,177422400
1991-04-17,0.14524859189987183,0.14636646208641688,0.13295844505054738,0.1340756727168253,298425600
1991-04-18,0.14413130283355713,0.14524853002389548,0.13966239407220365,0.14413130283355713,144489600
1991-04-19,0.14189687371253967,0.14301410110176038,0.13854519154487754,0.14301410110176038,126100800
1991-04-22,0.13631078600883484,0.14077969718011601,0.13072400452439345,0.13966246938729573,66081600
1991-04-23,0.13854524493217468,0.14189692839138113,0.1374280171124392,0.1374280171124392,46440000
1991-04-24,0.14413130283355713,0.14413130283355713,0.13854516688186527,0.13966239407220365,90417600
1991-04-25,0.13966239988803864,0.14413130883548683,0.13631071817745247,0.14301408159862478,73281600
1991-04-26,0.13631078600883484,0.13854524159447543,0.13631078600883484,0.13631078600883484,54619200
1991-04-29,0.12848953902721405,0.13854523090725185,0.12737231132057544,0.13631077549397463,55468800
1991-04-30,0.13295836746692657,0.13295836746692657,0.1262550053807924,0.12737223239514808,77976000
1991-05-01,0.1340756118297577,0.13631070866756767,0.12737224887625379,0.12960670319408843,47980800
1991-05-02,0.13742798566818237,0.13854521323229024,0.13519288801975832,0.13631075810407453,25977600
1991-05-03,0.13742798566818237,0.13742798566818237,0.13407566045565047,0.13742798566818237,34387200
1991-05-06,0.14077967405319214,0.14189690166247715,0.13407566587724773,0.13519289348653274,59601600
1991-05-07,0.14077967405319214,0.14301412927176216,0.13295843826796272,0.14189690166247715,111945600
1991-05-08,0.13966239988803864,0.14301408159862478,0.13295839394684617,0.14189685436176272,109123200
1991-05-09,0.14189687371253967,0.14301410110176038,0.13742796415565683,0.14189687371253967,90489600
1991-05-10,0.13742798566818237,0.14971813139357706,0.13519288801975832,0.14748367626536138,276739200
1991-05-13,0.14189687371253967,0.14189687371253967,0.13742796415565683,0.13742796415565683,99460800
1991-05-14,0.13686929643154144,0.1407795858183023,0.13631067818209092,0.1407795858183023,88790400
1991-05-15,0.12625503540039062,0.1351928536403769,0.12401993832034909,0.13184117180038205,180158400
1991-05-16,0.12960678339004517,0.13072401124026237,0.1262550998393935,0.1273723276896107,95299200
1991-05-17,0.12737226486206055,0.12848949216119504,0.12513716774373557,0.12625503756292605,42566400
1991-05-20,0.12625503540039062,0.1284894899603872,0.12513716560034738,0.1273722626803889,37252800
1991-05-21,0.1307239681482315,0.1340756505940299,0.12737228570243314,0.1284895131843659,74764800
1991-05-22,0.13631078600883484,0.13854524159447543,0.13184123231721376,0.13184123231721376,102585600
1991-05-23,0.13854524493217468,0.13966247275191018,0.1374280171124392,0.1374280171124392,79286400
1991-05-24,0.14189687371253967,0.14189687371253967,0.13742796415565683,0.13966241893409825,57254400
1991-05-28,0.14860089123249054,0.1497181187018904,0.14077965642653759,0.14189688389593744,107985600
1991-05-29,0.14413130283355713,0.15083530849558074,0.1418968484528804,0.148600854114904,66945600
1991-05-30,0.14580777287483215,0.14748360865785223,0.14189683087812233,0.14636638160588902,67046400
1991-05-31,0.14413130283355713,0.14748362692456563,0.1418968484528804,0.14748362692456563,61300800
1991-06-03,0.14524859189987183,0.14524859189987183,0.14077968123476006,0.14413136423359388,66988800
1991-06-04,0.147483691573143,0.1486009192532113,0.1430141383325947,0.14413136601266302,83433600
1991-06-05,0.14860089123249054,0.14860089123249054,0.14524856630413704,0.14860089123249054,49564800
1991-06-06,0.14692509174346924,0.1486009285737561,0.14524860280301158,0.1486009285737561,50371200
1991-06-07,0.14636646211147308,0.14860091744441148,0.14413136425826745,0.14413136425826745,66542400
1991-06-10,0.14636646211147308,0.14971814511088066,0.14636646211147308,0.14748368977794227,24580800
1991-06-11,0.14860089123249054,0.1497181187018904,0.1463664362936908,0.14748366376309066,37094400
1991-06-12,0.14524859189987183,0.14860091741897277,0.14301413656731593,0.14860091741897277,71712000
1991-06-13,0.14860089123249054,0.1497181187018904,0.14413133883473717,0.14524856630413704,51091200
1991-06-14,0.1519525796175003,0.15642213219105633,0.14748366956412348,0.14860089707746768,118598400
1991-06-17,0.15865662693977356,0.1620083007290938,0.15195261766108142,0.15195261766108142,98409600
1991-06-18,0.15642216801643372,0.16200829727269284,0.15530429772688445,0.15977385132410257,76348800
1991-06-19,0.1519525796175003,0.15865658721774475,0.14748366956412348,0.15753935970440056,82152000
1991-06-20,0.15139392018318176,0.15306976579557607,0.14748362973734647,0.1497180841606383,47808000
1991-06-21,0.14860089123249054,0.15530425604888973,0.14748366376309066,0.15418702857948985,53395200
1991-06-24,0.13966239988803864,0.14971808753981725,0.13854517265117658,0.14748363306609313,109872000
1991-06-25,0.13742798566818237,0.1430141234887216,0.13519288801975832,0.14077966836050593,65980800
1991-06-26,0.13631078600883484,0.13854524159447543,0.13072400452439345,0.13631078600883484,55238400
1991-06-27,0.13854524493217468,0.14077970057164566,0.13631078929270374,0.13854524493217468,84326400
1991-06-28,0.13631078600883484,0.13966246938729573,0.13184123231721376,0.13966246938729573,71208000
1991-07-01,0.14413130283355713,0.14413130283355713,0.13742793969152692,0.13966239407220365,37252800
1991-07-02,0.14189687371253967,0.14301410110176038,0.13966241893409825,0.14301410110176038,34804800
1991-07-03,0.143014058470726,0.14413128552691273,0.1407796043583526,0.1407796043583526,75700800
1991-07-05,0.14189687371253967,0.14301410110176038,0.13966241893409825,0.14301410110176038,7934400
1991-07-08,0.14580777287483215,0.14636638160588902,0.13742792267026946,0.14077960382615912,49723200
1991-07-09,0.1525111347436905,0.15642207697496094,0.14748361750325298,0.14971807174119187,121953600
1991-07-10,0.15306982398033142,0.157539377045883,0.1474836857987043,0.15418705161665683,52171200
1991-07-11,0.15306982398033142,0.15418705161665683,0.15083536870768058,0.15418705161665683,10713600
1991-07-12,0.15642216801643372,0.15753939578565668,0.15195261441921562,0.1541870699576615,44582400
1991-07-15,0.15642216801643372,0.1586566235548796,0.15530429772688445,0.15753939578565668,29433600
1991-07-16,0.15753933787345886,0.16312547466608357,0.15642211051493393,0.15753933787345886,85881600
1991-07-17,0.1597738116979599,0.16256688522322374,0.15642212922155527,0.15753935671369013,28814400
1991-07-18,0.16200827062129974,0.16200827062129974,0.15977382504029,0.15977382504029,58363200
1991-07-19,0.1675950139760971,0.1720639036376265,0.16089099860439487,0.16089099860439487,78278400
1991-07-22,0.1675950139760971,0.1720639036376265,0.1653599074456259,0.16871223159655405,61977600
1991-07-23,0.16312552988529205,0.16759509294231445,0.16312552988529205,0.16759509294231445,94219200
1991-07-24,0.15865662693977356,0.16424275631521115,0.1575393991467149,0.16424275631521115,70732800
1991-07-25,0.16033245623111725,0.16089106527281652,0.15753938225305655,0.1597738375995632,53928000
1991-07-26,0.16368407011032104,0.16480130696696177,0.15977377947148375,0.16089100673827317,95630400
1991-07-29,0.16982950270175934,0.17206393839402248,0.16312548597586596,0.16312548597586596,60364800
1991-07-30,0.17318116128444672,0.17318116128444672,0.1698294888399171,0.1720639243498009,65635200
1991-07-31,0.17541562020778656,0.1765334900996431,0.16647780123371653,0.17318116546426907,115977600
1991-08-01,0.17597489058971405,0.17765073653161575,0.17206393767519382,0.17541562955899725,95097600
1991-08-02,0.18211956322193146,0.184354017301115,0.1765334376138219,0.17876789169300547,109699200
1991-08-05,0.18435409665107727,0.187706440912379,0.18100242367951927,0.18211964161013627,85132800
1991-08-06,0.18211956322193146,0.18658912349005463,0.1798851283224466,0.18658912349005463,108590400
1991-08-07,0.17765064537525177,0.18770632961744818,0.1765334089273602,0.18435398734381891,145123200
1991-08-08,0.17373980581760406,0.17876797721608925,0.1720639596615624,0.17876797721608925,51177600
1991-08-09,0.17429839074611664,0.17765073470544415,0.17206393590645205,0.1737397818311268,78105600
1991-08-12,0.17988519370555878,0.17988519370555878,0.1731811769215341,0.17429839477735318,120124800
1991-08-13,0.1854713410139084,0.1888236662265895,0.1810024307572781,0.1821196487315818,61689600
1991-08-14,0.19217538833618164,0.19329262577510167,0.18770649611963924,0.18882371437884668,156326400
1991-08-15,0.1854713410139084,0.1966449016959009,0.18323688588559323,0.1932925764832198,147312000
1991-08-16,0.19105808436870575,0.19105808436870575,0.18547130510923257,0.18882362967295008,129672000
1991-08-19,0.18658922612667084,0.19105813674323918,0.1787679900274161,0.18100244533570026,115041600
1991-08-20,0.18491269648075104,0.1910580846275633,0.18323685066173773,0.18882362992878024,107323200
1991-08-21,0.1977621167898178,0.1988793346394974,0.18603058135966474,0.18658919028450455,194616000
1991-08-22,0.20167234539985657,0.20223095417777195,0.1988792823305791,0.1988792823305791,89150400
1991-08-23,0.20446543395519257,0.2067005406349726,0.19887930712034219,0.19999654399513403,101217600
1991-08-26,0.20446543395519257,0.20781777750976443,0.20111376169022294,0.20446543395519257,37886400
1991-08-27,0.20334823429584503,0.2055826890639082,0.19887932475971867,0.2044654520900243,42969600
1991-08-28,0.20558267831802368,0.2067005481637286,0.2011137690154889,0.20334822366675628,28051200
1991-08-29,0.20446543395519257,0.20725914948251706,0.20223097938531184,0.2055826708299844,38764800
1991-08-30,0.2027895599603653,0.20446538611086001,0.2011137146301722,0.2022309320638353,25675200
1991-09-03,0.19999665021896362,0.20334832426410135,0.19776219446230076,0.19999665021896362,14140800
1991-09-04,0.19217538833618164,0.19999664497971276,0.18994095181776674,0.19999664497971276,58478400
1991-09-05,0.1888236701488495,0.1910581253235789,0.18323688969180416,0.18882367014884946,83476800
1991-09-06,0.1888236701488495,0.1910581253235789,0.18658921497412004,0.18882367014884946,52372800
1991-09-09,0.19496841728687286,0.19552702625873208,0.18882366105729986,0.18882366105729986,33292800
1991-09-10,0.1944098025560379,0.19887936510891868,0.19329258453519432,0.19552703975659,81489600
1991-09-11,0.1966448426246643,0.1966448426246643,0.192175281600608,0.19552697287610143,37396800
1991-09-12,0.201113760471344,0.20334821502768252,0.19776208822668764,0.19776208822668764,76190400
1991-09-13,0.1966448426246643,0.20223096917755073,0.19552697287610143,0.20223096917755073,64152000
1991-09-16,0.19217538833618164,0.19776218928158523,0.18882371437884668,0.1966449518426652,30283200
1991-09-17,0.19217538833618164,0.19329262577510167,0.18882371437884668,0.19105817007697418,33220800
1991-09-18,0.1966448426246643,0.19776207944306276,0.18882360950481655,0.18882360950481655,29865600
1991-09-19,0.19999665021896362,0.20111386850743848,0.19552708659539228,0.19552708659539228,63820800
1991-09-20,0.20167234539985657,0.20446540846913402,0.1999965190661104,0.20111373662194118,78379200
1991-09-23,0.201113760471344,0.20223097815966187,0.1988793059150055,0.20223097815966187,84931200
1991-09-24,0.20055517554283142,0.20334823927639392,0.19887932963081187,0.2011137844536029,97977600
1991-09-25,0.1932925432920456,0.20111377741833603,0.1932925432920456,0.20111377741833603,55497600
1991-09-26,0.17988519370555878,0.1854713213440656,0.17988519370555878,0.1854713213440656,206366400
1991-09-27,0.17876793444156647,0.18547129828208445,0.17653347982806045,0.17876793444156647,152308800
1991-09-30,0.18323688209056854,0.18435410004173353,0.17541564678324298,0.177650753975329,77169600
1991-10-01,0.1888236701488495,0.19217534332108954,0.18267828069304884,0.1854713448665336,80798400
1991-10-02,0.18435409665107727,0.188823658842996,0.18156103264482779,0.188823658842996,114984000
1991-10-03,0.17988519370555878,0.1865891913098778,0.17988519370555878,0.18435408430854083,53208000
1991-10-04,0.18435409665107727,0.18547133376140126,0.17988520574890224,0.18211964161013627,44568000
1991-10-07,0.1860305517911911,0.18770639747905016,0.18323683632134186,0.18323683632134186,50400000
1991-10-08,0.18658922612667084,0.18658922612667084,0.18211966339998772,0.1854713559522686,78883200
1991-10-09,0.17541562020778656,0.18658917896556965,0.1742983832461756,0.18435407211210217,118166400
1991-10-10,0.17373980581760406,0.17876797721608925,0.16647783138103397,0.17653352206793632,162345600
1991-10-11,0.18156103789806366,0.1843541019851269,0.17318119352681835,0.17318119352681835,130147200
1991-10-14,0.1899408996105194,0.19217533551477617,0.1810024271646137,0.18211964511674208,66096000
1991-10-15,0.1966448426246643,0.1966448426246643,0.19105806396191152,0.19105806396191152,112593600
1991-10-16,0.201113760471344,0.20334821502768252,0.1955269815604538,0.196644851358667,150825600
1991-10-17,0.201113760471344,0.20558266958402102,0.19776208822668764,0.19999654278302614,150595200
1991-10-18,0.20055517554283142,0.20446545709793687,0.19999656663205992,0.20223100227514587,64540800
1991-10-21,0.1977621167898178,0.2044654622473065,0.19664487976043266,0.20055518059372235,60883200
1991-10-22,0.20223096013069153,0.2033481968991101,0.19887928818483805,0.19887928818483805,45777600
1991-10-23,0.20334823429584503,0.2044654520900243,0.19999656173360258,0.2027896253987554,30384000
1991-10-24,0.19720351696014404,0.20558272875296746,0.19329258263582397,0.20446549156339378,113961600
1991-10-25,0.1944098025560379,0.196644909887523,0.19105812931379865,0.19552703975659,84772800
1991-10-28,0.20223096013069153,0.20446541448782754,0.19552696412914738,0.1977620705961206,61545600
1991-10-29,0.2027895599603653,0.20446538611086001,0.19887926058314748,0.20334816867719688,53208000
1991-10-30,0.21228662133216858,0.21452107541642065,0.2033481720651015,0.20446538951737817,166032000
1991-10-31,0.2178734838962555,0.22122515644277496,0.21116946751355792,0.21228668530249623,131472000
1991-11-01,0.21116946637630463,0.2178734827228977,0.2100522485933831,0.2178734827228977,96595200
1991-11-04,0.211728036403656,0.21340388195013,0.2089349732793333,0.21116942761473165,41385600
1991-11-05,0.2167561799287796,0.21899063399569618,0.21172801096338942,0.2134038563085015,117590400
1991-11-06,0.2178734838962555,0.22010793865383665,0.21452114006007741,0.21787348389625547,59486400
1991-11-07,0.23351526260375977,0.23463248021316163,0.22792913619734748,0.23239802581465643,230428800
1991-11-08,0.23798486590385437,0.2424537563172254,0.23463252200922963,0.23574975899735104,133243200
1991-11-11,0.23574984073638916,0.2391021666136254,0.23463260336089992,0.2391021666136254,24912000
1991-11-12,0.23854342103004456,0.24021926654456607,0.23686757551552307,0.23742618429379672,90777600
1991-11-13,0.2446882426738739,0.24580547980609754,0.23686765946713767,0.23686765946713767,95860800
1991-11-14,0.2424536943435669,0.24692325490414252,0.24245369434356687,0.24580538527149953,35726400
1991-11-15,0.22904646396636963,0.24580552253540613,0.2290464639663696,0.2413366115890784,93297600
1991-11-18,0.2312808781862259,0.2323980961336756,0.22345964290490966,0.2296050320853441,96681600
1991-11-19,0.22457686066627502,0.22792920497530744,0.21675627750148552,0.22792920497530744,117950400
1991-11-20,0.22234244644641876,0.22792924685471747,0.22122522829461863,0.22569413926124063,41976000
1991-11-21,0.22457686066627502,0.22681196784907623,0.22234240559351984,0.22234240559351984,38462400
1991-11-22,0.22010791301727295,0.22457680283222708,0.21452111507422317,0.22345958517341413,70257600
1991-11-25,0.2178734838962555,0.22345961120035612,0.21563837702872024,0.22122515644277496,52977600
1991-11-26,0.219549298286438,0.22122514405571436,0.21675623479077968,0.22122514405571436,45100800
1991-11-27,0.22122518718242645,0.22457686019466716,0.2189907321143636,0.22010796923824863,32832000
1991-11-29,0.22122518718242645,0.22345964225048934,0.2189907321143636,0.22122518718242645,24264000
1991-12-02,0.2312808781862259,0.23463255120828225,0.21675627768108974,0.2189907327556964,63518400
1991-12-03,0.23686759173870087,0.23910204618453493,0.2301635954710375,0.2323980307371697,55310400
1991-12-04,0.24580542743206024,0.24915775186508254,0.23686760899749132,0.23910206360613356,93542400
1991-12-05,0.24133650958538055,0.2536266520135169,0.24021929191085906,0.24468818178864754,85406400
1991-12-06,0.23966073989868164,0.24468825938783534,0.2368676756468972,0.24133658612163575,58420800
1991-12-09,0.2435709834098816,0.2458054381156412,0.24021931094109425,0.241336528704122,82382400
1991-12-10,0.24133650958538055,0.2458054186428716,0.24021929191085906,0.24357096411412607,37915200
1991-12-11,0.24133650958538055,0.24468818178864754,0.2368676005278895,0.24357096411412607,47563200
1991-12-12,0.2435709834098816,0.2458054381156412,0.24021931094109425,0.241336528704122,47592000
1991-12-13,0.24524687230587006,0.2491578064529722,0.24468824414654244,0.24580548128549023,81475200
1991-12-16,0.25027501583099365,0.252509451501627,0.24468821700531324,0.24692332396563302,76233600
1991-12-17,0.25027501583099365,0.252509451501627,0.25027501583099365,0.252509451501627,44553600
1991-12-18,0.25418543815612793,0.25697915558076034,0.24915791675446228,0.24915791675446228,110203200
1991-12-19,0.25027501583099365,0.253626688516649,0.24915777881597168,0.253626688516649,56808000
1991-12-20,0.24580542743206024,0.253626661082367,0.24468819053788748,0.253626661082367,67334400
1991-12-23,0.25250938534736633,0.25362662206968645,0.24468815290011642,0.24580538962243653,159868800
1991-12-24,0.264799565076828,0.2670346717786769,0.25250942230108614,0.2536266591869093,84873600
1991-12-26,0.2849109470844269,0.28826329073846085,0.2670346770648059,0.2670346770648059,123105600
1991-12-27,0.2871461510658264,0.289380606458648,0.2804421519569321,0.2860282808491311,74577600
1991-12-30,0.29943618178367615,0.3016706363074272,0.2893804939067619,0.2927321661025372,74620800
1991-12-31,0.29608404636383057,0.30502250309127626,0.29161513446540127,0.30390528470652634,106272000
1992-01-02,0.2938494384288788,0.29608389322238166,0.288263311034974,0.2927322014422749,76334400
1992-01-03,0.29943618178367615,0.29943618178367615,0.2893804939067619,0.293849402954264,65059200
1992-01-06,0.3005535304546356,0.3005535304546356,0.2927322750119163,0.2983190750995682,47577600
1992-01-07,0.3128436505794525,0.3150781058797476,0.29720183054698357,0.29943628584727866,112651200
1992-01-08,0.3273688554763794,0.33183776540554055,0.30949193071941206,0.3117263856839927,158097600
1992-01-09,0.3290446102619171,0.3363065820883809,0.32848598229088066,0.3307204558156244,116467200
1992-01-10,0.3228992521762848,0.329603287503088,0.3106091281011011,0.329603287503088,129456000
1992-01-13,0.3262510597705841,0.3307206228276065,0.3240165851174437,0.3262510597705841,68688000
1992-01-14,0.325133740901947,0.3284860464141923,0.31619526966707556,0.325133740901947,107510400
1992-01-15,0.33407220244407654,0.33742454660339527,0.3217820767523076,0.3251337688016094,110908800
1992-01-16,0.3391004204750061,0.34636239493857224,0.33183779390136947,0.33407222987812096,148075200
1992-01-17,0.3351894021034241,0.3441278342366379,0.33183771062005496,0.3430106165286503,94233600
1992-01-20,0.3139607608318329,0.33630658983708833,0.31172630643530697,0.33518937222867606,107798400
1992-01-21,0.29943618178367615,0.31172632418434143,0.2972017272599251,0.3094918696605904,213494400
1992-01-22,0.3240165412425995,0.3262510155931713,0.3027879416688064,0.30390517884409235,201902400
1992-01-23,0.32960328459739685,0.33407215555670494,0.3240164670695216,0.3273688107583354,166924800
1992-01-24,0.330720454454422,0.3351893631261141,0.32625089367289895,0.32960323687634946,96480000
1992-01-27,0.332955002784729,0.3374245650854933,0.32960334891125637,0.3318377848269048,59529600
1992-01-28,0.3335135877132416,0.33854173916146035,0.33183774181402137,0.33518943361246173,62438400
1992-01-29,0.3262510597705841,0.3385418403252075,0.32513384162372455,0.33295505912132556,124113600
1992-01-30,0.332955002784729,0.33407222074255316,0.3262510045683163,0.32736887463619313,48470400
1992-01-31,0.3357481062412262,0.341893515379272,0.3296033875727289,0.3329550418393403,89971200
1992-02-03,0.3525077998638153,0.3553008639854628,0.3363067007224833,0.33742457080932287,129744000
1992-02-04,0.35977038741111755,0.36088760526693664,0.34971469787992987,0.35418356930320627,113328000
1992-02-05,0.37038466334342957,0.37317772713744274,0.3597703841599568,0.3608876020056799,128822400
1992-02-06,0.37652936577796936,0.3877029235936161,0.370943238980041,0.370943238980041,148046400
1992-02-07,0.3821161687374115,0.3899374218723443,0.3754121717199125,0.38770294799688465,184075200
1992-02-10,0.3754122257232666,0.3821162237051412,0.37094331568889893,0.3821162237051412,90921600
1992-02-11,0.3709432780742645,0.3754121876554729,0.3631220246073338,0.3754121876554729,96595200
1992-02-12,0.3821161687374115,0.3843506042534632,0.3698260445703753,0.3731776978444528,90720000
1992-02-13,0.3809990882873535,0.3888203058815609,0.3765295251751237,0.3821163064480127,104083200
1992-02-14,0.37652936577796936,0.3809989269980882,0.3754121480902648,0.3798817093103836,63950400
1992-02-18,0.3681502342224121,0.385467897508116,0.3675916061098752,0.3821162055517177,105235200
1992-02-19,0.36535653471946716,0.37094331476874476,0.35977040678021777,0.36759162266142975,173419200
1992-02-20,0.3737364709377289,0.37652953559639196,0.36312215010896637,0.36647384304313124,79430400
1992-02-21,0.3642391264438629,0.3742948123200956,0.3642391264438629,0.3742948123200956,59961600
1992-02-24,0.35753586888313293,0.3653564696202556,0.35641799905631955,0.3642392135439476,120384000
1992-02-25,0.3547421395778656,0.358653072725339,0.3474801671598304,0.3575358550516578,121392000
1992-02-26,0.37150201201438904,0.37541233339056435,0.3553009474276628,0.3553009474276628,100814400
1992-02-27,0.36870887875556946,0.3742950072732377,0.3675916607239193,0.37317778924158757,31420800
1992-02-28,0.3642391264438629,0.37150174951604087,0.36200469154437803,0.3675914692622437,41328000
1992-03-02,0.3620047867298126,0.3642392222168193,0.35641800754296094,0.3642392222168193,43300800
1992-03-03,0.35977038741111755,0.3687088207270748,0.3592117593035023,0.3620048231227557,73800000
1992-03-04,0.35753586888313293,0.3620047781101449,0.3553007813394182,0.35865308660003425,61171200
1992-03-05,0.35306620597839355,0.355300679128804,0.34524499374072154,0.355300679128804,66052800
1992-03-06,0.3485974669456482,0.35641806922236946,0.34524516102508224,0.35083194117874605,80712000
1992-03-09,0.3519490957260132,0.3558593769803857,0.3485974041597468,0.3519490957260132,75715200
1992-03-10,0.35977038741111755,0.3631220409785748,0.350831915735749,0.3530663514473872,60206400
1992-03-11,0.3519490957260132,0.36200478417532783,0.34971466025477377,0.3597703487040884,57801600
1992-03-12,0.35362499952316284,0.3553008455812272,0.3452451554822244,0.3519491534650984,94795200
1992-03-13,0.354183554649353,0.35977037252611743,0.35418355464935297,0.35753589854751616,56073600
1992-03-16,0.35362499952316284,0.3553008455812272,0.34971471762728823,0.3541835893029086,38923200
1992-03-17,0.36759158968925476,0.36982606368017507,0.35530081277718867,0.3564180305929438,98179200
1992-03-18,0.3742949366569519,0.376529410658103,0.3664737214414757,0.3687088091931894,79012800
1992-03-19,0.37038466334342957,0.3754122011882999,0.36982607360027353,0.37317772713744274,34588800
1992-03-20,0.37038466334342957,0.37317772713744274,0.36759159954941645,0.37094329144599664,58536000
1992-03-23,0.3620047867298126,0.3798817282833511,0.3575358773963918,0.37317769299358855,49644000
1992-03-24,0.3664737641811371,0.3664737641811371,0.3597704181147326,0.36200485401706256,46339200
1992-03-25,0.3821161687374115,0.3843506042534632,0.36423922695149413,0.36870878845294147,53560800
1992-03-26,0.377647340297699,0.3843506866421791,0.3664737793836083,0.3843506866421791,51681600
1992-03-27,0.3485974669456482,0.3776473197901425,0.3485974669456482,0.3731777575733205,85572000
1992-03-30,0.3485974669456482,0.3620048493760333,0.3485974669456482,0.35306637705242977,54424800
1992-03-31,0.35306620597839355,0.36423910876198345,0.34859729803696826,0.34859729803696826,56397600
1992-04-01,0.3620047867298126,0.3620047867298126,0.3463623190226883,0.3463623190226883,55425600
1992-04-02,0.35641807317733765,0.37317776171426137,0.3553008552280986,0.36200485339299476,55749600
1992-04-03,0.35753586888313293,0.3642392135439476,0.3508318721124062,0.3553007813394182,36259200
1992-04-06,0.36870887875556946,0.3754122636643053,0.3620048800961553,0.36423931615945565,42660000
1992-04-07,0.34189334511756897,0.3731776225133839,0.33965891005256893,0.37094318744838384,90756000
1992-04-08,0.34189334511756897,0.34636225360696926,0.31284350278675405,0.33965891005256893,141242400
1992-04-09,0.35641807317733765,0.3642392892914727,0.33518947448404335,0.3441279085474174,114775200
1992-04-10,0.3351894021034241,0.3664736844132348,0.3329549283280426,0.35977033980590295,96076800
1992-04-13,0.3396590054035187,0.3463623508397191,0.3329549694979198,0.33518944354959396,49010400
1992-04-14,0.35530081391334534,0.364239246937349,0.3396589972545552,0.34412786853186605,64663200
1992-04-15,0.35530081391334534,0.364239246937349,0.3530663399152798,0.3575359016619726,51566400
1992-04-16,0.3452450931072235,0.3575358689335073,0.34189340159664067,0.35306630759595353,64353600
1992-04-20,0.332955002784729,0.34189347527620495,0.324016530293253,0.34189347527620495,62920800
1992-04-21,0.3240165412425995,0.33295501403612926,0.31954765008058,0.33072057804497357,57009600
1992-04-22,0.332955002784729,0.3396590393605565,0.32178209437760463,0.3262510045683163,77464800
1992-04-23,0.325133740901947,0.3374245176490638,0.3217820491402532,0.33518942993757994,78055200
1992-04-24,0.3262510597705841,0.3262510597705841,0.31731323787686516,0.3262510597705841,52934400
1992-04-27,0.3173132538795471,0.3329550759128529,0.3173132538795471,0.32178216505178187,58831200
1992-04-28,0.305022269487381,0.3195475166637386,0.2949665828967035,0.30390505195826156,128721600
1992-04-29,0.3173132538795471,0.3173132538795471,0.30390523532216285,0.30390523532216285,85183200
1992-04-30,0.3262510597705841,0.33742462217834795,0.3150781302932725,0.3195476933502949,75031200
1992-05-01,0.32960328459739685,0.3351894116559393,0.326250940908583,0.32848602849816244,62236800
1992-05-04,0.33742448687553406,0.34859739269294565,0.33072049021300776,0.335189399367893,40219200
1992-05-05,0.34748029708862305,0.35530090044745793,0.3374246054368015,0.3396590799790769,55900800
1992-05-06,0.34748029708862305,0.3530664259051825,0.3463624268870644,0.3508319897223265,44424000
1992-05-07,0.34189334511756897,0.3530662492711739,0.3374244366281687,0.35083181420617393,42098400
1992-05-08,0.34636232256889343,0.3508318840580031,0.33742450381054256,0.3441278486996018,56138400
1992-05-11,0.354183554649353,0.36200480814530894,0.34859742724196446,0.35306633683975724,53841600
1992-05-12,0.3508318364620209,0.3575358325515094,0.34412780201312965,0.3575358325515094,103795200
1992-05-13,0.34189334511756897,0.35083181420617393,0.3374244366281687,0.35083181420617393,84384000
1992-05-14,0.35977038741111755,0.3620048231227557,0.3485974416646994,0.3553008255184367,284904000
1992-05-15,0.36535653471946716,0.36870884057739695,0.35306637045555955,0.35530084464690737,118036800
1992-05-18,0.3731776475906372,0.37764720849019295,0.3664736514759291,0.3664736514759291,72410400
1992-05-19,0.3754122257232666,0.37988178786766413,0.36647375354450146,0.37094331568889893,49881600
1992-05-20,0.377647340297699,0.3776473402976989,0.370943341843143,0.3776473402976989,67104000
1992-05-21,0.3709432780742645,0.37764727537633597,0.36647371638309245,0.37764727537633597,74700000
1992-05-22,0.36870887875556946,0.37317778924158757,0.36870887875556946,0.36870887875556946,31327200
1992-05-26,0.3664737641811371,0.3709433264552604,0.357535943852988,0.3709433264552604,52048800
1992-05-27,0.3664737641811371,0.3709433264552604,0.36423928991939253,0.3664737641811371,47080800
1992-05-28,0.3798817992210388,0.3821162351252956,0.3664737644971556,0.3687088525114617,83044800
1992-05-29,0.4089314341545105,0.4089314341545105,0.3754120717440716,0.3754120717440716,158443200
1992-06-01,0.4335119128227234,0.43351191282272333,0.3999931871726168,0.4044620590610743,133718400
1992-06-02,0.42233893275260925,0.4335118394105929,0.4201044971867662,0.4335118394105929,71604000
1992-06-03,0.41787001490592957,0.4245733598288299,0.4134004533942558,0.4245733598288299,52732800
1992-06-04,0.4201045036315918,0.424573374831835,0.41116603240232613,0.4134004680024477,57535200
1992-06-05,0.4134006202220917,0.4290430944808606,0.4100489655877852,0.4290430944808606,43884000
1992-06-08,0.4156348705291748,0.41786995785512515,0.4111659617375682,0.4111659617375682,39254400
1992-06-09,0.4111659526824951,0.4178699486524105,0.40669639187947276,0.4178699486524105,73648800
1992-06-10,0.4089314341545105,0.4156348156363066,0.4089314341545105,0.4089314341545105,74541600
1992-06-11,0.4134006202220917,0.4178701835374579,0.39775879807352343,0.40893170901692616,97912800
1992-06-12,0.4201045036315918,0.42680784879136596,0.41116603240232613,0.41116603240232613,37742400
1992-06-15,0.4212217330932617,0.4245733865862353,0.41563495346891666,0.4178700412408776,35964000
1992-06-16,0.41228318214416504,0.424573304744804,0.4111659645285305,0.42010443428226585,59724000
1992-06-17,0.39552342891693115,0.4134003269149278,0.39105452088245185,0.41116589207738635,120312000
1992-06-18,0.3843507766723633,0.3977588150815854,0.3843507766723633,0.3932892515751018,93780000
1992-06-19,0.39328911900520325,0.3999931551297304,0.3843506471154448,0.39105468323997195,65080800
1992-06-22,0.3910546898841858,0.39552359984998964,0.3821162178425583,0.3932891256873812,53719200
1992-06-23,0.40669646859169006,0.4134004658261321,0.3955235618211217,0.39775864951943735,74628000
1992-06-24,0.41004881262779236,0.4156349399606073,0.4044619948256107,0.40669646877438226,57009600
1992-06-25,0.40334469079971313,0.4223388469060765,0.3977585646611582,0.41786993832335234,81914400
1992-06-26,0.40111035108566284,0.40781434848430387,0.3955235715085647,0.4022275689072058,39988800
1992-06-29,0.42233893275260925,0.42233893275260925,0.39999311943664195,0.39999311943664195,60984000
1992-06-30,0.4201045036315918,0.4234561570317742,0.4134004680024477,0.4223389392317134,67824000
1992-07-01,0.4357461631298065,0.43798125003514343,0.4134003191572651,0.4201043523726156,91735200
1992-07-02,0.4268077313899994,0.4402157606007517,0.4223388230596028,0.4379812872558539,103564800
1992-07-06,0.4335119128227234,0.43351191282272333,0.42010456832845905,0.4245734402169166,36648000
1992-07-07,0.40781429409980774,0.43351179658537603,0.40669642431736636,0.43351179658537603,115768800
1992-07-08,0.4089314341545105,0.4134003423559086,0.3955234436901891,0.4066963471237479,137376000
1992-07-09,0.4201045036315918,0.42010450363159185,0.40446199677318195,0.40446199677318195,52855200
1992-07-10,0.41787001490592957,0.42569061594882,0.4134004533942558,0.4201044887865017,30765600
1992-07-13,0.4201045036315918,0.4290429365014481,0.4156349419619787,0.4178700296720608,43819200
1992-07-14,0.4335119128227234,0.4357463871263675,0.42010456832845905,0.42010456832845905,39132000
1992-07-15,0.4435676038265228,0.44691929610549935,0.42904300298678344,0.433511913238947,69912000
1992-07-16,0.4446848928928375,0.45585784159926906,0.4379815456226153,0.44245045658923726,76593600
1992-07-17,0.4402158260345459,0.44468469666979776,0.42680779483082043,0.4402158260345459,58644000
1992-07-20,0.4446848928928375,0.44915445596962533,0.42904307157920546,0.43127754624222725,32263200
1992-07-21,0.45362338423728943,0.45809294748454493,0.44468490985296927,0.4469193846012131,46396800
1992-07-22,0.43798139691352844,0.46479611946969046,0.43798139691352844,0.4513887773713137,105890400
1992-07-23,0.4491543769836426,0.45138885125372114,0.4379814686014428,0.4379814686014428,54064800
1992-07-24,0.4625617563724518,0.4670306665216651,0.44468481155550543,0.4469192858098193,54136800
1992-07-27,0.45362338423728943,0.4647962950104305,0.4491544731002247,0.4603274222327888,39808800
1992-07-28,0.46479612588882446,0.46703059982402834,0.44915430967007974,0.4536232191810785,35920800
1992-07-29,0.46926572918891907,0.47820420111476536,0.4647961671709902,0.46703064130465516,71179200
1992-07-30,0.4703831970691681,0.47150041545895066,0.4625619395115261,0.4647963762910912,29649600
1992-07-31,0.47708621621131897,0.480438559534709,0.46479605522476913,0.4715000897616949,45273600
1992-08-03,0.47596898674964905,0.4804385475798663,0.47150007802926985,0.47596898674964905,32522400
1992-08-04,0.47596898674964905,0.4782040740399756,0.4692656044893791,0.47373451320975835,37836000
1992-08-05,0.46479612588882446,0.4782041586417277,0.4603272547372347,0.47373459702077547,65203200
1992-08-06,0.4480370283126831,0.46256162468271556,0.44691915857344056,0.4603271894239524,69170400
1992-08-07,0.4480370283126831,0.4580927158057856,0.4402158144377474,0.44468468495527375,64180800
1992-08-10,0.45697492361068726,0.46256170317488127,0.4424503247759734,0.4424503247759734,63345600
1992-08-11,0.46032723784446716,0.4603272378444671,0.4469192055836025,0.4558576763875357,49903200
1992-08-12,0.4491543769836426,0.4625617596359209,0.4491543769836426,0.4603273237252571,35467200
1992-08-13,0.4435676038265228,0.45362329441409865,0.4402159499069617,0.4491543841619351,147067200
1992-08-14,0.43798139691352844,0.45250599514378165,0.4223389288008629,0.4513887773713137,229356000
1992-08-17,0.439098596572876,0.4424502881114287,0.43351181747164186,0.4379813788464941,66787200
1992-08-18,0.43798139691352844,0.44021587081787283,0.43127739980936786,0.4357463092586481,60595200
1992-08-19,0.43798139691352844,0.44915430346696933,0.4357463092586481,0.43798139691352844,61185600
1992-08-20,0.43798139691352844,0.44021587081787283,0.4268078382501431,0.4357463092586481,71877600
1992-08-21,0.42233893275260925,0.44245031050273353,0.4201044971867662,0.4379814010116385,85428000
1992-08-24,0.402227520942688,0.4223388969898224,0.3999930855660523,0.4201044616131867,81547200
1992-08-25,0.41675201058387756,0.41786988009375275,0.3955234223240276,0.4022274171940387,91375200
1992-08-26,0.4201045036315918,0.424573374831835,0.4134004680024477,0.4178700296720608,63684000
1992-08-27,0.4156348705291748,0.4268077754383384,0.4156348705291748,0.42233886664673176,62776800
1992-08-28,0.41451770067214966,0.42010451870164417,0.41116604715173627,0.41563495687169827,20052000
1992-08-31,0.4189872145652771,0.4201044706369991,0.40446196500713627,0.41563490931842095,45252000
1992-09-01,0.43127739429473877,0.4357463036868763,0.4178700140083901,0.4178700140083901,52862400
1992-09-02,0.4469192624092102,0.44915435029712736,0.431277444775627,0.43351188055353174,144914400
1992-09-03,0.4491543769836426,0.45585776143446355,0.44468481469284904,0.4469192889629276,104061600
1992-09-04,0.4491543769836426,0.45362328716438494,0.4469192889629276,0.4491543769836426,45756000
1992-09-08,0.45027172565460205,0.4558578549364594,0.4469193806315336,0.4469193806315336,54597600
1992-09-09,0.46479612588882446,0.46703059982402834,0.44691922198433137,0.44691922198433137,75060000
1992-09-10,0.4782041609287262,0.4826730704610974,0.46479612811169935,0.46479612811169935,89899200
1992-09-11,0.47708621621131897,0.48937699094831993,0.4759689985932748,0.4782040859392175,44359200
1992-09-14,0.4871419668197632,0.49384596386727686,0.4804386218821885,0.4849074929342995,79696800
1992-09-15,0.47596898674964905,0.48937697877106057,0.47485173080000254,0.4849074179408433,62712000
1992-09-16,0.46926572918891907,0.4849075467969353,0.46703064130465516,0.4737346390968365,81741600
1992-09-17,0.4782041609287262,0.4849075060475784,0.46703060205758956,0.4715001636999174,52452000
1992-09-18,0.4871419668197632,0.4871419668197632,0.4737345864752667,0.47820414799672484,36964800
1992-09-21,0.4983156621456146,0.4983156621456146,0.48267318987223085,0.4871421005101901,52272000
1992-09-22,0.49161162972450256,0.5027845384876838,0.4871420672813028,0.5005501025008287,62884800
1992-09-23,0.4849073886871338,0.4916114226527978,0.4782040451906684,0.4893769492477094,46555200
1992-09-24,0.49719783663749695,0.5005501816171364,0.4849076695789043,0.4893772327285574,64281600
1992-09-25,0.47596898674964905,0.5027843570420363,0.47150007802926985,0.5005499218615478,82749600
1992-09-28,0.46032723784446716,0.4759690534891994,0.45362320253433097,0.4759690534891994,120650400
1992-09-29,0.4737344980239868,0.47820405871093036,0.45585759785524815,0.4603271585421917,71798400
1992-09-30,0.4726172685623169,0.47596895950056856,0.46703049046169676,0.47596895950056856,20181600
1992-10-01,0.47596898674964905,0.4782040740399756,0.46703051719905253,0.47373451320975835,55612800
1992-10-02,0.45809292793273926,0.4782043122318291,0.4558578395291231,0.475969223828213,70034400
1992-10-05,0.45697492361068726,0.45809279353962135,0.42904294376022195,0.4536232317943898,133761600
1992-10-06,0.46926572918891907,0.4737346390968365,0.4536232594708914,0.4603272956224852,89244000
1992-10-07,0.4737344980239868,0.4849074023969194,0.46703050222818066,0.4715000629151242,67219200
1992-10-08,0.48825982213020325,0.48937703985990955,0.4804386075529324,0.4849074784717577,91087200
1992-10-09,0.4826730191707611,0.48937701568718234,0.47820411011327,0.48714192822825214,53042400
1992-10-12,0.4893772304058075,0.49384614142407307,0.4804387946185248,0.48490766727736845,32752800
1992-10-13,0.49049443006515503,0.49384608417071846,0.4849076110602832,0.4871420854900763,39384000
1992-10-14,0.49161162972450256,0.4983156281545575,0.48937715537823134,0.49161162972450256,47728800
1992-10-15,0.4960804283618927,0.49608042836189276,0.48714195759812146,0.48714195759812146,52207200
1992-10-16,0.5083711743354797,0.516191774784002,0.4938459252537377,0.49608039896448913,114040800
1992-10-19,0.5161917805671692,0.5251302125419892,0.5072533102329435,0.511722871455004,82814400
1992-10-20,0.5184271335601807,0.5251304814817713,0.5094886586482137,0.5184271335601807,87537600
1992-10-21,0.5217784643173218,0.525130116770629,0.5117227781288264,0.5184267735046159,37173600
1992-10-22,0.5284826755523682,0.531834367734076,0.5206614594975598,0.5251303312606177,55857600
1992-10-23,0.522895872592926,0.534068780342562,0.522895872592926,0.5295998704148308,36057600
1992-10-26,0.5318341851234436,0.5318341851234436,0.5195440248066991,0.52289571583757,45770400
1992-10-27,0.522895872592926,0.534068780342562,0.5161918747710214,0.534068780342562,81367200
1992-10-28,0.5363031625747681,0.5363031625747681,0.516191786306333,0.5206613475780874,53985600
1992-10-29,0.54524165391922,0.549711215676836,0.5363032208733716,0.5385383086274611,63576000
1992-10-30,0.5363031625747681,0.547476068409597,0.5295997796522873,0.547476068409597,56865600
1992-11-02,0.5474762320518494,0.5474762320518494,0.5363033228774051,0.5407728854851248,43545600
1992-11-03,0.5474762320518494,0.5519457946595691,0.5407728854851248,0.5474762320518494,48693600
1992-11-04,0.549711287021637,0.5586497595869837,0.54300728874982,0.5452417246839345,50817600
1992-11-05,0.5742915272712708,0.5742915272712708,0.5519457122584358,0.5519457122584358,111441600
1992-11-06,0.5876988768577576,0.5899339645815201,0.5675874986760074,0.5742914959867758,107071200
1992-11-09,0.5932857990264893,0.6078104011970381,0.5854645436686688,0.587699018179191,187488000
1992-11-10,0.625687301158905,0.6279217756389093,0.5854645356725618,0.5944030089838547,247557600
1992-11-11,0.6301566958427429,0.6502680732233567,0.6234526987990281,0.6256871343238175,170517600
1992-11-12,0.6379772424697876,0.6413295859403157,0.6078101789725465,0.6301566420814171,154087200
1992-11-13,0.6301566958427429,0.6390951667706551,0.6234526987990281,0.6368600791359272,98884800
1992-11-16,0.6223354339599609,0.6301566481744332,0.6167486551012537,0.6279215607087789,56880000
1992-11-17,0.6122796535491943,0.6234525574691203,0.605575619665803,0.6212181224508531,103010400
1992-11-18,0.6346257328987122,0.636860207232346,0.6078103530808072,0.610045441165095,61250400
1992-11-19,0.6435641050338745,0.6569714859718943,0.6346256337052054,0.6368601076895857,89625600
1992-11-20,0.661440908908844,0.6703793400026573,0.6413295348462685,0.6413295348462685,79804800
1992-11-23,0.6525025963783264,0.6569715447468949,0.6435641626094033,0.654737108922024,86860800
1992-11-24,0.677082896232605,0.677082896232605,0.6525025688206152,0.6547370812699406,74620800
1992-11-25,0.6681444048881531,0.6837869130986536,0.6636755333016344,0.6770829152494459,55224000
1992-11-27,0.6681444048881531,0.6770829152494459,0.6636755333016344,0.6681444048881531,22384800
1992-11-30,0.6681444048881531,0.6703795311508421,0.650268151353823,0.6681444048881531,120830400
1992-12-01,0.6625584363937378,0.6681445655797871,0.6547372571262859,0.6647929494432326,75837600
1992-12-02,0.648033082485199,0.6636755920811028,0.6368602120599297,0.6625583357261088,101066400
1992-12-03,0.6569713950157166,0.6569713950157166,0.6323911105271411,0.6457984512495355,96256800
1992-12-04,0.665910005569458,0.6681444414851063,0.6547371355217485,0.6569715714373968,67680000
1992-12-07,0.6703795194625854,0.6748484676900124,0.6659099574845652,0.6703795194625854,59925600
1992-12-08,0.6636755466461182,0.670379544630123,0.6592066749697442,0.670379544630123,56556000
1992-12-09,0.6592065691947937,0.6703794370623967,0.65026806008803,0.6636754401541017,84463200
1992-12-10,0.6547368764877319,0.6603236161766198,0.6390950257188777,0.6547368764877319,56008800
1992-12-11,0.641329824924469,0.6525026962279994,0.6323913514283165,0.6525026962279994,69429600
1992-12-14,0.6346257328987122,0.6547371526838932,0.6335085149116031,0.636860207232346,50882400
1992-12-15,0.6279215216636658,0.6346255177833909,0.6145141431746615,0.6346255177833909,115797600
1992-12-16,0.621218204498291,0.6346255452072596,0.6167486434022487,0.6301566362210942,104464800
1992-12-17,0.6469157934188843,0.6480329728660676,0.6212182878502694,0.6234527234634553,145706400
1992-12-18,0.6525025963783264,0.6659099785158181,0.6413297267845324,0.6480330342591452,103024800
1992-12-21,0.6525025963783264,0.6614411068660763,0.6413297267845324,0.6502681605534555,80128800
1992-12-22,0.6547368764877319,0.6614408720518381,0.6457983691731891,0.6569713115193693,74080800
1992-12-23,0.6636755466461182,0.670379544630123,0.6569715486621135,0.6592066749697442,68277600
1992-12-24,0.6726138591766357,0.6793179326705298,0.6592065560957934,0.6636754269663011,49989600
1992-12-28,0.7150712013244629,0.7150712013244629,0.6726139314583023,0.6748484438524986,80956800
1992-12-29,0.6927253007888794,0.721775189020154,0.6882557390294213,0.7173056272606959,108230400
1992-12-30,0.7027808427810669,0.7083669690827232,0.6882555948333255,0.6882555948333255,63626400
1992-12-31,0.7027808427810669,0.7173054769783734,0.6994292283751166,0.70389809872892,43308000
1993-01-04,0.6971943378448486,0.703898336105592,0.68155251914358,0.703898336105592,66960000
1993-01-05,0.7161884903907776,0.7173057467588335,0.694959928928217,0.6971943649454955,61070400
1993-01-06,0.7340653538703918,0.7351826101131611,0.7195407925579176,0.7217752283246315,71200800
1993-01-07,0.7195407748222351,0.7418865895962486,0.7117195210026857,0.7418865895962486,101548800
1993-01-08,0.7262441515922546,0.7262441515922546,0.7083672065274067,0.7173057174192456,107676000
1993-01-11,0.7441206574440002,0.750824651734129,0.7240092883238921,0.726243722930914,67824000
1993-01-12,0.7497078776359558,0.7597635676261321,0.7374170613627155,0.7441210592730362,90230400
1993-01-13,0.7698193192481995,0.7843438820284715,0.7463555548400419,0.7485899908325596,129830400
1993-01-14,0.7999866008758545,0.8022210374528042,0.773171137105737,0.7754056504015393,153280800
1993-01-15,0.7765225172042847,0.7977511521426576,0.7754053377257294,0.7910477683960401,119858400
1993-01-18,0.7966338396072388,0.79998622171286,0.7687012091470755,0.7731707706522449,75765600
1993-01-19,0.7888124585151672,0.8044549622607413,0.7821091530487506,0.79551653116962,98013600
1993-01-20,0.7932824492454529,0.7999865255334391,0.775405577374148,0.7910480128789414,83304000
1993-01-21,0.8268012404441833,0.8312708037595495,0.7888129059391855,0.7932824692545517,116438400
1993-01-22,0.8234493136405945,0.837973951813031,0.8200976983173678,0.8290354414710727,80704800
1993-01-25,0.8335047960281372,0.8402088689127855,0.8133934212810616,0.8245663646301002,73173600
1993-01-26,0.8212147355079651,0.8469122386377171,0.8178624302963778,0.8402089324343475,73360800
1993-01-27,0.7977509498596191,0.8245663192983212,0.7910475678127559,0.8223318841889675,124588800
1993-01-28,0.7832263708114624,0.7977510055842605,0.7776396305380148,0.7932820583345853,160876800
1993-01-29,0.7910475730895996,0.7932820082138586,0.7798747069990816,0.7888124474961177,42429600
1993-02-01,0.8111587762832642,0.8178621569651622,0.7955163527645148,0.7977507874188853,73872000
1993-02-02,0.8279184699058533,0.8335052128903003,0.8133938280848888,0.8133938280848888,97473600
1993-02-03,0.8245663642883301,0.8424433037958008,0.8089238600121285,0.8335047956826623,77529600
1993-02-04,0.8167451024055481,0.8268007896549424,0.7977509838684671,0.8268007896549424,83253600
1993-02-05,0.7932824492454529,0.8268012195896349,0.782109576943289,0.804455398266462,205603200
1993-02-08,0.7865782380104065,0.802220746024692,0.7821093664799439,0.7932822357755214,131868000
1993-02-09,0.7664669752120972,0.799986432111504,0.7575285403202697,0.7955168694308272,150444000
1993-02-10,0.7865782380104065,0.7932822357755214,0.7687012942308896,0.770936420465542,131364000
1993-02-11,0.7821093797683716,0.7955167617758029,0.7821093797683716,0.7910478134505862,46310400
1993-02-12,0.7720534801483154,0.7865780377533043,0.7664666633287672,0.7843436025569441,75916800
1993-02-16,0.7307136654853821,0.766466862776061,0.7217752319047686,0.766466862776061,228103200
1993-02-17,0.7329483032226562,0.735182816334985,0.6882559695672364,0.7307138668291737,309650400
1993-02-18,0.7664669752120972,0.7709365378927739,0.7262442099959645,0.7441211564984556,216511200
1993-02-19,0.7597635984420776,0.7731709043370822,0.7463555253587798,0.7709364684328255,82569600
1993-02-22,0.7351827025413513,0.770936517900304,0.7351827025413513,0.7597636471926441,97041600
1993-02-23,0.7228922247886658,0.7441208552137457,0.706132541484155,0.7441208552137457,141307200
1993-02-24,0.761998176574707,0.7642326128960254,0.7083673318889762,0.7195409711535977,118555200
1993-02-25,0.7754055261611938,0.7865783977254268,0.7597637054402522,0.7597637054402522,85680000
1993-02-26,0.7843437790870667,0.7932822123535014,0.773170833402551,0.7776397815198903,68911200
1993-03-01,0.7664669752120972,0.7865783578201635,0.7619981030009466,0.7821094856090129,56433600
1993-03-02,0.7921649217605591,0.7932821010940905,0.7575282963240721,0.7642322929509994,92714400
1993-03-03,0.8089238405227661,0.8178623484205496,0.791047591915243,0.791047591915243,113997600
1993-03-04,0.8245663642883301,0.8245663642883301,0.7865780500421197,0.8089238600121285,115754400
1993-03-05,0.8223319053649902,0.837973718721282,0.8133933975093776,0.8245663405318833,88603200
1993-03-08,0.8089238405227661,0.8245663444220938,0.7932820270926779,0.7999860998130265,157291200
1993-03-09,0.8167451024055481,0.8268007896549424,0.7999861095423246,0.8089238503607635,79732800
1993-03-10,0.8234493136405945,0.8268010056826465,0.8066896259291289,0.8156281362710872,70603200
1993-03-11,0.8402090072631836,0.8446778784634268,0.8200976292045307,0.8245665004047738,83109600
1993-03-12,0.8424434661865234,0.8424434661865234,0.8223320875710828,0.8312705206884015,69249600
1993-03-15,0.8558506369590759,0.8625546327664175,0.8446776942075174,0.8469121293202247,75823200
1993-03-16,0.8491464853286743,0.8580849921348376,0.8357391854321994,0.853616045606936,84412800
1993-03-17,0.8245663642883301,0.853616170421402,0.820097493825792,0.8469121742583389,116388000
1993-03-18,0.8133935332298279,0.8357394230034086,0.8066895361413032,0.8245664781166182,121888800
1993-03-19,0.7988681197166443,0.8156278788575265,0.7910475585659225,0.8133933670554907,91605600
1993-03-22,0.7687015533447266,0.7910480666566873,0.7642326803078967,0.7865785031502036,72392400
1993-03-23,0.7463552951812744,0.7910476052681882,0.7463552951812744,0.7731706658896615,88588800
1993-03-24,0.741886556148529,0.7642323699150886,0.7240096136037681,0.741886556148529,114548400
1993-03-25,0.804455041885376,0.8089239126386475,0.7485897844972442,0.7508249103431809,87624000
1993-03-26,0.8089238405227661,0.8223319092446588,0.7955165389889173,0.8133934013468753,59227200
1993-03-29,0.7865782380104065,0.8268009970999026,0.7865782380104065,0.8089240533203859,47390400
1993-03-30,0.7821093797683716,0.7955167617758029,0.7508250536776853,0.7955167617758029,86796000
1993-03-31,0.7999866008758545,0.822332424303548,0.7821096506020604,0.7910480873795311,51433200
1993-04-01,0.7910475730895996,0.8223318896744995,0.7865780123718586,0.8044549510231791,55605600
1993-04-02,0.7575286626815796,0.7865784848738031,0.7552942262150825,0.7776400485381771,67179600
1993-04-05,0.7664669752120972,0.7731709739983493,0.7552941042146945,0.7597636668953712,56084400
1993-04-06,0.7687015533447266,0.7821096301133739,0.759763807271067,0.7776400666068903,44049600
1993-04-07,0.7999866008758545,0.8044554740297539,0.7597638271743667,0.7642327003282663,49255200
1993-04-08,0.7798750400543213,0.8133937293592467,0.777639913506301,0.8044552945757191,24512400
1993-04-12,0.7821093797683716,0.8089240670644083,0.7687013072915074,0.7910478134505862,42454800
1993-04-13,0.8111587762832642,0.831270145829541,0.7821089776504273,0.7865778469591684,73267200
1993-04-14,0.8178622722625732,0.8223318326704845,0.7955164649117454,0.8089237651971288,38314800
1993-04-15,0.8089238405227661,0.8178623484205496,0.8044549701678962,0.8178623484205496,33681600
1993-04-16,0.795516848564148,0.8178626666916511,0.7821094650940139,0.8133937178788863,58737600
1993-04-19,0.7687015533447266,0.799986579918851,0.7552942437645834,0.7910480666566873,65084400
1993-04-20,0.7463552951812744,0.7731706658896615,0.7240094853724431,0.7731706658896615,75974400
1993-04-21,0.7731708288192749,0.7821093387515454,0.7374170192466583,0.746355452460107,55789200
1993-04-22,0.7687015533447266,0.799986579918851,0.759763807271067,0.7687015533447266,52808400
1993-04-23,0.7575286626815796,0.7687015354837026,0.7374172768249819,0.7642326625507084,44276400
1993-04-26,0.7262441515922546,0.7552940434748261,0.7195408438146009,0.7463555325829871,64735200
1993-04-27,0.7217752933502197,0.732948163659788,0.692725400919886,0.7240097293182367,97128000
1993-04-28,0.761998176574707,0.7642326128960254,0.7195409711535977,0.7240098437962347,65253600
1993-04-29,0.7821093797683716,0.7865782513747624,0.7418866199954707,0.7508250536776853,41976000
1993-04-30,0.7374169826507568,0.7955166805766183,0.73294803478169,0.7821092999376917,89344800
1993-05-03,0.7731708288192749,0.7731708288192749,0.715071204728913,0.7329480711558104,71434800
1993-05-04,0.7977509498596191,0.8133933765635321,0.7731706292806871,0.7776395762181967,93103200
1993-05-05,0.8223319053649902,0.8268007756987764,0.7865780273801479,0.7955165352357605,122274000
1993-05-06,0.8089238405227661,0.8402088483214213,0.7955165389889173,0.8223319092446588,95428800
1993-05-07,0.8714929819107056,0.8804314887108199,0.817862247985199,0.8268006780665185,229140000
1993-05-10,0.8849007487297058,0.8983081312481277,0.858085369942232,0.8849007487297058,124218000
1993-05-11,0.889369785785675,0.8916049125588627,0.8714935281684427,0.8804320405712741,64170000
1993-05-12,0.8759623765945435,0.8893696833413778,0.8714934277832672,0.8804319391564934,57798000
1993-05-13,0.869257926940918,0.8804315600181962,0.8491465535275948,0.8759619993809633,62449200
1993-05-14,0.8960735201835632,0.9027775170075041,0.8625547635648799,0.8625547635648799,74239200
1993-05-17,0.9318275451660156,0.9385309298160525,0.8893696558166205,0.8893696558166205,88088400
1993-05-18,0.951938807964325,0.9564077560802676,0.9273578671531394,0.9385308128341631,105742800
1993-05-19,0.9899265170097351,0.9921616433522834,0.9295923754629873,0.9519388823211182,104853600
1993-05-20,0.976518988609314,1.005568796462,0.9653460446035199,0.9966303645385539,67759200
1993-05-21,0.9653460383415222,0.9787534176238826,0.9430002271936975,0.9787534176238826,60832800
1993-05-24,0.9698147773742676,0.97875328474502,0.9519385298207611,0.9608770371915136,35834400
1993-05-25,0.9564076662063599,0.9787534787497424,0.9430002860866715,0.9653460986300539,55720800
1993-05-26,1.0055688619613647,1.0055688619613647,0.9430002947346019,0.9564076749772448,83818800
1993-05-27,0.9832232594490051,1.0055690769753676,0.965346313896353,1.0011002050016573,49330800
1993-05-28,0.9653460383415222,0.9742844702069864,0.9251232867439587,0.9742844702069864,85590000
1993-06-01,0.9430006146430969,0.9787538197631536,0.9430006146430969,0.9698153075063245,51840000
1993-06-02,0.9452345371246338,0.9519385327515378,0.9161847333148506,0.9519385327515378,64425600
1993-06-03,0.9698147773742676,0.97875328474502,0.9251231611461035,0.9519385298207611,54392400
1993-06-04,0.9318275451660156,0.9519389266174356,0.9117161637145955,0.9519389266174356,81201600
1993-06-07,0.9117159843444824,0.9340617973766774,0.8849006097680013,0.9295922358323914,68709600
1993-06-08,0.9027779698371887,0.9161853564596495,0.875962582841449,0.9072468429818348,62557200
1993-06-09,0.9094811677932739,0.9295925521310023,0.893839346520623,0.9027778589000357,50727600
1993-06-10,0.9251235127449036,0.9430004575618499,0.8983081338788985,0.9072465679279572,53420400
1993-06-11,0.9430006146430969,0.9519390501810842,0.9295925393824862,0.9385310516393153,37422000
1993-06-14,0.9653460383415222,0.9698149090396081,0.9385306660263192,0.9474690978917835,47664000
1993-06-15,0.9653460383415222,0.9787534176238826,0.9295921574420447,0.9787534176238826,64310400
1993-06-16,0.9541729688644409,0.9742843420171012,0.9295920351324775,0.9698147814377981,45820800
1993-06-17,0.9497038125991821,0.9653463223011713,0.93853094209814,0.9519389390749871,31352400
1993-06-18,0.9206544756889343,0.9608772298922615,0.9117159665255934,0.9519387207289207,39081600
1993-06-21,0.9094811677932739,0.9206548069400181,0.8893697834555454,0.9206548069400181,54939600
1993-06-22,0.9072467684745789,0.9117163317218344,0.893839382953194,0.9117163317218344,34034400
1993-06-23,0.9027779698371887,0.9340622299775745,0.8983084062228722,0.9117164065961512,44668800
1993-06-24,0.918419361114502,0.9251233581483623,0.8938390360016247,0.9027775452758061,37087200
1993-06-25,0.9541729688644409,0.9698147814377981,0.9206542949122742,0.9295920351324775,52686000
1993-06-28,1.0055688619613647,1.0055688619613647,0.9564076749772448,0.9564076749772448,88236000
1993-06-29,0.9943961501121521,1.0234460433792512,0.9832232794807558,1.005569097462382,77792400
1993-06-30,0.9787538647651672,1.0145076852798791,0.9653464793576759,0.9966308133819458,54558000
1993-07-01,0.9921613335609436,0.9921613335609436,0.9474690242688125,0.9698148336802587,48268800
1993-07-02,0.9921613335609436,1.0010998414506522,0.9742843945003303,0.9921613335609436,23756400
1993-07-06,0.9787538647651672,0.9921618639234211,0.9653464793576759,0.9832234279744545,29278800
1993-07-07,0.9474689960479736,0.9742843654807822,0.9385305651433049,0.9698148047938387,39272400
1993-07-08,0.9586421251296997,0.9742845548708895,0.9385307475832687,0.9519387417812464,41659200
1993-07-09,0.9787538647651672,0.9832234279744545,0.9608776066179965,0.9608776066179965,29757600
1993-07-12,0.9876918792724609,1.0010999494284243,0.9787534471374649,0.9832230084396196,32443200
1993-07-13,1.0033347606658936,1.0145076324023545,0.9921618122105913,0.9921618122105913,45759600
1993-07-14,1.0055688619613647,1.0189762422040076,1.001099990943203,1.0055688619613647,40374000
1993-07-15,0.9340617060661316,0.992161397333227,0.9206544036826249,0.9832229655877948,130500000
1993-07-16,0.8938391804695129,0.9295923794379163,0.8759623124694113,0.9161850736725686,139633200
1993-07-19,0.8849007487297058,0.8983081312481277,0.8446779874238102,0.8893696205064172,109753200
1993-07-20,0.9340617060661316,0.943000214530373,0.8893693939013523,0.8983079023655937,97426800
1993-07-21,0.9161853194236755,0.9340621922189439,0.9027779333431963,0.9340621922189439,59331600
1993-07-22,0.9072467684745789,0.929592590020861,0.893839382953194,0.9161852812183221,46015200
1993-07-23,0.9452345371246338,0.9564074795754733,0.9072462259165788,0.9117157864909151,61426800
1993-07-26,0.9921613335609436,1.0010998414506522,0.9430001539179796,0.9430001539179796,72968400
1993-07-27,0.9430006146430969,0.9876922553011408,0.9385310516393153,0.9876922553011408,72270000
1993-07-28,0.9586421251296997,0.9653461222286885,0.9295922382222508,0.9385307475832687,28357200
1993-07-29,0.9474689960479736,0.9742843654807822,0.9385305651433049,0.9653459345761134,40428000
1993-07-30,0.9273579716682434,0.9385309186084806,0.9161851014468372,0.9340619699888785,45601200
1993-08-02,0.9385308623313904,0.9519388581686773,0.9251234802447139,0.9251234802447139,35737200
1993-08-03,0.9564076662063599,0.9698149696072332,0.9430002860866715,0.9430002860866715,36432000
1993-08-04,0.9720499515533447,0.987691764844246,0.9519385774781061,0.9608770852963513,49539600
1993-08-05,0.9854574203491211,0.996630364352833,0.9787534237904617,0.9832229849860001,59209200
1993-08-06,1.014507532119751,1.0234460434381165,0.9787537170027901,0.9787537170027901,67226400
1993-08-09,1.0502606630325317,1.0547302252672226,1.0189764125486964,1.0234459747833873,71254800
1993-08-10,1.0502606630325317,1.0591991737512847,1.0457917912672983,1.0457917912672983,45298800
1993-08-11,1.027915120124817,1.0591994556537028,1.0189766837459573,1.0502609425559943,53787600
1993-08-12,1.018976092338562,1.05026033299142,1.0010998437068985,1.023445653168707,73940400
1993-08-13,0.9497038125991821,0.9698151943137899,0.9273579948782651,0.9653463223011713,235915200
1993-08-16,0.9832232594490051,0.9876921314227154,0.9340619852342482,0.9519389307869005,146750400
1993-08-17,1.023445725440979,1.0323841572632304,0.9653460336745596,0.9809885386996319,90806400
1993-08-18,1.014507532119751,1.045791861421028,1.0055690975202192,1.0323844780376483,99723600
1993-08-19,0.9787538647651672,1.0145076852798791,0.9765194283953276,1.0145076852798791,88063200
1993-08-20,0.9497038125991821,0.9787537055273555,0.9430005045802542,0.9787537055273555,120790800
1993-08-23,0.9653460383415222,0.9720500348579434,0.9430002271936975,0.9430002271936975,75909600
1993-08-24,0.9854574203491211,0.9876918557122419,0.960877173697387,0.9698149151498706,58964400
1993-08-25,0.9474689960479736,0.9876917433219784,0.9385305651433049,0.9876917433219784,87595200
1993-08-26,0.9005434513092041,0.9474695303737769,0.8893698118062741,0.9474695303737769,208609200
1993-08-27,0.9407663941383362,0.9430008309179013,0.8938395392622187,0.9027780535690729,142131600
1993-08-30,0.889369785785675,0.9519390657301222,0.8871353494820748,0.943000630046134,103903200
1993-08-31,0.8536161780357361,0.9117158675389407,0.8446777465616722,0.9027774360648769,264686400
1993-09-01,0.8625547885894775,0.8804317303778998,0.8446778468010552,0.8446778468010552,168674400
1993-09-02,0.8714929819107056,0.875961928435583,0.8580849915541491,0.8580849915541491,83754000
1993-09-03,0.846912145614624,0.8759620274839959,0.8402088401475317,0.8714930804537974,73584000
1993-09-07,0.7754055261611938,0.8580854968936146,0.7731710132234194,0.8402092399537385,215586000
1993-09-08,0.7821093797683716,0.7932822492537815,0.7329481095944302,0.755294002002902,328111200
1993-09-09,0.8335047960281372,0.8402088689127855,0.8044549898830246,0.8133934212810616,158457600
1993-09-10,0.7999866008758545,0.8491471208851411,0.7999866008758545,0.8357398109537708,111193200
1993-09-13,0.7463552951812744,0.8044549837471591,0.7463552951812744,0.8044549837471591,152913600
1993-09-14,0.7552939653396606,0.7642323985879886,0.7195407693781037,0.7463554553725106,191181600
1993-09-15,0.7731708288192749,0.7865782101235715,0.7508250143015296,0.7597635242338001,131421600
1993-09-16,0.8178622722625732,0.8223318326704845,0.7776395274996537,0.7821090879075648,138758400
1993-09-17,0.8178622722625732,0.8312702630171317,0.8089237651971288,0.8089237651971288,133286400
1993-09-20,0.795516848564148,0.8402091752886623,0.795516848564148,0.8133937178788863,68644800
1993-09-21,0.804455041885376,0.8268008533091461,0.782109230461606,0.8178624213333024,160405200
1993-09-22,0.8446778655052185,0.8580852460884542,0.8133935427377017,0.8178624905882056,129052800
1993-09-23,0.8446778655052185,0.8714932404222314,0.8402089943735324,0.8446778655052185,87087600
1993-09-24,0.8670238256454468,0.8714933880033806,0.8223321914453046,0.8357395742989843,106768800
1993-09-27,0.9094811677932739,0.9161852438749405,0.8759624751994834,0.8893697834555454,104832000
1993-09-28,0.9295922517776489,0.9340618133986011,0.889369496098255,0.9117159999831093,79606800
1993-09-29,0.9206544756889343,0.9698149718674501,0.9161849142320029,0.9430002882843951,162756000
1993-09-30,0.8938391804695129,0.9295923794379163,0.8893696182347589,0.9251235076726195,87483600
1993-10-01,0.8826663494110107,0.8983081684658428,0.8580854054934819,0.8893696573538018,100119600
1993-10-04,0.8849007487297058,0.902777693494298,0.871493366211284,0.8759623147068242,56746800
1993-10-05,0.8558506369590759,0.8893693117761473,0.8402088239821025,0.8893693117761473,123865200
1993-10-06,0.8245663642883301,0.8759620571102171,0.8133934209439225,0.8625546785345406,133365600
1993-10-07,0.804455041885376,0.8357393620038011,0.7955166099095323,0.8357393620038011,76125600
1993-10-08,0.8491464853286743,0.8491464853286743,0.8089237417325044,0.8312702389042977,83750400
1993-10-11,0.8223319053649902,0.8670235240174048,0.8178623445619678,0.8491465850249837,54997200
1993-10-12,0.9094811677932739,0.9340621151960801,0.858085527159501,0.8804320382645612,176990400
1993-10-13,0.8983080387115479,0.9206545434203505,0.8714932764369486,0.907246471813663,75880800
1993-10-14,0.8849007487297058,0.902777693494298,0.871493366211284,0.8983081312481277,42134400
1993-10-15,0.8759623765945435,0.898308194714604,0.8714934277832672,0.8938392459033276,39664800
1993-10-18,0.8513819575309753,0.8983081016759654,0.8491468312467406,0.8781967216850811,55706400
1993-10-19,0.8491464853286743,0.8625545524130993,0.8223318088169295,0.853616045606936,53694000
1993-10-20,0.8312702775001526,0.8670234624780802,0.8223318469977733,0.8580850319757009,80686800
1993-10-21,0.8714929819107056,0.875961928435583,0.822331808260436,0.822331808260436,104115600
1993-10-22,0.8849007487297058,0.8983081312481277,0.8670238039651137,0.8759623147068242,104295600
1993-10-25,0.889369785785675,0.9027778612652942,0.8625550924844545,0.8938393488624629,72939600
1993-10-26,0.8849007487297058,0.8938391827525876,0.8625549321884023,0.8849007487297058,54453600
1993-10-27,0.9027779698371887,0.9072468429818348,0.875962582841449,0.8849010196004115,48092400
1993-10-28,0.889369785785675,0.9228892456557141,0.8849009131784745,0.9072467338724947,57074400
1993-10-29,0.9161853194236755,0.9295926287853056,0.8893698567930747,0.893839420226713,66970800
1993-11-01,0.9564076662063599,0.95640766620636,0.902777531977086,0.9206544735432891,97686000
1993-11-02,0.9452345371246338,0.9608770401498097,0.9295920340994579,0.9519385327515378,49212000
1993-11-03,0.9117159843444824,0.9675805552843783,0.9072464228001964,0.9608772486719752,86364000
1993-11-04,0.889369785785675,0.9206548093521139,0.873727964472043,0.9117162969492825,126565200
1993-11-05,0.9564076662063599,0.9653460986300539,0.8983079705305712,0.9206544735432891,223545600
1993-11-08,0.9675803184509277,0.9832228210419234,0.9385305154474637,0.9564074530290072,109591200
1993-11-09,0.9653460383415222,0.9876918494893469,0.9586420418251009,0.9832229787912609,93834000
1993-11-10,0.9720499515533447,0.9787533337448047,0.9519385774781061,0.9698148259265594,69840000
1993-11-11,0.996630847454071,1.0145077199631662,0.9742849486148216,0.9742849486148216,137412000
1993-11-12,0.996630847454071,1.0145077199631662,0.9787538982261277,0.9966308474540709,53038800
1993-11-15,1.018976092338562,1.023445653168707,0.9876917749668995,1.0010998437068985,72180000
1993-11-16,1.0212116241455078,1.023446060214642,0.99663067925765,1.010037986141971,49554000
1993-11-17,0.996630847454071,1.023446232936562,0.9832234615882173,1.0189766695744724,53067600
1993-11-18,1.0033347606658936,1.0055691969192715,0.9787538137511806,0.9921618122105913,69462000
1993-11-19,1.018976092338562,1.0279145235296117,0.9698148358659958,0.9921613357970445,112082400
1993-11-22,0.996630847454071,1.0100381566010768,0.9832234615882173,1.0100381566010768,82436400
1993-11-23,1.014507532119751,1.0234460434381165,0.9921617141368396,1.0100379695852333,64584000
1993-11-24,1.027915120124817,1.0413231966467758,1.014507734072499,1.0189766837459573,65757600
1993-11-26,1.0256801843643188,1.0368531285005382,1.0189761877261525,1.0323841810024854,20206800
1993-11-29,0.9988647699356079,1.0368530852908806,0.9966303346391049,1.023445706323778,75272400
1993-11-30,1.0055688619613647,1.0189762422040076,0.9876919202312183,0.9966304294556994,51861600
1993-12-01,1.0301487445831299,1.0323838697682288,1.0100373744821274,1.0100373744821274,55278000
1993-12-02,1.0614347457885742,1.0770765707230143,1.0055694522926797,1.03238484227078,121460400
1993-12-03,1.094952940940857,1.099421889239097,1.0726071253861016,1.0904833788920139,184226400
1993-12-06,1.1038916110992432,1.1038916110992432,1.0681377179724407,1.0815457923094651,78084000
1993-12-07,1.1083605289459229,1.1128300918257963,1.0860147092363872,1.099422093655733,68119200
1993-12-08,1.0815455913543701,1.1038914059922147,1.0770760294889254,1.09942184412677,30693600
1993-12-09,1.0659030675888062,1.0837800105585405,1.0591990701273661,1.0770760130971004,52192800
1993-12-10,1.068137526512146,1.077076036551065,1.0502605831531306,1.068137526512146,40474800
1993-12-13,1.0703721046447754,1.081545742352497,1.0502607228971372,1.0636687966148382,46108800
1993-12-14,1.0591989755630493,1.0770759169367468,1.0502604665167936,1.063668536961434,35506800
1993-12-15,1.0614347457885742,1.0681380562510736,1.0413233567427207,1.059199618497994,43192800
1993-12-16,1.0748419761657715,1.0860149266163703,1.0591995386595132,1.0636691024340277,62449200
1993-12-17,1.0815455913543701,1.0860144627504145,1.0681375195086142,1.0770760294889254,30639600
1993-12-20,1.1038916110992432,1.1038916110992432,1.0770762296135596,1.0770762296135596,38044800
1993-12-21,1.09048330783844,1.1083602506489572,1.09048330783844,1.0994218176031088,28879200
1993-12-22,1.0860141515731812,1.0860141515731812,1.0547298359189663,1.0681372134536862,61603200
1993-12-23,1.110594630241394,1.1262371366183181,1.103891323647361,1.1217682655556296,77353200
1993-12-27,1.1083605289459229,1.1217686038348258,1.1083605289459229,1.1172990409549524,35668800
1993-12-28,1.126237392425537,1.1307062645032602,1.1083604464567998,1.1128300090040284,56210400
1993-12-29,1.1351758241653442,1.139644772950543,1.1172989549608763,1.1262373895631104,61480800
1993-12-30,1.1753984689712524,1.1753984689712524,1.1396446574665364,1.1441142195494896,331099200
1993-12-31,1.1552869081497192,1.1753982849190683,1.1530524726928433,1.1709287235359906,95508000
1994-01-03,1.1485830545425415,1.157521564672852,1.1307061110007441,1.153052616482991,67878000
1994-01-04,1.161990761756897,1.1664596318247427,1.1396442632912835,1.14858269389617,66319200
1994-01-05,1.1888056993484497,1.2022137701362825,1.148582944642459,1.1664598864737334,146595600
1994-01-06,1.1798678636550903,1.197744814529825,1.1664604765541728,1.1932758645068477,63460800
1994-01-07,1.191040277481079,1.2066827856636109,1.1664600261414906,1.1753984597679759,66193200
1994-01-10,1.2245593070983887,1.233497737640648,1.1843365614552197,1.1977439387528124,67395600
1994-01-11,1.215620994567871,1.2245595032607905,1.206682562593763,1.220089942039086,36745200
1994-01-12,1.215620994567871,1.220089942039086,1.1932751831484398,1.215620994567871,52660800
1994-01-13,1.2022141218185425,1.2111518665199736,1.1977445589982791,1.2111518665199736,48315600
1994-01-14,1.233498215675354,1.2424367264004774,1.2156212709439358,1.2156212709439358,60242400
1994-01-17,1.2402011156082153,1.2513739811344535,1.2245593033403583,1.2379666805968053,55602000
1994-01-18,1.2647825479507446,1.2647825479507446,1.2379671691059548,1.2424367313616784,60991200
1994-01-19,1.2379671335220337,1.255844001092158,1.2290286230181449,1.2513744389649066,52243200
1994-01-20,1.2267941236495972,1.24690550272582,1.215621177895486,1.2334981212585323,40942800
1994-01-21,1.253609538078308,1.255843973858759,1.2156212144952903,1.2334981583965738,31809600
1994-01-24,1.2558436393737793,1.2737205785136678,1.2379667769526954,1.2469052081632375,49730400
1994-01-25,1.2245593070983887,1.260312492235833,1.2066823692950714,1.2558435454804997,92444400
1994-01-26,1.2200899124145508,1.242436413760696,1.211151403938664,1.2290283441716283,40719600
1994-01-27,1.2267941236495972,1.2290285593627739,1.2111516159997278,1.2200901260406622,96022800
1994-01-28,1.260312795639038,1.2692512283331037,1.229028473006852,1.2334980345885629,60426000
1994-01-31,1.2960668802261353,1.2960668802261353,1.260312990484652,1.260312990484652,102322800
1994-02-01,1.2781902551651,1.2960672045087454,1.2781902551651,1.2960672045087454,55227600
1994-02-02,1.3050051927566528,1.309474217844048,1.2781898914498835,1.2826594535690647,50320800
1994-02-03,1.336289405822754,1.3407582768369337,1.2960666513801407,1.3050050071590256,52981200
1994-02-04,1.282659649848938,1.3407586726899021,1.282659649848938,1.3407586726899021,93168000
1994-02-07,1.2960668802261353,1.3005357520293817,1.2513744796898667,1.2692514245606081,114955200
1994-02-08,1.322881817817688,1.3273506881299784,1.278189508911014,1.2871279400048274,68673600
1994-02-09,1.3273510932922363,1.3452279609366198,1.3228822216158624,1.3273510932922363,59608800
1994-02-10,1.287128210067749,1.3362894763204451,1.2826593388178082,1.3362894763204451,115387200
1994-02-11,1.329585313796997,1.3318196724255653,1.2781896183044024,1.2781896183044024,125920800
1994-02-14,1.336289405822754,1.354166270818155,1.3228820255920581,1.3318197676204173,68770800
1994-02-15,1.3184126615524292,1.3564010651064222,1.3184126615524292,1.336289683702972,62996400
1994-02-16,1.3072396516799927,1.3273510309366081,1.2960667825444874,1.3273510309366081,51400800
1994-02-17,1.311707854270935,1.3184118485214538,1.2960661216451368,1.313942979333814,43459200
1994-02-18,1.3050051927566528,1.3139437032444028,1.2826594535690647,1.3139437032444028,57582000
1994-02-22,1.322881817817688,1.322881817817688,1.2871279400048274,1.305004802192454,39279600
1994-02-23,1.3050051927566528,1.3273510853818944,1.2871283252188066,1.3273510853818944,132652800
1994-02-24,1.282659649848938,1.300535906371698,1.2692515751902271,1.2915973945161263,58510800
1994-02-25,1.3072396516799927,1.3139436493490604,1.278189839021091,1.291597143889815,59554800
1994-02-28,1.3184126615524292,1.3407585556464496,1.3094743039148211,1.3184126615524292,61894800
1994-03-01,1.3251168727874756,1.3407587710093156,1.3139440006646255,1.3318202584982723,69584400
1994-03-02,1.3452277183532715,1.3496967426614057,1.2960666097122773,1.3050049652037987,130122000
1994-03-03,1.3720428943634033,1.385450891982851,1.340758640648403,1.3496971522903618,102776400
1994-03-04,1.4122648239135742,1.4122648239135742,1.3653387012694087,1.376511719131185,99234000
1994-03-07,1.4368467330932617,1.4480196045285283,1.4077968377360692,1.4122657101223544,84261600
1994-03-08,1.4301424026489258,1.4435503976399617,1.398858001629033,1.439080759100997,82375200
1994-03-09,1.4435505867004395,1.4524883305725071,1.4077966958965713,1.4346120756400567,78465600
1994-03-10,1.4301424026489258,1.4569577788804258,1.412265382869497,1.4524881403414613,66859200
1994-03-11,1.4256733655929565,1.4346118754057573,1.4055619870300282,1.4256733655929565,34610400
1994-03-14,1.4301424026489258,1.4346118877502474,1.4167350214084617,1.4212038927592114,28965600
1994-03-15,1.4077963829040527,1.4256732476126281,1.389919518195477,1.4033275119615738,76388400
1994-03-16,1.4100311994552612,1.4212040696924995,1.3943893038732575,1.4212040696924995,44614800
1994-03-17,1.4212034940719604,1.4212034940719604,1.403327246495533,1.412264986689747,47498400
1994-03-18,1.4122648239135742,1.4212033302655447,1.398857447979574,1.416734460683515,37890000
1994-03-21,1.3854506015777588,1.4301423832313176,1.3854506015777588,1.4301423832313176,33606000
1994-03-22,1.3496969938278198,1.4033277505076533,1.3228822292385232,1.3943892399151294,49998600
1994-03-23,1.331820011138916,1.358635390253929,1.2871283775104185,1.358635390253929,80406000
1994-03-24,1.233498215675354,1.3318199923998237,1.1530526932128446,1.3228822488629868,209957400
1994-03-25,1.1798678636550903,1.2781903646370094,1.1709293498582953,1.2692518508402144,127873800
1994-03-28,1.1798678636550903,1.215621688685705,1.1262377015005807,1.206683251607765,103341600
1994-03-29,1.1441140174865723,1.1888056410441286,1.1351755086499111,1.1888056410441286,59675400
1994-03-30,1.161990761756897,1.233497746283193,1.108359947971179,1.1441138238283244,106014600
1994-03-31,1.2245593070983887,1.233497737640648,1.1441138158120507,1.170928493688437,91359000
1994-04-04,1.1843371391296387,1.1977445229668409,1.1530528087694274,1.179867576443832,92761200
1994-04-05,1.25137460231781,1.2692515489403957,1.1977445296384206,1.2245599112128807,90900000
1994-04-06,1.2737207412719727,1.2781896889324775,1.2424364965533357,1.2781896889324775,65696400
1994-04-07,1.2737207412719727,1.2871281212851882,1.2513742384367164,1.2871281212851882,44231400
1994-04-08,1.242436408996582,1.2781895988561314,1.2066825286677512,1.2781895988561314,43293600
1994-04-11,1.1932754516601562,1.2424367235018399,1.170928944742997,1.2334982127975702,84348000
1994-04-12,1.1083605289459229,1.1798676276732432,1.0815458368260706,1.1798676276732432,157356000
1994-04-13,1.068137526512146,1.1351756613346338,1.0011000821590628,1.1262372280145376,146379600
1994-04-14,1.0815455913543701,1.139644602006415,1.0368532716092804,1.0547301381322585,119557800
1994-04-15,1.0815455913543701,1.1262372206300595,1.0815455913543701,1.0904833341464588,110471400
1994-04-18,1.068137526512146,1.0994218513354261,1.0457917117277848,1.0994218513354261,58276800
1994-04-19,1.0547300577163696,1.0994217603034473,1.0279146832575676,1.0904832510046358,69094800
1994-04-20,1.0368536710739136,1.0815460080374482,1.0100382075207113,1.063669057908264,87161400
1994-04-21,1.139644742012024,1.1441143044265554,1.03685339898695,1.0547302677061055,88592400
1994-04-22,1.1172988414764404,1.170928906610783,1.0904833869557264,1.1530526529726828,67318200
1994-04-25,1.1351758241653442,1.1441143354864118,1.0994220090375748,1.1172989549608763,37888200
1994-04-26,1.1441140174865723,1.1709287000896187,1.1262370765320624,1.153052449604421,45828000
1994-04-28,1.1178573369979858,1.161991065414494,1.1038913663780123,1.144114122814225,41981400
1994-04-29,1.0837799310684204,1.1262371208859057,1.081545495568289,1.1172986884160407,68036400
1994-05-02,1.161990761756897,1.1709285018925886,1.063668331978342,1.0971870823323695,65057400
1994-05-03,1.1217682361602783,1.2156210471167803,1.099421733305551,1.1888056733164687,145060200
1994-05-04,1.0994219779968262,1.135175792115133,1.0904834669281258,1.1262373577652642,70099200
1994-05-05,1.126237392425537,1.170929028518458,1.1083604464567998,1.1172989578005854,90651600
1994-05-06,1.126237392425537,1.1351758270504888,1.0815457563326163,1.099422011831848,78512400
1994-05-09,1.0726069211959839,1.126237052443113,1.0636684892693182,1.1172986205164472,70509600
1994-05-10,1.018976092338562,1.108360020655036,1.018976092338562,1.0994215894639863,104520600
1994-05-11,1.0368536710739136,1.0726074946134303,1.0100382075207113,1.0457921077790797,112181400
1994-05-12,1.0368536710739136,1.063669057908264,0.9921619478611933,1.0457921077790797,119806200
1994-05-13,0.8312702775001526,0.916184715162969,0.7865779715506586,0.9027773379251949,806733000
1994-05-16,0.804455041885376,0.8670236054034149,0.7865781012148774,0.8402089232263734,235625400
1994-05-17,0.7910475730895996,0.8223318896744995,0.7731706344382792,0.8223318896744995,225916200
1994-05-18,0.8536161780357361,0.8670235567310076,0.8133934281994659,0.8200975011411363,179710200
1994-05-19,0.8558506369590759,0.8759620106306835,0.8446776942075174,0.8580850720717833,100566000
1994-05-20,0.8312702775001526,0.8580850319757009,0.81786228651199,0.8580850319757009,63802800
1994-05-23,0.8759623765945435,0.8759623765945436,0.8223322289811962,0.8312706636355883,55225800
1994-05-24,0.9027779698371887,0.9117164065961512,0.875962582841449,0.8849010196004115,76260600
1994-05-25,0.9206544756889343,0.9295922176641228,0.8849005924732012,0.9027775340810678,54093600
1994-05-26,0.8938391804695129,0.9653462688757768,0.8849007464694622,0.9117161251884432,90585000
1994-05-27,0.9072467684745789,0.9117163317218344,0.8670239981596564,0.9027778956969371,47118600
1994-05-31,0.8849007487297058,0.9117161275171798,0.8804318769529945,0.9072465652710094,39598200
1994-06-01,0.8849007487297058,0.8938391827525876,0.871493366211284,0.8893696205064172,39357000
1994-06-02,0.8625547885894775,0.8938390339454324,0.8580852270874039,0.8938390339454324,41522400
1994-06-03,0.8759623765945435,0.8759623765945436,0.8402091750088145,0.8625549931288751,51375600
1994-06-06,0.8938391804695129,0.9027776911883924,0.8759623124694113,0.8804318747041653,39225600
1994-06-07,0.8580851554870605,0.8938389593617202,0.8446777763194505,0.8938389593617202,36054000
1994-06-08,0.8089238405227661,0.8714930889320327,0.8022205349904614,0.8714930889320327,71766000
1994-06-09,0.8245663642883301,0.8379737428640066,0.8133934209439225,0.8178623681252669,55427400
1994-06-10,0.8402090072631836,0.8536163113332831,0.8268009360048953,0.8312704976745084,37425600
1994-06-13,0.8178622722625732,0.8402087700825762,0.81339332560504,0.8357392096746651,34812000
1994-06-14,0.8871352076530457,0.8916047700152708,0.835739575101395,0.8491468812491165,100677600
1994-06-15,0.889369785785675,0.916185246275326,0.8849009131784745,0.8983082981885063,71602200
1994-06-16,0.8826663494110107,0.8938392197851501,0.875962350998732,0.8938392197851501,31316400
1994-06-17,0.8714929819107056,0.875961928435583,0.8580849915541491,0.8625545518293861,48096000
1994-06-20,0.8670238256454468,0.9117161503150651,0.8446780085453757,0.8580853913990553,25797600
1994-06-21,0.8446778655052185,0.8670236788211858,0.831270484921983,0.8625548076894997,31989600
1994-06-22,0.8402090072631836,0.8580852592523451,0.8268009360048953,0.8536163113332831,46351800
1994-06-23,0.7508249282836914,0.8223320022050039,0.7284784258566642,0.8133934932967687,262564200
1994-06-24,0.7910475730895996,0.8139520483096048,0.7508248255384407,0.7552937725057611,97957800
1994-06-27,0.8268012404441833,0.8312708037595495,0.7821095966705726,0.7865784695163145,40401000
1994-06-28,0.8223319053649902,0.8580850928805963,0.8178623445619678,0.8402088443574113,69143400
1994-06-29,0.8536161780357361,0.8625546862286068,0.8279180628797412,0.8357393150876083,67554000
1994-06-30,0.8357395529747009,0.8737278016540382,0.826801042237549,0.858085369504608,35253000
1994-07-01,0.8424434661865234,0.8625548448019641,0.8357394687311872,0.8491467731724706,41574600
1994-07-05,0.8200976252555847,0.8446778743961216,0.8089239896512214,0.8402090032173971,48310200
1994-07-06,0.8223319053649902,0.8223319053649901,0.7999860960387828,0.8133933975093776,55108800
1994-07-07,0.8357395529747009,0.8402091152185918,0.817862608219226,0.8223321704631169,43704000
1994-07-08,0.8178622722625732,0.8446776400213123,0.81339332560504,0.8268007026092206,84592800
1994-07-11,0.8491464853286743,0.853616045606936,0.8133933020107661,0.8178622485386677,53586000
1994-07-12,0.8133935332298279,0.8268009136563427,0.7999862295221298,0.8223320425768937,94786200
1994-07-13,0.8580851554870605,0.8714931484051476,0.8223319653628779,0.8268008360227159,126093600
1994-07-14,0.7061324119567871,0.8893691837332862,0.6971939823236076,0.875961884518077,437725800
1994-07-15,0.7016636729240417,0.7195406122353175,0.6703793551842319,0.7061325433375351,300461400
1994-07-18,0.7463552951812744,0.7463552951812744,0.7061325459939165,0.7150710540425826,85426200
1994-07-19,0.7195407748222351,0.755293971054305,0.7195407748222351,0.7508250229122058,66738600
1994-07-20,0.7217752933502197,0.732948163659788,0.7061327839163025,0.732948163659788,71253000
1994-07-21,0.7329483032226562,0.7374172527284676,0.7106024816297539,0.7284787399660759,38293200
1994-07-22,0.7329483032226562,0.7463556887720131,0.7284787399660759,0.7418868159850479,59218200
1994-07-25,0.7195407748222351,0.7374170277035678,0.7106022647874551,0.7329480795614687,36214200
1994-07-26,0.7061324119567871,0.7240093479419372,0.6971939823236076,0.7240093479419372,54115200
1994-07-27,0.7016636729240417,0.7061325433375351,0.692725164909001,0.7016636729240417,44078400
1994-07-28,0.7106021046638489,0.724009483100752,0.7016636733620341,0.706132543778317,54959400
1994-07-29,0.7508249282836914,0.7597634371919267,0.7195406841365594,0.7240095549966118,154884600
1994-08-01,0.7843437790870667,0.7955167247715822,0.7329480755006501,0.7687012715346332,131774400
1994-08-02,0.7597635984420776,0.7955167977562365,0.7463555253587798,0.7910478492288936,65790000
1994-08-03,0.7552939653396606,0.7731708318363165,0.7508250172313742,0.7597635271985242,35818200
1994-08-04,0.7463552951812744,0.7687011049901058,0.7413277584080774,0.757528238445093,48861000
1994-08-05,0.7463552951812744,0.7508248560808302,0.7284783558027478,0.7284783558027478,45804600
1994-08-08,0.7731708288192749,0.7821093387515454,0.7374170192466583,0.7418865810880809,61291800
1994-08-09,0.7843437790870667,0.7910477766542429,0.773170833402551,0.7776397815198903,60823800
1994-08-10,0.7731708288192749,0.7910477719649941,0.7687012669778523,0.7865782101235715,66261600
1994-08-11,0.764232337474823,0.777639717759293,0.7463553956889056,0.7731707700083736,40716000
1994-08-12,0.764232337474823,0.7731707700083736,0.7530593927064047,0.7687012085069264,44073000
1994-08-15,0.7821093797683716,0.7955167617758029,0.7642324356851166,0.7687013072915074,116773200
1994-08-16,0.804455041885376,0.8089239126386475,0.7776396692390336,0.7955166099095323,110802600
1994-08-17,0.8580851554870605,0.8670235872760231,0.7999861544063054,0.8268008360227159,148662000
1994-08-18,0.8402090072631836,0.8714932537918145,0.8268009360048953,0.8536163113332831,130676400
1994-08-19,0.8089238405227661,0.8580850969289444,0.7776395999121547,0.8312703404236379,195822000
1994-08-22,0.8223319053649902,0.8446777146911975,0.7910475881831702,0.7999860960387828,65975400
1994-08-23,0.8402090072631836,0.84914674966367,0.8223320648046523,0.8268009360048953,60773400
1994-08-24,0.8402090072631836,0.8446778784634268,0.8312704976745084,0.8402090072631837,58725000
1994-08-25,0.8580851554870605,0.8625547166161851,0.835739344530488,0.835739344530488,77423400
1994-08-26,0.9161853194236755,0.9161853194236755,0.8580855979173272,0.8625551613509655,128061000
1994-08-29,0.9385308623313904,0.9519388581686773,0.9206546086119095,0.9295923518775183,128246400
1994-08-30,0.9340617060661316,0.943000214530373,0.9206544036826249,0.943000214530373,74226600
1994-08-31,0.8871352076530457,0.9340619683119482,0.8849007717066716,0.929592405949723,61792200
1994-09-01,0.8759623765945435,0.8893696833413778,0.8625549931288751,0.8759623765945436,90516600
1994-09-02,0.8804316520690918,0.8893693933395955,0.8670235825059618,0.8759620909645572,35519400
1994-09-06,0.8871352076530457,0.9027777169354492,0.8759623374516982,0.8849007717066716,65505600
1994-09-07,0.9251235127449036,0.9340619467939623,0.8893696231110109,0.8938391853702707,85948200
1994-09-08,0.9295922517776489,0.9474691940415509,0.925123380626059,0.9340618133986011,56149200
1994-09-09,0.9094811677932739,0.9251236795355102,0.898308295834958,0.9251236795355102,46960200
1994-09-12,0.8916047811508179,0.9117161625771472,0.88490078275849,0.9117161625771472,27943200
1994-09-13,0.9161853194236755,0.9206548828573139,0.8983083699095581,0.9027779333431963,67626000
1994-09-14,0.9430006146430969,0.9430006146430969,0.9072467190534642,0.9251236668482806,76874400
1994-09-15,0.9653460383415222,0.9698149090396081,0.9050119109451771,0.9385306660263192,78418800
1994-09-16,0.9474689960479736,0.9653459345761134,0.9251231873021086,0.960877064358388,62911800
1994-09-19,0.9340617060661316,0.956407593632689,0.929592144958774,0.9519386462758052,32583600
1994-09-20,0.918419361114502,0.9340617907037274,0.9161849255929971,0.9295922291913721,50205600
1994-09-21,0.8849007487297058,0.9206546382588903,0.8759623147068242,0.9206546382588903,95796000
1994-09-22,0.889369785785675,0.8938393488624629,0.8759624774944863,0.8938393488624629,54126000
1994-09-23,0.8759623765945435,0.8893696833413778,0.8670238652213172,0.8849008112489356,39578400
1994-09-26,0.8714929819107056,0.875961928435583,0.8536160450292717,0.8670234216354685,32324400
1994-09-27,0.8714929819107056,0.8804314887108199,0.8580849915541491,0.8670234216354685,34680600
1994-09-28,0.8625547885894775,0.8804317303778998,0.8536162793358584,0.8714932211242806,46915200
1994-09-29,0.9161853194236755,0.9206548828573139,0.844678211836848,0.8625551613509655,98715600
1994-09-30,0.9787538647651672,0.9876923007141338,0.9295925821241188,0.934062145333406,210115800
1994-10-03,0.9832232594490051,0.9966306425584577,0.9787536970058054,0.9787536970058054,93589200
1994-10-04,0.9497038125991821,0.9876921400220884,0.9474693765928729,0.9832232680094697,90736200
1994-10-05,0.9385308623313904,0.956407806520308,0.9117160981580376,0.9519388581686773,123291000
1994-10-06,0.9675803184509277,0.9742843138917526,0.9474689458788365,0.9519385063291136,90768600
1994-10-07,0.9876918792724609,0.9876918792724609,0.951938687764165,0.9698149382836564,79304400
1994-10-10,0.9921613335609436,1.005568711801485,0.9832229023900391,0.9876917727408719,91350000
1994-10-11,1.0055688619613647,1.0480260519489002,0.9921614817187219,1.001099990943203,101019600
1994-10-12,0.9698147773742676,1.0100375235110546,0.9653459072828905,0.9966302227677251,105899400
1994-10-13,0.9832232594490051,1.0011002050016573,0.9698151858700632,0.9921616938659152,59178600
1994-10-14,0.9876918792724609,1.0055688202612656,0.974284499585811,0.9787534471374649,47440800
1994-10-17,0.9653460383415222,0.9921614106567251,0.9653460383415222,0.9921614106567251,43302600
1994-10-18,0.9608775973320007,0.9698153427249845,0.9519390847505713,0.9698153427249845,36597600
1994-10-19,0.9787538647651672,0.9876923007141338,0.9519390939501846,0.9564080434087093,33651000
1994-10-20,0.9832232594490051,0.9921616938659152,0.974284748313263,0.9787536970058054,53733600
1994-10-21,0.9742847681045532,0.9832232794218693,0.9698152055705602,0.9742847681045531,39794400
1994-10-24,0.9876918792724609,0.9988648235426902,0.965346067450815,0.9698149382836564,47941200
1994-10-25,0.9921613335609436,0.9943957687363599,0.9653459633294258,0.9832229023900391,35137800
1994-10-26,1.0368536710739136,1.0413232346613297,0.9921619478611933,0.9966308976977951,100099800
1994-10-27,1.0726069211959839,1.0726069211959839,1.027914608125034,1.041322677968492,127051200
1994-10-28,1.0726069211959839,1.0904831712988288,1.0659029246336604,1.0726069211959839,138040200
1994-10-31,1.0770756006240845,1.0860140303265122,1.0681370942028652,1.0726066542886417,69809400
1994-11-01,1.094952940940857,1.094952940940857,1.063668691757844,1.0726071253861016,79407000
1994-11-02,1.1307059526443481,1.1619909638754111,1.094952761037432,1.099421708601413,119253600
1994-11-03,1.1530523300170898,1.1530523300170898,1.1262369597258528,1.1351753909166638,104666400
1994-11-04,1.126237392425537,1.1575217218157832,1.121768520347814,1.1530527730192262,77578200
1994-11-07,1.094952940940857,1.1217683952632809,1.0815456357331847,1.1172988332144378,72898200
1994-11-08,1.1038916110992432,1.1128300460215255,1.063668845746064,1.090483536762219,83880000
1994-11-09,1.1217682361602783,1.144114048545675,1.099421733305551,1.1172986747453635,71517600
1994-11-10,1.094952940940857,1.1351757004709533,1.0770760736843414,1.1083603228673546,55555200
1994-11-11,1.1798678636550903,1.197744814529825,1.1217688281964582,1.1351761385785206,202203000
1994-11-14,1.2066830396652222,1.224559987400039,1.175398707184369,1.193275654919186,111214800
1994-11-15,1.1865715980529785,1.2379673120325667,1.1798675991301286,1.2111518533730319,76825800
1994-11-16,1.211151361465454,1.2156209224218943,1.1843366808850457,1.188805551372226,34329600
1994-11-17,1.1977440118789673,1.2334978129496885,1.1798670729842051,1.2156208740549261,43219800
1994-11-18,1.2223254442214966,1.22455988028565,1.1888059879434716,1.193275550541292,33049800
1994-11-21,1.1776328086853027,1.2334979919106221,1.1508173580932621,1.2245595595258185,54390600
1994-11-22,1.094952940940857,1.1770743060230364,1.0927185051511497,1.1664600263727918,124228800
1994-11-23,1.1307059526443481,1.1329410785362473,1.063668516994497,1.0770758967181293,127503000
1994-11-25,1.157521367073059,1.1664597989586714,1.1307059179786008,1.135175479156054,36597600
1994-11-28,1.173163652420044,1.1798670343835995,1.1485827183961803,1.1530522790285598,84519000
1994-11-29,1.1798678636550903,1.1843374274289078,1.1664604765541728,1.1753989136321128,72534600
1994-11-30,1.1530523300170898,1.1932750785787274,1.1530523300170898,1.179867086557891,57394800
1994-12-01,1.1530523300170898,1.1619908379267052,1.1351753909166638,1.144113898826279,42156000
1994-12-02,1.170928716659546,1.1753982780163754,1.1396444723202126,1.14858290456455,38170800
1994-12-05,1.1798678636550903,1.18880630073303,1.1709293498582953,1.1709293498582953,44586000
1994-12-06,1.1888056993484497,1.197744208623495,1.1709287575171752,1.1753983190299626,54043200
1994-12-07,1.1485830545425415,1.186571377361655,1.1396446211310547,1.1843369416261365,42328800
1994-12-08,1.1038916110992432,1.1619913230158239,1.0994220484033377,1.153052811374705,64589400
1994-12-09,1.1441140174865723,1.153052449604421,1.0591989507264161,1.1083601355775528,104103000
1994-12-12,1.1664602756500244,1.174281531414275,1.1262375075241615,1.1530528908583149,59522400
1994-12-13,1.1530523300170898,1.1709285786482757,1.1485827691870643,1.1664597082874903,40647600
1994-12-14,1.1351758241653442,1.1619912814097135,1.121768517496745,1.1530527700886457,37666800
1994-12-15,1.1955100297927856,1.2111518499952627,1.1709290840717455,1.1798675958396079,125344800
1994-12-16,1.1888056993484497,1.2156210737359534,1.1798672667922205,1.197744208623495,52335000
1994-12-19,1.1821023225784302,1.1932751899928256,1.1753982492232595,1.1843367579674484,44704800
1994-12-20,1.1753984689712524,1.1932754130830234,1.1664600352747798,1.1888058510000703,30214800
1994-12-21,1.215620994567871,1.220089942039086,1.1753982424814122,1.1753982424814122,55107000
1994-12-22,1.2469055652618408,1.2513744369123212,1.2111516767425845,1.2156212388625047,73081800
1994-12-23,1.260312795639038,1.2781897377459865,1.2469054151138006,1.251374286226155,59421600
1994-12-27,1.282659649848938,1.2938325211524684,1.2603131400534937,1.2737211379933664,31003200
1994-12-28,1.25137460231781,1.2826596233218095,1.2424368578354663,1.2826596233218095,37636200
1994-12-29,1.2558436393737793,1.264782147303126,1.2334978298632409,1.2513740785338874,34689600
1994-12-30,1.2558436393737793,1.260312586463234,1.2334978298632409,1.2513740785338874,30414600
1995-01-03,1.2200899124145508,1.2558437161616702,1.2178554770926024,1.2513741550484896,41986800
1995-01-04,1.229028582572937,1.242436654762841,1.2111516388722854,1.229028582572937,54977400
1995-01-05,1.2200899124145508,1.2513741550484896,1.2156209650518448,1.2379668526475152,47637000
1995-01-06,1.2200899124145508,1.2334979052848092,1.2022136626508704,1.2156209650518448,36253800
1995-01-09,1.2469055652618408,1.2603129474015486,1.2156212388625047,1.2156212388625047,56772000
1995-01-10,1.2647825479507446,1.2871283645398108,1.251374474934205,1.2558440371899287,79871400
1995-01-11,1.2737207412719727,1.2781896889324775,1.2469053674950261,1.2692511798609523,39054600
1995-01-12,1.2737207412719727,1.2871281212851882,1.264782308919262,1.2737207412719727,41499000
1995-01-13,1.282659649848938,1.2871285221825322,1.264782702856633,1.2781900870457987,38547000
1995-01-16,1.3094737529754639,1.3228817441036762,1.2826589982198293,1.2826589982198293,43995600
1995-01-17,1.3050051927566528,1.3184125748941447,1.2915971968685485,1.309474217844048,33339600
1995-01-18,1.3005355596542358,1.3407583152492177,1.2915970501816343,1.3094740691268374,46076400
1995-01-19,1.2781902551651,1.3050055641022953,1.2781902551651,1.3005360774301264,39724200
1995-01-20,1.25137460231781,1.2826596233218095,1.2424368578354663,1.278190060611107,61133400
1995-01-23,1.249139666557312,1.2513741017841524,1.1977440505560983,1.2290282918584334,64157400
1995-01-24,1.282659649848938,1.2915973945161263,1.2379673207275947,1.246905755864328,70263000
1995-01-25,1.249139666557312,1.2826591102745482,1.242436360876791,1.2826591102745482,74385000
1995-01-26,1.211151361465454,1.2513741111647299,1.2066824909782738,1.2513741111647299,61646400
1995-01-27,1.211151361465454,1.2200898696278812,1.1932751123286662,1.2200898696278812,51667200
1995-01-30,1.164225459098816,1.2156210822424036,1.1575214620173955,1.2066826496236267,83066400
1995-01-31,1.1932754516601562,1.2111517058804109,1.161991201227012,1.170928944742997,65617200
1995-02-01,1.2245593070983887,1.2513739849747751,1.202213499258537,1.202213499258537,72684000
1995-02-02,1.2692514657974243,1.273721028215346,1.220090268579536,1.220090268579536,49543200
1995-02-03,1.2737207412719727,1.309474010369929,1.2692511798609523,1.2871281212851882,66373200
1995-02-06,1.3094737529754639,1.3228817441036762,1.2737204909052864,1.2737204909052864,55333800
1995-02-07,1.3184126615524292,1.3184126615524292,1.2826595378773231,1.3139437896089519,41340600
1995-02-08,1.3050051927566528,1.3228822137321525,1.2960668357065563,1.3184125748941447,46488600
1995-02-09,1.3005355596542358,1.3564008219044974,1.2960666885120244,1.3094740691268374,85609800
1995-02-10,1.253609538078308,1.318412548684413,1.2513744118284316,1.3094741918120087,163787400
1995-02-13,1.2245593070983887,1.260312492235833,1.2200897465926641,1.2424362449017061,117383400
1995-02-14,1.233498215675354,1.2692514146687324,1.2200902194311831,1.2245597816690592,76197600
1995-02-15,1.233498215675354,1.2603129806624378,1.2200902194311831,1.246905598168896,65197800
1995-02-16,1.2245593070983887,1.2469051149382406,1.2156207998373307,1.2379666843959813,82236600
1995-02-17,1.2066830396652222,1.2200904244112583,1.1977446041572344,1.2200904244112583,49010400
1995-02-21,1.1843371391296387,1.2022140856526475,1.1709290648229094,1.193275574031725,73769400
1995-02-22,1.2133870124816895,1.2200903978333177,1.1709291186885566,1.1753986815799742,68263200
1995-02-23,1.229028582572937,1.2379670927826751,1.2111516388722854,1.2200901490820233,91218600
1995-02-24,1.2022141218185425,1.2245599412300545,1.1888060471084616,1.215621429340237,69784200
1995-02-27,1.1821023225784302,1.2200899490372756,1.1664598171978824,1.1932751899928256,82679400
1995-02-28,1.2066830396652222,1.2156214751732097,1.1837785528071663,1.2066830396652222,60537600
1995-03-01,1.1776328086853027,1.211151488995132,1.1753982964876202,1.1977441856525926,70790400
1995-03-02,1.211151361465454,1.2156209224218943,1.1753981727226186,1.1776326846850154,48956400
1995-03-03,1.229028582572937,1.242436654762841,1.2022138958507897,1.2066827673615375,50562000
1995-03-06,1.2245593070983887,1.233497737640648,1.202213499258537,1.2245593070983887,36034200
1995-03-07,1.229028582572937,1.242436654762841,1.2111516388722854,1.229028582572937,51096600
1995-03-08,1.2558436393737793,1.2737205785136678,1.229028269023349,1.229028269023349,60739200
1995-03-09,1.2379671335220337,1.264782511596047,1.2245597513603341,1.2513744389649066,48924000
1995-03-10,1.242436408996582,1.255843711346146,1.2334979005549698,1.2379668479005397,43983000
1995-03-13,1.2178555727005005,1.2469053822930496,1.215621060484322,1.2424365112983236,28551600
1995-03-14,1.2267941236495972,1.2513743741521735,1.2200901260406622,1.2290285593627739,39015000
1995-03-15,1.25137460231781,1.2558441650285126,1.2156213995421694,1.2245599112128807,81869400
1995-03-16,1.260312795639038,1.2737207899148146,1.251374286226155,1.2558438478078662,88036200
1995-03-17,1.249139666557312,1.2737206021791259,1.242436360876791,1.2737206021791259,41711400
1995-03-20,1.242436408996582,1.2513741502501037,1.2290283394589274,1.2513741502501037,43050600
1995-03-21,1.2379671335220337,1.264782511596047,1.2245597513603341,1.2424366956492852,91911600
1995-03-22,1.2200899124145508,1.2379668526475152,1.211151403938664,1.2290283441716283,49687200
1995-03-23,1.242436408996582,1.2469052796233429,1.2156209603905543,1.2200899077361242,42674400
1995-03-24,1.3005355596542358,1.3184124251618032,1.2513742945866522,1.2558438561982246,137743200
1995-03-27,1.3586351871490479,1.3631048255004674,1.3005355657731448,1.3094740752878011,108478800
1995-03-28,1.3988583087921143,1.403327948312528,1.3586355424879841,1.3631051820083977,98953200
1995-03-29,1.331820011138916,1.4256735311661424,1.3139437566254315,1.4033277910707236,125359200
1995-03-30,1.3139437437057495,1.3407585088064617,1.255844037496877,1.331819998043461,117111600
1995-03-31,1.3631048202514648,1.3675736913974934,1.264782366751134,1.2915970512848456,108208800
1995-04-03,1.4167348146438599,1.4212036853424028,1.3496966907242387,1.3541661751732639,118423800
1995-04-04,1.3854506015777588,1.4301423832313176,1.3720426067687683,1.4122653636946123,115441200
1995-04-05,1.3988583087921143,1.403327948312528,1.3631051820083977,1.3854509246076399,118432800
1995-04-06,1.3943893909454346,1.3988582631315953,1.3720428818872281,1.3899199050085873,56395800
1995-04-07,1.4033273458480835,1.4212035946901107,1.3787463337285137,1.3943888378330427,67356000
1995-04-10,1.3899199962615967,1.4077968671189622,1.380981484114073,1.4033279946394046,54775800
1995-04-11,1.4256733655929565,1.4301423903428945,1.3943891182799002,1.3988579895921964,80593200
1995-04-12,1.4323769807815552,1.4346121072683327,1.403327854899103,1.4301426214831099,61065000
1995-04-13,1.4301424026489258,1.4524881403414613,1.425673377860533,1.4301424026489258,46753200
1995-04-17,1.4480191469192505,1.4703650361656173,1.4390806377830738,1.4435502759452372,80112600
1995-04-18,1.4077963829040527,1.4569576457744136,1.3943890028884718,1.4569576457744136,63477000
1995-04-19,1.3809810876846313,1.389919597266234,1.3184124412392388,1.3675737069063216,118823400
1995-04-20,1.396623134613037,1.4256728592334675,1.358634749916929,1.380980632918188,40197600
1995-04-21,1.3943893909454346,1.4167352862529548,1.3809813934479076,1.4033279025061143,35251200
1995-04-24,1.3854506015777588,1.3988579826361855,1.3675737354786943,1.3854506015777588,29368800
1995-04-25,1.4301424026489258,1.4346118877502474,1.3854506203885688,1.3854506203885688,61664400
1995-04-26,1.456957459449768,1.4658958139421499,1.4256730652888225,1.4256730652888225,60633000
1995-04-27,1.4122648239135742,1.4569572022358448,1.4077959543315444,1.452487565465904,37785600
1995-04-28,1.4256733655929565,1.4346118754057573,1.3765122520919406,1.4122653707172934,48749400
1995-05-01,1.4077963829040527,1.430142271992736,1.4033275119615738,1.4212037629196337,25718400
1995-05-02,1.4658966064453125,1.47036563266997,1.3943895784100253,1.4077969639593821,52164000
1995-05-03,1.5552802085876465,1.568687590245531,1.4748346911391577,1.4793035626290396,162291600
1995-05-04,1.523996353149414,1.5910338924818992,1.5150578406757036,1.5686879948918417,79623000
1995-05-05,1.4882413148880005,1.541871427958196,1.479302809272065,1.5329329223422605,73762200
1995-05-08,1.5374038219451904,1.550811207791289,1.4793040247356624,1.4882425376958874,51969600
1995-05-09,1.5418717861175537,1.5463412701200863,1.4971801682819368,1.5374029158654419,55674000
1995-05-10,1.5374038219451904,1.555280694427945,1.506119410178642,1.550811207791289,53127000
1995-05-11,1.5642187595367432,1.5709221436651553,1.5239959997638421,1.5374033817712736,83926800
1995-05-12,1.608910083770752,1.6178485924654071,1.546341443533902,1.5776258403711383,122729400
1995-05-15,1.6178483963012695,1.6267867504745266,1.595502510868127,1.604441018478988,77889600
1995-05-16,1.6245527267456055,1.631256110162436,1.599971710673844,1.6223176007102416,54441000
1995-05-17,1.6223170757293701,1.6267865591655981,1.6089096994837861,1.6223170757293701,56676600
1995-05-18,1.573156476020813,1.6491331226693426,1.5686876044903504,1.6178488738290173,66331800
1995-05-19,1.5932676792144775,1.5955028052017346,1.5418720565181365,1.5597489216001252,51566400
1995-05-22,1.573156476020813,1.604441492049384,1.573156476020813,1.5955029818002133,43320600
1995-05-23,1.7027631998062134,1.711701709720827,1.5776260556909862,1.5820949270541846,134636400
1995-05-24,1.6759483814239502,1.720640008882459,1.6580715156278534,1.7161711376681208,96859800
1995-05-25,1.6714791059494019,1.675948591474464,1.6446643409262338,1.6714791059494019,55119600
1995-05-26,1.640194058418274,1.662539942899396,1.635725188397244,1.6401940584182737,43209000
1995-05-30,1.5642187595367432,1.6446642790825448,1.550810763778705,1.6401946402878953,67845600
1995-05-31,1.5642187595367432,1.568687631143134,1.510588004005804,1.5642187595367432,105800400
1995-06-01,1.6066758632659912,1.635725753279956,1.5642187448084852,1.5731564879371118,60739200
1995-06-02,1.6133787631988525,1.6491326402999176,1.5820945235091315,1.595502515117539,50659200
1995-06-05,1.631255865097046,1.6670095906592306,1.6267868411987882,1.631255865097046,57726000
1995-06-06,1.5999724864959717,1.6536026485884394,1.5999724864959717,1.6267878744176252,71470800
1995-06-07,1.591033697128296,1.608910566443034,1.5776263136581619,1.5955031829729003,49568400
1995-06-08,1.6223170757293701,1.640193935411182,1.5820943332422754,1.5865638166785034,35825400
1995-06-09,1.6357253789901733,1.658071266075014,1.6178485158846858,1.6178485158846858,48643200
1995-06-12,1.6580718755722046,1.671479259313967,1.644664491830442,1.644664491830442,40267800
1995-06-13,1.7206405401229858,1.7211992067363786,1.6580720275506153,1.6625409001446991,66385800
1995-06-14,1.71393620967865,1.734047590125095,1.6893559575013797,1.7027633398821351,45628200
1995-06-15,1.7318124771118164,1.747454825580587,1.7072320821968598,1.7161705889558132,48461400
1995-06-16,1.7474554777145386,1.7519245026054293,1.7251097395094983,1.738517121057464,38941200
1995-06-19,1.7742704153060913,1.78767841192329,1.7429861639295923,1.7429861639295923,40179600
1995-06-20,1.7921470403671265,1.7966165250207147,1.7519242869245024,1.7742700223785397,78431400
1995-06-21,1.751924753189087,1.8010858752723238,1.7519247531890871,1.7876784918066553,45174600
1995-06-22,1.8100244998931885,1.8234318841977155,1.7698017332288956,1.7742706056009412,60249600
1995-06-23,1.8547159433364868,1.854715943336487,1.7876784151327259,1.8010857980233486,50277600
1995-06-26,1.8211976289749146,1.8815317875080613,1.8055558829900462,1.8457786553454771,59212800
1995-06-27,1.796616792678833,1.8591854443345353,1.7921473073593857,1.814493046142468,56131200
1995-06-28,1.7653326988220215,1.8010858226442021,1.7474556765979394,1.7876784395703003,62544600
1995-06-29,1.8279008865356445,1.8323699111625653,1.7698012648211126,1.7742701360103958,42341400
1995-06-30,1.8077901601791382,1.8413089310269934,1.8010861605092585,1.8279015454380054,38995200
1995-07-03,1.80108642578125,1.810024939886567,1.7876790382175625,1.810024939886567,14263200
1995-07-05,1.8625370264053345,1.8681236909277408,1.7899126891786723,1.8100240677087698,64576800
1995-07-06,1.9038766622543335,1.9128151706408891,1.863653911546492,1.872592419933048,59810400
1995-07-07,1.9753837585449219,1.9843222673987306,1.9038767617778294,1.9083462463611713,81711000
1995-07-10,1.9619770050048828,1.9798540284177848,1.9306927510641636,1.9798540284177848,66632400
1995-07-11,1.9262242317199707,1.953039004563845,1.9083472050317136,1.948569978048334,88117200
1995-07-12,1.9686808586120605,1.9709153712955534,1.917285225639769,1.9351614805453754,50765400
1995-07-13,2.0379526615142822,2.0558289089449877,1.9664456771026784,1.9709145471633562,59668200
1995-07-14,2.0692384243011475,2.087115452088365,2.0022002605687854,2.011138774462394,66675600
1995-07-17,2.060297966003418,2.0826436909525277,2.046890592408974,2.0737053395978617,50389200
1995-07-18,1.9887923002243042,2.0602994701411106,1.9798539423441202,2.0602994701411106,69818400
1995-07-19,1.8502470254898071,1.9753841815506803,1.7072328478931587,1.9217540375693023,188251200
1995-07-20,1.8346041440963745,1.8815308941468993,1.8189624055382891,1.8591851587957369,95214600
1995-07-21,1.9038766622543335,1.9396305423629396,1.8144926524520948,1.8234311608386506,81149400
1995-07-24,1.9753837585449219,1.979853396565889,1.8770620024045293,1.9038767617778294,81633600
1995-07-25,2.024545192718506,2.051360568127216,1.9977304310603488,1.9977304310603488,72763200
1995-07-26,2.064767599105835,2.07370610720676,2.024544849683316,2.0290143338901965,53908200
1995-07-27,2.0960512161254883,2.100520852438715,2.07370548956042,2.07817497243608,48387600
1995-07-28,2.0044336318969727,2.100521642519464,1.9932607644119265,2.096052004525048,44438400
1995-07-31,1.993261694908142,2.0290154399263325,1.957508410203039,2.020077080390633,49611600
1995-08-01,1.9575082063674927,2.00219984595455,1.9172854392075491,2.00219984595455,60062400
1995-08-02,1.9038766622543335,2.0200760437786225,1.8904692832685424,1.9664459140849901,96012000
1995-08-03,1.8681234121322632,1.886000429060746,1.8323696851505344,1.8547154192794735,101089800
1995-08-04,1.9396300315856934,1.9664453962462538,1.8859999160148797,1.8859999160148797,49966200
1995-08-07,1.9887923002243042,1.9977308115421555,1.9441000505103818,1.9485695363258089,51534000
1995-08-08,1.9887923002243042,2.0066693228600068,1.9753843030910259,1.9977308115421555,38498400
1995-08-09,2.0401875972747803,2.0558293362071636,2.006668840008325,2.006668840008325,77592600
1995-08-10,2.0826449394226074,2.091583449573142,2.0379533092958217,2.0379533092958217,66528000
1995-08-11,2.091583490371704,2.145213631695137,2.0781761084784964,2.1005220006965937,83068200
1995-08-14,2.1049914360046387,2.131806820723109,2.087115177755655,2.1005225632395073,57425400
1995-08-15,2.100522041320801,2.1318062910311757,2.09158353082304,2.1094603983809077,80821800
1995-08-16,2.2211902141571045,2.234597595658989,2.1094602960147433,2.1094602960147433,127222200
1995-08-17,2.1764979362487793,2.2345977178089287,2.1586216823318387,2.221190335574155,115275600
1995-08-18,2.363645315170288,2.373142336662923,2.2530327486309147,2.270350945930062,213526800
1995-08-21,2.2614126205444336,2.368673497121798,2.2614126205444336,2.3642038591911456,87089400
1995-08-22,2.359736442565918,2.3686749567472063,2.2301295980332623,2.2703523748170515,106225200
1995-08-23,2.3686742782592773,2.3954890459336817,2.355266280671384,2.3597357666383547,78076800
1995-08-24,2.3776113986968994,2.3865499079719448,2.3150429078350085,2.368673656610016,74590200
1995-08-25,2.2926974296569824,2.386550336228985,2.2837589187779566,2.377611825349959,65682000
1995-08-28,2.2390666007995605,2.2971655995393503,2.1988438511669366,2.2971655995393503,89424000
1995-08-29,2.2480051517486572,2.2480051517486572,2.12733690055329,2.2256586507977265,169023600
1995-08-30,2.297166109085083,2.3239814860383676,2.2524744790594133,2.261412989189724,107731800
1995-08-31,2.3463268280029297,2.377611069097051,2.2971655708369454,2.3105735630472592,88002000
1995-09-01,2.337388515472412,2.377611267966803,2.3284507738769595,2.337388515472412,41205600
1995-09-05,2.435711145401001,2.435711145401001,2.3373886185107544,2.341858256693634,68740200
1995-09-06,2.4848721027374268,2.511687475185071,2.4446493509412037,2.4491189888494675,85811400
1995-09-07,2.5116872787475586,2.5206257866769053,2.4848719083971282,2.498279286697125,72837000
1995-09-08,2.5161564350128174,2.529564427769083,2.4558223088610323,2.525094789975093,53834400
1995-09-11,2.5653181076049805,2.587663999948473,2.511687965980598,2.5206264763556465,55375200
1995-09-12,2.551910638809204,2.587663911904656,2.5206263905927435,2.5787255552713813,60379200
1995-09-13,2.5563805103302,2.578726409314075,2.516157738721528,2.5429731243775717,59259600
1995-09-14,2.578726291656494,2.5966030100279465,2.529565623010379,2.5653187528779045,43869600
1995-09-15,2.4759342670440674,2.5787256801810816,2.4759342670440674,2.5653181445817284,85521600
1995-09-18,2.444650173187256,2.4804040662889673,2.4223044311319955,2.4804040662889673,78346800
1995-09-19,2.578726291656494,2.583195624687047,2.4401815708400467,2.449120083463463,102153600
1995-09-20,2.578726291656494,2.6412954197073373,2.5697883927838374,2.6100110091196056,82429200
1995-09-21,2.525094509124756,2.583194116792728,2.502748777642059,2.5653172554188903,51084000
1995-09-22,2.5429720878601074,2.5519104438103763,2.4714649333826872,2.4982796943582253,56413800
1995-09-25,2.5049829483032227,2.567551574829984,2.4625258468543643,2.54744020318967,61291800
1995-09-26,2.4893417358398438,2.556379246203805,2.475933742766664,2.5072179858740693,51481800
1995-09-27,2.431241989135742,2.466995256719308,2.310573732876366,2.4580567480263884,142772400
1995-09-28,2.5340328216552734,2.5340328216552734,2.4312414520516916,2.44911846548833,100661400
1995-09-29,2.46699595451355,2.5524696337489035,2.4401811880382986,2.542972609424197,85156200
1995-10-02,2.359736442565918,2.507219548272567,2.359736442565918,2.466996771488778,96894000
1995-10-03,2.431241989135742,2.4401804978286616,2.3507964849628245,2.359734993655744,100715400
1995-10-04,2.3843166828155518,2.4223050992252633,2.364205294606176,2.4044280710249275,69229800
1995-10-05,2.4938111305236816,2.498280002174162,2.364204339525244,2.3820813605036983,98805600
1995-10-06,2.3977229595184326,2.5519106068565196,2.3910195757215256,2.5072183639368046,108603000
1995-10-09,2.3038697242736816,2.3642038520889868,2.2569429758338377,2.3642038520889868,115506000
1995-10-10,2.3239810466766357,2.355265442624113,2.1809670597563287,2.225658681332795,200107800
1995-10-11,2.440180540084839,2.444649410914629,2.3284507905835774,2.377611285026147,100897200
1995-10-12,2.5407371520996094,2.543530176891778,2.4446491511808754,2.449118788723911,98620200
1995-10-13,2.5206263065338135,2.5831948008801735,2.5116877967609783,2.574256444544979,77796000
1995-10-16,2.4759342670440674,2.518391386389859,2.471465241948603,2.502749645118081,43684200
1995-10-17,2.6189475059509277,2.6234168363269985,2.484871737483971,2.4938102447985138,71947800
1995-10-18,2.708332061767578,2.757493174419272,2.6457635682224168,2.6591709491158837,118002600
1995-10-19,2.761963129043579,2.7664321542279415,2.6502332031801394,2.6904559642159653,105859800
1995-10-20,2.730677843093872,2.806654008561402,2.7128011343809493,2.753023882422633,83730600
1995-10-23,2.694924831390381,2.7306785651455168,2.677047811075165,2.6993938563127133,72860400
1995-10-24,2.694924831390381,2.757493328430102,2.6859864746704205,2.712801851705596,56923200
1995-10-25,2.659170627593994,2.6993933791615943,2.641294224189244,2.6725786206168487,58255200
1995-10-26,2.670344114303589,2.730678245251763,2.601071627682566,2.6636401173925077,91818000
1995-10-27,2.730677843093872,2.735146866834496,2.659170394491752,2.66363972510759,57375000
1995-10-30,2.851346731185913,2.860284780685789,2.744085840933439,2.7574932220585358,89449200
1995-10-31,2.7709012031555176,2.909445879719191,2.7709012031555176,2.9049768549914763,83694600
1995-11-01,2.86922287940979,2.8736925175089287,2.7440855945193885,2.7664316368882926,77632200
1995-11-02,2.9049770832061768,2.909446108284978,2.8200622310805903,2.882631344061559,81669600
1995-11-03,3.012237310409546,3.0211753585762984,2.904976436155195,2.913915098072422,109521000
1995-11-06,2.992125988006592,3.0658674951319624,2.967545281047973,2.9898910156123395,78199200
1995-11-07,2.9809539318084717,2.992127264169021,2.855816598750182,2.97201587967078,114705000
1995-11-08,3.0032992362976074,3.0390523529346924,2.958606843156636,3.0032992362976074,83431800
1995-11-09,3.0971531867980957,3.1105605717677536,3.0301150344483223,3.0390533933865513,90444600
1995-11-10,3.1418447494506836,3.19547551286994,3.039053168939589,3.039053168939589,197380800
1995-11-13,3.0524609088897705,3.1552524807201285,3.0524609088897705,3.1284371012750563,87589800
1995-11-14,2.896038293838501,3.0301139361919622,2.8870999381399542,3.0301139361919622,115776000
1995-11-15,2.855816125869751,2.936261650542138,2.7753706011973636,2.913915910147282,158531400
1995-11-16,2.913914918899536,2.9675450458538264,2.846876799893845,2.851346130577645,128300400
1995-11-17,2.8602848052978516,2.9451996519054586,2.851346755721066,2.9183842756739584,76438800
1995-11-20,2.8334696292877197,2.9496682462061035,2.7954812363165047,2.8781610981503185,102452400
1995-11-21,2.8200623989105225,2.8871005409599233,2.69939411147199,2.833470395570792,128356200
1995-11-22,2.708332061767578,2.873692725914691,2.708332061767578,2.837938687281186,85557600
1995-11-24,2.8155927658081055,2.8155927658081055,2.7038628600518027,2.712801522562534,33019200
1995-11-27,2.7887778282165527,2.9049770834028377,2.7887778282165527,2.8468776092473482,80699400
1995-11-28,3.0032992362976074,3.0032992362976074,2.788777467722436,2.793247105974379,90514800
1995-11-29,3.0479917526245117,3.0882145172385074,2.9943616043894106,3.016707346049699,124893000
1995-11-30,3.007768392562866,3.052460480786435,2.972014967484234,3.043522124516777,96620400
1995-12-01,2.931793212890625,3.0613995765364583,2.896039468716443,3.0613995765364583,101660400
1995-12-04,3.0479917526245117,3.0658684687028783,2.9139160751614184,2.9407308424036285,107447400
1995-12-05,2.9362614154815674,3.0658680496475776,2.8803963017783656,3.0479913360126725,104324400
1995-12-06,2.853581428527832,2.9898914414739206,2.788777653622523,2.9541383224535305,123152400
1995-12-07,2.8379383087158203,2.8692227047528736,2.7396160965280747,2.8692227047528736,107105400
1995-12-08,2.855816125869751,2.8915698628771023,2.7843089587303704,2.8468777683367437,89983800
1995-12-11,2.855816125869751,2.8871005306729374,2.8334703854748944,2.8692235087316,60426000
1995-12-12,2.7709012031555176,2.8871001423300524,2.7709012031555176,2.8692231227933473,85159800
1995-12-13,2.757493019104004,2.8161513045536584,2.7351472832484185,2.7887774175521356,101739600
1995-12-14,2.6055409908294678,2.7753703844437463,2.5926921220589616,2.757493363898586,187308000
1995-12-15,2.6457629203796387,2.681516643383192,2.5452059004870473,2.610009504251288,173307600
1995-12-18,2.5340328216552734,2.636824037821267,2.4848715717360768,2.636824037821267,183751200
1995-12-19,2.7977166175842285,2.8155936412891167,2.551911147427417,2.5653185316118914,147870000
1995-12-20,2.6457629203796387,2.851345983743263,2.636824259472348,2.8424076297111753,145337400
1995-12-21,2.694924831390381,2.7083322130326737,2.645763715992952,2.6904558064680484,122274000
1995-12-22,2.739616632461548,2.744085964287678,2.659171114593586,2.6904558236259013,80848800
1995-12-26,2.7664313316345215,2.8066540807101847,2.6859858334831954,2.7396159610005983,58204800
1995-12-27,2.7440860271453857,2.7977161690356476,2.7306786451104728,2.7664320730373135,66178800
1995-12-28,2.694924831390381,2.7217402084255564,2.677047811075165,2.7083322130326737,69967800
1995-12-29,2.66810941696167,2.708332175075417,2.659171060366981,2.690455768761329,65304000
1996-01-02,2.730677843093872,2.744085221190957,2.6189476464500685,2.66363972510759,88333200
1996-01-03,2.6234166622161865,2.7217391620875024,2.583193919001841,2.7038621486448777,100152000
1996-01-04,2.525094509124756,2.6278858866333215,2.435710662568368,2.6234168630868626,213451200
1996-01-05,2.5563805103302,2.587664768907625,2.4446505550977347,2.480404453785025,157420800
1996-01-08,2.531799793243408,2.569788200535013,2.5206269218159507,2.5608496885802974,26875800
1996-01-09,2.337388515472412,2.525094898363069,2.3329196446746856,2.520626027565343,172508400
1996-01-10,2.386550188064575,2.4669957069178823,2.283758776995155,2.288228415751329,219997800
1996-01-11,2.525094509124756,2.529564146421616,2.453587523942206,2.4625260313479247,116902800
1996-01-12,2.525094509124756,2.596601494307306,2.449118653833347,2.5608483853100314,140331600
1996-01-15,2.4044270515441895,2.5385027115081233,2.3284511715649474,2.5295649683861483,128728800
1996-01-16,2.4491186141967773,2.4669948615309045,2.323980740042747,2.4357106231487937,173880000
1996-01-17,2.4938111305236816,2.574256650863155,2.3910197175552725,2.413365610184208,169282800
1996-01-18,2.5340328216552734,2.5742555648561507,2.4982789482195846,2.538501691420462,98676000
1996-01-19,2.708332061767578,2.717270417988315,2.51615678927117,2.551910521029397,142225200
1996-01-22,2.782074213027954,2.8021855914022513,2.663640301698542,2.708332083155158,109879200
1996-01-23,2.784308671951294,2.8111240486636997,2.753024577245639,2.7664319587265505,81111600
1996-01-24,2.8871006965637207,2.8915700290246904,2.761963377035995,2.784309118714822,103264200
1996-01-25,2.8334696292877197,2.951903218587047,2.815592612117343,2.927322511774804,126628200
1996-01-26,2.9005072116851807,2.9005072116851807,2.7798389538752755,2.8200617064785773,85789800
1996-01-29,2.9005072116851807,2.931791915793581,2.873692452449978,2.9094455670553314,50391000
1996-01-30,2.9407308101654053,2.9630771653313994,2.904977378400624,2.9228544011583515,64378800
1996-01-31,2.976482629776001,3.0122363453646037,2.909444528125548,2.9451982437141506,95049000
1996-02-01,3.0658681392669678,3.0703371643686803,2.9675459045256014,2.976484261604334,79887600
1996-02-02,3.0211758613586426,3.0748066142862545,3.0122378117044253,3.070336975708569,80098200
1996-02-05,3.1373751163482666,3.137375116348266,3.0211758674787252,3.0256451991901763,111420000
1996-02-06,3.1999449729919434,3.1999449729919434,3.1284380902019864,3.1463148108994754,98733600
1996-02-07,3.170894145965576,3.2088825481131384,3.128437025477643,3.1999438839311365,84555000
1996-02-08,3.177598237991333,3.222290025845285,3.1418445008328466,3.1865365955621234,88594200
1996-02-09,3.262511730194092,3.3518955837867166,3.217819956835392,3.2535736823975765,182057400
1996-02-12,3.217820167541504,3.311673051177968,3.2088818122844716,3.2848582922821152,85701600
1996-02-13,3.2267584800720215,3.2446354972246163,3.137374621810011,3.168659018233001,120457800
1996-02-14,3.164189577102661,3.2356967156636163,3.0971514620844656,3.231227078370456,126838800
1996-02-15,3.1798324584960938,3.2178208601087306,3.137375338606012,3.155252359842969,82531800
1996-02-16,3.182067394256592,3.22284928528154,3.1552526273163237,3.182067394256592,62105400
1996-02-20,3.262511730194092,3.2893271010845364,3.119497441695802,3.119497441695802,54397800
1996-02-21,3.374241352081299,3.3876487283518713,3.2446347712563446,3.334018609519238,70398000
1996-02-22,3.5351343154907227,3.566418722552624,3.3787122801812153,3.441280787429673,95496300
1996-02-23,3.548541307449341,3.646863850303973,3.450219071470019,3.6021714505969826,105448500
1996-02-26,3.5753567218780518,3.611110151002941,3.468095820752756,3.530664628596626,56470500
1996-02-27,3.485971689224243,3.6111089566481955,3.459156319374301,3.6021702954480728,55198800
1996-02-28,3.4144647121429443,3.5753557114880246,3.39658800263243,3.530663630836512,57553200
1996-02-29,3.3965883255004883,3.46809517033974,3.298265800096004,3.3697729518105124,73582200
1996-03-01,3.2535741329193115,3.3876497784360633,3.012237602738838,3.360834403832499,169594200
1996-03-04,3.1552517414093018,3.2982657351468427,3.083744591102906,3.2893273797179496,92493900
1996-03-05,3.3608338832855225,3.3608338832855225,3.1284360518849783,3.1373744064099824,78426900
1996-03-06,3.2893271446228027,3.414464725433961,3.2803884829575236,3.387649354188582,50992200
1996-03-07,3.2535741329193115,3.307204268375905,3.1731286228591538,3.298265912466473,47701800
1996-03-08,3.146313190460205,3.217820343297398,2.9943608359158382,3.074806344498273,116209800
1996-03-11,3.280388116836548,3.2893267775041912,3.155251163742262,3.1910042720368637,62648100
1996-03-12,3.2446351051330566,3.2982652294842913,3.1552512576724614,3.244635105133056,62693100
1996-03-13,3.2982654571533203,3.3608339398820024,3.25357368377569,3.2982654571533203,59913900
1996-03-14,3.284857988357544,3.396587879045745,3.262511641969644,3.316142382300258,61593300
1996-03-15,3.3965883255004883,3.405526681105395,3.271450426406028,3.298265800096004,64646100
1996-03-18,3.4770328998565674,3.4949096062696725,3.423402166866904,3.477032899856568,40056300
1996-03-19,3.4680960178375244,3.521726164572549,3.360835110616812,3.521726164572549,54537300
1996-03-20,3.2893271446228027,3.4591564993842114,3.173128225476923,3.450218144594161,87156000
1996-03-21,3.1999449729919434,3.289329190230229,3.1641918384723846,3.2759218031448216,98397000
1996-03-22,3.1999449729919434,3.27145216265732,3.137376450550731,3.2356990281377613,54128700
1996-03-25,3.0926833152770996,3.280389108539551,3.0658679389179317,3.244635989436331,77742000
1996-03-26,3.070336103439331,3.0748057407472125,2.896037740318448,3.0301133570460195,146252700
1996-03-27,3.2133517265319824,3.2222897765359093,3.083745091470232,3.1284368758663694,81568800
1996-03-28,3.2982654571533203,3.3340191827306493,3.1641898301452054,3.1910045872965584,67271400
1996-03-29,3.316143751144409,3.380946617355166,3.3072050861494433,3.3072050861494433,53283600
1996-04-01,3.378711462020874,3.405526836937887,3.32508132593739,3.334019681951304,46024200
1996-04-02,3.4234025478363037,3.4412792562387975,3.3965877921077716,3.4144645005102654,46604700
1996-04-03,3.494910955429077,3.5038490052108586,3.3518963282900036,3.414465438640112,51848100
1996-04-04,3.4680960178375244,3.5485415448153934,3.4412806375946805,3.477034682502027,52729200
1996-04-08,3.316143751144409,3.414465997335601,3.262512988675987,3.280389704915232,85417200
1996-04-09,3.2714498043060303,3.3697723110134734,3.2356966955604842,3.3697723110134734,53234100
1996-04-10,3.3072049617767334,3.4055275111456926,3.2535748150758446,3.2535748150758446,58110300
1996-04-11,3.405527353286743,3.4055273532867436,3.191005548925751,3.266982046876546,65956500
1996-04-12,3.2714498043060303,3.3921180423388395,3.2535734033708565,3.3697723110134734,61629300
1996-04-15,3.1686594486236572,3.271450700117928,3.1284366915986395,3.244635937934959,96246900
1996-04-16,3.2982654571533203,3.3518955852064765,3.1641898301452054,3.1820662326210325,81981000
1996-04-17,3.280388116836548,3.3161421457567326,3.24016537133293,3.2714497630440986,50190300
1996-04-18,3.2982654571533203,3.369772601432753,3.275919723902118,3.2893271024777944,44187300
1996-04-19,3.4144647121429443,3.4323411147782306,3.27145011543315,3.3072038413294056,78776100
1996-04-22,3.3518965244293213,3.468095781521384,3.3250817597642994,3.3965889240804974,132106500
1996-04-23,3.4770328998565674,3.5038476526010505,3.3518950343393104,3.3697720476275896,107806500
1996-04-24,3.678149461746216,3.6915568484982044,3.4770355917122666,3.52172708546917,130923000
1996-04-25,3.664741277694702,3.709433382964024,3.611111119621992,3.7004950232852387,83741400
1996-04-26,3.745185136795044,3.7541234924526408,3.63792486890388,3.655801580219074,54455400
1996-04-29,3.7183704376220703,3.7362471492301697,3.6915550633346577,3.72730879342612,42867900
1996-04-30,3.7094318866729736,3.7273089056948026,3.673678155504588,3.700493530599695,29516400
1996-05-01,3.7362468242645264,3.7541232274425353,3.682616080354315,3.7094314523094205,48959100
1996-05-02,3.593233108520508,3.7362477448084057,3.5753567009380753,3.7362477448084057,55278000
1996-05-03,3.620048999786377,3.7273099154747293,3.5842952589318076,3.646864382146143,51748200
1996-05-06,3.673678398132324,3.6826167547959354,3.584294524620921,3.673678398132324,54355500
1996-05-07,3.7362468242645264,3.7541232274425353,3.655801322149683,3.7004930972827976,59258700
1996-05-08,3.7720017433166504,3.7720017433166504,3.611110675150895,3.718371591844971,68562000
1996-05-09,3.7720017433166504,3.870323994556755,3.736248309002198,3.82563189478833,100045800
1996-05-10,3.932892084121704,3.9429477740223344,3.8613849218421854,3.9150150633953475,126325800
1996-05-13,3.9239540100097656,3.968646415104346,3.888200883810006,3.9328926751538904,56826000
1996-05-14,4.013338088989258,4.022276446996434,3.90607717915246,3.9597079409461986,81181800
1996-05-15,3.959707021713257,4.084844004763591,3.9507683589058225,3.995460138566656,72589500
1996-05-16,3.9954590797424316,4.013336093744501,3.8971371905445764,3.9418289583617834,55481400
1996-05-17,4.004398345947266,4.049090737700677,3.977583586020783,4.040152382100097,47204100
1996-05-20,4.022275447845459,4.040152466294421,3.995460073609647,4.040152466294421,44971200
1996-05-21,3.9418296813964844,4.031213540301423,3.9328913261935146,4.0222751850984535,43886700
1996-05-22,3.986523389816284,3.9954617493519837,3.9060778471195943,3.923954566190994,41186700
1996-05-23,4.093782424926758,4.102720780329136,3.986521546347725,4.013336919430109,53501400
1996-05-24,4.075904846191406,4.138473939145807,4.075904846191406,4.129535584973809,38832300
1996-05-28,3.9954590797424316,4.111658289817543,3.9876383656090053,4.093781582690659,45069300
1996-05-29,3.906075954437256,4.0133368306433646,3.8881995509032286,4.004398168563486,54611100
1996-05-30,3.8881993293762207,3.941829457548499,3.8792609746808413,3.9060757318917547,45036000
1996-05-31,3.9150164127349854,3.950770159635191,3.888201639591794,3.9060780527287857,38554200
1996-06-03,3.986523389816284,3.994344416050597,3.8781457420865006,3.9150162066552943,46866600
1996-06-04,3.986523389816284,4.004400108887683,3.950769951673485,3.9865233898162837,38531700
1996-06-05,4.084845066070557,4.084845066070557,3.9328926688688326,3.9954611766502817,42633900
1996-06-06,3.9775846004486084,4.120598940282221,3.9775846004486084,4.111660275526702,52195500
1996-06-07,3.9954590797424316,4.004397433305873,3.8613834694156246,3.879260483417694,47823300
1996-06-10,4.004398345947266,4.031213719624261,3.986521634746106,4.004398345947266,23925600
1996-06-11,4.071438789367676,4.075907816272615,3.98652390254409,4.004400623914709,34408800
1996-06-12,4.066967964172363,4.12059872236792,4.0490915562327086,4.084844678987337,36498600
1996-06-13,3.9954590797424316,4.093781582690659,3.98652072617899,4.084842922252031,32416200
1996-06-14,3.950767993927002,3.9954597694591314,3.9150142666260583,3.9865214143527052,45841500
1996-06-17,3.8881993293762207,3.9686448285098637,3.8881993293762207,3.959706473814484,34146000
1996-06-18,3.780938148498535,3.9328907795803545,3.745184425780648,3.897137363737668,60992100
1996-06-19,3.8166918754577637,3.861383645310786,3.7541227839131306,3.7988151675165547,70388100
1996-06-20,3.745185136795044,3.8435073559038697,3.557479361110248,3.8435073559038697,111562200
1996-06-21,3.9239540100097656,3.9328926751538904,3.7273098212213256,3.7988169942468892,67581900
1996-06-24,3.861384153366089,3.945181347944185,3.852445798219435,3.9239526393926663,41436000
1996-06-25,3.8881993293762207,3.915014086587134,3.821161208848035,3.8658529823249332,56159100
1996-06-26,3.8166918754577637,3.915013769134413,3.736246382847122,3.897137368068405,63302400
1996-06-27,3.9239540100097656,3.9507693916914444,3.7988169942468892,3.8256317621778715,58834800
1996-06-28,4.04909086227417,4.084843978901205,3.941829978016734,3.9507683338923094,58209300
1996-07-01,4.174227714538574,4.22785784417917,4.049090438501949,4.058028793442048,59900400
1996-07-02,4.201044082641602,4.227858846946615,4.147413326530345,4.209982439701708,54066600
1996-07-03,4.102720737457275,4.209981614915473,4.093782382148301,4.209981614915473,44220600
1996-07-05,4.004398345947266,4.07590549762716,3.9686452304202033,4.058029093301257,35375400
1996-07-08,4.066967964172363,4.084844678987337,4.004399155444638,4.02227617713493,51425100
1996-07-09,4.111660957336426,4.192106498473172,4.089315212368185,4.165291113510666,87405300
1996-07-10,4.138476848602295,4.174230290425883,4.0401545767120055,4.111661460359181,73458900
1996-07-11,3.9150164127349854,4.111661253497599,3.7541253188725774,4.075907506597393,154605600
1996-07-12,3.959707021713257,3.995460138566656,3.763061963704517,3.9865217826344894,122734800
1996-07-15,3.7094318866729736,3.9507684212773015,3.611109662991641,3.915014690108916,113103000
1996-07-16,3.7004940509796143,3.7451858376307627,3.3250818156087045,3.682617029443839,204732900
1996-07-17,3.8256306648254395,3.879261412805234,3.718370396366892,3.82563066482544,107568900
1996-07-18,3.852447509765625,3.906077664472087,3.7541249457196906,3.8345704846547606,77853600
1996-07-19,3.7004940509796143,3.8524467393441504,3.6468639069982363,3.816693310023232,75823200
1996-07-22,3.620048999786377,3.69155617462016,3.5574804903227535,3.69155617462016,67159800
1996-07-23,3.3697733879089355,3.6558020317832973,3.3429580107486534,3.6558020317832973,117464400
1996-07-24,3.5127878189086914,3.575356937399524,3.1999440677065247,3.2088827324018814,153629100
1996-07-25,3.5351343154907227,3.637925894854778,3.5038496015534757,3.59211615708062,87380100
1996-07-26,3.673678398132324,3.6915554183348394,3.566418118168992,3.584294524620921,67193100
1996-07-29,3.5753567218780518,3.7720011958155704,3.5664183645968297,3.682617009252719,61980300
1996-07-30,3.655801773071289,3.6647398223251306,3.5753562610339658,3.6468634169421725,63706500
1996-07-31,3.7004940509796143,3.727309429845619,3.602171506596456,3.682617029443839,53019900
1996-08-01,3.84350848197937,3.8971392453882716,3.7183714661102263,3.736248182662961,69657300
1996-08-02,3.9954590797424316,4.040151461310011,3.879260483417694,3.9239519443597137,80790300
1996-08-05,3.9731154441833496,4.075906717799463,3.95076939505471,4.0401535915692675,42917400
1996-08-06,4.093782424926758,4.093782424926758,3.8971379923239478,3.9328914139334588,53190000
1996-08-07,4.102720737457275,4.147412514002153,4.0312135881102265,4.138474465568424,63046800
1996-08-08,4.192103385925293,4.201042045526287,4.031212423109929,4.093781199065939,77878800
1996-08-09,4.174227714538574,4.245734554059369,4.111658923082644,4.147412342843042,44862300
1996-08-12,4.183166980743408,4.227858765179603,4.138475196307215,4.16528996009363,42203700
1996-08-13,4.066967964172363,4.166407535565386,4.013337819727443,4.1474134877150615,72036900
1996-08-14,4.04909086227417,4.093782641652046,4.013337131896602,4.075905623025629,51336000
1996-08-15,4.129536151885986,4.183166284280441,4.05802900181813,4.066967050341956,89188200
1996-08-16,4.004398345947266,4.241266150301281,3.986521634746106,4.120597889380571,109000800
1996-08-19,4.004398345947266,4.07590549762716,3.977583586020783,4.031213719624261,40266900
1996-08-20,3.932892084121704,4.031214317177803,3.9150150633953475,4.031214317177803,52268400
1996-08-21,4.022275447845459,4.031213803632308,3.8792614483806025,3.9060762088658882,55157400
1996-08-22,4.120595932006836,4.138472634716168,4.0178044311155094,4.066965210128617,46675800
1996-08-23,4.066967964172363,4.17422886681284,4.031214534542417,4.12059872236792,38758500
1996-08-26,3.9418296813964844,4.058028912785574,3.923952664115302,4.058028912785574,44099100
1996-08-27,3.932892084121704,4.013337603326749,3.8882002994940685,3.9686458186991143,41435100
1996-08-28,3.897139072418213,4.004399366973996,3.870323691903932,3.950769219696104,49484700
1996-08-29,3.861384153366089,3.9418296565612154,3.8345687810508857,3.8703225085127424,51148800
1996-08-30,3.7720017433166504,3.879262660010727,3.745186360705452,3.870323994556755,41520600
1996-09-03,3.84350848197937,3.8613855054074535,3.6468642930239383,3.7183714661102263,63783000
1996-09-04,3.8881993293762207,3.9060757318917547,3.8524456037194765,3.870322313110236,42063300
1996-09-05,3.7094318866729736,3.8792615726910764,3.700493530599695,3.852446197595969,52979400
1996-09-06,3.8166918754577637,3.879260660127196,3.709431014060108,3.763061137883735,76297500
1996-09-09,3.8881993293762207,3.9060757318917547,3.8256302327581118,3.8345685874534916,33679800
1996-09-10,3.8881993293762207,3.9507678122438787,3.7988154755471983,3.8792609746808413,49743000
1996-09-11,3.8881993293762207,3.9060757318917547,3.7988154755471983,3.8256302327581118,46509300
1996-09-12,4.017807483673096,4.084845016327774,3.870323807081564,3.9239539559554446,61961400
1996-09-13,4.2189202308654785,4.227858279851392,4.084843972322,4.111659346780802,94146300
1996-09-16,4.2725510597229,4.344058225097482,4.2099825585360415,4.21892091584845,84052800
1996-09-17,4.263612270355225,4.361934804578784,4.218920488322047,4.352996141296864,82590300
1996-09-18,4.281490325927734,4.370874218495334,4.2189215090678065,4.254674943344703,60391800
1996-09-19,4.290426731109619,4.344056858107717,4.2468516775326295,4.263611360735352,47973600
1996-09-20,4.344056606292725,4.370871975112567,4.272549467565147,4.2993648363849895,70929000
1996-09-23,4.339588165283203,4.345174522193378,4.272550041109642,4.3261801721982005,40231800
1996-09-24,4.326180458068848,4.361934494907636,4.254673611892319,4.299365697627912,61106400
1996-09-25,4.518357276916504,4.540703633596178,4.4066273347702785,4.415566000192292,86429700
1996-09-26,4.531764507293701,4.647963148714246,4.460257344159598,4.531764507293701,78279300
1996-09-27,4.504949569702148,4.567518075044973,4.478134189108459,4.540703308201955,39957300
1996-09-30,4.437911510467529,4.558579804834477,4.433442484866165,4.504949656366062,39687300
1996-10-01,4.442380428314209,4.478133547944332,4.317242514919379,4.424503408186209,49250700
1996-10-02,4.5675177574157715,4.612210157589083,4.4334420912724095,4.469195520410556,75239100
1996-10-03,4.621147632598877,4.683716428520242,4.566399859448869,4.567516885380272,74070000
1996-10-04,4.790976047515869,4.790976047515869,4.656900425103018,4.665838779472194,48928500
1996-10-07,4.719472408294678,4.782041549065701,4.692657632161489,4.74628779817875,60885900
1996-10-08,4.594333171844482,4.782039596904246,4.5764564571365005,4.773101239550255,64857600
1996-10-09,4.603271961212158,4.665840464391,4.5764565815459015,4.6479634423217195,48204900
1996-10-10,4.6479620933532715,4.719469240251043,4.59433196333637,4.59433196333637,37547100
1996-10-11,4.70159387588501,4.719470282964998,4.634555738239705,4.692655518907363,33294600
1996-10-14,4.665841102600098,4.7373482800322275,4.656902743780502,4.736230946820357,27783900
1996-10-15,4.710531234741211,4.755223319946415,4.665839456411266,4.737346608614437,61940700
1996-10-16,4.674777507781982,4.710530928118641,4.647962135654249,4.701592879909715,42397200
1996-10-17,4.585394859313965,4.719470527809774,4.576456501872599,4.701594119802362,47932200
1996-10-18,4.531764507293701,4.603271670427803,4.504949129321346,4.603271670427803,61594200
1996-10-21,4.339588165283203,4.531763568871975,4.201043199658231,4.531763568871975,105988500
1996-10-22,4.379811763763428,4.397688170706991,4.272550867099637,4.335119672340965,114825600
1996-10-23,4.496009349822998,4.504947704027394,4.281488235167071,4.352995068802241,71862300
1996-10-24,4.290426731109619,4.540701577726398,4.2814883766099365,4.522824868727032,91938600
1996-10-25,4.2367963790893555,4.335118901357448,4.227858023769574,4.317241883842638,71169300
1996-10-28,4.138476848602295,4.281491229647493,4.125068847605315,4.272552562316172,82887300
1996-10-29,4.120595932006836,4.218918103783274,4.102718922422393,4.201041401073942,70162200
1996-10-30,4.156351566314697,4.182049610653302,4.102721425467284,4.156351566314697,82447200
1996-10-31,4.424503803253174,4.424503803253174,4.165290210442386,4.165290210442386,78299100
1996-11-01,4.308302402496338,4.478131722935753,4.236795271752085,4.469193369952118,72919800
1996-11-04,4.335119247436523,4.363051648400132,4.2546737362611555,4.308303872461219,50563800
1996-11-05,4.415565490722656,4.522826394657429,4.339589298404571,4.379812060661281,75245400
1996-11-06,4.379811763763428,4.469195332857751,4.308304294737366,4.361935049944563,130768200
1996-11-07,4.612208366394043,4.647961474771814,4.3887482935622195,4.397686647375461,98931600
1996-11-08,4.630085468292236,4.639023823459038,4.504948189081766,4.630085468292236,65126700
1996-11-11,4.755223274230957,4.764161936686271,4.621147633654831,4.621147633654831,49072500
1996-11-12,4.6479620933532715,4.790976387148815,4.630085383347637,4.782038339021234,64980000
1996-11-13,4.728407859802246,4.728407859802246,4.603270882761555,4.656901015778994,51010200
1996-11-14,4.665841102600098,4.7552249976714185,4.64796407808554,4.710532896698075,55894500
1996-11-15,4.630085468292236,4.7284076820023,4.531763561457414,4.701592923377135,70366500
1996-11-18,4.531764507293701,4.630086434649547,4.478133751348992,4.621148384492503,53246700
1996-11-19,4.6479620933532715,4.665839110234142,4.513886461435781,4.531763478316651,55745100
1996-11-20,4.755223274230957,4.755223274230957,4.6032709224947155,4.665839411555122,51251400
1996-11-21,4.719472408294678,4.773103188062824,4.683719271158612,4.764164827059947,47608200
1996-11-22,4.83566951751709,4.889299659162179,4.710531906594608,4.728408620476305,62998200
1996-11-25,4.8177924156188965,4.85354614737805,4.746285258975868,4.85354614737805,42967800
1996-11-26,4.808854103088379,4.8535465012018575,4.674778443124445,4.82673112370883,60537600
1996-11-27,4.862483978271484,4.898237399292673,4.737346390946837,4.817791895119755,46224900
1996-11-29,4.8535475730896,4.880362342753967,4.835670548521074,4.8714239839073885,10527300
1996-12-02,4.907176494598389,4.925053514680258,4.7820391952770525,4.862484711581944,46579500
1996-12-03,4.683716297149658,4.92505281161275,4.665839279619792,4.916114149410194,57721500
1996-12-04,4.522825241088867,4.710531007911145,4.504948223742477,4.710531007911145,104238900
1996-12-05,4.603271961212158,4.670309489751825,4.5228264359640376,4.531764793561015,77749200
1996-12-06,4.6479620933532715,4.755222967137547,4.433440959535193,4.433440959535193,84043800
1996-12-09,4.844607830047607,4.8535461863403295,4.6658397835673195,4.674778139860042,50112900
1996-12-10,4.8177924156188965,4.916114640924832,4.799915396301681,4.907176284703863,41574600
1996-12-11,4.862483978271484,4.880360381906834,4.674777597284514,4.710531018305701,70680600
1996-12-12,4.70159387588501,4.942930434907378,4.665840141099119,4.925053720952085,46829700
1996-12-13,4.630085468292236,4.737346344044344,4.576455337291423,4.64796217862584,54043200
1996-12-16,4.531764507293701,4.710531954815999,4.504949129321346,4.674778526686601,41433300
1996-12-17,4.487071990966797,4.576456172701962,4.460257227446724,4.504949011439009,77564700
1996-12-18,4.576455116271973,4.639023599417848,4.522824987861222,4.531763342596347,57981600
1996-12-19,4.6479620933532715,4.692654482117828,4.585393608333553,4.6479620933532715,57612600
1996-12-20,4.6479620933532715,4.737346257131914,4.61220898021724,4.737346257131914,73972800
1996-12-23,4.603271961212158,4.665840464391,4.585394939142879,4.656902106794022,29162700
1996-12-24,4.6479620933532715,4.6479620933532715,4.540701833319468,4.61220898021724,16137000
1996-12-26,4.764161586761475,4.773099941685016,4.674777423775596,4.68371608557437,25933500
1996-12-27,4.692654132843018,4.7909760305558935,4.692654132843018,4.7730996287560385,21191400
1996-12-30,4.639023303985596,4.755222521892628,4.639023303985596,4.719468798353846,25242300
1996-12-31,4.54964017868042,4.656901059472176,4.545171154324663,4.64796239701015,24205500
1997-01-02,4.496009349822998,4.567516183458168,4.451317578801016,4.549639475049376,54883800
1997-01-03,4.692654132843018,4.701592487180552,4.5317631410169765,4.540701495354511,45387000
1997-01-06,4.826732158660889,4.844609183114547,4.719471239440402,4.728409598229549,60080400
1997-01-07,4.8803606033325195,4.8803606033325195,4.764161979741639,4.817792113706661,49252500
1997-01-08,4.7373480796813965,4.9161158622636325,4.7373480796813965,4.9161158622636325,50837400
1997-01-09,4.790976047515869,4.844606787481353,4.723938543184659,4.790976047515869,40568400
1997-01-10,4.907176494598389,4.925053514680258,4.737347105385316,4.737347105385316,61881300
1997-01-13,4.942930221557617,4.952985911082853,4.862484705355732,4.9161148449067955,75290400
1997-01-14,5.157453536987305,5.193206362335889,4.969746754213932,4.987623780639025,78270300
1997-01-15,5.032312870025635,5.175327470047747,5.032312870025635,5.13957374332341,65558700
1997-01-16,5.032312870025635,5.077004951712247,4.978682740251982,5.068066596749972,43832700
1997-01-17,5.193204402923584,5.211081729478905,5.023375631278433,5.032313680805525,46701000
1997-01-20,5.345157623291016,5.36303372109826,5.202142703327807,5.220019414885577,46481400
1997-01-21,5.354097366333008,5.416666804381608,5.291529155785988,5.336221260820251,43734600
1997-01-22,5.269181728363037,5.398788676393451,5.255774345851509,5.363034633444993,46845900
1997-01-23,5.130636215209961,5.318342938396508,5.121697858272563,5.300465610771109,53573400
1997-01-24,4.907176494598389,5.09488290389333,4.853546354978655,5.068067527208172,121515300
1997-01-27,4.889300346374512,5.005499923563801,4.844608862263991,4.942931109308242,54059400
1997-01-28,4.925053119659424,5.112758900148576,4.862484321579529,4.9876216108640525,81343800
1997-01-29,4.719472408294678,4.996562826885632,4.683719271158612,4.960809075998682,147229200
1997-01-30,4.826732158660889,4.8401395434069245,4.701594828737476,4.7909784166289375,165497400
1997-01-31,4.987622261047363,4.996560618098937,4.853546598398444,4.853546598398444,115404300
1997-02-03,4.8803606033325195,5.112758771140057,4.835668825028335,5.05018997463894,79377300
1997-02-04,4.7999162673950195,4.85354702820435,4.639025212468363,4.817793289956574,158326200
1997-02-05,4.487071990966797,4.683717068034042,4.299366191323902,4.683717068034042,292629600
1997-02-06,4.5675177574157715,4.647963279851915,4.504949256424016,4.558579400131235,126946800
1997-02-07,4.51388692855835,4.656901237153823,4.361934570910335,4.647962574350746,156105000
1997-02-10,4.147414684295654,4.478135231290916,4.147414684295654,4.415566711386715,298277100
1997-02-11,4.330649375915527,4.352995108191113,4.2010427784662,4.254672904177859,201881700
1997-02-12,4.621147632598877,4.630085681301637,4.352995737757387,4.361934400210658,114453000
1997-02-13,4.4736647605896,4.674778562548549,4.469195428601486,4.6569018483467115,109661400
1997-02-14,4.478132724761963,4.504948096587043,4.4245025948622745,4.469194369778681,72760500
1997-02-18,4.558579921722412,4.603272327009414,4.478134390081718,4.504949771878849,64241100
1997-02-19,4.639023303985596,4.6658386733584845,4.558577809617346,4.56751616378324,55054800
1997-02-20,4.504949569702148,4.630086887263133,4.478134189108459,4.621148836232351,65496600
1997-02-21,4.174227714538574,4.487071058067754,4.1384742947781765,4.487071058067754,214328700
1997-02-24,4.2189202308654785,4.227858279851392,3.9686453461266753,4.0222754812937485,212261400
1997-02-25,4.040151596069336,4.424502039618076,3.98652085914946,4.317241179528719,258530400
1997-02-26,4.156351566314697,4.192105300421604,4.040152927811969,4.111659782275186,122900400
1997-02-27,3.937361717224121,4.157469272025473,3.9328923849818094,4.129537173012329,113255100
1997-02-28,3.9775846004486084,4.098252892144094,3.852446976375363,3.9507692199327216,130448700
1997-03-03,3.8792600631713867,3.9775822485930323,3.8524446985108267,3.9239515192719114,112053600
1997-03-04,3.986523389816284,4.022277134834475,3.9150162066552943,3.9328932326020856,121943700
1997-03-05,4.066967964172363,4.093783343270142,4.013337819727443,4.066967964172363,94077000
1997-03-06,3.906075954437256,4.120597706849473,3.8881995509032286,4.111659044769595,113434200
1997-03-07,3.673678398132324,3.9418303255418277,3.637925278353173,3.9239533053393125,218188800
1997-03-10,3.8166918754577637,3.8166918754577637,3.450217828286975,3.5127863060812063,273512700
1997-03-11,3.7720017433166504,3.8435086119455564,3.6747965183829336,3.789878460473877,122526000
1997-03-12,3.637925863265991,3.754124518575581,3.593233459011618,3.7273097511487108,122814900
1997-03-13,3.7183704376220703,3.825630707270667,3.6021708915436332,3.637924928510359,111025800
1997-03-14,3.6155803203582764,3.71837191320924,3.5664191904894205,3.709433246982734,129303900
1997-03-17,3.5127878189086914,3.6558024646550717,3.4144658828884284,3.646864106835048,161420400
1997-03-18,3.6021728515625,3.6111115191055325,3.4949125235512777,3.5664197157675233,93579300
1997-03-19,3.5753567218780518,3.606641125799987,3.351896562346238,3.441280442033775,198211500
1997-03-20,3.655801773071289,3.7183705728503793,3.364186791935992,3.6021710225460404,114648300
1997-03-21,3.5217247009277344,3.7988152116086096,3.477033237431188,3.7273080721386043,140990400
1997-03-24,3.3697733879089355,3.503849046209158,3.2848588452355005,3.4770342827994694,205107300
1997-03-25,3.4234025478363037,3.4949099951966955,3.3787107768300695,3.450217917315253,148890600
1997-03-26,3.745185136795044,3.7541234924526408,3.4949105646318106,3.5396023429197956,162160200
1997-03-27,3.6468634605407715,3.816692842774861,3.57535630377769,3.789877467191656,141010200
1997-03-31,3.4412810802459717,3.6379262044034784,3.4412810802459717,3.6021721548970955,125262000
1997-04-01,3.459158182144165,3.5127883369736677,3.3161441290567804,3.3250824881950307,113168700
1997-04-02,3.3965883255004883,3.5217253039691783,3.360834289330349,3.494910544029716,99843300
1997-04-03,3.459158182144165,3.494911925572545,3.369774283886283,3.3787126430245333,124735500
1997-04-04,3.637925863265991,3.700494369971155,3.4323423994476547,3.4412807575483924,138881700
1997-04-07,3.892669200897217,3.9150149390637354,3.7675319010386,3.8077546593637432,146371500
1997-04-08,3.959707021713257,3.9865217826344894,3.8077543571158867,3.9150146283018876,109752300
1997-04-09,3.8658535480499268,4.022275545297768,3.8613845234858575,4.004398526415679,97308000
1997-04-10,3.763063907623291,3.879263515393508,3.7362491328501166,3.8524481268694806,85676400
1997-04-11,3.664741277694702,3.749656154956255,3.637926505533744,3.646864865212529,77760000
1997-04-14,3.8077542781829834,3.8077542781829834,3.5932325127568423,3.6826163771008935,80044200
1997-04-15,3.584294080734253,3.825630601389998,3.521725284962337,3.807754197151921,173831400
1997-04-16,3.3965883255004883,3.539602322054248,3.3697729518105124,3.4859721884248094,215808300
1997-04-17,3.5396029949188232,3.5664183737062976,3.3965889711786614,3.468095829611085,110210400
1997-04-18,3.459158182144165,3.628987619521679,3.4055280273146624,3.628987619521679,97686000
1997-04-21,3.383181095123291,3.4591575952203666,3.351896690009828,3.4502192375987093,104471100
1997-04-22,3.3965883255004883,3.450218459129927,3.2356973108616587,3.3697729518105124,151152300
1997-04-23,3.4770328998565674,3.512786005807603,3.378710400834142,3.405525767328974,105604200
1997-04-24,3.4546895027160645,3.6021725967358913,3.45022016926072,3.503850329472401,124620300
1997-04-25,3.316143751144409,3.4770348110483025,3.3161437511444087,3.4234040485798807,87183000
1997-04-28,3.3250808715820312,3.4055263715900606,3.280388483868906,3.3608339838769354,117769500
1997-04-29,3.5753567218780518,3.579825747081006,3.3965889625029777,3.441280442033775,112164300
1997-04-30,3.7004940509796143,3.7988165953627724,3.548541362615078,3.557480026820624,169065000
1997-05-01,3.8166918754577637,3.8435066304943764,3.682615645273094,3.718369674905913,120894300
1997-05-02,4.093782424926758,4.1116591357315135,3.9686451424182194,3.9775834978205973,218214900
1997-05-05,4.2099833488464355,4.290428886634897,4.075907043365167,4.254675143798152,190603800
1997-05-06,4.129536151885986,4.2367964166748955,4.004398255673176,4.218920012751993,189690300
1997-05-07,4.201044082641602,4.2948969852103795,4.022276020813539,4.049091398869167,253231200
1997-05-08,4.388751029968262,4.433443133775394,4.209983535365894,4.209983535365894,188520300
1997-05-09,4.406627655029297,4.451320064761384,4.272551960209938,4.433443039493473,121214700
1997-05-12,4.5004801750183105,4.513887557340029,4.406626657514415,4.415565321562641,105665400
1997-05-13,4.4602580070495605,4.576456972615069,4.455788674431494,4.478134416895772,117579600
1997-05-14,4.43344259262085,4.478134384097428,4.335120344497026,4.469196025802113,104007600
1997-05-15,4.487071990966797,4.496010654640552,4.361934995788399,4.406626472905386,84802500
1997-05-16,4.397688865661621,4.504949779275559,4.397688865661621,4.4155658891808445,89848800
1997-05-19,4.357465744018555,4.415565528680724,4.299366573107035,4.406626864213218,65119500
1997-05-20,4.603271961212158,4.6300867271277655,4.326181341329237,4.344058363398517,89322300
1997-05-21,4.70159387588501,4.782039395559132,4.621148356210887,4.656901784121473,140703300
1997-05-22,4.683716297149658,4.764161801970689,4.612209147655936,4.701593007804276,67027500
1997-05-23,4.8177924156188965,4.835669128060834,4.719469883437683,4.782038990735021,84825000
1997-05-27,4.9161152839660645,4.978684092572294,4.764162901458531,4.773101258848661,108334800
1997-05-28,4.938461780548096,5.0144382855951815,4.871423633705018,4.925054396679757,102305700
1997-05-29,4.773101329803467,4.925054021445179,4.764162972280463,4.916115357046853,78137100
1997-05-30,4.844607830047607,4.862484542633052,4.469195024501587,4.540702488593927,143462700
1997-06-02,4.849076271057129,4.907176043955947,4.746285026121326,4.889299025515784,70484400
1997-06-03,4.630085468292236,4.746284699211146,4.594332047625028,4.701592923377135,111807000
1997-06-04,4.580925464630127,4.773100901310978,4.5496407557951315,4.621148223310414,87584400
1997-06-05,4.630085468292236,4.656900840667884,4.594332047625028,4.594332047625028,73395000
1997-06-06,4.643493175506592,4.692654279335317,4.549639684844592,4.603270426294434,59508900
1997-06-09,4.755223274230957,4.817792070166619,4.656901055975063,4.670308435907522,58608900
1997-06-10,4.6479620933532715,4.790976387148815,4.630085383347637,4.710530885248226,73611900
1997-06-11,4.554109573364258,4.692654854077701,4.487071445216547,4.621147701511967,94788900
1997-06-12,4.56081485748291,4.612210647484591,4.4691959951154665,4.522826758269817,77466600
1997-06-13,4.7686333656311035,4.79097942072495,4.558581122874894,4.563050763519265,101756700
1997-06-16,4.831201076507568,4.8714238435963235,4.737348157884044,4.7731018991159155,63250200
1997-06-17,4.9161152839660645,4.9295226666136,4.773101258848661,4.799916024143734,81881100
1997-06-18,4.790976047515869,4.889298252452018,4.782038000021908,4.835668126236963,66360600
1997-06-19,4.933992862701416,4.95186927262472,4.7865091819241075,4.7865091819241075,73839600
1997-06-20,4.960805416107178,4.996559140616404,4.898236935247659,4.938459683523529,74142900
1997-06-23,4.992090225219727,5.0859437215038374,4.938460094307723,4.956336804611724,103593600
1997-06-24,5.054660320281982,5.077006059124174,4.951868448606454,5.041252324601125,97482600
1997-06-25,4.9161152839660645,5.130636475079827,4.889299904920355,5.041252594303207,72214200
1997-06-26,4.83566951751709,4.942930414557875,4.7909774259375455,4.89823832297833,70911000
1997-06-27,4.755223274230957,4.925052950877827,4.7462849186508995,4.853545799362108,66302100
1997-06-30,4.7999162673950195,4.875892769374459,4.6479635703114734,4.750755145820245,70218900
1997-07-01,4.884829998016357,4.940694487955864,4.826730228803716,4.826730228803716,55438200
1997-07-02,5.045722961425781,5.05019168045272,4.898239276017952,4.951869428097742,60516900
1997-07-03,5.117229461669922,5.1485138682303875,5.0859453619847965,5.094883720019881,39153600
1997-07-07,5.282587051391602,5.309402419710979,5.148511437295495,5.157450097985418,91147500
1997-07-08,5.3406877517700195,5.380910506766615,5.247952501083898,5.255773524138732,73672200
1997-07-09,5.456888198852539,5.52392572573298,5.363034679218907,5.37197334346997,97002000
1997-07-10,5.456888198852539,5.474764299853398,5.313873253339324,5.421134155598918,84265200
1997-07-11,5.3987884521484375,5.443479929914095,5.336219646775793,5.432307213910332,44998200
1997-07-14,5.474761962890625,5.514984707349619,5.398786417940758,5.403255134408134,45450000
1997-07-15,5.575321674346924,5.613310386868639,5.514987526813404,5.514987526813404,67102200
1997-07-16,5.6714091300964355,5.720570553726383,5.64906308424197,5.666940411926028,61377300
1997-07-17,5.6267170906066895,5.702692656928744,5.53286358463414,5.649062520480534,65728800
1997-07-18,5.463590621948242,5.6133089255555495,5.407725821460645,5.57755550234353,74917800
1997-07-21,5.4881720542907715,5.613309665785324,5.434541298649902,5.608840333856817,60524100
1997-07-22,5.649059772491455,5.649059772491455,5.506046144865309,5.506046144865309,46543500
1997-07-23,5.747386932373047,5.787609699165507,5.6401260163429185,5.693756167482626,75820500
1997-07-24,5.711632251739502,5.747386295622176,5.640125391475444,5.729508966805516,49617900
1997-07-25,5.698224067687988,5.7205701118162375,5.626717217478037,5.711631448664714,50112000
1997-07-28,5.532862663269043,5.729507077916631,5.523924001807588,5.72056903020562,69614100
1997-07-29,5.6669392585754395,5.684815355120094,5.4702942178279805,5.488170928123116,61157700
1997-07-30,5.684813976287842,5.742913424092832,5.559677034573429,5.631183858410236,68949900
1997-07-31,5.6892828941345215,5.729505633066934,5.631183450537736,5.702690269195229,39197700
1997-08-01,5.707162857055664,5.756323050474002,5.613309346891296,5.689285530357252,49222800
1997-08-04,5.83676815032959,5.863583524718725,5.733977211630719,5.733977211630719,63159300
1997-08-05,5.8591132164001465,5.952966080655861,5.8591132164001465,5.8993359601883615,85293000
1997-08-06,5.747386932373047,5.774201701067544,5.658002733389488,5.7652630356689025,139983300
1997-08-07,5.635653972625732,5.783137600563374,5.631185255340126,5.783137600563374,67068000
1997-08-08,5.514986038208008,5.590962828993091,5.443479192469718,5.586494111447339,74758500
1997-08-11,5.394318103790283,5.506048937990421,5.345157911543474,5.497110274854231,61700400
1997-08-12,5.309404373168945,5.506049456944201,5.309404373168945,5.430072654377331,63548100
1997-08-13,5.371973514556885,5.425604274270035,5.282589324202071,5.403257612930677,67988700
1997-08-14,5.506049156188965,5.510517874183591,5.380910936076014,5.389849599566433,57993300
1997-08-15,5.345157623291016,5.532863401522861,5.345157623291016,5.4837019844261,55755900
1997-08-18,5.439011096954346,5.443479815011162,5.224489921455327,5.345158197751761,65782800
1997-08-19,5.416665077209473,5.497110595119759,5.371972986425848,5.488171931462796,67572900
1997-08-20,5.6043701171875,5.617778110856352,5.4166643433286845,5.434540440719465,63830700
1997-08-21,5.5373334884643555,5.66694043213227,5.506049392406919,5.586494912269595,72177300
1997-08-22,5.4881720542907715,5.523925482217613,5.358565724618321,5.398788484473669,63619200
1997-08-25,5.5909624099731445,5.6445925402575,5.4747628737313265,5.5060481904605325,46105200
1997-08-26,5.546272277832031,5.630069491668168,5.5239256176416465,5.5373336137558775,43660800
1997-08-27,5.514986038208008,5.564147454965972,5.425603094785667,5.55967873742022,51393600
1997-08-28,5.363033771514893,5.4613559928821935,5.220019463957765,5.398787808717073,109241100
1997-08-29,5.389849662780762,5.447949134898151,5.31834280902108,5.3362195224610005,41084100
1997-09-02,5.523925304412842,5.532863967982137,5.43454112372224,5.43454112372224,42856200
1997-09-03,5.564147472381592,5.631185600783956,5.550740092201329,5.577555466312378,53486100
1997-09-04,5.5373334884643555,5.61330967639008,5.514986828779603,5.532864156527405,39959100
1997-09-05,5.5999016761779785,5.631185768782083,5.541801594912285,5.559678920686678,34557300
1997-09-08,5.425604343414307,5.649063594647812,5.416665678764649,5.613310163550504,47169900
1997-09-09,5.434540748596191,5.474763504380418,5.367503231456178,5.403256655764258,46252800
1997-09-10,5.184267520904541,5.425604090172919,5.175328856672097,5.407726761708031,129093300
1997-09-11,5.161919116973877,5.179795825650579,5.00996647947148,5.050189227431667,97270200
1997-09-12,5.166389465332031,5.211081552703106,5.036782841581299,5.211081552703106,66121200
1997-09-15,4.987622261047363,5.193204780108874,4.969745240068908,5.193204780108874,78796800
1997-09-16,5.3272809982299805,5.336219662059075,5.0054992272675625,5.014437584221354,98324100
1997-09-17,5.309404373168945,5.398788557953209,5.26918161276615,5.36750384777847,62742600
1997-09-18,5.295995235443115,5.363032738059207,5.23789578009231,5.327279321497236,39763800
1997-09-19,5.237895965576172,5.291526092318272,5.2021419339976696,5.2736487696538035,63534600
1997-09-22,5.376441478729248,5.452417652947461,5.242365227314225,5.246834558444825,77814900
1997-09-23,5.434540748596191,5.49711016176115,5.3809106121340715,5.389849275086364,76294800
1997-09-24,5.33174991607666,5.461356235278966,5.255773734432147,5.461356235278966,66800700
1997-09-25,5.2110819816589355,5.336219591098561,5.193204654238476,5.322811595533217,48997800
1997-09-26,5.264711380004883,5.309402845789808,5.166388559526903,5.246834057190385,44867700
1997-09-29,5.300466537475586,5.3228125871635905,5.1887369027862755,5.282589820475325,42418800
1997-09-30,5.224490165710449,5.336219783615648,5.220020219943472,5.2378975480089,63009000
1997-10-01,5.206611633300781,5.309403177147117,5.170858212941311,5.255773046607912,50458500
1997-10-02,5.439011096954346,5.443479815011162,5.184267162689849,5.202143262418293,62412300
1997-10-03,5.613308429718018,5.647944823910998,5.506048169556524,5.5686163477754915,125300700
1997-10-06,5.6892828941345215,5.725036303463268,5.613306745873363,5.640122109745067,74083500
1997-10-07,5.841237545013428,5.8725216340607265,5.720569292258755,5.742914719435127,87268500
1997-10-08,5.778667449951172,5.82782885165334,5.729506048249005,5.818890191798279,58596300
1997-10-09,5.854645729064941,5.944029291311805,5.702692752619437,5.738446791268739,74754900
1997-10-10,5.823361873626709,5.881461964772449,5.792077775702676,5.818893155173737,31862700
1997-10-13,5.845707416534424,5.8814614573279105,5.778669894266647,5.854646080170443,29376900
1997-10-14,5.787609577178955,5.859116443858068,5.756324248943116,5.850177778647828,40245300
1997-10-15,5.944031238555908,5.970846622889873,5.711633286830738,5.720571952858978,84862800
1997-10-16,5.841237545013428,5.9529671358971745,5.720569292258755,5.9529671358971745,71765100
1997-10-17,5.720570087432861,5.836768411653468,5.613309198824564,5.801015600451445,90790200
1997-10-20,5.823361873626709,5.823361873626709,5.613310011313777,5.720570915447374,60944400
1997-10-21,6.0289459228515625,6.042353306360272,5.854646868484959,5.881462249253054,76772700
1997-10-22,6.002129554748535,6.095982451372293,5.935091420731236,5.9976596093133585,63243000
1997-10-23,5.827829837799072,5.988720832412381,5.801014467446708,5.818891176431472,79596000
1997-10-24,5.73844575881958,5.917212851149909,5.640123551162677,5.881460046434289,101171700
1997-10-27,5.2110819816589355,5.720570469377069,5.193204654238476,5.649063000947027,122003100
1997-10-28,5.720570087432861,5.783138274224598,4.871422562305743,5.590963154791562,175880700
1997-10-29,5.756324768066406,5.836770307210588,5.573088252238666,5.698225893963116,117472500
1997-10-30,5.716099739074707,5.827830565111963,5.52392463319223,5.532863295675376,150912900
1997-10-31,5.865818977355957,5.8814616392027155,5.680347838679076,5.792077455080826,110457900
1997-11-03,6.060230731964111,6.069169397850452,5.9261544261734835,5.930623759116654,80046000
1997-11-04,5.966373920440674,6.167487654992049,5.952966542720719,6.037880753280981,126705600
1997-11-05,6.1093926429748535,6.194306906759174,6.055761870978573,6.194306906759174,121095000
1997-11-06,6.055761814117432,6.14067669085523,6.006600375874246,6.131738024356182,52224300
1997-11-07,5.975315093994141,6.04235323828375,5.854646802523243,5.881462182989221,75590100
1997-11-10,5.850176811218262,6.024475230238318,5.845707479352225,5.97084508909767,51723900
1997-11-11,5.765260219573975,5.854644374897013,5.738445463977395,5.845705713864544,59340600
1997-11-12,5.4702935218811035,5.711630000787622,5.4702935218811035,5.680345915188809,84016800
1997-11-13,5.6892828941345215,5.693752223738187,5.461353835600755,5.54179931346558,98708400
1997-11-14,5.818893909454346,5.836770013084735,5.6267187372943175,5.702694325851011,83467800
1997-11-17,5.939560890197754,6.011067743807846,5.854646041222828,5.935091558409476,54179100
1997-11-18,5.885931968688965,6.0066002820362385,5.872524582900639,5.935093406164127,52761600
1997-11-19,5.946264266967773,5.961906928207906,5.827831270975171,5.8457073706055755,44895600
1997-11-20,6.113858699798584,6.1227973624885825,5.952967681382832,5.961906344072831,66248100
1997-11-21,6.087042331695557,6.16748782776973,6.042350866793572,6.158549166539076,60798600
1997-11-24,5.952965259552002,6.104917553459362,5.91721123708826,6.0468181108624135,44204400
1997-11-25,6.0289459228515625,6.064698740957896,5.935092397038568,5.979784493735168,54542700
1997-11-26,6.08257532119751,6.1138594167801825,6.042352561876587,6.042352561876587,26013600
1997-11-28,6.167488098144531,6.207710847944931,6.037881187120817,6.069166502799614,18334800
1997-12-01,6.466926097869873,6.498210809674892,6.212182139960725,6.238996905792858,95917500
1997-12-02,6.185365676879883,6.480332345618206,6.140674203738106,6.462456247361928,142086600
1997-12-03,6.214414119720459,6.216648784865583,5.988720305067569,6.140672624932912,154312200
1997-12-04,6.176426887512207,6.256872388776837,6.100450717151271,6.252403057873143,61453800
1997-12-05,6.390948295593262,6.390948295593262,6.113857772965818,6.180895891726553,84069900
1997-12-08,6.417764663696289,6.435641377104848,6.346257196311464,6.386479954918369,41416200
1997-12-09,6.2524027824401855,6.364132981358233,6.194303324502977,6.355194319944613,78193800
1997-12-10,6.104920864105225,6.167489670159448,5.935091773744284,6.158551006258582,106484400
1997-12-11,5.912746429443359,6.00659934278747,5.693755889139977,5.961907859231174,140383800
1997-12-12,5.474761962890625,5.944027519495685,5.43453921843163,5.93508947281056,240625800
1997-12-15,5.541801452636719,5.599901532410799,5.112758840702817,5.532863403729532,250780500
1997-12-16,5.729509353637695,5.809954883741423,5.577556958442069,5.604371725976187,132025500
1997-12-17,5.812188148498535,6.113858813645518,5.798780767964405,5.979783167052594,102418200
1997-12-18,5.745149612426758,5.792076361606606,5.517221090697198,5.778668982019719,67429200
1997-12-19,5.731741428375244,5.792075548673931,5.369736706583123,5.577554436639848,101483400
1997-12-22,5.8591132164001465,5.9395587039765765,5.671406874138354,5.792075105503,62484000
1997-12-23,5.510518550872803,5.90604218388231,5.497111167741337,5.899338799191906,50670600
1997-12-24,5.530628204345703,5.7116305819424715,5.4971094501149755,5.64459245973055,32981400
1997-12-26,5.704927921295166,5.7116319192111105,5.550740879233333,5.577556257146499,20895000
1997-12-29,6.006597995758057,6.020005990193707,5.818892211164413,5.839003589067342,55410000
1997-12-30,6.046821117401123,6.0937478732639105,5.959672217049553,6.040117733528284,46771200
1997-12-31,5.9797844886779785,6.140675545649129,5.926153727187145,6.046822019915508,45040800
1998-01-02,6.227823257446289,6.261342630348686,5.966375340310484,6.073636228847154,42853800
1998-01-05,6.214414119720459,6.341786350490208,6.0870418889507105,6.234525492276189,70755000
1998-01-06,6.133971691131592,6.2613439854763575,6.020007394349869,6.140675689913113,54234000
1998-01-07,5.952965259552002,6.100448837682888,5.892631152191678,6.100448837682888,74175000
1998-01-08,6.020007133483887,6.087044663391392,5.738447789370508,5.892634844658566,75943800
1998-01-09,5.818893909454346,6.020007747180294,5.778671141909156,5.939562212089914,83994000
1998-01-12,5.973080158233643,5.97978415648524,5.523925777890663,5.5775565364021675,78526200
1998-01-13,6.006597995758057,6.05352474878174,5.912745103461234,6.006597995758057,62359200
1998-01-14,6.113858699798584,6.127266080083054,5.99319043598677,6.1004513195141135,52188600
1998-01-15,6.160787105560303,6.247936021434194,6.0669335771182284,6.087044959820003,49991400
1998-01-16,6.207712650299072,6.301566169583177,6.174193886983683,6.247935411777793,48571800
1998-01-20,6.382010459899902,6.3820104598999015,6.234526825046481,6.254638201901469,56923200
1998-01-21,6.368602752685547,6.382010747025773,6.087043464048389,6.301565235986585,52260600
1998-01-22,6.194306373596191,6.348493448874854,6.174194989266334,6.281455910275823,43438800
1998-01-23,6.187601089477539,6.288157990247762,6.060229424335666,6.254639227907893,46768200
1998-01-26,6.07363748550415,6.221121161038144,5.986487957177152,6.214417162320472,39954600
1998-01-27,6.355196475982666,6.3686038589011895,5.993191613426691,6.07363713843913,67517400
1998-01-28,6.636753559112549,6.690383686319877,6.402121062111242,6.422232436532795,104662200
1998-01-29,6.837869644165039,6.9451305490492174,6.636755831101362,6.65016321405539,125109000
1998-01-30,6.764127254486084,6.904906905673352,6.730607880750639,6.898202908176149,51928800
1998-02-02,6.857977390289307,7.038979726103394,6.811050654198509,6.9652382383181335,84201000
1998-02-03,6.757422924041748,6.951832704376102,6.663570032458016,6.85797981279237,88447200
1998-02-04,6.925014495849609,7.052386082359511,6.797642295589471,6.811049669498346,125086200
1998-02-05,6.904906272888184,7.099316044985102,6.904906272888184,7.052389294306322,75684000
1998-02-06,7.072503566741943,7.079207566369442,6.811055560029436,6.891501100556361,47049000
1998-02-09,6.864683151245117,7.119427040385394,6.79764502726063,7.119427040385394,55943400
1998-02-10,6.945129871368408,6.985352630056352,6.797646218262419,6.8914991172840905,58441200
1998-02-11,6.958535671234131,6.985351042180751,6.871386175970451,6.978647046006484,32716800
1998-02-12,6.9987568855285645,7.065794991314384,6.878088663364278,6.898200033724993,45181800
1998-02-13,6.958535671234131,7.059092545095895,6.918312921689425,6.965239667408398,30223200
1998-02-17,6.965240955352783,7.079205228885795,6.878091443974267,7.065797847808548,41662800
1998-02-18,7.025575637817383,7.03898301993849,6.918314739596687,6.931722121717795,44554800
1998-02-19,7.018869876861572,7.106019373134839,7.012165880609642,7.05238863062031,43772400
1998-02-20,7.059095859527588,7.092614628635972,6.938427554236518,7.06579985884956,51100200
1998-02-23,7.038985252380371,7.132838184495174,6.992058479447567,7.119430798121861,38247000
1998-02-24,6.945129871368408,7.179762425797881,6.945129871368408,7.065798147432238,58074600
1998-02-25,7.159650802612305,7.179762181271328,6.9518330185522075,7.012167154529277,51615000
1998-02-26,7.132837295532227,7.146245293985312,7.052391759816635,7.126133910056414,46743600
1998-02-27,7.065799236297607,7.347358590502531,7.065799236297607,7.199874914668771,58439400
1998-03-02,6.9987568855285645,7.213277964792744,6.918311404085707,7.173055224071315,45166800
1998-03-03,6.91831636428833,6.971946519117832,6.7976480556088825,6.898204979508423,52573800
1998-03-04,6.9987568855285645,7.025572250592955,6.898200033724993,6.925015398789384,39176400
1998-03-05,6.636753559112549,6.931720179378516,6.5563080614263365,6.797644554484974,102384000
1998-03-06,6.904906272888184,6.918313652903328,6.643458373214512,6.71049588704075,64338600
1998-03-09,6.566366672515869,6.911611882566874,6.556310980827484,6.831166349059789,61294800
1998-03-10,6.583122730255127,6.744013708479281,6.4356391289661925,6.7306057177936855,88537200
1998-03-11,6.71720027923584,6.891498684692374,6.6535144532278,6.697088901154295,75829200
1998-03-12,6.857977390289307,6.8780887609353165,6.703790419920007,6.784235902504046,47346600
1998-03-13,6.925014495849609,6.998755972973775,6.878087766543192,6.945125863588039,41296200
1998-03-16,6.904906272888184,6.965240403582108,6.851275525326574,6.951832409816448,33524400
1998-03-17,6.925014495849609,6.96523723132647,6.744012186203736,6.911606508190498,54018000
1998-03-18,6.817758083343506,6.918314987227629,6.770831323614038,6.7842393199656765,57489000
1998-03-19,6.898202419281006,6.911609799574621,6.770830158364805,6.824460907040325,45343800
1998-03-20,6.824461936950684,6.904907458353833,6.8110539408830775,6.904907458353833,42997800
1998-03-23,6.945129871368408,7.065798147432238,6.797646218262419,6.804350215960607,70598400
1998-03-24,7.2736124992370605,7.313835242299663,7.052387412392751,7.065795402580519,85840800
1998-03-25,7.461320400238037,7.494839155224346,7.400986273012393,7.4881357724773725,68151600
1998-03-26,7.4412102699279785,7.4814330281438055,7.3473573720079095,7.421098890820065,41119200
1998-03-27,7.4412102699279785,7.5082484048712175,7.380876132604238,7.488137025763304,50055000
1998-03-30,7.233390808105469,7.46802391925956,7.173056684737349,7.434504552665866,38302800
1998-03-31,7.333950996398926,7.400989146146873,7.2535054622016775,7.293728229300302,36589800
1998-04-01,7.434504508972168,7.461319879339437,7.253502139931589,7.367467003679653,44187600
1998-04-02,7.535065650939941,7.588696422068153,7.400989950620982,7.427805336185088,51847800
1998-04-03,7.581989288330078,7.716064933230742,7.5216551560622,7.541766533484825,54301800
1998-04-06,7.4009881019592285,7.655732053059063,7.3808767212473825,7.642324670501377,43793400
1998-04-07,7.4009881019592285,7.414395484516915,7.223337367754381,7.3272465772660045,52782600
1998-04-08,7.320540428161621,7.447912673161836,7.240094928951054,7.447912673161836,50500200
1998-04-09,7.186467170715332,7.387580985066036,7.09931764657981,7.374172988275553,66436200
1998-04-13,7.132837295532227,7.199875446545463,7.085911142198618,7.139541294758769,42171600
1998-04-14,7.260210037231445,7.333951578178369,7.099318956073962,7.106022955705779,57588000
1998-04-15,7.581989288330078,7.615508046117611,7.30713400147103,7.333948762200844,66373200
1998-04-16,7.528359413146973,7.642323684561299,7.4680252787951735,7.588693547498773,41025000
1998-04-17,7.555177211761475,7.561881211745558,7.441212894536852,7.447916894520936,30150600
1998-04-20,7.749580383300781,7.830025852284007,7.568578078088525,7.628912179825943,42646800
1998-04-21,7.9238810539245605,7.930585049585798,7.669137197552755,7.789805436952621,40785600
1998-04-22,7.897068977355957,7.937291740591642,7.830031447796921,7.923884357429967,27479400
1998-04-23,7.689253330230713,7.89707057310804,7.642326559056421,7.890367187047987,29595600
1998-04-24,7.716065406799316,7.860197363007832,7.6289165084529165,7.642323889640693,34059600
1998-04-27,7.555177211761475,7.669142142736896,7.441212894536852,7.541769825544107,45988800
1998-04-28,7.6021013259887695,7.736176982533791,7.447914290274466,7.736176982533791,48764400
1998-04-29,7.722768306732178,7.769695054846162,7.575284679624284,7.62891542425469,41491800
1998-04-30,7.856844425201416,8.017735441511004,7.816621671124018,7.823325668053758,55056000
1998-05-01,7.897068977355957,7.950699737503977,7.850142829414764,7.910476974268292,30788400
1998-05-04,8.037848472595215,8.131701993922865,7.977514329063431,8.037848472595215,47264400
1998-05-05,7.897068977355957,8.124998173608393,7.883661594194282,8.091479408828874,47576400
1998-05-06,8.151810646057129,8.178625402816069,8.011031024946153,8.098179905038368,96796200
1998-05-07,8.084773063659668,8.212145314851398,8.071365684389663,8.205441318341155,37243200
1998-05-08,8.124998092651367,8.165220855486275,8.017737187174728,8.037848568592182,35513400
1998-05-11,8.017735481262207,8.232257246572251,8.004328101086776,8.205441872470864,38456400
1998-05-12,8.192033767700195,8.212145143059729,7.93728927064579,8.024438768453924,36346200
1998-05-13,8.151810646057129,8.23225614383483,8.051253773835002,8.218848151704918,29213400
1998-05-14,8.158515930175781,8.232258062828747,8.051255650636058,8.10488579040592,28810800
1998-05-15,8.192033767700195,8.225552522049261,8.131699641621594,8.212145143059729,42159000
1998-05-18,8.339518547058105,8.359629926684251,8.165220128215044,8.192035505633438,45171000
1998-05-19,8.62275218963623,8.65459478920433,8.373035554073365,8.399850310156982,68789400
1998-05-20,8.433374404907227,8.74174856904282,8.373040249261033,8.72834118348281,60733800
1998-05-21,8.339518547058105,8.54063234331956,8.279184408179669,8.460186824814977,46115400
1998-05-22,8.245665550231934,8.393149203681402,8.111589892210068,8.3864452059676,38740200
1998-05-26,8.151810646057129,8.36633176888085,8.098179905038368,8.326109019992,43423200
1998-05-27,8.346223831176758,8.366335213902484,8.037849091465377,8.04455309029085,57352200
1998-05-28,8.312704086303711,8.446779750780173,8.259073329512628,8.379741611666631,34792800
1998-05-29,8.111590385437012,8.379741717785743,8.091479004823325,8.373038333414934,35964000
1998-06-01,7.890363693237305,8.225553101595764,7.823325566065408,8.124996217713175,59528400
1998-06-02,8.198740005493164,8.245666768924261,7.964107415839043,8.07136832635983,83092200
1998-06-03,8.004328727722168,8.346222165840954,7.964105970296429,8.299295410927401,58046400
1998-06-04,8.245665550231934,8.252369547945735,7.984217618151409,8.071367133428447,62507400
1998-06-05,8.305997848510742,8.346220598382466,8.098180102923356,8.238959727474386,55507800
1998-06-08,8.312704086303711,8.419964372384632,8.178627808076627,8.32611146862617,46465800
1998-06-09,8.52722454071045,8.554039916805639,8.245665239837933,8.312703373200627,36597000
1998-06-10,8.487000465393066,8.668002844986757,8.366332212330606,8.446777714372246,58495200
1998-06-11,8.480297088623047,8.607669347412818,8.446778331573325,8.513816459423287,52405200
1998-06-12,8.487000465393066,8.513815837323772,8.305998085799375,8.440073717951952,42152400
1998-06-15,8.393152236938477,8.587562103391846,8.366336850142876,8.37974423666527,46002600
1998-06-16,8.574152946472168,8.587560330226195,8.379742506409993,8.453484651433861,47940000
1998-06-17,8.6545991897583,8.76856349543651,8.607672422125749,8.634487805594455,61374600
1998-06-18,8.808786392211914,8.847333621588529,8.607672547640865,8.674710700414797,52552200
1998-06-19,8.916044235229492,8.917720387939065,8.75515321512761,8.862413486028508,56968800
1998-06-22,9.07693862915039,9.103753399967164,8.828898009715273,8.902639550087544,48966000
1998-06-23,9.318272590637207,9.33167997222066,9.11715879813245,9.157381556633402,54733200
1998-06-24,9.418828964233398,9.593127370148741,9.298160695426496,9.445643725912342,65212800
1998-06-25,9.338384628295898,9.59983257698562,9.284753870679637,9.49257167550373,61035000
1998-06-26,9.640054702758789,9.653462084403596,9.438940909333713,9.492571049663537,53716200
1998-06-29,9.847868919372559,9.86798029266859,9.653459182094403,9.747312052892408,52313400
1998-06-30,9.874685287475586,10.109317795086017,9.693682909497419,9.800943782512414,77700000
1998-07-01,10.142836570739746,10.17635532308342,9.948426211395308,10.022168325801998,49723800
1998-07-02,9.935023307800293,10.183063905358633,9.821059007503562,10.156248523156169,51744000
1998-07-06,9.975244522094727,10.042282660294491,9.861280239530675,9.988651904234434,35785800
1998-07-07,9.948427200317383,10.015465325419079,9.707090686451862,10.015465325419079,46121400
1998-07-08,10.109319686889648,10.109319686889648,9.854575756276901,9.91490989356023,42348600
1998-07-09,9.968537330627441,10.20317043228422,9.96183394858039,10.095909568276822,45988800
1998-07-10,9.968537330627441,10.055686820992852,9.814350337289023,9.975241326424909,44241000
1998-07-13,10.109319686889648,10.156246442693542,9.90820589594522,10.022170786647452,42524400
1998-07-14,10.17635726928711,10.310432304303335,10.089207760025904,10.17635726928711,46160400
1998-07-15,10.250100135803223,10.30373150713369,10.095913088700112,10.243396751418716,38209800
1998-07-16,10.270211219787598,10.357360738024415,10.176358317359911,10.283619215670562,46102200
1998-07-17,10.699254035949707,10.712660804126784,10.270211063007286,10.337249200146896,66567600
1998-07-20,11.067968368530273,11.181932085842854,10.705963372945433,10.799815701614412,92302800
1998-07-21,10.612101554870605,11.2087406591413,10.578583414350472,11.188629283828847,77262600
1998-07-22,10.56517505645752,10.886957012948598,10.364061333650598,10.56517505645752,98843400
1998-07-23,10.632213592529297,10.76629107296608,10.457915813963906,10.571879462833351,56988000
1998-07-24,10.484731674194336,10.732770345497462,10.14954104591046,10.712658969175479,80445600
1998-07-27,10.457917213439941,10.504844583372828,10.216580662360558,10.35065570573721,68089800
1998-07-28,10.297025680541992,10.659030489623547,10.270210304915395,10.444509939612999,66456000
1998-07-29,10.082504272460938,10.464621064315878,10.0758002752791,10.377470942203624,55468800
1998-07-30,10.56517505645752,10.57858181964415,10.142835624812607,10.203169741654683,58798200
1998-07-31,10.270211219787598,10.726070191045519,10.216581077507579,10.61210406729216,60683400
1998-08-03,10.350655555725098,10.618808093594415,10.270210653615113,10.310432797794816,75937800
1998-08-04,9.988653182983398,10.612105431678161,9.92161564995209,10.55177128369957,120368400
1998-08-05,10.377473831176758,10.45791936475177,9.955134779907935,10.176359997239222,144369600
1998-08-06,10.659029006958008,10.665733617120246,10.27020887633454,10.31713562371596,78819600
1998-08-07,10.390880584716797,10.742829793529818,10.357362430783175,10.712662718488701,91843800
1998-08-10,10.638920783996582,10.679143546885038,10.337250062333164,10.457918350998531,68205000
1998-08-11,10.51154613494873,10.618807636479564,10.377471099286847,10.404287088420107,81696600
1998-08-12,10.571881294250488,10.685847417864847,10.444510857273189,10.618808666033015,67734600
1998-08-13,10.370767593383789,10.618808768042165,10.350656213141285,10.538363247072148,53187600
1998-08-14,10.343955039978027,10.498141484830965,10.189766753873062,10.491436872445114,56527200
1998-08-17,10.524955749511719,10.531657905793313,10.243395831869769,10.2970259708846,45709800
1998-08-18,10.746179580688477,10.846736462432279,10.56517719354963,10.58528856989839,73733400
1998-08-19,10.860145568847656,11.175223047881284,10.853440956952463,10.92047971089681,88851000
1998-08-20,11.007627487182617,11.148407121802485,10.853438631645242,10.860143242103996,77504400
1998-08-21,11.021037101745605,11.061259864890662,10.727746529646671,10.886962042929627,83786400
1998-08-24,11.047852516174316,11.20203894847748,10.987518374620578,11.034443292494037,63400200
1998-08-25,11.148408889770508,11.269077167152261,11.047851991952381,11.195333805417375,70507200
1998-08-26,11.114884376525879,11.289184574753486,10.994216141599779,11.047848104901284,61074600
1998-08-27,10.632213592529297,11.047850344880493,10.566852846193035,10.967404838619233,109182000
1998-08-28,10.156242370605469,10.719360759470723,9.92831329433847,10.618803904316213,139294200
1998-08-31,8.781970024108887,10.283620304441737,8.741747259702661,10.156248012571798,224315400
1998-09-01,9.653464317321777,9.720502468553422,8.781970806313318,9.03671541274313,223798800
1998-09-02,9.82776165008545,10.13613637398331,9.720501356882364,9.867984413474273,108430200
1998-09-03,9.720498085021973,9.834462338347077,9.505976343321187,9.599829835471702,100256400
1998-09-04,9.573016166687012,9.867982846791326,9.318272243585586,9.814352708704332,72989400
1998-09-08,10.149538040161133,10.162946029572058,9.754014627545146,10.055685183036234,103112400
1998-09-09,9.740612030029297,10.189765779365224,9.733908032035265,10.176358397127778,78987000
1998-09-10,9.485865592956543,9.640053220034085,9.31827120004686,9.519384962538876,106532400
1998-09-11,9.948427200317383,9.961835193588017,9.398716661235138,9.53279229768804,81840600
1998-09-14,10.048983573913574,10.203171192490444,9.981946065945813,10.089206324194416,69817800
1998-09-15,10.364067077636719,10.390880618870609,9.96183879534904,10.055691713424093,75814200
1998-09-16,10.397584915161133,10.498141829234257,10.176359704200257,10.417696297975757,59553600
1998-09-17,9.894798278808594,10.1763575794251,9.87468690019313,10.055689307732312,68469600
1998-09-18,9.824407577514648,10.005409968912053,9.653460874528212,9.975242903679153,77650800
1998-09-21,10.01546859741211,10.035579980137838,9.492572646543204,9.59312956017184,52685200
1998-09-22,10.116025924682617,10.196471458874925,9.995357623394158,10.15624869177877,35666800
1998-09-23,10.659029006958008,10.69925175792766,10.196467370807,10.286968560488718,66698400
1998-09-24,10.44786262512207,10.759589036458726,10.377472790304116,10.679143510952493,55414000
1998-09-25,10.689194679260254,10.739473111429868,10.276911535469406,10.367412713374714,44434000
1998-09-28,10.659029006958008,10.978297092779627,10.53836075404905,10.860142761806273,52792000
1998-09-29,10.397584915161133,10.860146719897507,10.136136938571006,10.729422731602446,74522800
1998-09-30,9.945075988769531,10.357359219850977,9.814352037451023,10.206523891406546,73704000
1998-10-01,9.211009979248047,9.693682991261046,9.019951911992901,9.673571615760505,146516000
1998-10-02,8.969675064086914,9.291457129166266,8.507113345535346,9.15067747569405,116840800
1998-10-05,7.773048400878906,8.36633411323577,7.390932179360926,8.20544307259662,256038800
1998-10-06,7.431156158447266,8.356279793869659,7.4009890833791445,8.255722876975922,153998000
1998-10-07,7.059095859527588,7.561880464907046,6.787592172622681,7.360766622755262,149672800
1998-10-08,7.511600494384766,7.682547225850015,6.616644076713756,6.91831477929949,173296000
1998-10-09,8.054603576660156,8.0646592615249,7.652376182070386,7.783100085312061,106092800
1998-10-12,8.426666259765625,8.768559640233443,8.416610572104807,8.56744588701708,100177200
1998-10-13,8.155166625976562,8.527227248863285,8.034498315851138,8.527227248863285,72907600
1998-10-14,8.386445999145508,8.668005337246317,8.074719589105328,8.074719589105328,71436800
1998-10-15,9.160735130310059,9.190902205382429,8.406558253500778,8.497059478717892,94161200
1998-10-16,8.909340858459473,9.532793604762505,8.84900672172047,9.442292399654,96420400
1998-10-19,9.050119400024414,9.361845734914144,8.962132128079732,8.97972958246867,60167200
1998-10-20,8.70822525024414,9.331677866312429,8.58755700197286,9.271343742176787,85716400
1998-10-21,9.271347045898438,9.29145842777674,8.647894207670992,8.889230790210648,68915200
1998-10-22,9.402068138122559,9.452346577363857,9.009896312040443,9.241177132550408,55034000
1998-10-23,9.442289352416992,9.6031803317979,9.351788176515232,9.381955235149151,46912000
1998-10-26,9.874685287475586,9.874685287475586,9.361845216537445,9.573014657511973,63498000
1998-10-27,9.774128913879395,10.176356441199534,9.754017537513388,10.035576806637486,71040000
1998-10-28,10.116025924682617,10.136137308230694,9.673575486624928,9.693686870173005,48567600
1998-10-29,10.085857391357422,10.206525675202176,9.754019610784345,9.995356178473855,79612000
1998-10-30,10.136131286621094,10.256799516223726,9.975240313817585,10.216576773022847,57545600
1998-11-02,10.407638549804688,10.437805618064992,10.136134935461957,10.266858897923273,58619600
1998-11-03,10.196470260620117,10.42775114424365,10.045634901735204,10.42775114424365,63931600
1998-11-04,10.548418045043945,10.596182569080131,10.377471327440755,10.437805463065411,86704400
1998-11-05,10.910417556762695,10.922987162242837,10.538357234550512,10.608747025239303,116911600
1998-11-06,10.850092887878418,11.000928284836876,10.769647342833906,10.920482739792364,55838000
1998-11-09,10.779699325561523,11.000924498287599,10.669086739198486,10.900367601593928,46023200
1998-11-10,10.779699325561523,10.910423291263296,10.669086739198486,10.739476566884054,47261600
1998-11-11,10.628865242004395,11.091427021694274,10.49814126078769,10.940591658751922,56942000
1998-11-12,10.488085746765137,10.659032494315479,10.46797436470039,10.618809730185987,33463600
1998-11-13,10.407638549804688,10.628863717046913,10.33724872386398,10.478028375745396,26124000
1998-11-16,10.769647598266602,10.779703291635665,10.53836665077815,10.618812197730655,40676400
1998-11-17,11.061256408691406,11.202036035711116,10.63891752763228,10.769641467007723,65446000
1998-11-18,11.724935531616211,11.805381058419751,11.111538389739204,11.161816843991417,97434000
1998-11-19,11.795326232910156,12.046718522614123,11.734992083381204,11.805381924498315,57859600
1998-11-20,12.006489753723145,12.046712499966773,11.755097589700467,12.046712499966773,41056800
1998-11-23,12.257885932922363,12.32827576190551,11.956215237280304,12.127161964810805,46692400
1998-11-24,12.257885932922363,12.378554211179187,12.046716445972923,12.247830243067629,40832400
1998-11-25,12.398665428161621,12.428832497329896,12.076883357033338,12.277997151488515,24982400
1998-11-27,12.871280670166016,12.871280670166016,12.38860764503479,12.49922021329403,22048000
1998-11-30,12.12716293334961,12.931618185976449,12.036661717429089,12.891395423345108,58153600
1998-12-01,12.831060409545898,12.851171789498165,11.885825551789383,11.926048311693915,71161200
1998-12-02,12.589717864990234,12.831054309686534,12.368492790685295,12.710386087338383,47871600
1998-12-03,12.257885932922363,12.810948874932807,12.187496103939216,12.529389559000217,48567600
1998-12-04,12.589717864990234,12.629940605772951,12.247824568337146,12.509272383424802,46887600
1998-12-07,12.901448249816895,12.941671003518584,12.469053647523733,12.680223104457603,51790800
1998-12-08,12.841115951538086,13.152842337205808,12.619890774612607,12.881338710979083,56120800
1998-12-09,12.991952896118164,13.082454115982763,12.730504927620428,12.931618749541762,37432000
1998-12-10,13.062337875366211,13.635512054654798,13.01205943858651,13.193061810993433,86914800
1998-12-11,13.43440055847168,13.444456247512452,13.022117307800018,13.193064021493146,48952400
1998-12-14,12.931618690490723,13.37406909669725,12.650059341086571,13.283567877245915,65190400
1998-12-15,13.474624633789062,13.47462463378906,12.941673062452628,13.193065313083022,63774400
1998-12-16,13.303674697875977,13.675735139162002,13.263451947466677,13.595289638343402,49596400
1998-12-17,13.655627250671387,13.655627250671388,13.333845165235832,13.394179306255,38702000
1998-12-18,14.550580978393555,14.580748043310749,13.876849861909541,13.876849861909541,86427600
1998-12-21,15.234365463256836,15.515924692940791,15.02319604099387,15.083530161640432,84346400
1998-12-22,15.093589782714844,15.727098214634253,14.81203047963955,15.49581735853669,117542800
1998-12-23,15.525989532470703,15.525989532470705,15.19415167329225,15.46565537625644,48325200
1998-12-24,15.153919219970703,15.556146671064816,15.14386353369335,15.556146671064816,28090400
1998-12-28,15.153919219970703,15.485756867123346,14.962861180701,15.365088631795112,42841200
1998-12-29,15.043312072753906,15.234370180629792,14.832142585101613,15.224314490741587,32946800
1998-12-30,14.912583351135254,15.30475513177873,14.902527664452087,15.063418651382744,31787600
1998-12-31,14.932699203491211,15.123757307778304,14.77180816830208,14.942754893190532,29021600
1999-01-04,15.334929466247559,15.546098986766378,15.023203031195969,15.204205477354957,62691200
1999-01-05,15.596373558044434,15.626540624887845,15.264535822766891,15.415371156983955,50396000
1999-01-06,16.048885345458984,16.33044473748458,15.92821703459087,16.06899673060367,81818000
1999-01-07,16.672330856323242,16.89355599434442,15.777374616146664,15.847764432789766,95150800
1999-01-08,17.165061950683594,17.376231429865992,16.70250023437929,17.336008671926486,96112800
1999-01-11,16.843278884887695,17.3561190180992,16.601942351611694,17.3158962625532,65645600
1999-01-12,15.787436485290527,16.793005688175274,15.727102333117442,16.782949996146428,99631200
1999-01-13,15.425429344177246,16.048882159913223,14.460083048844119,14.490250120573279,123995200
1999-01-14,15.505870819091797,16.16954622380001,15.465648067291301,15.96843246479752,81488800
1999-01-15,16.360607147216797,16.370662836920065,15.727098695910923,15.727098695910923,64330400
1999-01-19,17.114782333374023,17.134893710969056,16.44105118394038,16.833223047043546,70477600
1999-01-20,17.074560165405273,17.687957203149516,16.883502071681658,17.366175150562373,73077600
1999-01-21,16.300270080566406,17.074558048613053,16.089100634735505,16.943834105955826,76785600
1999-01-22,16.541606903076172,16.813110481424534,15.777374608465966,15.948321305944566,65845200
1999-01-25,16.642166137695312,16.652221827204492,15.988546319598516,16.652221827204492,46580800
1999-01-26,17.235456466674805,17.29579062000039,16.612003548977118,16.823173085616656,61173600
1999-01-27,16.642166137695312,17.37623147186556,16.55166493211268,17.356120092847195,64099600
1999-01-28,17.517009735107422,17.557232489952675,16.87344565758338,16.99411392211914,64947200
1999-01-29,17.949399948120117,18.019789751838236,17.19522347971171,17.537116812056855,76174000
1999-02-01,18.502470016479492,18.904697625533395,18.01979688561481,18.19074361946272,102006400
1999-02-02,18.082639694213867,18.78402388365995,17.89912340091794,18.72368975983663,126920400
1999-02-03,17.879011154174805,18.060013516815495,17.37622681350622,17.61756329702714,96946400
1999-02-04,16.933774948120117,17.858898045048296,16.6924384880519,17.79856393003124,94445600
1999-02-05,16.29021644592285,16.913669174100146,16.038824216819105,16.833223660786945,108850000
1999-02-08,16.400833129882812,16.803060797077976,15.787435937410185,16.63211403852003,91903200
1999-02-09,15.435480117797852,16.491327291979463,15.425424430424695,16.481271604606306,84167600
1999-02-10,15.857826232910156,16.028772996359407,15.365097326497601,15.435487170270823,80472800
1999-02-11,16.873445510864258,16.90361257673589,15.968433534715402,16.07904610957804,70136400
1999-02-12,15.938267707824707,16.712555792053415,15.847766503174597,16.702500102647846,64724000
1999-02-16,15.938267707824707,16.51144200394206,15.717042540902218,16.39077373107525,55928400
1999-02-17,15.304760932922363,15.857823910130465,15.264538170943593,15.556153195289683,75745600
1999-02-18,15.475707054138184,15.566208264981098,14.741641677301219,15.445539983857213,74250800
1999-02-19,15.626541137695312,15.747209409028866,15.385204595028203,15.566207002028534,43842000
1999-02-22,16.420942306518555,16.50138782914694,15.435484654320872,15.666765531877472,66749200
1999-02-23,16.56171417236328,16.80305062660537,16.26004360456067,16.441045945242237,66164000
1999-02-24,16.07905387878418,16.77289672908819,16.04888679833618,16.61200563336552,55276400
1999-02-25,15.847762107849121,16.249989572515343,15.6265370022827,15.948318974015676,70942400
1999-02-26,15.73714828491211,15.82764945715761,15.36508791012505,15.807538085547499,57699200
1999-03-01,15.9985990524292,16.09915592893724,15.52598173284141,15.727095485857491,49533200
1999-03-02,15.395257949829102,16.179601594562392,15.36509088657013,16.048877653773513,60816800
1999-03-03,15.304760932922363,15.566208885784375,15.123758504017895,15.375150766385214,70323200
1999-03-04,15.80754566192627,16.028770855668242,15.32487251194379,15.576264777559665,65345600
1999-03-05,16.219825744628906,16.260048499110315,15.86787664291656,16.189658678767845,48879200
1999-03-08,16.82316780090332,16.89355762433806,16.38071748217066,16.410884549356975,55211600
1999-03-09,16.94384002685547,17.376234757511128,16.75278189005413,16.78294896428592,65762800
1999-03-10,16.79300308227539,16.923727058364957,16.43099822541197,16.73266893946482,55808400
1999-03-11,16.974000930786133,17.175114685890236,16.712553049150802,16.89355542874449,44450800
1999-03-12,16.611995697021484,17.074557320546297,16.471216072470455,17.044390258142503,35631600
1999-03-15,16.8935604095459,16.8935604095459,16.38072018282754,16.632112450826735,34250800
1999-03-16,17.0544490814209,17.22539579980778,16.873446673717137,16.88350236303401,45531600
1999-03-17,17.06450080871582,17.1348906175909,16.87344275605489,17.044389434751512,28228400
1999-03-18,17.19522476196289,17.21533613595349,16.91366552609449,16.95388827407569,30107600
1999-03-19,16.813112258911133,17.53712187771592,16.642165543360004,17.496899121115653,60511200
1999-03-22,16.531551361083984,16.89355613541429,16.471217232028934,16.89355613541429,34202400
1999-03-23,16.139375686645508,16.66227134752125,15.988540399854429,16.410879202869452,53808400
1999-03-24,16.803054809570312,16.813110497667,16.14943508328541,16.1594907713821,45670400
1999-03-25,17.28572654724121,17.31589360927828,16.873443366067917,17.01422298890758,54294400
1999-03-26,16.923730850219727,17.225401631863573,16.833229615726573,17.20529024642065,39559200
1999-03-29,17.698015213012695,17.708070903474635,17.039367487755687,17.074562404372475,51662400
1999-03-30,17.687957763671875,18.06001827376617,17.517011042817742,17.65779069528585,58505600
1999-03-31,17.62762451171875,18.100241940156163,17.59745744181849,17.909183830787846,46367600
1999-04-01,17.687957763671875,17.939350000222074,17.396342769273648,17.778458968829945,31877200
1999-04-05,18.411977767944336,18.422033463066096,17.919248706978046,17.919248706978046,40854000
1999-04-06,18.542694091796875,18.70358514682331,18.30135750925722,18.381803036770435,50344000
1999-04-07,19.105804443359375,19.306918174342105,18.422017758018093,18.80413384688528,67619600
1999-04-08,18.924816131591797,19.105818623817434,18.462254207015164,18.884593355541654,51874000
1999-04-09,19.0052547454834,19.246591313680014,18.904697842068142,18.965031984117296,36259200
1999-04-12,18.944915771484375,19.166140902573897,18.422020007090964,18.582911011519705,47398400
1999-04-13,18.3616886138916,18.995197038138684,18.341577235344076,18.98514134886492,48145200
1999-04-14,17.818681716918945,18.68347101017799,17.778458959092944,18.633192562895488,41214800
1999-04-15,17.748289108276367,17.87901305071693,17.094669396073556,17.858901674956844,66928400
1999-04-16,17.004169464111328,17.79856886545065,16.893556889241296,17.768401799577006,56689200
1999-04-19,16.089101791381836,17.557232329845426,16.086587869226932,17.12483771920204,81516400
1999-04-20,16.340492248535156,16.47121618652344,15.968431809645432,16.099155747633713,74923600
1999-04-21,17.36617660522461,17.396343675181573,16.270106396788314,16.521498646429666,58310800
1999-04-22,18.210851669311523,18.341575618345786,17.889069640919494,17.899125329306745,65308400
1999-04-23,18.884578704833984,18.914745763467906,17.879010083703314,18.130402238985983,54894800
1999-04-26,18.924816131591797,19.16615278789265,18.723702251341088,18.94492751961687,45702400
1999-04-27,18.51251983642578,19.027873797108466,18.1605707901059,18.94491437904735,55418000
1999-04-28,17.979572296142578,18.502468134732855,17.899126782513306,18.502468134732855,36496800
1999-04-29,17.567291259765625,18.019797331139095,17.17511933124195,17.999685950189164,58308000
1999-04-30,18.351633071899414,18.38180013996281,17.657790506441298,18.04996239126545,55174400
1999-05-03,18.28124237060547,18.34157650384179,17.848847749078498,18.30135374835091,41324400
1999-05-04,17.476795196533203,18.562810087917317,17.376238262145787,18.200805124122613,59052400
1999-05-05,17.853878021240234,18.009741219961285,16.853336842353496,17.396344115317152,71366000
1999-05-06,17.205286026000977,17.783488215653257,17.034339291668996,17.718126228996912,56656800
1999-05-07,17.45667839050293,17.63768081621091,16.87344835211055,17.41645562923449,63440800
1999-05-10,17.577342987060547,17.939347762537764,17.41645197573734,17.617565739891347,61404400
1999-05-11,17.999685287475586,18.029852357789792,17.657791823914597,17.858905626009296,55567600
1999-05-12,19.105804443359375,19.186249935752468,18.59296442935341,18.904690712376645,106396400
1999-05-13,18.934860229492188,19.678981130704308,18.864470414512663,19.12591829872233,88076000
1999-05-14,18.572858810424805,19.015309155665026,18.351633637804692,18.5125246724375,71554800
1999-05-17,18.733747482299805,18.7438031706961,18.150517555314625,18.472299583996104,43317200
1999-05-18,18.69352912902832,18.884587253531567,18.52258238605173,18.743807582844966,38190800
1999-05-19,18.753860473632812,18.904695812562835,18.381799970938758,18.804138919942822,34946400
1999-05-20,18.46224594116211,18.88458490060046,18.46224594116211,18.834306453048274,38444400
1999-05-21,18.220909118652344,18.63319238237461,18.080129467625227,18.462245663270256,45808800
1999-05-24,17.597455978393555,18.32146559579032,17.37623081752232,18.311409906659804,53234000
1999-05-25,16.79300308227539,17.6477367720918,16.752780320401676,17.6477367720918,64752000
1999-05-26,17.557233810424805,17.708069152438764,16.69244451621144,16.95389244236897,80338400
1999-05-27,17.3762264251709,17.71811976918468,17.0544444543344,17.517006037411868,50292400
1999-05-28,17.53713035583496,17.557241743857706,17.13490259538003,17.356127863630242,29332000
1999-06-01,17.22539710998535,17.59745764300897,17.114784519086438,17.547179192600375,37940000
1999-06-02,17.71812629699707,17.828738890224635,16.974005215284368,17.295787304673645,51811200
1999-06-03,17.506954193115234,18.20079672001067,17.456675749137304,17.69801228023137,46993200
1999-06-04,18.48236083984375,18.502472222694507,17.61757137726129,17.61757137726129,42558400
1999-06-07,18.562803268432617,18.703582924856264,18.30135533507441,18.452190681242605,43156000
1999-06-08,17.969518661499023,18.743806818709672,17.87901744831856,18.512525940581817,42976400
1999-06-09,18.30135726928711,18.341580032516312,17.858906873765882,18.100243453141097,36088400
1999-06-10,17.768402099609375,18.220908095354943,17.647733834077222,18.220908095354943,46404800
1999-06-11,17.808629989624023,18.09018935704891,17.778462914542786,17.828741373011518,42778800
1999-06-14,17.3460693359375,18.009745032269024,17.32595795120018,17.919243800951087,35985600
1999-06-15,17.889070510864258,17.93934895524555,17.356119000422545,17.436564511432614,37105600
1999-06-16,18.703584671020508,18.713640361703852,17.999686323186403,18.261134280953357,64423200
1999-06-17,18.884578704833984,19.005246939369666,18.643242235762624,18.784021842720918,71378000
1999-06-18,19.206363677978516,19.22647505355755,18.713634976292155,18.723690664081673,56777200
1999-06-21,19.80970573425293,19.96054105710257,19.216420131044337,19.3169770129441,89100000
1999-06-22,19.146032333374023,20.051044365938974,19.105809576371136,19.628705417408664,67755800
1999-06-23,19.910266876220703,19.970601018269857,19.065588887532552,19.306925455729164,49204800
1999-06-24,19.38736915588379,19.99071051965611,19.347146398298968,19.930376383278876,38008200
1999-06-25,19.72926139831543,19.84992966374855,19.467813489877,19.70915002074324,27674200
1999-06-28,19.93037223815918,19.990706361988117,19.608590244404844,19.950483612768828,41440200
1999-06-29,20.111373901367188,20.252153518676757,19.628700927734375,19.95048291015625,39828000
1999-06-30,20.734830856323242,21.05661290646987,19.829818840285856,20.071155377895828,57262600
1999-07-01,20.7147159576416,20.956052454235486,20.433156711615407,20.935941079519328,42941400
1999-07-02,21.57950782775879,21.57950782775879,20.875609622752677,20.895721000038566,34589200
1999-07-06,21.458839416503906,22.28340587955607,21.398505285061063,21.981735222341864,51386600
1999-07-07,21.318058013916016,21.760508274582197,21.021415225514826,21.51917176876428,39944600
1999-07-08,21.378389358520508,21.51916896859543,21.076718765502815,21.29794386704912,35140800
1999-07-09,21.57950782775879,21.680064714188234,21.036500641039787,21.639841959616454,21307000
1999-07-12,21.116945266723633,21.820843442281088,21.076722513834635,21.800732065836588,29140000
1999-07-13,20.996280670166016,21.157171709784148,20.634275831025224,20.935946530309216,29620400
1999-07-14,21.016389846801758,21.217503625240052,20.57393953423751,21.197392247396223,37299600
1999-07-15,21.418615341186523,21.51917222072261,20.915830943506087,21.212473738137543,31955200
1999-07-16,21.23761749267578,21.51917681549535,21.01639231046041,21.51917681549535,34042800
1999-07-19,20.89572525024414,21.27784149639875,20.835391106114468,21.27784149639875,32816600
1999-07-20,20.03093719482422,20.714724207498943,19.910268898469855,20.714724207498943,52511400
1999-07-21,20.292377471923828,20.5890202545907,19.990706845482936,20.091263720963234,34655400
1999-07-22,19.668930053710938,20.352716988093526,19.628707292864902,20.25216008597844,36435400
1999-07-23,20.252161026000977,20.27227240735748,19.689042348018823,19.950490305653393,31477800
1999-07-26,19.648815155029297,20.111376821933774,19.628703778207363,19.950485807358305,30652200
1999-07-27,20.252161026000977,20.352717932783502,19.769487873444845,19.990713068366404,32806600
1999-07-28,20.372825622558594,20.614162155106175,19.76948429118963,20.2320459785725,26070000
1999-07-29,19.870046615600586,20.151605980598973,19.62871001703054,19.870046615600586,32851000
1999-07-30,19.990711212158203,20.533718458363705,19.950488453180014,20.010822591647294,30931600
1999-08-02,19.890151977539062,20.59405017694641,19.709149583405743,19.849929223287216,28405600
1999-08-03,19.668930053710938,20.131491803440333,19.387370727788692,20.111380423017316,32937000
1999-08-04,19.467815399169922,20.171713683230816,19.40748126053613,19.769486092338877,39040000
1999-08-05,19.789596557617188,19.809707936232652,18.784027626843958,19.6689282859244,57323800
1999-08-06,20.03093719482422,20.352719318435852,19.62870954030968,19.789600602115495,39723000
1999-08-09,19.24658966064453,20.553829292767723,19.18625552377731,20.312492745298826,43451800
1999-08-10,18.90469741821289,19.50803882517713,18.070075138579025,19.30692502285572,76086600
1999-08-11,20.252161026000977,20.27227240735748,19.347148864958232,20.091269975148933,75945000
1999-08-12,19.849929809570312,20.413048385728334,19.82981843185038,20.292380119408758,43322200
1999-08-13,20.453275680541992,20.453275680541992,20.03093665469009,20.13149356560721,41463800
1999-08-16,20.433155059814453,20.73482565616998,20.15159583654929,20.513600552175927,29650400
1999-08-17,20.674495697021484,20.83538671411893,20.31249090855224,20.674495697021484,28298200
1999-08-18,20.372825622558594,20.634273532818476,20.332602867133996,20.513605266544683,22717800
1999-08-19,20.03093719482422,20.272273787532946,19.849934750292675,20.151605491178582,27059200
1999-08-20,20.634281158447266,20.634281158447266,20.111385144685443,20.232053455553554,26887800
1999-08-23,21.157169342041016,21.197392097444133,20.654384899502016,20.835387298816055,29975400
1999-08-24,21.35828971862793,21.559403557786382,20.93595065639517,20.93595065639517,37240600
1999-08-25,22.082300186157227,22.223079877690104,21.438735882006924,21.559404189035106,40614200
1999-08-26,22.182844161987305,22.62529436286103,21.840950824948514,21.840950824948514,71319400
1999-08-27,22.04207420349121,22.48452459808684,21.92140591405604,22.404079071796723,31159600
1999-08-30,21.47895050048828,22.20296006792047,21.277836731757116,22.182848691047354,30237800
1999-08-31,21.82083511352539,22.082282907512333,21.237605419246833,21.63983279461136,40630200
1999-09-01,22.182844161987305,22.243178280288266,21.680059842812614,21.941507688783453,29680800
1999-09-02,21.961618423461914,22.042063912192543,21.478945491078136,21.961618423461914,32987200
1999-09-03,22.826419830322266,22.826419830322266,22.44430355122436,22.48452631744519,41353000
1999-09-07,22.64541244506836,23.087862777032395,22.625301066342722,22.826414853599104,29664600
1999-09-08,22.182844161987305,22.80629671776392,22.082287298152366,22.484514753492117,29108600
1999-09-09,22.50463104248047,22.585076551122047,22.082292122112204,22.50463104248047,27047000
1999-09-10,22.76607322692871,23.067743808557626,22.504625389516985,22.90685283168887,26933600
1999-09-13,22.7459659576416,23.349307229727586,22.725854581905402,23.12808209662939,40052600
1999-09-14,23.1481990814209,23.208533223249102,22.685637327404667,22.826416991670477,30686800
1999-09-15,22.685636520385742,23.409646196568268,22.685636520385742,23.38953481667431,29886800
1999-09-16,22.685636520385742,22.94708445900721,22.283408922506563,22.92697307911325,35386600
1999-09-17,23.650985717773438,23.671097100186508,22.826419038837457,22.886753186076675,52056200
1999-09-20,23.550416946411133,23.65097380783902,23.24874636212747,23.65097380783902,27081800
1999-09-21,22.88674545288086,23.469975345792587,22.806299950410278,23.429752594557296,31278600
1999-09-22,23.24875259399414,23.3291981047,22.625299886023708,22.947081928847158,34365600
1999-09-23,22.323627471923828,23.449864533570434,22.122513710915506,23.40964178136877,38786600
1999-09-24,22.20295524597168,22.444291716036588,21.458834463271543,22.082287010939226,57435400
1999-09-27,21.921403884887695,22.605190795058505,21.760512847200445,22.564968035636692,39346400
1999-09-28,22.001848220825195,22.14262787123267,21.19739307563963,21.840957191788082,48341400
1999-09-29,21.499065399169922,22.363854746376944,21.478954019002316,22.12251818436568,34538000
1999-09-30,22.062183380126953,22.182851657502308,21.3582850954374,21.680067168438338,38812200
1999-10-01,22.162738800048828,22.202961556491747,21.55939745340503,21.861068126726927,34812000
1999-10-04,22.685636520385742,22.725859280173662,22.021960983885098,22.223074782824686,26348000
1999-10-05,23.04764175415039,23.449869358934865,22.60519138888747,22.8867507122366,40120200
1999-10-06,23.143171310424805,23.490092627048597,22.886751206833306,23.268867439636324,27806600
1999-10-07,22.806306838989258,23.339258453833363,22.665527167143644,23.168311709449405,29225000
1999-10-08,23.107973098754883,23.168307232171998,22.3437407421381,22.826413809475017,30828400
1999-10-11,23.3090877532959,23.409644646105633,23.107973967676436,23.228642239048114,17772200
1999-10-12,23.087858200073242,23.44986294537056,22.685630705298447,23.30908332219938,23617400
1999-10-13,22.62530517578125,23.14820111762153,22.404079969618056,22.745973470052085,33096600
1999-10-14,22.323627471923828,22.625298113436312,22.042068206512177,22.60518673733548,42707400
1999-10-15,21.619726181030273,22.082287764438362,21.398501075922056,22.001842271671737,56896000
1999-10-18,21.68006134033203,21.921397830205855,20.9359404965544,21.539281721238964,50957000
1999-10-19,21.68006134033203,22.20295706839199,21.519170347082813,22.182845694235834,40404800
1999-10-20,22.50463104248047,22.524742419640866,21.861066973347874,22.202960385074565,36908600
1999-10-21,22.2632999420166,22.303522706139486,21.740404008419105,21.96162921109497,37816000
1999-10-22,21.418615341186523,22.82641165469174,21.35828121346487,22.50462964017626,51369400
1999-10-25,21.398508071899414,21.861069806536335,20.956057717029314,21.7404015279354,74015400
1999-10-26,21.63983917236328,22.1225121650554,21.619727797667778,21.820841544622827,38695000
1999-10-27,22.2632999420166,22.363856852323813,21.478956041620354,21.80073815460343,38332600
1999-10-28,22.826419830322266,22.866642596543098,22.34374663567228,22.48452631744519,40276400
1999-10-29,23.811861038208008,23.972751991168874,23.248742702844982,23.329188179325413,56607600
1999-11-01,23.449871063232422,23.81187593384836,23.288980009625337,23.49009382663419,31411400
1999-11-02,23.650985717773438,23.972767836382598,23.38953774640349,23.650985717773438,33270200
1999-11-03,23.00741958618164,23.912431720253473,22.86663992088158,23.81187481646771,47719800
1999-11-04,22.524742126464844,23.691201986585344,22.484519372667584,23.449865463801792,63778000
1999-11-05,23.630859375,23.65097074468085,23.007406914893618,23.06774102393617,43893000
1999-11-08,24.23421287536621,24.43532667516178,23.57053733604083,23.650982855959057,50149600
1999-11-09,23.89232063293457,24.6163303490841,23.691206822893033,24.59621896807995,56435600
1999-11-10,25.581680297851562,25.64201444949744,24.83755909421909,24.83755909421909,84182400
1999-11-11,26.949249267578125,27.090028927931144,25.64200956430008,25.702343704451373,55408200
1999-11-12,26.84869956970215,27.170481736829664,25.90346445376507,27.170481736829664,41353200
1999-11-15,26.6475830078125,26.94925375884434,26.36602364018278,26.88891960863797,25344800
1999-11-16,27.19058609008789,27.351477132041076,26.667690203740047,26.828581245693233,37070800
1999-11-17,27.271032333374023,27.733594091240988,27.190586810266726,27.351477856481324,38131200
1999-11-18,28.296714782714844,28.31682616493426,27.35147981840241,27.673261933913025,30482600
1999-11-19,28.357051849365234,28.517942923687876,27.914601394977975,28.216272159332924,35320400
1999-11-22,28.155941009521484,28.4375004196167,27.874381599426272,28.377166260310585,27224400
1999-11-23,28.477703094482422,28.799485050352278,28.155921138612563,28.719039561384815,48103800
1999-11-24,29.744722366333008,30.22739534590839,28.67881953643737,28.839710529629166,49164200
1999-11-26,29.986061096191406,30.68995924398933,29.865392842283192,30.64973649268659,24342000
1999-11-29,29.84528160095215,30.730182133594933,29.805058849468384,30.207286364306015,46741400
1999-11-30,28.69894027709961,29.805066216301068,28.437492327833812,29.805066216301068,43533600
1999-12-01,29.422945022583008,29.523501909194703,28.698935438978776,29.08105160810323,39542400
1999-12-02,30.086624145507812,30.16706966461345,29.42294861288632,29.885510347743725,39396200
1999-12-03,30.750301361083984,31.212863121257254,30.247516839156514,30.529076171435896,49795400
1999-12-06,31.61509132385254,31.816205136345243,30.669856405136848,30.89108159887882,36850800
1999-12-07,32.660865783691406,32.96253634203831,32.19830426089282,32.47986344868326,55914600
1999-12-08,32.15810775756836,33.1435657188697,31.856436953088355,32.821783527424365,41666800
1999-12-09,31.735746383666992,32.82176051846928,30.891068723265207,32.801649145602575,48570000
1999-12-10,32.11786651611328,32.218423393120524,31.092186370639407,32.13797789151473,33256600
1999-12-13,32.56031799316406,32.74132037854916,31.615083313930764,32.178201846239965,36838200
1999-12-14,31.514537811279297,32.68099804934835,31.454203661034345,32.47988421519851,41910600
1999-12-15,30.850858688354492,31.051972499882226,29.885512393021365,30.649744876826755,90774200
1999-12-16,31.49441146850586,31.77597070257935,31.232963608294764,31.660330302870594,42678200
1999-12-17,32.07765197753906,32.42457329202969,31.775981269286348,32.419545446892144,57102400
1999-12-20,33.22399139404297,33.324548268722275,32.198311272314044,32.419536396608514,38061000
1999-12-21,33.465335845947266,33.62622688366817,32.78154893563344,33.485447225662384,39562800
1999-12-22,32.982662200927734,33.78711737656012,32.339098060421826,33.60611496204283,30393400
1999-12-23,33.606109619140625,33.78711200488106,33.203882095272995,33.42510723340019,21218200
1999-12-27,33.84746170043945,33.86757308588238,32.841892428293306,33.78712754411069,26471200
1999-12-28,33.84746170043945,34.43069187828422,33.183785980823,33.767016158667765,26290400
1999-12-29,34.14912033081055,34.4306796268243,33.68655863021653,33.927895169656885,18297400
1999-12-30,34.16924285888672,34.430690861927054,33.807237931600106,34.39046809222854,17842400
1999-12-31,34.47091293334961,34.49102431779147,34.08879662895425,34.33013324225658,10726400
2000-01-03,34.77257537841797,35.476473665430476,33.32455604513509,35.37591676728583,53076000
2000-01-04,32.8217658996582,34.4306759927787,32.741320395002184,33.94800296484256,50805600
2000-01-05,32.721214294433594,33.6262263677277,31.29330635656956,32.19831842986367,68524000
2000-01-06,32.17820358276367,32.78154489994049,31.73575328350067,32.43965148687362,48242600
2000-01-07,34.06868362426758,34.10890639123838,31.97709974178598,31.97709974178598,62260600
2000-01-10,35.335697174072266,35.39603131836493,34.149125669649806,34.91335816402359,50583000
2000-01-11,34.26978302001953,35.27535177060696,33.78711001973757,34.79267877032499,43210200
2000-01-12,33.40501022338867,34.59158192909604,33.30445329917618,34.39046808067106,40757800
2000-01-13,34.16924285888672,34.269799783133,33.38489884976572,34.10890870433895,34494400
2000-01-14,34.61167907714844,35.15468624454124,33.787112637774186,34.83290421941958,43623000
2000-01-18,36.03959655761719,36.20048761367798,34.51113152503967,34.59157705307007,59568600
2000-01-19,36.14015579223633,36.36138100854941,35.09436386057451,35.93904195922444,45597000
2000-01-20,36.1602668762207,37.04516773414824,35.85859612919995,36.482049006376165,41731200
2000-01-21,37.08538818359375,37.12561094735035,36.18037599907004,36.96471989232392,44974600
2000-01-24,35.094356536865234,37.24627410101686,34.91335412492725,37.24627410101686,43787800
2000-01-25,36.07982635498047,36.321162986117464,34.45080409480577,34.91336597115167,55379800
2000-01-26,34.49100875854492,35.95913916051214,34.43067463243668,35.85858228366507,35308800
2000-01-27,34.31000900268555,35.59713712470892,33.38488566498125,35.01390719441708,47908600
2000-01-28,33.42511749267578,35.1949191409041,33.143558139548546,34.28990693442371,49564400
2000-01-31,35.235145568847656,35.27536833776186,32.17821513136772,33.12345020085165,66914600
2000-02-01,37.909950256347656,38.01050715357935,35.255248169431,35.32563799749318,87263000
2000-02-02,36.642940521240234,37.88984629089824,36.3613811538981,37.36695032297714,68449200
2000-02-03,37.909950256347656,38.171398189150054,36.844047145691725,36.96471542236976,48675200
2000-02-04,38.97584915161133,39.41829945157802,38.1713940607628,38.473064719831,52970000
2000-02-07,40.2830924987793,40.343426636321155,39.43841457319331,39.921087673528156,48933400
2000-02-08,40.48421859741211,41.18811708271237,39.80043149740614,41.14789431212378,72100800
2000-02-09,41.44953918457031,43.44056508426583,40.68530702105082,42.87744664798831,107807600
2000-02-10,43.74226379394531,43.84282072220726,41.36912028696345,42.03279601349227,64314000
2000-02-11,42.13335037231445,42.99813990262926,41.228338073147796,42.837248827221856,75471000
2000-02-14,41.99256134033203,42.77690515847042,40.846212683052855,42.77690515847042,49103800
2000-02-15,41.18810272216797,41.87188958376646,40.3233134560287,41.75122131407261,61367200
2000-02-16,40.92162322998047,41.67077200271263,40.78587143894846,41.147876215033804,46274000
2000-02-17,41.99256134033203,42.03278410023657,41.06743786252778,41.48977684152538,39656600
2000-02-18,40.48421859741211,42.093129420955556,40.40377305623493,42.05290665036697,41600000
2000-02-22,39.88087463378906,40.88644383786847,39.01608511828078,40.72555276521576,61144400
2000-02-23,44.6070442199707,44.72771250911399,40.64510205976591,40.86632725652861,105707800
2000-02-24,44.16460037231445,44.325491448352025,42.63613514995748,44.16460037231445,74976000
2000-02-25,42.71657943725586,44.164599079196734,42.17357207152803,43.96348524003828,46451200
2000-02-28,42.012664794921875,42.85734259357516,41.06743011547653,42.07802676743671,52048400
2000-02-29,42.53556442260742,43.09868300598001,41.59535750215499,42.590870712045806,41688600
2000-03-01,42.37467575073242,43.5612471172693,41.831668515198594,42.69645781623395,39469400
2000-03-02,42.71657943725586,42.957916044246005,41.81156716104281,42.193683455443875,31939200
2000-03-03,44.224918365478516,44.70759141721634,43.078569867601175,43.279683639158606,38053800
2000-03-06,43.802581787109375,44.405923134039256,43.25957457487248,44.14447521703631,33787600
2000-03-07,42.49534225463867,44.34558905417808,42.07300331126555,44.325477675922215,42309600
2000-03-08,42.59590148925781,43.44057942247256,41.831669073492094,42.877460800329395,48042400
2000-03-09,44.82825469970703,45.04445198011163,42.51544658375086,43.07856508154888,67248600
2000-03-10,43.883026123046875,45.652827359906695,43.78246923458893,44.767926741476785,48013600
2000-03-13,43.82269287109375,45.0595426239952,43.1187946377352,43.440576687270536,47557200
2000-03-14,42.3947868347168,44.446147488009544,42.37467545576295,44.06403128788639,58617400
2000-03-15,41.38921356201172,43.44057400094525,40.74564950273846,42.9579009564903,62863600
2000-03-16,42.36964797973633,42.917683060997895,40.001533087312474,41.751223071523725,75486200
2000-03-17,43.440582275390625,43.74225298563639,42.15345391167534,42.15345391167534,53047600
2000-03-20,43.15901565551758,44.003693501524914,42.656231223370355,43.44057493752002,39242200
2000-03-21,45.326011657714844,45.49193050238535,42.776894862322564,43.27967924011197,57357400
2000-03-22,46.4572868347168,47.22151925883768,44.68748543148949,45.572386133103144,59111600
2000-03-23,50.077327728271484,50.80133728578866,46.3366116810994,47.06062123861658,76967200
2000-03-24,51.082916259765625,52.32982208972841,50.358906423013046,51.56558948426735,64910400
2000-03-27,51.52534484863281,52.7722501494194,50.88178082242038,52.41024538467491,47360000
2000-03-28,50.1175537109375,51.80690945400281,49.876217176213885,51.20356811719377,42658000
2000-03-29,48.951080322265625,50.670602658976264,48.2672936620532,50.15776266381695,54776100
2000-03-30,47.38240051269531,49.39353805567898,45.53215397315033,48.18685552988878,67081600
2000-03-31,49.755523681640625,50.077305564787856,46.49748211477491,47.85499943430229,53212600
2000-04-03,46.939964294433594,49.55444388238406,46.33662285106041,49.473998356600966,61832400
2000-04-04,47.06062316894531,47.94552377554086,41.18810096153846,47.62374173677885,10846100
2000-04-05,46.41706466674805,48.1868660925166,45.12993635709819,45.2103818764513,64975400
2000-04-06,46.215946197509766,47.78463366635475,45.532159352115805,47.54329713268629,43823900
2000-04-07,48.22710037231445,48.26732314159912,46.09529360022716,46.98019452448981,44893800
2000-04-10,46.69862365722656,48.910875423934115,46.65840089783188,48.54887058938197,42264200
2000-04-11,45.04948425292969,47.42262672696795,44.08413816179548,46.41705788203648,58865900
2000-04-12,41.831668853759766,45.49193987846375,41.67077781970684,44.88859850076529,94231500
2000-04-13,39.337860107421875,42.79701754018085,39.337860107421875,42.545625284893134,104047300
2000-04-14,36.68315887451172,39.297638399559155,35.43625325487371,39.17697011378773,14575300
2000-04-17,42.79701614379883,42.87746166286612,36.47198720713307,36.64293393515106,12074800
2000-04-18,44.566810607910156,44.7277016209351,43.11879149068564,43.8428010492979,80723900
2000-04-19,42.55568313598633,45.04949443507059,42.3947920844325,44.888603383516774,51863900
2000-04-20,41.912109375,43.561242277471216,41.55010459153071,42.957900971689064,36551400
2000-04-24,40.82609558105469,41.02720935238993,38.131171045162404,39.619412953043216,58933700
2000-04-25,42.47523498535156,42.51545774575436,40.5847652464202,41.91211633971243,54357600
2000-04-26,42.95790100097656,44.40592013584094,42.394782448529305,42.67634172475293,51055200
2000-04-27,44.40591049194336,44.486355981965,41.1880908910779,41.34898187112117,51540300
2000-04-28,44.6170768737793,45.049471353286286,43.80256634261497,44.64724393048909,34352200
2000-05-01,45.97461700439453,46.256176338629665,44.72771138135321,44.96904795355476,40694200
2000-05-02,43.76234817504883,46.135490217629595,43.5210116961423,45.693040006300976,31282300
2000-05-03,42.51546096801758,43.52103005429993,40.94677319341712,43.48080729084863,47312400
2000-05-04,40.94676971435547,42.797016675907884,40.86632419428798,42.11322975533417,40026500
2000-05-05,43.60147476196289,43.75231012207116,40.86632689866632,41.06744071214401,45085600
2000-05-08,40.3836555480957,41.59033848279976,39.98142790319435,41.22833360238854,67640000
2000-05-09,40.3836555480957,40.986997015447734,39.136749848901516,40.886440104222395,70498200
2000-05-10,37.64849090576172,39.57918274708283,37.40715442559658,38.93561879997579,91957600
2000-05-11,38.77473831176758,39.33785691795507,37.36694179629884,38.533401766258656,53912000
2000-05-12,38.57362365722656,40.5445387346031,37.809391280284636,38.69429192727002,43915500
2000-05-15,38.61385726928711,38.69430280526479,36.68316440582275,38.25185235738754,50519100
2000-05-16,38.97584915161133,40.07191921289245,37.80938926988096,39.33785394249317,50845600
2000-05-17,37.32672882080078,38.37252079207322,37.32672882080078,38.13118418331804,43334300
2000-05-18,35.63736343383789,37.52783305165999,35.47647240253388,37.32671926252998,75639200
2000-05-19,34.39044952392578,35.43624097143697,33.74688555622659,34.742398568761274,82841000
2000-05-22,35.55692672729492,35.71781779845915,32.17821423284608,34.22957539019002,92259800
2000-05-23,32.5301628112793,35.79826263003224,32.33910466802913,35.476480494031954,67684700
2000-05-24,35.47645950317383,35.71779596237909,32.29886279030452,32.499976506308904,97110300
2000-05-25,35.07426071166992,37.60829560253598,34.79270127935147,36.079830112807244,76771500
2000-05-26,35.355796813964844,35.99936080602791,33.867555082318994,35.15468306644513,36022200
2000-05-30,38.53340530395508,38.61385082651031,36.683158285184795,36.99488468508631,51328600
2000-05-31,36.642940521240234,38.7747471596878,36.28093562037178,37.930069057661406,49611300
2000-06-01,39.217193603515625,39.337861891526444,37.246278232672275,37.69878431271284,52127600
2000-06-02,41.4294319152832,42.31433240279411,40.8260906737985,41.55010016358015,61997000
2000-06-05,40.70542907714844,41.87188900129597,40.1825332490823,40.98698836918405,36758700
2000-06-06,39.45852279663086,41.067433002405814,39.337854531197735,40.38364616495146,30704100
2000-06-07,40.46410369873047,40.866331369692006,39.33786622003817,39.6596483568074,32483900
2000-06-08,40.98698043823242,41.83165815089472,40.38363921490221,41.06742593467645,36633200
2000-06-09,41.4294319152832,41.831659409606345,41.18809541868932,41.50987741414783,23956400
2000-06-12,39.981422424316406,41.6707783014002,39.981422424316406,41.50988726548745,22663400
2000-06-13,41.831668853759766,41.831668853759766,39.57919437701886,40.14231299620408,33430700
2000-06-14,41.95234298706055,42.79702103377989,41.26855599685918,41.711006402283594,33894400
2000-06-15,42.79701614379883,42.87746166286612,41.59033335778946,42.153451991260496,38430500
2000-06-16,43.64167022705078,43.72211570212369,42.34448694150019,42.95788368893109,49657300
2000-06-19,44.36568832397461,44.56680205164449,42.636110266013674,43.11878321242138,34616900
2000-06-20,43.199241638183594,44.767929183704226,42.877459577563975,44.204810577619895,34001500
2000-06-21,43.40037155151367,43.601485414124944,42.31435669341277,42.354579465935025,27600800
2000-06-22,41.550113677978516,43.199246941092866,41.46966815294855,43.15902417857788,27506900
2000-06-23,40.303199768066406,42.435005743822416,40.222754259547315,41.55010515011237,25132300
2000-06-26,40.42387771606445,40.94677364672001,39.29764032696017,40.59482446262493,40313100
2000-06-27,40.06187438964844,41.992567131318246,39.98142885874553,40.26298821690571,31635200
2000-06-28,40.906551361083984,41.46967006221985,39.98142778064649,40.42387818868181,29624000
2000-06-29,39.378089904785156,40.8763880140326,38.93563945641678,40.34343633758888,36168100
2000-06-30,40.906551361083984,40.986996889817675,38.69429932090737,39.13674972894269,34402600
2000-07-03,41.59033966064453,41.75123072316153,40.62499328554253,40.785884348059525,14879800
2000-07-05,39.820533752441406,41.67078077528212,39.53897442287869,41.06743935479058,27383000
2000-07-06,41.67076873779297,41.751214237286774,39.17695825348489,40.061858747916794,34561900
2000-07-07,42.07300567626953,42.43501050522405,40.94676843063325,41.590332570996836,30196900
2000-07-10,40.624969482421875,42.23387916489403,40.54452399829827,41.34897883953435,29138500
2000-07-11,39.981422424316406,41.55011002446564,39.65964035249092,40.544541050011,33011500
2000-07-12,41.10765838623047,41.590331478828084,39.96130979131112,40.78587632449872,32863700
2000-07-13,41.99256134033203,43.18918844749188,41.10766062243231,41.22832890214591,58366200
2000-07-14,43.92323684692383,44.24501880184634,42.51544079413781,42.837222749060324,58353300
2000-07-17,44.80815124511719,44.88859675902225,43.36013199482615,43.521023022636264,41995400
2000-07-18,43.27967834472656,44.48636082645686,43.15901009655354,43.92324233498272,29673200
2000-07-19,42.998130798339844,43.722140484373625,42.636125955322946,43.199244600015895,24010200
2000-07-20,44.727699279785156,44.8885902843887,43.23945748720237,43.27968023835326,43828700
2000-07-21,43.84280776977539,44.808153995898884,43.59141552338906,44.164589845149884,29126500
2000-07-24,42.51546096801758,44.3254853233258,42.394792677663695,43.72214387155639,29325800
2000-07-25,43.84280776977539,44.325480882837134,42.435011190011956,42.8774615436519,32776100
2000-07-26,44.124366760253906,44.48637159237997,42.7165701908748,43.15902054125109,44805400
2000-07-27,43.76234817504883,44.40591211879954,42.95789324536043,43.67184699545888,34568500
2000-07-28,40.42387771606445,44.405931341826026,39.860759021512315,43.27969395272174,56395700
2000-07-31,42.11322784423828,42.47523266811426,40.26298096664998,40.47415044724429,51109200
2000-08-01,40.66520309448242,42.23389045421023,40.10208455509295,41.67077191482076,34942900
2000-08-02,39.217193603515625,41.50989107572116,39.096525315504806,40.70543582231571,45361900
2000-08-03,41.4294319152832,41.75121391074172,37.64849346864571,38.372502958427354,61286400
2000-08-04,42.19367218017578,43.03835007892096,41.55010806684612,42.17356080163423,41593000
2000-08-07,42.63611602783203,43.279680043346474,41.99255201231759,42.60594896460479,39458000
2000-08-08,42.1534538269043,43.078577336464214,41.75122621405215,42.475235917186005,46360200
2000-08-09,43.64167022705078,45.049466040826616,43.27966558922272,44.32545676517047,94337400
2000-08-10,40.78588104248047,42.87746468568459,40.624989993003226,42.87746468568459,59673700
2000-08-11,41.38921356201172,41.75121834535293,39.9009716749423,40.42386747310182,48999400
2000-08-14,41.50989532470703,41.55011809149453,40.1423212539318,41.18811319040697,29087500
2000-08-15,40.66520309448242,41.710994667634296,40.504312083228285,41.30876713949896,33757400
2000-08-16,40.584754943847656,41.348987197497905,40.10208194154223,40.86631419519249,35195300
2000-08-17,40.82609558105469,41.50988240359452,40.07191893854752,40.46409079265125,34739500
2000-08-18,40.866310119628906,41.389205819978486,40.544528150183005,40.90653286580964,41693400
2000-08-21,42.1534538269043,42.1534538269043,41.26855307862959,41.26855307862959,41781800
2000-08-22,41.711002349853516,42.75679411561648,41.50988854874526,42.19367547251335,40985800
2000-08-23,43.23945236206055,43.27967510844386,41.30876053566156,41.50987426757813,43615700
2000-08-24,42.79701614379883,43.44058029633715,42.233897510327786,43.319912017736215,26958500
2000-08-25,42.1534538269043,43.11880009774943,42.1534538269043,42.71657248489729,21182500
2000-08-28,42.51546096801758,43.138913801512636,42.23390162385852,42.31434715076111,25397800
2000-08-29,42.83723068237305,43.360126455960696,42.31433490878539,42.51544866785757,25801700
2000-08-30,42.83723068237305,43.07856719325965,42.595894171486435,42.71656242692974,24561800
2000-08-31,44.16460037231445,44.36571421736142,42.99814007104203,43.078585609060816,46835300
2000-09-01,44.124366760253906,44.80815366538091,43.84280744637809,44.325480555879494,33141800
2000-09-05,42.47523498535156,43.963477120254986,42.23389842293479,43.48080399542144,32365000
2000-09-06,41.34899139404297,43.07856982784049,40.86631834275064,42.71656503937124,37317100
2000-09-07,42.63611602783203,42.9176752846196,41.34898799680314,41.83166100843897,30302700
2000-09-08,41.10765838623047,42.435009390873915,40.74565356678225,42.31434111772451,35967700
2000-09-11,39.378089904785156,41.10766893022516,39.17697606461771,40.86633232202423,53535500
2000-09-12,37.88983154296875,40.464087613828625,37.407158529682526,39.58924277724734,76982100
2000-09-13,39.45852279663086,39.81047190414413,37.32671677397904,37.48760779455653,75426600
2000-09-14,39.41831588745117,40.745667340804125,38.96580971017176,40.30321685635314,48069600
2000-09-15,40.3836555480957,41.027219779937866,38.49318561705935,39.49875472931273,75803700
2000-09-18,38.6540641784668,40.26297423792432,37.64849539130585,39.61941021414131,59433800
2000-09-19,39.900978088378906,39.94120084854864,38.010508360401275,38.57362700277759,50635000
2000-09-20,40.624969482421875,40.94675141891631,39.25739625232055,39.45850996262956,61998200
2000-09-21,39.337860107421875,40.46409741111084,38.654073173039286,39.61941943334411,48728100
2000-09-22,38.8149528503418,38.93562109754493,37.60827037831044,37.64849312737816,55306500
2000-09-25,36.80382537841797,39.48869460684354,36.6027115785359,39.07641131708531,59634900
2000-09-26,35.516693115234375,38.090949467867446,35.47647035972448,37.447385379709175,72577600
2000-09-27,36.88427734375,37.0853911787759,35.59714879958424,36.36138137268266,56557200
2000-09-28,38.2518424987793,38.45295628689065,35.154690161864465,36.28092737528804,90508900
2000-09-29,35.55692672729492,38.171406633713666,35.516703959503864,37.879791567228494,44248700
2000-10-02,35.717811584472656,37.9501748085022,35.13458155296944,36.92449440827241,76637400
2000-10-03,36.200477600097656,38.211615244547524,35.99936383565267,36.683150634765624,65208200
2000-10-04,37.688724517822266,38.01050658414305,35.55691832844705,36.401596252539115,56870600
2000-10-05,37.045162200927734,37.8898401664212,36.20048423543427,37.20605324197411,47457200
2000-10-06,36.1602668762207,37.487618163112,35.154697719484865,36.8842766690705,54803700
2000-10-09,34.55134582519531,35.758028450056614,34.028450021088744,35.677582941732524,45976900
2000-10-10,32.9022216796875,34.99380545394636,32.620662325460344,34.108904626375306,61859800
2000-10-11,32.942447662353516,34.3502445710011,31.031866143474648,31.373759678431917,93499900
2000-10-12,32.05753707885742,34.51112523671225,31.69553226868212,33.867561129733936,78347800
2000-10-13,36.07982635498047,36.1602718986928,31.574875907089933,31.574875907089933,73929500
2000-10-16,35.07426071166992,35.878716232579784,34.67203295121499,35.516711248170346,51407200
2000-10-17,35.11446762084961,36.039591051868555,34.35023522131222,35.67758623103506,52349400
2000-10-18,33.626224517822266,35.24519047098297,32.178205280212694,33.94800657062439,66281300
2000-10-19,37.487613677978516,38.05073233837733,34.91335694472677,35.436252843668534,72023700
2000-10-20,36.88427734375,38.25185142192612,36.522272440703375,37.0853911787759,51194000
2000-10-23,35.959144592285156,37.16582729672426,35.355803240065605,36.20048113317298,45486800
2000-10-24,35.31557083129883,36.84403517251677,34.79267513561901,36.401584968479995,46524900
2000-10-25,32.5804328918457,34.470902454705886,32.4999873785325,33.1837742416947,68796400
2000-10-26,34.47091293334961,34.83291785330311,32.17821510697746,33.063116022419344,83351700
2000-10-27,32.62066650390625,35.15470101654015,32.3793298836554,35.15470101654015,71866300
2000-10-30,30.93130111694336,31.977092832210623,29.1212769943654,31.65531076597454,7360400
2000-10-31,34.67202377319336,35.07425142717472,31.01175212196297,31.13242041815738,87881100
2000-11-01,33.54578399658203,35.31558555035854,32.861997032622924,34.02845714761199,76320300
2000-11-02,35.878700256347656,36.03959128888734,33.86756234960171,33.98823062400647,57679400
2000-11-03,36.52225875854492,36.76359527016527,34.792680425265814,35.637358215937006,59242000
2000-11-06,35.47645950317383,36.68314179920015,35.31556853037032,35.999355164785236,72645200
2000-11-07,36.52225875854492,37.08537728565905,34.10889364234151,34.87312592913926,97458000
2000-11-08,33.54578399658203,36.482045665347606,33.46533847141038,35.95914975173182,59053700
2000-11-09,34.26978302001953,34.43067402011352,32.499982018985655,32.78154126915014,70492400
2000-11-10,32.218414306640625,34.1893285401305,32.17819156718165,33.425096490409935,58042300
2000-11-13,32.4195556640625,33.70668442491858,30.8910902605459,31.413986319643687,75162400
2000-11-14,34.1893424987793,34.470901789945714,33.34466462528004,33.666446672327375,59774300
2000-11-15,34.47091293334961,34.98375323661706,33.10333879130307,34.06868524451239,51065300
2000-11-16,32.86199951171875,34.229573542806186,32.70110844923787,34.02845971470509,32594500
2000-11-17,33.948001861572266,34.55134312688457,32.49998282482274,32.982655837072585,49838500
2000-11-20,32.982662200927734,33.90778565290498,32.13798426651373,32.218429784076974,51552800
2000-11-21,34.55134582519531,34.87312785849166,32.49998536293109,32.7815446420654,57419900
2000-11-22,32.54021072387695,35.07424443908616,32.41954245172413,33.82733896017369,48342200
2000-11-24,33.90778350830078,33.90778350830078,33.1837738960239,33.38488767721192,21082300
2000-11-27,32.982662200927734,35.08430134726734,32.84188254519207,34.551349793410886,40198100
2000-11-28,32.8217658996582,34.229562231138644,32.58042938569013,33.425107184578394,52037000
2000-11-29,33.264217376708984,34.10889520610546,32.379316793531714,33.02288085402427,55316000
2000-11-30,30.810636520385742,32.781551911376475,29.08105770788367,32.298878754399155,10840500
2000-12-01,31.212854385375977,33.223991910206905,30.408399375443604,31.65530464083878,70468000
2000-12-04,29.4832763671875,31.896641417707624,28.960380606241472,31.574859410971605,9501200
2000-12-05,33.54578399658203,33.54578399658203,30.44863127747314,30.73019061557395,90848900
2000-12-06,33.10332107543945,34.47089448560342,32.9927085202056,33.465325801659326,71419200
2000-12-07,32.137969970703125,32.82175656582447,31.534628857360765,32.37930641604007,46448400
2000-12-08,33.7066650390625,34.26978354806832,32.8217645249105,33.42510578455959,55400200
2000-12-11,35.275352478027344,35.878693740479356,33.867556198972665,34.0284472022932,78621500
2000-12-12,34.99380111694336,35.47647423579775,34.31001419856631,35.235137676370556,39485300
2000-12-13,32.9022216796875,35.55692416240067,32.70110785523953,35.51670139751108,54330600
2000-12-14,32.78153610229492,33.82732743807365,32.74131335861112,32.86198158966251,46244400
2000-12-15,31.001697540283203,32.29888177080429,30.327966195748992,32.21843623712857,100237900
2000-12-18,27.633024215698242,32.25863962298398,27.230796788977745,31.53463025488708,126032400
2000-12-19,26.86880111694336,29.6039485360334,26.707910092291,27.673256240205134,99018800
2000-12-20,23.49009132385254,24.7369968564543,22.97725114512117,23.49009132385254,167411300
2000-12-21,25.018556594848633,25.90345731042206,22.625302386820508,23.168309644104202,17161000
2000-12-22,26.707902908325195,27.029684871076103,25.611833097704924,26.02411623747952,61418800
2000-12-26,26.225242614746094,27.23081173340967,25.461010084561774,26.86880685069078,39582600
2000-12-27,26.225242614746094,26.98947514493041,25.42078731981523,25.82301496728066,47381700
2000-12-28,25.461002349853516,26.748130430730786,24.696770051832637,25.903452627655078,56407400
2000-12-29,24.6163272857666,25.420782425824335,23.811872145708872,25.01855485579547,72819200
2001-01-02,21.438732147216797,24.77722139340628,20.996281765191682,24.53588482139258,17384600
2001-01-03,26.587238311767578,26.868797567716708,20.553825684286284,20.95605319278504,161938600
2001-01-04,26.949249267578125,28.638605191814364,26.32579648601475,27.31125410848589,108614900
2001-01-05,23.57052993774414,27.633027418481614,23.53030719041011,27.552581923813545,17850700
2001-01-08,23.52025032043457,23.570528752072953,21.68005972246983,22.484514628683925,92042800
2001-01-09,23.89232063293457,25.008502278665098,23.248756440801653,24.254325491009336,77470000
2001-01-10,23.329193115234375,24.133648050242456,21.649893438405005,22.16273345947266,3324100
2001-01-11,25.17943572998047,25.460994915459484,22.373899560386,22.373899560386,33695100
2001-01-12,24.495664596557617,25.581679283104506,24.13365970104199,25.219674387588878,66957400
2001-01-16,24.777225494384766,24.93811656902363,23.972770121190457,24.455443345107042,48381800
2001-01-17,25.099000930786133,26.57718728368099,24.656550593865223,25.702342299314644,69477200
2001-01-18,26.949249267578125,27.512367908990203,24.6967747019298,25.139225063039294,79187500
2001-01-19,25.983905792236328,28.316826126523797,25.863237499083525,28.276603362139532,78838600
2001-01-22,26.667686462402344,27.31125053992638,25.702340346116284,26.185013404259315,59726300
2001-01-23,27.431909561157227,27.592800526325306,26.02411361593655,26.828568441776937,55443000
2001-01-24,27.391704559326172,27.91460053476118,26.707917514526546,27.75370946539656,70171600
2001-01-25,25.300113677978516,27.31125149021846,25.219668165488915,27.19058322148406,65082100
2001-01-26,24.69676971435547,24.726936778338803,23.28897339513325,23.972760178755472,43833300
2001-01-29,23.97277069091797,24.455443926305577,22.84653314168021,23.248760837836553,12188100
2001-01-30,24.455434799194336,24.817439590629778,24.012984498551017,24.33476653538252,74652700
2001-01-31,24.093429565429688,25.42078044299092,24.012984057698702,24.97833015047051,83891100
2001-02-01,24.6163272857666,24.817441070781037,24.093431444729077,24.133654201731964,46785200
2001-02-02,22.846529006958008,24.85766712376769,22.64541519527704,24.65655331208672,57600300
2001-02-05,22.243186950683594,22.48452351796045,21.559400010065833,22.243186950683594,65876100
2001-02-06,23.00741958618164,23.288978916781765,22.243187117409875,22.373911092331358,91451300
2001-02-07,19.990711212158203,20.956057427634654,19.226478791572678,20.5538298378528,279312700
2001-02-08,19.306928634643555,20.433166138331096,19.266705866654714,20.071161226431528,101508200
2001-02-09,18.140464782714844,19.598539834540592,18.019796502563747,19.21642361406212,134360900
2001-02-12,19.025354385375977,19.226468068096654,17.89911776214019,18.381790600669813,97195000
2001-02-13,18.34157943725586,19.749376104589093,18.019797341865406,19.146034675731993,74303300
2001-02-14,18.90469741821289,19.06558846007002,18.01979668799867,18.62313809496291,73145200
2001-02-15,19.829818725585938,20.232046285942648,19.226477385050867,19.58848218937191,101537700
2001-02-16,18.180683135986328,18.784024390499148,17.68795444480086,18.01979213478291,86437400
2001-02-20,16.772891998291016,18.462248026895868,16.772891998291016,18.45219233624941,103669700
2001-02-21,16.169546127319336,17.175114916331733,16.089100624198345,16.5315508913638,96584700
2001-02-22,17.014225006103516,17.29578428516433,16.169547168921074,16.53155195628498,114885800
2001-02-23,17.3762264251709,17.3762264251709,16.089098541824907,17.01422170797984,100864600
2001-02-26,16.772891998291016,17.577347250007612,16.249996084675228,17.50695741548241,91552600
2001-02-27,15.445536613464355,17.05444667736689,15.244422855476538,16.611996409793694,124980300
2001-02-28,15.244425773620605,16.089103718860798,14.962866458540542,15.686876125889277,118246500
2001-03-01,15.767318725585938,15.767318725585938,14.319299658950493,14.962863688566246,119256900
2001-03-02,14.279082298278809,15.32487424125134,14.118191230129188,15.123760406064315,123632700
2001-03-05,14.852253913879395,15.003089261684535,14.520416148708088,14.761752705196312,82668400
2001-03-06,15.445536613464355,16.048877887427807,15.40531386186679,15.485759365061918,88650300
2001-03-07,15.445536613464355,16.008655135830242,15.16397735228141,15.96843238423268,74824100
2001-03-08,14.681304931640625,15.445537243150685,14.56063667192851,15.284646230201197,78985300
2001-03-09,13.273507118225098,14.289131526513534,13.072393374009566,14.238853090459651,159948800
2001-03-12,12.107048034667969,12.75061204979982,11.825488778047783,12.267939038450931,177487400
2001-03-13,13.756182670593262,13.83662818328679,12.479110156583507,12.479110156583507,135080500
2001-03-14,13.032170295715332,13.534954643543855,12.680221252235365,13.152838539194176,15405900
2001-03-15,13.072397232055664,14.0779662499061,13.032174471341646,13.796406924907977,87632100
2001-03-16,12.831060409545898,12.911505929354965,12.22771901097791,12.629946610023236,10082600
2001-03-19,13.39417552947998,13.474621028155536,12.710388790737758,13.19306178279109,67185500
2001-03-20,12.267943382263184,14.118190580899599,12.24783199966931,13.715962929022117,15255800
2001-03-21,12.428828239440918,12.871278435666971,12.066823533437786,12.38860549432946,3497900
2001-03-22,12.710392951965332,12.83106123948399,11.946160464347162,12.71039295196533,119093500
2001-03-23,12.026605606079102,13.193065681585102,11.87577025148781,13.152842920360758,128395900
2001-03-26,11.50370979309082,12.348387784891194,11.262373224005,12.267942261862588,120308100
2001-03-27,11.664596557617188,11.745042051117997,11.342814583613956,11.543928317365976,104520000
2001-03-28,10.136131286621094,10.94058615063864,9.89479482741583,10.779695177835132,185769200
2001-03-29,9.814352989196777,10.417694361483465,9.653461956586995,10.095912296263899,141756600
2001-03-30,10.17635726928711,10.45791656132272,9.653461441220973,10.01546624526676,99565700
2001-04-02,9.693684577941895,10.377471456883855,9.653461820357073,10.25680318412939,75519700
2001-04-03,8.849007606506348,9.65346284346147,8.728339320963078,9.573017319765958,138417400
2001-04-04,8.808786392211914,9.321626695868087,8.487004240898237,9.09034577461138,161707700
2001-04-05,9.613237380981445,9.774128383173602,9.13056437440497,9.492569129337326,115077200
2001-04-06,8.76856517791748,9.57302069882734,8.607674073735508,9.492575146736355,97979300
2001-04-09,9.32524299621582,9.33167878405667,8.81682741804827,9.112866907471812,75640100
2001-04-10,10.206926345825195,10.45791656431905,9.40890701375575,9.621283116423417,113387300
2001-04-11,11.198014259338379,11.616330647639616,11.088608321397961,11.275242485679092,156531000
2001-04-12,11.571279525756836,11.790091366944742,10.9598945097913,11.069300430385253,87131700
2001-04-16,11.069304466247559,11.802967243899575,10.644552202606786,11.358907612820122,112225600
2001-04-17,10.721776962280273,11.043558986904532,10.200490426089253,10.232668137551276,179699500
2001-04-18,11.539104461669922,12.549499898090353,11.03712402384591,11.519797096849386,140776100
2001-04-19,12.169798851013184,12.227719726866866,11.597027109239304,11.822274823392373,94046600
2001-04-20,12.324251174926758,12.38860782471117,11.841578142795154,12.124746665345974,82599000
2001-04-23,11.152962684631348,11.996031076141065,10.869794216127799,11.938110225140322,86046500
2001-04-24,10.464351654052734,11.075736768192652,10.425738154554669,11.075736768192652,82895500
2001-04-25,10.12326431274414,10.554452364827075,9.898017216749729,10.335640444217749,91861200
2001-04-26,9.788609504699707,10.490093823689909,9.640589449820675,10.406431034900201,102367300
2001-04-27,10.039600372314453,10.264847442806742,9.782174359786827,10.219798151458397,61868800
2001-04-30,10.927719116210938,11.294550490138327,10.618808614745895,10.618808614745895,88925800
2001-05-01,11.455443382263184,11.584156725772331,10.631681911809169,11.011384924909597,84418000
2001-05-02,12.871280670166016,12.90989416847624,12.099003338955663,12.395043432669992,170728200
2001-05-03,12.008905410766602,12.504450037730429,11.699994952724623,12.504450037730429,103489100
2001-05-04,12.639599800109863,12.723263828909653,11.416828132854025,11.539105667829977,103541800
2001-05-07,12.388612747192383,13.06435476967501,12.279206767337898,12.800493505467395,123910800
2001-05-08,13.115837097167969,13.514847418186392,12.742569931860965,13.193065336801002,167326100
2001-05-09,12.311380386352539,12.703954870377993,12.002469920644515,12.227717595536186,119875800
2001-05-10,12.118311882019043,12.710390899607113,12.066826803424474,12.56880724034733,64343100
2001-05-11,12.259897232055664,12.337125474348701,11.93168057793874,12.169798638964844,45258000
2001-05-14,11.950982093811035,12.259892488457012,11.699992551598775,12.182665503545914,40417000
2001-05-15,12.06038761138916,12.658902248321885,11.848011568687298,11.98959518798829,86610500
2001-05-16,12.871280670166016,12.877716457801217,11.712865900851467,11.85444954632294,91196200
2001-05-17,12.781183242797852,13.341083314687163,12.498014698996897,12.871281822756801,101042200
2001-05-18,12.999996185302734,13.122272488725514,12.646035169996761,12.684648674893367,74267000
2001-05-21,14.718311309814453,14.750489023382697,13.006429697459705,13.064350563883416,142051000
2001-05-22,15.110884666442871,15.52920108298175,14.660390536132192,15.065835376161912,148928700
2001-05-23,14.390095710754395,15.078709199068447,14.35791676468754,14.866333065032325,76492600
2001-05-24,14.744056701660156,14.769799860568126,14.061878948116899,14.428710370045808,80093600
2001-05-25,14.190587043762207,14.840586892201118,14.158409331735948,14.795537604363941,46276500
2001-05-29,13.167325019836426,13.86881020669004,13.115839924815129,13.849504063245485,67521100
2001-05-30,12.227717399597168,12.86484568522342,12.111875669937657,12.749003955563909,82251200
2001-05-31,12.39504337310791,12.974250754981911,12.25989428842009,12.28563743883719,57099600
2001-06-01,12.131186485290527,12.871285135055963,11.893067170191372,12.607423887987428,72830000
2001-06-04,12.697515487670898,12.749000550713884,12.234149920284025,12.279199197009047,52929400
2001-06-05,13.862373352050781,14.08118404908985,12.999997232392033,13.038610740398777,88078300
2001-06-06,13.360391616821289,14.158410998529154,13.077223053150377,13.695045262295897,57377300
2001-06-07,14.04256820678711,14.113360649282717,13.128707152530056,13.193063806844147,53177400
2001-06-08,13.186629295349121,13.746530646338126,13.077223340673164,13.701481352207063,51469500
2001-06-11,13.115837097167969,13.193065336801002,12.658907130801303,13.070787802174209,50494800
2001-06-12,13.109397888183594,13.244545725252115,12.388605741315782,12.826229413253298,57859100
2001-06-13,12.24058723449707,13.032170637902809,12.227715660254486,13.012863276538932,57764900
2001-06-14,11.416825294494629,12.234151874950506,11.397517932455973,11.77722079337639,85642500
2001-06-15,10.715340614318848,11.371776204835916,10.554449610417661,11.101479269181885,116601600
2001-06-18,10.61880874633789,11.088610293242242,10.554452084193173,10.811877505270814,54183100
2001-06-19,10.708907127380371,11.275244270175223,10.509402583385034,11.243065325981647,60739500
2001-06-20,10.554448127746582,10.844052385085979,10.387121359895017,10.683161403786487,67861900
2001-06-21,11.378215789794922,11.783660714843572,10.477226112741315,10.670294890859461,82574700
2001-06-22,11.275240898132324,11.925240646435133,11.249497750476367,11.642072159723817,52644300
2001-06-25,11.912370681762695,11.9381126053951,11.436133433303642,11.58415286981774,56218100
2001-06-26,11.597025871276855,11.64851095237293,11.358906604019278,11.564846928403583,62755700
2001-06-27,11.539104461669922,11.745044776417895,11.333164146921948,11.590589540356914,44681200
2001-06-28,11.957423210144043,12.349997778839999,11.87376040128329,11.931681279533557,70696400
2001-06-29,11.712865829467773,12.8712805917224,11.648509181008967,12.079697129931706,87250800
2001-07-02,12.36929988861084,12.510884757078895,11.983162462791263,12.028211747303486,55643700
2001-07-03,12.349998474121094,12.510889538873837,12.099007578405852,12.259898643158596,26024800
2001-07-05,11.313857078552246,12.079698718151667,11.29454971322581,12.034649426557783,55909900
2001-07-06,10.805439949035645,11.320290648497954,10.747519091908522,11.11435036871303,50458300
2001-07-09,11.10147762298584,11.384646091562214,10.83118072741311,10.953458215946211,52767600
2001-07-10,10.425738334655762,11.442569507344327,10.342074318880167,11.397518991733833,68598200
2001-07-11,10.747518539428711,10.811873952927618,10.303459066781437,10.496527762279818,63929500
2001-07-12,11.494053840637207,11.648509058817542,11.255934612087756,11.39108369518365,72525600
2001-07-13,12.06038761138916,12.189100885299698,11.506922252074899,11.622763953094232,70330500
2001-07-16,11.397516250610352,11.912368114826696,11.333160841646459,11.802962201087038,49931700
2001-07-17,11.449007987976074,11.513363427553289,10.927720089391077,11.320294653818989,56759900
2001-07-18,11.037123680114746,11.4425697362114,10.824747583707328,11.101480333344492,50243200
2001-07-19,11.429696083068848,11.976725694864253,11.29454701309547,11.378211015341094,80866400
2001-07-20,11.577717781066895,11.79009388073623,11.230193812290292,11.313856603523208,46501600
2001-07-23,11.757917404174805,12.208411576086895,11.712868109733718,12.11187719835582,64946900
2001-07-24,11.828706741333008,11.957420042795148,11.532667866471504,11.674251516079048,50964300
2001-07-25,12.034650802612305,12.221283778769793,11.783659934674613,11.970294138333376,58461200
2001-07-26,12.472270965576172,12.543063405106349,11.712866404484137,12.041082995485246,68742600
2001-07-27,12.266332626342773,12.613857864222444,12.169798247209942,12.349996655092129,47793000
2001-07-30,12.156926155090332,12.549500671459441,11.938114250310946,12.259896318809906,51555900
2001-07-31,12.36929988861084,12.710389257419134,12.021775959873032,12.25345939736553,61467400
2001-08-01,13.064351081848145,13.090094235724253,12.710391308559597,12.755440600341652,80598700
2001-08-02,13.032170295715332,13.353952278325586,12.581675029060634,13.263853715994987,62708600
2001-08-03,12.903461456298828,13.05148215218627,12.517323926161213,12.787620933758307,46978900
2001-08-06,12.575246810913086,12.87128579499732,12.485146975647107,12.736137883350553,39179100
2001-08-07,12.39504337310791,12.562370168316127,12.124746431233246,12.485141944565806,77109900
2001-08-08,11.571279525756836,12.221279262520817,11.474745178762364,12.02177478173213,88371300
2001-08-09,11.770788192749023,11.912371855429297,11.33316440037219,11.461876486217587,49364900
2001-08-10,11.796529769897461,11.873758001120676,11.294549335699301,11.70643118972129,45855600
2001-08-13,11.7193021774292,11.841579705405177,11.487619926134013,11.764352697473834,32726800
2001-08-14,11.358903884887695,11.841576864932506,11.333161964252422,11.783656009127059,36460900
2001-08-15,10.940587043762207,11.506922774162483,10.908409337574994,11.3267256555128,50466900
2001-08-16,11.249500274658203,11.255936063016266,10.399995851411862,10.702470539234085,55552800
2001-08-17,10.689600944519043,11.095045819685387,10.573759200899744,10.895541276508373,46172300
2001-08-20,10.87623119354248,10.934152050885384,10.425737136709891,10.631677417262035,36904400
2001-08-21,10.303459167480469,10.940587341852982,10.284151806741601,10.876230700224268,40024600
2001-08-22,10.605937004089355,10.631680159548893,10.13613546446371,10.50296683725363,60248300
2001-08-23,10.786136627197266,11.011384352886319,10.457918723050593,10.541581532734401,59888900
2001-08-24,11.74504566192627,11.97029335847715,11.133659232359767,11.26237255253204,85966300
2001-08-27,11.590587615966797,11.796527896522418,11.46831011407406,11.712865117859533,44244000
2001-08-28,10.99851131439209,11.58415458697811,10.947026231994457,11.551976870792537,51378300
2001-08-29,10.99206829071045,11.243057748760801,10.863355055684414,11.191572700250463,57053500
2001-08-30,10.303459167480469,10.747518644467679,10.136132390246145,10.702468136076988,67105100
2001-08-31,10.509403228759766,10.940591287422958,10.136136045700681,10.219799464489874,45434400
2001-09-04,10.149005889892578,10.708905955054076,10.116827562972235,10.36138198831609,56466000
2001-09-05,9.5762357711792,10.425740968149176,9.022770756922787,10.129700785435613,115754400
2001-09-06,9.26732349395752,9.814353265745197,9.241580952564606,9.35742269570802,82669200
2001-09-07,9.241581916809082,9.589106568748612,9.151483319408511,9.170790074029966,59269400
2001-09-10,9.312374114990234,9.473265164457063,8.97772043749892,9.04207710278591,68496800
2001-09-17,9.009899139404297,9.235146863389673,8.366334915161133,8.520790181679331,112436700
2001-09-18,8.733162879943848,9.389598424202925,8.68811359842622,9.13860825485379,81039300
2001-09-19,8.681682586669922,8.919801312987877,7.993068956135549,8.881187797234029,107879900
2001-09-20,8.289107322692871,8.55940434730519,8.141087231238185,8.340592411785629,85365900
2001-09-21,7.780688762664795,8.173262576894409,7.632668725332023,7.6584112604659245,132033500
2001-09-24,8.08316707611084,8.462869459889543,7.9287111929840055,8.096038041683512,106555400
2001-09-25,8.108905792236328,8.404945225635442,7.851479851073832,8.121776751731737,86807900
2001-09-26,7.870787620544434,8.33415388388305,7.722768191474728,8.321282922714172,86325700
2001-09-27,7.233659267425537,7.7227680584259595,7.104946589201864,7.62623370319582,103368100
2001-09-28,7.838611602783203,7.870789319526492,7.3816810282716085,7.4524728643576905,92085300
2001-10-01,7.658412933349609,7.787126250885368,7.465344184547139,7.7549479215014285,66345900
2001-10-02,7.388116836547852,7.761384643016047,7.285146661143104,7.594057801108004,75603400
2001-10-03,8.977718353271484,9.28019362789798,7.175738894832463,7.310887369559152,196280700
2001-10-04,9.280195236206055,9.67276915285186,9.106432618407522,9.235145941406707,137857300
2001-10-05,9.614851951599121,9.640594503278402,8.849010578827343,9.02920844058232,85969500
2001-10-08,9.685641288757324,9.820789794693496,9.23514647355363,9.267324192406958,70666200
2001-10-09,9.389596939086914,9.717814659303533,9.318804520755684,9.679200557145558,62928100
2001-10-10,9.74999713897705,9.782175470916872,9.24158145832991,9.37672996147665,64764600
2001-10-11,10.593064308166504,10.62524324909415,9.975243372368704,10.039600026722914,113145700
2001-10-12,10.90841293334961,11.198016066999742,10.45791753322556,10.708907161222585,125292200
2001-10-15,10.432173728942871,10.715342283623022,10.297025853812132,10.715342283623022,63245200
2001-10-16,10.921283721923828,11.03068968191664,10.45791795298436,10.631680576649634,69242700
2001-10-17,10.039600372314453,11.230194222597135,10.020293007093251,11.19157949215473,87344600
2001-10-18,10.760390281677246,10.799005007787446,9.955935847313386,10.136133606240863,72685700
2001-10-19,10.760390281677246,10.901975155746005,10.284153040493667,10.451479837801571,69947500
2001-10-22,10.831181526184082,10.985636731116195,10.393557831792668,10.63167703991771,61129000
2001-10-23,10.56088638305664,11.178708533971845,10.541579018887052,11.114351880907607,95294000
2001-10-24,11.088610649108887,11.133659945805585,10.631680665469478,10.683165751337317,77814700
2001-10-25,11.416825294494629,11.455438791071014,10.541577855423709,10.863359857729085,88659400
2001-10-26,11.127224922180176,11.474748930485035,11.004947388007531,11.185144567313301,62461100
2001-10-29,10.567323684692383,11.358907316509784,10.50296702241021,11.088610316925642,84832900
2001-10-30,10.663857460021973,10.921282867060595,10.335639605734789,10.406432052983348,76335100
2001-10-31,10.889105796813965,11.204452092562269,10.689601247973453,11.030689472200578,85724000
2001-11-01,11.365340232849121,11.391083382255793,10.747519377100119,11.037122442919618,73546100
2001-11-02,11.107915878295898,11.371777046011706,10.940589074561307,11.288114257894929,71976400
2001-11-05,11.519797325134277,11.577718193242585,11.326728583107334,11.49405539903121,103486600
2001-11-06,11.886627197265625,12.002468919115152,11.532667471615161,11.732171977299915,123928900
2001-11-07,12.182668685913086,12.530192663795127,11.738609110423873,11.777222612966074,119637700
2001-11-08,12.285640716552734,12.800491587243261,12.16979896377204,12.382175101369544,122071800
2001-11-09,12.35643196105957,12.465837913800765,12.11187690081399,12.221282853555184,61623000
2001-11-12,12.39504337310791,12.452964234045407,11.905934562691805,12.343558299774687,71411500
2001-11-13,12.600984573364258,12.845538382422955,12.292074111131885,12.8004890934517,108595300
2001-11-14,12.800485610961914,12.864842246626777,12.465833315005941,12.75543633424673,75208500
2001-11-15,12.961383819580078,13.006433121435395,12.684650991038659,12.723265730487284,80721400
2001-11-16,12.884154319763184,12.935639401632818,12.671778203613293,12.935639401632818,53364600
2001-11-19,13.32821273803711,13.334648526731378,12.90989629291907,12.96138137497204,64166100
2001-11-20,12.73613166809082,13.366824069666084,12.613854169009619,13.25098235764188,72911700
2001-11-21,12.324251174926758,12.678212134990533,12.034648092148393,12.62029127293466,69396400
2001-11-23,12.607423782348633,12.71039396436617,12.375740259058475,12.414354997941098,18581100
2001-11-26,12.8262357711792,12.980691044749426,12.459404343012238,12.742571730806953,70098900
2001-11-27,12.67820930480957,13.07078244860774,12.543060247681785,12.729694367643791,75237600
2001-11-28,12.150492668151855,12.84554201867641,12.12475073609612,12.549503048777714,59998800
2001-11-29,12.800485610961914,12.877713819259895,12.30494233959415,12.369297747758283,72872400
2001-11-30,13.154448509216309,13.193062005532244,12.749002501645782,12.839102296384185,74661300
2001-12-03,12.781183242797852,12.993559343773295,12.710390799972341,12.89058918739133,53655700
2001-12-04,13.205942153930664,13.321783945588223,12.768318153225099,12.916337674786773,98810100
2001-12-05,13.862373352050781,14.094055627592528,13.289600383694538,13.360392837957972,19234800
2001-12-06,14.023266792297363,14.09405803113194,13.70791920271021,13.907425021020693,73072500
2001-12-07,13.617818832397461,14.106927788168989,13.501977076096132,13.843066555483226,54959300
2001-12-10,13.347518920898438,13.759399540810104,13.193063688431563,13.456924864000108,61016000
2001-12-11,13.373262405395508,13.759399882398334,13.315341538344862,13.604944646096982,65695400
2001-12-12,13.193061828613281,13.70791253092466,12.858408258360436,13.476230328634989,66607700
2001-12-13,12.234152793884277,12.871281059004897,12.182667718748299,12.639597607142484,91996800
2001-12-14,12.478707313537598,12.684647625957853,12.099004402199842,12.182668421308751,65012300
2001-12-17,12.39504337310791,12.768310461649019,12.356429874983236,12.401479160712185,60579700
2001-12-18,12.626730918884277,12.774750399366528,12.50445336968089,12.626730918884277,51952500
2001-12-19,12.452969551086426,12.72326660836975,12.259899523026052,12.343563570102662,65604400
2001-12-20,11.770788192749023,12.221282334459605,11.635639090985059,12.163361466203781,100945900
2001-12-21,11.706428527832031,12.266328473757286,11.687121167541196,12.086131354379416,90588500
2001-12-24,11.654946327209473,11.905935935205337,11.584153882902491,11.732173332361532,16740600
2001-12-26,11.738609313964844,12.118312240133484,11.622767576828494,11.654946519089222,36264500
2001-12-27,11.899497985839844,12.041081621240268,11.719299627374937,11.854448703098841,38393400
2001-12-28,11.931675910949707,12.189101238734326,11.712864075457587,12.028210255431341,46191700
2001-12-31,11.654946327209473,12.182668696585964,11.62276738547852,11.873758220975498,61550500
2002-01-02,12.375740051269531,12.420789351708152,11.751483179831816,11.86732493953191,55376900
2002-01-03,13.360391616821289,13.38613354397255,12.549500657787206,12.575243812439641,91379800
2002-01-04,13.405435562133789,13.836623410538984,13.141574469714262,13.63711895157559,75753000
2002-01-07,13.212368965148926,13.675734589334288,13.070784103799962,13.51484359416565,58262400
2002-01-08,13.482670783996582,13.572769381220953,13.173759028153423,13.25742306343433,62817100
2002-01-09,13.41831111907959,14.05543940174798,13.212370812863671,13.682172289856366,87613900
2002-01-10,13.514845848083496,13.695044234625,13.186628015901338,13.386132539482269,62846400
2002-01-11,13.006430625915527,13.347520060592375,12.851975380260306,13.231678319475664,72916400
2002-01-14,12.633162498474121,12.999995059477603,12.54949970719331,12.819796673063669,67921100
2002-01-15,12.6653470993042,12.897030667157841,12.45297090460557,12.710396409164266,53271700
2002-01-16,12.189106941223145,12.472274320511392,12.182671151580044,12.472274320511392,59639300
2002-01-17,12.536627769470215,12.543063557460316,12.240588886931887,12.37573675222085,57684100
2002-01-18,12.131186485290527,12.375740362755971,12.099007535952044,12.118314905555133,56076600
2002-01-22,11.622767448425293,12.41435223427822,11.616331660044247,12.3693017156109,67592600
2002-01-23,12.182668685913086,12.240589553476946,11.66781666617891,11.687124031200566,64877200
2002-01-24,12.259897232055664,12.76187773820724,12.131185131568959,12.36930319259506,68395900
2002-01-25,12.311380386352539,12.555935425663865,12.169796729778296,12.24702495995584,55244800
2002-01-28,12.67820930480957,12.858406410978985,12.433654335721473,12.536624461389916,54156300
2002-01-29,12.234152793884277,12.864845271175273,12.124746855782695,12.71682583359696,67690500
2002-01-30,12.446534156799316,12.459405737913231,11.738613153053967,12.395049059845192,84758500
2002-01-31,12.742568016052246,12.749003804012498,12.253460406083464,12.536627711328329,62995800
2002-02-01,12.362862586975098,12.871278684201432,12.292071388912527,12.581674422806584,53772000
2002-02-04,11.783658981323242,12.356431896814373,11.584154442950535,12.227718578670009,57184800
2002-02-05,11.905930519104004,12.201969283351728,11.584148613182274,11.629197883611226,78978700
2002-02-06,11.976727485656738,12.388608089064261,11.757915608221234,12.37573651333252,112316300
2002-02-07,10.97920036315918,11.584150804423752,10.953458444116427,11.532665738837457,160137000
2002-02-08,10.786136627197266,11.133660672616397,10.470790302233134,11.107918741752668,121511000
2002-02-11,11.384649276733398,11.397519625837118,10.786134467121194,10.895540413259996,77809800
2002-02-12,11.107915878295898,11.326727757987207,11.037123438542524,11.152965166320397,62451400
2002-02-13,11.275240898132324,11.35246788609851,11.159399188682203,11.210884256493275,59732100
2002-02-14,11.236629486083984,11.371778596080473,11.146530897753795,11.33316509072485,53623000
2002-02-15,10.99851131439209,11.288115670067018,10.966333598206516,11.26880830385496,62729700
2002-02-19,10.818314552307129,10.953463681277778,10.6638592816988,10.689602440550875,58196000
2002-02-20,10.741087913513184,10.876235819798463,10.412869991461395,10.811879147876294,74671800
2002-02-21,9.72425365447998,10.445045396877681,9.653461822068351,10.445045396877681,106466000
2002-02-22,9.807918548583984,9.955938638079038,9.164354329693948,9.814354338073045,124883000
2002-02-25,10.039600372314453,10.110392203540504,9.717818316967843,9.885144519297652,70102100
2002-02-26,9.975244522094727,10.29702660345262,9.90445268514621,10.136135562773672,66791300
2002-02-27,9.16435432434082,10.110393897406755,9.106433446474444,10.078215563730916,122395000
2002-02-28,9.183661460876465,9.647027244604505,9.164354092908141,9.33168093279637,100935200
2002-03-01,9.653464317321777,9.679206864284605,9.18366268181247,9.331682173411052,82479300
2002-03-04,10.605937004089355,10.650986298642334,9.65989813597318,9.769304091673789,93030100
2002-03-05,10.625243186950684,10.715341766018968,10.367817798540528,10.509401455290844,66517800
2002-03-06,10.79256820678711,10.889102557997013,10.245538579929816,10.567320568963416,72915100
2002-03-07,10.940587043762207,11.114349603175095,10.63811243209966,10.94702283049981,74333800
2002-03-08,11.455443382263184,11.539107423794555,11.2237610824487,11.2237610824487,66457900
2002-03-11,11.210886001586914,11.46831138071327,10.953460622460556,11.365341229062727,60089900
2002-03-12,10.79256820678711,10.9277160529808,10.567320568963416,10.779696632625555,58617500
2002-03-13,10.52871036529541,10.708907549884007,10.470789490963002,10.638116324867598,50250800
2002-03-14,10.773262977600098,10.940589792312062,10.490094427510531,10.496530215864967,49705100
2002-03-15,10.644556045532227,10.863366817993208,10.483664941295052,10.734654671104495,54306800
2002-03-18,10.63167953491211,10.998510886149806,10.58019445451912,10.88910493687706,57252100
2002-03-19,10.773262977600098,10.940589792312062,10.625243527951437,10.631679316305872,50773700
2002-03-20,10.309896469116211,10.734648647768847,10.297024893399216,10.657420420967902,45891900
2002-03-21,10.612371444702148,10.70890581040875,10.27771844500214,10.354946060317527,48718500
2002-03-22,10.663857460021973,11.04999618433049,10.586630451660968,10.63167974445508,63027800
2002-03-25,10.412867546081543,11.011382367648824,10.406431757650578,10.869797477169861,56806400
2002-03-26,10.483661651611328,10.93415586561314,10.374255685960643,10.374255685960643,66280800
2002-03-27,10.515837669372559,10.657421331857584,10.329203488027586,10.528709246189687,57560200
2002-03-28,10.895540237426758,11.01781775819706,10.490094173425632,10.567322404307161,52836300
2002-04-01,11.275240898132324,11.294547031373451,10.773260566348743,10.85692456872976,55846200
2002-04-02,10.567323684692383,11.101481894882324,10.535145967301915,10.95989821986253,70833700
2002-04-03,10.683165550231934,10.856928172077868,10.490095561236032,10.683165550231934,53666700
2002-04-04,10.856926918029785,10.882668843755123,10.522273291092636,10.599500295769758,57717400
2002-04-05,10.393558502197266,10.940588155471001,10.361380792740372,10.850489586990951,57972000
2002-04-08,10.412867546081543,10.425739122943472,9.968807964354024,10.12969899262475,61387900
2002-04-09,9.537618637084961,10.380687164630677,9.531183463296806,10.361381029515735,105561200
2002-04-10,10.00742244720459,10.123263574445946,9.69851134247627,9.820788872134562,87213800
2002-04-11,9.569799423217773,10.03316581145967,9.486136004941415,9.981680725405086,64249700
2002-04-12,9.846529960632324,9.994549395621165,9.666332200808803,9.737124024444705,55259200
2002-04-15,9.659895896911621,9.994548861558714,9.614845999050125,9.981677900562904,45652000
2002-04-16,10.0267333984375,10.052475950132749,9.814357193513986,9.85940650554296,51689200
2002-04-17,10.27772045135498,10.329204924531854,9.936630983271824,10.142571944732568,51955800
2002-04-18,9.936631202697754,10.393561819582697,9.76930497336364,10.116829624673974,65411400
2002-04-19,9.820788383483887,10.097520531111163,9.717818224948104,10.091085356515594,46082800
2002-04-22,9.569799423217773,9.647027052299649,9.363859078999436,9.621284509272357,48702100
2002-04-23,9.01633071899414,9.556924513141597,8.96484565419442,9.524746194204175,83697900
2002-04-24,9.28663158416748,9.524750264049896,9.048512904285063,9.183661410569748,77480200
2002-04-25,9.389596939086914,9.486131273856351,8.98415162830468,9.151478381405347,82191500
2002-04-26,8.951974868774414,9.56979631448155,8.951974868774414,9.537617992712862,58851400
2002-04-29,9.093561172485352,9.235145452031462,8.932670141012682,9.067818631999748,69059400
2002-04-30,9.428215026855469,9.640591157951826,9.016334342911321,9.022770132035607,73316700
2002-05-01,8.816827774047852,9.389600026249882,8.771778484843946,9.363857487597574,102602100
2002-05-02,8.778215408325195,9.170789326986318,8.758908041525835,8.874749787319542,80762900
2002-05-03,8.45643424987793,8.758908997748826,8.398513370657767,8.726731277071563,70750200
2002-05-06,8.295539855957031,8.746034515557978,8.269797321515561,8.527222665930264,69219600
2002-05-07,8.417819023132324,8.688116014918732,7.896532405937537,8.469304105972535,108755600
2002-05-08,10.470788955688477,10.490095094478162,9.749996571677762,9.801481654285585,194497200
2002-05-09,10.136131286621094,10.32919996298502,9.904448506734168,10.271279728326055,89850000
2002-05-10,9.923757553100586,10.071776987807748,9.743559793619976,9.930193340805374,93204200
2002-05-13,10.103957176208496,10.181184801658743,9.749996765915238,9.917323594599413,69927100
2002-05-14,10.586627006530762,10.618804711626291,10.297022750667919,10.502963009281155,73338200
2002-05-15,10.657423973083496,11.075740503302386,10.374256577936162,10.425741670463081,85240300
2002-05-16,10.947027206420898,10.979204925470706,10.522274931956705,10.554452651006512,60338800
2002-05-17,11.10147762298584,11.25593281652729,10.901973151432395,11.062864131475669,61316400
2002-05-20,10.670291900634766,10.95346042635455,10.58662911422945,10.83761870094641,56815500
2002-05-21,10.40000057220459,10.914851599540789,10.34207967819156,10.773267873898753,60334400
2002-05-22,10.657423973083496,10.689602923101216,10.181186560334147,10.226236476608237,58041400
2002-05-23,10.87623119354248,10.889102767952215,10.32276699643382,10.657419338580604,66580900
2002-05-24,10.663857460021973,10.734649907270532,10.490094849957964,10.708906752816086,41671100
2002-05-28,10.541581153869629,10.73465115216474,10.374255540515698,10.7024722053649,42942600
2002-05-29,10.071778297424316,10.399996148040207,10.058907334091646,10.342075278666746,54470200
2002-05-30,10.303459167480469,10.406429303086076,9.910884758296064,9.955934652936332,61043200
2002-05-31,10.155444145202637,10.644553758025406,10.136137388693422,10.483662688363607,50648100
2002-06-03,9.865839004516602,10.432174952816732,9.833660672198251,10.174750135521858,53377300
2002-06-04,10.348509788513184,10.348509788513184,9.833658430060932,9.85940096729602,61643900
2002-06-05,10.245543479919434,10.361385247773656,9.94306809371715,10.258414446486164,67798600
2002-06-06,9.949501991271973,10.116828821065504,9.930195238219062,10.013858653115827,45735400
2002-06-07,10.12326431274414,10.264848604976757,9.556928371314937,9.556928371314937,79538300
2002-06-10,9.955937385559082,10.206927006549686,9.930194844592082,10.033165008460081,48831700
2002-06-11,9.647027969360352,10.21980037335449,9.621285423885935,10.07821606636985,74853200
2002-06-12,9.840096473693848,9.846532262915678,9.383165872704767,9.499007623695155,87072700
2002-06-13,9.582670211791992,9.795046327700527,9.42821435260803,9.698511338991727,58413200
2002-06-14,9.202966690063477,9.647025645988496,9.099996532964953,9.325243598180336,95569800
2002-06-17,9.69851016998291,9.749995245588288,9.39603550423895,9.42177804204164,61227200
2002-06-18,9.466827392578125,9.833658712138261,9.46039160464712,9.640589370461683,54635700
2002-06-19,9.32524299621582,9.589104160185617,9.241579595536285,9.408906396895356,59354300
2002-06-20,9.061381340026855,9.428212634521755,9.022767842580274,9.280193204725734,53272400
2002-06-21,8.842571258544922,9.157917544204318,8.739601092921495,8.771779423116467,86020700
2002-06-24,9.04851245880127,9.241581217916375,8.520789424468218,8.623759592996437,93242600
2002-06-25,8.655937194824219,9.25445201615705,8.585145363363035,9.15148185630421,83539700
2002-06-26,8.64306640625,8.84257094155589,7.973759739940469,8.01880903234814,18704100
2002-06-27,8.894058227539062,8.939108144866097,8.43069238396663,8.855444714116725,81090400
2002-06-28,8.977718353271484,9.2029660157328,8.739599728991223,8.842569878544795,80577100
2002-07-01,8.424251556396484,9.009894607696713,8.398509024924508,8.906924481808808,60305800
2002-07-02,8.08316707611084,8.334156735409417,8.00593882767208,8.269800680044694,118532100
2002-07-03,8.392075538635254,8.398511326704696,7.9094024809367145,7.935145019463949,77171300
2002-07-05,9.042076110839844,9.074254439953268,8.623759059866485,8.688115718093334,34151500
2002-07-08,8.797520637512207,9.132173625309589,8.662372162079484,8.964847438286151,52153600
2002-07-09,8.45643424987793,8.829701456240436,8.437126880970755,8.76534478738455,64055600
2002-07-10,8.694550514221191,9.003460965447898,8.61088711357633,8.926233352641221,91014000
2002-07-11,9.042076110839844,9.138610484429538,8.424254524114295,8.552967226817414,91259500
2002-07-12,9.254456520080566,9.55049618060821,9.151486310114581,9.228713967589071,83970000
2002-07-15,9.293065071105957,9.299500859224061,8.713857642988403,9.170788165614663,86182000
2002-07-16,9.183661460876465,9.524750316225045,9.067819708069129,9.157918303585367,80100400
2002-07-17,9.524751663208008,9.692078526759472,9.209405306803836,9.466830778613213,93493300
2002-07-18,9.22871208190918,9.511880101456622,9.202969534677594,9.376731575053114,57536300
2002-07-19,8.784652709960938,9.235148224318534,8.68811830759903,8.977722128435513,71800700
2002-07-22,8.353462219238281,8.69455165438481,8.205442762052519,8.527224831152617,104148900
2002-07-23,8.044550895690918,8.572273238048073,8.03167931965756,8.385639681818065,94867400
2002-07-24,8.424251556396484,8.437122515257292,7.690588488819621,7.793558614707526,119236300
2002-07-25,7.471781253814697,8.321286541681113,7.39455361196334,8.231187319312493,136175000
2002-07-26,7.606928825378418,7.787127247490233,7.368810139463514,7.606928825378418,75114200
2002-07-29,8.565840721130371,8.572275897392885,7.935147416100325,7.99950408873119,93513800
2002-07-30,8.58514404296875,8.68811418698479,8.199005389158128,8.366332180059429,83560800
2002-07-31,8.488611221313477,8.527225341968895,8.173264922004966,8.462868678793408,79309000
2002-08-01,7.787124156951904,8.501479931184516,7.684153407861695,8.353459901320752,132743600
2002-08-02,7.651980400085449,8.03811864474339,7.420296839539889,7.883663346880214,93706700
2002-08-05,7.310886383056641,7.529698228207616,7.1693027534004745,7.452470626463229,83088100
2002-08-06,7.767818450927734,8.121778826870086,7.503957269475424,7.510393057742688,129367900
2002-08-07,8.359899520874023,8.655939102572637,8.057424763079233,8.57871146566222,165854900
2002-08-08,8.49504566192627,8.55940231488615,7.851481587329574,8.26336281602165,98212100
2002-08-09,8.443562507629395,8.585146808129085,8.340592330448045,8.35989908523188,60819200
2002-08-12,8.630195617675781,8.65593816051092,8.366334400177962,8.366334400177962,57748500
2002-08-13,8.604453086853027,8.984156054514372,8.5272254582398,8.585146333137379,77829700
2002-08-14,9.23514461517334,9.286629691479142,8.643065623906102,8.700986488187759,76786600
2002-08-15,9.241581916809082,9.357423672039147,9.035641564178446,9.305938583881488,76148600
2002-08-16,9.299503326416016,9.479701145276307,9.035642081075773,9.164354808833123,58451400
2002-08-19,9.473265647888184,9.653463460636543,9.331681345281991,9.460394068673676,65412100
2002-08-20,9.479697227478027,9.5376180844688,9.389598662159441,9.441083731984476,60171900
2002-08-21,9.72425365447998,9.814352852436157,9.518313332009372,9.60841252996555,80219600
2002-08-22,9.717818260192871,9.84009517045995,9.614847487533074,9.717818260192871,55149500
2002-08-23,9.299503326416016,9.653463788061753,9.170790598658666,9.614849662859198,65333800
2002-08-26,9.32524299621582,9.460391472121144,9.106431119630962,9.344550359738372,47858100
2002-08-27,9.022767066955566,9.473261718859458,9.009895493079535,9.415340863918164,59156900
2002-08-28,8.829703330993652,9.03564373305738,8.7910891987313,8.868316849505197,53706400
2002-08-29,9.138608932495117,9.241579077171044,8.668807493973585,8.675242667702973,61251900
2002-08-30,8.894058227539062,9.067820879191773,8.823266377097623,8.977721658288434,48710400
2002-09-03,8.411382675170898,8.765343056479855,8.398511712191777,8.752472093500733,68407800
2002-09-04,8.540094375610352,8.630192940710701,8.359896017908763,8.46930194445957,66497400
2002-09-05,8.218314170837402,8.417818705886766,8.153957512837273,8.417818705886766,64181900
2002-09-06,8.385641098022461,8.527225389548153,8.308413470031345,8.456433550660622,59676000
2002-09-09,8.34058952331543,8.501480524449022,7.857916519914653,8.308411200338618,53212100
2002-09-10,8.64306640625,8.655937369616229,8.35989784718602,8.4242545052689,64977300
2002-09-11,8.733162879943848,8.990588836295624,8.68811359842622,8.707420345683714,48477000
2002-09-12,8.392075538635254,8.655936711977038,8.359897212038579,8.604451634922569,50396100
2002-09-13,8.398513793945312,8.443563096164523,8.218315971317761,8.25049369361679,55222300
2002-09-16,8.321282386779785,8.469301806316262,8.20544067496833,8.359895881549981,44468500
2002-09-17,8.070295333862305,8.495047622947057,8.050988579017725,8.43712674466265,77101000
2002-09-18,8.044550895690918,8.057422471724276,7.74851139817947,7.819303225111361,114958500
2002-09-19,7.722768306732178,7.819302665066137,7.639104909759188,7.697025770259756,80020200
2002-09-20,7.774254322052002,7.883660268759319,7.735640819537982,7.787125898723713,93721200
2002-09-23,7.697028160095215,7.812869917063836,7.529701314196245,7.684156580987291,74956900
2002-09-24,7.355941295623779,7.703466047415014,7.349505504317258,7.484654053000007,90919400
2002-09-25,7.697028160095215,7.8707901817974735,7.407424381424335,7.439602715443471,90609200
2002-09-26,7.310886383056641,7.703460792445304,7.285143849141845,7.703460792445304,105729400
2002-09-27,7.227226257324219,7.497523292337749,7.162870200357144,7.20148371178725,87729600
2002-09-30,6.744548797607422,7.130687349913323,6.6866285671368155,7.072766505692407,103352600
2002-10-01,7.040590763092041,7.085640666029238,6.519304202144695,6.860392992594856,109859600
2002-10-02,6.467818737030029,6.918313443135249,6.281185189625703,6.899006693748731,151829300
2002-10-03,6.313365459442139,6.532176785317986,6.223266244963363,6.42277081550472,137709000
2002-10-04,6.0881171226501465,6.519305169184349,6.062374580189178,6.422770174642746,103389600
2002-10-07,5.843560218811035,6.094550363162635,5.631184178879055,5.927223600261568,130579400
2002-10-08,5.534652233123779,5.927226164784058,5.225741105361904,5.927226164784058,240948700
2002-10-09,5.940098285675049,6.088118396099908,5.438118295811845,5.438118295811845,173733800
2002-10-10,6.268313884735107,6.409898151764695,5.888610985826524,5.985145964426457,138466100
2002-10-11,6.641584396362305,6.725247841820461,6.371287299882366,6.4935648793023,130192400
2002-10-14,6.429203510284424,6.596530279303434,6.306926633693849,6.4742534027128595,69972100
2002-10-15,7.07276725769043,7.07920304412154,6.744549514708342,6.860391215466814,130800300
2002-10-16,6.313365459442139,6.738117759305088,6.274751335022467,6.648018544826313,123041400
2002-10-17,6.545047760009766,6.950493267079027,6.519305217358572,6.808908975622151,103342600
2002-10-18,6.763858318328857,6.841085930741922,6.384155430318409,6.5836599422812005,107297800
2002-10-21,7.04702615737915,7.143561132206564,6.641580736105216,6.6801948487862814,86926400
2002-10-22,7.220790386199951,7.452473273731532,6.763859786588577,6.783166540445215,123035900
2002-10-23,7.246533393859863,7.317325238373346,7.008414701859227,7.156434180501239,92556400
2002-10-24,7.56187629699707,7.7356388554431526,7.31088613938064,7.388113738550988,122749300
2002-10-25,7.581185817718506,7.671285023264624,7.079205932534423,7.465344683445641,71731800
2002-10-28,7.014847755432129,7.793560264489315,6.976234256925438,7.787125090571862,110940500
2002-10-29,6.821779251098633,6.982670265381615,6.525739760267927,6.9118778262967755,106385800
2002-10-30,7.021284103393555,7.214353452585285,6.71237363568722,6.9440564864669705,95089600
2002-10-31,7.195047855377197,7.336631535567518,7.0148494399066506,7.111384436855295,94259100
2002-11-01,7.471781253814697,7.61336557075089,7.027722159731704,7.092078834816539,104175900
2002-11-04,7.922274589538574,8.186135780614698,7.767818734243526,7.960888093049408,111142400
2002-11-05,8.166827201843262,8.199005525822253,7.838610015758901,7.8772235135333055,86969000
2002-11-06,8.34058952331543,8.668807312928068,8.044550056679602,8.353460484255876,164715800
2002-11-07,7.948017120361328,8.121779113454958,7.81930380547648,7.851482134197692,129731900
2002-11-08,8.08316707611084,8.231186555825316,7.8514835582959295,7.883661892853632,81592700
2002-11-11,7.825738906860352,8.192570226322394,7.787125406785673,8.031679210593357,63699700
2002-11-12,8.282668113708496,8.520786705895482,7.8772227441737614,7.928707812011465,120669500
2002-11-13,8.636625289916992,8.700981908299465,8.18613080249029,8.237615851696187,128073100
2002-11-14,9.009899139404297,9.054948438701103,8.7524736952073,8.797522994504106,94769700
2002-11-15,9.061381340026855,9.17722305986755,8.700985833023212,8.913361910230835,93626500
2002-11-18,8.951974868774414,9.344549289601614,8.939103908317202,9.23514336383834,75782700
2002-11-19,8.791086196899414,9.18366072147218,8.688116031028066,8.906927940379981,77654600
2002-11-20,9.254456520080566,9.331684177555058,8.849010858026347,8.881189202078433,85645200
2002-11-21,9.807918548583984,9.962373813817432,9.499008018117086,9.859403636995133,118449900
2002-11-22,9.582670211791992,9.782174750372452,9.447521718600143,9.608412752697554,86739500
2002-11-25,9.582670211791992,9.704947127655766,9.511877763988755,9.653462045844641,88441900
2002-11-26,9.299503326416016,9.666335367712838,9.254454025138617,9.589107117307728,80178000
2002-11-27,9.544058799743652,9.692078912234173,9.434652816435673,9.569801347948426,68998200
2002-11-29,9.60197639465332,9.775738382024441,9.582669643556653,9.730689091548697,29261000
2002-12-02,9.692076683044434,9.949502105884005,9.621284231450586,9.878710268040777,81377000
2002-12-03,9.344552040100098,9.595541673521804,9.267323799623522,9.280195377619824,66302000
2002-12-04,9.28663158416748,9.492571931362944,8.81682939993952,9.28019579487996,84860600
2002-12-05,9.0806884765625,9.492569687336077,9.022768227919007,9.466827150022135,57950300
2002-12-06,9.125737190246582,9.241578286217337,8.797519421870199,8.86831123683846,60324400
2002-12-09,8.68811321258545,8.977716863588217,8.675241639151796,8.977716863588217,53749600
2002-12-10,8.964845657348633,9.106429278722489,8.72029129258872,8.726727079128546,50054300
2002-12-11,8.913363456726074,9.099997030100635,8.758907598889769,8.82970004607533,54186000
2002-12-12,9.0806884765625,9.222272738664433,8.93910482821107,9.054945939248558,53984900
2002-12-13,8.623759269714355,9.06138308330454,8.623759269714355,8.939106166198773,61548200
2002-12-16,8.797520637512207,8.855441500376303,8.495045361305538,8.72029302494358,73134800
2002-12-17,8.791086196899414,8.919798904238599,8.700987608637286,8.778215233040797,50138500
2002-12-18,8.507916450500488,8.688114202857776,8.404946306296324,8.668807454257113,58805500
2002-12-19,8.366333961486816,8.655937706634317,8.192571346147956,8.437125797133797,84851200
2002-12-20,8.540094375610352,8.700985371861485,8.359896017908763,8.507916053610037,98243400
2002-12-23,8.649500846862793,8.76534257607876,8.449996328491432,8.495045617075187,42288900
2002-12-24,8.591583251953125,8.746038529488061,8.52722657943821,8.559404915695668,18604300
2002-12-26,8.43069076538086,8.73960126845558,8.385640856702835,8.610888558841113,38600400
2002-12-27,8.372770309448242,8.507918814709344,8.366334520209465,8.385641274175153,35355500
2002-12-30,8.347026824951172,8.482175314971604,8.30841270762366,8.37920515376567,52058300
2002-12-31,8.43069076538086,8.475740060308269,8.30197744201578,8.334155772857049,46597500
2003-01-02,8.778215408325195,8.810393125489568,8.424254995761565,8.437125959877193,61335700
2003-01-03,8.951974868774414,8.984153190543102,8.726727843894478,8.73959880435169,50891700
2003-01-06,9.138608932495117,9.280193188299753,8.997024676690481,9.016332039130074,58936700
2003-01-07,9.396035194396973,9.460391229906243,9.164351748062215,9.202965860368172,83998600
2003-01-08,9.293065071105957,9.492570206513424,9.248015781780301,9.318807609827836,75927000
2003-01-09,9.621282577514648,9.724252728949505,9.428213236699031,9.460391562460053,75284400
2003-01-10,9.795045852661133,9.949501090603748,9.544055630691465,9.55049141904338,91193900
2003-01-13,9.833659172058105,9.988115020873572,9.679203936993185,9.955936693464077,66314800
2003-01-14,10.0267333984375,10.058911741494272,9.840099745209235,9.846535536570759,69977900
2003-01-15,9.769305229187012,10.058909010570872,9.737126894866432,10.02029488663604,61992300
2003-01-16,9.589106559753418,9.846532614050895,9.518314717040711,9.704948314874816,65668200
2003-01-17,9.093561172485352,9.473264104960943,9.042076091514144,9.453956739283807,81310000
2003-01-21,9.125737190246582,9.331677461972742,9.106429829459438,9.151479724212352,62930800
2003-01-22,8.98415470123291,9.254451667539746,8.945540585867416,9.132174147007799,64965500
2003-01-23,9.389596939086914,9.49256705984107,9.087121749058834,9.19009186981299,62491200
2003-01-24,8.919798851013184,9.370294244638075,8.881185345917139,9.363858455871869,70564100
2003-01-27,8.82326602935791,9.054948942013114,8.726731635855918,8.758909357856112,58554700
2003-01-28,9.151481628417969,9.222273458116325,8.881184658659803,8.932669737304163,64116500
2003-01-29,9.061381340026855,9.119302199947203,8.874747799033779,9.119302199947203,71861700
2003-01-30,8.926234245300293,9.24158051590107,8.900491705123711,9.170788683853111,68226500
2003-01-31,8.604453086853027,8.842571761848138,8.46930458334222,8.726730625803613,103330200
2003-02-03,8.67524528503418,8.881186250269126,8.610889232070669,8.700988442720375,65976600
2003-02-04,8.49504566192627,8.520788200360116,8.282669566409401,8.520788200360116,110586200
2003-02-05,8.49504566192627,8.752471660015264,8.430689622716917,8.565838102932243,115080200
2003-02-06,8.52078914642334,8.630195100352163,8.411383192494517,8.437125733786557,58738900
2003-02-07,8.269803047180176,8.649505539644325,8.1475254636105,8.585149465858422,69851700
2003-02-10,8.462867736816406,8.520788604477218,8.224749091572393,8.314848287239274,55955700
2003-02-11,8.668808937072754,8.752472346987036,8.533660446249772,8.572273950056008,71241800
2003-02-12,8.49504566192627,8.784649372744676,8.488609873880176,8.64950089252935,58732000
2003-02-13,8.565840721130371,8.62376098999729,8.430692199606126,8.501484048499506,51646500
2003-02-14,8.803959846496582,8.816830813384348,8.540098580914574,8.6173262234934,57732400
2003-02-18,9.209404945373535,9.260890037714837,8.900493777575006,8.964850449876991,56753300
2003-02-19,9.280195236206055,9.30593777805577,9.145046738057399,9.164353491007033,51678800
2003-02-20,9.177223205566406,9.363856749522503,9.138609093756306,9.318806850118973,61669800
2003-02-21,9.441085815429688,9.460392567437049,9.093561210544264,9.15791725515233,56243400
2003-02-24,9.280195236206055,9.51187811285349,9.215838574706464,9.3574228617552,55865600
2003-02-25,9.061381340026855,9.112866412455947,8.79752019039014,8.977717943891962,82039800
2003-02-26,8.694550514221191,9.0742534041669,8.681678938544824,9.04207507872649,77094000
2003-02-27,8.849007606506348,8.990591900060627,8.7396016451804,8.778215766604527,61466400
2003-02-28,8.997027397155762,9.0678198533391,8.849007922864526,8.855443712290406,57993200
2003-03-03,8.829703330993652,9.196534825607369,8.752475680219755,9.112871383831278,63539600
2003-03-04,8.771780014038086,8.887621765043562,8.733165892452714,8.823265100318155,38787400
2003-03-05,8.842571258544922,8.906927918934864,8.758907845538237,8.810392928349952,53969100
2003-03-06,8.67524528503418,8.746037741169898,8.610889232070669,8.655938530520192,58081600
2003-03-07,8.52078914642334,8.533660723944658,8.398512228723794,8.462868275078598,89592800
2003-03-10,8.372770309448242,8.488611446993014,8.347027766243778,8.462868903788548,47938900
2003-03-11,8.379205703735352,8.51435358887565,8.32128483081773,8.392076667855592,65703400
2003-03-12,8.166827201843262,8.359896531966726,7.935144373945393,8.282668922667437,121329600
2003-03-13,8.636625289916992,8.662367814519941,8.192565973328378,8.353456905534356,92368100
2003-03-14,8.623759269714355,8.881185295135296,8.520789105046216,8.733165223111902,76184900
2003-03-17,9.093561172485352,9.14504625345656,8.430690294668114,8.50148212756588,87513600
2003-03-18,9.138608932495117,9.157915681184235,8.964846966792111,9.145044719974981,64714100
2003-03-19,9.151481628417969,9.325243615405046,9.054946645646881,9.209402495330512,68112700
2003-03-20,9.035638809204102,9.132173166628634,8.887619379319755,8.990589524239384,82711300
2003-03-21,8.945538520812988,9.273756277524575,8.90692502811186,9.183657718721676,112479400
2003-03-24,8.694550514221191,8.823263202232319,8.688114726383008,8.713857263985233,62278100
2003-03-25,8.829703330993652,8.913366772769745,8.617327137927731,8.688118997699435,56643600
2003-03-26,8.791086196899414,8.91336372918459,8.733165325159131,8.816828738367251,48058100
2003-03-27,8.68811321258545,8.810390091453142,8.65593489275172,8.739598278819257,50736700
2003-03-28,8.507916450500488,8.720292526359195,8.475738126999069,8.630193343305315,46659800
2003-03-31,8.353462219238281,8.462868171832362,8.276234596304327,8.379205373966855,66180200
2003-04-01,8.353462219238281,8.437125630854377,8.237621091712647,8.392076337580551,78283300
2003-04-02,8.778215408325195,8.861878823203917,8.533660952622153,8.604452789634633,67337000
2003-04-03,8.778215408325195,8.945541624332023,8.72029453542834,8.939106449149516,57730000
2003-04-04,8.82326602935791,8.939107792560865,8.694553300105019,8.919800422859902,51357100
2003-04-07,8.733162879943848,9.25444996589961,8.726727706691637,9.222271644636836,61510800
2003-04-08,8.64306640625,8.82969997818966,8.572273959608715,8.803957437706623,46422700
2003-04-09,8.392075538635254,8.765342654155416,8.392075538635254,8.649500923907597,63171900
2003-04-10,8.392075538635254,8.437124827620282,8.256927057929643,8.42425386523193,49099500
2003-04-11,8.501480102539062,8.713856164395606,8.301975000984209,8.694549417067856,49207900
2003-04-14,8.668808937072754,8.694551477527103,8.462867999687377,8.520788869147308,50958900
2003-04-15,8.58514404296875,8.932668585898123,8.49504486007948,8.65593586354216,44733500
2003-04-16,8.726726531982422,8.932666778341774,8.649498325847318,8.77821159357226,59430300
2003-04-17,8.977718353271484,8.997025102875153,8.688114654214438,8.700986229783885,55918100
2003-04-21,8.97128677368164,9.01633669555594,8.810395686096777,8.98415835528881,45501000
2003-04-22,9.215839385986328,9.260889298502077,8.88118631248018,8.926235611245264,62303100
2003-04-23,9.222275733947754,9.376731007996607,9.099998795430087,9.248018279622563,58465600
2003-04-24,9.23514461517334,9.415342382243646,9.07425359828008,9.170787962915828,59708700
2003-04-25,9.22871208190918,9.441088250007446,9.106434522246094,9.305939723603938,68749200
2003-04-28,9.640591621398926,9.743562411085653,9.26732442675535,9.293066970739366,79292000
2003-04-29,9.743559837341309,10.103955357919697,9.556926289318447,9.737124049607642,77559500
2003-04-30,9.653464317321777,9.795048632492701,9.614850190002167,9.775741261957531,64638700
2003-05-01,9.73068904876709,9.788609915552994,9.61484731519528,9.679203970235296,42779000
2003-05-02,9.827221870422363,9.930192004843878,9.666330881951142,9.7178159491619,51035000
2003-05-05,9.898015975952148,10.142570408696805,9.885144399294273,10.0202928854492,65171500
2003-05-06,10.232666015625,10.284151079788492,9.94306237626776,9.975240694807537,102755600
2003-05-07,9.975244522094727,10.232669941680797,9.923759438177512,10.02672960601194,103172800
2003-05-08,9.795045852661133,9.968807841908935,9.730689196643098,9.7564317363002,52584100
2003-05-09,10.264847755432129,10.27771933263828,9.943065690285351,9.943065690285351,72262000
2003-05-12,10.72821044921875,10.805438658666063,10.483656703053624,10.509398621202232,97288900
2003-05-13,10.599501609802246,10.728214936889,10.464353721112289,10.470789510216752,63641600
2003-05-14,10.567323684692383,10.76682823301601,10.477225093998081,10.753956655059328,54299800
2003-05-15,10.779699325561523,10.792570902938596,10.586630574910147,10.61880829085165,55206400
2003-05-16,10.702470779418945,10.79257059095272,10.599500618381327,10.779699013947731,42361700
2003-05-19,10.258414268493652,10.618810532369857,10.239107512103182,10.57376122954185,52364300
2003-05-20,10.290589332580566,10.522272790593977,10.22623329382725,10.367817561085387,59535300
2003-05-21,10.103957176208496,10.194056379442424,9.949501925308,10.149007084700765,57340100
2003-05-22,10.245543479919434,10.316335944164004,10.0717808281381,10.168315839266864,53064400
2003-05-23,10.09752082824707,10.251976684346415,10.084649864926627,10.239105107275398,37246400
2003-05-27,10.393558502197266,10.438607786437291,9.975242141752972,10.013856252351898,55332900
2003-05-28,10.477228164672852,10.638119253781763,10.399999901799873,10.554455200044236,52478800
2003-05-29,10.696037292480469,11.069304470599452,10.451482214832806,10.541580807912856,96486400
2003-05-30,10.56088638305664,10.850490708095183,10.470787805267344,10.811875979756005,67567500
2003-06-02,10.811880111694336,11.069306822331153,10.683167983877457,10.934157676496673,76219800
2003-06-03,10.947027206420898,11.037125801761395,10.824749664529298,10.869798962199546,59187800
2003-06-04,11.17870807647705,11.268806650579014,10.927717262548565,10.998509700772114,69641600
2003-06-05,11.17870807647705,11.21088578794175,11.011381276358398,11.095044062667219,52535900
2003-06-06,11.172272682189941,11.712866600844363,11.1594011061503,11.558410143370768,77286700
2003-06-09,11.088610649108887,11.384650813474911,10.992076266544348,11.069304509096742,51020800
2003-06-10,11.198014259338379,11.262370910038804,11.095044109218104,11.172272335558818,45810800
2003-06-11,11.326726913452148,11.391083560474792,11.095043475171012,11.152964334741297,51445400
2003-06-12,11.442574501037598,11.51980153507071,11.313861140980308,11.403959756519466,50701900
2003-06-13,11.204450607299805,11.519796861245796,11.120787816457431,11.449005646687196,48705100
2003-06-16,11.571279525756836,11.584151099356317,11.223755631076573,11.243061763974975,52161700
2003-06-17,11.571279525756836,11.712864380349492,11.551973392858432,11.648507739852905,59257700
2003-06-18,12.053956985473633,12.07970014227718,11.564848053717729,11.590591210521277,68132300
2003-06-19,11.944547653198242,12.292072806963626,11.899498369006642,12.034647449082378,84495000
2003-06-20,11.539104461669922,12.079698401633902,11.49405517125644,11.938113514618845,87622000
2003-06-23,11.095044136047363,11.551975252374383,11.004945561349507,11.53910367670297,68731000
2003-06-24,10.779699325561523,11.185144192929885,10.689600738924371,10.921282994205788,79578400
2003-06-25,10.856926918029785,11.133658450207433,10.779698685851557,10.90841199698157,60166000
2003-06-26,11.024251937866211,11.127223317982972,10.876232496918748,10.972766861558352,50488900
2003-06-27,10.869800567626953,11.249503600501564,10.850494424346147,11.03712743190233,50579400
2003-06-30,10.805439949035645,11.082171432808577,10.63167737765428,10.992072867277896,46270100
2003-07-01,11.095044136047363,11.133657635560585,10.663856171063168,10.786133684939557,58274700
2003-07-02,11.494053840637207,11.551974700892453,11.185142176775576,11.24949882455929,52691800
2003-07-03,11.275240898132324,11.506923089531726,11.230191617235242,11.371775246840478,29587300
2003-07-07,11.725739479064941,11.745046847289728,11.461878250832784,11.519799128005825,52582100
2003-07-08,12.053956985473633,12.092571720678952,11.67425401513025,11.706432961134684,57648200
2003-07-09,12.099004745483398,12.581677826726105,12.066827031067666,12.214846481381826,105099300
2003-07-10,11.783658981323242,12.214847001355338,11.706431972437564,11.918808088124942,60839500
2003-07-11,11.950982093811035,12.073259585337865,11.796526896488045,11.828704602284203,45129300
2003-07-14,11.976727485656738,12.36286493760078,11.867321546938985,12.259894786748898,55929300
2003-07-15,11.912370681762695,12.221281130357593,11.777221593314298,12.189103418941835,53053200
2003-07-16,11.732172966003418,12.066826584548489,11.622767022536802,12.066826584548489,45848700
2003-07-17,11.429696083068848,11.661379501594158,11.29454701309547,11.577715499348534,51602600
2003-07-18,11.513359069824219,11.712864785006259,11.37177543784094,11.654943929308358,42997600
2003-07-21,11.539104461669922,11.603461116903938,11.294549417280876,11.603461116903938,48856700
2003-07-22,12.015341758728027,12.034649123568373,11.642074630989066,11.667816556608425,71232200
2003-07-23,12.150492668151855,12.163364247930426,11.815840186418853,12.073265644483243,59967500
2003-07-24,11.957423210144043,12.356433568367954,11.905938121421732,12.240591811867422,56421000
2003-07-25,12.27920150756836,12.292073082626315,11.71286570752894,12.021776143914078,44919800
2003-07-28,12.27920150756836,12.38860744055905,12.21484485977955,12.362864290443142,49655500
2003-07-29,12.33068561553955,12.433655752944823,12.041081336899182,12.317814041488676,58491400
2003-07-30,12.407916069030762,12.536628150238933,12.279202760321507,12.356430991047278,43502500
2003-07-31,12.543063163757324,12.749003462972267,12.485142301165496,12.530191588181138,71706500
2003-08-01,12.324251174926758,12.555934623150247,12.266330312870885,12.498013761094374,49436400
2003-08-04,12.39504337310791,12.452964234045407,12.227716577899692,12.433656871232584,75402200
2003-08-05,12.137619972229004,12.440094673612327,11.970293149920833,12.38217380329407,87450900
2003-08-06,11.358903884887695,11.609894669211585,11.28167689548101,11.532666452304035,127298100
2003-08-07,11.28167724609375,11.429696669974108,11.210884814020142,11.365340025134547,54925900
2003-08-08,11.313857078552246,11.436134603950741,11.29454971322581,11.37177794703042,36852800
2003-08-11,11.397516250610352,11.442566755386117,11.294546123267232,11.333160841646459,35669100
2003-08-12,11.47474479675293,11.481180583338416,11.294546454861688,11.429695518155315,42866600
2003-08-13,11.320291519165039,11.577716888695313,11.21732137135293,11.545539177816899,56370800
2003-08-14,11.455443382263184,11.50692847416656,11.275246174352077,11.320295476329854,41729400
2003-08-15,11.449007987976074,11.506927638095302,11.34603658414961,11.416829040686139,19375400
2003-08-18,11.757917404174805,11.809402487464792,11.494056198875967,11.519798126770356,45909000
2003-08-19,11.938112258911133,11.98959733218268,11.79652861428962,11.867321050350863,44710000
2003-08-20,11.950982093811035,12.176229716886525,11.796526896488045,11.828704602284203,47404600
2003-08-21,12.144058227539062,12.227721041935892,12.008909093511663,12.15049278999146,45931900
2003-08-22,12.092572212219238,12.420788882296915,12.07326484383177,12.375739583560815,53969900
2003-08-25,12.214844703674316,12.2341520660145,11.950983555863193,12.028211777722984,37226200
2003-08-26,12.292072296142578,12.343557365579265,12.079696231278636,12.156923221683225,56873000
2003-08-27,12.234152793884277,12.369300655803341,12.20840964256578,12.324251368496986,34604200
2003-08-28,12.349998474121094,12.401483565741914,12.23415671109889,12.382176196071079,36831300
2003-08-29,12.317815780639648,12.465836448122005,12.272766492601946,12.292073856404263,30008800
2003-09-02,12.607423782348633,12.652473083543631,12.343562537491017,12.433661139881014,51500100
2003-09-03,13.025736808776855,13.238112905699808,12.794053347587795,12.890588941417281,111248100
2003-09-04,13.250988960266113,13.418315824620063,13.173760704602183,13.18663228512975,65552800
2003-09-05,13.141578674316406,13.341083197110574,13.045044306996717,13.115835521697248,57015200
2003-09-08,13.424748420715332,13.463361925609194,13.193064936349785,13.218808091279818,45159500
2003-09-09,13.373262405395508,13.547023779046338,13.302469961777808,13.469796774646214,64965100
2003-09-10,13.167325019836426,13.482672607781051,13.141583086076523,13.27673100019437,57323600
2003-09-11,13.32821273803711,13.392569397478619,13.012866457025012,13.180193280572464,56578800
2003-09-12,13.29603385925293,13.39256822622212,13.096529337183123,13.29603385925293,49716800
2003-09-15,13.122274398803711,13.34108633757005,13.102968257295801,13.33465054790029,35947300
2003-09-16,13.701478958129883,13.785141742968895,13.070785267993303,13.14157770497315,67877700
2003-09-17,13.604947090148926,13.765838143636975,13.45692761554024,13.682175335923771,51082200
2003-09-18,13.78514289855957,13.804450263218309,13.482668217245864,13.592074161976539,45000500
2003-09-19,13.527716636657715,13.875240585641253,13.51484506104695,13.810883935088446,45582300
2003-09-22,13.373262405395508,13.424747484162625,13.257420671294218,13.270292247861272,43277400
2003-09-23,13.611382484436035,13.656431781704649,13.35395705182875,13.360392841081593,42942300
2003-09-24,13.07722282409668,13.823757110924953,12.999995816494392,13.772272030023043,79483300
2003-09-25,12.909894943237305,13.186627690653584,12.832667941982235,13.045044036685255,75988800
2003-09-26,12.845544815063477,13.154456659490144,12.839110251274839,12.87128798022473,53048000
2003-09-29,12.999996185302734,13.05148126766527,12.884154443111733,12.935639525474269,46655100
2003-09-30,12.607423782348633,12.954947839782477,12.420789560253473,12.909898538587477,64659700
2003-10-01,12.999996185302734,13.038609690199339,12.66534253619566,12.66534253619566,52225000
2003-10-02,12.864849090576172,13.064353662520691,12.71039381931254,13.025740151580129,51899500
2003-10-03,13.360391616821289,13.527718439558592,13.045045337336008,13.160887078269617,60069700
2003-10-06,13.386134147644043,13.508411682755083,12.993560841500017,13.431184670317439,24923600
2003-10-07,13.514845848083496,13.521281636263666,13.160886090681743,13.263856246562293,42996400
2003-10-08,13.379694938659668,13.598505549561724,13.315338298982214,13.547020483319923,35680500
2003-10-09,13.482670783996582,13.765838154559269,13.32821429232434,13.566333591776166,53862200
2003-10-10,13.379694938659668,13.649990615803526,13.32820864491706,13.534150137385074,38793300
2003-10-13,13.514845848083496,13.57276671420394,13.424747268563287,13.534153212624005,36969900
2003-10-14,13.604947090148926,13.63069024790765,13.353957439507996,13.411878316963799,30248000
2003-10-15,13.527716636657715,13.78514201136793,13.463359986104907,13.752964299842033,40761500
2003-10-16,13.540587425231934,13.579200922318833,13.373260634520786,13.469794990988504,35934800
2003-10-17,13.28316879272461,13.534159742849916,13.276733001439172,13.521288160279044,35416300
2003-10-20,13.566329002380371,13.598506711217484,13.353952932553057,13.353952932553057,31664100
2003-10-21,13.585638046264648,13.669300836100248,13.450488951913528,13.669300836100248,35152900
2003-10-22,13.276729583740234,13.521284679626671,13.257423442355392,13.431186079827121,29864600
2003-10-23,12.974249839782715,13.109398914937163,12.88415127468034,12.903457408630342,50188600
2003-10-24,12.742568016052246,12.935637972356698,12.382172482785391,12.903459032555435,63894200
2003-10-27,12.8262357711792,13.006432976593764,12.749007520643387,12.781186469825558,37862700
2003-10-28,13.45048713684082,13.469794498428714,12.916329074584729,12.929200648976659,48905600
2003-10-29,13.399005889892578,13.476234130778677,13.283164142314055,13.444055185617282,37626200
2003-10-30,13.424748420715332,13.598509806488304,13.328212817228895,13.56633209032695,42331800
2003-10-31,13.469794273376465,13.592071773054995,13.405437629992983,13.50197198131777,38105900
2003-11-03,13.971774101257324,14.01038882575019,13.63068596074357,13.63068596074357,60013500
2003-11-04,13.888113975524902,14.061876586466646,13.772272234897075,14.061876586466646,50027800
2003-11-05,14.029695510864258,14.840586344510681,13.740092430812597,13.913855015344184,83930200
2003-11-06,14.737618446350098,14.892073691453627,14.55098548549627,14.776231950750686,116611100
2003-11-07,14.377215385437012,14.814838965692116,14.306422974660293,14.744046554915398,61683600
2003-11-10,14.280684471130371,14.589594874194276,14.222763617118284,14.390090392319774,45426700
2003-11-11,14.383663177490234,14.448019856690726,14.190593139888763,14.254949819089255,39155500
2003-11-12,14.782666206359863,14.80197357030847,14.396528747396133,14.42227067182656,39368700
2003-11-13,14.608903884887695,14.641081595195432,14.158408575573604,14.583160734640735,48079500
2003-11-14,14.325736999511719,14.795538497459273,14.299993846335964,14.621775896026252,47384400
2003-11-17,14.190587043762207,14.261379483221218,14.029696028628845,14.158409331735948,39254300
2003-11-18,13.984642028808594,14.41582985318169,13.958900113361269,14.31929552212814,45390100
2003-11-19,14.190587043762207,14.267815271126675,13.900983953022774,13.965340604576324,35350100
2003-11-20,14.119791984558105,14.396524651585787,14.01038607497741,14.094048839950554,43726800
2003-11-21,14.267814636230469,14.338607072539324,13.868804396354628,14.235636925636069,37072700
2003-11-24,14.673257827758789,14.789099537201759,14.390090568565798,14.40296091489214,38693000
2003-11-25,14.557422637939453,14.769798773290631,14.544551059433008,14.71187789751292,37852900
2003-11-26,14.679694175720215,14.718308898677595,14.435140401161256,14.679694175720215,29278500
2003-11-28,14.608903884887695,14.71187403087361,14.550983024333,14.61533844494847,13572800
2003-12-01,14.91781234741211,14.96286162687785,14.692564722582604,14.750485575467359,51925600
2003-12-02,14.87276554107666,14.95642832721057,14.840586602178227,14.872765541076658,38504900
2003-12-03,14.995035171508789,15.316817052678509,14.885629282811065,14.943550119621651,66001400
2003-12-04,15.43266773223877,15.516331757566414,15.239598981869278,15.26534090908466,70632500
2003-12-05,15.284648895263672,15.349005557165027,15.200986094042769,15.316826612463736,42335500
2003-12-08,15.63217544555664,15.68366053390033,15.246036669228314,15.252472458708942,39845800
2003-12-09,14.949991226196289,15.735140081335038,14.776228653911396,15.683655011121095,67079200
2003-12-10,15.303960800170898,15.361881690307289,14.969307041049888,15.059405657928009,64492100
2003-12-11,15.400487899780273,15.439101399047097,15.091577450643682,15.246032675211978,51500700
2003-12-12,15.503462791442871,15.509898581205984,15.18168066829545,15.368313661420233,38349800
2003-12-15,15.43266773223877,15.831678037837213,15.374746861627687,15.79306453326355,55187900
2003-12-16,15.297518730163574,15.593557622677782,15.194548573854192,15.291082941956603,43183900
2003-12-17,15.117316246032715,15.400484712894546,15.033653477017113,15.303950370953235,43194700
2003-12-18,15.554946899414062,15.599996197408641,15.136630411248454,15.136630411248454,51439900
2003-12-19,15.31038761138916,15.6064264517897,15.252466755223685,15.593554877641623,61620400
2003-12-22,15.43266773223877,15.477717025491573,15.316825991016604,15.368311072948547,27160100
2003-12-23,15.4069242477417,15.451973536441066,15.27177515414254,15.381181095627172,28410600
2003-12-24,15.361876487731934,15.432667708089344,15.329697544386589,15.374746837568896,10683900
2003-12-26,15.284648895263672,15.426232569445672,15.284648895263672,15.33613397928451,7099200
2003-12-29,15.702960014343262,15.754445080849273,15.278207908793464,15.303951055796874,31670500
2003-12-30,15.522770881652832,15.728711253631403,15.451978418472157,15.645047210326707,28734500
2003-12-31,15.593557357788086,15.645042435068195,15.43910212594776,15.554943856703272,30388600
2004-01-02,15.606427192687988,15.786625556813174,15.548506333772783,15.677219626362334,29955800
2004-01-05,15.941092491149902,15.986141808425769,15.690101508824341,15.702973093046541,38892100
2004-01-06,16.127721786499023,16.153464948932328,15.92821718764711,15.97970228501217,43684400
2004-01-07,16.449499130249023,16.558905083518532,15.992569178506557,16.19850950760182,48757500
2004-01-08,16.951480865478516,17.086628756199257,16.398015269190658,16.629698770427673,61683300
2004-01-09,17.04157829284668,17.50494526360461,16.700490081040083,16.719796219820868,68856400
2004-01-12,17.395545959472656,17.47277299911977,16.925743020362454,17.105941492041822,52871900
2004-01-13,17.305444717407227,17.537128272709577,17.02871185468532,17.421286495058403,56334200
2004-01-14,17.633655548095703,17.691576413501032,17.273260006963387,17.38910173777404,42293600
2004-01-15,17.479198455810547,17.704446105357263,17.37622831216078,17.601475961707497,46099400
2004-01-16,18.747024536132812,18.895045234482943,17.884649640643314,17.955440867678984,91298000
2004-01-20,18.57326316833496,18.914351408064462,18.315836506839336,18.888609478415674,62278500
2004-01-21,18.405933380126953,18.586130541298818,18.14207219912435,18.35444830157769,54015600
2004-01-22,18.161376953125,18.38018882716876,17.961872442379576,18.36731847913754,43462000
2004-01-23,17.588603973388672,18.23860375708518,17.408405612487364,18.1098904667984,59640900
2004-01-26,18.148509979248047,18.212865413872052,17.49851002403549,17.62722212078473,42986700
2004-01-27,17.698015213012695,18.341579402576794,17.15742119557875,18.18068835518577,49345900
2004-01-28,17.23464584350586,17.942565322362622,17.1574176167664,17.916823398450152,49445200
2004-01-29,16.706924438476562,17.421281024679157,16.513855688016974,17.414845235997014,86860700
2004-01-30,16.546024322509766,17.022262603591788,16.346519892867622,16.9707775498938,71799500
2004-02-02,16.86138153076172,17.18316361167319,16.500984716339985,16.803460657997555,81642800
2004-02-03,16.99652671813965,17.13811036937047,16.745537127661958,16.97721935444866,81729600
2004-02-04,15.497026443481445,16.08910557784624,15.45197714426369,16.02474891003459,190549000
2004-02-05,15.329703330993652,15.767327305673842,15.220297337323604,15.70297062219117,103966000
2004-02-06,15.921781539916992,15.93465312124915,15.43910828747508,15.477721803969997,74134700
2004-02-09,15.876721382141113,16.121275122809166,15.83167210576811,15.992563079957824,52703900
2004-02-10,15.947516441345215,16.018307646997247,15.818803149703644,15.844546299032325,39742500
2004-02-11,15.59998893737793,15.99256331291965,15.50345459695804,15.979691740196802,87763700
2004-02-12,15.477720260620117,15.670790278845978,15.381185865257907,15.567820093459426,48597500
2004-02-13,15.484153747558594,15.735144611170126,15.406926733756007,15.593559706696633,43363800
2004-02-17,15.606427192687988,15.75444661991532,15.52276441175543,15.74157504515618,37359700
2004-02-18,15.503462791442871,15.722274733383228,15.490591211916641,15.683661222305926,39630200
2004-02-19,15.23959732055664,15.657913719089441,15.155933304349452,15.593557066814924,55113900
2004-02-20,14.924251556396484,15.30395446682127,14.692568091730221,15.220290447913525,70349300
2004-02-23,14.641080856323242,14.969298640402464,14.505933006849922,14.911377782770783,60081300
2004-02-24,14.834150314331055,14.956427823021043,14.28712187400941,14.512368301200222,91782200
2004-02-25,15.175239562988281,15.220288848048948,14.853457552553838,14.90494262512331,61432900
2004-02-26,15.0272216796875,15.381181436601544,14.982172389989469,15.13019183542617,49729800
2004-02-27,14.904937744140625,15.246027005403542,14.84058111762868,15.117313752379653,51031700
2004-03-01,15.143067359924316,15.188116661367769,14.904948045507135,14.962868926649113,36765900
2004-03-02,14.821280479431152,15.361874378392235,14.782665752718927,15.143062503693653,62706500
2004-03-03,14.608903884887695,14.834150312043777,14.570289159517255,14.769794891428306,55386900
2004-03-04,14.924251556396484,14.956429269821873,14.61533986100777,14.621775649193065,45492400
2004-03-05,14.731182098388672,15.027222227556315,14.641083515707754,14.705440172266036,56365600
2004-03-08,14.390095710754395,14.949995869803587,14.370788343114283,14.866333065032325,62038700
2004-03-09,14.235639572143555,14.467321831996781,14.11979782846634,14.319302371743097,64071900
2004-03-10,14.293560981750488,14.576729587099607,14.267819050810399,14.351481860742384,80618500
2004-03-11,14.377215385437012,14.666819586341282,14.184146736501186,14.209888650192381,89673500
2004-03-12,14.885638236999512,14.917817180973426,14.473757574142999,14.596035106241475,73013300
2004-03-15,14.66038990020752,14.988607721947357,14.596033247954427,14.776230401261836,68079900
2004-03-16,14.87920093536377,14.93068600873869,14.686130989582084,14.8019727115509,59320900
2004-03-17,15.12375259399414,15.200980806914888,14.924248116241676,15.033654035170603,52578100
2004-03-18,14.911377906799316,15.07870469384918,14.834149686814413,15.052961544687241,55961200
2004-03-19,14.480195999145508,14.917819896853246,14.448018276814643,14.892076736987415,70226700
2004-03-22,14.383663177490234,14.467326001199782,14.216336302569584,14.306434916949335,56288400
2004-03-23,14.390095710754395,14.711877806415263,14.35148097547417,14.596036055577146,58934600
2004-03-24,14.589595794677734,14.69256593552894,14.357912364012074,14.422269008919303,51709700
2004-03-25,15.175239562988281,15.220288848048948,14.679694972319009,14.686130759827812,64449300
2004-03-26,15.059398651123047,15.31038946743413,15.020785151498657,15.18167616535147,48203800
2004-03-29,15.349003791809082,15.43910237160761,15.220290482810249,15.24603363561045,44442700
2004-03-30,15.400487899780273,15.426229823457819,15.162368661382686,15.271774598889523,38857600
2004-03-31,15.168806076049805,15.439103054909246,15.123756784156754,15.400489551501082,51583000
2004-04-01,15.278213500976562,15.432668757028829,15.136629823137298,15.246035782945311,44882300
2004-04-02,15.722277641296387,15.735149223203278,15.477722495071884,15.548514968058178,54740900
2004-04-05,15.966825485229492,15.979697062239222,15.625737286979648,15.632173075484513,41326200
2004-04-06,15.863853454589844,15.973259391276711,15.690090867939935,15.928210104552884,38725000
2004-04-07,15.59998893737793,15.831672336386255,15.509890383319464,15.799493404579135,45047500
2004-04-08,15.542071342468262,15.896032301469175,15.451972769541227,15.876724938341528,32130200
2004-04-12,15.529207229614258,15.657920590649827,15.471287567399994,15.587128119330105,24691100
2004-04-13,15.200982093811035,15.735140160273229,15.181674732071112,15.70296122404002,42040700
2004-04-14,14.969304084777832,15.188116020413124,14.911383206080174,15.027224963475488,43324300
2004-04-15,14.686134338378906,15.046529934182336,14.35791646045924,14.917817835146025,74004200
2004-04-16,14.467318534851074,14.666824260161079,14.280685611739594,14.60246761417401,61589200
2004-04-19,14.711882591247559,14.737624528971963,14.448021285188581,14.512376743250435,43000200
2004-04-20,14.229202270507812,14.917815643042374,14.190587541720044,14.750488834131936,62509800
2004-04-21,14.396528244018555,14.448013318580267,14.02969570682771,14.31930001842548,73643700
2004-04-22,14.898508071899414,15.020785589694997,14.197023132836884,14.254943997713685,72532200
2004-04-23,15.007916450500488,15.085144692043068,14.718313306593638,14.962867154392839,51364700
2004-04-26,14.892075538635254,15.14950220657297,14.821284309703573,15.052966592345664,40777500
2004-04-27,14.763359069824219,15.181675440365026,14.71830978449688,14.879200790666495,42022900
2004-04-28,14.396528244018555,14.79553726499659,14.34504316945684,14.628210465795767,43185300
2004-04-29,14.100489616394043,14.512370255877581,13.843064216716831,14.42227167286584,58257700
2004-04-30,13.456924438476562,14.100488500488837,13.399003574695374,13.984646772926462,88594800
2004-05-03,13.592077255249023,13.900987795083886,13.50197742717116,13.592077255249023,68266800
2004-05-04,13.75296688079834,14.061877388422419,13.514847597316502,13.630689344550841,55848200
2004-05-05,13.682169914245605,13.868802824036148,13.656426766687826,13.830189330200318,35647000
2004-05-06,13.83663272857666,13.958910291738924,13.53415794338739,13.53415794338739,62631800
2004-05-07,13.958906173706055,14.242073504068552,13.817321281023656,13.836628646617024,64754800
2004-05-10,13.913856506347656,14.029697014281153,13.675737247120827,13.772271617482632,67550100
2004-05-11,14.31930160522461,14.364350897020639,14.010391123622284,14.068311992360362,92963900
2004-05-12,14.132670402526855,14.319304625042689,13.637126860763518,14.267819533917871,114992800
2004-05-13,14.00395679473877,14.126234333430546,13.843065748697425,14.016828373022381,52726300
2004-05-14,13.669299125671387,14.003952698140964,13.61137826784008,13.958903414827926,64216800
2004-05-17,13.469794273376465,13.958903044589709,13.308903278668197,13.360388347874807,67886000
2004-05-18,13.514845848083496,13.649993717363811,13.501974271723157,13.56633092602377,51852700
2004-05-19,13.746527671813965,14.061873889996845,13.68860681260681,13.707912947341905,63533600
2004-05-20,13.84949779510498,13.965339513349502,13.656427855530469,13.701478367348509,44040200
2004-05-21,13.926726341247559,13.991082994945778,13.752964972013766,13.952469493727275,37122600
2004-05-24,13.933159828186035,14.100486609165513,13.86236862556074,14.010388045369206,42606900
2004-05-25,14.312862396240234,14.370783251136283,13.836625210706709,13.881674491736781,56792400
2004-05-26,14.383663177490234,14.448019856690726,14.190593139888763,14.31287070761954,43833800
2004-05-27,14.505935668945312,14.550984960370425,14.325737275743728,14.50593566894531,39144700
2004-05-28,14.396528244018555,14.550983467703697,14.254943368348087,14.544547679945858,36220400
2004-06-01,14.312862396240234,14.357911677270307,14.10692212438799,14.222763834180089,36548100
2004-06-02,14.422272682189941,14.518807060387088,14.209896559155734,14.345045670632711,38025400
2004-06-03,14.383663177490234,14.557425843081091,14.274257191099869,14.345049660970565,38827800
2004-06-04,14.66038990020752,14.943557206119461,14.647518324256692,14.69900340055896,71924000
2004-06-07,15.374743461608887,15.413358185144347,14.731179466028761,14.847021181633329,67100900
2004-06-08,15.278213500976562,15.342570164540321,15.155935962955544,15.162371752062047,49497200
2004-06-09,15.162371635437012,15.252471454733756,15.104450761425268,15.175243213551012,41189900
2004-06-10,15.329703330993652,15.336139122092082,15.110891343653556,15.233168919520466,35949900
2004-06-14,15.007916450500488,15.226728369453,14.853461194916584,15.143065566324688,44958400
2004-06-15,15.213857650756836,15.406927651769779,15.078709754798968,15.123759053451591,60862600
2004-06-16,15.368311882019043,15.426232755679393,15.252471362199588,15.291084868806074,44052400
2004-06-17,15.033665657043457,15.181685183109812,14.92425965353751,15.091586554634944,55167200
2004-06-18,15.072274208068848,15.278214563798011,14.866333852339688,14.930690520380386,74781900
2004-06-21,14.718311309814453,15.207418939057423,14.68613236874512,15.162369649061445,48264000
2004-06-22,14.943562507629395,15.01435497297286,14.653959310999857,14.724750548841843,53290400
2004-06-23,15.426231384277344,15.4905880412343,14.892073218286546,14.937122509906073,71903000
2004-06-24,15.23959732055664,15.574250930383299,15.19454803221479,15.316824321285226,53542000
2004-06-25,15.078710556030273,15.432670402110237,14.776234573287852,15.26534355000837,60594100
2004-06-28,14.995035171508789,15.316817052678509,14.917808207428314,15.291075140485171,42743600
2004-06-29,15.25890827178955,15.329700734379504,14.94999771639937,14.982176666440909,44366600
2004-06-30,15.252471923828125,15.432669112961127,15.123758593732017,15.30395701036631,50526900
2004-07-01,14.87276554107666,15.239596852011744,14.750488028264629,15.220289488672684,54006600
2004-07-02,14.769797325134277,14.93712291930688,14.615340853203747,14.892073626452628,34622700
2004-07-06,14.396528244018555,14.615338890280087,14.306428442909802,14.596032754507572,42188900
2004-07-07,14.4287109375,14.634651306857487,14.364354265200427,14.4222751475199,42139900
2004-07-08,14.267814636230469,14.576725076940232,14.222765350397918,14.345042860158399,45325800
2004-07-09,14.390095710754395,14.531679390944715,14.274253959916278,14.332174835335337,32923300
2004-07-12,14.345043182373047,14.351477742635677,14.119795520649857,14.261379168946803,35420900
2004-07-13,14.248509407043457,14.55742112151277,14.229203268796173,14.383658512280249,38472500
2004-07-14,14.22276782989502,14.499500608254023,14.158411169985756,14.351479922212357,51297000
2004-07-15,14.242072105407715,14.409398908280911,14.203458605514216,14.267815257004065,44642800
2004-07-16,13.855938911437988,14.422274918164725,13.67574047736514,14.40940333840922,53512700
2004-07-19,13.746527671813965,13.997517243377679,13.55345773195647,13.78514116878509,51550900
2004-07-20,14.081181526184082,14.100488890478823,13.720785985189712,13.785142638671116,43821500
2004-07-21,13.624248504638672,14.33216907612336,13.61137693138422,14.293554356360001,49817900
2004-07-22,13.765837669372559,13.85593749092262,13.476234519572353,13.643561356735292,47121200
2004-07-23,13.469794273376465,13.695041911468218,13.353952560786372,13.682170337291346,42685700
2004-07-26,13.218806266784668,13.534152506145512,13.06434981352534,13.411874992107302,55848600
2004-07-27,13.32821273803711,13.379699047591261,13.03217382310782,13.238114151319705,59712700
2004-07-28,13.193061828613281,13.31533933072507,12.916329115808079,13.225239537194906,51187900
2004-07-29,13.386134147644043,13.50197589380174,13.283163979393029,13.360392219331905,39528900
2004-07-30,13.46336555480957,13.707919455061177,13.353959571867701,13.399008877637614,49267200
2004-08-02,13.669299125671387,13.669299125671387,13.193061916003563,13.257418561094006,40797300
2004-08-03,13.347518920898438,13.662865173955941,13.341083132774685,13.598508520219475,40501300
2004-08-04,13.592077255249023,13.630690765853037,13.244551977308776,13.270295136045698,44277100
2004-08-05,13.263855934143066,13.662864971906595,13.238112782028747,13.592073758594324,47932100
2004-08-06,12.8262357711792,13.257423870209106,12.787622259661994,13.012868766430199,58285300
2004-08-09,12.903461456298828,13.012867417171492,12.832670230440943,12.884155316292711,36272700
2004-08-10,13.167325019836426,13.173760810151775,12.90346375441459,13.070790620109179,69741700
2004-08-11,11.770788192749023,12.002470438271189,11.738609250661828,11.970292723685121,177709300
2004-08-12,11.449007987976074,11.809403605114053,11.281681144572396,11.745046938035511,101232800
2004-08-13,11.494053840637207,11.732171841685698,11.455439115466403,11.732171841685698,60959900
2004-08-16,11.732172966003418,11.880192410840289,11.46187600140949,11.487619153990376,46308300
2004-08-17,12.021778106689453,12.021778106689453,11.738609546686812,11.83514392038055,52342800
2004-08-18,12.221282958984375,12.240590325223327,11.86732317044528,11.931679830407258,59931200
2004-08-19,12.292072296142578,12.362863499429972,12.124745513598127,12.163359008800422,49590700
2004-08-20,12.150492668151855,12.240592499100448,11.996037393313221,12.195543197376855,56920000
2004-08-23,12.343559265136719,12.40791591871168,12.131183167590097,12.18266824494985,38174000
2004-08-24,12.20840835571289,12.330685856584806,12.105438216294717,12.317814282282312,40605100
2004-08-25,12.433658599853516,12.465837542348648,12.105440751410036,12.221282489390223,41765700
2004-08-26,12.33712387084961,12.504450684485418,12.330688082536566,12.38860894985285,32536800
2004-08-27,12.530189514160156,12.562368447774304,12.356428182646988,12.356428182646988,33479300
2004-08-30,12.247023582458496,12.523755076341418,12.247023582458496,12.427220720103103,35887900
2004-08-31,12.073262214660645,12.3499949637775,11.860886118652532,12.324251811533578,64745900
2004-09-01,12.285640716552734,12.304948084516615,11.970294404817123,12.002472123922294,36191100
2004-09-02,12.420783996582031,12.465834505098842,12.169794443778304,12.259893005810238,41595100
2004-09-03,12.066824913024902,12.330686052922974,11.963854771967162,12.2470232736264,41392400
2004-09-07,12.259897232055664,12.343561263498227,12.124749342419433,12.214847935510253,45498100
2004-09-08,12.427223205566406,12.568808102034003,12.176233583648296,12.201975510959832,52020600
2004-09-09,12.8262357711792,12.890592442042143,12.452968553175804,12.543067155883085,60077400
2004-09-10,13.167325019836426,13.263860647065163,12.77475163061209,12.794057774056645,52289100
2004-09-13,13.032170295715332,13.27672406239875,12.787616529031911,13.225238994281144,45084200
2004-09-14,13.096528053283691,13.154448913287231,12.935637048274065,13.070784903281693,44290600
2004-09-15,12.588114738464355,12.800490864063404,12.568808599092499,12.787620513649243,65414600
2004-09-16,12.607423782348633,12.71039396436617,12.523759742271011,12.613859572162404,38397400
2004-09-17,12.33068561553955,12.44009153997026,12.285636333862351,12.420784178893948,59808900
2004-09-20,12.420783996582031,12.536625706337857,12.189101804571225,12.247022659449136,64036100
2004-09-21,12.646035194396973,12.684648699368081,12.420787498313324,12.478708369520582,45349500
2004-09-22,12.201973915100098,12.414351232025298,12.137618491487515,12.349994580911694,74770900
2004-09-23,12.163359642028809,12.304944510976313,12.111874569911793,12.16335964202881,40950100
2004-09-24,11.841577529907227,12.18266689686006,11.783656670849181,12.150487959882849,62734100
2004-09-27,11.609893798828125,11.809398271923063,11.551972947364954,11.745041633908343,62098200
2004-09-28,11.629201889038086,11.674251174983292,11.487618243567304,11.642073464308424,63723900
2004-09-29,11.783658981323242,11.867323006367432,11.635639524708045,11.687124606465556,49683100
2004-09-30,11.648510932922363,11.8158377530805,11.616331990102823,11.764352672070393,40058700
2004-10-01,12.182668685913086,12.22771797679584,11.745044898764426,11.757916475445532,52428600
2004-10-04,12.201973915100098,12.420785792385738,12.144054279348978,12.362864929133597,53095600
2004-10-05,12.292072296142578,12.388606647898756,12.156923221683225,12.163359008800422,40998700
2004-10-06,12.568805694580078,12.575241482050533,12.253459473533388,12.259894033502896,51120800
2004-10-07,12.311380386352539,12.703954870377993,12.285638461294075,12.52375648496444,48634500
2004-10-08,12.086138725280762,12.369306150568416,12.021782045896634,12.201979275170313,45200100
2004-10-11,12.214844703674316,12.240587853461228,12.047517912562224,12.079696849795864,23204500
2004-10-12,12.33068561553955,12.452963114021134,11.957418560570222,12.021775203323733,37134100
2004-10-13,12.137619972229004,12.54950062560224,11.983164727214039,12.523757471015827,72680900
2004-10-14,11.96385669708252,12.150489647468117,11.905935829979827,12.086134219577216,39006800
2004-10-15,11.893064498901367,12.099004818405977,11.828707842180894,12.002470447075831,46820000
2004-10-18,12.002470016479492,12.053955094508584,11.854450570583488,11.918807224995124,41431300
2004-10-19,12.034650802612305,12.317818161437547,11.970294138333376,12.169798692846905,49868000
2004-10-20,11.873758316040039,12.00890618988873,11.77078815667881,11.963856898605833,52679500
2004-10-21,11.989596366882324,12.04751722308714,11.828705372424691,12.015339515195963,41317800
2004-10-22,11.757917404174805,12.079699481612531,11.687124954338119,12.021778609473644,35461500
2004-10-25,11.622767448425293,11.770788126187103,11.58415394564014,11.680688316353583,34106100
2004-10-26,11.654946327209473,11.71930175566915,11.455440570980906,11.661382115555664,51352600
2004-10-27,11.938112258911133,12.00246890737581,11.51979588514219,11.635637606878415,62748800
2004-10-28,12.195541381835938,12.208411732197101,11.848016144558772,11.931680173163079,55132600
2004-10-29,12.362862586975098,12.465833945749434,12.163358111070195,12.201971603422578,73345000
2004-11-01,12.39504337310791,12.452964234045407,12.195538867379293,12.362864435086538,39880500
2004-11-02,12.414352416992188,12.562371869431422,12.33068839430835,12.420786977966817,37906300
2004-11-03,12.407916069030762,12.742568462172873,12.337123626490563,12.723262325117243,52075400
2004-11-04,12.562368392944336,12.588110312222494,12.37573426129929,12.38860583468877,49091300
2004-11-05,12.851972579956055,12.87771572904003,12.691081580683942,12.736132091580897,54285800
2004-11-08,12.851972579956055,12.87771572904003,12.716824729767916,12.858408367227048,49754000
2004-11-09,12.710392951965332,12.871284001990208,12.665343654358573,12.806927336479998,67607200
2004-11-10,11.867323875427246,12.24702684150798,11.85445229716997,12.214847895864795,171452900
2004-11-11,12.06038761138916,12.073259184280365,11.584150461921372,11.905932419196965,61753500
2004-11-12,12.39504337310791,12.407914948316458,12.079697145504298,12.105439068420422,73480000
2004-11-15,12.581681251525879,12.581681251525877,12.279206480178964,12.324255783624093,56094100
2004-11-16,12.472270965576172,12.562370768842133,12.395043965635098,12.51088569304774,40062000
2004-11-17,12.575246810913086,12.761879816639784,12.491582765844782,12.543067859924712,52465900
2004-11-18,12.562368392944336,12.723259377810423,12.50444754019248,12.549496819554857,45872100
2004-11-19,12.234152793884277,12.639597607142484,12.221281218225029,12.555934820359399,49743200
2004-11-22,12.324251174926758,12.33712275038384,12.06039001556156,12.15048858875914,44261000
2004-11-23,12.227717399597168,12.324251765146409,12.19553968691444,12.22128161156041,44808000
2004-11-24,12.362862586975098,12.388605733543878,12.253457896560143,12.259892455701548,36640400
2004-11-26,12.375740051269531,12.472274441852484,12.272769870980865,12.317819171419483,19545000
2004-11-29,12.189106941223145,12.478710110154493,12.150492203364541,12.35643378943967,49567700
2004-11-30,12.066824913024902,12.324250265669253,12.041081764010015,12.131181558061217,63515000
2004-12-01,12.324251174926758,12.3306869626553,12.10543930216035,12.15048858875914,64190300
2004-12-02,12.35643196105957,12.52375755701558,12.266332146889585,12.285639512961978,52050100
2004-12-03,12.504450798034668,12.671777613189922,12.478707644548727,12.504450798034668,62014100
2004-12-06,12.755443572998047,12.78762252284249,12.523760044123758,12.555938993968201,56369700
2004-12-07,12.697515487670898,13.096525646879584,12.652466210945876,12.845534890481892,103909000
2004-12-08,12.742568016052246,12.813360456113983,12.607420151390066,12.736133455593034,53601500
2004-12-09,12.48514461517334,12.723263897461988,12.414353391385825,12.549501277481182,67721400
2004-12-10,12.498017311096191,12.691086087788692,12.433660643031574,12.452968011701364,44146000
2004-12-13,12.401477813720703,12.588110723969564,12.30494346514365,12.54949723003891,54596100
2004-12-14,12.407916069030762,12.536628150238933,12.29851012487822,12.311380473748278,50080000
2004-12-15,12.48514461517334,12.498016193135156,12.337125151116165,12.35643251805889,49847800
2004-12-16,12.48514461517334,12.652471446173237,12.3950460244431,12.407917602404916,86874900
2004-12-17,12.221282958984375,12.60098590250874,12.221282958984375,12.349996278908332,100599300
2004-12-20,12.259897232055664,12.440095645738573,12.227719513809305,12.292076177803292,57026200
2004-12-21,12.459400177001953,12.562370324952301,12.253459881101257,12.27276601665383,65443300
2004-12-22,12.433658599853516,12.523757183837597,12.324252650372356,12.36286615386537,54832100
2004-12-23,12.517322540283203,12.58811375830331,12.369301860784137,12.375737649240717,51235700
2004-12-27,12.420783996582031,12.600982348146742,12.42078399658203,12.517319573045782,32600100
2004-12-28,12.39504337310791,12.49157773217008,12.388607585503635,12.420785296024034,33600400
2004-12-29,12.427223205566406,12.459402149082306,12.34356040742743,12.375738123442147,36831100
2004-12-30,12.498017311096191,12.549502400047613,12.395047133193343,12.407918712306536,42589300
2004-12-31,12.433658599853516,12.549500337833702,12.395045096360501,12.478707891845557,29132500
2005-01-03,12.433658599853516,12.62029278382185,12.401480884859529,12.498015257342637,56725600
2005-01-04,11.944547653198242,12.47870573111468,11.93167730592988,12.472269943730032,106241900
2005-01-05,11.950982093811035,12.150486570248964,11.873755108899937,11.886625454717924,66100500
2005-01-06,12.131186485290527,12.137622275158224,11.944552261631541,12.015344722674797,63790900
2005-01-07,12.047518730163574,12.214845532631252,11.98316330633072,12.176232032831335,54415000
2005-01-10,12.047518730163574,12.124746957264435,11.970291730563739,12.008905230363656,47183300
2005-01-11,11.996034622192383,12.04751970191205,11.880192885947853,11.944549542472718,53236100
2005-01-12,12.182668685913086,12.208410611774184,12.041083797423159,12.073262739125921,65081900
2005-01-13,12.086138725280762,12.22128664723602,11.989603092453791,12.1762373399176,56893000
2005-01-14,12.150492668151855,12.208413549654018,12.086137224261813,12.144058105763978,51197100
2005-01-18,12.06038761138916,12.09900110256202,11.98959518798829,12.066823397834762,51416900
2005-01-19,11.68068790435791,12.021777311515862,11.654945979242806,12.00890573520777,72873000
2005-01-20,11.790098190307617,11.860890658574148,11.526236916316133,11.63564290022735,83539400
2005-01-21,11.590587615966797,11.89949803680023,11.58415182876182,11.783656322112467,56209900
2005-01-24,11.423264503479004,11.712868883300114,11.391086784610565,11.680689936930383,80477000
2005-01-25,11.268806457519531,11.571281113609075,11.204449808191697,11.519796039647003,76495900
2005-01-26,11.384649276733398,11.4940552228722,11.294549468000728,11.455440493057726,73530300
2005-01-27,11.699997901916504,11.725739832824855,11.410393507314073,11.43613666572378,76947600
2005-01-28,11.519797325134277,11.835143591778886,11.487619610630162,11.757916585968559,77990000
2005-01-31,11.609893798828125,11.777219339165317,11.57127907951883,11.680684995893623,51573700
2005-02-01,11.667815208435059,11.745043431371899,11.584152425462696,11.642073285790087,55135300
2005-02-02,11.68068790435791,11.777222271666439,11.616331250318531,11.725737193935151,57884400
2005-02-03,11.275240898132324,11.642072159723817,11.262369324304347,11.609894452654713,86470500
2005-02-04,11.519797325134277,11.532668901936374,11.313857006305238,11.313857006305238,75320600
2005-02-07,11.68712043762207,11.71286358306873,11.519793674721004,11.584150310836913,62682700
2005-02-08,11.738609313964844,11.86088683955334,11.687124233848815,11.732173525512698,112368000
2005-02-09,11.34603500366211,11.790094594395685,11.262372207365049,11.783658805834193,116920500
2005-02-10,11.313857078552246,11.429698815508594,11.268807786958364,11.410391450182159,81179800
2005-02-11,11.391085624694824,11.500491576208884,11.178709510285314,11.307421600154042,99165600
2005-02-14,11.564848899841309,11.61633398971395,11.352472750678993,11.397522050879884,59189600
2005-02-15,11.532670021057129,11.699996853218263,11.461877569277084,11.622768612412646,65160200
2005-02-16,11.397516250610352,11.551972669125774,11.378210118921482,11.494051819057677,56805900
2005-02-17,11.23019790649414,11.416830921516732,11.191583163384752,11.410395130998502,46135700
2005-02-18,11.133657455444336,11.313855829425881,11.120787107482151,11.288113906000516,60417100
2005-02-22,11.140091896057129,11.294547100434773,11.037121759805366,11.043557546758707,65804900
2005-02-23,11.1207857131958,11.20444848821513,11.024250136826241,11.18514112744105,58968400
2005-02-24,11.056429862976074,11.127222296714868,11.024250926048925,11.082171785016861,53681900
2005-02-25,11.069304466247559,11.152967270145961,11.030689731370202,11.069304466247559,38126100
2005-02-28,11.210886001586914,11.30098457740588,11.04999498619531,11.069302349942674,62138100
2005-03-01,11.262371063232422,11.378212790568691,11.204450199564286,11.223757563287341,50503000
2005-03-02,11.416825294494629,11.481181940455889,11.236626931303284,11.25593429334194,57781500
2005-03-03,11.455443382263184,11.519800054017757,11.397522500434208,11.403958290359808,48778400
2005-03-04,11.609893798828125,11.63563571753355,11.42969545788706,11.519794014607207,55641700
2005-03-07,11.738609313964844,11.918807708121513,11.680688445396669,11.764352467773426,97495200
2005-03-08,11.66137981414795,11.899497798458144,11.654944027071881,11.738606804059033,54072000
2005-03-09,11.92524242401123,12.060390286847614,11.751479833935004,11.757915621808312,80748600
2005-03-10,12.041089057922363,12.09257538714008,11.880197961621947,11.99603974735851,81350200
2005-03-11,11.873758316040039,12.099004772454524,11.71930184949707,12.015341978286447,55821100
2005-03-14,11.931675910949707,11.989595535638058,11.87375505876057,11.893061191156423,41102900
2005-03-15,11.74504566192627,12.002471074769621,11.712867945633798,11.957421780959683,43168700
2005-03-16,11.629201889038086,11.75147939910434,11.584152603092882,11.680686962618461,47912700
2005-03-17,11.603460311889648,11.777221673215006,11.590588736235617,11.597024524062633,48988500
2005-03-18,11.455443382263184,11.680691119653485,11.455443382263184,11.62920602775011,52249300
2005-03-21,11.545539855957031,11.603460720941014,11.423262337935176,11.436133914042962,38427200
2005-03-22,11.532670021057129,11.68712527516712,11.468313358302655,11.558411949658172,55769100
2005-03-23,11.423264503479004,11.59702713137167,11.410392924931111,11.455442222347441,42848200
2005-03-24,11.506926536560059,11.680689152787775,11.391086019909459,11.461877242167956,51460900
2005-03-28,11.513359069824219,11.67425006287375,11.513359069824219,11.597023073610458,40633700
2005-03-29,11.423264503479004,11.571283974275886,11.36534362751478,11.48762116871717,49790300
2005-03-30,11.603460311889648,11.648509599177743,11.455439646870323,11.461875434697339,53086500
2005-03-31,11.513359069824219,11.67425006287375,11.494052936258827,11.597023073610458,46338200
2005-04-01,11.391085624694824,11.629203666077611,11.384649836076212,11.590590161867109,56370800
2005-04-04,11.37177562713623,11.42326069666907,11.262369700941337,11.365339840007016,51926100
2005-04-05,11.468311309814453,11.526232173197437,11.275242583538523,11.41682623430747,50130200
2005-04-06,11.436135292053223,11.584154752625368,11.416827925565078,11.468313008698921,40116400
2005-04-07,11.68068790435791,11.693559480666002,11.44256988016361,11.455440228970623,50647300
2005-04-08,11.519797325134277,11.680688352657105,11.519797325134277,11.635639061350894,45389700
2005-04-11,11.577717781066895,11.648510223457032,11.539104279536401,11.584153569238824,42853400
2005-04-12,11.738609313964844,11.777222817176582,11.487619701836843,11.532668993500728,86773400
2005-04-13,11.584153175354004,11.770787343490763,11.564845811494706,11.719301039865968,44917500
2005-04-14,11.46187686920166,11.59059018684898,11.423263364907934,11.584154398216496,52373700
2005-04-15,11.069304466247559,11.339601472882713,11.056432887955108,11.255937441483042,86961300
2005-04-18,10.953462600708008,11.191580659092256,10.947026811629886,11.049996981877332,63901600
2005-04-19,11.056429862976074,11.140092643984795,11.037122500819786,11.069301437746933,44281100
2005-04-20,11.062865257263184,11.288112897745735,11.037122108636199,11.21732046652242,58411500
2005-04-21,11.378215789794922,11.397521931105924,11.16583964286442,11.19158157377954,52371700
2005-04-22,11.217323303222656,11.333165046337022,11.082174193755497,11.26237259721131,41057800
2005-04-25,11.249500274658203,11.326728507453833,11.19157940693676,11.236628697942079,39358000
2005-04-26,11.1207857131958,11.35246790498055,11.10147835242172,11.165834994167813,56444600
2005-04-27,11.10147762298584,11.236625457021823,10.992071707456384,11.062864131475669,62447400
2005-04-28,11.030689239501953,11.152966772825247,11.004947311566172,11.030689239501953,48957400
2005-04-29,11.114352226257324,11.133658363525742,10.966332778860997,11.06286714770638,49386700
2005-05-02,11.107915878295898,11.146529378388179,11.043559226474743,11.095044302431461,43564300
2005-05-03,11.140091896057129,11.19157696418301,11.05642912066539,11.05642912066539,43707300
2005-05-04,11.358903884887695,11.397517379591038,11.140092035733979,11.152963609802049,75896500
2005-05-05,11.584153175354004,11.62276667557156,11.333163582688334,11.333163582688334,80440000
2005-05-06,11.597025871276855,11.6871244563197,11.53266921303147,11.64851095237293,49220600
2005-05-09,11.7193021774292,11.738609543162614,11.57128272264316,11.58415429979877,54768400
2005-05-10,11.7193021774292,11.777223047128286,11.590590088376574,11.654946746653467,73244700
2005-05-11,11.938112258911133,11.970291196893957,11.725736178228379,11.886627185639586,123160600
2005-05-12,12.034650802612305,12.118313606924017,11.905937474054449,11.938115192443275,67556400
2005-05-13,12.156926155090332,12.240590180300721,11.996035120840853,12.05395599137076,65474500
2005-05-16,12.285640716552734,12.337125803621786,12.066828789633934,12.13762124466687,62180900
2005-05-17,12.266332626342773,12.298511571054537,12.111877374229996,12.201975964420475,52988100
2005-05-18,12.382173538208008,12.446530195795079,12.25989601154269,12.266331800051512,59996500
2005-05-19,12.472270965576172,12.504449905135811,12.343558889840706,12.375736601899314,46846000
2005-05-20,12.530189514160156,12.555932661051475,12.407913248928818,12.478704447878329,34181700
2005-05-23,12.581681251525879,12.607424412066784,12.44009755105526,12.452969131325714,49768500
2005-05-24,12.871280670166016,12.877716457801217,12.48514200456084,12.536627078141464,86130000
2005-05-25,12.626730918884277,12.800492330645394,12.555938459739995,12.768314609671469,66102100
2005-05-26,12.806925773620605,12.845539277214115,12.671777897292744,12.691084035338926,54106800
2005-05-27,12.73613166809082,12.76187358881794,12.658903450907728,12.710388519862834,26984700
2005-05-31,12.48514461517334,12.633164079230513,12.446531108789127,12.620293728769933,61667800
2005-06-01,12.639599800109863,12.74256996824712,12.452966830674049,12.48514454790398,48990300
2005-06-02,12.794051170349121,12.794051170349121,12.581675109567447,12.594546683554423,36729800
2005-06-03,12.48514461517334,12.7618774038462,12.414353391385825,12.691084952557448,58749200
2005-06-06,12.472270965576172,12.504449905135811,12.304945389870168,12.465836405165275,41321900
2005-06-07,12.491579055786133,12.749004449729215,12.465837130142377,12.478707479213703,61546800
2005-06-08,12.491579055786133,12.703955159226814,12.427222400425087,12.562371499433395,48675100
2005-06-09,12.530189514160156,12.620289300778962,12.369298528591841,12.3821701020375,51722500
2005-06-10,12.382173538208008,12.536628779916288,12.292074954086798,12.523757202898645,34056400
2005-06-13,12.420783996582031,12.47226906452897,12.324249647619125,12.349992795343017,38163300
2005-06-14,12.343559265136719,12.510886073431191,12.311380324598703,12.42722205553342,32261600
2005-06-15,12.433658599853516,12.465837542348648,12.214846700891195,12.452965965350595,37016500
2005-06-16,12.568805694580078,12.588111829490499,12.382171540439677,12.433656612702382,40746400
2005-06-17,12.568805694580078,12.851972978274484,12.555934119639163,12.716825123897737,63688900
2005-06-20,12.613852500915527,12.691079480385023,12.459397314475833,12.504446590416489,33230900
2005-06-21,12.723262786865234,12.800489792892614,12.52375702837539,12.633162976498452,48643300
2005-06-22,12.742568016052246,12.80692466815373,12.684647151911014,12.749003804012498,38822500
2005-06-23,12.729704856872559,13.032179696824148,12.729704856872559,12.832675067388067,94433400
2005-06-24,12.420783996582031,12.72325984483354,12.414349437151902,12.652467416093682,71213900
2005-06-27,12.247023582458496,12.427220720103103,12.23415200762647,12.42078493268709,48612100
2005-06-28,12.33068561553955,12.446527326995698,12.324249828514112,12.33068561553955,40675100
2005-06-29,12.459400177001953,12.600983823558433,12.395043527657739,12.4143508907113,50326900
2005-06-30,12.27920150756836,12.54306265875162,12.266329932510406,12.510884948607695,44756000
2005-07-01,12.221282958984375,12.35643206765465,12.156926299022397,12.31138154643043,35006000
2005-07-05,12.111879348754883,12.343562878444597,12.047522676340913,12.079701626298611,48386700
2005-07-06,12.111879348754883,12.285641996022168,12.111879348754883,12.124750928737962,42270300
2005-07-07,12.124743461608887,12.195535880416266,11.912367432687422,11.957416707382782,46687500
2005-07-08,12.427223205566406,12.440094782972766,12.118312712820856,12.163362006241934,41786000
2005-07-11,12.575246810913086,12.588117163806968,12.369305207091896,12.41435573847562,46542900
2005-07-12,12.729704856872559,12.78762575372525,12.523763208339806,12.530198999934742,46431100
2005-07-13,12.851972579956055,12.864844154498043,12.678211233642864,12.697517367954935,37307200
2005-07-14,12.832670211791992,12.909897226706777,12.697521094439214,12.85841214092983,61565500
2005-07-15,12.800485610961914,12.884149605576454,12.729694416481221,12.82622875622815,37649800
2005-07-18,12.646035194396973,12.774748514302255,12.63959940565159,12.755441148066106,28303900
2005-07-19,12.980691909790039,12.999999280585998,12.678217132328932,12.736138017215323,57088900
2005-07-20,12.948507308959961,13.019298509278013,12.697516531920668,12.864843307446586,53833300
2005-07-21,12.588114738464355,12.935639977172562,12.555937021177106,12.92276839925717,58550600
2005-07-22,12.433658599853516,12.60098541832477,12.388609307861476,12.58167805282769,44899500
2005-07-25,12.131186485290527,12.4915821253717,12.111879115687437,12.478710545636307,58224700
2005-07-26,12.266332626342773,12.311381921438013,12.169798247209942,12.227719120189885,51468000
2005-07-27,12.343559265136719,12.388608554388872,12.156925092519439,12.272766823454155,33351600
2005-07-28,12.420783996582031,12.427219783513003,12.266328792741211,12.395042076358983,39176100
2005-07-29,12.324251174926758,12.485142185637292,12.298509251513591,12.43365711130996,38389000
2005-08-01,12.39504337310791,12.51732088258718,12.330686724566137,12.39504337310791,32113700
2005-08-02,12.543063163757324,12.652469101152889,12.39504372713421,12.43365722636176,41131800
2005-08-03,12.575246810913086,12.613860324597667,12.440097671764851,12.472275395251758,33585500
2005-08-04,12.504450798034668,12.697519539174742,12.472271856177242,12.510886586406153,36055700
2005-08-05,12.420783996582031,12.543061493268828,12.42078399658203,12.504447999183835,32085300
2005-08-08,12.388612747192383,12.543068031545513,12.375741166620918,12.478711356189672,30455000
2005-08-09,12.620294570922852,12.703957378255005,12.48514544830775,12.498017027128485,57249300
2005-08-10,11.74504566192627,12.163362111234365,11.719302506891339,12.118312817424426,202313300
2005-08-11,11.622767448425293,11.796530052210164,11.436134495379452,11.777222687067026,146112700
2005-08-12,11.455443382263184,11.616334447898911,11.423265660136606,11.590592515697931,78558700
2005-08-15,11.397516250610352,11.494051819057677,11.339596628042997,11.461872887074987,63939500
2005-08-16,11.34603500366211,11.487619897012582,11.333164654040285,11.397520084652875,61166300
2005-08-17,11.481186866760254,11.571285473264632,11.397522822862085,11.410394403077412,53838000
2005-08-18,11.365340232849121,11.513359659434704,11.365340232849121,11.487617737528959,40870100
2005-08-19,11.468311309814453,11.506924809569435,11.371776946676489,11.423262022183472,39708600
2005-08-22,11.384649276733398,11.53266872518557,11.326728409512791,11.50692557197592,41834500
2005-08-23,11.429696083068848,11.49405272460375,11.391082589148242,11.40395293545455,45893500
2005-08-24,11.275240898132324,11.468309595548634,11.275240898132324,11.403952953909583,58383200
2005-08-25,11.249500274658203,11.352470433384966,11.249500274658203,11.300985354021584,41768300
2005-08-26,11.198014259338379,11.28811406131938,11.172272335558818,11.275242485679092,43243600
2005-08-29,11.352471351623535,11.436135379544348,11.133659439755403,11.133659439755403,40543200
2005-08-30,11.268806457519531,11.33959889453025,11.19157823282593,11.31385574379872,41220500
2005-08-31,11.339601516723633,11.371779235077899,11.223759766646234,11.294550992525876,41540900
2005-09-01,11.358903884887695,11.455438235396484,11.236626386242769,11.275241108446975,41311000
2005-09-02,11.40395736694336,11.6292050860946,11.352472279208902,11.378215436826789,32300100
2005-09-06,11.712865829467773,11.74504353994669,11.551974822071243,11.571280957358205,60848200
2005-09-07,11.841577529907227,11.873756466884439,11.648508818047697,11.693558102314858,59072400
2005-09-08,11.822274208068848,11.931680164820209,11.73861017952304,11.764353335229819,54401500
2005-09-09,11.957423210144043,12.008908298866352,11.82227531256098,11.841581453643508,46036800
2005-09-12,11.893064498901367,11.95098536719968,11.809401704415542,11.841579419025214,48677700
2005-09-13,11.74504566192627,11.835144249546145,11.738609873167537,11.74504566192627,52444400
2005-09-14,11.481186866760254,11.80940479724236,11.47475107665259,11.74504812366718,57254600
2005-09-15,11.603460311889648,11.642073811350727,11.519796297639463,11.532667873293493,55912900
2005-09-16,11.854456901550293,11.873764276435367,11.551982060027923,11.564852415782898,75139500
2005-09-19,11.693557739257812,11.796527879386042,11.590587599129583,11.777220517799163,45725200
2005-09-20,11.564848899841309,11.835145928548018,11.487621878783031,11.629205569057453,57286600
2005-09-21,11.48762321472168,11.577721825601364,11.403959166760677,11.513365148900942,53269700
2005-09-22,11.654946327209473,11.67425246474693,11.378213565828847,11.416827068404876,48006300
2005-09-23,11.61633014678955,11.693558369800488,11.551974726364891,11.571280861491903,38083100
2005-09-26,11.532670021057129,11.699996853218263,11.500492303430514,11.68712527516712,56453300
2005-09-27,11.40395736694336,11.539106489434632,11.384651226231261,11.500492980509119,50452100
2005-09-28,11.532670021057129,11.616332823387074,11.416828273599325,11.429699851650469,54427100
2005-09-29,11.494053840637207,11.545538913363986,11.423261405325027,11.526231550778583,56199200
2005-09-30,11.532670021057129,11.545541599108272,11.358907399870423,11.449007218727184,56270900
2005-10-03,11.416825294494629,11.661380303647231,11.410389507148409,11.53910279907093,47714900
2005-10-04,11.37177562713623,11.519795048605534,11.3589040528778,11.429696483798285,54171400
2005-10-05,11.262371063232422,11.442569442144512,11.262371063232422,11.378212790568691,47135300
2005-10-06,11.410391807556152,11.429699173487297,11.268808139897951,11.28167971718538,60516800
2005-10-07,11.34603500366211,11.45544095420513,11.326728865478795,11.416827450337346,35569800
2005-10-10,11.255936622619629,11.326729070576736,11.101481376850547,11.262372411297656,57891200
2005-10-11,11.062865257263184,11.288112897745735,11.030686321479454,11.21732046652242,55344100
2005-10-12,11.217323303222656,11.255936808427046,10.921283156652478,11.037124899766845,85491800
2005-10-13,11.133657455444336,11.243063391879382,11.069302033130423,11.146529030907518,45537800
2005-10-14,11.114352226257324,11.17870888132128,11.049995571193369,11.165837304808269,35672800
2005-10-17,11.049994468688965,11.178707765974607,11.030687105845825,11.088607966874267,34345300
2005-10-18,10.927719116210938,11.069304016674995,10.921283327326096,11.011383144212648,40865700
2005-10-19,11.069304466247559,11.075739027892517,10.831185177842269,10.882670263510809,54073600
2005-10-20,10.895540237426758,11.159401416061927,10.876232872831103,11.069302836284383,51650900
2005-10-21,10.959897994995117,11.056432372687135,10.901977122879664,11.01781886711057,58366000
2005-10-24,11.043561935424805,11.0564335144466,10.889106669667274,10.99207684683896,44339100
2005-10-25,11.017821311950684,11.062870616369926,10.927721475610713,10.953464636708272,47079800
2005-10-26,11.004949569702148,11.075740806677304,10.966336056124657,10.992077989342496,36709500
2005-10-27,10.972766876220703,11.095044392928152,10.934153375813473,10.953460739767612,39260800
2005-10-28,11.030689239501953,11.088610111733976,10.979204156129178,11.030689239501953,42458300
2005-10-31,11.23019790649414,11.288118793656693,11.037127873451787,11.043563663970017,79135500
2005-11-01,11.249500274658203,11.26880763973239,11.101480824926124,11.152965904289504,44269500
2005-11-02,11.34603500366211,11.410391661775856,11.140094679699049,11.185143972128323,60933700
2005-11-03,11.268806457519531,11.416825891722862,11.249499094470885,11.403954316357098,48334600
2005-11-04,11.500492095947266,11.506926657355505,11.281680183030442,11.288115971939904,42839300
2005-11-07,11.48762321472168,11.57128603518117,11.423266538021258,11.506929358480749,42952500
2005-11-08,11.494053840637207,11.55840926091996,11.403954042739624,11.442568767910428,38219200
2005-11-09,11.423264503479004,11.48762116871717,11.391086784610565,11.44257187130084,70124300
2005-11-10,11.037123680114746,11.165836986574238,10.95346089016682,11.107916121417572,143451000
2005-11-11,11.24306583404541,11.262373201434038,10.998511984629113,11.037125491905105,82869100
2005-11-14,11.165839195251465,11.236630423056203,11.107918318637665,11.210888493173018,35685900
2005-11-15,11.114352226257324,11.217322383359212,11.075737496718292,11.140094151782247,44044300
2005-11-16,11.082176208496094,11.165840250400466,11.004949184047437,11.075740418541804,44170800
2005-11-17,11.17870807647705,11.191578424562325,11.082172487080935,11.107915638253502,47690900
2005-11-18,10.953462600708008,11.198016448170378,10.856928219538684,11.107917856079176,137429400
2005-11-21,10.97920036315918,10.985636149795067,10.940586870844655,10.972764576523295,52952100
2005-11-22,11.1207857131958,11.243061982262448,10.921280001032832,10.940587361806914,71005800
2005-11-23,11.223759651184082,11.307422454545275,11.101482113193482,11.101482113193482,56890600
2005-11-25,11.294546127319336,11.346031191009368,11.249496850028152,11.30741770011703,17830100
2005-11-28,11.249500274658203,11.352470433384966,11.243064486300142,11.294549565663521,37443800
2005-11-29,11.268806457519531,11.481182541050698,11.249499094470885,11.262370669836649,62938300
2005-11-30,11.288116455078125,11.423264345457575,11.262373298338455,11.27524487670829,47405500
2005-12-01,11.384649276733398,11.423262779046768,11.346034546918922,11.397519625837118,39729500
2005-12-02,11.352471351623535,11.410392224029877,11.262372762325322,11.358907140502152,42998300
2005-12-05,11.262371063232422,11.468311366274222,11.217321775379657,11.307420351085186,57253100
2005-12-06,11.300985336303711,11.352470415586373,11.191579389390416,11.288114987108882,55187700
2005-12-07,11.442574501037598,11.584158215099356,11.410395547272488,11.494059599560197,97856800
2005-12-08,11.352471351623535,11.46831309643622,11.313857845853047,11.461877307557602,66400200
2005-12-09,11.294546127319336,11.403952041098245,11.23662527723046,11.339596632111265,62666400
2005-12-12,11.275240898132324,11.416824527737562,11.230191617235242,11.307418605201429,39552100
2005-12-13,11.262371063232422,11.313856138992872,11.230193351195027,11.24949948741705,49275100
2005-12-14,11.384649276733398,11.416826990744356,11.23662860078012,11.243064389082534,58556500
2005-12-15,11.429696083068848,11.481181150796601,11.32672594761334,11.358903654630371,62294800
2005-12-16,11.275240898132324,11.43613188847953,11.268805111218335,11.410388740823572,94010200
2005-12-19,11.24306583404541,11.36534337250419,11.236630044915868,11.275244779693123,46770600
2005-12-20,11.140091896057129,11.300982887388113,11.114349975744613,11.243062032308892,49564300
2005-12-21,11.075737953186035,11.185143903053408,11.049996026600201,11.14009461090234,77024500
2005-12-22,11.127224922180176,11.17871000591057,11.049996682833974,11.062868260641878,36231800
2005-12-23,11.165839195251465,11.19158112513465,11.101482529291541,11.127225686676033,22792700
2005-12-27,11.10147762298584,11.249497030025468,11.088606049982195,11.185140392508005,29883100
2005-12-28,11.127224922180176,11.204451934025158,11.03712510502607,11.082174399852512,38695500
2005-12-29,11.095044136047363,11.191578498580926,11.030687485191315,11.133657635560585,36009500
2005-12-30,11.017821311950684,11.062870616369926,10.985642360578735,11.017821311950682,39290000
2006-01-03,11.23019790649414,11.255939841065537,11.056435245006481,11.075741389059646,55426000
2006-01-04,11.48762321472168,11.539108310581714,11.236632298340185,11.24950387918057,80408900
2006-01-05,11.809404373168945,11.893067186561346,11.539107335860669,11.545543125737224,118575500
2006-01-06,12.079697608947754,12.150488820308768,11.886627655915216,11.912370807319963,122446000
2006-01-09,12.266332626342773,12.298511571054537,12.176234036152293,12.208411753362828,78592600
2006-01-10,12.20840835571289,12.324250069433559,12.086132082341864,12.144052939202197,73828200
2006-01-11,12.48514461517334,12.504451982116063,12.189105687058992,12.214847615481387,73933100
2006-01-12,12.35643196105957,12.45296633641917,12.27920372427118,12.401481254393971,59581300
2006-01-13,12.176234245300293,12.440095458962885,12.156926878141599,12.311382132907413,52349600
2006-01-17,12.021778106689453,12.086134764985665,11.88662900151729,12.034649683848928,53125200
2006-01-18,12.053956985473633,12.131185228382996,11.822274711748094,11.841580851849475,69475200
2006-01-19,12.24058723449707,12.304943878209112,12.111873947072986,12.131181308436863,54516900
2006-01-20,11.912370681762695,12.182667631158482,11.738608094115188,12.169796055591776,77815100
2006-01-23,11.68712043762207,11.944545754584967,11.667813078537078,11.931675409362374,54554200
2006-01-24,11.796529769897461,11.886628350073634,11.680688036813187,11.693559613267238,50574700
2006-01-25,11.950982093811035,11.976725240448596,11.751477617373107,11.809398469806826,51610600
2006-01-26,11.957423210144043,12.028215667450223,11.745047065726844,11.950987420616086,64896300
2006-01-27,12.086138725280762,12.195544711983306,11.944553785135371,11.957425366512508,48720700
2006-01-30,12.156926155090332,12.195540887111056,12.015342486851214,12.028214064191454,43844300
2006-01-31,11.950982093811035,12.060388012019084,11.790091109828655,12.034646092882316,64719200
2006-02-01,11.957423210144043,11.983166368255867,11.809403733505066,11.841581453643508,53734600
2006-02-02,11.822274208068848,12.066828049777126,11.777223685581983,11.88019385340665,40284100
2006-02-03,11.68068790435791,11.796529636128575,11.55197582378023,11.77078771101347,71696800
2006-02-06,11.47474479675293,11.648507352058687,11.47474479675293,11.603458073461072,51811100
2006-02-07,11.642075538635254,11.71286798773458,11.46831292402847,11.481184501592203,78522100
2006-02-08,12.48514461517334,12.549501277481182,12.298511644731954,12.40148181342401,200671700
2006-02-09,12.581681251525879,12.858414089833342,12.530196157945522,12.562375108621655,119726500
2006-02-10,12.71682357788086,12.79405056313576,12.613853445873792,12.620289232561834,73782500
2006-02-13,12.581681251525879,12.774751273078309,12.433661760920034,12.626731782472465,58621900
2006-02-14,12.67820930480957,12.781179430478014,12.600981096807875,12.63959458705836,55792800
2006-02-15,12.832670211791992,12.845540562610276,12.61385829036465,12.61385829036465,65024300
2006-02-16,12.858407020568848,12.8712785937628,12.761872676615782,12.813357741890803,46990700
2006-02-17,12.781183242797852,12.864846034545293,12.761875878163325,12.832668320988835,35965900
2006-02-21,12.600984573364258,12.806924881519175,12.517321783489223,12.684647363239295,47666600
2006-02-22,12.658903121948242,12.82622989857933,12.59454648055154,12.59454648055154,57719700
2006-02-23,12.691083908081055,12.77474793044607,12.588113747863446,12.6267284785709,48143700
2006-02-24,12.774747848510742,12.8133613514694,12.665341900543604,12.678213477363533,37444900
2006-02-27,12.851972579956055,12.871279941769036,12.761874013163963,12.77474558770595,55854400
2006-02-28,13.025736808776855,13.12870696319398,12.781182998911452,12.845538424796356,137099800
2006-03-01,13.553458213806152,13.592072939651036,13.09009255117637,13.115834474238646,160237700
2006-03-02,13.437613487243652,13.55345518387949,13.321773018108523,13.469792418254,69236400
2006-03-03,13.540587425231934,13.727220350736062,13.296032412846047,13.321775562571274,76428600
2006-03-06,13.547022819519043,13.8237555586044,13.437616881450436,13.495537744398582,85155100
2006-03-07,13.431183815002441,13.501975033978669,13.308906287678193,13.469797318762307,47523100
2006-03-08,13.424748420715332,13.508411219235564,13.308906678532558,13.328212817228895,54435200
2006-03-09,13.154448509216309,13.456923147442817,13.154448509216309,13.450487360140007,45597800
2006-03-10,13.399005889892578,13.437619396585005,13.077223803286124,13.212372917961483,48463600
2006-03-13,13.424748420715332,13.61138138395332,13.39256947705279,13.43118420944784,46526400
2006-03-14,13.675739288330078,13.675739288330078,13.366828766064582,13.39900648515425,54956400
2006-03-15,13.798009872436523,13.836623361372723,13.617811544899798,13.637118903118237,48514600
2006-03-16,13.675739288330078,13.9589078808241,13.669303499011885,13.830194549462826,55426200
2006-03-17,13.913856506347656,13.952470008992156,13.611380591045917,13.798014770913042,62104500
2006-03-20,13.952468872070312,13.991082371568377,13.791577858743857,13.913855372572247,34525500
2006-03-21,13.778707504272461,14.06187605652429,13.69504471002819,13.778707504272461,49443400
2006-03-22,13.78514289855957,13.836627976815118,13.662865377389735,13.669301165609316,35794900
2006-03-23,13.778707504272461,13.830192583999963,13.64999419120314,13.701480498431769,37038000
2006-03-24,13.746527671813965,13.836626240580234,13.66929945037078,13.733656096989945,34047900
2006-03-27,13.958906173706055,14.061876335201717,13.675737615842408,13.701480769966897,53091400
2006-03-28,13.727214813232422,14.094045956332092,13.714343243562148,13.90741310611491,54353600
2006-03-29,13.881674766540527,14.081179255409205,13.695041851792636,13.772268841515602,58304500
2006-03-30,14.139100074768066,14.158407435899148,13.86880315643723,13.9009820916557,54944600
2006-03-31,13.946032524108887,14.158408604069896,13.946032524108887,14.126230893697397,54881800
2006-04-03,13.894548416137695,14.145538011479816,13.894548416137695,14.061875222199461,46689300
2006-04-04,13.875240325927734,13.965340126015603,13.77227017797102,13.855934190373969,43116400
2006-04-05,13.958906173706055,14.11979720448067,13.894549515895978,13.894549515895978,38695200
2006-04-06,13.630683898925781,13.9331584966944,13.585634621332664,13.900980791985244,71000400
2006-04-07,13.392563819885254,13.765830816190299,13.373257689344042,13.63068299239913,44277000
2006-04-10,13.508407592773438,13.611377729847868,13.366823961171308,13.386130094684727,31086300
2006-04-11,13.534149169921875,13.61137615001375,13.32177313341814,13.501970238632996,45602900
2006-04-12,13.527716636657715,13.649992922456935,13.43761683488338,13.476231561715672,30588600
2006-04-13,13.630683898925781,13.836624155066183,13.508406411529638,13.508406411529638,38597300
2006-04-17,13.424748420715332,13.752966281066128,13.341084394693912,13.61138138395332,34077500
2006-04-18,13.817322731018066,13.836630098637556,13.341085377248834,13.5212837925269,50499000
2006-04-19,13.682169914245605,13.804447410143377,13.572763992126722,13.772268475696153,29180000
2006-04-20,13.534149169921875,13.81731640025971,13.463356748587058,13.604940363755976,36842900
2006-04-21,13.308908462524414,13.604947418895192,13.186630915218446,13.514848819565191,43420200
2006-04-24,13.057912826538086,13.289595008369908,13.05147703988987,13.23810994268497,48504400
2006-04-25,13.173754692077637,13.231675550515035,12.999993344266366,13.11583383364024,46101900
2006-04-26,13.341087341308594,13.437621738615169,13.128711176233546,13.199503640425716,47199800
2006-04-27,13.501976013183594,13.662867055936024,13.20593708371972,13.244550590279955,46851000
2006-04-28,13.482670783996582,13.70791727705751,13.366829028993063,13.514848503719193,42941100
2006-05-01,13.489097595214844,13.772266030572586,13.456919893981278,13.527712309695868,45526500
2006-05-02,13.765837669372559,13.997521171213748,13.585640481274995,13.59851083220962,46465100
2006-05-03,13.83018970489502,13.933159842914177,13.720783779812054,13.920288268786566,34829200
2006-05-04,14.068312644958496,14.094054572535565,13.836629159258894,13.849500736798026,49635800
2006-05-05,13.997513771057129,14.158404733942842,13.836622808171414,14.087612317472924,50528200
2006-05-08,14.00395679473877,14.08761959857971,13.881679256046993,13.933164341680172,47325000
2006-05-09,13.952468872070312,14.02969587106644,13.778706283077497,13.965340447736672,79280500
2006-05-10,13.353951454162598,14.151970574484752,13.315337962332706,13.74652584151895,92672100
2006-05-11,12.903461456298828,13.296036003106845,12.845540581277932,13.276728635599456,84840100
2006-05-12,13.090095520019531,13.353956735631916,12.935640264112372,12.974253771213847,71805000
2006-05-15,13.231674194335938,13.270288914337005,12.549496765160756,13.115832489334327,53730600
2006-05-16,13.006430625915527,13.21880796963028,12.967817121377015,13.186629026263873,55404400
2006-05-17,12.987130165100098,13.096536165373555,12.845545207392265,12.86485258185289,60254600
2006-05-18,13.057912826538086,13.257417302629618,12.974248827612069,12.980684614260285,63571800
2006-05-19,13.431183815002441,13.47623310730581,13.077222810116696,13.128707890963568,77038300
2006-05-22,13.257420539855957,13.444053488223505,13.193063885159837,13.2702921162954,55276800
2006-05-23,13.109397888183594,13.469793347867105,13.109397888183594,13.270288871837046,51067400
2006-05-24,13.186629295349121,13.341084544156143,12.961381597192599,13.128708423608838,55182000
2006-05-25,13.205942153930664,13.353961675492338,13.051486840887828,13.263863049759443,41344000
2006-05-26,13.070788383483887,13.238115220546124,12.993561367917488,13.218809080405164,37759600
2006-05-30,12.723262786865234,13.019301689138738,12.723262786865234,12.999995551382458,45863200
2006-05-31,12.6653470993042,12.89059487610617,12.55594110642905,12.749009927972663,56955900
2006-06-01,13.193061828613281,13.193061828613281,12.65890376465239,12.665339551868893,53313500
2006-06-02,13.154448509216309,13.386130714612838,13.096527650991948,13.257418651059414,43053400
2006-06-05,12.794051170349121,13.109398595525743,12.794051170349121,13.096527021538767,36223900
2006-06-06,12.980691909790039,13.102969469828139,12.80049346486555,12.819800835661507,53468500
2006-06-07,12.813358306884766,13.045041724588627,12.80692252000401,13.038605937707871,40723000
2006-06-08,12.800485610961914,12.92276309597508,12.49157523277145,12.716822843848103,71683800
2006-06-09,12.851972579956055,13.025735153770155,12.761874013163963,12.806923296560008,39833700
2006-06-12,12.536627769470215,12.871281379949144,12.536627769470215,12.83910366749969,30463800
2006-06-13,12.459400177001953,12.626726974296515,12.427221238579351,12.478706312554525,47899800
2006-06-14,12.620294570922852,12.716828957075743,12.459403518167592,12.48514544830775,40552900
2006-06-15,13.012864112854004,13.019299900388914,12.652468603405785,12.658904390940695,44788100
2006-06-16,12.858407020568848,13.012862216393907,12.806921955293827,12.980684510909814,41165300
2006-06-19,12.755443572998047,12.96781973196567,12.684651110841697,12.877721127404081,32760800
2006-06-20,12.697515487670898,12.90345573984284,12.639594638309948,12.710387060306827,28931100
2006-06-21,12.91633415222168,13.141581882625676,12.716829580721628,12.716829580721628,48813100
2006-06-22,12.671782493591309,13.01930660698886,12.575248085842079,12.95494992598884,41353700
2006-06-23,12.620294570922852,12.813363343228634,12.58167983446064,12.620294570922852,27523400
2006-06-26,12.613852500915527,12.678209135473912,12.543060080151236,12.588109356091893,21107200
2006-06-27,12.420783996582031,12.729695631764514,12.401477863289957,12.633160055300763,36313200
2006-06-28,12.472270965576172,12.51088569304774,12.279202238222457,12.427221677693707,35188100
2006-06-29,12.813358306884766,12.871279161310731,12.427219686545277,12.50444790161351,43745100
2006-06-30,12.568805694580078,12.890587703097223,12.56236990710962,12.87771612815631,52846800
2006-07-03,12.871280670166016,12.942073106652243,12.665340375843517,12.729697024694543,21909100
2006-07-05,12.613852500915527,12.851970453030628,12.530188507739418,12.755436114943405,30709600
2006-07-06,12.633162498474121,12.755440018808615,12.543063919017694,12.62672793779959,33579600
2006-07-07,12.478707313537598,12.626727987153108,12.3693013691267,12.549499756244968,33777800
2006-07-10,12.20840835571289,12.575240858328636,12.111874003445964,12.536626135421155,39284000
2006-07-11,12.02821159362793,12.144053310894156,11.81583552114016,12.111874374153023,74690400
2006-07-12,11.751482963562012,12.00890840954612,11.712869453539733,11.96385910993657,37847600
2006-07-13,11.597025871276855,11.854451276757235,11.506926058732853,11.64851095237293,50040000
2006-07-14,11.545539855957031,11.72573701146181,11.436133914042962,11.59702493288712,39858300
2006-07-17,11.564848899841309,11.757918907489739,11.494057668454783,11.564848899841309,42147100
2006-07-18,11.506926536560059,11.693560730471578,11.268808486915747,11.603462141687373,48048900
2006-07-19,11.584153175354004,11.860885919832072,11.44900531084204,11.513360735370952,68719700
2006-07-20,11.506926536560059,11.642075647237574,11.333165147833553,11.62920406955377,61521400
2006-07-21,11.236629486083984,11.487620339648547,11.230194924775716,11.455441395601191,55748300
2006-07-24,11.55197811126709,11.597027409764852,11.294551444134743,11.378215479203153,44061300
2006-07-25,11.629201889038086,11.712865900794306,11.403954231811085,11.577716815457713,33636900
2006-07-26,11.545539855957031,11.699995086747297,11.494054779026945,11.571281780671546,33595300
2006-07-27,11.384649276733398,11.66138203623161,11.326728409512791,11.622767306417135,33205100
2006-07-28,11.635637283325195,11.635637283325195,11.449004358218419,11.481182067805504,37831900
2006-07-31,11.506926536560059,11.81583826346529,11.487620397535563,11.577718986319768,49167000
2006-08-01,11.249500274658203,11.500491110618162,11.249500274658203,11.487619533902038,41097500
2006-08-02,11.249500274658203,11.384649375175277,11.12078819000031,11.307421142379647,57824900
2006-08-03,11.300985336303711,11.352470415586373,11.03712415154243,11.146530098455726,58640200
2006-08-04,11.095044136047363,11.365341087641948,11.004945561349507,11.358905299806242,66834600
2006-08-07,11.204450607299805,11.320292338851614,11.062866950681528,11.120787816457431,34420000
2006-08-08,11.127224922180176,11.358907185216342,11.03712510502607,11.352471396312389,87925000
2006-08-09,12.729704856872559,12.839110858983004,12.452971955798978,12.49158547786686,221606700
2006-08-10,12.588114738464355,12.729699640531209,12.433659485983341,12.61385789429514,52250700
2006-08-11,12.575246810913086,12.697523142164505,12.46584083255555,12.555939440320062,42210200
2006-08-14,12.929204940795898,13.012867747113317,12.723264592167205,12.794055819820004,63896400
2006-08-15,13.28959846496582,13.418311776406615,13.057916222873947,13.160886381026138,72488900
2006-08-16,13.579208374023438,13.604950310373827,13.250990399920079,13.386138327638253,65318300
2006-08-17,13.41831111907959,13.604944061274871,13.334647102491216,13.508409696173791,43863800
2006-08-18,13.424748420715332,13.450490348144177,13.17375757015226,13.399005265785298,35119900
2006-08-21,13.456924438476562,13.514845302257749,13.238112559192306,13.263855710873294,29109700
2006-08-22,13.669299125671387,13.73365577076183,13.411873772810523,13.450487268864427,52518200
2006-08-23,13.547022819519043,13.727221196191163,13.405439169813029,13.643558409433297,36645300
2006-08-24,13.57276439666748,13.78514046034574,13.495536179193172,13.714348029952696,36280600
2006-08-25,13.547022819519043,13.688607696726072,13.489101956570897,13.53415247136469,28999000
2006-08-28,13.778707504272461,13.823756795596385,13.444053872293127,13.489103163617052,35100000
2006-08-29,13.952468872070312,13.958904659903492,13.637122633250582,13.733656995746252,43576400
2006-08-30,13.946032524108887,13.997517597205466,13.836626590341035,13.926725161384807,36124700
2006-08-31,14.151972770690918,14.254942916550803,13.93316090386342,13.93316090386342,85353600
2006-09-01,14.332169532775879,14.383654599933326,14.061872623324083,14.190584677467283,67306400
2006-09-05,14.216326713562012,14.332168412486581,14.171277436758174,14.242068631378178,65441800
2006-09-06,13.958906173706055,14.345044893065364,13.9009853044271,14.023262831516131,65590200
2006-09-07,13.862373352050781,14.029698962580431,13.63068984900775,13.855937562799443,56149900
2006-09-08,13.997513771057129,14.003949556872632,13.720781118493598,13.926721354587212,33303700
2006-09-11,14.132670402526855,14.248512164433041,13.849503015091061,13.875244946902772,42629300
2006-09-12,14.576722145080566,14.576722145080566,14.08761343191552,14.139098495011803,66017500
2006-09-13,14.576722145080566,14.731177334369415,14.512365509335032,14.557416013607417,43514200
2006-09-14,14.608903884887695,14.660388957880652,14.505933738901783,14.512368298962558,40386800
2006-09-15,14.621772766113281,14.982169468421265,14.544545778119316,14.7118725554407,62763500
2006-09-18,14.699007034301758,14.801977212361557,14.589601066675552,14.653957734838263,47057700
2006-09-19,14.647518157958984,14.789101809307512,14.441577855088022,14.673260082067339,55677100
2006-09-20,14.97573184967041,15.020781125073261,14.692563397494458,14.769791603542698,76481300
2006-09-21,14.808408737182617,15.104447606971533,14.763359450693086,15.027220609418334,56254600
2006-09-22,14.724746704101562,14.827718093851596,14.525242168182016,14.705440565868123,45428100
2006-09-25,14.949991226196289,14.962862800625,14.589595734698692,14.782664441125752,40179800
2006-09-26,15.12375259399414,15.12375259399414,14.80197062390916,14.8856333960309,56462000
2006-09-27,15.0272216796875,15.110884470912264,14.879202234250798,15.001478527002293,37352300
2006-09-28,15.110884666442871,15.12375624295203,14.8792024267835,14.94999364258168,40084600
2006-09-29,14.789105415344238,15.143066471273647,14.77623383640106,15.085145593530678,38149200
2006-10-02,14.789105415344238,14.95643225910156,14.77623383640106,14.83415471414403,33241700
2006-10-03,15.065836906433105,15.1173219901981,14.673262375536762,14.718312897894702,38231300
2006-10-04,15.400487899780273,15.432665611252459,14.96929993754757,14.982171513136846,56151300
2006-10-05,15.381189346313477,15.445546033620573,15.278219137622811,15.387625137794359,51196400
2006-10-06,15.503462791442871,15.574255251335746,15.278215059739399,15.310394008554972,48906000
2006-10-09,15.645037651062012,15.702958498728483,15.522761397100073,15.606424161784593,37616400
2006-10-10,15.657914161682129,15.696527663137886,15.445538062423843,15.599993295747952,40784600
2006-10-11,15.702960014343262,15.799494360604433,15.55494060157608,15.58068252107868,40331200
2006-10-12,15.735142707824707,15.786627786632472,15.522766604305037,15.702963766381664,41497200
2006-10-13,15.786635398864746,15.84455629389027,15.67722940020561,15.702971338271567,35911400
2006-10-16,15.825243949890137,15.947521492932559,15.79950079240697,15.857421669242786,39460700
2006-10-17,15.754446029663086,15.805931099269793,15.522763830183344,15.735139895748622,41022800
2006-10-18,15.56137752532959,15.857416372494233,15.509892455061786,15.722268523354089,36313200
2006-10-19,15.548508644104004,15.599993723289735,15.271775883167784,15.451974274068398,48336400
2006-10-20,15.799495697021484,15.818803058907177,15.413358279314961,15.574249279192983,48070200
2006-10-23,15.722277641296387,15.857425568813916,15.619307441044473,15.735149223203278,48564000
2006-10-24,15.664349555969238,15.793062860920102,15.54850782701367,15.683656919962182,29854800
2006-10-25,15.63217544555664,15.715838253802136,15.503462110946757,15.593560708672877,38940300
2006-10-26,15.567816734313965,15.677222686117787,15.419796050696203,15.664351108846473,34273600
2006-10-27,15.265338897705078,15.567814788264183,15.207418034725718,15.516329713115976,43007600
2006-10-30,15.381189346313477,15.464853408063215,14.975744303031691,15.136635407548573,43630700
2006-10-31,15.529207229614258,15.696534107959865,15.45841598579612,15.548514602020068,45209900
2006-11-01,15.509889602661133,15.735137203970659,15.4133552671001,15.66434478505892,50207200
2006-11-02,15.477720260620117,15.535641143337733,15.381185865257907,15.432670957951181,38778500
2006-11-03,15.297518730163574,15.464845541041596,15.162369632819328,15.451973964627651,39342200
2006-11-06,15.883163452148438,15.99256940698095,15.522767871083012,15.535638221209446,74537100
2006-11-07,15.98613166809082,16.095537609577395,15.812369073817843,15.97326009203333,76090900
2006-11-08,16.15346336364746,16.340096362966747,15.767324557554016,15.876730532155468,124079100
2006-11-09,17.189598083496094,17.659400852079106,17.150984577688316,17.659400852079106,198731600
2006-11-10,17.208906173706055,17.36336143093251,17.093064423910896,17.16385687711933,59171800
2006-11-13,17.1702880859375,17.24751508019906,17.06731794192146,17.2153373705069,49334500
2006-11-14,17.144542694091797,17.20889933256077,16.996523284863713,17.183157413673648,48229900
2006-11-15,17.11880111694336,17.215335462823518,17.05444447718965,17.13167269039426,47325100
2006-11-16,17.472763061523438,17.582168995050512,17.20246612148602,17.215337696607076,65702600
2006-11-17,17.331174850463867,17.414837611701433,17.241076303361773,17.369788338150386,44484400
2006-11-20,17.447017669677734,17.466323801019595,17.19602691472707,17.36335367552727,42390600
2006-11-21,17.24751853942871,17.49207360114143,17.202469245824048,17.485637812412023,45030100
2006-11-22,17.318302154541016,17.369787210614508,17.21533204239403,17.331173725434528,27148000
2006-11-24,17.273250579833984,17.298992490686736,16.887112097039555,17.183152050598764,13474600
2006-11-27,16.603958129882812,17.30544330160087,16.55890882614887,17.22178048430947,63803200
2006-11-28,17.395545959472656,17.45990141667803,16.468812891195654,16.488120264858264,108606500
2006-11-29,17.427715301513672,17.56929895773496,17.31187357028667,17.408407937142147,68137400
2006-11-30,17.318302154541016,17.408400695794487,17.247509742127253,17.38909456695478,45935300
2006-12-01,17.176725387573242,17.42771498230046,17.022270157933335,17.34405219322507,47014700
2006-12-04,17.53713035583496,17.74307077278761,17.28614062611163,17.337625730349792,68450100
2006-12-05,17.40196990966797,17.659395245831526,17.3762267623012,17.633652098464754,43080300
2006-12-06,17.43415069580078,17.54999242441092,17.34405211910447,17.453458059736153,34092600
2006-12-07,17.299001693725586,17.56929865272916,17.299001693725586,17.504943227610113,31417900
2006-12-08,17.363365173339844,17.47277115756036,17.215345673365483,17.29900849541574,29495600
2006-12-11,17.447017669677734,17.68513562456596,17.279690908877534,17.31186861278111,43035200
2006-12-12,17.427715301513672,17.633655611472303,17.22177499155504,17.453458454009034,43065500
2006-12-13,17.53713035583496,17.601487043008092,17.33118993888231,17.595051251540607,43170100
2006-12-14,17.57573699951172,17.659401028348423,17.492074198176244,17.517816126471303,39441600
2006-12-15,17.73663330078125,17.871782453789667,17.588613793559034,17.652970474634394,66987100
2006-12-18,17.768808364868164,17.994054858065354,17.652966609794564,17.762372575419484,46255800
2006-12-19,17.78166961669922,17.865333609216655,17.569293583579057,17.678699493216758,38603100
2006-12-20,17.627222061157227,17.826727835820723,17.62078627221635,17.81385625793897,31825400
2006-12-21,17.562864303588867,17.762368824361285,17.517813786961877,17.69801217096665,32398900
2006-12-22,17.331174850463867,17.646520992821838,17.331174850463867,17.595035933406265,27400500
2006-12-26,17.49850845336914,17.588607035756482,17.279696558284627,17.401974082596826,18185700
2006-12-27,17.569305419921875,17.698018774738767,17.26683063185416,17.569305419921875,25675600
2006-12-28,17.64653205871582,17.749502242118133,17.537126085413185,17.56286924501447,34817800
2006-12-29,17.588603973388672,17.781672681317932,17.56286205183186,17.588603973388672,27125900
2007-01-03,17.84602928161621,18.00692028031993,17.588603929190445,17.67226670841598,64226000
2007-01-04,18.31583595275879,18.335143320037275,17.723758086233694,17.813856678530772,73012100
2007-01-05,18.322275161743164,18.3866318371825,18.051978106899153,18.302969018362404,62647800
2007-01-08,18.42523956298828,18.496032006481602,18.225735036553854,18.3673199235405,47936500
2007-01-09,18.322275161743164,18.502473607473004,18.219304972040824,18.483166236590755,50488300
2007-01-10,18.45742416381836,18.48960188754479,18.154948159783437,18.19356290125692,50632400
2007-01-11,18.463855743408203,18.656924496740675,18.41237066068613,18.515340826130274,54602200
2007-01-12,18.611873626708984,18.644051340372464,18.309398944768567,18.367319811363704,54588000
2007-01-16,18.045534133911133,18.39949382299606,18.01979098615907,18.39949382299606,75551500
2007-01-17,17.363365173339844,18.019801078662933,17.305444285958306,17.92970246607011,108858000
2007-01-18,17.02227020263672,17.472764316727595,16.906428473227304,17.45989274068187,80498300
2007-01-19,17.18316650390625,17.279700898927906,17.002968066364776,17.02227543636968,62266800
2007-01-22,17.073759078979492,17.2475204842621,16.829203989690697,17.215342764487886,69421400
2007-01-23,16.758411407470703,17.196034007568738,16.751975618535276,16.970787532334906,67695900
2007-01-24,17.305444717407227,17.344059461625328,16.85495041571012,16.880692351020624,63817000
2007-01-25,16.874252319335938,17.3440551025688,16.835638812324078,17.33118352439776,55317400
2007-01-26,16.957914352416992,17.08019187563587,16.578211433606622,16.835636829198116,64449600
2007-01-29,16.867816925048828,17.035143762684918,16.7326690335935,16.919303238938042,51536100
2007-01-30,16.8935604095459,16.951481286293017,16.751976726109223,16.919303566989644,45030400
2007-01-31,17.131681442260742,17.25395777000781,16.764848776515237,16.854948609199024,60517900
2007-02-01,17.112367630004883,17.36979299611514,16.964348197929105,17.163852703226933,55597200
2007-02-02,17.466325759887695,17.49206890789826,17.118801854251096,17.31830634132953,59427500
2007-02-05,17.70444679260254,17.807416940249368,17.5242484204701,17.646525931113576,61115800
2007-02-06,17.55643081665039,17.878212898299033,17.453460648722924,17.858905531499673,105179400
2007-02-07,18.077716827392578,18.566825722082765,18.07128103867941,18.41880626418343,128470500
2007-02-08,18.109893798828125,18.245042901245345,17.891081901582062,17.9554385585664,55285200
2007-02-09,17.833160400390625,18.116328944575237,17.685140953828636,18.05840807809427,50559800
2007-02-12,17.7237606048584,17.85890851250913,17.646532352271244,17.775245697416025,39247500
2007-02-13,17.492074966430664,17.84603478166697,17.382669004493778,17.800985484546125,59367700
2007-02-14,17.67226791381836,17.794545424873828,17.47276340551806,17.543555842576644,48659900
2007-02-15,17.73663330078125,17.897524389718857,17.665842056349785,17.755940673354335,36506000
2007-02-16,17.71088409423828,17.73019023138428,17.60791393778931,17.685140941375494,34920100
2007-02-20,17.800983428955078,18.01979532756127,17.55642960389582,17.736626771570702,40816100
2007-02-21,17.62078094482422,17.76880159070999,17.569295876364208,17.582167450354426,35555600
2007-02-22,17.633655548095703,17.76880464320849,17.51781381728505,17.710883777803165,40347700
2007-02-23,17.70444679260254,17.807416940249368,17.601476644955714,17.601476644955714,40647000
2007-02-26,17.530681610107422,17.826721661344973,17.389097984950823,17.788106941074332,37742200
2007-02-27,16.546024322509766,17.34404449607934,16.37226303346687,17.21533124808412,78613400
2007-02-28,16.694053649902344,16.893558183801197,16.571776123157367,16.60395383822129,63725500
2007-03-01,16.636133193969727,16.89355860337811,16.134152724997495,16.34652884119706,70349100
2007-03-02,16.282175064086914,16.713363161483752,16.185640671908807,16.53316595675166,68604200
2007-03-05,16.38514518737793,16.571779408754868,15.973264460892818,16.10197780167011,60022300
2007-03-06,16.706924438476562,16.77771688647896,16.539598842745548,16.59751971338366,51801300
2007-03-07,16.648998260498047,16.80988923189733,16.462364144474545,16.67474017762157,65487300
2007-03-08,16.82920265197754,17.00940105989304,16.777717567930427,16.84207422986462,43868500
2007-03-09,16.784151077270508,17.04801225061229,16.694052499300454,17.002962961627265,39302700
2007-03-12,16.84206771850586,16.893552782648186,16.66186938025734,16.71979023085505,29173700
2007-03-13,16.4108829498291,16.88068440242005,16.391575586811303,16.732664968453204,58047500
2007-03-14,16.636133193969727,16.65543933248712,16.25643025477942,16.41088550042445,53373200
2007-03-15,16.610387802124023,16.687616028295718,16.488111516311942,16.5395965912594,38348800
2007-03-16,16.72623634338379,16.77772143931084,16.558909474745484,16.59752421731691,49897100
2007-03-19,16.925735473632812,16.97078599209209,16.732666733097517,16.854944256770466,37540300
2007-03-20,16.951480865478516,17.041579459292343,16.797025607154264,16.945045076277346,43996700
2007-03-21,17.24108123779297,17.24108123779297,16.771278555229184,16.990090427244922,44297700
2007-03-22,16.97078514099121,17.241082100685645,16.964349352962646,17.22177473659995,37075400
2007-03-23,16.854951858520508,17.10594157991546,16.854951858520508,17.022278748617698,31198200
2007-03-26,16.951480865478516,16.957916654679686,16.610391402824163,16.880688411766922,44659700
2007-03-27,16.68761444091797,16.887118933924256,16.63612937086793,16.829198076680353,39229400
2007-03-28,16.53960609436035,17.37623934983311,16.455942032312045,16.597526990393266,42165000
2007-03-29,16.365840911865234,16.71336500759319,16.192078250250493,16.68118728248003,56818400
2007-03-30,16.430191040039062,16.507418040526325,16.15989408333157,16.365834387965652,38922900
2007-04-02,16.346527099609375,16.558903193182015,16.28860623522583,16.520289692760002,33519000
2007-04-03,16.636133193969727,16.777716862269042,16.372271995888486,16.436628655115875,45485100
2007-04-04,16.797027587890625,16.874254612408862,16.65544266377148,16.700493193492115,39936300
2007-04-05,16.771282196044922,16.842074648683084,16.6683120253901,16.745540267131847,29372100
2007-04-09,16.86138153076172,16.957915909534915,16.803460657997555,16.809896446915932,28169500
2007-04-10,16.72623634338379,16.84851390652361,16.591088426888337,16.797028810596554,38575000
2007-04-11,16.597522735595703,16.822769242979547,16.50098711528674,16.713363270463937,42709700
2007-04-12,16.713359832763672,16.777716490565265,16.494547932738943,16.59108353319191,28071900
2007-04-13,17.1702880859375,17.34405066427742,16.500980922332293,16.681179288110837,83160800
2007-04-16,17.131681442260742,17.331186022665136,17.04158160957696,17.163859164825457,51863700
2007-04-17,17.273250579833984,17.453448865804827,17.093052293863146,17.17028048142219,59262500
2007-04-18,17.292560577392578,17.369787549258163,17.054441421222425,17.157411535376927,32158000
2007-04-19,17.1702880859375,17.2153373705069,17.035139004728357,17.11236722649086,29165200
2007-04-20,17.369796752929688,17.44058920423417,17.215341499857285,17.40841025932248,42547500
2007-04-23,17.105934143066406,17.337617617476248,17.0544490629199,17.318310252108382,38480700
2007-04-24,16.94504737854004,17.157423541028333,16.77128472900377,17.150987750952755,53272500
2007-04-25,17.23464584350586,17.292566706685196,16.874249088723083,17.073754829674588,45166800
2007-04-26,17.086627960205078,17.479202490679118,17.080193398804944,17.26039057803797,50933500
2007-04-27,17.395545959472656,17.408416314412733,17.048020598555656,17.060892180997396,45157900
2007-04-30,17.208906173706055,17.504946337349377,17.208906173706055,17.376233009243364,50368000
2007-05-01,17.2861328125,17.39553876299055,17.093062838251356,17.292568601058402,46221200
2007-05-02,17.80742073059082,17.858905815372925,17.38910426329855,17.39554005233397,57237400
2007-05-03,17.82672691345215,17.981182157537873,17.736627100442938,17.86534041759829,37016600
2007-05-04,17.96187400817871,18.019794875621873,17.891081564081272,17.981181373160137,45872300
2007-05-07,17.897523880004883,18.000494075792275,17.865346154134407,17.99405828511787,46411700
2007-05-08,18.251474380493164,18.328701368640054,17.78810754160846,17.87820733111429,98226500
2007-05-09,17.060884475708008,17.434151605426393,17.01583518500941,17.389102314727793,151576700
2007-05-10,16.91930389404297,17.228214424331362,16.899996525586943,16.970788982424367,59524200
2007-05-11,17.138118743896484,17.150990325980164,16.9579215047315,17.015842396606427,39094200
2007-05-14,16.91930389404297,17.150986178008598,16.80989792779483,17.131680037053904,50552200
2007-05-15,16.816333770751953,17.048017299867254,16.78415604837546,16.96435448518752,43053100
2007-05-16,17.04157829284668,17.048014081607338,16.816330596228372,16.925736550157197,38666800
2007-05-17,16.91286849975586,17.131680437365056,16.893561130848685,16.925738851525946,37058100
2007-05-18,16.867816925048828,16.996530254769294,16.835639206369354,16.96435253608982,40781200
2007-05-21,16.99009132385254,17.080191128996795,16.85494345738774,16.86781380597887,43044700
2007-05-22,16.97078514099121,17.05444793036044,16.899992700178057,16.97721970151872,40002600
2007-05-23,16.713359832763672,17.00939996765054,16.65543896349235,16.996528390589994,54835900
2007-05-24,16.346527099609375,16.77127928675466,16.301477811200186,16.73910157431982,67814900
2007-05-25,16.42375373840332,16.526723881230225,16.346525517532676,16.436625313131916,42654600
2007-05-29,16.66830062866211,16.732657248193707,16.443053074051726,16.468796212864532,39918300
2007-05-30,16.983654022216797,16.99008980968933,16.47523908689609,16.533159946647945,55932300
2007-05-31,17.324750900268555,17.369800204595723,17.04801805654282,17.20890913056927,76344400
2007-06-01,17.2861328125,17.633656802145705,17.26682544682479,17.344053682024477,47539400
2007-06-04,17.382667541503906,17.408409468763015,17.150984058666012,17.19603335199534,32524500
2007-06-05,17.50494384765625,17.569299275054842,17.286131957497965,17.286131957497965,59452300
2007-06-06,17.11880111694336,17.427711514760187,17.0351371170133,17.36335487500648,42858600
2007-06-07,16.636133193969727,17.11880629692339,16.62969740529687,17.02227192183289,68232400
2007-06-08,17.04157829284668,17.060885659128658,16.62969763217402,16.655439559715468,47289500
2007-06-11,16.9386043548584,17.07375343372743,16.906426645723396,16.919298220377765,24508400
2007-06-12,16.771282196044922,17.07375814640706,16.75197605623543,16.809896930666426,49529900
2007-06-13,17.073759078979492,17.073759078979492,16.642571005497874,16.874253288375126,43020100
2007-06-14,17.266822814941406,17.356921386023533,17.060882522467416,17.073754097622285,39936800
2007-06-15,17.627222061157227,17.633657850098103,17.299004190179886,17.401975585732686,74476400
2007-06-18,17.511381149291992,17.633658689990277,17.401976414589818,17.627222900742865,45438500
2007-06-19,17.569305419921875,17.63366209733032,17.299008356807622,17.440593292606508,42405200
2007-06-20,17.50494384765625,17.8267258946536,17.46632911821578,17.620784353474374,62296300
2007-06-21,17.582172393798828,17.65940063195294,17.31831119031585,17.4920738055367,50549100
2007-06-22,17.324750900268555,17.69158235264863,17.279701595941383,17.485641974295007,53207100
2007-06-25,17.395545959472656,17.60148636853384,17.215347487793288,17.273268381279454,44086600
2007-06-26,17.472763061523438,17.691574928577587,17.369792915556893,17.562862859869888,53507400
2007-06-27,17.549997329711914,17.569303471542394,17.279700296572738,17.344056966844235,38389500
2007-06-28,17.923263549804688,18.27722337540622,17.74306512854316,17.833163725423265,77966700
2007-06-29,17.923263549804688,18.05841144512484,17.794550216403408,18.006926357264593,44996100
2007-07-02,17.948999404907227,18.05840533301803,17.884643987489852,18.032663411551262,36955200
2007-07-03,18.084152221679688,18.084152221679688,17.89751803557194,18.000488197734438,22459300
2007-07-05,18.257923126220703,18.26435769021592,17.981190229361083,18.05841727232087,38774800
2007-07-06,18.322275161743164,18.34158253262541,18.174255667483738,18.238612342923073,34530200
2007-07-09,18.30940055847168,18.34157827497115,18.24504389797154,18.29652898087141,33283200
2007-07-10,18.219297409057617,18.32870334363872,18.084149551487364,18.13563462496665,39571700
2007-07-11,18.508913040161133,18.534654978901766,18.10346676435605,18.10990255591664,42390300
2007-07-12,19.178213119506836,19.2876190851769,17.736629424943356,18.59256978194984,91906700
2007-07-13,19.236135482788086,19.281184784925536,18.98514581230719,18.998017392204012,56273400
2007-07-16,19.236135482788086,19.306927944719178,19.126729508667953,19.126729508667953,44305500
2007-07-17,19.133161544799805,19.2940525794399,19.049498746887473,19.210389781527567,37508500
2007-07-18,18.946531295776367,19.017322526453448,18.586134442778295,18.95296708538362,47968900
2007-07-19,19.268310546875,19.306924051277225,19.184646521918808,19.21038967652107,53279800
2007-07-20,19.043062210083008,19.268309895230377,18.920784684859953,19.268309895230377,45824600
2007-07-23,19.474245071411133,19.557907843939148,19.100978033399983,19.13315573956442,63484100
2007-07-24,19.1524715423584,19.53861032404936,19.036629785100978,19.27474908918583,69577300
2007-07-25,19.249000549316406,19.461376635745637,19.081673749781103,19.306921411751745,53082100
2007-07-26,19.094547271728516,19.274745665173782,18.7148443470589,18.978705535049496,75708200
2007-07-27,18.644052505493164,19.210389630370738,18.624746367089017,19.133161394250646,65845500
2007-07-30,18.97870445251465,19.023753741431097,18.425238954395873,18.669793990658103,44467000
2007-07-31,18.605436325073242,19.216822654956715,18.605436325073242,19.191079504119056,53750200
2007-08-01,19.158903121948242,19.19108083522619,18.502467460069013,18.515339036380624,60419600
2007-08-02,19.390583038330078,19.442068109916214,19.094544183585022,19.126721893013507,57743600
2007-08-03,18.959394454956055,19.390582375053537,18.946524108125463,19.306919596900695,51310500
2007-08-06,18.985145568847656,19.11385891116244,18.59900676940471,19.043066450139168,71355300
2007-08-07,19.107418060302734,19.21682400404146,18.618309207559093,18.998012116564013,80731400
2007-08-08,20.388105392456055,20.754936634242544,19.95048172593857,20.034144496301842,193438400
2007-08-09,20.207914352416992,20.89652903382921,20.066330679300176,20.079202257083857,102385500
2007-08-10,20.201478958129883,20.27227140982172,19.847519154673172,19.950489323951533,82953500
2007-08-13,19.84108543395996,20.33663019245767,19.80890771301912,20.317322823392345,76475600
2007-08-14,19.474245071411133,20.05988816160965,19.358403365217878,19.937610668683348,86429500
2007-08-15,19.255441665649414,19.783164133873882,19.23613429699437,19.40346114283406,67216700
2007-08-16,18.856430053710938,19.339103190520955,18.393064284273773,19.16534179417031,103117900
2007-08-17,19.30048179626465,19.602956396494264,19.02374911451165,19.31335336925334,78478700
2007-08-20,19.1524715423584,19.506431376199327,18.998016275182284,19.261877510045817,50697300
2007-08-21,19.37128257751465,19.499994680429253,19.107421354913228,19.152470652308402,39863000
2007-08-22,19.474245071411133,19.609392910302727,19.248997445757674,19.596522564337437,39826300
2007-08-23,19.48068618774414,19.705933875021717,19.345537084377135,19.622269852103777,38032000
2007-08-24,19.7767276763916,19.789599255060246,19.351975400336755,19.435639434181642,33962000
2007-08-27,20.01484489440918,20.111379269402075,19.635141955602776,19.635141955602776,43417300
2007-08-28,19.57078742980957,20.014847076184278,19.55791585107377,19.860391813858577,41973100
2007-08-29,19.950489044189453,19.96336062204406,19.622271173904252,19.654450118540776,39609200
2007-08-30,20.227222442626953,20.574746462708813,19.79603439145971,19.834647898690747,56344200
2007-08-31,20.542566299438477,20.581179802073386,20.381675273041715,20.51038858515957,39064400
2007-09-04,20.80000114440918,20.915842932435243,20.43316963399443,20.555447213299907,54173800
2007-09-05,20.73563575744629,20.780685047328834,20.5425657940197,20.65840629907435,53359500
2007-09-06,20.491086959838867,20.87722454935099,20.420294495594298,20.832175245741343,45735000
2007-09-07,20.285146713256836,20.446037785739833,20.00841387218584,20.227225828962837,60757200
2007-09-10,20.426727294921875,20.594054132044892,20.092073620675837,20.394549576341067,40171900
2007-09-11,20.697019577026367,20.703454137271763,20.4202868414363,20.56830627710043,33080800
2007-09-12,20.452465057373047,20.671275695512715,20.42028611977827,20.6390979854189,35091700
2007-09-13,20.278703689575195,20.619793083471944,20.20791125013411,20.56830678024131,33575600
2007-09-14,20.310888290405273,20.39455233403022,20.047027034360035,20.227225474281774,31407400
2007-09-17,20.272262573242188,20.433153546045695,20.111371600438677,20.16285666263577,29943700
2007-09-18,20.619792938232422,20.619792938232422,20.214346895654256,20.323752834246662,56188700
2007-09-19,20.65196990966797,20.902959489646477,20.62622675915685,20.742068481454925,49602000
2007-09-20,20.729198455810547,20.845040186768372,20.53612972254822,20.587614799918246,33397100
2007-09-21,20.78711700439453,20.954445021573367,20.71632457058824,20.954445021573367,56843000
2007-09-24,20.516828536987305,20.870789624567166,20.43316572137836,20.735641716083148,41171000
2007-09-25,20.87721824645996,20.9351391129006,20.368803252426805,20.43315990708319,47893500
2007-09-26,21.231182098388672,21.237616659599627,20.980190021118684,21.01237019218058,64886200
2007-09-27,21.385644912719727,21.424259660873613,21.141089751085207,21.250496976686197,38079100
2007-09-28,21.321279525756836,21.48217055230646,21.218309366965165,21.32771408661784,33792100
2007-10-01,21.231182098388672,21.44999400459676,21.218310520964387,21.244051220810586,42086900
2007-10-02,21.244049072265625,21.321278529000626,21.153950494410246,21.237614511705438,31426300
2007-10-03,20.88365936279297,21.21831305071631,20.87078778383407,21.1732637518615,37321200
2007-10-04,20.69058609008789,21.03167426583359,20.51682226692332,20.97375340061242,50560900
2007-10-05,21.012367248535156,21.115337398501858,20.76137520642692,20.812861508911283,36316300
2007-10-08,21.050979614257812,21.17325835570238,20.922266312475028,20.93513788815351,19355200
2007-10-09,21.289112091064453,21.295546655032435,21.01237919537624,21.10891238491649,32963800
2007-10-10,21.411378860473633,21.559398315502175,21.33415185241577,21.488605868531497,36917700
2007-10-11,21.108896255493164,21.623746904651235,20.98018297945326,21.48216451050873,45218400
2007-10-12,21.186128616333008,21.314841925041424,21.076723899682264,21.128210205166496,29083700
2007-10-15,21.10247230529785,21.327718810354806,20.922272646249507,21.186133890031705,34711500
2007-10-16,20.78068733215332,20.915835216660383,20.49751875782742,20.85791434401415,51867400
2007-10-17,20.890092849731445,21.070292490879968,20.536133039086465,21.04454933428696,38775000
2007-10-18,21.031675338745117,21.192566366455836,20.709893283323684,20.71632784423112,33165700
2007-10-19,20.272262573242188,20.999490457714447,20.20790593862064,20.99305344400151,60430500
2007-10-22,20.1886043548584,20.252959776474945,19.918307410565554,20.01484177049136,41887400
2007-10-23,20.298011779785156,20.323753704820785,19.364843367847893,20.17573426023796,50306400
2007-10-24,20.117816925048828,20.1821735901836,19.641579567053586,20.059896049177663,48647400
2007-10-25,20.066326141357422,20.51682021439727,19.982662132185105,20.188603647647227,41326500
2007-10-26,20.529695510864258,20.658407600422272,20.149992575790968,20.471774640937745,42232000
2007-10-29,20.857912063598633,20.90939836921177,20.59405088483675,20.754941907374537,34941700
2007-10-30,20.98662757873535,21.20543949058825,20.67771707759051,20.761378650503065,39989100
2007-10-31,21.276227951049805,21.359889508274225,20.909396646290496,21.19899849899376,54876500
2007-11-01,20.709890365600586,21.39850367078665,20.677712655592266,21.13464252071537,49818300
2007-11-02,20.922273635864258,21.05098698270037,20.664849397194935,20.851483627357148,53250400
2007-11-05,21.289112091064453,21.39851686354409,20.83861650819968,21.005942176404837,69607200
2007-11-06,21.93267822265625,22.035648439217862,21.501488752989506,21.527231920880812,91068600
2007-11-07,21.07672691345215,21.939103013607237,20.941579024734434,21.90692529557957,138236000
2007-11-08,19.068805694580078,20.00841001504858,18.99157868207656,19.570786185857873,192353700
2007-11-09,18.393062591552734,18.84355796878332,18.116329822182617,18.701973076081686,120564300
2007-11-12,18.73415184020996,19.17177563620611,18.52821151915322,18.55395344553474,89644700
2007-11-13,19.39702033996582,19.40345612785412,18.734150144984223,19.055932174393085,64869800
2007-11-14,19.120288848876953,19.59009157544311,19.01731869093122,19.577219998824617,61079800
2007-11-15,18.856430053710938,19.10098513042872,18.70197479723188,18.985143381194113,59934000
2007-11-16,19.268310546875,19.371280710281717,18.952964268004276,19.21038967652107,53853200
2007-11-19,18.94009017944336,19.300485703582158,18.843555817486667,19.152466266748494,43526000
2007-11-20,18.689104080200195,19.20395492503991,18.33514305030931,18.946529502620052,63284000
2007-11-21,18.180683135986328,18.502465138393166,18.09058456811271,18.2643459165117,53953700
2007-11-23,18.463855743408203,18.521776614908184,18.109894725630408,18.302964706464078,22126300
2007-11-26,17.698015213012695,18.528213606750995,17.646530126947617,18.50890623916361,84568600
2007-11-27,17.691572189331055,18.00691836596509,17.324740947685353,17.781670746226272,70141600
2007-11-28,18.05196762084961,18.302958386517034,17.89107663946057,17.95543327751634,71609300
2007-11-29,18.1163330078125,18.199997045939043,17.884650717426656,17.89752106925266,42602000
2007-11-30,18.03266143798828,18.283650975449326,17.813849605714275,18.277215188911764,65641700
2007-12-03,17.743066787719727,18.174254899183236,17.717324855133104,18.019799621159187,52984900
2007-12-04,17.35049057006836,17.698015833824083,17.260391973169313,17.672272676137887,71486400
2007-12-05,17.685142517089844,17.897518637125813,17.453460258187732,17.659400589434586,66642200
2007-12-06,17.8846492767334,17.987619448054897,17.69801507402489,17.79454945620114,53056600
2007-12-07,17.665842056274414,18.039109333508005,17.659406265416745,18.006930379219664,56313400
2007-12-10,17.800983428955078,18.01979532756127,17.64652818773326,17.81385500593218,58231300
2007-12-11,18.03266143798828,18.656918002122495,17.89107658916347,17.903948162238592,90163900
2007-12-12,18.53464698791504,18.946528877702868,18.257915435129462,18.611875225844383,86656700
2007-12-13,18.70197105407715,19.010882732708588,18.547515828511937,18.586129328027983,55224800
2007-12-14,18.43811798095703,19.075246526298827,18.34801936671725,18.656929953397835,53644700
2007-12-17,17.98761749267578,18.438111636360173,17.96831012733887,18.399498133187485,43977000
2007-12-18,18.1163330078125,18.322273367044964,17.749501589492,18.109897218148813,49890100
2007-12-19,18.142072677612305,18.341577208814886,18.00048778724178,18.109893735482125,33411700
2007-12-20,18.199995040893555,18.41880695534746,18.12276680093873,18.40593537743812,47296000
2007-12-21,18.405933380126953,18.66335877287326,18.29009164651584,18.444546882163625,69126500
2007-12-24,18.483163833618164,18.631184536135095,18.418808394047087,18.457421903289998,16474100
2007-12-26,18.26435089111328,18.463856670744924,18.14851036979649,18.438113514340355,35458200
2007-12-27,17.8846492767334,18.26435101629313,17.813856823636893,18.12276733760139,46568900
2007-12-28,17.73663330078125,18.148515323162606,17.524257112483674,17.987624234225,46861200
2007-12-31,17.421276092529297,17.698008790009577,17.376226812009406,17.53711780100949,60736600
2008-01-02,17.080188751220703,17.569296299623367,16.867811457768358,17.376227595122362,64338900
2008-01-03,17.215335845947266,17.389098408899084,16.925731574360903,16.990088215546855,50360100
2008-01-04,16.80990219116211,17.33118899667144,16.73910971637013,16.970793286597228,56897400
2008-01-07,16.816333770751953,16.977224837637262,16.52673058685925,16.797027628326628,54431100
2008-01-08,16.365840911865234,17.241088782960354,16.3594051213423,16.96435592798166,61248800
2008-01-09,16.88712501525879,16.92573852482646,16.430195007454216,16.468808517021888,66475800
2008-01-10,16.88712501525879,17.022274139997645,16.603956414259407,16.771283259054435,55332800
2008-01-11,16.648998260498047,16.89355199692465,16.507413420066232,16.70691788090115,51454300
2008-01-14,16.91930389404297,17.16385775697928,16.861383016176227,17.125244247568563,53665300
2008-01-15,16.636133193969727,16.854945098842148,16.089103431788676,16.809895805633328,51610500
2008-01-16,16.185636520385742,16.481676638300918,15.953954284083734,16.4752408501396,90232500
2008-01-17,15.657914161682129,16.295042459456983,15.432666486104898,16.17920072758863,110043400
2008-01-18,15.6386079788208,16.185637738697498,15.48415273382641,15.59355868580175,93409400
2008-01-22,15.110884666442871,15.477716004446213,14.35791462567245,14.409399704207987,108777800
2008-01-23,15.464850425720215,15.72227589780327,14.35148326427111,14.525245918240225,114430200
2008-01-24,16.159894943237305,16.19207265723574,15.516330843259729,15.535636980658348,69193200
2008-01-25,15.574248313903809,16.79058380479311,15.509891672441231,16.764840657207742,79692000
2008-01-28,15.509889602661133,15.87028502825597,15.31681970403839,15.632167082372135,60515200
2008-01-29,15.484153747558594,15.638609002665016,15.246035689582495,15.619302862964997,72069100
2008-01-30,15.677223205566406,16.044054577445223,15.323262183884182,15.439103928161957,62098300
2008-01-31,15.767318725585938,15.896032022509477,15.374744274720017,15.432665135585513,76312400
2008-02-01,16.050491333007812,16.172767645997922,15.445540647288649,15.84455098744417,57669700
2008-02-04,15.329703330993652,16.12128722357607,15.200991191529951,16.114852659979277,92153900
2008-02-05,14.969304084777832,15.24603689911078,14.94356092646716,15.130195141715467,95795900
2008-02-06,14.853462219238281,15.458412932619682,14.840590640176663,15.078709942811273,141691700
2008-02-07,15.046528816223145,15.078707759217263,14.01039140183578,14.061876483125205,248433600
2008-02-08,15.149497985839844,15.28464584410302,14.911378752589176,14.96929961398796,95339000
2008-02-11,15.13662052154541,15.252462199274156,14.995035703210055,15.22028327351589,69005100
2008-02-12,15.078710556030273,15.445541981695316,14.962868794767337,15.23316582854706,56712600
2008-02-13,15.484153747558594,15.574253566996612,15.136629730444454,15.20098639361411,65013700
2008-02-14,15.143067359924316,15.503462998973323,15.110888410677994,15.458413697529872,56133600
2008-02-15,14.995035171508789,15.162361897017098,14.937114334698201,15.046520223395925,53314900
2008-02-19,14.724746704101562,15.246034531425286,14.660391273321887,15.162370507409852,72073700
2008-02-20,14.930685997009277,15.014348780864934,14.615338541897026,14.660389055128045,50297500
2008-02-21,14.924251556396484,15.439102336209201,14.859894902044624,15.323260603876069,64586300
2008-02-22,15.18811321258545,15.18811321258545,14.73761784544264,15.098013402656214,53739200
2008-02-25,15.316825866699219,15.374746736840194,14.924252580467375,15.13662869515056,57042500
2008-02-26,15.490586280822754,15.593556429251494,15.246032485179748,15.316823695036385,60932500
2008-02-27,16.05692481994629,16.185636903717736,15.336132486321981,15.39405335364452,88232300
2008-02-28,15.870291709899902,16.09553940604227,15.79949926118342,15.908905214881075,69469600
2008-02-29,15.696528434753418,15.941083486830992,15.625737216521397,15.638607565971949,72410000
2008-03-03,15.702960014343262,15.805930147355285,15.535633241323522,15.670782308089809,52575700
2008-03-04,15.63217544555664,15.75445176318457,15.27821438913012,15.503462110946757,96705100
2008-03-05,15.619297981262207,15.812366682927644,15.477713121040075,15.741574252816578,75778600
2008-03-06,15.4069242477417,15.70296313205243,15.394052671684435,15.65147805532443,71804000
2008-03-07,15.516328811645508,15.896031679116371,15.303952735560191,15.381179730045245,70314500
2008-03-10,15.439103126525879,15.760885187255893,15.439103126525879,15.522767149716325,48167600
2008-03-11,16.185636520385742,16.192072308547058,15.722270820280647,15.79949782321429,66505800
2008-03-12,16.17919921875,16.475239308972267,16.089100647921946,16.198506581427853,56995700
2008-03-13,16.05692481994629,16.16633076627763,15.70296382769732,15.986132375996274,76975400
2008-03-14,15.651477813720703,16.179200148911786,15.471280661704844,16.121279285049248,74151500
2008-03-17,15.63217544555664,15.889600887275083,15.149502282021565,15.181680001923372,66377000
2008-03-18,16.462371826171875,16.481679193649274,15.850985358568225,15.889600093523024,70995800
2008-03-19,15.74801254272461,16.462369061921915,15.741576754646132,16.391576620559714,63988600
2008-03-20,15.941092491149902,16.044062709923836,15.657923775770675,15.831686480264873,70930100
2008-03-24,16.500978469848633,16.726226086718796,16.024741317680697,16.03761289064488,55003000
2008-03-25,16.57177734375,16.655440145579067,16.327223499748605,16.55890576577592,46113300
2008-03-26,15.947516441345215,16.365832797928935,15.799495787707132,16.282168790111637,79022700
2008-03-27,15.56137752532959,15.93464459164639,15.522764029503962,15.850980585273145,56566600
2008-03-28,15.497026443481445,15.81880855503837,15.445541354732391,15.625739779104752,46496900
2008-03-31,15.503462791442871,15.709403153856998,15.419798752023764,15.497027001679756,51471000
2008-04-01,16.076229095458984,16.095536458164048,15.690090433864494,15.780190232320487,53248300
2008-04-02,16.06336212158203,16.443065104371954,15.953957384084537,16.114848436876834,51506700
2008-04-03,15.593557357788086,15.702963300445951,15.451973702143055,15.503458779423164,62492700
2008-04-04,15.696528434753418,15.97326120170908,15.484152325055074,15.677222296827022,48348200
2008-04-07,15.4069242477417,15.818804861565692,15.36187495904233,15.805933285508429,54633000
2008-04-08,15.419792175292969,15.548505460654694,15.284644330413931,15.329693612040277,47070500
2008-04-09,15.143067359924316,15.535640720718245,15.020789807791093,15.413364396086422,60616600
2008-04-10,15.471277236938477,15.580681925015092,15.033653574628955,15.28464311080616,62580400
2008-04-11,15.046528816223145,15.303955450171442,15.027222677927835,15.220291425887897,49719600
2008-04-14,15.001480102539062,15.18167850775769,14.898509935985906,14.982173963498603,31406800
2008-04-15,14.87276554107666,15.104447763640339,14.744052240484942,15.065834264463227,48232600
2008-04-16,15.336133003234863,15.445538953253791,15.014350941708743,15.09801373760503,51221100
2008-04-17,15.374743461608887,15.4519716811789,15.1752389666793,15.439100106667079,38298000
2008-04-18,15.773749351501465,15.960382220717218,15.580679469294862,15.786620922482019,55199500
2008-04-21,16.0183162689209,16.08910874017819,15.612871268769105,15.670792158433875,43041200
2008-04-22,16.03761863708496,16.063360564736158,15.799499361930083,15.915341105113471,46747400
2008-04-23,16.372272491455078,16.449499502864562,16.19207408566426,16.32078740801502,51028600
2008-04-24,16.75197410583496,16.919300920542817,16.269301026774226,16.449498190689518,53911400
2008-04-25,16.475242614746094,16.81633083132111,16.15346053722176,16.803460481121057,53423700
2008-04-28,16.31435203552246,16.57821324832469,16.282173090362893,16.500985007442974,33970100
2008-04-29,16.417322158813477,16.616826708236182,16.24999532695851,16.256431115972305,37925900
2008-04-30,16.500978469848633,16.713354513754613,16.41731570058296,16.53315740225909,52347900
2008-05-01,17.163856506347656,17.29256983167322,16.41088637644597,16.500984967673116,71473800
2008-05-02,17.215335845947266,17.376226835161727,17.002959789284212,17.356919474555692,67180700
2008-05-05,16.91286849975586,17.189600089083854,16.8292044619928,17.02870903069482,62446500
2008-05-06,16.94504737854004,17.048017564746395,16.59108751689337,16.764848938928193,91592600
2008-05-07,16.591079711914062,17.376227319254124,16.507415707791242,16.89355433816373,91389100
2008-05-08,16.53960609436035,16.73267492946892,16.2821793442133,16.726239137965074,48304900
2008-05-09,16.40445327758789,16.50098767366207,16.256433788440717,16.34653239444309,38450700
2008-05-12,16.629688262939453,16.648995618343587,16.346519854514646,16.378698780188206,38118800
2008-05-13,16.66187286376953,16.76484301358224,16.507417639050463,16.642566727867777,36010200
2008-05-14,16.57177734375,16.9514803014768,16.552469976788878,16.73266838592233,49857100
2008-05-15,17.0544490814209,17.093062584697382,16.500983548619704,16.52672670247145,55903300
2008-05-16,17.060884475708008,17.150983057105204,16.751974001630952,17.073756052336496,58111500
2008-05-19,16.97078514099121,17.311873313997744,16.8292002593649,17.060883718389004,41593800
2008-05-20,16.636133193969727,17.02870648300457,16.513855664187805,16.816330366805005,41092200
2008-05-21,16.32723045349121,16.80990378557804,16.192081282205983,16.63614109142636,42877500
2008-05-22,16.462371826171875,16.603955505168987,16.211382186472044,16.320788147174763,35030500
2008-05-23,16.15346336364746,16.365839522873642,16.02475001911584,16.34653215294347,41651800
2008-05-27,16.46880531311035,16.533161968203814,16.11484555134797,16.127715900365782,37305100
2008-05-28,16.436628341674805,16.758410404174302,16.29504344857429,16.739103038523915,45669300
2008-05-29,16.867816925048828,16.957916746853666,16.423758515265927,16.46237202318155,58347100
2008-05-30,17.196029663085938,17.324742954273326,16.816326804334146,16.82919837895307,61435900
2008-06-02,16.957914352416992,17.26038903879936,16.887121908316416,17.196032383026207,58968400
2008-06-03,16.951480865478516,17.24751980372468,16.874252622565752,16.957916654679686,46730200
2008-06-04,17.22177505493164,17.363358711673964,16.86781407182422,16.874249859971744,60375400
2008-06-05,17.7237606048584,17.839601142486984,17.21534424178808,17.221780031795465,78093300
2008-06-06,17.080188751220703,17.665831879374757,17.054445602620095,17.58216787392367,68881400
2008-06-09,17.0093994140625,17.208903942003328,16.751974018735446,17.1960323653617,44900700
2008-06-10,16.9643497467041,17.105933404115504,16.784151360225067,16.84207222632543,37626000
2008-06-11,16.50741195678711,17.009392184955708,16.423749199175973,16.957907127771794,53184200
2008-06-12,16.706924438476562,16.93860792102901,16.500984110652688,16.694054088613456,43925000
2008-06-13,16.97078514099121,17.183161235929617,16.674745029182517,16.887121124120927,48472500
2008-06-16,16.906429290771484,17.015835237448577,16.713359323252494,16.84207263493182,31552600
2008-06-17,16.713359832763672,17.13811205575258,16.674746329083177,16.96435067543977,38641200
2008-06-18,16.26930046081543,16.661873716760986,16.23712152016345,16.597518290459178,49941600
2008-06-19,16.42375373840332,16.565337377915082,15.96682265554562,16.243555374705775,43457600
2008-06-20,15.857415199279785,16.320782024908617,15.748009279617513,16.314346238163683,69549800
2008-06-23,15.799495697021484,16.08266420050706,15.696525555299623,15.9796940587852,44814500
2008-06-24,15.754446029663086,15.99256524378216,15.574248899790051,15.65791167758812,35425100
2008-06-25,15.896034240722656,16.159895431485566,15.670786553424744,15.793064079815235,44127100
2008-06-26,15.329703330993652,15.767327305673842,15.32970333099365,15.664357103102224,45055500
2008-06-27,15.19455337524414,15.36188023899647,15.040098091973098,15.284651983610212,50427500
2008-06-30,14.969304084777832,15.271778829920102,14.904947416502507,15.104451983404797,48836500
2008-07-01,14.898508071899414,15.059399090445845,14.763360205520918,14.834151418980628,58175600
2008-07-02,14.699007034301758,14.924254759120572,14.589601066675552,14.892075811288542,59375500
2008-07-03,14.87920093536377,15.027220367879044,14.705438352410546,14.789101136331926,30392100
2008-07-07,14.525245666503906,15.052968182003603,14.3900977563156,14.949997994954952,70623500
2008-07-08,14.724746704101562,14.737618281257962,14.428707794511343,14.531677956760216,54262700
2008-07-09,13.888113975524902,14.390094442411769,13.862372048441593,14.299994628867251,99429100
2008-07-10,14.242072105407715,14.274251044903153,13.843063075672498,13.888112363465085,67876000
2008-07-11,14.04256820678711,14.242072730409815,13.862371047708956,14.04256820678711,62739700
2008-07-14,13.707910537719727,14.242068524011135,13.598504625949163,14.17127732992481,52449600
2008-07-15,13.540587425231934,13.791576997548187,13.334645909932947,13.540587425231934,63839600
2008-07-16,13.579208374023438,13.727227883667615,13.231683027031076,13.321782873011474,63701400
2008-07-17,13.84949779510498,14.081180004093087,13.46979493085947,13.740091864263038,65111400
2008-07-18,13.939598083496094,14.042568239639099,13.675736904942005,13.817320562763367,52355300
2008-07-21,14.055437088012695,14.409396777616612,13.991080446039025,14.029693940222888,44836000
2008-07-22,14.0940523147583,14.119795465712679,13.810883791765157,13.900983592604476,54680100
2008-07-23,14.267814636230469,14.550983153964905,14.029695404328585,14.139101338850914,47143600
2008-07-24,14.00395679473877,14.197025558987876,13.958907498247395,14.184155208205532,46135200
2008-07-25,14.435138702392578,14.53167304342381,14.113356747287975,14.370782065871508,63683300
2008-07-28,14.14553451538086,14.679692514155455,14.119792597157172,14.364346344035585,43036900
2008-07-29,14.4287109375,14.49306760979957,14.203463198202213,14.280691450461983,43082500
2008-07-30,14.267814636230469,14.602468227416532,14.029695404328585,14.54454736634583,52642900
2008-07-31,14.151972770690918,14.54454721896983,14.145536983137054,14.197022056066997,56591900
2008-08-01,14.151972770690918,14.383656212626141,13.946032478971148,14.28712185432012,43571000
2008-08-04,14.151972770690918,14.267814491658529,13.9782101892395,14.190586268513133,50009300
2008-08-05,14.576722145080566,14.576722145080566,14.171277426634934,14.325732615923782,77008500
2008-08-06,15.400487899780273,15.60642819920467,15.09801201093731,15.406923687574913,121768900
2008-08-07,15.175239562988281,15.645041003622337,15.085140992866942,15.246031998084163,86359400
2008-08-08,15.606427192687988,15.72870469789797,15.252467479318117,15.28464518871504,53695400
2008-08-11,15.844549179077148,15.986132843617634,15.535637468487051,15.55494483399304,43335700
2008-08-12,15.767318725585938,15.947517095778698,15.670784366643769,15.883160447316929,41152800
2008-08-13,15.645037651062012,15.76731513252464,15.45196897717423,15.696522712598798,35201000
2008-08-14,15.876721382141113,15.998998866225499,15.522761729924028,15.548503647494009,37541600
2008-08-15,16.03117561340332,16.2499874234438,15.883156220582007,15.928205494266699,45293700
2008-08-18,15.760884284973145,16.140587193097332,15.619300628257767,16.05692440219758,31878100
2008-08-19,15.59998893737793,15.773751486634174,15.49058302423519,15.63216786918505,26808300
2008-08-20,15.593557357788086,15.75444837772606,15.451973702143055,15.664349799361137,32032700
2008-08-21,15.593557357788086,15.664349799361137,15.361875123778132,15.477715627032575,23700500
2008-08-22,15.902467727661133,15.973260168816584,15.625736206101138,15.690091631695845,28201600
2008-08-25,15.580687522888184,15.915341176360268,15.516332089721494,15.767321716074957,28319500
2008-08-26,15.516328811645508,15.664348240659317,15.368308155130755,15.632170530874035,31379300
2008-08-27,15.683656692504883,15.825240343896633,15.542071813612102,15.59999267724987,28380300
2008-08-28,15.870291709899902,15.947519947363443,15.709400673726948,15.754449967455185,28525000
2008-08-29,15.477720260620117,15.670790278845978,15.387621655282246,15.670790278845978,33139500
2008-09-02,15.284648895263672,15.767322018271997,15.15593557146096,15.670787639170578,46603000
2008-09-03,15.001480102539062,15.27821288546362,14.898509935985906,15.27821288546362,44588000
2008-09-04,14.338607788085938,14.673260168471346,14.26137956030405,14.66682560803214,64083100
2008-09-05,14.325736999511719,14.589598182057665,14.2034594769291,14.216331053516976,46163100
2008-09-08,15.040094375610352,15.08514366866184,14.435143744987505,14.660391437746123,66139800
2008-09-09,14.782666206359863,15.17524068080751,14.7440527059637,15.072270528083708,71096300
2008-09-10,14.795539855957031,15.007915979152541,14.782668278187312,14.949995106690018,38934800
2008-09-11,14.834150314331055,14.840586101893788,14.409398155198431,14.59603231201478,46188400
2008-09-12,15.098017692565918,15.181681737879344,14.550989026677,14.718315889802382,50770000
2008-09-15,14.40296459197998,15.014351002349363,14.390094242367828,14.550985273780702,55857400
2008-09-16,14.673257827758789,14.892069672817545,13.991080372428994,14.029693866409705,81074300
2008-09-17,14.029695510864258,14.827715996675774,14.010389375361404,14.473755039944653,69539100
2008-09-18,14.673257827758789,14.962862101366213,14.061872800977664,14.312862353103537,83355900
2008-09-19,15.63217544555664,15.638610007535938,15.632175445556642,15.632175445556642,922900
2008-09-22,14.87276554107666,15.574250451549402,14.82771625411986,15.381180500661825,52677200
2008-09-23,14.628211975097656,15.12375663607133,14.58316268364571,15.001479111058096,46356500
2008-09-24,14.673257827758789,14.937118953711845,14.531674198162293,14.686129401585973,43060600
2008-09-25,15.110884666442871,15.381181635629718,14.769796481457847,14.840587697256025,57642000
2008-09-26,15.329703330993652,15.44554511576213,14.718317906662385,14.7504956346529,59235700
2008-09-29,14.023266792297363,15.149504325818203,13.791583249744024,14.98861324960094,86481900
2008-09-30,14.518802642822266,14.5509815774312,14.055437031961212,14.319298158250252,60991400
2008-10-01,14.126235008239746,14.4415813262447,13.997521674257538,14.319303781711735,52085000
2008-10-02,13.643558502197266,14.151973469030956,13.547022911626659,14.126231545046211,61925200
2008-10-03,13.675739288330078,14.415837874904152,13.598511044013053,13.604946833331248,73504000
2008-10-06,13.167325019836426,13.495542960910258,12.427226318592213,13.122275715130478,105324200
2008-10-07,12.124743461608887,13.45692048188905,12.066822614857516,13.23810866693958,104679700
2008-10-08,11.802964210510254,12.613855022014883,11.455439050936432,11.597023920763228,130018800
2008-10-09,11.062865257263184,12.156923296391328,10.9019742608472,12.118309800951742,99112600
2008-10-10,11.088610649108887,11.725739047036365,10.483661197037101,10.612373297956061,137032200
2008-10-13,12.401477813720703,12.420783946935611,11.455438006163387,11.757913853205888,72700100
2008-10-14,11.931675910949707,12.967813008720391,11.603458157711525,12.813357812049622,86420900
2008-10-15,10.663857460021973,11.719302242630913,10.61880816722786,11.693560315677635,94666400
2008-10-16,11.423264503479004,11.423264503479002,10.425740488541917,10.760392938278066,104415000
2008-10-17,11.526228904724121,12.581673267077207,10.895536601732676,11.146526120218915,83475500
2008-10-20,12.201973915100098,12.23415285440741,11.461875496046204,11.809400675559054,66688900
2008-10-21,11.494053840637207,12.156923998556861,11.423261405325027,12.034647718018862,75117600
2008-10-22,11.204450607299805,11.481183359895553,10.818311911294137,11.159401317807674,75828000
2008-10-23,11.095044136047363,11.506924737524438,10.593063732371414,11.101479923883069,85364300
2008-10-24,10.49653148651123,10.895541820280162,10.232670269543535,10.348512018944234,88646000
2008-10-27,10.354945182800293,11.06286585049192,10.309895897788262,10.354945182800293,65715900
2008-10-28,11.783658981323242,11.809402135952585,10.58663052358582,10.786135061958527,88690300
2008-10-29,11.500492095947266,12.034650300420399,11.326729477895455,11.564847530039442,72619800
2008-10-30,11.449007987976074,11.79009623674009,11.262373776198434,11.770790095867458,67607100
2008-10-31,11.436135292053223,11.571283174966606,11.146530932237106,11.449006869711985,82517500
2008-11-03,11.069304466247559,11.391086558551253,10.940591138325575,11.3782149802588,56927000
2008-11-04,11.796529769897461,11.88019256184661,11.17870883011612,11.320292488607404,79952200
2008-11-05,11.191583633422852,11.77722709266167,11.127228180540715,11.616336005453169,91260100
2008-11-06,10.901976585388184,11.249500573445994,10.728213977608704,10.741085554666698,122484300
2008-11-07,11.313857078552246,11.410391450182159,11.024252736161376,11.056431678372103,64669200
2008-11-10,11.307419776916504,11.571280930228083,11.00494512562056,11.551974794986387,47597100
2008-11-11,11.056429862976074,11.230192439879877,10.90197464822856,11.18514192818187,49766000
2008-11-12,10.65098762512207,10.959899391602496,10.618809904291432,10.837621842943607,52608100
2008-11-13,11.107915878295898,11.13365780252374,10.03959963156823,10.535144254839786,90296200
2008-11-14,10.696037292480469,11.21732393851704,10.509403089670343,10.869798689491814,68825700
2008-11-17,10.432173728942871,10.818312443961053,10.367818299357454,10.599500546367453,47052200
2008-11-18,10.586627006530762,10.593061565549254,10.026725854362855,10.522270368838933,69149800
2008-11-19,9.704943656921387,10.445041903591308,9.653458593522629,10.412864199279861,72602300
2008-11-20,9.312374114990234,10.445046636786218,9.286631571625566,9.65346296800973,119455700
2008-11-21,9.762870788574219,9.846534223867794,9.138613225999553,9.531187854204077,104235300
2008-11-24,10.554448127746582,10.593061619558245,9.8336566051749,9.936626735006515,79847400
2008-11-25,9.923757553100586,10.612370880000075,9.833658366485032,10.612370880000075,82904500
2008-11-26,10.548017501831055,10.612374171337622,9.762869570854768,9.782176326206464,54903300
2008-11-28,10.644556045532227,10.650990609500207,10.400000879690765,10.41930825409984,22344900
2008-12-01,9.627720832824707,10.406433569808716,9.608414077920333,10.399997780257033,62915800
2008-12-02,9.859402656555176,9.904452564748073,9.49257128466656,9.762868278821522,65674100
2008-12-03,10.303459167480469,10.31633074130638,9.563360243751927,9.595538564566283,69603400
2008-12-04,9.865839004516602,10.35494793725372,9.666334448893988,10.071779349353012,59171400
2008-12-05,10.258414268493652,10.361385067994512,9.473266295273492,9.756434306086371,67565800
2008-12-08,11.10147762298584,11.230190898020764,10.586626977847672,10.618804682856021,82284800
2008-12-09,11.043561935424805,11.539106680251885,10.77970070298469,10.882670880156377,67340200
2008-12-10,11.152962684631348,11.42969536663473,10.992071704629453,11.133655325130846,50807000
2008-12-11,10.882669448852539,11.352470973847078,10.831184367038084,11.024253116966992,56266400
2008-12-12,10.934151649475098,11.062864933845365,10.625241239987481,10.638112813924678,47006400
2008-12-15,10.837620735168457,10.953462482320099,10.625244607890862,10.863362663701466,40172200
2008-12-16,11.210886001586914,11.230193365334276,10.741084531243681,10.966332198292132,77761400
2008-12-17,10.837620735168457,11.159402820589133,10.753956705558386,11.049996862446054,62795800
2008-12-18,10.721776962280273,10.882667974592403,10.580193313345962,10.856926050922986,52399400
2008-12-19,10.708907127380371,10.908412898876916,10.68316519952672,10.708907127380371,62204500
2008-12-22,10.535143852233887,10.7539544960622,10.290588830159496,10.689599074201455,38808800
2008-12-23,10.451483726501465,10.715344982258163,10.34207775015102,10.567325492931516,30390900
2008-12-24,10.522273063659668,10.573758141498631,10.432173256815672,10.457916409485694,11592100
2008-12-26,10.470788955688477,10.567323332140495,10.354947212945577,10.528709827059926,15163400
2008-12-29,10.303459167480469,10.457914370888881,10.123260816420235,10.39999351617312,33239800
2008-12-30,10.445046424865723,10.457918003162227,10.258412835820854,10.322770113552739,31088100
2008-12-31,10.490093231201172,10.650984239210398,10.37425273653535,10.41286623475729,37513700
2009-01-02,10.91484546661377,10.940588617266634,10.457915590034283,10.56088573764377,40980600
2009-01-05,11.011382102966309,11.13365839771207,10.779698635025118,10.844055290286683,45480200
2009-01-06,11.449007987976074,11.571284305173844,11.107918511710729,11.15296781041531,58256600
2009-01-07,11.146528244018555,11.313855030724486,11.011380393698904,11.178707180404835,50246600
2009-01-08,11.288116455078125,11.307422595131603,10.940591204100214,11.088610672849498,46484600
2009-01-09,10.747518539428711,11.107914010526077,10.689597685279029,11.095042436825963,68118900
2009-01-12,10.554448127746582,10.799003106722244,10.316330162823766,10.734646468702293,54927700
2009-01-13,10.586627006530762,10.64454785770333,10.367815174879006,10.483656877224144,51933800
2009-01-14,10.1296968460083,10.43860726022563,10.039598282070132,10.361380270421733,50111800
2009-01-15,10.1747465133667,10.264845075282706,9.77573631666568,10.052469016837232,61814500
2009-01-16,10.181187629699707,10.509405589345722,9.9752472379614,10.438613119372594,66930700
2009-01-20,9.659895896911621,10.251974832730019,9.659895896911621,10.174747225503767,57808600
2009-01-21,10.103957176208496,10.142571295808924,9.68564071824867,9.859402722074075,56231900
2009-01-22,9.891579627990723,10.033163894464224,9.65346099704696,9.898015415955546,56676100
2009-01-23,10.226232528686523,10.309895925181497,9.653460328259612,9.679202864584953,56556900
2009-01-26,10.490093231201172,10.618806528608944,10.155440253692236,10.20049015328515,44634800
2009-01-27,10.766826629638672,10.940589223673744,10.483659321767876,10.573757899044852,50346800
2009-01-28,10.863361358642578,11.06286711143687,10.741085064673152,10.97920309187769,60146800
2009-01-29,10.251978874206543,10.747523649780572,10.168315446625837,10.747523649780572,53220800
2009-01-30,9.6341552734375,10.354947031035111,9.595541155284687,10.239105290327261,75292400
2009-02-02,9.852967262268066,9.949501637854222,9.544056155641304,9.563362908008417,55290500
2009-02-03,10.052472114562988,10.136135529088074,9.659898197561226,9.962372911131986,65932300
2009-02-04,10.194052696228027,10.39999295635372,9.898013265422149,10.116825098680893,95781900
2009-02-05,10.522273063659668,10.71534179868051,9.943065017345521,10.000985883351989,115564600
2009-02-06,10.966339111328125,10.998516843690451,10.432179425099768,10.567328601525515,62910000
2009-02-09,10.8440580368042,10.972770152425653,10.696038551463891,10.934156640489357,37624300
2009-02-10,10.329203605651855,10.895540717043401,10.245540810390064,10.676728818665005,69149100
2009-02-11,10.40643310546875,10.4707897706126,10.200492759009466,10.412868894733265,46279800
2009-02-12,10.425738334655762,10.438608683043435,10.0589064005842,10.277718280688163,57645800
2009-02-13,10.361383438110352,10.59306570585296,10.26484844384187,10.425740100956006,43639500
2009-02-17,9.840096473693848,10.142571815862839,9.833660684472017,10.091086729589474,47981100
2009-02-18,9.891579627990723,10.123262470969662,9.749995361517222,9.943064704208265,40630400
2009-02-19,9.679206848144531,9.9881180249341,9.659900091392288,9.94950389767888,42978400
2009-02-20,9.704943656921387,9.872270419842534,9.576230998424492,9.62771606182325,59376600
2009-02-23,9.241581916809082,9.878710956823774,9.209404197023543,9.782175956215166,51687900
2009-02-24,9.647027969360352,9.685642094447324,9.254453997437826,9.260889787244105,55486800
2009-02-25,9.505444526672363,9.737127442048847,9.248018451392227,9.60197892130822,56278900
2009-02-26,9.32524299621582,9.788609286998431,9.32524299621582,9.685639136546854,51007600
2009-02-27,9.376729011535645,9.537620041184509,9.202967018665166,9.202967018665166,76734300
2009-03-02,9.215839385986328,9.511878950194024,9.183661666154505,9.222275175452959,59924500
2009-03-03,9.260887145996094,9.479698413247297,9.241579782083809,9.325243184452145,62320000
2009-03-04,9.814352989196777,9.988115599015623,9.415343301974586,9.421779090579117,69574200
2009-03-05,9.363858222961426,9.71138282893471,9.338115682287501,9.614847841094551,67034500
2009-03-06,9.125737190246582,9.608410162417586,8.99702390666731,9.383162529904283,113692300
2009-03-09,8.765340805053711,9.286627867449706,8.758905018341938,9.009895176347477,78274900
2009-03-10,9.421777725219727,9.51831208529606,8.958411446602232,9.0356390574134,71743300
2009-03-11,9.666333198547363,9.782174320658399,9.344551144487873,9.518313134529707,55002400
2009-03-12,9.981680870056152,9.981680870056152,9.50544351027446,9.653462981388778,49609300
2009-03-13,9.981680870056152,10.097522008482377,9.81435403107859,9.94950253736806,43118900
2009-03-16,9.943065643310547,10.219798414429572,9.878709598835583,10.161877544776699,50265100
2009-03-17,10.387125968933105,10.393561758340905,10.020294565197746,10.116829565062764,52090300
2009-03-18,10.61880874633789,10.901977323273913,10.30989824104472,10.316334030009317,85018400
2009-03-19,10.445046424865723,10.734650799030723,10.335640464347975,10.734650799030723,56670100
2009-03-20,10.239107131958008,10.663859439282998,10.136136950030822,10.535147325624711,66078200
2009-03-23,10.927719116210938,10.940590693980619,10.232669874163982,10.496531080936359,64333300
2009-03-24,10.734649658203125,10.966333132912904,10.670293001061392,10.747521235131698,44592600
2009-03-25,10.663857460021973,10.972767948468322,10.477224500231907,10.61880816722786,64202300
2009-03-26,11.140091896057129,11.19157696418301,10.786132206129302,10.811874126441818,58048800
2009-03-27,10.90841293334961,11.049996605745148,10.844056272260286,10.940590650143664,37833600
2009-03-30,10.49653148651123,10.663858321478765,10.348512018944234,10.663858321478765,45060500
2009-03-31,10.79256820678711,10.947023414223132,10.535142861060406,10.638112999351087,59050200
2009-04-01,11.236629486083984,11.288115796559755,10.490095169202174,10.625244279198663,73415300
2009-04-02,11.674254417419434,11.976730382777905,11.449007925132896,11.474749855322221,88337600
2009-04-03,11.68712043762207,11.931675409362374,11.551972606529327,11.7772189916839,59472600
2009-04-06,11.28167724609375,11.352468450666455,10.98563717083213,11.300983380294987,63355500
2009-04-07,10.8440580368042,11.10148349554852,10.670295391838753,11.06930577351851,59902600
2009-04-08,11.024251937866211,11.15296524238638,10.9019756488232,11.127223317982972,45389100
2009-04-09,11.468311309814453,11.635638112087404,11.313856083293505,11.371776946676489,53094200
2009-04-13,11.513359069824219,11.61632920717585,11.429696293538841,11.487617149236742,33965000
2009-04-14,11.539104461669922,11.699995486004413,11.333164146921948,11.45544044161537,42813500
2009-04-15,11.300985336303711,11.584153886108908,11.15940167515167,11.42326285991295,51890600
2009-04-16,11.635637283325195,11.6999939300003,11.358904561872896,11.468310492970295,51379800
2009-04-17,11.577717781066895,11.693559513159455,11.47474762531819,11.648510223457032,55983700
2009-04-20,11.140091896057129,11.449003532313265,11.069300694572073,11.397517236686534,55165100
2009-04-21,11.384649276733398,11.44900593225642,11.030688285107342,11.069303014921818,45749000
2009-04-22,11.223759651184082,11.597026826759521,11.21732386207918,11.230195440288982,54728000
2009-04-23,11.339601516723633,11.352471867564574,11.024253984845707,11.275244852513826,44000300
2009-04-24,11.854456901550293,11.905942007075415,11.564852415782898,11.661388062706523,55664900
2009-04-27,11.822274208068848,11.963857881952459,11.590590716712734,11.648511589551763,42312900
2009-04-28,12.015341758728027,12.201974708846958,11.680688133168655,11.777222502368177,47820200
2009-04-29,12.388612747192383,12.568811192688443,12.053959017343194,12.118315692699035,48496600
2009-04-30,12.433658599853516,12.826233105786116,12.292074935378368,12.671777864312915,60350800
2009-05-01,12.600984573364258,12.729697879711612,12.266330958861989,12.382172689074395,40337500
2009-05-04,12.549500465393066,12.787619732272827,12.395045222349905,12.755440789450613,63902300
2009-05-05,12.633162498474121,12.633162498474121,12.407916049833055,12.54949970719331,46373400
2009-05-06,12.620294570922852,12.77474983426774,12.247027377630705,12.716828957075743,93198900
2009-05-07,12.195541381835938,12.871283262095458,11.970293679249021,12.871283262095458,92373300
2009-05-08,12.053956985473633,12.369303291309423,11.938115234860224,12.227719611393745,65443000
2009-05-11,11.976727485656738,12.118311136202818,11.757915608221234,11.873757334804857,44319000
2009-05-12,12.047518730163574,12.111875381497454,11.938112791146285,12.015341018247147,39761800
2009-05-13,11.61633014678955,11.970291096629987,11.603459799205195,11.899498661161708,50715000
2009-05-14,11.642075538635254,11.770788859270173,11.61633238350779,11.629203961071521,43080700
2009-05-15,11.532670021057129,11.719302992793734,11.43613564067604,11.674253697115976,72110100
2009-05-18,12.047518730163574,12.105439593613964,11.622766549861401,11.674251625428301,67489600
2009-05-19,12.150492668151855,12.452968655441245,11.996037393313221,12.041086695036812,53818200
2009-05-20,11.970293045043945,12.266331955186942,11.880193232282075,12.240590028327237,49031000
2009-05-21,11.648510932922363,11.905936337972898,11.487619901328136,11.860887045526699,63308400
2009-05-22,11.519797325134277,11.680688352657105,11.365342086012497,11.642074849751943,33243700
2009-05-26,11.899497985839844,12.015339700031506,11.333162216737254,11.36533992512343,48659800
2009-05-27,11.725739479064941,12.041085795061878,11.654948250576695,11.848017022819286,40013400
2009-05-28,11.912370681762695,12.008905043510975,11.62276636901685,11.809400532231063,53071000
2009-05-29,11.905930519104004,11.970287145788461,11.64206945444823,11.93167366077801,61032200
2009-06-01,12.549500465393066,12.723263074129555,12.234154190742302,12.32425277564219,103321500
2009-06-02,12.620294570922852,12.781185623678109,12.491581237718117,12.594551413281376,53783700
2009-06-03,12.459400177001953,12.620291186611995,12.292073379707391,12.581676460504873,55115000
2009-06-04,12.658903121948242,12.74900168340312,12.420783917030697,12.523754052265085,40586000
2009-06-05,12.787626266479492,12.884160689270871,12.562378461631749,12.832675581948683,86043900
2009-06-08,12.787626266479492,12.909902629181074,12.568814253484746,12.70396219989232,42855000
2009-06-09,12.922769546508789,12.999997793356046,12.665344102853503,12.839106737633823,49764200
2009-06-10,12.839104652404785,13.02573760843037,12.613856965476412,12.99355989351252,58386500
2009-06-11,12.935637474060059,13.09652848436553,12.806924174815284,12.8262315379523,44781700
2009-06-12,12.813358306884766,12.871279161310731,12.633159956726114,12.826229880646277,41365200
2009-06-15,12.459400177001953,12.67821204827169,12.292073379707391,12.665340472902649,47976000
2009-06-16,12.27920150756836,12.536626871222643,12.247023797424434,12.498013373549739,45359200
2009-06-17,12.35643196105957,12.543064923087973,12.208411276173589,12.253461797009171,48812300
2009-06-18,12.221282958984375,12.414352938870312,12.176233665261348,12.375738206392409,37563900
2009-06-19,12.176234245300293,12.356432656277702,12.099006004166762,12.343561078171906,71703600
2009-06-22,11.848018646240234,12.099008330046589,11.809405132001137,12.06683060609759,46178100
2009-06-23,11.950982093811035,12.041080652040913,11.745041830713715,11.860883535581156,42673600
2009-06-24,11.976727485656738,12.22771707492057,11.918806622364926,12.060390272911008,47138200
2009-06-25,12.247023582458496,12.349993726112825,11.905934214415446,11.963855073658623,43535600
2009-06-26,12.169798851013184,12.330689900050904,12.131185342944491,12.176234640274846,47177400
2009-06-29,12.221282958984375,12.259896463961086,12.092570866561609,12.227718747730693,49234600
2009-06-30,12.002470016479492,12.272766983007497,11.925243013186396,12.189104191523128,53792300
2009-07-01,12.099004745483398,12.292074714481155,12.073262819451037,12.124747899016882,36650000
2009-07-02,11.905930519104004,12.053949901227867,11.873752819512054,12.015336416217414,41562600
2009-07-06,11.92524242401123,12.034648362855409,11.77722175792721,11.790093333673823,35302300
2009-07-07,11.738609313964844,11.983164365141834,11.706431599205251,11.931679285025805,41560400
2009-07-08,11.667815208435059,11.796528504162806,11.468310704807914,11.745043431371899,53554200
2009-07-09,11.693557739257812,11.912369593905526,11.622765307606818,11.75791438371318,52949400
2009-07-10,11.802964210510254,11.87375664542365,11.597023920763228,11.635637418215557,46638100
2009-07-13,11.950982093811035,11.957417880470425,11.532665780957005,11.848011962262374,62374700
2009-07-14,12.053956985473633,12.189106103689701,11.860888219452137,11.860888219452137,46982000
2009-07-15,12.749009132385254,12.794058439434071,12.330692560144236,12.433662755541977,87943200
2009-07-16,12.948507308959961,12.999992376237103,12.684644958226174,12.703952318767913,57779400
2009-07-17,13.199501991271973,13.24455128921979,12.858412520736444,12.987125852731328,69173300
2009-07-20,13.611382484436035,13.688610727968864,13.386134770591678,13.399006349097364,78883200
2009-07-21,13.894548416137695,13.894548416137695,13.437617286603443,13.688608109446617,72575100
2009-07-22,13.804454803466797,14.0490086987385,13.688613032416491,13.798019013130501,52608700
2009-07-23,14.0940523147583,14.203458251312403,13.69504329497346,13.798013443788967,62820700
2009-07-24,14.081181526184082,14.139102391567238,13.785142638671116,13.823756139759531,40636200
2009-07-27,14.055437088012695,14.126229516933819,13.94603116490771,14.061872874960148,31602000
2009-07-28,14.113356590270996,14.151970080753749,13.7529611482636,13.91385212402592,40081700
2009-07-29,13.978211402893066,14.074746997081725,13.836627746918014,14.029696480293184,33623500
2009-07-30,14.14553451538086,14.415831407983713,14.055435960346825,14.14553451538086,52880000
2009-07-31,14.164838790893555,14.274244681402518,14.061868685414584,14.119789523184066,41668100
2009-08-03,14.525245666503906,14.550988827016797,14.280691779138726,14.293562131893715,61219800
2009-08-04,14.441580772399902,14.512371998624031,14.28068972484309,14.448016561602328,55890100
2009-08-05,14.267814636230469,14.525240003488603,14.164844489327216,14.512368428250454,79003200
2009-08-06,14.357916831970215,14.422273496904225,13.952471929638127,14.184155432400054,83322000
2009-08-07,14.280684471130371,14.634644154536826,14.254941323791298,14.473753166170104,46921300
2009-08-10,13.926726341247559,14.23563803349879,13.836627762570698,14.145538227320856,46634300
2009-08-11,13.624248504638672,13.85593191321568,13.553456079239968,13.817317193452322,53601800
2009-08-12,13.791580200195312,13.907421945857436,13.630689159553746,13.66286687668157,49469600
2009-08-13,13.843062400817871,13.933160972010704,13.733656466869018,13.862369763573895,38927800
2009-08-14,13.714347839355469,13.86880304465665,13.514843352612383,13.817317976222922,35178700
2009-08-17,13.341087341308594,13.489106832345438,13.308909618040222,13.476236479538965,32440200
2009-08-18,13.521283149719238,13.611381739324305,13.3796994764111,13.399005615611488,33338700
2009-08-19,13.669299125671387,13.798012415852273,13.347517127720081,13.360388702238351,39235200
2009-08-20,14.087614059448242,14.132663338226617,13.643555830775007,13.675733536330766,55774700
2009-08-21,14.280684471130371,14.332169538307689,14.010387561574246,14.209892043448749,56585800
2009-08-24,14.19702434539795,14.5702914912062,14.11336154870867,14.299994507862214,52702800
2009-08-25,14.158411979675293,14.319303024898877,14.061877598041397,14.261382150418287,28402400
2009-08-26,14.113356590270996,14.15840586708433,14.03612838180476,14.100485017609834,33585100
2009-08-27,14.081181526184082,14.100488890478823,13.817320351661285,13.946033658624094,30283800
2009-08-28,14.158411979675293,14.383659688488562,14.029698652495924,14.254946361309191,35945600
2009-08-31,13.900980949401855,14.055436143256227,13.84306009826887,13.991079505608381,31405700
2009-09-01,13.624248504638672,14.074743748538234,13.56632765249442,13.810881406825095,48752000
2009-09-02,13.868809700012207,13.98465146645338,13.55989914117004,13.572770721330492,40254300
2009-09-03,13.83018970489502,14.094050837006723,13.733655353939666,13.984644911923757,33833000
2009-09-04,14.055437088012695,14.132664076380422,13.772268599829054,13.894546096828943,28951700
2009-09-08,14.106925010681152,14.293557959919747,14.023262218436491,14.158410089178119,39951400
2009-09-09,14.306428909301758,14.493063077860405,14.132666316678407,14.139102104646055,45120800
2009-09-10,14.808408737182617,14.834150660533352,14.164844695901326,14.254943268880389,76624200
2009-09-11,14.859898567199707,14.885640498788982,14.550988023120102,14.750492596067174,53497100
2009-09-14,14.66682243347168,14.79553448191436,14.550980730622726,14.705435925254408,60616000
2009-09-15,14.789105415344238,14.924254539244945,14.583165062258713,14.692571028273065,50922100
2009-09-16,15.033665657043457,15.091586554634944,14.80198206667751,14.847031380914943,53658500
2009-09-17,15.052963256835938,15.117319909559905,14.904943814821555,14.943557315455513,40431200
2009-09-18,15.059398651123047,15.19454774105994,14.95642850045733,15.123755302164376,53795300
2009-09-21,15.207417488098145,15.349002360292237,14.917814411112087,14.930685986311726,51075300
2009-09-22,15.065836906433105,15.265341452584806,14.995044455943281,15.25890566367653,34927600
2009-09-23,14.673257827758789,15.14306045244426,14.64108012069167,15.136624665530668,65546000
2009-09-24,14.576722145080566,14.795533970114949,14.454444659914122,14.69899963024701,39003000
2009-09-25,14.557422637939453,14.750491405530965,14.525243691673342,14.525243691673342,41074700
2009-09-28,15.19455337524414,15.36188023899647,14.975741417068129,14.988612997549417,68919000
2009-09-29,14.995035171508789,15.278203570638272,14.937114334698201,15.200976606557797,40230500
2009-09-30,15.149497985839844,15.31038899472514,14.776229666825015,15.155932545994391,64479300
2009-10-01,14.859898567199707,15.175244901051979,14.847026987654377,15.027225418784841,63043900
2009-10-02,14.589595794677734,14.853456934046559,14.557418085974573,14.71187329725138,42035100
2009-10-05,14.763359069824219,14.872765003119595,14.531675628139663,14.744051707183518,38746900
2009-10-06,15.0272216796875,15.168805336952902,14.847023293394287,14.904944159434924,41395900
2009-10-07,15.19455337524414,15.303959354332145,15.0658400254342,15.110889329617237,43251500
2009-10-08,15.23316478729248,15.394055838604189,15.155936542562287,15.336134961931869,45902600
2009-10-09,15.464850425720215,15.497028149417543,15.123760908021747,15.213859516375447,45650000
2009-10-12,15.303960800170898,15.587128232502593,15.200990601595448,15.490593824775807,32797500
2009-10-13,15.374743461608887,15.529198673248006,15.16880317942339,15.1752389666793,45600500
2009-10-14,15.69009017944336,15.767318401510357,15.561378112666292,15.612863184877307,49209400
2009-10-15,15.683656692504883,15.683656692504883,15.484150949974335,15.606428465154181,35858400
2009-10-16,15.458413124084473,15.529204354797509,15.252472766553177,15.509898213467297,38024200
2009-10-19,15.606427192687988,15.979694268196571,15.419793041183231,15.52919897163407,30644700
2009-10-20,15.516328811645508,15.799496094758636,15.419793227287773,15.683655603031054,52450500
2009-10-21,15.419792175292969,15.767317309269108,15.349000973094794,15.522763540082865,41880500
2009-10-22,15.56137752532959,15.606426808376305,15.336129882595113,15.381179165641829,33909000
2009-10-23,15.554946899414062,15.780194616888256,15.46484830342491,15.780194616888256,42526300
2009-10-26,15.252471923828125,15.702966124161922,15.207421399043584,15.542075075292432,45679600
2009-10-27,15.149497985839844,15.41335914221165,15.05939818616341,15.26533848113643,42696300
2009-10-28,14.814845085144043,15.143062905909735,14.782666145362482,15.040092753610818,47534500
2009-10-29,15.13662052154541,15.175234004954824,14.840580542071898,14.872759467830164,40053400
2009-10-30,14.679694175720215,15.110882095403841,14.570288249009417,15.098010521084715,61218300
2009-11-02,14.801976203918457,14.930689531474776,14.55742235456297,14.718313400257735,55068200
2009-11-03,14.744056701660156,14.827720740609678,14.512373181493949,14.686135821618604,46384000
2009-11-04,14.988614082336426,15.078712697223303,14.801979834354682,15.00148443624772,65580900
2009-11-05,15.400487899780273,15.490586473903194,15.200983388150519,15.477714898313918,87742300
2009-11-06,15.329703330993652,15.44554511576213,15.226733128422035,15.25891085641255,36617400
2009-11-09,15.439103126525879,15.445538915040618,15.265340519131398,15.400489622938599,46891200
2009-11-10,15.220287322998047,15.361872179003214,15.15593068185941,15.252466257317781,43081900
2009-11-11,15.39405632019043,15.445541409120779,15.258907194559923,15.271778773667847,39237500
2009-11-12,15.059398651123047,15.342567179204282,14.911379212978705,15.278210528162953,63813300
2009-11-13,15.25890827178955,15.316829154362889,15.091582641579278,15.130196154127692,35797700
2009-11-16,15.361876487731934,15.509895944617,15.220291592014764,15.297519828542418,47598200
2009-11-17,15.503462791442871,15.5163343709691,15.32970015034293,15.394056820472692,37209300
2009-11-18,15.445536613464355,15.471279763687258,15.310388757297005,15.45197240102008,27234800
2009-11-19,15.23959732055664,15.368309397604632,15.065834727665754,15.36187483712812,38099900
2009-11-20,15.098017692565918,15.168810157446282,14.99504750410437,15.12376085343204,36317900
2009-11-23,15.381189346313477,15.387625137794359,15.220298241796597,15.246041407720119,29300500
2009-11-24,15.278213500976562,15.381183671678073,15.162371752062047,15.336134375433819,29988300
2009-11-25,15.278213500976562,15.361877531859827,15.220292626519305,15.291085079189566,27084300
2009-11-27,15.046528816223145,15.136628629105513,14.814846564171303,14.86633164546073,21773900
2009-11-30,15.059398651123047,15.149498453581316,14.924250788687175,15.001477787935952,34349100
2009-12-01,15.39405632019043,15.445541409120779,15.052966838838529,15.078709997054375,39946800
2009-12-02,15.361876487731934,15.509895944617,15.27821246253521,15.342569121724727,30982600
2009-12-03,15.336133003234863,15.56781648033404,15.336133003234865,15.432667376192471,35484600
2009-12-04,15.548508644104004,15.715835458332908,15.387617618210957,15.497023564918274,49537500
2009-12-07,15.580687522888184,15.702965055407063,15.509896300904586,15.516332089721494,33094700
2009-12-08,15.323263168334961,15.580688601323327,15.28464966026203,15.45841228784216,44128100
2009-12-09,15.355441093444824,15.374747232446706,15.085144099907616,15.30395601027113,38449700
2009-12-10,15.4069242477417,15.574251053982959,15.32326023087054,15.445537748412434,33704400
2009-12-11,15.297518730163574,15.490587466368398,15.233162075594938,15.47128132924857,27735900
2009-12-14,15.342568397521973,15.542072926841366,15.342568397521974,15.4519743447296,35439600
2009-12-15,15.110884666442871,15.381181635629718,15.104448878188292,15.323260768839601,52394700
2009-12-16,15.091584205627441,15.246039499329832,15.027227526376056,15.168811238727857,41819300
2009-12-17,14.91781234741211,15.104445251984577,14.892069200574085,15.098009465275071,33439200
2009-12-18,15.014349937438965,15.040093089839717,14.814845416337418,14.885636630437347,67220300
2009-12-21,15.213857650756836,15.329699405864336,15.110887474550463,15.143066421803283,35588700
2009-12-22,15.284648895263672,15.361877135045544,15.168807149341477,15.207420655481798,27139900
2009-12-23,15.303960800170898,15.400495207897684,15.252475700883174,15.310396591019563,23857600
2009-12-24,15.419792175292969,15.439099536347484,15.310387478486621,15.316822038003933,9900600
2009-12-28,15.497026443481445,15.509898022544045,15.323263808640384,15.37474889738944,20191200
2009-12-29,15.509889602661133,15.554938877422902,15.445532969786886,15.464840327899362,21897300
2009-12-30,15.56137752532959,15.574249099771766,15.445535810351807,15.451971597572895,17202900
2009-12-31,15.4069242477417,15.554943689897064,15.406924247741697,15.509894401197696,25208100
2010-01-04,15.889598846435547,15.986133221243545,15.451975037971367,15.516331697010424,59853700
2010-01-05,15.81879997253418,15.915334308126198,15.69008670674437,15.831671544613295,45124500
2010-01-06,15.715832710266113,15.921772990998369,15.66434764008305,15.793060929291158,35715700
2010-01-07,15.786635398864746,15.812377336930702,15.55495181876265,15.63861465185413,31531200
2010-01-08,15.870291709899902,15.896034864888145,15.606430508776356,15.690093307485766,39115900
2010-01-11,15.825243949890137,16.018312721008645,15.709402196218509,15.857421669242786,35852900
2010-01-12,15.574248313903809,15.767317010790707,15.497020098648548,15.728703516913496,35780400
2010-01-13,15.857415199279785,15.896029919749395,15.574247947507512,15.62573301396618,43683900
2010-01-14,16.05692481994629,16.140587613022674,15.780192059961074,15.818805562342398,52302100
2010-01-15,15.702960014343262,16.153455266896472,15.638603374335544,16.089098626888752,51648100
2010-01-19,15.992568969726562,16.011875108138963,15.76732127740624,15.793064431957667,37607500
2010-01-20,15.709400177001953,15.91534050039139,15.522767219243208,15.84454928141449,42125400
2010-01-21,15.43266773223877,15.863855753731734,15.355440723091444,15.77375716722613,54767500
2010-01-22,14.782666206359863,15.400488350203718,14.718310781533273,15.342567485858948,70424300
2010-01-25,14.795539855957031,14.917817389766936,14.634648816339185,14.866332306189275,51288800
2010-01-26,14.737618446350098,14.93068842335539,14.570291623945979,14.673261787348332,55312800
2010-01-27,14.898508071899414,14.969300512860181,14.647518475767317,14.731181265310997,51802900
2010-01-28,14.493066787719727,14.943561013260812,14.38366081926664,14.91781908230198,63620000
2010-01-29,14.460880279541016,14.8856323520642,14.441574148290416,14.769791882058461,73431900
2010-02-01,14.628211975097656,14.763361076954627,14.402964290336794,14.576726895223842,54386100
2010-02-02,14.814845085144043,14.872765949249816,14.486627264378352,14.679695993063564,54108900
2010-02-03,14.84702205657959,14.962863779010798,14.705438411108657,14.904942917795195,80035500
2010-02-04,14.904937744140625,15.297512061112986,14.866324259233679,15.06582869667021,126098600
2010-02-05,15.252471923828125,15.368312447913075,14.904946669069409,14.99504526363591,99148600
2010-02-08,15.12375259399414,15.381177924561966,15.110881020590549,15.30395093914202,69909000
2010-02-09,15.374743461608887,15.44553589392299,15.1752389666793,15.316822603806601,60331600
2010-02-10,15.291084289550781,15.445539537626907,15.200985701715007,15.355440949791133,50574100
2010-02-11,15.400487899780273,15.439101399047097,15.14949831329442,15.233161099622702,42458500
2010-02-12,15.291084289550781,15.316826217146204,15.1301932527005,15.265341134454163,56455000
2010-02-16,15.445536613464355,15.445536613464355,15.316823317351766,15.41979346324145,46758200
2010-02-17,15.490586280822754,15.503457856251597,15.278210196250857,15.439101206608386,48505500
2010-02-18,15.625740051269531,15.677225140915338,15.381184954825924,15.477719344474142,41154700
2010-02-19,15.677223205566406,15.690093555762996,15.484153222603044,15.529202517044133,38781900
2010-02-22,15.6386079788208,15.741578142150393,15.542073604136952,15.696528849131344,31374800
2010-02-23,15.477720260620117,15.593562026055347,15.336136562588969,15.54851272338641,36286000
2010-02-24,15.664349555969238,15.735141996442318,15.503458538531182,15.503458538531182,33182100
2010-02-25,15.657914161682129,15.696527663137886,15.361875271352856,15.445538062423843,37112100
2010-02-26,15.657914161682129,15.741576952753116,15.580685931269533,15.677221526160546,30719800
2010-03-01,15.831669807434082,15.863847506600399,15.651471500601305,15.657907285934677,41777800
2010-03-02,15.838109970092773,15.928208534660268,15.728704044189012,15.87028767815234,51403800
2010-03-03,15.98613166809082,16.044052532848482,15.83167643790408,15.896033090690487,50693400
2010-03-04,16.05692481994629,16.076230957386397,15.870290641351197,15.986132375996274,40262000
2010-03-05,16.2242488861084,16.24355624924078,16.037615952499372,16.069793663552346,57057100
2010-03-08,16.816333770751953,16.96435448518752,16.25643354539187,16.288611267768363,116178200
2010-03-09,16.816333770751953,17.04158150989167,16.53960216681042,16.94504711526077,160887600
2010-03-10,16.648998260498047,16.771274514961,16.571770054126084,16.636126688185936,69660800
2010-03-11,16.713359832763672,16.719795621293947,16.552468802010264,16.597519321722185,37340500
2010-03-12,16.655439376831055,16.751974979679748,16.5910839449335,16.732667613609774,31167200
2010-03-15,16.784151077270508,16.79058686533995,16.565339192913754,16.578210769052635,36759300
2010-03-16,16.82920265197754,16.951480186902387,16.7391040617704,16.751975639657488,53887500
2010-03-17,16.899995803833008,16.990094397777252,16.8485107176504,16.861382296071373,32456000
2010-03-18,16.951480865478516,17.00940174078777,16.874252622565752,16.887124200968092,27088000
2010-03-19,16.82920265197754,17.01583684883658,16.777717567930427,16.970787553733015,55661800
2010-03-22,16.91286849975586,16.977223941110385,16.661877613968038,16.681184982875212,31899500
2010-03-23,17.144542694091797,17.215335119157743,16.84206808903865,16.854939662232603,48863100
2010-03-24,17.02227020263672,17.13167614402327,17.015834414613856,17.093061415886098,35293400
2010-03-25,17.0093994140625,17.279696386031183,17.002963625741685,17.157418862937917,35137800
2010-03-26,17.035133361816406,17.215331667904007,16.95147060782963,17.01582723339667,37524500
2010-03-29,17.060884475708008,17.17672621036218,17.022270973323653,17.125241131349338,30387800
2010-03-30,17.150981903076172,17.18959540286236,16.951477388763,17.14454611519497,32975900
2010-03-31,16.75197410583496,17.125241237875215,16.70692358735502,17.06732037018784,54745100
2010-04-01,16.623258590698242,16.925733238256097,16.513852658177157,16.861377818244478,56193700
2010-04-05,16.84206771850586,16.887116996192802,16.60394852965963,16.648999034847325,34804200
2010-04-06,16.874252319335938,16.977222489701735,16.764846359884622,16.81633144506752,31121900
2010-04-07,16.951480865478516,17.112371913003937,16.797025607154264,16.797025607154264,43837800
2010-04-08,16.91286849975586,16.98365973074611,16.732670072459648,16.91286849975586,38623400
2010-04-09,17.11880111694336,17.14454303634436,16.874246131379433,16.91286085173214,34610800
2010-04-12,17.073759078979492,17.20890697503278,17.04801592115906,17.0995010092986,28374400
2010-04-13,17.015832901000977,17.054446398202302,16.842070322343595,17.022268688451355,42863900
2010-04-14,17.299001693725586,17.33118063378616,17.09306138734211,17.138110675925862,44610100
2010-04-15,17.511381149291992,17.537124306281648,17.34405553886438,17.376233257600163,47016500
2010-04-16,17.363365173339844,17.659405400790106,17.241088835535738,17.47277115756036,68523400
2010-04-19,17.421276092529297,17.44701923996971,17.086622540808914,17.331177531489512,43888900
2010-04-20,17.492074966430664,17.665837593183593,17.414846723151157,17.498510755662398,47166000
2010-04-21,17.530681610107422,17.633651742494187,17.45345462456775,17.485632330625812,42737800
2010-04-22,17.582172393798828,17.614351337821876,17.196033658030675,17.427717144991806,44843600
2010-04-23,17.67870330810547,17.70444645828155,17.511376514463834,17.62078244771025,39305500
2010-04-26,17.743066787719727,17.826730830504484,17.68514590502303,17.749502577741744,35663400
2010-04-27,17.382667541503906,17.749498904329787,17.202469140685412,17.640092951600913,57167400
2010-04-28,17.40196990966797,17.62078052478137,17.26038505415239,17.447019190058988,54475300
2010-04-29,17.71731948852539,17.788110702321898,17.440586738908774,17.440586738908774,41865500
2010-04-30,17.331174850463867,17.852461230484135,17.32473906459934,17.813847742797613,41886700
2010-05-03,17.7237606048584,17.820294999966272,17.38267109947573,17.395542679490493,44974900
2010-05-04,17.093063354492188,17.53712295842418,16.99009318945016,17.530687169671403,52347200
2010-05-05,17.086627960205078,17.26039057803797,16.829202541657025,16.932172709076248,49889300
2010-05-06,16.40445327758789,17.150987740896998,14.949997863899053,16.990096671606217,97908000
2010-05-07,15.902467727661133,16.500982514699967,15.657913918898492,16.423755512985892,95894500
2010-05-10,16.816333770751953,17.073760459769588,16.66831428381781,16.809899208277795,74912200
2010-05-11,16.706924438476562,17.228212274219572,16.616825851928912,16.771281097796816,53718000
2010-05-12,17.208906173706055,17.24751968113735,16.854946362666418,16.874252502631432,66161700
2010-05-13,16.430191040039062,16.79702236110615,16.32722088772202,16.79058657314871,143656300
2010-05-14,16.050491333007812,16.28217360801627,15.889600284598556,16.256431678571456,82159400
2010-05-17,16.00543785095215,16.07622905904175,15.612863402678597,16.069793271487974,72483200
2010-05-18,15.677223205566406,16.10197544958411,15.561381461288633,16.08910387188631,59688900
2010-05-19,15.612862586975098,15.780189372128277,15.426228440169318,15.593555225322497,62394300
2010-05-20,15.001480102539062,15.374747263169553,14.88563835829146,15.162371141216019,97381300
2010-05-21,15.098017692565918,15.13019664364857,14.518810075594347,14.589602540474711,88178000
2010-05-24,15.040094375610352,15.252470491068209,14.88563790300357,15.098014018461427,48173300
2010-05-25,15.001480102539062,15.001480102539062,14.544550141897087,14.628212941908572,64859000
2010-05-26,14.731182098388672,15.284647626288315,14.699004383860094,15.162370101577693,72466100
2010-05-27,15.23316478729248,15.239600576645106,14.814848299382305,15.052966367922899,59790400
2010-05-28,14.904937744140625,15.168798808089099,14.795531847320484,15.136621108583402,56435900
2010-06-01,14.801976203918457,15.110886717052104,14.750491118396182,14.763362696652067,56341200
2010-06-02,15.0272216796875,15.040093256030104,14.634647193745645,14.847023293394287,45748300
2010-06-03,15.265338897705078,15.297517836860843,14.975735810309294,15.11731946009161,49009800
2010-06-04,14.776233673095703,15.1559366552137,14.647521567590427,15.007917181507041,60603900
2010-06-07,14.647518157958984,14.988607551777157,14.596033082241243,14.808409173014551,50257700
2010-06-08,14.776233673095703,14.801976830697548,14.493066304483305,14.744055953594712,71516900
2010-06-09,14.66038990020752,15.09157787455189,14.634646748305865,14.81484512911432,47727700
2010-06-10,14.653952598571777,14.866328669819156,14.486625810997948,14.801972024213695,98936100
2010-06-11,14.744056701660156,14.795541791974717,14.49306703981435,14.499502829541344,56318300
2010-06-14,14.647518157958984,14.982171763874812,14.628210794251943,14.853458460829945,57270100
2010-06-15,15.014349937438965,15.09157816714015,14.673260533135423,14.686132109335798,77834700
2010-06-16,14.988614082336426,15.303960461942056,14.859900723210977,14.872772304623835,73638000
2010-06-17,14.911377906799316,15.12375397738166,14.834149686814413,15.117318190091176,52811800
2010-06-18,15.117316246032715,15.22028637443688,14.898504416298675,14.982168412815032,52422500
2010-06-21,15.020784378051758,15.406923036915746,14.88563529507393,15.342566389188255,54836700
2010-06-22,14.782666206359863,15.220289969186542,14.750488493946568,15.007913875756072,42148200
2010-06-23,14.711882591247559,14.892079837823438,14.570297637507448,14.872773691405554,54086100
2010-06-24,14.525245666503906,14.789106924253755,14.460888992723136,14.596038130412898,58002300
2010-06-25,14.274251937866211,14.58959819964265,14.229202647255448,14.538113120730191,76899200
2010-06-28,14.4287109375,14.641087096837586,14.345048122761554,14.351482685240228,43365000
2010-06-29,13.913856506347656,14.28068785022319,13.772271617482632,14.254944696792778,68951400
2010-06-30,13.714347839355469,13.98464475550775,13.669298557913564,13.849496911182037,57128000
2010-07-01,13.682169914245605,13.830189330200318,13.469793856897283,13.643556420409775,66345400
2010-07-02,13.598505020141602,13.714346721550882,13.508406464601386,13.649990084378976,46262200
2010-07-06,13.73365592956543,13.946032001568982,13.547021779395168,13.78514100073293,51187800
2010-07-07,14.467318534851074,14.473754322199873,13.804448395436772,13.830190317331043,70496900
2010-07-08,14.512367248535156,14.666823683835197,14.254941902203216,14.589595466185177,55310300
2010-07-09,14.608903884887695,14.679695093064907,14.435141303223606,14.512368298962558,41488800
2010-07-12,14.711882591247559,14.789109631922456,14.550991491089563,14.550991491089563,30563100
2010-07-13,14.859898567199707,14.982176117877572,14.795541896974443,14.827720845837769,45007700
2010-07-14,15.278213500976562,15.37474788257157,15.052965792254033,15.07870894868004,61467200
2010-07-15,15.39405632019043,15.41979825090493,15.072274207500413,15.252472632507306,51771300
2010-07-16,14.641080856323242,15.361873069350322,14.550982290007695,15.361873069350322,77069000
2010-07-19,14.628211975097656,14.821281945250309,14.512370238506291,14.71831178550268,54701900
2010-07-20,14.834150314331055,14.853457677019254,14.190586288069388,14.332171159447572,66161600
2010-07-21,14.518802642822266,14.943554759653441,14.415832507075365,14.84058462390654,45752100
2010-07-22,14.97573184967041,15.033652697331418,14.628206763704375,14.628206763704375,57947100
2010-07-23,15.0272216796875,15.065835181214231,14.808409791867557,14.904944159434924,39345400
2010-07-26,15.19455337524414,15.194553375244139,14.930692112885092,15.007919140769875,38325000
2010-07-27,14.995035171508789,15.265332000791371,14.930679777275214,15.239590088598035,47984200
2010-07-28,15.052963256835938,15.200983926351375,14.962864679523019,14.988607831613026,41757900
2010-07-29,14.937126159667969,16.732671067237618,14.77623509171376,15.14306775775056,37489200
2010-07-30,14.84702205657959,15.059398138536478,14.724744546513206,14.81484434590469,42185400
2010-08-02,15.316825866699219,15.406925679974718,15.05940045912887,15.078707825009584,43032200
2010-08-03,15.329703330993652,15.37475264118103,15.200991191529951,15.342574913190514,27135900
2010-08-04,15.535636901855469,15.606429345294268,15.303954661739477,15.310390450006741,48329300
2010-08-05,15.554946899414062,15.56138268877062,15.336134971296426,15.46484830342491,30206900
2010-08-06,15.490586280822754,15.554942930465966,15.188111623250958,15.394051920108437,40439300
2010-08-09,15.941092491149902,16.00544918475907,15.574260933330043,15.58069549793931,64011100
2010-08-10,15.645037651062012,15.825235980191113,15.54850331411812,15.7415719880059,59163700
2010-08-11,15.271778106689453,15.413363015690354,15.091580917053824,15.355442139735676,71535700
2010-08-12,13.746527671813965,13.90741867461141,13.514844234985345,13.78514116878509,227307900
2010-08-13,13.746527671813965,13.88811131237538,13.67573523778279,13.843062027992245,67924100
2010-08-16,14.100489616394043,14.235638718412785,13.656430034762646,13.66930161162179,88596200
2010-08-17,14.190587043762207,14.345043498491144,14.126231619709687,14.203458619573125,82948700
2010-08-18,14.422272682189941,14.486629343488445,14.171283053377119,14.184154631137062,73044200
2010-08-19,14.299994468688965,14.480192866258376,14.164846591137778,14.377222704076187,71331800
2010-08-20,14.306428909301758,14.422270637717325,14.242072257126328,14.280686984932212,54657100
2010-08-23,13.952468872070312,14.467319623714559,13.933161508570771,14.46088383588138,49300700
2010-08-24,13.598505020141602,13.804446504591855,13.579198888240558,13.791574931657323,74151900
2010-08-25,13.649994850158691,13.74009466465725,13.399005227808194,13.508411180948366,54311000
2010-08-26,13.321778297424316,13.714351591318604,13.315342508671796,13.630688792538207,53499700
2010-08-27,13.392563819885254,13.476227810566076,13.102960814261031,13.411871177927138,62116800
2010-08-30,13.07722282409668,13.444054178960434,13.057916685946687,13.386133309508141,58983000
2010-08-31,12.864849090576172,13.109404190702959,12.755443119993426,12.94207733995868,94440300
2010-09-01,13.038613319396973,13.321781964959325,13.032177528872655,13.096534206614306,80173000
2010-09-02,13.205942153930664,13.321783945588223,13.070792987829611,13.180198988006003,59439000
2010-09-03,13.540587425231934,13.598507057111812,13.360389059658173,13.495536913212788,54485200
2010-09-07,13.244548797607422,13.508409973807241,13.212371084412743,13.450489108055958,60556800
2010-09-08,13.28316879272461,13.444059892355485,13.22524789865736,13.308911957866354,40603000
2010-09-09,13.263855934143066,13.547023242394264,13.244548570057328,13.489102377638098,43601000
2010-09-10,13.270294189453125,13.308907697302773,13.07722419520232,13.276728751176998,48400600
2010-09-13,13.682169914245605,13.733654981860324,13.42474457617201,13.463358070007839,62445900
2010-09-14,13.804454803466797,14.267820660166521,13.649998290398726,13.746533917941644,109222400
2010-09-15,13.894548416137695,14.068311010221189,13.830191763421471,13.86237070353011,60902400
2010-09-16,14.113356590270996,14.132662721762006,13.849495488220846,13.888108978703599,47579200
2010-09-17,14.068312644958496,14.23563947046363,14.010391773533595,14.2034605266158,54756000
2010-09-20,13.997513771057129,14.151968948127337,13.926721354587212,14.139097376496329,55723700
2010-09-21,13.926726341247559,14.132666651080998,13.752964972013766,14.016826147425492,69743300
2010-09-22,13.946032524108887,14.087616168249237,13.77226994209507,13.946032524108887,49272200
2010-09-23,13.855938911437988,14.036136118009429,13.79158224016187,13.868809263692086,36037000
2010-09-24,14.216326713562012,14.319296839828134,13.997514888371322,14.055435737833607,54235100
2010-09-27,14.229202270507812,14.357914350630482,14.068311249728668,14.164845616695938,48649000
2010-09-28,14.068312644958496,14.229203681694065,13.804451442912258,14.158411232730032,64748400
2010-09-29,14.074745178222656,14.100487099845587,13.875239455015603,13.920288738481416,46307300
2010-09-30,14.0940523147583,14.33860733882088,13.946032879273634,14.190586675835215,56848900
2010-10-01,14.100489616394043,14.29999414770624,14.016826821811874,14.235638718412785,42184000
2010-10-04,14.00395679473877,14.158412051638308,13.83662995955562,14.036134512946532,31731200
2010-10-05,14.151972770690918,14.235636781390177,14.010389127008816,14.171280133352507,59683800
2010-10-06,14.351473808288574,14.415830440781034,14.164840924311173,14.1777124963098,52793100
2010-10-07,14.409403800964355,14.48019626439073,14.22920658860842,14.460888894137687,37842400
2010-10-08,14.467318534851074,14.493061684246271,14.216328965752528,14.396527329016132,37806400
2010-10-11,14.460880279541016,14.576721977047468,14.402959430787789,14.467316065791453,28434500
2010-10-12,14.557422637939453,14.641085443228764,14.33217492408183,14.402966150864698,35299100
2010-10-13,14.91781234741211,15.059395972518837,14.692564722582604,14.756921362176865,66127100
2010-10-14,14.84702205657959,14.995041489685699,14.705438411108657,14.969299566645974,38847200
2010-10-15,15.033665657043457,15.059407596249812,14.80198206667751,14.95643738442089,50265800
2010-10-18,14.995035171508789,15.12374841497686,14.949985904545102,15.027214096126038,40606700
2010-10-19,14.782666206359863,14.917815298998006,14.647518341222767,14.866330222636106,53769400
2010-10-20,15.059398651123047,15.175240377497236,14.744052411271657,14.744052411271657,44947300
2010-10-21,14.969304084777832,15.155937072524788,14.789105659107193,15.110887772982466,38509300
2010-10-22,15.110884666442871,15.11732045469745,14.91781592880988,14.962865219090839,23672100
2010-10-25,15.19455337524414,15.381186382216928,15.168810214281562,15.207423728223953,37084400
2010-10-26,15.059398651123047,15.28464631601719,15.033656727207129,15.117319514310141,37680000
2010-10-27,14.988614082336426,15.033663389779864,14.821287206473968,14.962870919510712,39164400
2010-10-28,14.924251556396484,15.117320291950982,14.847023325674035,15.0787067903403,33677600
2010-10-29,14.711882591247559,14.943564940773928,14.686139426021473,14.879209482712074,44587900
2010-11-01,14.750493049621582,14.995046930995569,14.724749889739359,14.769800419533247,49174300
2010-11-02,14.911377906799316,14.995040686573793,14.840585474104897,14.911377906799316,37374800
2010-11-03,15.25890827178955,15.278215641814473,14.917819993859263,14.988612456449218,53861200
2010-11-04,15.580687522888184,15.664351550006808,15.374747190751888,15.394054557202617,55897800
2010-11-05,15.612862586975098,15.664347657214467,15.368307582712413,15.612862586975098,41012300
2010-11-08,15.696528434753418,15.818805960792206,15.625737216521397,15.670786508351176,40378100
2010-11-09,15.670781135559082,15.831672109789666,15.561375223982255,15.760879688327979,51149000
2010-11-10,15.760884284973145,15.773755861265746,15.439102242664585,15.632172204550367,115576200
2010-11-11,13.205942153930664,13.48910961409168,13.03217946644433,13.16732740504367,553080300
2010-11-12,12.967813491821289,13.302467044158819,12.890586504359296,13.270289337299793,234765700
2010-11-15,12.839104652404785,13.109401631218606,12.819797286953392,13.109401631218606,137862000
2010-11-16,12.510886192321777,12.8326682357534,12.446529538135238,12.794053506740827,212301700
2010-11-17,12.491579055786133,12.665341657010627,12.478707479213703,12.62672815479444,112439000
2010-11-18,12.620294570922852,12.742570887215898,12.568809483141221,12.697521588844637,102255900
2010-11-19,12.620294570922852,12.768314044857371,12.549502114910116,12.761878255447003,100759700
2010-11-22,12.588114738464355,12.66534297845548,12.472272992228287,12.64603561158239,65402000
2010-11-23,12.35643196105957,12.510887207135166,12.343560383677975,12.510887207135166,91969500
2010-11-24,12.523758888244629,12.5816797651174,12.43366029199868,12.440096081373579,63880400
2010-11-26,12.543063163757324,12.691082600380438,12.491578088953588,12.543063163757324,26257400
2010-11-29,12.510886192321777,12.575242846508319,12.375737095779934,12.530192329326983,51951000
2010-11-30,12.33068561553955,12.452963114021134,12.311378254463238,12.382170684242187,63406700
2010-12-01,12.433658599853516,12.478707891845557,12.395045096360501,12.446530176851569,79322800
2010-12-02,12.36929988861084,12.485141607357088,12.304944469308204,12.459399685136223,113636300
2010-12-03,12.272767066955566,12.337123721807414,12.2277177768096,12.33068793357212,89385000
2010-12-06,12.504450798034668,12.613856745347675,12.401480639093146,12.427222565077967,79017400
2010-12-07,12.478707313537598,12.678213065258172,12.459401176436378,12.678213065258172,74980300
2010-12-08,12.452969551086426,12.51732622710655,12.427226389677775,12.46584113179075,53976900
2010-12-09,12.67820930480957,12.755436285310541,12.478703612263827,12.543060247681785,91965400
2010-12-10,12.67820930480957,12.716822795060056,12.55593182026552,12.710387008768187,64813100
2010-12-13,12.600984573364258,12.819796457654123,12.588112997229311,12.774747168682866,62987200
2010-12-14,12.575246810913086,12.787622977430484,12.562375230517738,12.646038048084574,57015900
2010-12-15,12.530189514160156,12.658902793615132,12.504447594769646,12.600981940610474,57939500
2010-12-16,12.710392951965332,12.716828741266482,12.504452604333695,12.510888393634845,61253000
2010-12-17,12.581681251525879,12.729701969633178,12.5495035283512,12.678216876052822,115525000
2010-12-20,12.626730918884277,12.691086360832127,12.562374249435054,12.600987760104038,49113500
2010-12-21,12.568805694580078,12.723260911368193,12.549498332168707,12.639596901753205,62386300
2010-12-22,12.588114738464355,12.594550527422053,12.555937021177106,12.575244388050194,42787100
2010-12-23,12.671782493591309,12.716831802040844,12.549504922441434,12.575248085842079,41599200
2010-12-27,12.974249839782715,13.128705048887165,12.749002199525892,12.76830956097678,62054900
2010-12-28,13.096528053283691,13.199498198289774,13.051478768281148,13.10939962828469,57275400
2010-12-29,13.032170295715332,13.199497073972765,13.032170295715332,13.186625500068152,32977000
2010-12-30,13.019308090209961,13.09653636170851,13.006436507043245,13.077228986958438,25576700
2010-12-31,13.019308090209961,13.025743881793316,12.922773671463071,13.025743881793316,28677200
2011-01-03,13.186629295349121,13.270293322307843,13.11583684599962,13.160887367631886,54310200
2011-01-04,13.205942153930664,13.257427258278279,13.12871388365839,13.1995063624495,46273800
2011-01-05,13.366826057434082,13.418311134045485,13.212370827599875,13.244548540169106,69380400
2011-01-06,13.482670783996582,13.489105345940045,13.360393239548277,13.456927626217434,65845400
2011-01-07,13.495532989501953,13.514840346182424,13.405434446660925,13.424741803341396,67732200
2011-01-10,13.379694938659668,13.482665071143272,13.321774085700039,13.476229284425447,40679700
2011-01-11,13.437613487243652,13.489098549359502,13.379693866426441,13.450485059647793,38343800
2011-01-12,13.592077255249023,13.604947607116115,13.489105847802698,13.514849006539622,40646100
2011-01-13,13.566329002380371,13.66286335639262,13.521279719008048,13.630685647555506,35006700
2011-01-14,13.649994850158691,13.669302216301494,13.553460474447053,13.598509767945739,35176400
2011-01-18,13.656434059143066,13.727226525228877,13.649998268816947,13.656434059143066,46668500
2011-01-19,13.399005889892578,13.727223765531312,13.321778876507727,13.720787976499032,53574600
2011-01-20,13.366826057434082,13.456924634628773,13.193063463557703,13.263855904211276,53291700
2011-01-21,13.341087341308594,13.50197841265337,13.308909618040222,13.495542622499405,40172600
2011-01-24,13.624248504638672,13.630684291265899,13.34108003054464,13.411872455943346,44068400
2011-01-25,13.862373352050781,13.88167949230351,13.566333183995653,13.617818270505072,72726400
2011-01-26,13.78514289855957,13.907420419729403,13.682172742048476,13.823756400375958,65525000
2011-01-27,13.798009872436523,13.83018757529991,13.682168178127249,13.752960597427514,36827200
2011-01-28,13.469794273376465,13.881674827029356,13.42474499125829,13.830189757822744,46540500
2011-01-31,13.611382484436035,13.630689852194564,13.328213894817377,13.469798803377351,40390800
2011-02-01,13.817322731018066,13.875243606375255,13.682174840185477,13.688610629391972,40519800
2011-02-02,13.913856506347656,13.958905797349757,13.785143194197838,13.849499850272746,41287400
2011-02-03,14.100489616394043,14.139103119470342,13.933162799728573,13.965341741876431,54002000
2011-02-04,14.190587043762207,14.25494369531576,14.036131816534303,14.094052680182397,60134800
2011-02-07,14.177719116210938,14.377223665340198,14.177719116210938,14.229204200744334,52408400
2011-02-08,14.151972770690918,14.164844345798643,13.971774401685638,14.126230847976428,73163000
2011-02-09,14.184147834777832,14.25493902353537,14.094048061130906,14.106919632723413,125425600
2011-02-10,12.176234245300293,12.678214743915131,12.092571442615112,12.646035798650637,560040200
2011-02-11,12.034650802612305,12.317818161437547,11.976729927511396,12.29851202140476,189326900
2011-02-14,12.105439186096191,12.195538985930913,12.021776401429292,12.1247465490967,109308400
2011-02-15,12.015341758728027,12.176232783227599,11.989598605607569,12.156925418387255,90320500
2011-02-16,11.957423210144043,12.092572335228445,11.94455163108813,12.079700756172533,101531800
2011-02-17,12.021778106689453,12.073263187826191,11.957421448393239,11.989599163790766,89097600
2011-02-18,12.131186485290527,12.240592458038558,12.021780512542495,12.06039402424727,90035800
2011-02-22,11.96385669708252,12.060391066419974,11.938113543925278,12.053955278130664,74954500
2011-02-23,11.841577529907227,12.008904319685922,11.77078632355923,11.950983460627876,89185300
2011-02-24,11.815839767456055,11.912374157369635,11.732175729363284,11.835145908937951,71863700
2011-02-25,11.996034622192383,12.034649352607977,11.886628674350451,11.912371827960847,49209600
2011-02-28,11.944547653198242,12.066825158504685,11.912369943775937,11.98316237750613,62256300
2011-03-01,11.944547653198242,12.092568308043276,11.90593415639129,12.015340086928436,61977900
2011-03-02,11.905930519104004,11.983158716625464,11.867317034093553,11.899494733685502,63392600
2011-03-03,11.92524242401123,12.002469423488872,11.90593506039131,11.989597847742257,57031300
2011-03-04,11.841577529907227,11.96385503541876,11.783656670849181,11.925241538547041,57403000
2011-03-07,11.712865829467773,11.822271763597453,11.603459895338094,11.815835976001475,70862500
2011-03-08,11.725739479064941,11.777224566829721,11.597027373403654,11.693561759524949,54964300
2011-03-09,11.66137981414795,11.71286488325563,11.59702317088813,11.654944027071881,53213800
2011-03-10,11.532670021057129,11.629204401438217,11.519798443005985,11.609898261862746,63935800
2011-03-11,11.55197811126709,11.590591620336411,11.429700567129357,11.46187828677024,68251500
2011-03-14,11.48762321472168,11.506929358480749,11.416830747601063,11.461880053040906,45156200
2011-03-15,11.191583633422852,11.249504523018038,11.101485017386597,11.140098534616195,97003700
2011-03-16,10.972766876220703,11.307420486419486,10.947024951782899,11.152965257289521,93486600
2011-03-17,10.940587043762207,11.069300323512673,10.921279683549393,11.024249816349444,83343500
2011-03-18,11.030689239501953,11.21088764505727,10.985639944988426,11.165838350543744,125171000
2011-03-21,11.191583633422852,11.294553831036167,11.133662743827664,11.159405906981783,57397200
2011-03-22,11.23019790649414,11.333168099782784,11.127227713205496,11.210890534939447,63906900
2011-03-23,11.313857078552246,11.326728655436538,11.159401838444161,11.21088691848019,52147800
2011-03-24,11.172272682189941,11.352469836740713,11.165836894170122,11.339599488202126,57829100
2011-03-25,11.1207857131958,11.20444848821513,11.069300645299098,11.18514112744105,53219900
2011-03-28,11.062865257263184,11.288112897745735,11.049993682949692,11.172271183926087,63408300
2011-03-29,11.263067245483398,11.26952557386168,11.101612731426929,11.114528156383304,57191900
2011-03-30,11.19202995300293,11.36640117192497,11.172654962522527,11.353484511604702,60260900
2011-03-31,11.075780868530273,11.269527049853462,11.075780868530273,11.185570001739976,64974000
2011-04-01,11.004746437072754,11.172658141815104,10.972454777083165,11.166201041618065,62747100
2011-04-04,11.017657279968262,11.069322682629997,10.97890853592205,10.985366865229812,57644300
2011-04-05,11.120987892150879,11.295359085031029,11.056407063795572,11.082239148777626,103442400
2011-04-06,11.669930458068848,11.747429156044188,11.22431571626068,11.263065681148358,176814200
2011-04-07,11.566603660583496,11.812015262087357,11.443897859831566,11.728058207751664,119269200
2011-04-08,11.398690223693848,11.61826849559869,11.32119273466883,11.605351836827728,82734700
2011-04-11,11.28244400024414,11.469731877637225,11.211404832785139,11.437440227155392,56427900
2011-04-12,11.263067245483398,11.353481379178962,11.211401850257335,11.301815983952899,65853700
2011-04-13,11.140363693237305,11.301818239516106,11.120988704235693,11.301818239516106,60912400
2011-04-14,11.088699340820312,11.1209897604226,11.01120060925406,11.075782680259179,58261800
2011-04-15,10.998287200927734,11.172657223333394,10.959537212125788,11.101618040798042,82667700
2011-04-18,10.80453872680664,10.914327875529624,10.714124568493782,10.901411215256209,86550700
2011-04-19,10.727043151855469,10.823915657671833,10.668919402005502,10.75287524523282,76498000
2011-04-20,10.933700561523438,10.953074316049774,10.843286422266505,10.91432557519684,86372600
2011-04-21,10.940164566040039,10.972454994869665,10.888499140832094,10.940164566040037,57013900
2011-04-25,11.04349422454834,11.08224298132198,10.914330059568522,10.933705053855725,42745400
2011-04-26,11.31473445892334,11.39223194831575,11.069322868313145,11.114529942425449,81600000
2011-04-27,11.101613998413086,11.392231417801712,11.030573609944602,11.366399333140652,97724100
2011-04-28,11.166197776794434,11.224320284179816,11.095157377389333,11.108074037608535,52900000
2011-04-29,11.31473445892334,11.340566544787348,11.14682158950594,11.185570334202145,137455300
2011-05-02,11.353484153747559,11.3664008136607,11.2307783481737,11.308277075852056,46838800
2011-05-03,11.243699073791504,11.347029926859932,11.166201549890648,11.321197829493292,56900000
2011-05-04,11.28244400024414,11.340567739310924,11.159739423814722,11.217863162881505,58190500
2011-05-05,11.288901329040527,11.418065455910263,11.269527572270352,11.288901329040527,67908600
2011-05-06,11.340567588806152,11.430982977154834,11.301818840542717,11.385774667080245,60439500
2011-05-09,11.366401672363281,11.411608753674065,11.282444608385614,11.321194591052498,46982400
2011-05-10,11.489110946655273,11.585983468890284,11.39869552500844,11.39869552500844,68810700
2011-05-11,11.48265266418457,11.61827394954298,11.398695574561877,11.50848476205243,129200000
2011-05-12,10.933700561523438,11.030573029555901,10.74641272243378,10.953074316049774,238300000
2011-05-13,10.901409149169922,10.953074548671191,10.836828323643553,10.888493723144821,80195400
2011-05-16,10.720584869384766,10.894956119728793,10.720584869384766,10.862664463109112,81604100
2011-05-17,10.746415138244629,10.798080548263092,10.630167657752953,10.656000978662453,78204700
2011-05-18,10.752873420715332,10.759331750914026,10.552670111758017,10.74641509051664,92724700
2011-05-19,10.759330749511719,10.869119889070019,10.694748685336174,10.817454484089666,68259900
2011-05-20,10.675374984741211,10.798079552342525,10.662458325477779,10.77224746561609,50894200
2011-05-23,10.559128761291504,10.617252503037008,10.47517169796997,10.597877511854984,68300000
2011-05-24,10.507462501525879,10.630167073702667,10.494545841780804,10.591418326267917,42476600
2011-05-25,10.455799102783203,10.501006188774245,10.404133685679053,10.429965778330773,59601900
2011-05-26,10.494545936584473,10.57204466395454,10.429963869076163,10.436422199007042,64698900
2011-05-27,10.630167007446289,10.662458656607704,10.48808744653745,10.48808744653745,49534400
2011-05-31,10.849749565124512,10.862666229873222,10.662462853472016,10.714128280665907,56638700
2011-06-01,10.578503608703613,10.83037359277323,10.565588178387777,10.823915261714962,61885900
2011-06-02,10.494545936584473,10.66891714931676,10.481629276722714,10.533294684369265,62685200
2011-06-03,10.339548110961914,10.455795568097823,10.320173124172499,10.423503923448797,74861100
2011-06-06,10.32663631439209,10.442883826251803,10.255596510422507,10.346011310302332,58219800
2011-06-07,10.016641616821289,10.35892574683126,10.003724955658512,10.35892574683126,107881100
2011-06-08,9.88101863861084,10.061847563173194,9.822894901740739,9.952058419285278,100248400
2011-06-09,9.88747787475586,9.990808698262862,9.848728507990588,9.89393558929983,67591200
2011-06-10,9.764772415161133,9.919768656060441,9.693732625390695,9.887478234464986,78257800
2011-06-13,9.72602367401123,9.868103253714619,9.713107012638025,9.777689087703429,63586100
2011-06-14,9.738938331604004,9.829353100630648,9.635607518945111,9.75831270500249,91526300
2011-06-15,9.583941459655762,9.680813935948434,9.545192099598582,9.661439563869935,92323100
2011-06-16,9.719563484191895,9.751854515548052,9.558108943311298,9.583941645216186,73024300
2011-06-17,9.667899131774902,9.816437029906588,9.622691436599824,9.80352098549961,80876700
2011-06-20,9.777687072753906,9.797061444920804,9.642065235785253,9.64852294924076,54052600
2011-06-21,10.016641616821289,10.055390368509016,9.784146643093717,9.816437680100359,85430700
2011-06-22,9.919770240783691,10.100599833288118,9.900395861551221,9.997268373613984,48404300
2011-06-23,9.99081039428711,10.003726441467949,9.738941007306623,9.803523090911998,63981500
2011-06-24,9.642064094543457,9.971430845997364,9.635605765952175,9.971430845997364,177861600
2011-06-27,9.719563484191895,9.784144931004015,9.648523092028308,9.648523092028308,76915200
2011-06-28,9.771228790283203,9.777687119669887,9.661439654310344,9.738937759249977,52428700
2011-06-29,9.906851768493652,9.945600517474578,9.764771585129656,9.80352095001084,47452800
2011-06-30,10.081220626831055,10.113511655996207,9.906850054779476,9.919766096905445,52609600
2011-07-01,10.24267578125,10.300799514111034,10.074763527973914,10.094137900294196,65130300
2011-07-05,10.158403396606445,10.320471095188886,10.08061097547558,10.288057431824557,44364600
2011-07-06,10.087091445922852,10.164883848653682,10.015781279740294,10.125987338168736,43221700
2011-07-07,10.307502746582031,10.365847202069398,10.119504289033323,10.13895285302181,70174000
2011-07-08,10.203783988952637,10.307507235775947,10.08709564539607,10.21674970392521,50343200
2011-07-11,10.002816200256348,10.125987350166337,9.937988888784314,10.080608603079352,44407800
2011-07-12,10.113024711608887,10.346401976680768,9.99633576995334,10.002818626320696,88242600
2011-07-13,10.093576431274414,10.275092705318096,10.04819767188311,10.177851711743433,47732700
2011-07-14,10.002816200256348,10.216745462579372,9.983367635871302,10.087091457874367,50153300
2011-07-15,10.106539726257324,10.177849276558945,10.015781610950558,10.061160977723482,54798300
2011-07-18,10.00930118560791,10.074128514883093,9.89909571502287,10.041714850245501,45271200
2011-07-19,10.1519193649292,10.177850168970636,9.996334540680577,10.08060980837503,58280600
2011-07-20,10.255643844604492,10.339919122681778,10.100059001187601,10.13895552116143,60146400
2011-07-21,10.599226951599121,10.67701874874413,10.255643010853419,10.255643010853419,93220600
2011-07-22,10.670536041259766,10.69646746498752,10.534399776124072,10.657571565874228,48364800
2011-07-25,10.553851127624512,10.61867723108588,10.476058072400738,10.592747036997066,33870200
2011-07-26,10.560330390930176,10.625156472327204,10.501985928490255,10.54088182462412,40154000
2011-07-27,10.171368598937988,10.378815675727413,10.100059033371158,10.320471204700363,80752600
2011-07-28,10.378812789916992,10.566810627026246,10.262123880308037,10.346399135221278,79457800
2011-07-29,10.352883338928223,10.456605934640685,10.242677269544885,10.307503969145063,66844900
2011-08-01,10.262125968933105,10.534399734609847,10.080610331228334,10.424193657157872,60652700
2011-08-02,10.022269248962402,10.24916433639279,10.01578639086682,10.11950964743864,56227200
2011-08-03,10.041717529296875,10.07413120258218,9.8407538677589,10.035234670991935,70369500
2011-08-04,9.60737133026123,9.931506671964932,9.600889093288872,9.899093632385844,92196500
2011-08-05,9.685165405273438,9.905577574491682,9.309168393632625,9.665717454530418,122400100
2011-08-08,9.036897659301758,9.48420500498611,9.036897659301758,9.341585208859565,125326200
2011-08-09,9.114686012268066,9.153581906766448,8.62200014820188,9.121168249191733,144579300
2011-08-10,8.900754928588867,9.224890224486304,8.881306983941945,9.030409541539052,146477100
2011-08-11,10.320469856262207,10.527916287708159,9.95743798299266,10.015782446396617,286920000
2011-08-12,10.365850448608398,10.501987966209295,10.138956028498471,10.333436783381483,95554300
2011-08-15,10.391780853271484,10.417711041015497,10.262126205116331,10.378815141160297,65125900
2011-08-16,10.372330665588379,10.411226559370448,10.17784934196078,10.28157254969841,58987000
2011-08-17,10.275094032287598,10.417713185432786,10.145439357443887,10.35288646625024,54508900
2011-08-18,9.730544090270996,10.028748659522284,9.659233912212303,9.976887049064597,104626600
2011-08-19,9.775920867919922,10.022263776896672,9.659231958868029,9.672197667980035,90584300
2011-08-22,9.730544090270996,9.983369286692435,9.691647573308147,9.873163209910057,68733900
2011-08-23,10.00930118560791,10.00930118560791,9.730545153498783,9.730545153498783,57774500
2011-08-24,10.022269248962402,10.087096593439478,9.827787833770554,9.957441904485327,59278900
2011-08-25,9.775920867919922,10.074125376866615,9.737024977061983,10.06116028599365,54369300
2011-08-26,9.93150806427002,10.080610663840853,9.737027326574687,9.775923226818078,49949400
2011-08-29,10.203783988952637,10.21674970392521,9.983371780333442,10.054681976203957,39188200
2011-08-30,10.132471084594727,10.229711442005474,9.976886265441888,10.158401887786868,51028200
2011-08-31,10.158403396606445,10.3399190459118,10.074128119154873,10.197299298052275,50687300
2011-09-01,10.255643844604492,10.372332786286766,10.119506952054909,10.171368566527207,73754200
2011-09-02,9.989851951599121,10.190816151960519,9.918542393142703,10.054679272551612,55499700
2011-09-06,9.90557861328125,9.912061470288512,9.73054580176012,9.788890278346921,62388100
2011-09-07,10.294537544250488,10.313985489789768,9.98985017901956,9.996333033612336,58515000
2011-09-08,10.560330390930176,10.664053604939312,10.25564236785987,10.275090934165926,103787400
2011-09-09,10.255643844604492,10.489021727969039,10.190817135633726,10.46957315886252,79002800
2011-09-12,10.430676460266113,10.437159316139688,10.080610280202153,10.080610280202153,53937300
2011-09-13,10.599226951599121,10.696467316269542,10.333435426237589,10.424193553305367,82622700
2011-09-14,10.586262702941895,10.800192029373285,10.573296989466419,10.625158606889832,79447500
2011-09-15,10.806671142578125,10.826119706054174,10.579776181269816,10.677016525693931,47652400
2011-09-16,10.774259567260742,10.916878675985753,10.71591510540091,10.839085648013235,62292100
2011-09-19,10.702949523925781,10.74832827559189,10.476054529116992,10.664053627708867,42149400
2011-09-20,10.715916633605957,10.806674148785033,10.586261980654356,10.664055019721,48832400
2011-09-21,10.268610954284668,10.76129697703574,10.2621280970339,10.715918212758952,70842500
2011-09-22,9.937989234924316,10.184332161563477,9.69812916330597,10.041712442300998,92151700
2011-09-23,10.119504928588867,10.268607504062022,9.801852448903087,9.827783250954191,66118200
2011-09-26,10.365850448608398,10.385299018688094,10.048197889510954,10.14543826695246,53217300
2011-09-27,10.417708396911621,10.605707465372978,10.352881707526794,10.47605285012528,64908200
2011-09-28,10.268610954284668,10.605712112453073,10.24916300077166,10.489023154896426,47967800
2011-09-29,10.275094032287598,10.534402145496403,10.067646923481247,10.43067890021288,59527500
2011-09-30,10.048196792602539,10.223230194776871,10.035231080631473,10.132472065696938,50447300
2011-10-03,9.847230911254883,10.02874713856729,9.834265819726323,9.918541078498711,79202800
2011-10-04,10.140114784240723,10.166148430360181,9.717067879626757,9.730084392340945,80847200
2011-10-05,10.517601013183594,10.751904405506128,10.08804562151357,10.133604338602522,119792300
2011-10-06,10.901596069335938,10.90810463386553,10.524108016291814,10.550141033028433,74775100
2011-10-07,10.843016624450684,11.025252646537231,10.738882109367326,10.908101006723118,58373900
2011-10-10,11.122885704040527,11.155427295272139,10.966683831640955,11.005733989395315,48940100
2011-10-11,11.05780029296875,11.129393276945125,10.973191418491055,11.064308858910422,53682000
2011-10-12,11.227012634277344,11.324638582820889,11.070810868331414,11.148911130613735,70255500
2011-10-13,11.337660789489746,11.344169354494507,11.174950388516232,11.174950388516232,44234300
2011-10-14,11.422270774841309,11.500372321195657,11.292103186093348,11.41576345057858,43852200
2011-10-17,11.174947738647461,11.370199676963662,11.07732176948936,11.305116525112627,37621700
2011-10-18,11.396231651306152,11.500366163096418,11.044776742978033,11.181454065566069,42784700
2011-10-19,11.168441772460938,11.415762275984019,11.09684879911765,11.324643607715696,35829200
2011-10-20,11.18796443939209,11.233523140504985,10.934135439592165,11.194473002605575,39739700
2011-10-21,11.311625480651855,11.454811414716666,11.187966481172628,11.27908390002716,46176900
2011-10-24,11.415761947631836,11.5003708071097,11.233525857718698,11.311626152408756,37792500
2011-10-25,11.467827796936035,11.54592808190348,11.383217706609381,11.41576052649719,44039200
2011-10-26,11.461318016052246,11.643552822548589,11.259556278314843,11.558943982586932,44776600
2011-10-27,12.001519203186035,12.092636628057948,11.708639992695154,11.741182816850701,105736800
2011-10-28,12.079614639282227,12.105648888134198,11.851819927352723,11.897379862843673,47736100
2011-10-31,12.060091018676758,12.07310690261144,11.85182073776369,11.936430810936805,50718200
2011-11-01,11.448301315307617,11.747687789334101,11.409251175517547,11.747687789334101,67814500
2011-11-02,11.617522239685059,11.676098080128755,11.448303283001248,11.545929269946816,38986200
2011-11-03,11.83229923248291,11.845316361034829,11.526402918421333,11.702130429727127,39658500
2011-11-04,11.734673500061035,11.780232209577587,11.552437420613094,11.767215080749505,39823600
2011-11-07,11.721654891967773,11.871348130454322,11.578470217073889,11.71514632837511,44475200
2011-11-08,11.916905403137207,11.936431091570386,11.68911067027581,11.812770880923098,50448200
2011-11-09,11.461318016052246,11.741180030464792,11.35067492294453,11.741180030464792,80049500
2011-11-10,12.112162590026855,12.307414573744696,11.988502338268576,12.164229868443735,148101900
2011-11-11,12.379005432128906,12.463614279582698,12.2097864958397,12.229312187428247,80558400
2011-11-14,12.326937675476074,12.431072210403261,12.27487040801248,12.33344623908172,46650700
2011-11-15,12.444092750549316,12.489651466902263,12.229315058184058,12.24233094758353,45564300
2011-11-16,12.235818862915039,12.463613620543143,12.216294413740513,12.333446074313912,54561100
2011-11-17,12.02755069732666,12.248836908021813,11.858331757302032,12.235819780008768,55373800
2011-11-18,11.988507270812988,12.125183467373082,11.858338400523266,12.014540300041524,38219600
2011-11-21,11.715149879455566,11.916910446459244,11.571965161159724,11.799758749043578,54357100
2011-11-22,11.663080215454102,11.79975634028384,11.519895526387463,11.650063086980307,39697900
2011-11-23,11.33115291595459,11.584980759720612,11.324644350552651,11.53291347788702,47636000
2011-11-25,11.389725685119629,11.584977628883331,11.207489627260344,11.227015318189348,24466200
2011-11-28,11.721654891967773,11.780230722920175,11.611011793655635,11.663079061015372,45992200
2011-11-29,11.506878852844238,11.812773935781928,11.493861723855806,11.721656515626393,53296800
2011-11-30,12.131681442260742,12.22930863042613,11.819277915999042,11.871345170375992,74532800
2011-12-01,12.092638969421387,12.18375641193536,11.923419975193973,12.157723388952247,41438400
2011-12-02,12.073111534118652,12.352973628868522,12.060095645190792,12.157721639750035,46249200
2011-12-05,12.229312896728516,12.294396056368582,12.144702802985712,12.261854476548548,43528500
2011-12-06,12.190261840820312,12.294396388717479,12.177244711987733,12.222804662901758,29136200
2011-12-07,12.359480857849121,12.398531003174762,12.08612735780616,12.20978759961605,54876800
2011-12-08,12.086125373840332,12.41154609469282,12.008025096009394,12.281378551180746,47298800
2011-12-09,12.28789234161377,12.33995963470349,12.034064442974154,12.092640302872864,44018700
2011-12-12,12.060091018676758,12.170734101100633,11.884363551053887,12.118666841217715,44118300
2011-12-13,12.021042823791504,12.26836330471848,11.936433969610206,12.086127226213431,48006900
2011-12-14,11.702127456665039,12.040565264740634,11.637043071822596,12.0145310142511,59671000
2011-12-15,11.741177558898926,11.87785363500031,11.669584619199389,11.82578638105008,39810900
2011-12-16,11.676095962524414,12.06009251739866,11.676095962524414,11.838806325051415,94963600
2011-12-19,11.513386726379395,11.721655812168366,11.467828019035766,11.689112991650294,39711600
2011-12-20,11.98199462890625,12.027553345601556,11.656573805217581,11.663082370657186,44825500
2011-12-21,11.663080215454102,11.942942270732175,11.597995814466831,11.864840741271111,57677700
2011-12-22,11.799755096435547,11.858330927011263,11.695620562385734,11.72165481658897,37599700
2011-12-23,12.021042823791504,12.034059952552234,11.799756600385988,11.812773729146718,23341700
2011-12-27,12.092638969421387,12.131689124587082,12.014537417707945,12.027554549890528,22932400
2011-12-28,11.819282531738281,12.099144598825825,11.786740950562322,12.053585888626783,26740600
2011-12-29,11.877856254577637,11.890873381281343,11.80626329908878,11.812771862440632,17640100
2011-12-30,11.767215728759766,11.903893106217856,11.747690034442382,11.838808699875042,20775000
2012-01-03,12.165549278259277,12.315742198014716,12.06759824051618,12.113308641761957,41236600
2012-01-04,12.400629043579102,12.407159276870791,11.98270407702814,12.0414749311387,52927700
2012-01-05,12.354928016662598,12.407168677061177,12.191675797227582,12.361458254901867,37865300
2012-01-06,12.30921459197998,12.407165650645174,12.29615411868721,12.374515712928538,27796900
2012-01-09,12.387571334838867,12.472463141015636,12.270030845964373,12.322271478413567,37811500
2012-01-10,12.296151161193848,12.570414806799155,12.256970996254513,12.459403301541888,45488300
2012-01-11,12.452872276306152,12.498582673420788,12.322271319623608,12.367981716738244,32482200
2012-01-12,12.50511646270752,12.537767645295554,12.381044459903507,12.48552699866996,31101700
2012-01-13,12.44633960723877,12.518170928949218,12.328797897354276,12.413689685832928,32143700
2012-01-17,12.60959529876709,12.616125534012172,12.478994330410526,12.55735466232146,40402800
2012-01-18,12.759785652160645,12.818555266516752,12.622653230623678,12.64877416635063,56573500
2012-01-19,12.92303466796875,13.027515894816704,12.798962744018882,12.851203357442857,52482100
2012-01-20,13.007929801940918,13.014460036619635,12.84467767151772,12.896918303432548,42046700
2012-01-23,12.949163436889648,13.105885387115677,12.772850775817112,12.96222391078732,50013100
2012-01-24,12.942631721496582,12.968752666308115,12.772849316767221,12.8969213135916,30828500
2012-01-25,12.949163436889648,12.975284384684992,12.720610125741768,12.92957272604314,37205000
2012-01-26,12.949163436889648,13.053644737040333,12.870801839018961,13.040584263142662,36818500
2012-01-27,12.772848129272461,12.85773994650233,12.642247153902405,12.785908600463992,43539600
2012-01-30,12.772848129272461,12.818558532927735,12.583476279055601,12.668366850770383,31384800
2012-01-31,12.83161735534668,12.883857987885166,12.694486162001253,12.857738294373386,40629600
2012-02-01,12.929569244384766,13.02752152672549,12.86426938351096,12.955690185146294,57074800
2012-02-02,12.929569244384766,13.047110986781629,12.929569244384766,12.949159949955913,36405200
2012-02-03,13.118946075439453,13.190777437535372,13.001404299469904,13.053644950399107,54491000
2012-02-06,13.184244155883789,13.190774391431352,13.007931532644783,13.086293113700478,37141900
2012-02-07,13.190775871276855,13.275666451888734,13.06017363670373,13.118944517710116,61422400
2012-02-08,13.340963363647461,13.35402383209071,13.118940382171516,13.20383093602299,91349200
2012-02-09,13.060164451599121,13.380138331201579,12.975273930690037,13.21035604386907,131157200
2012-02-10,12.994872093200684,13.099353379226233,12.88386057110914,12.923041987505105,63115200
2012-02-13,13.07975959777832,13.099349053992944,12.994867802465734,13.066699129958728,50426600
2012-02-14,13.105886459350586,13.105886459350586,12.949164496302627,12.99487491316885,31854000
2012-02-15,13.001399040222168,13.197301090582725,12.96221887925303,13.118940768644446,44880700
2012-02-16,13.184244155883789,13.236484794749227,13.001401297097217,13.047111700415092,42558500
2012-02-17,13.24954605102539,13.288726221117555,13.06017294546882,13.190775173129568,54249700
2012-02-21,13.295255661010742,13.380146232046876,13.171183676713243,13.256074247749378,41222900
2012-02-22,13.138529777526855,13.360551491396379,13.09281814252388,13.32790156905181,36219200
2012-02-23,13.21036434173584,13.223424813314596,13.007932014325629,13.112413295925423,30008000
2012-02-24,13.15159797668457,13.275670008214297,13.132008508111568,13.236489825552743,27220500
2012-02-27,13.171186447143555,13.229957333882407,13.04058419983159,13.053644673665854,37170200
2012-02-28,13.190775871276855,13.203835098321994,13.073234109264087,13.164654926156144,34349100
2012-02-29,12.9818115234375,13.190775339432237,12.955691824885136,13.177714867398473,46229800
2012-03-01,12.9818115234375,13.034052166057393,12.890390710231477,13.001402231488147,43149300
2012-03-02,12.903449058532715,12.988339621750018,12.870797883822243,12.95568969255451,27449600
2012-03-05,12.798968315124512,12.896919352241062,12.707546267702721,12.883858881821519,31971300
2012-03-06,12.72060775756836,12.753258936233925,12.616126476868772,12.687957824417905,36742300
2012-03-07,12.674893379211426,12.753254937926327,12.668363145525623,12.73366423686892,34751400
2012-03-08,12.851212501525879,12.916513626148479,12.753261437349655,12.779381139889482,36655500
2012-03-09,12.929569244384766,12.988340115583197,12.851208913130195,12.883858843567099,26274400
2012-03-12,12.949163436889648,12.981813376118483,12.838151899790127,12.942633199940811,26316200
2012-03-13,13.20383358001709,13.20383358001709,12.988340789611538,12.994871025140807,33326000
2012-03-14,13.190775871276855,13.308316387774408,13.099353808869582,13.164654926156144,41190400
2012-03-15,13.001399040222168,13.190772101683585,12.92956770718303,13.099350065402447,55020200
2012-03-16,13.07975959777832,13.092818820083147,12.994867802465734,13.066699129958728,56363000
2012-03-19,13.15159797668457,13.24302006358226,13.020996952640875,13.020996952640875,30276500
2012-03-20,13.432384490966797,13.478094886157802,13.06670008392391,13.086290787083565,61659600
2012-03-21,13.386674880981445,13.484625911495396,13.288723850467493,13.42585504408404,39135200
2012-03-22,13.308314323425293,13.432386302472535,13.236484226515856,13.288724863138638,32211700
2012-03-23,13.406270027160645,13.445450203244723,13.223427129576045,13.282198016459834,27646700
2012-03-26,13.608699798583984,13.621760269963408,13.484627811509661,13.517278989958221,29098800
2012-03-27,13.654412269592285,13.745833092055259,13.634821559557952,13.667472742948508,44476400
2012-03-28,13.76541519165039,13.785005889430497,13.536862032940522,13.61522357854644,39839300
2012-03-29,13.732771873474121,13.869903087289666,13.615230121337877,13.687060223353829,36518000
2012-03-30,13.811131477355957,13.83725241889388,13.700119966849869,13.791542016717559,35673900
2012-04-02,13.83725643157959,13.909086550608908,13.74583435520028,13.804605245188618,30716500
2012-04-03,13.647164344787598,13.889693755678165,13.522622147290528,13.837255133084986,64106700
2012-04-04,13.3456392288208,13.614387258457482,13.273535672008743,13.529173736727763,43848100
2012-04-05,13.253870964050293,13.352194452473787,13.15554872586189,13.227652283976427,30611900
2012-04-09,13.08344841003418,13.214545593596748,13.024456052689963,13.090003394235847,26416300
2012-04-10,12.814698219299316,13.175214790190633,12.795034520136195,13.070337560536665,44896400
2012-04-11,13.122775077819824,13.135885042988898,12.860582025613828,12.899910670885955,40610100
2012-04-12,13.148992538452148,13.293199641467634,13.096553932874238,13.168657484381981,32041300
2012-04-13,13.01133918762207,13.135881320969371,12.972010553493615,13.122771359514974,27901500
2012-04-16,12.932684898376465,13.083445753699634,12.827807672913815,13.057227072451544,35250100
2012-04-17,13.162104606628418,13.207988237565125,12.945795167758817,12.985123815670969,28770700
2012-04-18,13.148992538452148,13.20798612600667,13.031005363343105,13.07689023717938,27563400
2012-04-19,13.050666809082031,13.312859766651393,12.965454566709978,13.122770341251595,34583500
2012-04-20,13.050666809082031,13.135880301688724,13.004783197786724,13.063776769519158,34257200
2012-04-23,12.89991569519043,12.9654642963308,12.834367094050057,12.958909311193205,27406400
2012-04-24,12.72948932647705,13.011347425015305,12.68360568257278,12.952353811356808,67526600
2012-04-25,12.77536678314209,12.906463916721643,12.631160936392519,12.840915349931867,48461800
2012-04-26,12.847472190856934,12.893355819179352,12.696711340587527,12.76881364927914,43037600
2012-04-27,13.096555709838867,13.12933062416888,12.834362646374478,12.87369129333535,47505900
2012-04-30,13.2145414352417,13.221096417380643,12.991677043457592,13.011341989874428,36405500
2012-05-01,13.096555709838867,13.214542900956626,13.096555709838865,13.181769236861758,31761800
2012-05-02,13.004793167114258,13.070341769314076,12.86714097747108,13.050676813583452,32168300
2012-05-03,12.926131248474121,13.076893369579325,12.880247613881991,13.05722841893901,29626200
2012-05-04,12.532841682434082,12.801589744771725,12.473848083361407,12.795034761515293,41733900
2012-05-07,12.506617546081543,12.624604704572798,12.454178947889297,12.467288909996057,34078500
2012-05-08,12.264094352722168,12.388636554259957,12.205101994346817,12.388636554259957,52278000
2012-05-09,12.309980392456055,12.382082726196892,12.113334595311995,12.178883194360015,78275200
2012-05-10,11.0186767578125,11.352973476848373,10.985903084474579,11.254651206599116,198450600
2012-05-11,10.822029113769531,11.136660788431199,10.815474130934687,10.985899933935208,75215300
2012-05-14,10.953126907348633,11.031785464687102,10.730263703732907,10.749927405391007,57497300
2012-05-15,10.841692924499512,10.985898781027066,10.822027978058705,10.972788816733194,66148000
2012-05-16,10.940016746520996,11.07111265781134,10.887578131957822,11.031784009447756,57794300
2012-05-17,10.848251342773438,11.012122216532767,10.848251342773438,10.940019882238834,41625200
2012-05-18,10.795809745788574,10.907241959325514,10.730262414489953,10.88757826003001,57520600
2012-05-21,10.92690658569336,10.946571534642477,10.730262097142843,10.822029358435062,37628500
2012-05-22,10.966232299804688,11.025225880635638,10.894130006749508,10.9203486814328,42979200
2012-05-23,10.940016746520996,10.985900377984377,10.769590936631879,10.854803216458842,42459500
2012-05-24,10.74337100982666,10.94657173532056,10.717152327649014,10.940016752217351,52604300
2012-05-25,10.7040433883667,10.85480426349862,10.697488404634617,10.789255676413125,41838300
2012-05-29,10.874467849731445,10.907241514042786,10.743370692015773,10.822029236692206,37091400
2012-05-30,10.74337100982666,10.802364607520348,10.717152327649014,10.78925464131393,36488300
2012-05-31,10.7040433883667,10.828585578805608,10.658159752477445,10.72370833956294,51969400
2012-06-01,10.461512565612793,10.586054106520699,10.448402600718522,10.540170479625818,48493800
2012-06-04,10.55983829498291,10.572947013202398,10.435296095132239,10.474624750261512,29743500
2012-06-05,10.566391944885254,10.671269178809677,10.474623427524948,10.52706204448716,34648800
2012-06-06,10.940016746520996,10.940016746520996,10.638493775106346,10.67782367370512,33224400
2012-06-07,10.867913246154785,11.090777671909175,10.835139580699515,11.0645577393568,34270300
2012-06-08,10.966232299804688,10.999007205952346,10.808916501000432,10.85480011937232,29773800
2012-06-11,10.80236530303955,11.071113376398724,10.782701602699051,11.058004659583482,31130800
2012-06-12,11.005565643310547,11.038339309515438,10.822029861951576,10.86135851144449,32713000
2012-06-13,10.9203519821167,11.04489416265109,10.854803400244114,10.972790597567725,39106800
2012-06-14,11.090775489807129,11.169434021753045,10.881021071597957,10.93345967615025,39580100
2012-06-15,11.208765983581543,11.254649619879997,11.097333759613015,11.123552444539852,42601400
2012-06-18,11.23498249053955,11.307086048022455,11.162880183291726,11.19565384565573,35400800
2012-06-19,11.261201858520508,11.379189037517769,11.215318233407132,11.326750430211765,41827300
2012-06-20,11.477509498596191,11.556166772298393,11.3398573942651,11.385742262532013,46238300
2012-06-21,11.097329139709473,11.503727963653388,11.058000503574371,11.477509289641588,44123400
2012-06-22,11.228425979614258,11.2677558693796,11.110440061022954,11.130103755670717,46489700
2012-06-25,11.103887557983398,11.162881155564941,10.999010329001813,11.149771189383445,33219000
2012-06-26,11.025228500366211,11.13666070727625,10.913796293456173,11.123550741702097,31870100
2012-06-27,10.966232299804688,11.116993117379412,10.907238718973739,11.058000786783296,43502200
2012-06-28,10.80236530303955,10.900687555447861,10.631939482088688,10.900687555447861,56585800
2012-06-29,11.254648208618164,11.254648208618164,10.966235209176205,11.00556510698772,51020200
2012-07-02,11.248061180114746,11.300745257413908,11.16903443612226,11.267818180134737,20020400
2012-07-03,11.294157981872559,11.346842051666805,11.201961173754455,11.20854683948965,15823200
2012-07-05,11.155867576599121,11.215137337667052,11.116353565161937,11.188794663375596,26299500
2012-07-06,11.04391098022461,11.155864805983304,10.978055566939341,11.116350804359625,27190800
2012-07-09,10.964886665344238,11.043913430034133,10.925373911043199,11.017570756441565,25580700
2012-07-10,10.806835174560547,11.05049989858399,10.754151079648437,11.037328560833986,35583200
2012-07-11,10.78707504272461,10.925371536856836,10.708049551295513,10.800246376658638,45504300
2012-07-12,10.523656845092773,10.694880453777252,10.510486136448375,10.642196363111859,70081400
2012-07-13,10.740979194641113,10.780493205877868,10.523657157190325,10.530242825729783,24553400
2012-07-16,10.661951065063477,10.70146381050545,10.549997239571612,10.675121142819116,26437700
2012-07-17,10.688292503356934,10.780490584401848,10.497312558460372,10.780490584401848,30992900
2012-07-18,10.997812271118164,11.037325015588575,10.668536469660586,10.701463547371343,33888400
2012-07-19,10.984644889831543,11.063670407205437,10.925375123757146,11.01757197938934,30426300
2012-07-20,10.773905754089355,11.024154836729483,10.767320086639925,10.918786669713889,36050000
2012-07-23,10.582924842834473,10.635608924731896,10.490728013535882,10.576339175586346,40090000
2012-07-24,9.95730209350586,10.372189759240754,9.878275961181672,10.372189759240754,101816000
2012-07-25,10.154866218566895,10.247063673168833,9.851932442639129,10.0099846836335,61477900
2012-07-26,10.128523826599121,10.391944219106817,10.108767454171984,10.339260140605278,55945200
2012-07-27,10.33267593383789,10.378774980073569,10.075841171861851,10.214137054481197,40305400
2012-07-30,10.451215744018555,10.582925962699433,10.319505525337675,10.345847569073852,36366500
2012-07-31,10.503899574279785,10.609268374688163,10.438044780573877,10.45121548809752,33961900
2012-08-01,10.523656845092773,10.582926604102315,10.378775909784892,10.543413850125221,47398000
2012-08-02,10.365606307983398,10.609271053147776,10.306336539053902,10.405119696617732,47426700
2012-08-03,10.767322540283203,10.826592304746745,10.517072772572673,10.58951324689258,40928300
2012-08-06,10.991229057312012,11.083425900348047,10.839761200211381,10.85951820489958,32129000
2012-08-07,11.287574768066406,11.333673182139128,11.070252775946738,11.090009777444008,41694700
2012-08-08,11.30074691772461,11.30074691772461,11.103181912848285,11.221721418209148,24821800
2012-08-09,11.656363487243652,11.715633230026286,11.5114813355139,11.597093744461018,61054300
2012-08-10,11.550996780395508,11.56416685903856,11.392943275802738,11.518068443568842,38278100
2012-08-13,11.41928482055664,11.583922720211623,11.34684374276045,11.550995642715623,33823200
2012-08-14,11.307331085205078,11.458797652587478,11.267818340689562,11.458797652587478,40256600
2012-08-15,11.425873756408691,11.544413279050437,11.274407146849951,11.294162896565007,63235200
2012-08-16,12.525650978088379,12.604676461913668,12.229302273525004,12.268815015437648,152184100
2012-08-17,12.551993370056152,12.663947194313259,12.486137957654176,12.53223762559682,55706700
2012-08-20,12.472969055175781,12.611264303770556,12.380770966691628,12.512481803904626,39384600
2012-08-21,12.617847442626953,12.690288514185696,12.499307964108059,12.512479296407355,45522300
2012-08-22,12.657362937927246,12.657362937927246,12.486139349036952,12.558580436360291,47546000
2012-08-23,12.598097801208496,12.769321452828287,12.538829283424835,12.611269141199584,37601200
2012-08-24,12.644192695617676,12.670534109521233,12.466383441440012,12.538824527828165,32440300
2012-08-27,12.749558448791504,12.756144115042055,12.604676303454163,12.67053170987228,32091900
2012-08-28,12.657362937927246,12.74297536041622,12.617850188517995,12.71663269008495,30468900
2012-08-29,12.644192695617676,12.683705444516832,12.512481857836967,12.657362774525634,29766800
2012-08-30,12.446625709533691,12.565165205372,12.400527295838254,12.565165205372,24683300
2012-08-31,12.565165519714355,12.67711935124155,12.45979735546377,12.578336854267578,38502400
2012-09-04,12.512483596801758,12.60468044240904,12.380772740716088,12.505897928388693,27006700
2012-09-05,12.446625709533691,12.591507873819431,12.426869964285686,12.512481124564705,30580300
2012-09-06,12.993223190307617,13.006394524198193,12.545407886728306,12.558579220618883,59444100
2012-09-07,12.881270408630371,12.940540159855118,12.677119741127147,12.874684741151217,44786600
2012-09-10,12.6112642288208,12.822000562239067,12.578337147757058,12.795659148605598,40047200
2012-09-11,12.538827896118164,12.677123182459125,12.466386790270246,12.591511994165385,31320100
2012-09-12,12.565165519714355,12.690290685794773,12.538824106695508,12.58492252154419,28482200
2012-09-13,12.749558448791504,12.854926596625532,12.525650820622342,12.551992229537149,37780500
2012-09-14,12.83517074584961,12.966881570466043,12.736388255431041,12.749559589110188,46351900
2012-09-17,12.617847442626953,12.716629922696903,12.55199203721786,12.617847442626953,36731800
2012-09-18,12.545412063598633,12.690294272456994,12.519070643134901,12.551997732736554,45475300
2012-09-19,12.591507911682129,12.650776403691935,12.479554082619034,12.631020658384523,29693900
2012-09-20,12.584924697875977,12.584924697875977,12.44662817332649,12.532240606639938,25116000
2012-09-21,12.446625709533691,12.644191954626727,12.440040042421835,12.611263619067438,42198200
2012-09-24,12.38735580444336,12.499309631749336,12.308330312278876,12.420284139584853,32180400
2012-09-25,12.295162200927734,12.492727239210593,12.268819525909818,12.479557157789515,33991600
2012-09-26,12.235893249511719,12.347847113585075,12.08442662637952,12.308334354526233,30273700
2012-09-27,12.380768775939941,12.433452850285276,12.216130886599851,12.30174329246565,29813600
2012-09-28,12.578338623046875,12.74956222805362,12.512483197107702,12.512483197107702,61124700
2012-10-01,12.538827896118164,12.775905709286667,12.472972459537145,12.663951843925327,37481100
2012-10-02,12.5189208984375,12.698045982963782,12.42603986585477,12.664874999079043,34712100
2012-10-03,12.558727264404297,12.671510389532923,12.525555012665277,12.57862935005569,33816700
2012-10-04,12.538825035095215,12.638339268430864,12.505654045780707,12.611802730057684,29734700
2012-10-05,12.51229190826416,12.69805152370114,12.472485191762685,12.631709526983634,27750400
2012-10-08,12.538825035095215,12.658242621254846,12.479116242015397,12.532190584153886,24170900
2012-10-09,12.472481727600098,12.644973655020387,12.445945189361966,12.558728324006305,42377800
2012-10-10,12.147397994995117,12.472478410660901,12.134130362100516,12.472478410660901,42085700
2012-10-11,12.114229202270508,12.260183313601955,12.041251513908778,12.253548863260706,28339700
2012-10-12,12.213743209838867,12.24691419556439,12.087691186376293,12.114228987270307,27099200
2012-10-15,12.306622505187988,12.366331289493253,12.213742736442883,12.266817070781793,27799100
2012-10-16,12.505655288696289,12.54546073290832,12.306625536851634,12.35969988426509,28580200
2012-10-17,12.412774085998535,12.472482884311946,12.273454400195403,12.319894295463113,28359400
2012-10-18,12.34643268585205,12.439312480783027,12.273454981039254,12.34643268585205,40270300
2012-10-19,11.968276023864746,12.33979641419059,11.941738220431128,12.326527512473781,63724300
2012-10-22,12.067787170410156,12.094323701666678,11.948369616276326,12.021347291667398,26334500
2012-10-23,11.948373794555664,12.05452248748494,11.901933899573136,11.941739343073555,33985300
2012-10-24,11.53040885925293,11.994810204950399,11.470701344043926,11.961639222568522,61961200
2012-10-25,11.410994529724121,11.629926341188508,11.324747936042707,11.629926341188508,46349800
2012-10-26,11.470704078674316,11.537046059254083,11.351286489003272,11.410995283838794,31188400
2012-10-31,11.37782096862793,11.563581770645866,11.284941200314933,11.53040952096841,36797100
2012-11-01,11.616654396057129,11.663094273382837,11.278305091466134,11.391088192996465,32484300
2012-11-02,11.51050853729248,11.729440344532167,11.483970735012733,11.702902542252419,28769400
2012-11-05,11.543680191040039,11.570217994851523,11.410994968159015,11.497240299762074,22190800
2012-11-06,11.596750259399414,11.749338778904011,11.510504959581237,11.570213730759846,35544700
2012-11-07,11.417624473571777,11.875391318634643,11.338013618581893,11.576848714334993,49610000
2012-11-08,11.165522575378418,11.517140796325108,11.132351594232727,11.424259771411899,56064800
2012-11-09,11.15888786315918,11.298208764550578,11.066008105826107,11.079277004128485,43085800
2012-11-12,11.185426712036133,11.338015260692933,11.112449029899441,11.185426712036133,28768400
2012-11-13,11.178791999816895,11.23850078100115,11.072643336687522,11.085910970534785,72206200
2012-11-14,11.716172218322754,12.107595970094154,11.689635679679887,11.974909480703388,97058200
2012-11-15,11.90192985534668,11.994809613751581,11.769243401575277,11.775877850803028,55885900
2012-11-16,11.935099601745605,11.974905027603562,11.809047610238462,11.895294175887651,60820500
2012-11-19,12.140766143798828,12.167303946050307,12.00808092871761,12.120864057502278,40616400
2012-11-20,12.167303085327148,12.180571985514236,11.988176728977358,12.134132100251396,30378100
2012-11-21,12.260180473327637,12.353061491195687,12.120860844613144,12.187204067264117,30479300
2012-11-23,12.499016761779785,12.53218774357567,12.293353890783237,12.339793771454215,17263100
2012-11-26,12.644969940185547,12.651604389144044,12.333158431486664,12.465844879873115,34603000
2012-11-27,12.671707153320312,12.765275482555346,12.59150718512515,12.63160716922273,53080000
2012-11-28,12.584822654724121,12.671706159245593,12.397687285690026,12.624922635675922,41262800
2012-11-29,12.70512580871582,12.76527642668875,12.64497519074289,12.68507517780631,32450600
2012-11-30,12.638286590576172,12.785320667484669,12.584819537631711,12.725171348332857,45199100
2012-12-03,12.71849250793457,12.805376023047005,12.66502543522948,12.711808964501989,32381500
2012-12-04,12.812057495117188,12.832108122173292,12.698439824643323,12.751906888704239,34313500
2012-12-05,12.838788032531738,12.999190470019498,12.792004519412444,12.805371601662278,36982900
2012-12-06,13.019237518310547,13.032604598198592,12.832103498897498,12.845469304030644,35834800
2012-12-07,12.925675392150879,13.19301071714128,12.805374177216354,13.099443672083487,50602300
2012-12-10,13.226428985595703,13.299945406336965,12.925675935614152,12.932359478364345,62863500
2012-12-11,13.219745635986328,13.413563279551893,13.146227939415535,13.26652916116576,58464200
2012-12-12,13.18632984161377,13.293263993237415,13.15959694108568,13.259847548888391,38701100
2012-12-13,13.193008422851562,13.259842561165422,13.099441394065256,13.159591991072213,37844200
2012-12-14,13.273209571838379,13.366776600117554,13.159591919747175,13.193008351345407,40804400
2012-12-17,13.440298080444336,13.460347435171453,13.233112066723697,13.286579137255197,46857100
2012-12-18,13.620744705200195,13.64747887010738,13.380143594811257,13.43361064987048,41963100
2012-12-19,13.547228813171387,13.727680608848802,13.527178188733275,13.647479385851552,38097400
2012-12-20,13.527179718017578,13.587330323376905,13.46702911265825,13.547230344722466,29942600
2012-12-21,13.340045928955078,13.400196541390196,13.092761210948916,13.333363660689388,67611700
2012-12-24,13.25316333770752,13.340046853493368,13.193012721103635,13.279897511645057,12550700
2012-12-26,13.313312530517578,13.413563122550883,13.199694852945049,13.253161920346507,22083800
2012-12-27,13.132859230041504,13.306627498335198,12.999192213876947,13.293260414292153,35286600
2012-12-28,12.999189376831055,13.12617282326022,12.979138755142495,13.025922264327452,24596400
2012-12-31,13.132859230041504,13.206376917522954,12.90562390033093,12.95240741972629,32388300
2013-01-02,13.594017028808594,13.594017028808594,13.373465182755885,13.446982889691999,40304500
2013-01-03,13.66752815246582,13.700944580565192,13.567276318657669,13.674210418281678,50603500
2013-01-04,13.687579154968262,13.821247433043276,13.627428557310022,13.640795640068559,36378900
2013-01-07,13.560602188110352,13.647485718144845,13.473717383320075,13.62075153982298,30790700
2013-01-08,13.573966979980469,13.594017612211442,13.420249290476745,13.487083456490964,33218100
2013-01-09,13.567280769348145,13.72768324615855,13.533864330286649,13.540547873050036,30380100
2013-01-10,13.660852432250977,13.694268879480084,13.560601815807905,13.600701807433984,31419200
2013-01-11,13.687579154968262,13.707629779106066,13.587328583789589,13.634112098689291,23423800
2013-01-14,14.015071868896484,14.028438958173886,13.80120353948122,13.821254173397325,55156900
2013-01-15,14.021750450134277,14.028433992407146,13.888083428942913,13.981650471252403,29550900
2013-01-16,14.055171966552734,14.15542257827521,13.954920080074569,13.97497071232134,39685100
2013-01-17,14.001704216003418,14.055171291337206,13.888086521574662,13.89477006533584,41951400
2013-01-18,14.04848575592041,14.061852841547712,13.908133906344647,13.934868077599248,42835000
2013-01-22,13.948236465454102,14.035119980632233,13.774468160342273,14.00170353819962,35955400
2013-01-23,13.781150817871094,13.96160138006489,13.774467274863103,13.96160138006489,37130100
2013-01-24,14.04848575592041,14.101952823674166,13.914817449158297,13.934868077599248,47256000
2013-01-25,14.135364532470703,14.202198663485166,14.068530401456238,14.101948104340982,28354800
2013-01-28,14.075223922729492,14.208892279542225,14.068540377413264,14.175474552961079,30431400
2013-01-29,13.888082504272461,14.028433058392137,13.801197735265296,14.021749516564258,35300200
2013-01-30,13.754409790039062,13.948228616396536,13.634108625369576,13.941545076719915,35260400
2013-01-31,13.74773120880127,13.968282998657507,13.741047666714072,13.78114891923725,29992500
2013-02-01,13.921500205993652,13.97496727072877,13.767782554224606,13.85466605638591,25754100
2013-02-04,13.914816856384277,14.122001575759539,13.89476750355288,13.948234569028928,32053300
2013-02-05,14.088586807250977,14.168788052345928,13.954918490344573,13.954918490344573,24952600
2013-02-06,14.162099838256836,14.182149186851488,14.021748024318653,14.068531537379672,27848400
2013-02-07,14.101949691772461,14.208883803530977,14.035115553234597,14.175466096884463,34442900
2013-02-08,14.142057418823242,14.235624499224263,14.122006783841938,14.148740963817009,23056900
2013-02-11,14.215572357177734,14.262355888223256,14.13537110770283,14.195521726120106,33552000
2013-02-12,14.015071868896484,14.215574383790141,13.995022509736176,14.202207294512739,46463500
2013-02-13,14.128684997558594,14.128684997558594,13.98833442991654,14.03511795246389,63608700
2013-02-14,14.028429985046387,14.035113525410036,13.707627696121065,13.954912315801215,67172100
2013-02-15,14.028429985046387,14.081897033200606,13.981646477255815,13.995013557983116,44439700
2013-02-19,14.342549324035645,14.355916405313216,14.001697674742804,14.041797643820486,45590500
2013-02-20,14.108636856079102,14.482906343343116,14.081902683896782,14.362605118033667,47494700
2013-02-21,13.87471866607666,14.04848696998218,13.84130094912047,14.035119883199705,33007100
2013-02-22,13.968277931213379,13.988328550200958,13.847976766797599,13.908127349005488,20483300
2013-02-25,13.80788516998291,14.168788881907245,13.801201626270725,14.03512055717476,37391400
2013-02-26,13.774466514587402,13.888084189941187,13.700948820312771,13.727682990869152,34254700
2013-02-27,13.961602210998535,14.048487000517929,13.66085040627245,13.767784551253579,25190900
2013-02-28,13.94155216217041,14.068535656297902,13.861350920045497,13.961601516635016,30337500
2013-03-01,13.921500205993652,13.968283728292459,13.734364842043046,13.841298971513284,24174800
2013-03-04,13.861353874206543,13.888088052197658,13.754419711753622,13.861353874206543,22634600
2013-03-05,14.182151794433594,14.20220242146995,13.921500016737742,13.921500016737742,32829500
2013-03-06,14.516321182250977,14.563105978408336,14.195518799989767,14.23561877908358,45966600
2013-03-07,14.569788932800293,14.68340660788498,14.489588970831935,14.516321866569584,37379500
2013-03-08,14.58984375,14.683410824081752,14.549743757501503,14.59652729454238,23839100
2013-03-11,14.623254776000977,14.690088921888478,14.469537132788435,14.549738362804497,29120000
2013-03-12,14.502958297729492,14.596525359406582,14.396024148739786,14.54305828491173,25987300
2013-03-13,14.422758102416992,14.569792249332075,14.375974568160178,14.469541636673803,30188200
2013-03-14,14.429436683654785,14.60988848922792,14.335869647322909,14.50295436920427,40479600
2013-03-15,14.656672477722168,14.670039561842886,14.289085312934251,14.416070062570462,59804200
2013-03-18,14.482905387878418,14.670040756542496,14.442805407005903,14.529688911355585,30222300
2013-03-19,14.38265609741211,14.536373766937247,14.235620696339785,14.509639594103907,27264100
2013-03-20,14.482905387878418,14.529688911355585,14.422754779191942,14.456171217459802,24571600
2013-03-21,13.928182601928711,14.155417927036888,13.847981374050125,14.035116722596644,64437700
2013-03-22,13.86803150177002,14.081899735426841,13.827931526648172,13.988332701890789,39902900
2013-03-25,13.934865951538086,14.028432987142649,13.84129764117827,13.954915302164634,36429100
2013-03-26,13.934865951538086,14.008382361760848,13.827931832345657,13.995016552928234,27627800
2013-03-27,13.921500205993652,13.968283728292459,13.774466096660918,13.821249618959724,27760900
2013-03-28,13.968277931213379,13.995012089863483,13.88139446511023,13.928177967993067,28323200
2013-04-01,13.921500205993652,14.289086116703173,13.888083768567467,14.061852047645448,40009200
2013-04-02,14.182151794433594,14.228936590851761,13.96828353840055,14.008383517717906,34098100
2013-04-03,14.168785095214844,14.282402758445771,14.108634492636396,14.222252155867322,30101400
2013-04-04,14.175525665283203,14.209212235499713,14.121625096840337,14.155312952117129,25075100
2013-04-05,13.88581657409668,13.94645342870446,13.474833733990671,13.643269155665555,54767100
2013-04-08,13.858861923217773,13.966660456320245,13.79148751876376,13.939711465574566,22968600
2013-04-09,14.128364562988281,14.18226385360059,13.865605681885837,13.906029828579955,27529500
2013-04-10,14.465232849121094,14.552819983777015,14.162049875849624,14.19573644452638,39308100
2013-04-11,14.613456726074219,14.620194296771189,14.330485182102512,14.370909321224124,35992200
2013-04-12,14.512393951416016,14.620192499193102,14.229422442236148,14.599979789587378,31584600
2013-04-15,14.182258605957031,14.579766209036833,14.182258605957031,14.451756244360949,27961000
2013-04-16,14.256375312805176,14.263112884505624,14.114890162276982,14.249637741104728,32745100
2013-04-17,13.899283409118652,14.162043408023312,13.872334423496936,14.114881719390578,30873000
2013-04-18,13.86559772491455,14.047508208236831,13.778011909829592,13.973396244277447,35401400
2013-04-19,13.784749984741211,13.845386820397481,13.461354384614351,13.60957833180074,51142000
2013-04-22,13.87234115600586,13.912765296586853,13.656744026160215,13.831917015424866,31452800
2013-04-23,14.087935447692871,14.215946699647143,13.966661765321454,13.980136904487166,34873500
2013-04-24,13.737585067749023,13.831909726143513,13.649999261803693,13.791484321806054,55759200
2013-04-25,13.906027793884277,13.993614931476527,13.737592374733314,13.811704370379022,40488500
2013-04-26,13.926239967346191,13.953188965135089,13.818441406070166,13.885815828132735,33713500
2013-04-29,14.135096549987793,14.195733388600797,13.791488226200757,13.912761903426764,29476200
2013-04-30,14.094672203063965,14.317006846214547,14.013822657800151,14.141833902359554,37777300
2013-05-01,13.730850219726562,14.08119608301234,13.710638798614584,14.034034387004608,44773400
2013-05-02,13.966657638549805,13.980132773733978,13.771273318617778,13.791484736334416,54869800
2013-05-03,14.034036636352539,14.121622473682152,13.986874932785822,14.101411049330727,41962700
2013-05-06,14.020560264587402,14.09467224085629,13.97339856516536,14.060985679857668,31315900
2013-05-07,13.730850219726562,13.953184847377184,13.67021467133079,13.932973426265205,55003400
2013-05-08,13.959921836853027,13.986872110630516,13.744324786872252,13.744324786872252,37412500
2013-05-09,14.034036636352539,14.114886188938373,13.892551525652385,13.95992465357053,25790200
2013-05-10,14.215944290161133,14.215944290161131,14.02729622899545,14.034033797436344,26926900
2013-05-13,14.330486297607422,14.337223868828854,14.182262300856529,14.24289915678911,35347200
2013-05-14,14.330486297607422,14.431547295808285,14.249636728010543,14.290060870278825,38494300
2013-05-15,14.290058135986328,14.343958695444332,14.229422576716207,14.31700841571533,55412900
2013-05-16,16.095687866210938,16.331497704516437,15.738605608405118,15.839666600518836,201626500
2013-05-17,16.331497192382812,16.338234762987142,15.967677375170275,16.068738364114857,78569900
2013-05-20,16.13611602783203,16.149589886688222,15.927255152305396,16.10242816804042,54632000
2013-05-21,16.17654037475586,16.210226949903994,15.893568774305942,16.095690795315683,48135200
2013-05-22,15.725128173828125,16.183272642003967,15.664491330389556,16.169797502337605,46836300
2013-05-23,15.839670181274414,15.90704461960114,15.536485851334414,15.576911285366764,44376600
2013-05-24,15.853140830993652,15.940726676442166,15.704916851689793,15.758816130056607,25036200
2013-05-28,16.095687866210938,16.250649424849556,15.960940305079392,16.04178858474627,40023900
2013-05-29,16.25064468383789,16.331492939917858,15.96767321743828,15.974409501228394,37314000
2013-05-30,16.419082641601562,16.627942168679052,16.18327283487017,16.270858673625224,45162100
2013-05-31,16.25064468383789,16.526878581387525,16.223694408437993,16.304543949577823,40885800
2013-06-03,16.425817489624023,16.50666703645344,16.190008988579795,16.34496922785456,30815300
2013-06-04,16.412338256835938,16.57403601243783,16.1900036822509,16.35170143785279,30628500
2013-06-05,16.385391235351562,16.600988285544116,16.311279267450452,16.351704678156395,45742100
2013-06-06,16.54035758972168,16.634682297962836,16.331498030509582,16.493195878131232,44830200
2013-06-07,16.49993324279785,16.695318942727276,16.425821248333552,16.587520378993887,42729400
2013-06-10,16.412338256835938,16.62119769718927,16.35843900496864,16.55382331109027,33779400
2013-06-11,16.216962814331055,16.47298538471588,16.20348767166652,16.257386957264323,28060200
2013-06-12,16.16306495666504,16.378662118103268,16.156327384737537,16.31802525581621,29980300
2013-06-13,16.405601501464844,16.43928805365138,16.088942256649172,16.122630093895303,27238900
2013-06-14,16.230432510375977,16.506666416998506,16.223694941304707,16.378655174764194,29841100
2013-06-17,16.641420364379883,16.81659207405688,16.32476094559849,16.344973659050588,46042800
2013-06-18,16.722267150878906,16.830065709518014,16.641418874429668,16.654892730464418,34939200
2013-06-19,16.627948760986328,16.816595653114234,16.627948760986328,16.695323201772254,29472900
2013-06-20,16.46624183654785,16.661626194022613,16.371917157193952,16.493190827034777,47759000
2013-06-21,16.493192672729492,16.587517362638934,16.311282147611298,16.42581826138275,62052200
2013-06-24,16.210222244262695,16.48645619248335,16.19674838915103,16.385395211315323,35972700
2013-06-25,16.17654037475586,16.466249547247497,16.16306523067242,16.3786623957656,41334800
2013-06-26,16.43255615234375,16.472981570978277,16.291071042303024,16.371919309452,32721400
2013-06-27,16.594255447387695,16.648154725300156,16.4797193211912,16.486456891562778,27115400
2013-06-28,16.398876190185547,16.580786792091978,16.37192590024657,16.45951305748769,35574300
2013-07-01,16.51421356201172,16.846668813238242,16.493858683492203,16.568491943965057,33674000
2013-07-02,16.500640869140625,16.71775436045587,16.43279257957999,16.446362496311814,31098600
2013-07-03,16.683834075927734,16.853454185447863,16.466720542797766,16.527783885752914,24775000
2013-07-05,16.670263290405273,16.731326630187603,16.4531497685564,16.71775671154738,19984900
2013-07-08,16.710975646972656,16.79239388369107,16.5481404676348,16.731330529677003,34669400
2013-07-09,17.07056427001953,17.097704103227414,16.785602491829124,16.799172408433066,46103900
2013-07-10,17.240184783935547,17.341956572857658,17.002716413718275,17.009501372192886,37757800
2013-07-11,17.55228614807129,17.592994604228547,17.34874127908802,17.38266607096781,45944600
2013-07-12,17.59978675842285,17.606571719572898,17.409811728518637,17.538723402171463,28410100
2013-07-15,17.59299087524414,17.633699322772895,17.396231006341765,17.491219109373144,26879600
2013-07-16,17.443727493286133,17.633702438821118,17.3894491222902,17.545500571239643,26336200
2013-07-17,17.450510025024414,17.545498131633547,17.36909312690031,17.504788388473234,22080800
2013-07-18,17.545499801635742,17.742258402578596,17.45729664382471,17.55228475947493,32996900
2013-07-19,17.518360137939453,17.64048679201685,17.382664862152208,17.54549996955594,39224200
2013-07-22,17.450510025024414,17.66762477291796,17.28767493467795,17.64048494414442,30419600
2013-07-23,17.341960906982422,17.48444248236136,17.29446747988905,17.43694905526799,27954800
2013-07-24,17.362308502197266,17.633700324638557,17.267321687867383,17.53192855298536,27330800
2013-07-25,17.301250457763672,17.3826686763801,17.17233881749545,17.369098757594248,31482600
2013-07-26,17.301250457763672,17.301250457763672,17.118060436450726,17.131630355236577,19946400
2013-07-29,17.185911178588867,17.280898035391143,17.1180628691163,17.206266059660297,17839400
2013-07-30,17.416597366333008,17.66763576224188,17.240192251875246,17.274115764844442,45348500
2013-07-31,17.362308502197266,17.565852045503664,17.33516867290399,17.504788723692087,30709400
2013-08-01,17.56585121154785,17.592991039552636,17.403016125813828,17.498004229732345,23330000
2013-08-02,17.76939582824707,17.76939582824707,17.45729428038993,17.50478768473601,26496700
2013-08-05,17.850818634033203,17.92545189077502,17.71512333298284,17.71512333298284,28701800
2013-08-06,17.7829647064209,17.918661258608747,17.68119293932913,17.918661258608747,26093500
2013-08-07,17.721900939941406,17.972937854492226,17.721900939941406,17.850811228344,33489600
2013-08-08,17.816896438598633,17.85760490248855,17.762618055379164,17.823681398263407,20512100
2013-08-09,17.674413681030273,17.877958574940553,17.54550333839561,17.844033778906184,27309000
2013-08-12,17.871166229248047,17.945799455577713,17.538711130112983,17.54549608651551,32103600
2013-08-13,17.85759735107422,17.966154071607946,17.687977313478,17.94580049531924,36466000
2013-08-14,17.898313522338867,17.945808240406148,17.620136644152804,17.945808240406148,77049400
2013-08-15,16.60919952392578,16.846667917634328,16.47350422330564,16.548136185712195,130110100
2013-08-16,16.466720581054688,16.73132753840925,16.453150661677853,16.643125650657307,42426200
2013-08-19,16.466720581054688,16.73132753840925,16.453150661677853,16.500644085398033,39630400
2013-08-20,16.500640869140625,16.66347598762706,16.43279257957999,16.47350232977546,43650200
2013-08-21,16.331024169921875,16.60920104996526,16.317454250383477,16.52778412093238,33392900
2013-08-22,16.290313720703125,16.432793976201204,16.256388925990297,16.331022180259918,24327000
2013-08-23,16.188539505004883,16.39208306646309,16.174969589148095,16.33101973920595,41268600
2013-08-26,16.168182373046875,16.31744754432881,16.120688968279815,16.17496733002763,35708500
2013-08-27,15.930719375610352,16.141049229964455,15.9035808327219,16.09355451523702,39768700
2013-08-28,15.910364151000977,15.99856602391477,15.862869441172064,15.978211148273807,28035900
2013-08-29,15.910364151000977,16.113907731016514,15.910364151000975,15.923932773996428,26605500
2013-08-30,15.81537914276123,15.978214297689288,15.754315797900862,15.91715095282892,35248400
2013-09-03,15.930719375610352,16.127479311470903,15.917149457116798,15.99856767397946,31875000
2013-09-04,16.127479553222656,16.229251355252558,15.94428953310963,15.957859451806598,27443900
2013-09-05,16.073200225830078,16.17497202186567,15.971428429794484,16.154617145019113,23926000
2013-09-06,15.978212356567383,16.174972287013702,15.869655599803421,16.16140236889355,28615800
2013-09-09,16.229251861572266,16.269960324834514,15.998568412921674,16.018923291602157,22744700
2013-09-10,16.3920841217041,16.4531474528922,16.28352737605826,16.303882251153787,29302400
2013-09-11,16.541353225708008,16.561708105605447,16.405657908688106,16.419227828619736,25153200
2013-09-12,16.480289459228516,16.588846219187236,16.446364662929756,16.568491341407977,22340000
2013-09-13,16.500640869140625,16.56170420033535,16.41922395694665,16.507425827506538,18509900
2013-09-16,16.541353225708008,16.60241657130154,16.371733108859036,16.575278025537077,32119900
2013-09-17,16.534568786621094,16.656694177998315,16.487074069081434,16.548137411819408,19999500
2013-09-18,16.826313018798828,16.826313018798828,16.487072826531925,16.50742770394345,29541300
2013-09-19,16.697406768798828,16.792393631796315,16.561710141003317,16.622773494101402,40090900
2013-09-20,16.629549026489258,16.79238411106232,16.575270664964904,16.778814197156677,37420400
2013-09-23,16.466720581054688,16.588847267248713,16.358163814237496,16.541352549429796,26910300
2013-09-24,16.37851905822754,16.500645756792103,16.242823733010482,16.37851905822754,29762400
2013-09-25,16.575271606445312,16.65668850630724,16.364943105353998,16.41243651262317,26563800
2013-09-26,16.127479553222656,16.527783096092453,16.073201172533466,16.487073340001555,54577900
2013-09-27,15.828943252563477,15.978208432935498,15.638968327827753,15.84251316735138,82455500
2013-09-30,15.896794319152832,15.964642610888017,15.618617487727244,15.686465779462429,40335700
2013-10-01,15.883125305175781,16.047150540779295,15.855788417686876,15.944634931471686,30137600
2013-10-02,15.937801361083984,15.965139553806079,15.71910103353433,15.78744521178279,40084700
2013-10-03,15.725935935974121,15.958305365119424,15.678095401189523,15.883126636996883,38161100
2013-10-04,15.732770919799805,15.780611455908653,15.616586202011101,15.691763628657785,33607800
2013-10-07,15.643926620483398,15.746443567900677,15.466232229465819,15.555080076753176,29575900
2013-10-08,15.473064422607422,15.69859932616815,15.459396628116572,15.69859932616815,31865700
2013-10-09,15.377381324768066,15.555075665392197,15.233859724777478,15.486731487681874,45438300
2013-10-10,15.725935935974121,15.773776470758717,15.445725972044219,15.514070151832273,38817500
2013-10-11,15.910457611083984,15.97880045630518,15.698590619518392,15.732763345685205,27773800
2013-10-14,15.951468467712402,15.965137562368414,15.766939600526102,15.828449222921536,29103100
2013-10-15,15.842126846313477,16.006152159820104,15.835292295306036,15.965146157332775,26201200
2013-10-16,15.71910285949707,15.924134114502522,15.58924903609659,15.86945902626394,40483000
2013-10-17,15.568742752075195,15.63708561740724,15.32270426549871,15.582410543007645,69366300
2013-10-18,15.691763877868652,15.814783146134774,15.555076815894965,15.62342099866024,44486600
2013-10-21,15.671259880065918,15.79427913533667,15.589246608699842,15.79427913533667,34594600
2013-10-22,15.479893684387207,15.719097604294289,15.322703021197823,15.712263057604773,64553000
2013-10-23,15.213358879089355,15.473065237896767,15.17235288634229,15.452562893301739,49021400
2013-10-24,15.288532257080078,15.329538235446377,15.104003399096909,15.268028616118654,50130300
2013-10-25,15.350035667419434,15.46622032195845,15.274858281698517,15.438883446302517,34253400
2013-10-28,15.411547660827637,15.411547660827637,15.247522470747079,15.30903207997183,24072100
2013-10-29,15.602917671203613,15.671261855363724,15.41838876503838,15.48673294919849,30074200
2013-10-30,15.520903587341309,15.678095593852559,15.486732148805762,15.630255058480065,30465600
2013-10-31,15.418390274047852,15.520905908542856,15.336378287874654,15.473065366015655,34497400
2013-11-01,15.42522144317627,15.500400166991074,15.309036735260998,15.486731071105341,33328700
2013-11-04,15.432052612304688,15.473058587426989,15.322702476274257,15.411548972965315,28617000
2013-11-05,15.766939163208008,15.889958404586764,15.32270402766206,15.452557816179255,46343600
2013-11-06,15.910457611083984,15.971967214628034,15.732763345685205,15.862615794450448,48257800
2013-11-07,15.79427719116211,16.10182398792522,15.766939002886332,15.999308389004183,35502900
2013-11-08,16.067659378051758,16.074493928022477,15.780614797067175,15.910468639396589,30884100
2013-11-11,16.026649475097656,16.11549599594536,15.992476733574076,16.060820913064433,22694900
2013-11-12,16.218013763427734,16.293192501189267,16.012982501332427,16.012982501332427,38031100
2013-11-13,16.402538299560547,16.402538299560547,16.067653299037982,16.129162921945863,75234900
2013-11-14,14.605097770690918,14.652938311012717,14.195033948057414,14.311218676077624,243255400
2013-11-15,14.72127914428711,14.823794750696807,14.529915723047456,14.6666027637415,85506000
2013-11-18,14.550422668457031,14.844300459255116,14.488913029938212,14.762288476934659,66008900
2013-11-19,14.639264106750488,14.721277364094668,14.434232918724796,14.564085396148034,57309700
2013-11-20,14.509414672851562,14.673439933126065,14.50258012406218,14.673439933126065,44299700
2013-11-21,14.673439979553223,14.687109077175236,14.523083816381753,14.598262549745936,40695500
2013-11-22,14.666604995727539,14.693943190160711,14.56408937371686,14.632433556242932,41105000
2013-11-25,14.536750793457031,14.707610578137372,14.536750793457031,14.65977004699595,37566000
2013-11-26,14.495738983154297,14.632427289667447,14.406892496410158,14.557248590729584,48629300
2013-11-27,14.536750793457031,14.591425872412472,14.454737523245516,14.550419889085068,40021100
2013-11-29,14.523082733154297,14.652936543764287,14.48891129520489,14.618763802258078,25043700
2013-12-02,14.413728713989258,14.557250279274955,14.393225074567109,14.550417036357356,35385200
2013-12-03,14.529911041259766,14.529911041259766,14.365885863144655,14.386388195686393,52496700
2013-12-04,14.523082733154297,14.591426912609913,14.400063470845549,14.413732567448033,44535000
2013-12-05,14.29071044921875,14.557251261916443,14.277041355347961,14.488908399675575,61782100
2013-12-06,14.543583869934082,14.570920754867847,14.40006098747295,14.434233723085873,51266300
2013-12-09,14.502580642700195,14.577759378515035,14.488912848189537,14.55725573141364,41430000
2013-12-10,14.495738983154297,14.584586773454735,14.454733012622873,14.529911711560734,45957600
2013-12-11,14.27021312713623,14.35906097308086,14.11302238868911,14.345391873157514,66075000
2013-12-12,14.017338752746582,14.236039097606167,13.846478945380422,14.229204548884693,69575100
2013-12-13,13.832808494567871,14.065177914135917,13.819139398462278,14.065177914135917,51883000
2013-12-16,14.133527755737305,14.18136830772432,13.839648589465902,13.907992793829042,54485600
2013-12-17,14.297548294067383,14.441069902146156,14.133523040452998,14.174529027967385,45343300
2013-12-18,14.352225303649902,14.37956350136422,14.024174752420159,14.270212014063958,55495300
2013-12-19,14.400059700012207,14.40689424652374,14.195028518892107,14.400059700012207,36678100
2013-12-20,14.441064834594727,14.523078084400858,14.324880157777264,14.39322431535631,64140500
2013-12-23,14.74178409576416,14.782790084883205,14.50258010271543,14.523083749053399,41245900
2013-12-24,14.823799133300781,14.871639676865417,14.652939304251625,14.666607099872204,18372000
2013-12-26,14.898972511291504,14.953647589544516,14.84429743303849,14.84429743303849,17064400
2013-12-27,15.049332618713379,15.06983496196537,14.885307354912856,14.89214190384916,24098500
2013-12-30,15.206518173217773,15.261193242597196,15.035658418462518,15.035658418462518,27711600
2013-12-31,15.329541206359863,15.356878096049856,15.138177764302714,15.206521943862896,33240500
2014-01-02,15.150484085083008,15.350195642144667,15.08850472692674,15.267556060099112,44377000
2014-01-03,15.136713027954102,15.233126108041473,15.033414518978594,15.21246588084165,36328200
2014-01-06,15.157374382019043,15.308878785545827,15.102281752235493,15.122940667459384,34150300
2014-01-07,15.363978385925293,15.432844532777095,15.253793076367414,15.329545969255644,37368800
2014-01-08,15.350202560424805,15.398408457714435,15.253789452333356,15.350202560424805,38362700
2014-01-09,15.212467193603516,15.3639715989409,15.095395189725384,15.350199426464352,31794000
2014-01-10,15.30199146270752,15.343311918613116,15.143600322271627,15.308878205358452,30318600
2014-01-13,15.281332969665527,15.71518726054345,15.246899255461317,15.419063885946697,59600000
2014-01-14,15.432844161987305,15.508597053055494,15.288226439234363,15.377751508532022,44300800
2014-01-15,15.687647819519043,15.839152281521299,15.43973023304952,15.494822884096923,61767800
2014-01-16,15.687647819519043,15.77717288490392,15.584347949481801,15.735853724996469,38918100
2014-01-17,15.660097122192383,15.687644097937318,15.549911846236842,15.549911846236842,44349100
2014-01-21,15.722079277038574,15.804718905336584,15.591233746196865,15.777171924733137,33423000
2014-01-22,15.728962898254395,15.804715766356239,15.687643749067966,15.777168791223906,30700100
2014-01-23,15.536140441894531,15.735852102292062,15.46727430680875,15.625666811559725,37013600
2014-01-24,15.288225173950195,15.522369260135031,15.26756493804717,15.425956139433277,40917300
2014-01-27,15.150484085083008,15.226236925832133,14.985206234503494,14.992092975799922,60510000
2014-01-28,14.978325843811035,15.150490508682426,14.943893436241618,15.06785089159881,41431800
2014-01-29,14.90946102142334,15.040306545972776,14.875028610837196,14.88880210047656,35406500
2014-01-30,15.136713027954102,15.143599770354042,14.895682298003381,14.992095378090752,42883000
2014-01-31,15.088507652282715,15.143600279823897,14.881910627381242,14.881910627381242,43325300
2014-02-03,14.840593338012695,15.116057848004164,14.778613954615828,15.102284359802164,60693300
2014-02-04,15.012757301330566,15.026530788891568,14.737294117670864,14.861252878695748,46626500
2014-02-05,15.136713027954102,15.198692396041768,14.861249899515482,14.937002752403028,46291400
2014-02-06,15.487934112548828,15.549913501058679,15.129831270827964,15.178038483511813,49584300
2014-02-07,15.61189079284668,15.646323198055676,15.357086528359101,15.50859226370763,54109200
2014-02-10,15.722079277038574,15.756511689280552,15.536141098502302,15.591233746196865,45300500
2014-02-11,15.639435768127441,15.75650777961835,15.611890107871229,15.68764297222182,45804800
2014-02-12,15.735844612121582,15.784050489682226,15.508587393970215,15.570566754694374,69832400
2014-02-13,15.33642864227295,15.33642864227295,14.930119928617763,15.143603745000473,153739400
2014-02-14,15.536140441894531,15.680759456925895,15.28822419450291,15.301996370710246,64513500
2014-02-18,15.432844161987305,15.52237054479743,15.377751508532022,15.487936815442588,31014400
2014-02-19,15.343315124511719,15.536138704979813,15.301994659972447,15.377747531448986,29309100
2014-02-20,15.35708999633789,15.42595613581948,15.260678189171085,15.315770838053883,26215000
2014-02-21,15.240010261535645,15.460382059356046,15.240010261535645,15.40528943827887,31483000
2014-02-24,15.23312759399414,15.384632001036298,15.15048799064537,15.281333481984285,41858000
2014-02-25,15.040304183959961,15.301993878449363,14.985211547566822,15.253787985794373,45303600
2014-02-26,15.102282524108887,15.164261899972118,14.840591534128146,15.040303148245657,43574600
2014-02-27,15.095398902893066,15.184923956815647,15.054079748275894,15.067851924140122,25804000
2014-02-28,15.012757301330566,15.226242417989898,14.943892490549693,15.129829318574949,40863200
2014-03-03,14.854368209838867,15.026532887863912,14.764843155211237,14.854368209838867,37292900
2014-03-04,15.026531219482422,15.074737113815218,14.943892918772514,14.998985557083154,35673900
2014-03-05,15.060959815979004,15.1849172248764,15.01963936616821,15.081618727372739,28203400
2014-03-06,15.026531219482422,15.136716496103702,14.978325325149624,15.067850369837375,23567000
2014-03-07,14.96455192565918,15.109170923024616,14.916346031041405,15.095397434987504,33180000
2014-03-10,14.937006950378418,15.026531999714635,14.875027564871738,14.895686484365848,26163300
2014-03-11,14.881914138793945,15.102284700955481,14.861253906024242,15.054078804671665,34642200
2014-03-12,15.026531219482422,15.095397345748749,14.826820898173388,14.826820898173388,31854300
2014-03-13,14.819934844970703,15.095398049363581,14.806161356373018,15.074737816467053,42144400
2014-03-14,14.702865600585938,14.90946271458917,14.654659694886012,14.840596572083953,38256700
2014-03-17,14.813044548034668,14.888797403641838,14.64776666503781,14.70285929270343,33221900
2014-03-18,14.895691871643066,14.950784532739505,14.661549047117695,14.695981467735724,45849600
2014-03-19,14.895691871643066,15.012763940662078,14.847485957372765,14.937012352599883,32674300
2014-03-20,15.033422470092773,15.150494525787083,14.86814450561478,14.86814450561478,34952800
2014-03-21,14.90257740020752,15.219361160749964,14.861258236141131,15.10917584756456,97372900
2014-03-24,14.854368209838867,15.005873967148748,14.785502075926399,14.930121088493808,32782100
2014-03-25,15.384634017944336,15.398407505893477,14.909459191795875,14.937006167694154,53374300
2014-03-26,15.370864868164062,15.625669213088972,15.370864868164064,15.453504505670447,67098900
2014-03-27,15.164260864257812,15.41906378005971,15.109168235421302,15.240012407963086,52152300
2014-03-28,15.377748489379883,15.52236749725188,15.18492358338796,15.212470561463467,49289400
2014-03-31,15.439727783203125,15.59123222116593,15.425954294248632,15.487933681031643,32887800
2014-04-01,16.043981552124023,16.189835291587375,15.488345041707552,15.509181857947508,80106400
2014-04-02,15.9675874710083,16.064823335399545,15.807842458154314,16.050933443871724,38363700
2014-04-03,16.03703498840332,16.18288871915105,15.97452586815752,16.00925256841021,30311200
2014-04-04,15.773107528686523,16.217616981922728,15.696708522062718,16.168999070960655,49382300
2014-04-07,15.870342254638672,16.02314156931845,15.627251412168349,15.6967061278368,55317100
2014-04-08,15.932848930358887,15.95368441455701,15.696703728032528,15.724484815209463,37373900
2014-04-09,16.057872772216797,16.196780906346987,15.898126497095848,15.974526831947658,37888600
2014-04-10,15.731435775756836,16.15510842858405,15.627254345070785,16.092599305224667,53927000
2014-04-11,15.599470138549805,15.967579231236867,15.578634649640188,15.661979254755883,47253900
2014-04-14,15.870342254638672,15.932851366266426,15.613360204086955,15.717541615220375,35804300
2014-04-15,15.89812183380127,15.974522146243064,15.703650238114358,15.863395141639575,29845400
2014-04-16,15.995363235473633,16.078707848853462,15.856453780188923,15.995363235473633,31451900
2014-04-17,16.120372772216797,16.175937588672316,15.821719832197214,15.981464705292415,47813400
2014-04-21,16.252342224121094,16.384306059702734,16.09954289984771,16.127323993016233,38795200
2014-04-22,16.335693359375,16.398202494849418,16.252347403829436,16.273184223900582,28725000
2014-04-23,16.32179069519043,16.370408583175454,16.14120902214741,16.335681898825605,29972800
2014-04-24,16.20372200012207,16.41903040915522,16.141212893509476,16.41903040915522,33976700
2014-04-25,15.974525451660156,16.196779506855503,15.891179518592569,16.16205280750823,25087300
2014-04-28,15.98841667175293,16.141216003615014,15.828671735069115,16.078706884958102,36817100
2014-04-29,16.08565330505371,16.120380006183765,16.016198578054873,16.11343572574874,14582400
2014-04-30,16.050918579101562,16.07175405946719,15.918954796254296,16.030081773997868,23979300
2014-05-01,15.981471061706543,16.078706879701656,15.912016338250606,16.071761274882196,17463700
2014-05-02,15.932848930358887,16.057867134500878,15.905066518443638,16.050921531522068,18757000
2014-05-05,15.946747779846191,15.974530207385959,15.780057188824763,15.9050754632756,17859200
2014-05-06,15.78004264831543,15.898115207083444,15.717533568688959,15.863388529396667,21815200
2014-05-07,15.884233474731445,15.905068962130775,15.57863352040228,15.780050738780728,38895200
2014-05-08,15.98841667175293,16.092598094601563,15.807834920603923,15.905070738630824,32181400
2014-05-09,15.98841667175293,16.050925790409842,15.918961948274287,15.946743042822545,22593900
2014-05-12,16.106491088867188,16.210672523259273,15.974527232109848,16.002309654475106,40216100
2014-05-13,15.877290725708008,16.12038028733551,15.807835997497827,16.07176237501001,57933100
2014-05-14,15.84256362915039,16.009254191795872,15.71754537598157,15.918963967139964,59330100
2014-05-15,16.79409408569336,17.14831210552247,16.752421767107325,16.856603225941974,120944500
2014-05-16,16.92605209350586,16.98161560723152,16.710742318672583,16.76630583239825,40477000
2014-05-19,16.91216278076172,16.98161751189352,16.75241782647574,16.835762444042853,39388900
2014-05-20,16.75241470336914,16.939940720304595,16.68295998518559,16.849650513982976,56321600
2014-05-21,17.00244903564453,17.120521653589503,16.78714061165259,16.82186730674408,65262600
2014-05-22,16.932994842529297,17.044123184671292,16.87048705438608,16.960777259249433,26751000
2014-05-23,17.030235290527344,17.064961993447056,16.912162645966003,16.93299813782231,27778000
2014-05-27,17.162193298339844,17.280265911783303,17.106629793468713,17.183030109443436,32365700
2014-05-28,17.238603591918945,17.31500395211376,17.106639694693147,17.106639694693147,28650600
2014-05-29,17.141366958618164,17.308057562177762,17.058020994468787,17.259439635065274,21642000
2014-05-30,17.099693298339844,17.189983538078913,17.002456126998858,17.16220111062747,29368700
2014-06-02,17.2108211517334,17.224711041360102,17.058020443187612,17.113583975911776,20393300
2014-06-03,17.141366958618164,17.23860281284314,16.981621962465944,17.189984885730652,23339100
2014-06-04,17.016342163085938,17.12052358485098,16.946887440329693,17.09274249059167,20635100
2014-06-05,17.155248641967773,17.183029731422938,16.953830113279526,17.099685138319018,23320300
2014-06-06,17.24553871154785,17.328884628776066,17.162192794319637,17.176084001314074,22485100
2014-06-09,17.224699020385742,17.328881730682028,17.16913552643888,17.2177547427883,18818400
2014-06-10,17.363611221313477,17.433065931146412,17.085793706720143,17.176083902186075,36582000
2014-06-11,17.391395568847656,17.48168577435273,17.217759437328354,17.259431737966192,36170300
2014-06-12,17.127466201782227,17.370557026653533,17.099685112369222,17.328884730164813,26900400
2014-06-13,17.155248641967773,17.210812145616526,17.085793931222224,17.13441183132258,20947600
2014-06-16,17.037179946899414,17.176088075578342,16.981616430480095,17.030234341754657,19251300
2014-06-17,17.016342163085938,17.09968809534116,16.953833045079183,17.009396558336448,17972800
2014-06-18,17.106630325317383,17.18997624758455,16.98855770820302,17.155249552737352,24723700
2014-06-19,17.162193298339844,17.162193298339844,16.981612901062505,17.099685514505968,20646800
2014-06-20,17.24553871154785,17.294156611289974,17.092739408824272,17.106629291080296,39707300
2014-06-23,17.155248641967773,17.294156738720446,17.120520624225787,17.231647631523295,18751100
2014-06-24,17.037179946899414,17.183033680723096,17.030234341754657,17.099689068463483,24302000
2014-06-25,17.16914176940918,17.21081539857616,16.95383331766782,17.051069136246753,22579500
2014-06-26,17.120521545410156,17.23164855868695,17.00244892821125,17.12746714933227,19134400
2014-06-27,17.155248641967773,17.210812145616526,17.002448013379883,17.085793931222224,34999300
2014-06-30,17.259437561035156,17.294164269159854,17.09969258407915,17.134419292203848,23992100
2014-07-01,17.419174194335938,17.44001100407348,17.203865792668147,17.356665089861682,34613200
2014-07-02,17.517152786254883,17.594134968992904,17.40517748877154,17.475161048560498,30197200
2014-07-03,17.629135131835938,17.671125551467178,17.587143377353325,17.601140628847528,19598800
2014-07-07,17.65712547302246,17.67112272227567,17.475165237284216,17.496161111164028,21293500
2014-07-08,17.545148849487305,17.713111823534746,17.538150225378946,17.64312691730221,34622900
2014-07-09,17.804094314575195,17.84608472841313,17.59413957568315,17.650127239084124,35610300
2014-07-10,17.804094314575195,17.86008197797617,17.650127239084124,17.671123113428685,27278600
2014-07-11,17.86008644104004,17.951065916232324,17.804098763648284,17.86008644104004,20945900
2014-07-14,17.804094314575195,17.951061430433555,17.776099815449115,17.923068266158662,19243600
2014-07-15,17.965063095092773,17.972061721594276,17.748111012952226,17.762106931103716,29468800
2014-07-16,18.182010650634766,18.23099968909745,18.00704903621022,18.00704903621022,40458600
2014-07-17,17.937063217163086,18.19600698076227,17.902071429986684,18.08403165997644,29568000
2014-07-18,18.133018493652344,18.168010276578887,17.96505553287322,17.98605140353972,25465300
2014-07-21,18.091033935546875,18.16101885887528,18.000053134764528,18.119027103967404,20825400
2014-07-22,18.161006927490234,18.25198633364971,18.133012442610084,18.161006927490234,28734800
2014-07-23,17.972055435180664,18.049038964917756,17.88107465733664,18.000048596543483,28759200
2014-07-24,18.0770320892334,18.126021122656223,17.97205539834863,18.042040303888825,21876300
2014-07-25,18.175012588500977,18.210005713379843,17.97205780360845,18.05603863361528,28640100
2014-07-28,18.140018463134766,18.1960061208819,17.895071959921914,18.00704727541618,27686400
2014-07-29,17.99304962158203,18.203004334538274,17.9790537085991,18.112023558468596,22441500
2014-07-30,17.937063217163086,18.08403165997644,17.825087896377255,18.077033035570935,26119900
2014-07-31,17.65712547302246,17.84608433338731,17.615135060113992,17.832087084134102,28219900
2014-08-01,17.49616241455078,17.643129538104404,17.35619258129387,17.594140496919863,28609200
2014-08-04,17.615127563476562,17.650119336866645,17.398175631786753,17.45416327012124,17252200
2014-08-05,17.475170135498047,17.58014819947085,17.405186539318223,17.510163268439495,21176500
2014-08-06,17.447166442871094,17.6431225297701,17.391178798778416,17.447166442871094,20990600
2014-08-07,17.39818572998047,17.57314736818268,17.27921176260891,17.503162445931526,24123500
2014-08-08,17.517152786254883,17.538147320251234,17.31419672528455,17.40517748877154,21648600
2014-08-11,17.65712547302246,17.75510488294377,17.503159735790636,17.559147397952312,25946200
2014-08-12,17.601139068603516,17.685121235272813,17.496162361405336,17.64312948451254,21928200
2014-08-13,17.636133193969727,17.685122237782483,17.44717430939081,17.615137317399405,43708600
2014-08-14,17.174230575561523,17.454168856836358,17.020263519722103,17.454168856836358,63790200
2014-08-15,17.097248077392578,17.25821243196396,16.985272758138482,17.25821243196396,33624000
2014-08-18,17.237218856811523,17.258214732539646,17.097250356511196,17.139240773116168,27666900
2014-08-19,17.244211196899414,17.279204310358693,17.21621804098278,17.237212574207557,20347000
2014-08-20,17.293203353881836,17.321197849720992,17.160233503198942,17.18122804022728,20228900
2014-08-21,17.41917610168457,17.433173349753794,17.30020216279827,17.321198034902103,20880800
2014-08-22,17.2512149810791,17.47516563482039,17.24421635629329,17.40518205666463,22453700
2014-08-25,17.286205291748047,17.38418335310153,17.27920666810123,17.286205291748047,19355800
2014-08-26,17.363191604614258,17.447173773464534,17.265213519998344,17.286209395923734,17053400
2014-08-27,17.356197357177734,17.398189119620387,17.293211048365386,17.349200064955586,15748800
2014-08-28,17.391178131103516,17.426169906749028,17.244209736720883,17.286201469316307,15506400
2014-08-29,17.489160537719727,17.489160537719727,17.328196193797556,17.426174257950006,17972300
2014-09-02,17.412174224853516,17.496156362728964,17.321194799101676,17.45416596121664,19836000
2014-09-03,17.524152755737305,17.587137697416882,17.440170608746296,17.454167855719955,22043200
2014-09-04,17.43317413330078,17.594138488778363,17.37718647335853,17.552148077534454,20268900
2014-09-05,17.49616241455078,17.545151455735322,17.3981843321817,17.3981843321817,19865200
2014-09-08,17.46117401123047,17.559152112607865,17.363194575001554,17.447176758218976,14188500
2014-09-09,17.39818572998047,17.475167943090515,17.216225466068003,17.41218164654961,19075800
2014-09-10,17.447166442871094,17.496155464595844,17.38418017641049,17.38418017641049,15738500
2014-09-11,17.622133255004883,17.636130503916753,17.391183987363522,17.440173023703945,22105400
2014-09-12,17.608131408691406,17.678116300126902,17.545145139884536,17.608131408691406,33197300
2014-09-15,17.538150787353516,17.559146660351363,17.40518092958712,17.461168589396944,33411400
2014-09-16,17.65012550354004,17.79009531570478,17.482162529852985,17.496159778039672,31902300
2014-09-17,17.643125534057617,17.713110434803237,17.54514747392432,17.594136503990967,25703300
2014-09-18,17.65012550354004,17.685118624006755,17.6011364697377,17.615133717924383,15939900
2014-09-19,17.636133193969727,17.706116779501478,17.503161978727007,17.643130484641837,47343700
2014-09-22,17.475170135498047,17.629137250737344,17.398187912729934,17.629137250737344,21346700
2014-09-23,17.286205291748047,17.51715453268909,17.2652094208076,17.405179224041976,20747900
2014-09-24,17.482168197631836,17.524159955805764,17.23722161435655,17.30720654312827,19700400
2014-09-25,17.174230575561523,17.468164769761835,17.14623608000853,17.468164769761835,27242000
2014-09-26,17.49616241455078,17.559148706031266,17.11824466566788,17.146239166259765,29863700
2014-09-29,17.58014678955078,17.636134462915372,17.30720571390339,17.30720571390339,28707700
2014-09-30,17.749380111694336,17.80579445617035,17.523722733790287,17.55898119470377,36919300
2014-10-01,17.650657653808594,17.80579678515368,17.58719133984373,17.77053831962842,44916200
2014-10-02,17.67181396484375,17.707073778924318,17.45320849764173,17.664762002027636,28334000
2014-10-03,17.848115921020508,17.890427714324158,17.65771823125368,17.77759761053932,29038300
2014-10-06,17.636558532714844,17.925682332839298,17.60129871256271,17.876319929650922,23952600
2014-10-07,17.375635147094727,17.80579538684809,17.34037668433835,17.636552344574014,29309600
2014-10-08,17.389741897583008,17.403845822988355,17.051255758000824,17.326275578283305,40348300
2014-10-09,17.058311462402344,17.375641783482134,17.051259498152838,17.28396893828788,29341200
2014-10-10,16.458911895751953,16.931382853497276,16.458911895751953,16.860864539127455,48313600
2014-10-13,16.169780731201172,16.536474724670718,16.169780731201172,16.388386196720784,33227700
2014-10-14,16.26145362854004,16.465956514459307,16.190935345636,16.26145362854004,29317500
2014-10-15,16.190937042236328,16.324921659291412,15.859502826389031,16.07105769726935,40079600
2014-10-16,16.09221076965332,16.275557769621667,15.908863769684974,15.972330090636493,30929300
2014-10-17,16.395444869995117,16.451859250155394,16.16273538370586,16.205045832569837,28485000
2014-10-20,16.169780731201172,16.275557482580055,16.00053765999008,16.14862484291565,34386900
2014-10-21,16.57878875732422,16.642255090942054,16.1909387913236,16.289664946409488,33712700
2014-10-22,16.40249252319336,16.6986682774222,16.388388595605186,16.691616313628113,25172900
2014-10-23,16.62110137939453,16.755086028507794,16.515324591157675,16.649309240270938,21669900
2014-10-24,16.769182205200195,16.783284784092803,16.543523457603687,16.642249579997227,19942900
2014-10-27,16.75507926940918,16.790337736256376,16.64225056146899,16.65635448621759,16862700
2014-10-28,16.97368812561035,16.97368812561035,16.797393065984114,16.797393065984114,17798600
2014-10-29,16.994844436645508,17.13587968081449,16.867911775376207,16.931378106010857,18885500
2014-10-30,16.980741500854492,17.03010390644896,16.83970490342057,16.924327130885857,32212000
2014-10-31,17.255760192871094,17.37564088889127,17.051258620262907,17.34038241448369,30379100
2014-11-03,17.333324432373047,17.340376393811,17.241651623727897,17.241651623727897,16383400
2014-11-04,17.544878005981445,17.566033890428624,17.333324541606142,17.34742846457093,24620900
2014-11-05,17.73528480529785,17.7493887345247,17.516679282380565,17.608352132305647,21979600
2014-11-06,17.812847137451172,17.82695106039635,17.6436040971814,17.70001844393799,18373700
2014-11-07,17.86221694946289,17.911579355270725,17.742336244633286,17.841061056248954,34001900
2014-11-10,17.73528480529785,17.79169917718053,17.54488579580954,17.65771588459962,32152700
2014-11-11,17.73528480529785,17.77759524795368,17.64361195537277,17.770544628364977,19801700
2014-11-12,17.707075119018555,17.7634894807926,17.544882652021755,17.5660385420712,42258800
2014-11-13,18.109027862548828,18.2571150598476,17.54488289206544,17.580142709296933,57138800
2014-11-14,18.560346603393555,18.574450533204516,18.087875714924618,18.16544598386012,48667000
2014-11-17,18.666122436523438,18.72253680787011,18.334688172989825,18.412258437975765,33224000
2014-11-18,18.757793426513672,18.85651822325062,18.61675684972562,18.687275138119645,27223100
2014-11-19,18.750741958618164,18.771897849202713,18.546239051374403,18.74368999508998,19882500
2014-11-20,18.905879974365234,18.927035863666504,18.5814977418924,18.68022253524945,23440100
2014-11-21,18.955244064331055,19.07512475769841,18.807156861066733,19.004607810443716,31912100
2014-11-24,19.061025619506836,19.124491959523798,18.95524748946204,18.95524748946204,26994800
2014-11-25,19.237321853637695,19.251424439460894,19.061026753111406,19.061026753111406,28110100
2014-11-26,19.343093872070312,19.364248418097695,19.13859096030865,19.25141968920317,19466000
2014-11-28,19.491186141967773,19.589912314187185,19.29373648757874,19.406565245808157,18138900
2014-12-01,19.455915451049805,19.470019373234663,19.272568497718815,19.392449146241997,19670200
2014-12-02,19.618114471435547,19.716839276690134,19.4629752996034,19.4629752996034,28247400
2014-12-03,19.709787368774414,19.737993877706234,19.399507700377338,19.54054293508546,27858600
2014-12-04,19.582853317260742,19.737992467865784,19.448868710587416,19.688630071992563,23797800
2014-12-05,19.392452239990234,19.639265537504052,19.32193396283996,19.596955109223597,26722300
2014-12-08,19.202058792114258,19.413613684126332,19.1456444232493,19.336043422552773,24275900
2014-12-09,19.336040496826172,19.378350930816758,18.91998408501616,19.004606298021777,25885900
2014-12-10,18.948192596435547,19.29373073359108,18.891778234145345,19.223212444472207,31773400
2014-12-11,19.03281021118164,19.293727432775803,18.99755174516655,19.0187062867659,22902400
2014-12-12,18.941139221191406,19.145640764866112,18.828310505021005,18.835361122885313,27032000
2014-12-15,18.814207077026367,19.15974519756845,18.67317050556965,18.962294266533934,27503200
2014-12-16,18.750741958618164,19.15974642808117,18.44046228850069,18.687275631889033,36622000
2014-12-17,18.905879974365234,18.969346297244606,18.666118609048603,18.77189671053051,36617700
2014-12-18,19.49823570251465,19.50528766716229,19.068076619206437,19.068076619206437,34927700
2014-12-19,19.582853317260742,19.63926767611934,19.42771282163129,19.498231106460636,59644100
2014-12-22,19.90018653869629,19.949550286929554,19.56875229927774,19.60401077441975,28858600
2014-12-23,19.921342849731445,20.097637919198096,19.879032409666348,19.900186957186577,23538600
2014-12-24,19.956602096557617,20.161105030650905,19.949551477128264,19.949551477128264,11411200
2014-12-26,19.991853713989258,20.097630447338844,19.94249132809439,20.097630447338844,9739600
2014-12-29,20.069429397583008,20.146999655986363,19.970704592360264,19.99186048420425,13445600
2014-12-30,19.998910903930664,20.083531774723394,19.963651086913284,20.05532526613398,15487700
2014-12-31,19.618114471435547,20.034170929329296,19.61106250748528,19.942498088024976,21478700
2015-01-02,19.60391616821289,19.966031398627642,19.44060834363644,19.781423554439307,22926500
2015-01-05,19.21339988708496,19.49031234176248,19.17079849185532,19.398007738778663,29460600
2015-01-06,19.206296920776367,19.653616252233117,19.199197817726745,19.270199682413047,47297600
2015-01-07,19.383806228637695,19.454809454695212,19.15659698867276,19.270201608655228,27570800
2015-01-08,19.53291130065918,19.944728347910434,19.504509471199345,19.55421267275406,40907000
2015-01-09,19.73171615600586,19.9305235059555,19.490306070261152,19.646512038689227,33619600
2015-01-12,19.91632652282715,20.022832029051173,19.753020066218507,19.88082559026832,38648400
2015-01-13,19.95183753967285,20.37785568815373,19.80983103875444,20.029939896331054,36074200
2015-01-14,19.824026107788086,19.91632935814573,19.62521733604413,19.767223795043236,29494400
2015-01-15,19.46190643310547,20.022830328970155,19.419305046797284,19.944726658843766,29521100
2015-01-16,19.653614044189453,19.717516798646788,19.319899358851465,19.42640485246276,26655100
2015-01-20,19.930524826049805,20.07253124622546,19.639412883535947,19.710416093623774,33684200
2015-01-21,19.76722526550293,20.015735910100787,19.667821549373414,19.923431298602754,29298500
2015-01-22,20.23583984375,20.242940300944866,19.32700163691321,19.56131130724884,49494700
2015-01-23,20.029930114746094,20.235839305094927,19.980228269978777,20.13643561556029,21802500
2015-01-26,19.859521865844727,20.04412967268647,19.667814956751105,20.037029216160985,18370100
2015-01-27,19.099788665771484,19.589709281632445,18.929381789444513,19.54000744532126,46110500
2015-01-28,19.035886764526367,19.596810609040215,19.02878630841275,19.44770373920135,32381700
2015-01-29,19.32699966430664,19.390902418264474,18.915182668952596,18.98618587938059,28095400
2015-01-30,18.72347640991211,19.248898018441498,18.687974126331557,19.085590222518242,38419100
2015-02-02,19.050092697143555,19.078494529082928,18.40396591753555,18.737679317179875,29417000
2015-02-03,19.256004333496094,19.256004333496094,18.95069137318486,19.09979694676529,28044300
2015-02-04,18.950687408447266,19.327002170243443,18.89388510359461,19.21339756053813,27696300
2015-02-05,19.35540008544922,19.383800554995062,18.87257991470835,18.993284957393566,20548400
2015-02-06,19.341201782226562,19.63941420118424,19.270198567374987,19.433506367815717,25482400
2015-02-09,19.256004333496094,19.461912223812984,19.21340158023821,19.31990575483481,23681000
2015-02-10,19.51871109008789,19.55421337819347,19.277300948065218,19.284401405686335,22250300
2015-02-11,19.12109375,19.632314478354054,19.09979237846593,19.632314478354054,46213500
2015-02-12,20.917463302612305,21.00266741764808,20.477245878702274,20.5837500067919,117439100
2015-02-13,20.896162033081055,20.94586386624943,20.66895287901226,20.86065975633694,50656700
2015-02-17,20.810972213745117,20.839374054643518,20.61216474455356,20.775471266896428,34217200
2015-02-18,20.938762664794922,20.98136404109647,20.67605259761648,20.72575442901384,24503700
2015-02-19,20.810972213745117,20.867774541267604,20.68316663825094,20.810972213745117,21477800
2015-02-20,21.02397346496582,21.059474397473803,20.704459655298894,20.839365636522015,25985600
2015-02-23,21.03817367553711,21.052374590688654,20.88906812926732,21.03817367553711,24026800
2015-02-24,21.03817367553711,21.094975981869478,20.896168586843093,20.98847182678051,18479500
2015-02-25,20.938762664794922,20.9955649512881,20.818057636712755,20.903261743589187,17368100
2015-02-26,21.23697853088379,21.293780826801047,20.960067507571356,20.960067507571356,28305200
2015-02-27,20.952970504760742,21.236982031157737,20.860665912260608,21.22278111626944,29135500
2015-03-02,21.435787200927734,21.520989967496707,20.832261961591026,20.846462874110376,35981900
2015-03-03,20.974266052246094,21.386082989722855,20.92456286394033,21.371882078778352,32990300
2015-03-04,20.825164794921875,20.960070776618622,20.668958795355067,20.839365709684433,32866900
2015-03-05,20.803861618041992,20.93876758803564,20.676057459087314,20.924566674505012,17985000
2015-03-06,20.541156768798828,20.78256694377466,20.448852161398303,20.668962314877092,27035000
2015-03-09,20.84646987915039,20.91037265268715,20.420451840330003,20.519855552820957,23007700
2015-03-10,20.349445343017578,20.71156055019873,20.349445343017578,20.697359635186025,26542300
2015-03-11,20.0654296875,20.420444364162904,20.0299274072696,20.36364207006778,25160200
2015-03-12,20.051237106323242,20.264246813386656,19.91633109394382,19.91633109394382,22978700
2015-03-13,19.838224411010742,20.06543363205709,19.575512902754788,19.89502671627233,36511000
2015-03-16,20.09383201599121,20.150634315340266,19.90922555881201,19.951826944755393,25358900
2015-03-17,19.987329483032227,20.079634073326247,19.845324400364596,20.015731312130004,21895700
2015-03-18,19.987329483032227,20.122235462699162,19.682016591599886,19.795621199443488,34910900
2015-03-19,20.0654296875,20.26423839396969,19.902123261260712,19.951825099309755,27980400
2015-03-20,20.1932373046875,20.321042818368063,20.108033177475907,20.20033776147794,37628700
2015-03-23,20.17193603515625,20.37074476346138,20.136435105300247,20.193237405634047,23478600
2015-03-24,19.880830764770508,20.285547460083762,19.87373030555591,20.086740019171497,23263600
2015-03-25,19.497407913208008,19.944727222032935,19.497407913208008,19.82402216218995,27158700
2015-03-26,19.234699249267578,19.39090525161471,18.900985872050327,19.305702470070383,48928100
2015-03-27,19.263099670410156,19.319901976036597,19.12819504096848,19.220498279758772,20464500
2015-03-30,19.632320404052734,19.703323642990412,19.327007424612624,19.327007424612624,29056300
2015-03-31,19.696704864501953,19.8111788817282,19.5178390420062,19.56076645730656,29258300
2015-04-01,19.49637794494629,19.775408238483326,19.389058706250363,19.539305367497025,22420500
2015-04-02,19.4105224609375,19.675244533280633,19.4105224609375,19.474914279490203,19527200
2015-04-06,19.474910736083984,19.546457339751303,19.203035279713728,19.28889011240414,20004000
2015-04-07,19.596532821655273,19.718161596719696,19.41051226187219,19.46059582248253,16861800
2015-04-08,19.71101951599121,19.789720940218253,19.58223722812656,19.58223722812656,19076400
2015-04-09,19.768251419067383,19.846952822893996,19.618004773185316,19.739633595172805,16684500
2015-04-10,20.06159019470215,20.09020801510427,19.718166797411744,19.73247638993173,24634600
2015-04-13,20.018659591674805,20.233299365988405,19.990041773882297,20.025814387282367,22769600
2015-04-14,19.897037506103516,20.07590336270368,19.804027861112232,20.032975939218332,19296300
2015-04-15,20.211837768554688,20.333466581393452,20.011507557809097,20.104518548905872,31160900
2015-04-16,20.46224594116211,20.49086375696066,20.104514373535633,20.16890616487941,29863500
2015-04-17,19.975738525390625,20.319160635770963,19.961428929631904,20.21899619473624,36904700
2015-04-20,20.37639617919922,20.48371541034488,20.14744812218499,20.14744812218499,21921800
2015-04-21,20.526641845703125,20.691198072272602,20.505177456074883,20.54810487069346,23956900
2015-04-22,20.4765567779541,20.59818557293714,20.333463596337218,20.512329391039465,19111700
2015-04-23,20.519487380981445,20.619651804923862,20.176065329203514,20.319157168458688,22230100
2015-04-24,20.619659423828125,20.94877336853374,20.512340163573107,20.88438153945304,27145600
2015-04-27,20.66973304748535,20.769898831367925,20.540949442949092,20.662578251162465,22952000
2015-04-28,20.977386474609375,20.984541272299428,20.5767273564334,20.605345182555478,24315300
2015-04-29,20.784208297729492,20.92730150343723,20.676889075767658,20.791363094478672,22463700
2015-04-30,20.62681007385254,20.76274850397076,20.5194908351858,20.641119669578277,26514500
2015-05-01,20.841447830200195,20.891531413507703,20.591036736853205,20.61249976506117,18936000
2015-05-04,20.870067596435547,21.006006025601472,20.798520982946208,20.805675780758957,16484100
2015-05-05,20.66973304748535,20.89868107126632,20.633960430508775,20.87006325061263,22463800
2015-05-06,20.726972579956055,20.80567398446331,20.526643717047445,20.676890364228903,23572000
2015-05-07,20.61250114440918,20.83429579141302,20.562418922388378,20.741284780827357,22643800
2015-05-08,20.912994384765625,21.01316018646976,20.741283336378956,20.741283336378956,22572400
2015-05-11,20.898685455322266,21.31365554127363,20.891532022136616,21.106170498297946,27045200
2015-05-12,20.912994384765625,21.063242405002775,20.605344911333557,20.798520352507847,31761000
2015-05-13,20.998849868774414,21.0847047076947,20.84144705635712,20.848601853706818,38264000
2015-05-14,20.784208297729492,21.22064134696395,20.726971288373985,20.95592069043396,56696300
2015-05-15,21.141942977905273,21.335118423909638,20.86291268787995,20.920149705439968,37677300
2015-05-18,21.292194366455078,21.39235882185339,21.048936662226296,21.048936662226296,23953000
2015-05-19,21.27787971496582,21.39235374098629,21.199178310337484,21.370890714006222,18926300
2015-05-20,21.192026138305664,21.356582389918408,21.127634324259265,21.320808401760345,19410900
2015-05-21,21.05608367919922,21.299341293524563,21.05608367919922,21.18486728262297,20806900
2015-05-22,20.934463500976562,21.07040195669363,20.934463500976562,21.0274731614324,20079700
2015-05-26,20.712661743164062,20.927300173446834,20.569568546550308,20.884372760317852,25877100
2015-05-27,20.970239639282227,21.09186851691911,20.762755886042033,20.791373723030254,23959900
2015-05-28,20.998849868774414,21.149096519203948,20.86291144840622,20.99169507142471,18219600
2015-05-29,20.970239639282227,21.170569956754345,20.88438476367892,20.977394439688943,26018100
2015-06-01,20.877222061157227,21.192026336704796,20.784211055713612,21.177716741307606,23799400
2015-06-02,20.80567169189453,20.941610094344966,20.712662067883947,20.812826488301173,15995600
2015-06-03,20.81283187866211,20.963078548200663,20.784212685623395,20.898686728501787,20536900
2015-06-04,20.469404220581055,20.819981052773812,20.419322010930355,20.67688785551079,26774500
2015-06-05,20.44793701171875,20.540946621866677,20.383545218294152,20.42647262569799,25357900
2015-06-08,20.233301162719727,20.533795781732717,20.197527181505176,20.512331393003986,19011700
2015-06-09,20.204689025878906,20.33347267390002,20.040132748802296,20.2261534220952,15527500
2015-06-10,20.50518035888672,20.684046203862795,20.226150077408224,20.36924193460623,26223300
2015-06-11,20.648269653320312,20.90583549314167,20.569568259816037,20.569568259816037,24387100
2015-06-12,20.419322967529297,20.512332594861046,20.25476537357631,20.505177798198922,21919500
2015-06-15,20.37639617919922,20.405015368645028,20.11167550001579,20.197530339077094,25722100
2015-06-16,20.54095458984375,20.598192974768935,20.23330645870013,20.28338868087146,16920300
2015-06-17,20.6983585357666,20.777059954646383,20.50518307013711,20.633966713890104,20959000
2015-06-18,20.898685455322266,20.998851260217283,20.619655163384905,20.6411195568563,24156100
2015-06-19,20.7698974609375,20.97738108205971,20.705505662918043,20.920144079891056,31970100
2015-06-22,20.705509185791016,20.905838045146737,20.619652985611417,20.819983209605144,20160000
2015-06-23,20.598194122314453,20.777059991255825,20.476565276848792,20.74844079719883,21041300
2015-06-24,20.397859573364258,20.64111721320056,20.383549979341417,20.598189795770036,20978800
2015-06-25,20.31916046142578,20.498026312960583,20.30485086578984,20.433634497237005,14606100
2015-06-26,20.233301162719727,20.383547789907297,20.040125758074694,20.383547789907297,28087800
2015-06-29,19.703861236572266,20.1116751261271,19.675242047658504,20.025818924023856,31838300
2015-06-30,19.646623611450195,19.911345660492422,19.553613973193144,19.911345660492422,31236800
2015-07-01,19.718727111816406,19.82687341907127,19.516852996493732,19.76919529685835,24461300
2015-07-02,19.704301834106445,19.877336153295257,19.675463468485574,19.733141574881845,15635500
2015-07-06,19.6249942779541,19.6538340192524,19.38707191286134,19.466379826277112,22858200
2015-07-07,19.725933074951172,19.79082112126256,19.387072971957334,19.62499535004755,25436700
2015-07-08,19.459178924560547,19.581745131668587,19.35103259479585,19.5240669974504,27863400
2015-07-09,19.4014892578125,19.79081746372924,19.39427932342652,19.74034792302737,20129700
2015-07-10,19.668254852294922,19.725932962559234,19.495220521501988,19.661044916617556,16079300
2015-07-13,20.035953521728516,20.043162082323512,19.769191399610744,19.81965957470352,20623100
2015-07-14,20.208982467651367,20.216192401479223,19.971060151949132,20.093626276714176,20932800
2015-07-15,20.26666831970215,20.36039474502731,20.05037434754788,20.08642403048432,23378400
2015-07-16,20.418071746826172,20.49016973360447,20.33876382385457,20.360393632434477,21058100
2015-07-17,20.317129135131836,20.410855526478564,20.16572327199722,20.382017165738915,24248900
2015-07-20,20.208982467651367,20.30270885710498,20.10083483538777,20.281079055621408,19477000
2015-07-21,20.07200050354004,20.367600974035806,20.035952202320377,20.158516976529047,23874000
2015-07-22,19.848499298095703,20.230616266366198,19.783611251567763,20.064791869752412,26889200
2015-07-23,20.194564819335938,20.367599124757827,19.88454450643881,19.971062346726967,34103200
2015-07-24,20.47574806213379,20.742510177228255,20.461328191014175,20.511797739932824,39471700
2015-07-27,20.33876609802246,20.591108392384662,20.32434759917838,20.410864092862358,30914400
2015-07-28,20.33876609802246,20.439703840860265,20.079215241815657,20.432493903860788,23573200
2015-07-29,20.47574806213379,20.562265913696876,20.201777386634117,20.331553476401446,21419900
2015-07-30,20.403648376464844,20.519004585471716,20.331551777201412,20.345970271961406,17458100
2015-07-31,20.49016571044922,20.591102047027594,20.302711531693344,20.46853590611623,20376000
2015-08-03,20.446910858154297,20.612735259998843,20.266666584369876,20.482959162849312,17450900
2015-08-04,20.208982467651367,20.519001371323643,20.108044769215624,20.34596708491786,18578100
2015-08-05,20.38201904296875,20.61994138538979,20.25945290443946,20.266662839076997,19236200
2015-08-06,20.33876609802246,20.670416324224036,20.187361546498064,20.454123714859218,20143800
2015-08-07,20.295501708984375,20.353179812369714,20.11525746401088,20.309921578619324,16039400
2015-08-10,20.612730026245117,20.692037926622785,20.382017634405713,20.53342212586745,23740000
2015-08-11,20.2017765045166,20.46853723280827,20.079210355660972,20.360390954442607,25391900
2015-08-12,20.11526107788086,20.259457049827414,19.761982459281977,20.043163091907584,41085000
2015-08-13,20.692039489746094,21.05973653254535,20.684829555062166,20.749717592063078,61154000
2015-08-14,20.929967880249023,20.94438637862787,20.72809377624206,20.74972358654257,24890800
2015-08-17,20.7857666015625,20.88670294028239,20.555054184400188,20.655990523120078,21264000
2015-08-18,20.367603302001953,20.70646204772293,20.317135124464222,20.69925211162401,32210400
2015-08-19,20.04316520690918,20.360395553573664,19.98548708707517,20.25945918765286,30023900
2015-08-20,19.495222091674805,20.00711518960484,19.495222091674805,19.870129151011067,37889400
2015-08-21,19.084259033203125,19.71150957365394,19.084259033203125,19.379859467451677,48502400
2015-08-24,18.16141128540039,18.803080384903062,16.604101052230085,17.945117357087867,61667000
2015-08-25,17.750457763671875,18.738195673816207,17.736037890857638,18.702147366935375,40610100
2015-08-26,18.51468849182129,18.557946724235524,17.815339962826723,18.226297983802382,54783200
2015-08-27,18.867969512939453,18.882389384021977,18.464222748710952,18.74540335904719,36504700
2015-08-28,18.745399475097656,18.78144777018035,18.61562341255306,18.680511443825356,26918900
2015-08-31,18.65888214111328,18.82470787833343,18.55794581205659,18.702141746555586,32388300
2015-09-01,18.110939025878906,18.47142744986002,18.031631132553716,18.183035610551766,32705400
2015-09-02,18.49306297302246,18.500272909287833,18.082106231979363,18.449804730584958,27925300
2015-09-03,18.673309326171875,18.853553627341785,18.550743146370138,18.65888945204111,27958400
2015-09-04,18.399335861206055,18.49306227882812,18.27676969960509,18.327237876413484,26903500
2015-09-08,18.961698532104492,18.98332834170261,18.680517883102887,18.730986063677044,20932900
2015-09-09,18.7021427154541,19.271713798408676,18.658883107770652,19.10588942775204,25032300
2015-09-10,18.932857513427734,19.098681905025593,18.637257032699516,18.67330533516702,26424600
2015-09-11,18.75982093811035,18.87517714236747,18.608415060551362,18.745401068789604,21529100
2015-09-14,18.529115676879883,18.867974485699758,18.500275927113957,18.853554610816794,18636000
2015-09-15,18.730981826782227,18.80307980064614,18.428171436677353,18.428171436677353,20479400
2015-09-16,18.795869827270508,18.81749963193175,18.63725538521814,18.795869827270508,21245300
2015-09-17,18.65888214111328,18.947274010111272,18.608413976584934,18.71656023988201,25409600
2015-09-18,18.413755416870117,18.557950008823493,18.204671402078937,18.435383849328062,40020100
2015-09-21,18.413755416870117,18.615628120635773,18.276769385632953,18.34886736918697,21945600
2015-09-22,18.1253604888916,18.1758286564972,18.0027943496404,18.067682386606002,21305200
2015-09-23,18.226301193237305,18.247929625675724,18.031637050363596,18.183041578051153,18804200
2015-09-24,18.320024490356445,18.38491252693445,17.9667459440731,18.089312082592173,35598000
2015-09-25,18.76702880859375,18.96169152239526,18.601203079953113,18.608413013820467,37618300
2015-09-28,18.500267028808594,18.75981915124205,18.449798866147486,18.622833156051694,27211200
2015-09-29,18.485851287841797,18.69493529429231,18.42817317833038,18.485851287841797,27095600
2015-09-30,18.92564582824707,19.019372231090426,18.658883739123816,18.745401582263764,32093700
2015-10-01,18.700345993041992,19.012866577066916,18.569523294032038,18.932919064061977,26933200
2015-10-02,18.722143173217773,18.74394741023957,18.416890786134275,18.46049787393354,34910700
2015-10-05,19.51434898376465,19.60883125396032,18.87477178803627,18.92564834948192,30217900
2015-10-06,19.79052734375,19.964957094490188,19.608829513448416,19.64516991125539,33758200
2015-10-07,20.01583480834961,20.313819156368364,19.623366806815923,20.00129864838662,29749700
2015-10-08,20.284751892089844,20.364699405567414,19.9358922834975,19.994035551596223,22500200
2015-10-09,20.284751892089844,20.45918169638602,20.21934054219817,20.357431323774463,22125800
2015-10-12,20.321088790893555,20.422840539115096,20.17573132896162,20.29928593403836,14486000
2015-10-13,20.24114227294922,20.31382169560462,20.16119476940381,20.168462850293817,15107200
2015-10-14,20.219337463378906,20.277480722624095,20.052175766329565,20.168462284819945,20144000
2015-10-15,20.45917510986328,20.488247427675677,20.255674430154148,20.422836098842197,18996900
2015-10-16,20.5318603515625,20.60453978049841,20.350162472345133,20.59727169898034,19948300
2015-10-19,20.5318603515625,20.56093267763479,20.30655536948151,20.437378064317183,20778100
2015-10-20,20.713558197021484,20.728094360033936,20.459180889282788,20.495521296813916,20335800
2015-10-21,20.553659439086914,20.946126038877033,20.5100509609201,20.78623244433209,19008900
2015-10-22,21.0842227935791,21.229580270189512,20.713558940918546,20.757166045277184,32162500
2015-10-23,21.331327438354492,21.353130292719584,21.026075001042212,21.091486336626595,26076900
2015-10-26,21.040613174438477,21.433079839248162,20.989736608148522,21.309525236461933,20354800
2015-10-27,21.113285064697266,21.120553143480038,20.77169367937269,20.873444009842927,19480600
2015-10-28,21.338594436645508,21.4040057689134,21.106021426912775,21.287719264047034,23741400
2015-10-29,21.178701400756836,21.229576578034735,21.02607586892314,21.185969481260052,16717800
2015-10-30,20.96792984008789,21.258646090573343,20.96792984008789,21.076948260739382,22334100
2015-11-02,20.9097900390625,20.982469460233446,20.7208240985159,20.982469460233446,28912600
2015-11-03,20.79350471496582,20.866182754069882,20.706289127298312,20.79350471496582,30555300
2015-11-04,20.69174575805664,20.946122965055636,20.61906774426629,20.924320115416233,28591800
2015-11-05,20.662677764892578,20.79350042628919,20.560927422137194,20.713552936270272,21988600
2015-11-06,20.677217483520508,20.74989552014522,20.466447295823706,20.575465737005466,26107600
2015-11-09,20.480979919433594,20.70628484378574,20.350157258118006,20.604534501093372,25865900
2015-11-10,20.33562469482422,20.510054478675194,20.27748143354056,20.480983541155712,26701800
2015-11-11,20.219337463378906,20.422839563859398,20.168462284819945,20.422839563859398,32599300
2015-11-12,20.226600646972656,20.401030382476787,20.146653165024983,20.16118932287807,38135900
2015-11-13,19.049205780029297,19.39079869429013,18.765757520319127,19.10735043457996,94556200
2015-11-16,19.470741271972656,19.623366792741056,18.940182523660127,18.94745060363641,44949600
2015-11-17,19.485273361206055,19.819598062832775,19.39079110702017,19.47800528223109,30490200
2015-11-18,19.710580825805664,19.739651757194355,19.427131273860624,19.62336525915079,27015700
2015-11-19,19.89228057861328,20.09578127677397,19.65970617375965,19.696046574320157,27417400
2015-11-20,20.037641525268555,20.19026846181712,19.95769401630289,20.052177688034092,26502800
2015-11-23,19.93589210510254,20.233876524722618,19.870480755796198,20.09578574438202,24684600
2015-11-24,19.819602966308594,19.9431575669624,19.62336894416819,19.805066804762344,32859200
2015-11-25,19.79779815673828,19.906816592722215,19.623368381915057,19.855941415012687,22472500
2015-11-27,19.85593605041504,19.972222535546038,19.797792807849543,19.80506088645076,9532300
2015-11-30,19.805068969726562,19.972230687047517,19.76872994813325,19.87048031759038,30736700
2015-12-01,20.037641525268555,20.09578479008592,19.76872944533005,19.76872944533005,31406300
2015-12-02,19.943153381347656,20.277476709276584,19.89227821285798,19.97949239134189,29178200
2015-12-03,19.58702278137207,20.12484808618741,19.492539152032904,20.081239617456646,25783800
2015-12-04,19.972227096557617,20.023102272140143,19.587028546435878,19.587028546435878,28143700
2015-12-07,19.979494094848633,20.030369267676065,19.812332416631502,20.030369267676065,15350200
2015-12-08,19.732389450073242,19.834141205309955,19.637907162615733,19.746925613142032,18635700
2015-12-09,19.4271297454834,19.877740929634886,19.37625457987236,19.594291399989476,24127400
2015-12-10,19.456205368041992,19.652439371250306,19.376257873495376,19.434401127826227,23382400
2015-12-11,19.012863159179688,19.252704268834115,18.99105891784943,19.252704268834115,34295700
2015-12-14,19.252696990966797,19.27450122405466,18.867497190545674,19.114606287231815,32642100
2015-12-15,19.51434898376465,19.703314910400554,19.339919217541787,19.419865327324416,30393700
2015-12-16,19.79779815673828,19.834138559562675,19.390795348817424,19.623368381915057,22731500
2015-12-17,19.419858932495117,19.848665819764793,19.40532416311283,19.834131050382506,24812200
2015-12-18,19.092815399169922,19.492550219112715,19.085547316921605,19.33265656838459,36732700
2015-12-21,19.361722946166992,19.368991026701696,19.194561252602714,19.3181158492034,20242900
2015-12-22,19.54341697692871,19.55068505604134,19.303575911189423,19.514346046722554,18966300
2015-12-23,19.914077758789062,19.921345836830344,19.623361568358508,19.652433880523635,18803700
2015-12-24,19.899547576904297,20.023102168211082,19.892280882925565,19.921351817574163,8166300
2015-12-28,19.848670959472656,19.892279437643996,19.717848297447553,19.84140287977743,14204900
2015-12-29,20.182994842529297,20.219333853227486,19.91408145013173,19.943153767685804,16319600
2015-12-30,20.008567810058594,20.18299758031086,20.001299729684177,20.10305008243685,10620300
2015-12-31,19.739660263061523,19.950430497989636,19.725124097981308,19.899553920208884,17041500
2016-01-04,19.34412384033203,19.35144855320744,18.95592244021213,19.32947441458121,35827100
2016-01-05,19.256229400634766,19.527236782234166,19.175658958893607,19.439343024922067,22024900
2016-01-06,19.051143646240234,19.14636212620415,18.911976885942607,19.102415242916667,30799800
2016-01-07,18.61167335510254,18.853383344244918,18.399262223818113,18.67026967377201,43235400
2016-01-08,18.15022850036621,18.77281389595802,18.10628021120597,18.71421757412421,28609700
2016-01-11,18.509138107299805,18.567734451171017,18.260103296585395,18.260103296585395,32346900
2016-01-12,18.567726135253906,18.72886565946851,18.333340864743057,18.68491877050933,30122400
2016-01-13,18.018388748168945,18.69224723458979,17.996414600758037,18.61900147360013,33431600
2016-01-14,18.062334060668945,18.238123033387666,17.915842551546728,18.08430820615125,42902400
2016-01-15,17.300579071044922,17.89386693345531,17.263955501114438,17.52763961642854,64092800
2016-01-19,17.46904754638672,17.600889636080055,17.278609127612643,17.432423967557078,52533500
2016-01-20,16.773212432861328,17.22001024910769,16.458256686789074,17.13943978465763,83632400
2016-01-21,16.773212432861328,17.176063358065147,16.751239685863297,16.912379217716936,46267900
2016-01-22,17.117467880249023,17.315229598198318,16.839134296837127,17.285932135076646,55049000
2016-01-25,16.97097396850586,17.227333370462322,16.9489998264937,17.12478877145193,64066100
2016-01-26,17.373823165893555,17.469043049291265,17.022245281916607,17.022245281916607,25162200
2016-01-27,17.161415100097656,17.505668331347316,17.066195199785117,17.351853503676164,24654000
2016-01-28,16.92702865600586,17.425098078238907,16.831808762142582,17.381149790126713,31833500
2016-01-29,17.425098419189453,17.432421736971634,16.99295002362253,17.13944012905673,39692600
2016-02-01,17.19803810119629,17.26395914393463,17.014924404044592,17.18338867013296,24006400
2016-02-02,16.721942901611328,17.02957397116587,16.648697142756124,17.014924539985497,36203700
2016-02-03,16.919706344604492,16.978302673363995,16.538829509144396,16.91238162887872,32231400
2016-02-04,17.241987228393555,17.26395997900475,16.795189338676554,16.970978328799628,29280500
2016-02-05,16.76589012145996,17.329880659361756,16.707293792655012,17.220012717483314,32641000
2016-02-08,16.795181274414062,16.86110228868886,16.465576203040087,16.575444094482734,38842100
2016-02-09,16.590097427368164,16.74391362925935,16.50220365232723,16.55347525394217,30767200
2016-02-10,16.487560272216797,16.94168153628699,16.450936688309923,16.94168153628699,36896100
2016-02-11,18.076980590820312,18.289391708218247,17.64483224499247,17.64483224499247,92696000
2016-02-12,18.391939163208008,18.575052850147006,17.959790750268244,18.23079822459189,49753600
2016-02-16,18.926633834838867,19.02917706894607,18.45053845170957,18.509134785063225,40401700
2016-02-17,19.38075065612793,19.475970549300573,19.102418485335185,19.16833951997887,36904700
2016-02-18,19.358776092529297,19.468644007609257,19.248908177449337,19.36610080647414,31288200
2016-02-19,19.44666862487793,19.453993338355378,19.226932808739406,19.241582235694306,28791700
2016-02-22,19.505264282226562,19.71035206158601,19.35144949549163,19.681054605703917,24608100
2016-02-23,19.131715774536133,19.439346778623616,19.08776749034767,19.439346778623616,28097500
2016-02-24,19.278207778930664,19.28553249368964,18.787463066451277,18.9632520295272,22960800
2016-02-25,19.483291625976562,19.483291625976562,19.19031008062539,19.402721177112664,18655100
2016-02-26,19.34412384033203,19.666404221619377,19.27820282149948,19.629780657242332,18113000
2016-02-29,19.17566680908203,19.519920060736933,19.153692662235127,19.3514557927173,24763100
2016-03-01,19.651763916015625,19.725009681716063,19.219615435134493,19.373431682810093,25245400
2016-03-02,19.703033447265625,19.710358162765004,19.483297570470803,19.629787689318473,19020100
2016-03-03,19.68105697631836,19.754301323369088,19.475969172255763,19.739653292186762,19002200
2016-03-04,19.629785537719727,19.746978178771162,19.534567040757864,19.71768071703154,19429900
2016-03-07,19.87882423400879,19.908123098667968,19.285536195128024,19.46864990810761,21500100
2016-03-08,19.812898635864258,19.996012306794785,19.549215899715882,19.75430231704835,23821300
2016-03-09,20.223073959350586,20.362239341283615,19.864171337390037,19.952065115763908,38890200
2016-03-10,20.05461311340332,20.494086301390553,19.798255034370293,20.332946737848825,33327300
2016-03-11,20.40618896484375,20.442811142058506,20.267022176743954,20.376890105434736,21873100
2016-03-14,20.288991928100586,20.40618454626776,20.21574619248455,20.376885693202862,18291700
2016-03-15,20.259695053100586,20.281669195044714,20.105880250630715,20.1278529955285,16917200
2016-03-16,20.420835494995117,20.47210849518837,20.14982805063424,20.15715276494756,19087800
2016-03-17,20.647897720336914,20.831011389449756,20.413512447399906,20.450134622403905,28501900
2016-03-18,20.750444412231445,20.787066593384743,20.486760237378395,20.677198652878193,43132400
2016-03-21,20.647897720336914,20.76509035680542,20.538029798278497,20.581976687692578,23799200
2016-03-22,20.71381950378418,20.787063856447027,20.435485934298054,20.655223183426017,23599300
2016-03-23,20.38421058654785,20.713815701208716,20.310964850284744,20.69916627454685,19217500
2016-03-24,20.479434967041016,20.516058544249002,20.20842748093503,20.340269564790535,15871900
2016-03-28,20.43549156188965,20.53071148184768,20.35492247236385,20.501412615076944,12785900
2016-03-29,20.58197784423828,20.64789888058686,20.281671521782076,20.41351359447924,17139300
2016-03-30,20.845657348632812,21.006798255540303,20.699167266135248,20.757763578543532,19390200
2016-03-31,20.852981567382812,20.999473043449782,20.765087799379632,20.896929848430656,18377600
2016-04-01,21.014129638671875,21.021454354678408,20.596630605626526,20.728471302603953,23026400
2016-04-04,20.799768447875977,20.999340129614204,20.703679162125734,20.969774737776707,17890000
2016-04-05,20.385848999023438,20.570637333463395,20.29714997817009,20.430197804538558,24245700
2016-04-06,20.696287155151367,20.725853956373612,20.415409592653436,20.474541785275246,20395800
2016-04-07,20.400623321533203,20.62236866020822,20.3488828364972,20.62236866020822,17016800
2016-04-08,20.467159271240234,20.659339335972927,20.38585194120859,20.48194126866328,14495600
2016-04-11,20.41541290283203,20.82933831829905,20.40802120132797,20.607591502645967,18762900
2016-04-12,20.43019676208496,20.444980166443376,19.920182000126882,20.06062011206274,27741400
2016-04-13,20.86629295349121,20.903251456649908,20.489324680208945,20.666721265902467,25433300
2016-04-14,20.881078720092773,20.991951422482668,20.77020601770288,20.977168019544575,15049100
2016-04-15,20.62237548828125,20.792380398208923,20.49671937880798,20.770206702893198,23804400
2016-04-18,20.83672332763672,20.881072112594595,20.548452700854373,20.622368282332474,15762900
2016-04-19,20.940210342407227,21.021517646493287,20.84412104561513,20.940210342407227,20307700
2016-04-20,21.021514892578125,21.198911470216515,20.888467106893664,20.991948091393724,19937800
2016-04-21,20.87369155883789,21.073263312442077,20.814559344046636,21.006739394574016,17339900
2016-04-22,20.807159423828125,21.102820381022283,20.748027232389294,20.918032106548104,23147600
2016-04-25,20.86629295349121,20.903251456649908,20.681504667165946,20.77759536555582,16434800
2016-04-26,21.028911590576172,21.058476988964372,20.85890526300774,20.89586377327175,18151500
2016-04-27,21.169349670410156,21.17674137245259,20.925429142301937,21.021519859030544,20931000
2016-04-28,20.66672706604004,21.132394467770457,20.54107234950357,21.028913449529533,29616200
2016-04-29,20.319320678710938,20.570632871827154,20.06061678464156,20.4893255711652,33890100
2016-05-02,20.230621337890625,20.341494022956972,20.10496525219605,20.31192722170052,27361700
2016-05-03,19.85365104675293,20.097571492837734,19.66886278730012,20.075396394167285,35319600
2016-05-04,19.543216705322266,19.824094382958325,19.42495227159937,19.80931097628715,32850800
2016-05-05,19.373207092285156,19.639302728351836,19.373207092285156,19.557995415148568,23082200
2016-05-06,19.60973358154297,19.617125282223398,19.0775424111341,19.35842139769939,25625300
2016-05-09,19.594951629638672,19.720607730855356,19.50625262473513,19.60234333086587,16990400
2016-05-10,19.979310989379883,20.031051486476713,19.59495099691369,19.71321539308439,22642500
2016-05-11,19.73539161682129,20.03844432544691,19.720608214004702,20.023660922630324,19326100
2016-05-12,19.713214874267578,19.816695865737806,19.521034883092316,19.816695865737806,19681900
2016-05-13,19.60973358154297,19.875827756924654,19.557991676779967,19.624515573081077,20865100
2016-05-16,19.934961318969727,20.04583542695318,19.63190861941342,19.639300320600505,20885900
2016-05-17,19.698427200317383,20.00147981802823,19.624511618231757,19.883215450620213,25921300
2016-05-18,19.750167846679688,19.927564399245444,19.580162993365313,19.66886197455943,32345500
2016-05-19,20.378456115722656,20.910647390360932,20.252799999191176,20.688900555987306,50174600
2016-05-20,20.674118041992188,20.807165866381013,20.415415505484017,20.42280579810732,32703000
2016-05-23,20.651941299438477,20.881078402198924,20.533676897379994,20.533676897379994,19850000
2016-05-24,21.04368782043457,21.124995110920164,20.70367807808141,20.70367807808141,26514800
2016-05-25,21.37631607055664,21.43544828529556,21.08065499686203,21.12500380546042,25696800
2016-05-26,21.361528396606445,21.465010809092263,21.287612790494556,21.331963000055445,19366300
2016-05-27,21.37631607055664,21.465015097576625,21.280226750289593,21.398491179767436,16673300
2016-05-31,21.472402572631836,21.494577678932213,21.258048851020263,21.28761424959775,28606300
2016-06-01,21.361528396606445,21.465010809092263,21.287612790494556,21.31717959686848,22268700
2016-06-02,21.494571685791016,21.546312176242534,21.37630730480965,21.420656095222007,19538200
2016-06-03,21.53152847290039,21.590660662558214,21.361523603861965,21.53152847290039,18677700
2016-06-06,21.509363174438477,21.73850032252878,21.47979636316326,21.487188065982064,16167100
2016-06-07,21.4871826171875,21.694146014162047,21.302394323046123,21.36152652077845,21566600
2016-06-08,21.538923263549805,21.63501396667138,21.479791065406843,21.501966168394006,17772900
2016-06-09,21.538923263549805,21.575881768528415,21.30978617197367,21.413267166268156,18349900
2016-06-10,21.45762062072754,21.45762062072754,21.265440595212926,21.28022399944244,18244200
2016-06-13,21.317180633544922,21.57588456260611,21.302397229639027,21.413269939287254,17137000
2016-06-14,21.40587615966797,21.435442964609987,21.161955658187733,21.18413076189425,19279700
2016-06-15,21.176742553710938,21.33196548561447,20.999345924266247,21.058478134081145,30738600
2016-06-16,21.339353561401367,21.376310657571082,20.96977696041281,20.977167251788472,17504100
2016-06-17,21.398487091064453,21.435444189531022,21.206307077427837,21.346745179459145,32333500
2016-06-20,21.28761100769043,21.598055399502794,21.272829015564362,21.46500901143133,22100800
2016-06-21,21.265430450439453,21.435435288508188,21.235863656085403,21.41326019274265,19098600
2016-06-22,21.228485107421875,21.494580782151136,21.19891970457597,21.339359245107886,18273300
2016-06-23,21.598052978515625,21.605444678661506,21.405873004190656,21.457614905211827,19415600
2016-06-24,20.511510848999023,21.11761652959588,20.47455373572302,20.81456368929745,44408900
2016-06-27,20.186275482177734,20.363672098442503,20.05322766752341,20.311931594926484,29973100
2016-06-28,20.54106903076172,20.585417830010684,20.326713916383046,20.363671014120033,24646900
2016-06-29,20.888473510742188,20.940214018854476,20.622377857795435,20.7923827872567,25593000
2016-06-30,21.206310272216797,21.206310272216797,20.748034569146995,20.97717171577032,25184400
2016-07-01,21.28761100769043,21.38370171053532,21.132389516695653,21.272829015564362,20901300
2016-07-05,21.1309757232666,21.347283606155283,21.04892770938933,21.056386749075113,22116900
2016-07-06,21.421875,21.45917020511835,21.011637702364418,21.22048658302735,24844000
2016-07-07,21.436792373657227,21.556134180759013,21.339827688886984,21.421874292102864,17394900
2016-07-08,21.82465362548828,21.83957170681531,21.541215770940884,21.56359289293143,24647400
2016-07-11,21.951444625854492,22.152834365443187,21.82464383678004,21.88431471265826,22045200
2016-07-12,22.085708618164062,22.182673276256413,22.01857869230545,22.16775519880646,22157500
2016-07-13,22.190134048461914,22.249804940257008,22.06333322556405,22.167756930538896,18038100
2016-07-14,22.197599411010742,22.36915309595739,22.10809233648784,22.25727031980378,19332200
2016-07-15,22.24234962463379,22.33931572920074,22.12300782106409,22.3243976480879,17800400
2016-07-18,22.309480667114258,22.376610612765884,22.182679816735256,22.190138857659502,17484900
2016-07-19,22.316936492919922,22.384066428900386,22.205053740507946,22.309477453070272,18516000
2016-07-20,22.84651756286621,22.891271805969332,22.361691310581175,22.406445553684296,50168800
2016-07-21,22.809226989746094,22.913650726334847,22.652591384862966,22.8539798164746,21582700
2016-07-22,22.906187057495117,23.02553027577382,22.77938764449019,22.89872944010247,19399600
2016-07-25,22.96586036682129,22.995695105675757,22.846517143403958,22.876353304924912,15174200
2016-07-26,23.032995223999023,23.234385101692073,22.906194347970093,22.973324307201107,21328200
2016-07-27,22.94347381591797,23.10010933152636,22.868884865438112,23.085192679563107,22723000
2016-07-28,22.76446533203125,22.92855991482327,22.65258259727914,22.861429989438772,22470500
2016-07-29,22.77193260192871,22.891274418490845,22.727178353717907,22.82414446884131,23807200
2016-08-01,22.921100616455078,22.936018693630647,22.645123302037767,22.898724923357868,22438700
2016-08-02,22.83905601501465,22.98823253168949,22.674959997206177,22.98823253168949,24485200
2016-08-03,22.91364288330078,22.928560961326262,22.757007332031915,22.757007332031915,15962500
2016-08-04,22.973318099975586,23.055366121904015,22.9061881588826,22.95840144180664,18586500
2016-08-05,23.152332305908203,23.174708004573386,22.891271581037923,23.047907162360193,18873300
2016-08-08,23.129955291748047,23.264215175027218,23.018072529904234,23.12249625126959,19019900
2016-08-09,23.077743530273438,23.308968095433514,23.003154547834747,23.204544373619257,19159500
2016-08-10,23.010610580444336,23.219457996772736,22.92856256822028,23.129952367679515,16684300
2016-08-11,23.085201263427734,23.13741312137801,23.018071325301253,23.085201263427734,24020900
2016-08-12,23.025529861450195,23.115035495215622,22.97331658197623,23.062823638408055,13430600
2016-08-15,23.26421546936035,23.301509249557952,23.040448520175183,23.10757846266408,21944700
2016-08-16,23.212003707885742,23.29405030920677,23.10757856208344,23.286591268601853,23399700
2016-08-17,22.91364288330078,23.100114590620613,22.62274747513504,23.100114590620613,55071200
2016-08-18,22.734636306762695,22.876355240646042,22.421363697617018,22.682424442349514,48710500
2016-08-19,22.76446533203125,22.861429989438772,22.555616517205458,22.65258259727914,25131300
2016-08-22,22.84651756286621,22.9584017479575,22.652588200085408,22.7048000610392,28680000
2016-08-23,23.10757064819336,23.167241529930056,22.965853193234977,22.995687922770305,23493600
2016-08-24,23.167247772216797,23.271672910392326,23.085201176888113,23.107576874402106,24474700
2016-08-25,23.338796615600586,23.4133841509504,23.137406855757582,23.167241585364298,22917100
2016-08-26,23.3835506439209,23.614775145459877,23.26420887392232,23.376091605462722,21106200
2016-08-29,23.55510902404785,23.644616080981,23.428308189947963,23.443226269881222,21101700
2016-08-30,23.5252742767334,23.61477991096166,23.428308179875312,23.577486133810954,17794800
2016-08-31,23.45068359375,23.55510730030838,23.308964690087702,23.458142633170787,20418800
2016-09-01,23.55510902404785,23.599861841181223,23.316425435781333,23.435767229914592,15980500
2016-09-02,23.741580963134766,23.831088020851784,23.607321087892448,23.607321087892448,18156500
2016-09-06,23.77141761779785,23.823629476441308,23.64461677994955,23.81617043625418,17656500
2016-09-07,23.711753845214844,23.816177593884905,23.68191767549947,23.711753845214844,14050500
2016-09-08,23.47306251525879,23.68191137974403,23.43576873569587,23.65953425840638,19913700
2016-09-09,23.010610580444336,23.376094981685362,23.010610580444336,23.226917036308226,25450500
2016-09-12,23.45068359375,23.495436407608405,22.82413850906714,22.831597548487924,22612500
2016-09-13,23.167247772216797,23.383555665961566,23.047905976587415,23.316425728086738,23617900
2016-09-14,23.12249755859375,23.294051231298177,22.98077862682347,23.129956599493934,24262900
2016-09-15,23.35371971130371,23.413390609643685,22.83159970649555,22.846516364080713,25554500
2016-09-16,23.003156661987305,23.226922207202495,22.89873293057577,23.21200554747702,37416300
2016-09-19,23.137413024902344,23.30896667821406,22.988235069095204,23.010612189266205,16833500
2016-09-20,23.197084426879883,23.28659006417643,23.15233160823161,23.18216634644164,15878900
2016-09-21,23.391008377075195,23.405925030493027,23.100111584103917,23.204536694024956,21169400
2016-09-22,23.614784240722656,23.71920797402381,23.4879833834284,23.495442424759435,20261900
2016-09-23,23.3760929107666,23.71920016300484,23.353715794142552,23.65207023579889,20442200
2016-09-26,23.174701690673828,23.24183161371296,22.96585430581084,23.19707880590891,20361500
2016-09-27,23.48051643371582,23.577482515693838,23.092654951136133,23.18962103311415,18045400
2016-09-28,23.495437622070312,23.562567557660966,23.391013910114353,23.450684805898668,15841000
2016-09-29,23.41339111328125,23.547650993100817,23.30896739460668,23.502898174049783,15417100
2016-09-30,23.6595401763916,23.71921109221772,23.540198344739366,23.577493556297473,30380600
2016-10-03,23.689617156982422,23.74978120667081,23.46400232925699,23.546727001063466,14070500
2016-10-04,23.576805114746094,23.78737853010564,23.426394302840293,23.659529770312854,18460400
2016-10-05,23.757301330566406,23.824986064168797,23.62193186336162,23.62193186336162,11808600
2016-10-06,23.674575805664062,23.787383219620693,23.471521599887666,23.74226054092286,14077100
2016-10-07,23.66704750061035,23.764814946474505,23.486555409503797,23.674568183709415,13073200
2016-10-10,23.66704750061035,23.824978976843358,23.644486885736804,23.719692282303775,12759400
2016-10-11,23.343673706054688,23.712178681429933,23.20078355334215,23.704657996084634,19412000
2016-10-12,22.817232131958008,23.035326220763967,22.516411957178892,22.960122252886993,36899900
2016-10-13,22.689380645751953,22.749544673461852,22.456245217679044,22.629216618042054,24286600
2016-10-14,22.696910858154297,22.97516906523459,22.681869486305587,22.824759650019995,20545100
2016-10-17,22.72698974609375,22.877400579707743,22.63674439346457,22.659305014409856,13957500
2016-10-18,22.89244270324707,23.080455534239256,22.884922017876494,23.080455534239256,14444900
2016-10-19,22.824758529663086,22.899963950790998,22.70443042962807,22.892443265235798,14830900
2016-10-20,22.68186378479004,22.839795280654087,22.59161844523099,22.772110558772894,17315300
2016-10-21,22.674348831176758,22.711952260849607,22.501377357954176,22.56906209694113,15140500
2016-10-24,22.907482147216797,22.93756488805253,22.78715405272192,22.817236793557655,14115300
2016-10-25,22.817232131958008,22.9450808855421,22.73450604598485,22.937560201869655,15257800
2016-10-26,22.97516632080078,23.208303253334563,22.80219486847494,23.005249060904752,18008600
2016-10-27,22.847320556640625,23.065416147878466,22.83228061902961,23.01277278017945,16926200
2016-10-28,23.0052433013916,23.163173344126637,22.824751209227145,22.832271892370287,19946800
2016-10-31,23.07292938232422,23.140614100199155,22.80219051082447,22.81723187800195,23225400
2016-11-01,22.922523498535156,23.208303798540395,22.734510671740562,23.200783113337728,17542100
2016-11-02,22.854835510253906,23.072931046789456,22.734507433001127,22.884918246779016,19174000
2016-11-03,22.802202224731445,22.982694420312168,22.742038159537874,22.9375717300231,15937100
2016-11-04,22.70442771911621,22.937563205798746,22.283277984847466,22.54649621015945,18524000
2016-11-07,23.268468856811523,23.35871421431686,23.020291972035707,23.095495958482122,23061100
2016-11-08,23.313589096069336,23.46399992207162,23.110534911293435,23.268466422038227,19399800
2016-11-09,23.584333419799805,23.682099475033926,23.087979588312756,23.34367719052418,38564100
2016-11-10,23.313589096069336,23.88514822668449,23.17069895480956,23.621929998392467,38345000
2016-11-11,23.584333419799805,23.66705810209813,23.253430387333683,23.26095107380158,23150300
2016-11-14,23.59185028076172,23.81746510051727,23.57680891026494,23.63697295782802,22917600
2016-11-15,23.840024948120117,23.952832347549297,23.516642684512266,23.516642684512266,24160200
2016-11-16,23.74225425720215,23.982910392463033,23.697131590446663,23.779857674851485,27097100
2016-11-17,22.599143981933594,22.599143981933594,22.26824239892836,22.493857245015946,75252300
2016-11-18,22.696910858154297,22.83228033594435,22.569062066288602,22.644267491107982,38748600
2016-11-21,22.599143981933594,22.809718890193093,22.569062671853214,22.787156831814652,27481700
2016-11-22,22.47881317138672,22.704429424785225,22.44873186492134,22.62170332176337,26769300
2016-11-23,22.343442916870117,22.523936486981956,22.23063551136821,22.433689701926035,24496800
2016-11-25,22.62922477722168,22.674347455667615,22.223116367935983,22.26071979532767,17678900
2016-11-28,22.501375198364258,22.629223978133194,22.426169780660643,22.621703292920426,21468900
2016-11-29,22.43369483947754,22.63674907653692,22.403613527185954,22.516420958521948,23553700
2016-11-30,22.42616844177246,22.52393590927745,22.320881723927656,22.381045767613823,26224900
2016-12-01,22.147911071777344,22.448731300994517,22.1103076466102,22.441210615961086,25996200
2016-12-02,21.997499465942383,22.230634956079477,21.899733432795845,22.04262214013125,27069500
2016-12-05,22.208072662353516,22.260716017343405,22.027580544777955,22.05766184716196,20865800
2016-12-06,22.057662963867188,22.253196459745876,21.989978237046724,22.125347690687654,27352100
2016-12-07,22.52393341064453,22.59161813158604,22.05014036405398,22.17046843807804,30180100
2016-12-08,22.52393341064453,22.80971222784573,22.5013713588561,22.644261484668593,21369900
2016-12-09,22.60666275024414,22.61418343573228,22.35848586683197,22.546498700763134,21362000
2016-12-12,22.689380645751953,22.711942694052002,22.584093955865523,22.621695935275373,17287800
2016-12-13,23.0052433013916,23.042845282683665,22.711943830927314,22.78714779351144,25052900
2016-12-14,22.907482147216797,23.36623390399354,22.86988015559616,23.01277030571784,27556000
2016-12-15,23.035327911376953,23.163176674344143,22.945082569531785,23.005246608903178,20914100
2016-12-16,23.0052433013916,23.103009313405153,22.76458717850566,23.08796938154251,45875500
2016-12-19,23.125574111938477,23.21582088596081,22.967644050429154,23.0503687059905,18178500
2016-12-20,22.982685089111328,23.215822002201907,22.907479679547397,23.18573926460678,17475200
2016-12-21,22.87740135192871,23.080455553834437,22.86988066655175,23.080455553834437,14488900
2016-12-22,22.907482147216797,22.922523517634666,22.749552061101284,22.862359470387226,12935800
2016-12-23,22.96012306213379,23.012766415272623,22.862355605369853,22.967643746071307,9167500
2016-12-27,23.07292938232422,23.178216083719132,23.01276534803802,23.042846647969256,14175500
2016-12-28,22.87740135192871,23.140619602426053,22.824757988714055,23.087976239211397,12022200
2016-12-29,22.907482147216797,22.975166879673168,22.80971610834872,22.839798849184458,10995600
2016-12-30,22.72698974609375,23.01277004307553,22.659305014409856,22.982687302583123,20190000
2017-01-03,22.9676513671875,22.98269130562929,22.71947301817036,22.83980256667455,22370600
2017-01-04,22.831119537353516,23.073842168312222,22.77043887961384,22.9373103267127,22281000
2017-01-05,22.884212493896484,23.028329583201526,22.808361318117996,22.831117104873798,18372500
2017-01-06,22.92972183227539,23.020743529428145,22.778020932675187,22.884211707069408,15923200
2017-01-09,22.89179801940918,23.005574061014936,22.815946842758386,22.92213762202498,17177800
2017-01-10,23.043495178222656,23.17244172353514,22.83111365423077,22.89937955743977,21046000
2017-01-11,22.86904525756836,23.06625776425186,22.778024990939702,23.0055771042524,22291300
2017-01-12,22.785600662231445,22.876620890543332,22.60355731212678,22.869035630393935,18611100
2017-01-13,22.808361053466797,22.922137092443933,22.762850927224108,22.831116839958554,17136600
2017-01-17,22.7476806640625,22.944893142366116,22.6339046237791,22.755265926313506,21983500
2017-01-18,22.778017044067383,22.891793061029166,22.717336405238395,22.846282943592563,15724000
2017-01-19,22.740089416503906,22.899376988368036,22.69457930171721,22.762845197267485,16866000
2017-01-20,22.831119537353516,22.944895589772784,22.755268353493673,22.846290063473685,22754400
2017-01-23,22.960063934326172,22.982818274603407,22.823532105699318,22.861456970655283,17155300
2017-01-24,23.210371017456055,23.32414705520646,22.975233679873106,23.01315854354297,24934200
2017-01-25,23.28622055053711,23.551697470999404,23.24829424279913,23.54411365619252,23630500
2017-01-26,23.316564559936523,23.39241574301779,23.180032719738442,23.331735085900974,20116800
2017-01-27,23.498600006103516,23.498600006103516,23.233121662408646,23.331728607055023,18461900
2017-01-30,23.384830474853516,23.513777052040798,23.2331281087246,23.468266920898518,15481800
2017-01-31,23.3013916015625,23.430338165317753,23.19520082437847,23.271051999541708,16603100
2017-02-01,23.134517669677734,23.39999603064512,23.07383702546296,23.39999603064512,19504600
2017-02-02,23.650306701660156,23.710987353143135,23.15727622751833,23.278637530484293,27456700
2017-02-03,23.756498336791992,23.779254124446563,23.60479742598423,23.718573470775276,21288800
2017-02-06,23.741329193115234,23.748914456108118,23.604798799466288,23.733745376863336,16774200
2017-02-07,23.8551025390625,23.99921817061965,23.764080845732064,23.802005707354315,18420200
2017-02-08,23.718576431274414,23.93095802226245,23.703405904277815,23.862692097518842,20434300
2017-02-09,23.893024444580078,24.03714150504744,23.741322123378584,23.779248427049236,18706900
2017-02-10,23.90060806274414,23.99162829181722,23.69581037721902,23.877852282105643,21557700
2017-02-13,24.249528884887695,24.272284672594978,23.930955090690247,24.021976794778478,26518800
2017-02-14,24.50741958618164,24.50741958618164,24.09782415284035,24.196429657122135,31463500
2017-02-15,24.894258499145508,24.909429022311254,24.492249762438277,24.53775843845408,41169400
2017-02-16,25.485897064208984,25.766547431503707,25.220420115126657,25.228003930751125,50143700
2017-02-17,25.592084884643555,25.614839219794973,25.356946145314947,25.42521204425028,31841200
2017-02-21,25.887901306152344,25.94858049417861,25.531401310999968,25.554155644824707,26992700
2017-02-22,25.85756492614746,25.903076495481162,25.531405912959485,25.819640065110086,26632700
2017-02-23,25.819637298583984,26.001677769450648,25.751371398638707,26.001677769450648,17450100
2017-02-24,26.03202247619629,26.03202247619629,25.637597542498582,25.77412936160477,21137300
2017-02-27,25.986513137817383,26.032024712589823,25.88032235683013,25.948588272247903,15625400
2017-02-28,25.92582893371582,26.00926535797317,25.81963817319964,25.91065841171619,23093100
2017-03-01,26.123044967651367,26.17614035814296,25.925833930608572,26.00168366174462,22754200
2017-03-02,26.085115432739258,26.191306194713853,25.94858362634871,26.10028595494724,16137700
2017-03-03,26.009265899658203,26.123040476803137,25.963754332711467,26.10786995448756,14175000
2017-03-06,25.93341636657715,26.001682278360306,25.758959679460546,25.819641775926296,17605100
2017-03-07,25.941007614135742,25.97893248432154,25.781721423266124,25.789305239910433,21033700
2017-03-08,25.804471969604492,25.963758137035466,25.736206055922402,25.92583327243024,18686700
2017-03-09,25.842403411865234,25.87274446866479,25.69070102134988,25.819649066006782,17490200
2017-03-10,25.986513137817383,26.016854187665675,25.84998420046361,25.97134550637501,19038400
2017-03-13,25.865150451660156,26.03961003223724,25.789300724568776,25.956173596347753,16164800
2017-03-14,25.880319595336914,25.89549011864233,25.66793805602404,25.74378777906965,14578400
2017-03-15,25.971343994140625,26.054777536142684,25.82722546249372,25.84239598653453,14961700
2017-03-16,25.963754653930664,26.153381844999526,25.86514770440009,25.97892517643393,14521600
2017-03-17,25.963754653930664,26.077532125964506,25.933413608924134,26.054774895468952,26787200
2017-03-20,26.001680374145508,26.085116803934696,25.941001175605177,25.941001175605177,14974100
2017-03-21,25.698278427124023,26.145798725685005,25.622425812590834,26.130628202778368,21406000
2017-03-22,25.865150451660156,25.94100307223315,25.6224278527898,25.6224278527898,16646100
2017-03-23,25.75895881652832,25.986510883688588,25.72103395424853,25.849981958177644,16709300
2017-03-24,25.84998321533203,26.016853196174758,25.75137625382384,25.8423965064182,18125100
2017-03-27,25.781713485717773,25.812051636436774,25.599670113997604,25.652765494607394,17740600
2017-03-28,25.804471969604492,25.948587612497036,25.652769617701882,25.7134517158556,21179300
2017-03-29,25.592084884643555,25.82722073049109,25.52381898570822,25.789295874078363,16504100
2017-03-30,25.592084884643555,25.736200496404336,25.57691436338225,25.637593554946395,12801600
2017-03-31,25.637596130371094,25.69827822151213,25.531405364355642,25.57691693271142,14038500
2017-04-03,25.470726013183594,25.74378674122843,25.379702877020637,25.561746255865206,19367800
2017-04-04,25.562543869018555,25.57019375031087,25.195288274538946,25.44012533752535,18602600
2017-04-05,25.248844146728516,25.65435495207467,25.22589158602976,25.623752510705593,17572500
2017-04-06,25.310054779052734,25.463075741430707,25.164680778630782,25.248844059151327,15316800
2017-04-07,25.218231201171875,25.363605158370408,25.187625850320927,25.32534701046328,13942800
2017-04-10,25.256492614746094,25.41716928671371,25.1493767792261,25.218237376158612,14824100
2017-04-11,25.187639236450195,25.31006070491563,24.973407504012584,25.279455337799273,18945800
2017-04-12,24.958099365234375,25.21823909148645,24.866286202641824,25.141728609107293,25455100
2017-04-13,24.805072784423828,25.13407307651597,24.805072784423828,25.026957245358066,16234900
2017-04-17,24.950448989868164,24.996354110910538,24.828030469275582,24.850983029796765,11961200
2017-04-18,24.996347427368164,25.04225545482337,24.8280238307397,24.91218708839742,13349600
2017-04-19,24.981046676635742,25.164672941779024,24.950441326216243,25.09581236267858,16373800
2017-04-20,25.118772506713867,25.21058565636197,25.034609236750022,25.088167150602033,11927500
2017-04-21,25.111125946044922,25.202939118499778,24.996357291460257,25.202939118499778,13877700
2017-04-24,25.46308135986328,25.524292093270844,25.34831561275672,25.432478911847916,15400500
2017-04-25,25.570194244384766,25.64670765222644,25.51663631823963,25.5472416813763,15058800
2017-04-26,25.554893493652344,25.730869946853524,25.531938012843177,25.692614703755524,17949700
2017-04-27,25.822681427001953,26.09812382921335,25.723215466495,26.02161042932809,26639000
2017-04-28,26.067522048950195,26.075174849333518,25.76147424475705,25.922150947236943,20461700
2017-05-01,25.991003036499023,26.121071413492903,25.868584538692406,26.098118857243914,13577300
2017-05-02,26.197589874267578,26.197589874267578,25.960402711889454,26.059868672717414,15983600
2017-05-03,26.20524024963379,26.27410085170881,26.105774286928135,26.136379647558773,14432200
2017-05-04,26.15167999267578,26.388867138351994,26.067516717800753,26.26644862544856,13638500
2017-05-05,26.31235694885254,26.320009748602992,26.0675198932208,26.205241101849644,15091800
2017-05-08,26.2358455657959,26.47302981356174,26.128729722458058,26.3659139702239,13232700
2017-05-09,25.937448501586914,26.212887968481674,25.891540464427322,26.121074812850086,18855900
2017-05-10,25.81502914428711,25.937447654024798,25.692610634549418,25.937447654024798,17481400
2017-05-11,25.730859756469727,25.876230790144948,25.61609115394042,25.799720334249947,17515600
2017-05-12,25.593141555786133,25.723209929562145,25.355954445228118,25.707907252879,20194300
2017-05-15,26.18993377685547,26.36591019696742,25.99100479893813,26.013957356743518,31531000
2017-05-16,26.243494033813477,26.26644951235569,26.03691223905962,26.1975889141044,18950000
2017-05-17,25.876235961914062,26.251144275579165,25.860933283939225,26.166981006061242,38787800
2017-05-18,24.009357452392578,24.10882342425512,23.23659099679861,23.7951257456315,85500500
2017-05-19,23.879281997680664,24.315399568865953,23.73391093329594,24.284794212567878,39859200
2017-05-22,24.170024871826172,24.468419772182877,23.833373279536826,23.833373279536826,35085200
2017-05-23,24.300100326538086,24.38426360891403,24.116472540817416,24.353658248288625,29827500
2017-05-24,24.093515396118164,24.437818361788263,23.886933616716107,24.43016702262407,23446300
2017-05-25,24.05525779724121,24.246536879529895,24.001699887695352,24.139419601094595,21586500
2017-05-26,24.10116195678711,24.17002253626826,23.99404614841351,24.108813294434285,16403100
2017-05-30,24.238893508911133,24.338358022285984,24.0170090000336,24.02466034096152,17108300
2017-05-31,24.124120712280273,24.399561625010268,24.078212677372168,24.31539981303286,30196700
2017-06-01,24.346004486083984,24.346004486083984,24.078213444628407,24.116470141604218,15525500
2017-06-02,24.46841812133789,24.529628824300328,24.238883822602673,24.43016289132985,20085200
2017-06-05,24.300100326538086,24.521983353696594,24.154727782255254,24.521983353696594,15976000
2017-06-06,24.147075653076172,24.300099532515194,24.101169072982014,24.292448192608855,16186600
2017-06-07,24.18532943725586,24.26949124739279,24.055259593214753,24.18532943725586,14948400
2017-06-08,24.18532943725586,24.338351838905357,24.11646884574329,24.12412018472732,21828600
2017-06-09,24.0017032623291,24.35365612273985,23.78747013468096,24.2082835911449,25376600
2017-06-12,23.909894943237305,24.20828996513877,23.83338298755011,23.978755557421362,25784400
2017-06-13,24.254188537597656,24.330699004046622,23.932839616743745,23.948140834427374,27781000
2017-06-14,24.17768096923828,24.460773248544534,23.971099170170127,24.384262768306435,24940400
2017-06-15,24.162378311157227,24.208284891210095,23.886935912152268,23.90988993185064,19328000
2017-06-16,24.200632095336914,24.208283434776046,23.871633255516933,24.18533087580243,36367400
2017-06-19,24.4760799407959,24.4990339642366,24.162382250493536,24.30775481359642,18459200
2017-06-20,24.36896514892578,24.606150897473864,24.361313807444336,24.437825762914606,18190100
2017-06-21,24.361305236816406,24.384259253185213,24.10881689413416,24.27714196947444,20386100
2017-06-22,24.36896514892578,24.4837323524591,24.254197945392463,24.414871738470275,19436600
2017-06-23,24.552583694458008,24.713257426859304,24.292444019704238,24.36895594628069,25792200
2017-06-26,24.6673583984375,24.866287413522983,24.621450355561795,24.65205571747893,22175000
2017-06-27,24.300100326538086,24.68265711894821,24.300100326538086,24.552588714322,23224200
2017-06-28,24.544940948486328,24.69796192742312,24.300102420417723,24.31540510204902,17732300
2017-06-29,24.032304763793945,24.506676090016956,23.909886262875514,24.323049797982954,27664500
2017-06-30,23.948143005371094,24.323051329806464,23.948143005371094,24.323051329806464,23604600
2017-07-03,23.971097946166992,24.208283633350526,23.74156359848535,23.78747017615292,14112100
2017-07-05,24.0251522064209,24.14871442473217,23.731690833198254,23.824363233420623,24270300
2017-07-06,23.72397232055664,23.955652626714873,23.685359672685983,23.93248415420562,20789100
2017-07-07,23.86298370361328,23.99426878776528,23.747144270062297,23.754867095362805,15860600
2017-07-10,23.924762725830078,24.009712323675284,23.801200477861517,23.84753595260518,15528800
2017-07-11,24.009714126586914,24.03288260218758,23.832093565916686,23.978822825786025,12806000
2017-07-12,24.063766479492188,24.28000111269276,24.056043656201673,24.133270416128873,18586200
2017-07-13,24.148719787597656,24.1564426120794,24.001989068400878,24.140996963115914,15934200
2017-07-14,24.264558792114258,24.287727265161557,24.148719372834034,24.225946143346896,13573100
2017-07-17,24.326337814331055,24.434454399930676,24.287725168896337,24.326337814331055,16427500
2017-07-18,24.334062576293945,24.334062576293945,24.071492442084942,24.256835806295157,15530700
2017-07-19,24.63524627685547,24.75108569968045,24.29544935998777,24.334063482914882,21567900
2017-07-20,24.604352951049805,24.751082178363244,24.52712618916075,24.64296559550535,16389500
2017-07-21,24.58890724182129,24.735636468763236,24.488512009726314,24.60435288875559,13973800
2017-07-24,24.604352951049805,24.658411242478753,24.449899427271696,24.604352951049805,15504100
2017-07-25,24.805143356323242,24.90553860035522,24.619799990008207,24.635245638778994,14990000
2017-07-26,24.449909210205078,24.890100014231123,24.33406975751063,24.805150394865198,21941500
2017-07-27,24.380395889282227,24.519403768369937,24.10238013110681,24.503958121142862,21437400
2017-07-28,24.341781616210938,24.403562728009323,24.140992634621703,24.287723327509585,15771000
2017-07-31,24.28772735595703,24.39584395129233,24.22594623391141,24.357231302380622,19256400
2017-08-01,24.442176818847656,24.44989964240231,24.272279119579206,24.39584135049771,12962800
2017-08-02,24.341781616210938,24.38039425871822,24.13326981152467,24.38039425871822,15845600
2017-08-03,24.3726749420166,24.496237183389763,24.272281173267697,24.395843414640858,14420800
2017-08-04,24.55801773071289,24.642967322040384,24.388120021035974,24.45762396430791,16929500
2017-08-07,24.58890724182129,24.619797062711925,24.473067835769978,24.55029459746351,11877400
2017-08-08,24.457622528076172,24.712469814115114,24.40356423603427,24.51940364369234,15375700
2017-08-09,24.419010162353516,24.465345631350875,24.21822116606095,24.364950396715592,16131300
2017-08-10,23.940210342407227,24.37267824583614,23.940210342407227,24.37267824583614,23517400
2017-08-11,24.303165435791016,24.364946542340128,23.97109290870063,24.11782211614367,20756600
2017-08-14,24.58890724182129,24.627519886179073,24.372672603675,24.473067835769978,21761600
2017-08-15,24.781970977783203,24.874641904339537,24.588904828983384,24.596627651692714,25251500
2017-08-16,24.975046157836914,25.07544141638444,24.75881293569459,24.789701291745846,29052000
2017-08-17,23.971097946166992,24.534850846021143,23.82436723491109,24.318616191169188,53288800
2017-08-18,23.453678131103516,23.98653968047924,23.445955307825585,23.940204213789595,34802200
2017-08-21,23.69308090209961,23.78575183994284,23.445956437213656,23.45367926086359,24198400
2017-08-22,24.148719787597656,24.19505526150995,23.747141752416027,23.824368524255288,24747200
2017-08-23,23.87842559814453,24.249112316390082,23.870702774058824,24.10238160471777,22436600
2017-08-24,24.125547409057617,24.249109634808704,23.862977311092077,23.90159142725049,22576100
2017-08-25,24.280000686645508,24.558014955335935,24.218219574383426,24.241386570870517,19558300
2017-08-28,24.357227325439453,24.449898256887913,24.256832097896076,24.403562791163683,12958900
2017-08-29,24.310897827148438,24.42673726340091,24.086941780124103,24.141000085510033,16362700
2017-08-30,24.70475196838379,24.866928350164933,24.264561246800845,24.303173899474398,22988700
2017-08-31,24.874645233154297,24.975040468833036,24.704747529746147,24.789695644961213,27800200
2017-09-01,24.94414710998535,24.982759752526665,24.73563530511531,24.882367471110406,14686600
2017-09-05,24.419010162353516,24.897814918586253,24.29544645673055,24.82831097860121,32475500
2017-09-06,24.612079620361328,24.64296944615694,24.426734773674866,24.519407197018097,16962300
2017-09-07,24.527130126953125,24.689305027276895,24.511684477499944,24.681582202550306,14751700
2017-09-08,24.310897827148438,24.54257817263173,24.295452176187215,24.465351390803963,15339500
2017-09-11,24.859201431274414,24.944151025774357,24.45762487767952,24.488514701966146,22440800
2017-09-12,25.029096603393555,25.07543354185414,24.859197441660523,24.944147022527037,18923100
2017-09-13,24.851482391357422,25.01365729814678,24.681583186555315,24.975044645952625,22705100
2017-09-14,24.859201431274414,24.882371377201107,24.642968242333655,24.642968242333655,18194800
2017-09-15,25.052268981933594,25.098605930349315,24.805144482295898,24.86692708018353,29336100
2017-09-18,25.114046096801758,25.22216267354417,24.91325564346091,25.044542162330814,17290900
2017-09-19,25.090883255004883,25.21444549830561,25.021379309025956,25.067713309041068,12927700
2017-09-20,25.175832748413086,25.291673653452758,25.013657838122818,25.137220095385395,19865400
2017-09-21,25.253055572509766,25.407509097378746,25.098602047640785,25.26850121959226,19870000
2017-09-22,25.770469665527344,25.89403188746925,25.206716843795157,25.222162489782363,28234900
2017-09-25,26.040767669677734,26.133438612521655,25.639189656079207,25.724139247834533,32396900
2017-09-26,26.071659088134766,26.33422924538893,26.00215513633347,26.071659088134766,26138300
2017-09-27,25.855422973632812,26.195218396480016,25.716415085659825,26.08710180493573,22594600
2017-09-28,25.755023956298828,25.839973536042002,25.65463167656212,25.65463167656212,15496900
2017-09-29,25.971256256103516,26.002144597529828,25.67007356902098,25.72413184896116,14802700
2017-10-02,26.06393814086914,26.079383791059996,25.886317582609113,25.955821535489694,16555200
2017-10-03,26.141157150268555,26.17977273942414,25.95581528452742,26.040764867140375,13346900
2017-10-04,26.047687530517578,26.14116223668207,25.930848604931274,26.11779207443451,14652200
2017-10-05,26.164531707763672,26.226845212557766,26.02432260771054,26.156743633944334,14524800
2017-10-06,26.289159774780273,26.312526965950166,26.110004375847616,26.21126715660535,15464700
2017-10-09,26.296953201293945,26.39821600266571,26.180114250246696,26.30474424754521,8728400
2017-10-10,26.133373260498047,26.413791458359942,26.071059756202686,26.39042426567582,18011000
2017-10-11,26.164531707763672,26.195689945867283,25.899692626709218,26.000955414839396,12561400
2017-10-12,25.90748405456543,26.063272293839038,25.837379495462983,25.90748405456543,17905600
2017-10-13,26.071060180664062,26.148952805154703,25.95421827251494,26.01653474923798,13578800
2017-10-16,26.125585556030273,26.203478180353777,26.071060124721193,26.172319942059115,10509100
2017-10-17,26.172317504882812,26.226842931114465,26.063266652419507,26.164529431740952,9303100
2017-10-18,26.133373260498047,26.28916147835611,26.047689592105456,26.26579428567199,9971200
2017-10-19,26.289159774780273,26.398210628790334,26.055478948842588,26.102213331182377,13203100
2017-10-20,26.678627014160156,26.787677860835796,26.491680583135686,26.49947162727693,24361400
2017-10-23,26.756515502929688,27.01356643454071,26.69420201646815,26.834411075271934,22632000
2017-10-24,26.93568229675293,27.005783876768348,26.678631284376948,26.795473193895702,16280200
2017-10-25,26.717573165893555,27.052516748121896,26.608522319849477,27.052516748121896,17400900
2017-10-26,26.694210052490234,26.88115353956455,26.538421832319532,26.803260915185778,14616100
2017-10-27,26.818838119506836,26.96683528382492,26.553999055549827,26.600736409687983,20356600
2017-10-30,26.515052795410156,26.779891859859276,26.343685467998093,26.585157341041185,18345100
2017-10-31,26.600730895996094,26.670835426965873,26.452730790941928,26.468309905758804,13935100
2017-11-01,26.966835021972656,27.068097802582248,26.701995960587276,26.70978700524112,22051300
2017-11-02,26.64747428894043,26.982417942347567,26.60852797442146,26.91231338764809,19827600
2017-11-03,26.84999656677246,26.865575684941042,26.507261909889607,26.701996429877425,13414400
2017-11-06,26.80325698852539,26.92009887938944,26.686415097661342,26.772098754773282,12786900
2017-11-07,26.795469284057617,26.857782781005522,26.647469157407418,26.73315281569695,11332900
2017-11-08,26.873355865478516,26.873355865478516,26.57735865003728,26.725358743463943,13061300
2017-11-09,26.522836685180664,26.733150288900088,26.38262761603438,26.70978310117987,16785000
2017-11-10,26.476102828979492,26.553995437182817,26.22683994562128,26.530628249004327,19319400
2017-11-13,26.444950103759766,26.647472710107166,26.351478360169665,26.374845553213902,16441500
2017-11-14,26.515052795410156,26.608524532447213,26.328106349923093,26.374843704148095,17468500
2017-11-15,26.5695858001709,26.725374053936182,26.289167537676146,26.46053491395934,30829600
2017-11-16,27.948301315307617,28.563660188076412,27.909355002562233,28.072931298940777,61177100
2017-11-17,27.963882446289062,28.291035062580097,27.893777889739066,27.963882446289062,27988000
2017-11-20,28.43123435974121,28.462392589986745,27.98723997868564,27.98723997868564,26897800
2017-11-21,28.54807472229004,28.79733460820031,28.493549307960432,28.625967322357415,24146400
2017-11-22,28.39228630065918,28.602599884683286,28.322181772651145,28.58702077052459,17226400
2017-11-24,28.42345428466797,28.48576779127822,28.2910332545747,28.361137806644496,6155800
2017-11-27,28.719449996948242,28.890817348190204,28.431243701015877,28.439031775429893,20942200
2017-11-28,29.38932991027832,29.443855331687477,28.805126419683678,28.820705536002382,30966600
2017-11-29,29.19460105895996,29.623016440625594,28.999866524438016,29.404914712813238,36788600
2017-11-30,29.054391860961914,29.443860928726583,29.05439186096191,29.30365182661825,30749500
2017-12-01,29.288074493408203,29.334811854098884,28.61039910616679,28.89081732748416,26920900
2017-12-04,29.381547927856445,29.591861584632586,29.24133882333902,29.451652480115158,29414400
2017-12-05,29.062179565429688,29.459436661460675,28.95312574300493,29.397123162916504,23288200
2017-12-06,29.14008140563965,29.38155334604077,29.01545139768734,29.108923160798128,16581800
2017-12-07,29.13228988647461,29.428284263238908,29.023236042420294,29.023236042420294,17092000
2017-12-08,29.295856475830078,29.358169966059403,29.147856365137102,29.280277360419635,14044400
2017-12-11,29.56848907470703,29.63080554795649,29.26470369614839,29.280282814460755,16749500
2017-12-12,29.529539108276367,29.6775362567993,29.256912000099227,29.436067381388867,16658600
2017-12-13,29.716480255126953,29.88784456208032,29.599638388711934,29.669742914278526,20199500
2017-12-14,29.521753311157227,29.809959557930995,29.48280403149054,29.75543413209306,16738300
2017-12-15,29.747648239135742,29.817752794698116,29.36597019217321,29.607439128010995,47167700
2017-12-18,29.973541259765625,30.292905799503096,29.833332147547868,29.973541259765625,21591400
2017-12-19,29.833324432373047,30.269530776622766,29.81774531599849,30.11374258428982,19695200
2017-12-20,30.176063537597656,30.222797922259083,29.763224320805662,29.981329011073548,18939500
2017-12-21,30.012481689453125,30.370795445638624,29.98132642616931,30.285111785929328,16387500
2017-12-22,30.02806854248047,30.17606870971006,29.965755028447145,30.00470134614467,11441600
2017-12-26,29.973541259765625,30.129329492386844,29.88006950875825,30.028066695471043,8186100
2017-12-27,30.03586196899414,30.105966534970396,29.950178280421632,30.020282846397887,10543000
2017-12-28,30.059215545654297,30.1682663829972,29.950164708311394,30.1682663829972,8807700
2017-12-29,29.833324432373047,30.08258435154071,29.833324432373047,29.919008086726794,12583600
2018-01-02,30.2695369720459,30.339641524373754,29.934593329969832,30.121536821901962,20135700
2018-01-03,30.511009216308594,30.59669289752196,30.01248922170015,30.160489387946352,29536000
2018-01-04,30.59733009338379,31.028940954707366,30.550244129146567,30.644413064044546,20731400
2018-01-05,31.021085739135742,31.295749319849396,30.89552618593335,31.036781057483026,24588200
2018-01-08,31.34284210205078,31.358537425315923,30.879840543247976,31.013249294213267,16582000
2018-01-09,31.146644592285156,31.3585268948474,31.02893419769001,31.225121182257737,21449800
2018-01-10,31.319297790527344,31.578266110691125,31.099569271777387,31.115264593627604,19473000
2018-01-11,31.468402862548828,31.55472564692258,31.19374217915684,31.49979351024418,21685600
2018-01-12,32.07265090942383,32.11973686856114,31.429157769094587,31.56256648986224,23770500
2018-01-16,31.813688278198242,32.30023125566135,31.641042740501877,32.096198069491784,32845000
2018-01-17,32.331607818603516,32.42577671016915,31.94708010488326,32.0490981503315,24427100
2018-01-18,32.410091400146484,32.551346277884264,32.198209083539815,32.363008436617896,19610200
2018-01-19,32.40224838256836,32.58274007862487,32.25314433405223,32.39439922550103,24582000
2018-01-22,32.692604064941406,32.692604064941406,32.190365785435496,32.33162067574357,22995100
2018-01-23,33.03788757324219,33.0614320474277,32.59843063612417,32.59843063612417,23984500
2018-01-24,33.09282684326172,33.50089622562803,32.967267263577966,33.116371322536274,26696200
2018-01-25,32.88094711303711,33.328253297701245,32.81816582711686,33.17130307647709,19207500
2018-01-26,33.39887619018555,33.39887619018555,32.920179427881045,33.07712962768883,23380400
2018-01-29,33.62646484375,33.7284829651571,33.19485385967318,33.19485385967318,23625900
2018-01-30,33.155609130859375,33.63430597834818,32.93588060817334,33.5008972370198,28993900
2018-01-31,32.59843063354492,32.96726013522895,32.44932660682665,32.943718654621165,36512100
2018-02-01,32.72399139404297,33.04573794638828,31.9156989382869,32.24529464684179,26148500
2018-02-02,32.11972427368164,32.92016730368707,32.0726383330078,32.56703023257071,27224200
2018-02-05,30.432527542114258,32.49641569220712,30.385444576362882,32.07265103898785,52399600
2018-02-06,31.523330688476562,31.633197940386168,29.31034121938392,30.079397014868558,55171600
2018-02-07,31.65673828125,32.33946828589717,31.41346529404174,31.633196796337607,32690800
2018-02-08,30.424684524536133,31.986331583984764,30.385447717828022,31.735212428761102,42982100
2018-02-09,31.021085739135742,31.327136962968083,30.00091399516931,30.60517028044829,51304200
2018-02-12,31.860769271850586,32.10404224228376,31.570413334839266,31.79799098522099,38210700
2018-02-13,32.35517501831055,32.41795632498769,31.562580479765124,31.7823090659802,30999100
2018-02-14,33.0300407409668,33.16344645315015,32.16681920892822,32.2060560070071,43835900
2018-02-15,34.59169387817383,35.415678693780755,33.9481977528989,35.368592735274945,72267500
2018-02-16,34.78788757324219,35.38429486115772,34.36412284590457,34.44259646493301,39267500
2018-02-20,34.575992584228516,35.07038159202071,34.37980561471795,34.52890663385877,29006900
2018-02-21,33.9874382019043,34.85850599918859,33.963893725410664,34.615236026171594,28499200
2018-02-22,33.697078704833984,34.18362462977476,33.547977659589876,34.12869250818082,25887600
2018-02-23,34.5289192199707,34.56030986499272,33.681389765836435,34.03452703839238,25781400
2018-02-26,35.59617233276367,35.666799777613456,34.63093258220086,34.7643383149303,27771100
2018-02-27,35.34505844116211,35.79236466042244,35.01546265174166,35.63541442705922,27419300
2018-02-28,35.141014099121094,36.01208484860113,35.141014099121094,35.525541932104325,26885200
2018-03-01,34.37196350097656,35.3136617462587,34.018826284798735,35.06254261332696,32154300
2018-03-02,34.575992584228516,34.70155212497225,33.82263234619052,33.97173635890692,28848100
2018-03-05,34.93699645996094,35.13318354498302,34.293503060574714,34.466145659761544,22101700
2018-03-06,34.756492614746094,35.14886664834609,34.63877920723557,35.0390023979103,21930000
2018-03-07,34.68585968017578,34.834960711662184,34.37195930553766,34.55245097320304,22034400
2018-03-08,34.79572677612305,34.85065889716801,34.481826375658066,34.72509933569723,20285600
2018-03-09,35.6040153503418,35.737424064860086,35.007608197087805,35.01545435978841,22230900
2018-03-12,35.74527359008789,35.99639273019382,35.62756317704989,35.72957826963424,18299800
2018-03-13,35.43922424316406,36.223972346859966,35.25088338110341,35.92576722925412,23411200
2018-03-14,35.533382415771484,35.91006103223552,35.384281398913494,35.580468365420316,21141100
2018-03-15,35.572635650634766,35.89438227758537,35.407836261356316,35.5490911701226,23520400
2018-03-16,35.321502685546875,35.78450407970903,35.290115043754675,35.572624774914736,56129000
2018-03-19,34.74079513549805,35.17240594692395,34.45043920687714,34.99191426191225,26734100
2018-03-20,34.81926727294922,35.031149588229965,34.67016623341507,34.9134391865691,22809700
2018-03-21,34.772186279296875,35.23518773663752,34.63093139444202,34.71725415669512,22528200
2018-03-22,33.799102783203125,34.544614128878166,33.75986597418373,34.34057793225469,29520800
2018-03-23,33.28902053833008,34.40336465050292,33.28902053833008,34.30134653609242,31759200
2018-03-26,34.575992584228516,34.654466174602504,33.61075305346562,33.940345725327084,29731900
2018-03-27,33.4930534362793,34.936990244918796,33.14776530575259,34.91344875684876,30942000
2018-03-28,32.692604064941406,33.61860701537152,32.66121342407821,33.35963871861463,36696800
2018-03-29,33.657840728759766,33.68923136674025,32.62982278029474,32.91232954139114,55021200
2018-04-02,32.18251037597656,33.453804141760784,31.80583173952869,33.36748139294604,36791800
2018-04-03,32.47287368774414,32.56704261131048,31.95494011776514,32.44148304869666,28003900
2018-04-04,32.591522216796875,32.86839073218349,31.79255361358321,31.950765487078634,30117600
2018-04-05,33.081993103027344,33.24020505684001,32.733929218753104,32.82885518398389,29331600
2018-04-06,32.219730377197266,32.971234643930686,31.998235526318748,32.74973979305217,32208700
2018-04-09,32.567779541015625,33.27182203407049,32.354197040668716,32.39374924378334,25725800
2018-04-10,33.6278190612793,33.786031005146604,33.02661729575373,33.303485934290144,22724400
2018-04-11,33.564537048339844,33.93633467434954,33.43005583605556,33.556624791218574,21693000
2018-04-12,34.28438949584961,34.521705846925514,33.801844538665286,33.841396760904416,22297000
2018-04-13,34.015438079833984,34.600821365249345,33.73065718518012,34.45051866104768,18272300
2018-04-16,34.25274658203125,34.52170591851265,34.039160960327685,34.11035616756221,15807900
2018-04-17,35.27321243286133,35.39978136283845,34.5770818091665,34.68782924569132,21474600
2018-04-18,35.30485916137695,35.53426329664434,35.043809018209785,35.289037666247886,17605300
2018-04-19,35.249488830566406,35.558000471178254,35.107098378339096,35.13873835400144,21472300
2018-04-20,34.877689361572266,35.399786652954866,34.50589175398525,35.202022481709314,23539200
2018-04-23,35.00424575805664,35.186188368241524,34.70364348061868,35.012154994307856,20716800
2018-04-24,34.60081100463867,35.526345617486655,34.276477975652504,35.14663887752536,21421500
2018-04-25,34.57709503173828,34.79859300713192,33.8176811614693,34.64829027067865,21706000
2018-04-26,34.972599029541016,35.19409685016476,34.36348530369636,34.79065643885605,20549300
2018-04-27,35.36814880371094,35.86651543264998,35.091280130768254,35.352327305593896,20077400
2018-04-30,35.035892486572266,35.739932276237425,35.02798023183389,35.53425590001373,19958500
2018-05-01,35.463077545166016,35.558003515564224,34.67202075068246,34.735303725067205,16865500
2018-05-02,34.695743560791016,35.63709984477255,34.64827907761659,35.526352401673726,23601600
2018-05-03,35.154544830322266,35.44723786686622,34.36348844155825,34.81439034174249,23750200
2018-05-04,35.834869384765625,35.9930813348207,34.72739176966401,34.81440547543444,19504100
2018-05-07,36.175018310546875,36.38860395675787,35.834863727800645,35.88232821061692,17822400
2018-05-08,36.159202575683594,36.28577153237863,35.89815542271843,36.2462192992193,20285300
2018-05-09,36.420249938964844,36.46771140804086,35.747849956517925,36.3095024875985,20438300
2018-05-10,36.62592697143555,36.68130070259972,36.12756037331592,36.38861054964021,18469400
2018-05-11,36.33322525024414,36.60218458068206,36.21456556830584,36.45979416941251,17551500
2018-05-14,36.151283264160156,36.57054225059672,36.127549516763345,36.190835486300024,22037700
2018-05-15,35.97726058959961,36.03263432062933,35.54217998109098,35.76367490520985,24753600
2018-05-16,35.72411346435547,36.03262503419394,35.605453775506255,35.88232537694068,31253700
2018-05-17,34.37931442260742,34.933054570608455,34.03125065243242,34.11826734938643,48210400
2018-05-18,34.18156051635742,34.466341421457685,34.10245605055932,34.37932469849461,24456000
2018-05-21,34.60873031616211,34.759030001469824,34.34768015902357,34.40305690375988,21785900
2018-05-22,34.52961730957031,34.735290671078666,34.395136135874004,34.64036473635489,16381800
2018-05-23,34.5533561706543,34.56917766643854,33.928420666564456,34.33186126495836,20638800
2018-05-24,34.46633529663086,34.78275913887716,34.02334252101432,34.49006602862484,18377500
2018-05-25,34.221107482910156,34.50588834418499,34.18155525609787,34.379319407800786,15362000
2018-05-29,33.99171447753906,34.14201419563878,33.635738284521345,33.82559024236915,25197400
2018-05-30,33.89677810668945,34.28439721423564,33.880959628345515,34.07872380170459,22498800
2018-05-31,33.78602981567383,34.11827518786231,33.70692535534605,33.90468952380723,31439600
2018-06-01,34.537540435791016,34.56127117460483,33.92051708549363,33.944247824307446,18352700
2018-06-04,34.4742431640625,34.67200728588212,34.18155009106794,34.410957196612536,18087700
2018-06-05,34.54543685913086,34.6087228293437,34.323941998668225,34.600813591887665,16728800
2018-06-06,35.01216125488281,35.0517164961339,34.537528536282124,34.61663298350183,17730200
2018-06-07,34.52961730957031,35.11499742761481,34.2922979462993,34.99634076362036,19722000
2018-06-08,34.395137786865234,34.59290192065653,34.26065962435493,34.42678077250573,18812400
2018-06-11,34.56126022338867,34.74320287114217,34.36349608222514,34.50588650527419,15069000
2018-06-12,34.759033203125,34.76694546066262,34.38723857519322,34.55335977177819,17564900
2018-06-13,34.81439971923828,35.22574951431232,34.67992154539329,34.822311975135904,24383200
2018-06-14,35.352325439453125,35.447254423144365,34.84604959700142,34.988440054896216,24020500
2018-06-15,35.00424575805664,35.22574058477898,34.48214865389634,35.091262445023474,49379800
2018-06-18,34.972599029541016,35.13872013177855,34.323933091397954,34.70363976121533,17625400
2018-06-19,34.66410446166992,34.82231640569615,34.363502069784275,34.505892517643694,22199200
2018-06-20,34.60081100463867,34.798575120304406,34.56916802189833,34.76693213756406,21276500
2018-06-21,34.142005920410156,34.63246021322515,34.06290146008706,34.56126499187767,20924400
2018-06-22,34.17364501953125,34.371409165457194,33.92841639223218,34.284392458427156,27460000
2018-06-25,33.45378494262695,33.87304398255623,33.07407812988395,33.7702057777587,28626700
2018-06-26,33.659454345703125,34.126177813530894,33.532885423121414,33.6040806306762,22171200
2018-06-27,33.48542404174805,34.13409014870646,33.44586880151502,33.80184484012419,20794800
2018-06-28,33.96797561645508,34.16573980312722,33.44587828434632,33.48543353579435,22197700
2018-06-29,34.03916549682617,34.41096307500601,33.99170403077192,34.05498699139143,20522900
2018-07-02,33.86513137817383,33.88095287100408,33.38258640859552,33.667367244257555,21810900
2018-07-03,33.7543830871582,34.19737586181355,33.714830861373585,33.967968727564816,13474700
2018-07-05,33.92977523803711,33.993551427579234,33.451440131246194,33.92977523803711,18118700
2018-07-06,34.049354553222656,34.18488388920669,33.73046754361247,33.794243729070146,20258300
2018-07-09,34.01746368408203,34.105158596864676,33.770326792960915,34.08124290834606,23210000
2018-07-10,34.168949127197266,34.31244938811294,34.049364562713606,34.17692001228733,20224600
2018-07-11,33.937744140625,34.089215242963384,33.83410441736141,33.92977325783285,17721600
2018-07-12,34.74293899536133,34.78279949031366,34.08124322274155,34.08921410526768,17999500
2018-07-13,33.30793762207031,34.90238178651463,32.63827095135726,34.695105383247665,50831300
2018-07-16,33.88193130493164,34.232707851859125,33.48332034840303,33.523180835823844,24468000
2018-07-17,33.75437927246094,33.88990555138216,33.59493426578379,33.65073956194671,21188400
2018-07-18,33.65073776245117,33.85801717239523,33.60290639181823,33.674656488928036,20364000
2018-07-19,33.80221176147461,34.28851459445782,33.65871156775485,34.12109871550489,24498800
2018-07-20,33.491310119628906,33.77831065679293,33.37172858991854,33.69061571030815,20732100
2018-07-23,33.531166076660156,33.578997461246814,33.036886134082,33.419552416581645,15656500
2018-07-24,33.79425048828125,34.184890726550016,33.539139613103835,33.65872416635141,17493900
2018-07-25,34.40810012817383,34.45593454122582,33.714517865302476,33.77032315994957,20658300
2018-07-26,34.70307159423828,34.94224061963676,34.4559347283619,34.742935125911686,23518700
2018-07-27,33.937744140625,34.77482672720404,33.81815961061617,34.487826288111584,22050900
2018-07-30,33.61886215209961,33.969641902313526,33.54711506627766,33.8500573436203,15300400
2018-07-31,33.714534759521484,33.977616560235525,33.419560292964356,33.67467424925111,20900300
2018-08-01,33.37172317504883,33.754389482122406,32.94919636453953,33.47536291691088,21650000
2018-08-02,33.90586471557617,33.961670035373096,32.84556059827272,32.99703174612697,18033200
2018-08-03,34.145023345947266,34.18488384194832,33.85004898498546,34.049354506151644,13394300
2018-08-06,34.51972198486328,34.60741691683573,34.00950024374516,34.06530555660736,14345800
2018-08-07,34.74293899536133,34.79077037283979,34.47188337206034,34.51971474953881,18040500
2018-08-08,34.950218200683594,35.04588400448432,34.63132813313306,34.79077316690832,13917100
2018-08-09,34.90238571166992,35.16547048814723,34.838609519323484,34.99008063716236,14098900
2018-08-10,34.90238571166992,35.03791506229311,34.74294371022321,34.8306355945544,14322100
2018-08-13,34.87846755981445,35.388689227246545,34.83860706226401,35.1415523177372,18113200
2018-08-14,35.0777702331543,35.300991434193826,34.74293843159499,34.95021482668017,15981300
2018-08-15,34.966163635253906,35.47638531955612,34.28852298984661,34.806718598619184,27902200
2018-08-16,36.002567291259766,36.743984445403136,35.938791073881404,36.48887349356482,48648500
2018-08-17,36.568580627441406,36.73599959690107,35.81121894650328,35.954719182519405,23153900
2018-08-20,36.847599029541016,36.935293929501846,36.49681942969768,36.66423834833216,19288500
2018-08-21,36.49683380126953,37.01502948263994,36.449002412390854,36.871529233680796,18617300
2018-08-22,36.66424560546875,36.799771902298815,36.44899527418487,36.63235599168722,13202900
2018-08-23,36.68817138671875,36.87153215465655,36.55264201144885,36.576560748944594,15379000
2018-08-24,36.92732238769531,37.02298817511075,36.72801688990285,36.831656600279885,15575200
2018-08-27,37.142581939697266,37.357832295855204,36.94327639227265,37.07083182097795,17209900
2018-08-28,37.4295768737793,37.6846876934252,37.166492130366485,37.29404754018943,19147300
2018-08-29,37.85211944580078,37.963730095977766,37.38973203204441,37.52525838121299,20220600
2018-08-30,37.589027404785156,37.899943571718865,37.44552716756017,37.716582833300556,16238500
2018-08-31,38.08330535888672,38.13113978633276,37.30999884156333,37.39769377130038,24904200
2018-09-04,38.05141067504883,38.31449542923719,37.87602083892325,38.139105593111616,19122200
2018-09-05,37.684696197509766,37.98764150463848,37.27811114614936,37.91589138034909,20818100
2018-09-06,37.692665100097656,38.18694505973019,37.52524916594537,37.82022053199864,16537600
2018-09-07,37.509300231933594,37.860079911957286,37.37377393095066,37.47741061717489,17229700
2018-09-10,37.52524948120117,37.8361656589993,37.29405430857539,37.7086102260267,16597200
2018-09-11,37.49336242675781,37.604973058096476,37.023001165286594,37.39769660577634,17291500
2018-09-12,37.381752014160156,37.477417835701424,37.023001381928346,37.35783631906525,16649400
2018-09-13,37.66077423095703,37.788329648321074,37.30999455233513,37.3418841669664,17972100
2018-09-14,37.788333892822266,37.8600840132213,37.54916479738457,37.68469415421002,13937000
2018-09-17,37.5571403503418,37.93183577768383,37.52525073074641,37.652806167966446,14430200
2018-09-18,37.8361701965332,37.987644382152304,37.52525398144819,37.52525398144819,16469600
2018-09-19,37.692665100097656,37.96372077303243,37.56510966819667,37.804275722865846,12721900
2018-09-20,38.05141067504883,38.11518990315303,37.59699431886982,37.79629984495398,17007800
2018-09-21,38.71311569213867,38.776891894255705,38.12316985645715,38.210864795384566,59664600
2018-09-24,38.61744689941406,38.76094715589779,38.41814132553797,38.43408613638746,21819300
2018-09-25,38.641357421875,38.9682183719011,38.60946780695512,38.72107841801363,15810800
2018-09-26,38.5935173034668,39.11171282537049,38.48190670888092,38.85660202598546,20080100
2018-09-27,38.529747009277344,38.87254972736805,38.43407816402493,38.529747009277344,15910100
2018-09-28,38.78486251831055,38.90444402753509,38.31450128323985,38.48191722085109,15474300
2018-10-01,38.96025085449219,39.17550122885709,38.80080579483357,39.06389059944452,13669500
2018-10-02,39.071861267089844,39.17550101146707,38.80080557952279,38.86458481949694,15671600
2018-10-03,39.17549133300781,39.43857607116276,39.11968603239812,39.27115712817289,16737500
2018-10-04,38.83037185668945,39.14339006647844,38.557483637077155,39.0310248692949,22110900
2018-10-05,38.62971878051758,39.20759737389941,38.21236014757837,38.846424401181515,19103300
2018-10-08,38.14012908935547,38.926688615625345,37.843163456168,38.461172106883936,23791400
2018-10-09,38.116050720214844,38.549458935766474,37.947499849015735,38.148152877932645,17008400
2018-10-10,36.62318801879883,38.13209644034307,36.55095281317114,38.07591384282397,33055800
2018-10-11,35.41124725341797,36.599112869779105,35.2507242108346,36.48674765848746,36496300
2018-10-12,36.687408447265625,36.79977368229677,35.68414304631181,36.06137181682181,35424000
2018-10-15,35.85267639160156,36.695421436776826,35.85267639160156,36.53489842523288,26160500
2018-10-16,36.775672912597656,36.87198547257687,35.99713847665291,36.35028963277848,22669400
2018-10-17,36.87199783325195,37.10475607114072,36.29411921793218,36.83186784161784,17803400
2018-10-18,36.48673629760742,37.313428637901644,36.23792856771075,37.16093041715576,19044600
2018-10-19,36.390438079833984,37.08068507706148,36.2218902488987,36.43859591512519,21356300
2018-10-22,36.727535247802734,37.14489398560674,36.44662218472443,36.73556308487512,19195400
2018-10-23,36.45463943481445,36.73555550162656,35.668079958840394,36.23793686615769,21836200
2018-10-24,35.371116638183594,36.66332266883124,35.282828813224214,36.51082746499743,29588800
2018-10-25,36.49477767944336,36.76766594965573,35.48348459382942,35.81255547305116,27054500
2018-10-26,35.51559066772461,36.20583766549273,35.138361945287926,35.772426332700284,31806600
2018-10-29,35.1865119934082,36.157671828025514,34.46415993195288,36.02925402395812,28214200
2018-10-30,35.78044509887695,35.87675768339631,35.11427565679021,35.250718229715815,25924600
2018-10-31,36.71949768066406,37.16093365245885,36.02925089558922,36.157668688506284,26023700
2018-11-01,36.63923645019531,36.82383682981756,36.19779743183604,36.65528599475239,24662100
2018-11-02,36.502803802490234,36.99239775198849,36.101497688045455,36.695432084581704,25581300
2018-11-05,37.03252410888672,37.273307141527695,36.39845977561166,36.71148108593954,17525200
2018-11-06,37.32146072387695,37.417773313624146,36.92015469458796,36.95225991174436,15446700
2018-11-07,38.44511795043945,38.46919533189453,37.52211287951657,37.706713281356755,19990400
2018-11-08,38.87853240966797,38.87853240966797,38.421043717740034,38.421043717740034,21002000
2018-11-09,37.811058044433594,38.72603538542612,37.481987192642904,38.58959279255496,22015400
2018-11-12,36.61516189575195,37.92342043140866,36.55095452203764,37.83513261354466,25913500
2018-11-13,36.2138557434082,36.96831304875805,36.141620534634754,36.67937221366424,26196700
2018-11-14,35.579803466796875,36.6312235830058,35.379150398913,36.48675312919158,36613500
2018-11-15,37.53816604614258,37.80302643125438,36.237935378952805,37.56224342795583,45983300
2018-11-16,37.20106506347656,37.75486930429101,37.02449250502892,37.28935287356129,31327400
2018-11-19,36.71949768066406,37.38566708635498,36.31819169508303,37.201063638672615,28370400
2018-11-20,35.708213806152344,36.35030287614541,35.42729773309637,36.05333419362434,28430600
2018-11-21,36.02926254272461,36.26202082441829,35.635984264284765,36.077420378782065,20117400
2018-11-23,35.74834060668945,36.21385399271907,35.62794757731318,35.67610540140807,9372900
2018-11-26,36.575035095214844,36.63121770026193,36.189781634153825,36.2299116289414,18275900
2018-11-27,37.0164680480957,37.23317367578969,36.28609118218875,36.47871942737965,21472700
2018-11-28,37.95552444458008,38.10801963131884,37.01646675731808,37.160937170743004,24293800
2018-11-29,37.99565887451172,38.3327545040793,37.64251063471869,37.64251063471869,22650800
2018-11-30,38.42105484008789,38.45316007099289,37.65857244557272,37.93948862340638,41619100
2018-12-03,39.11931610107422,39.15944609475553,38.589592224003,38.78221741836221,24690100
2018-12-04,38.003684997558594,39.44036151564174,37.92342500530513,39.087213263315064,30802700
2018-12-06,38.838401794433594,38.89458440049604,37.29738792233946,37.71474661146222,40133000
2018-12-07,37.27330780029297,38.91866518615136,37.20910041925769,38.653801702359445,38298000
2018-12-10,37.61040115356445,37.82710677447506,36.775683886735884,37.160937303336304,28682000
2018-12-11,37.79499435424805,38.445111093073,37.49000097608951,38.41300588237812,26048500
2018-12-12,38.05986404418945,38.68590355974923,38.01170927803096,38.4611700913617,23157200
2018-12-13,38.09999465942383,38.50130068090764,37.82710644234596,38.268542453633756,20051700
2018-12-14,36.775672912597656,37.417761748660865,36.631202541768296,37.21710879603354,27364500
2018-12-17,35.4754524230957,36.912128695041204,35.24269419902638,36.775683057519835,36610300
2018-12-18,35.36308670043945,35.80452269905787,35.09822326423527,35.756364875642056,30513800
2018-12-19,34.624691009521484,36.05333979492848,34.16720228471761,35.22665018023423,34820100
2018-12-20,34.10298538208008,34.69691655021397,33.6053637353798,34.50429138390312,38810900
2018-12-21,33.58930969238281,34.88151545290309,33.501024947601124,34.4400794821079,77915100
2018-12-24,32.3292121887207,33.55721069938484,32.30513480712481,33.468922884570595,24069400
2018-12-26,34.08692932128906,34.11100669920821,32.425522886994756,32.65025324549748,33335900
2018-12-27,34.440093994140625,34.456146607698216,33.02749768002554,33.62142907304145,28404100
2018-12-28,34.32772445678711,34.93770838687792,34.07891357042604,34.64876750251606,22447300
2018-12-31,34.777183532714844,34.95375611157644,34.424032251547324,34.664815267611075,20581200
2019-01-02,34.47219467163086,34.672847722034156,33.87826029527917,33.934442904454286,23833500
2019-01-03,33.21849822998047,34.30232567160872,33.1295268370559,34.21335427868415,29606700
2019-01-04,34.7148323059082,34.77953990767224,33.59056395139849,33.84938818759806,27515000
2019-01-07,34.94940185546875,35.30528758719561,34.58542921412496,34.66631373743973,19488100
2019-01-08,35.23248291015625,35.53983475393199,34.860420380939615,35.24056981744374,22071400
2019-01-09,35.038360595703125,35.483214513783636,34.91703539739573,35.483214513783636,22640000
2019-01-10,34.973663330078125,35.01410404274783,34.43983790072369,34.86851500879402,23277600
2019-01-11,35.17586898803711,35.216309699567695,34.69057119338453,34.86851402663333,17378400
2019-01-14,34.94940185546875,35.09499091200627,34.77954898465134,34.84425660330316,16243600
2019-01-15,35.60455322265625,35.62073012759762,34.900874827567044,35.046463886610205,17744100
2019-01-16,35.5560188293457,35.78249238966563,35.39425288209684,35.68543097005903,17262500
2019-01-17,35.75822067260742,36.0170449191501,35.42660191388533,35.483219524977265,18826200
2019-01-18,36.42146301269531,36.68028729350947,35.83910992357785,35.97660897288527,24416500
2019-01-22,36.21925354003906,36.591316114589446,35.89572475683996,36.30013804991026,21338400
2019-01-23,36.76924514770508,37.10895381928644,36.413362664292485,36.51042096241816,24770400
2019-01-24,36.89059066772461,37.00382592552199,36.5832356212536,36.906767573899856,17360600
2019-01-25,37.31117248535156,37.73984960248781,37.16558344831875,37.30308249138937,24196600
2019-01-28,37.003807067871094,37.019983965802375,36.58321697794123,36.98763016993982,18296700
2019-01-29,37.173667907714844,37.24646242143528,36.92293364912214,37.05234577513309,14470100
2019-01-30,37.78029251098633,37.95823536334877,37.14131870971106,37.15749561314663,18329300
2019-01-31,38.24940872192383,38.32220323566298,37.626611901139654,37.78837783005204,23693600
2019-02-01,38.289852142333984,38.467794985272384,38.05529168308404,38.314115953487885,16266500
2019-02-04,38.297935485839844,38.39499689227757,38.11190575164347,38.192790257008234,15743100
2019-02-05,38.225135803222656,38.38690170664262,38.079549884115465,38.35454790887303,16946300
2019-02-06,38.40309143066406,38.49206286152943,37.97441426605347,38.11191332435158,18160500
2019-02-07,37.7722053527832,38.27367701426211,37.60235249597356,38.168528685339034,20331200
2019-02-08,38.168521881103516,38.17661187404016,37.44866678115574,37.529551283380826,18407100
2019-02-11,38.48397445678711,38.58911970242526,38.12000183803884,38.289854698311736,19363600
2019-02-12,38.73470687866211,38.945003530636804,38.1442638080741,38.23323523118426,23909200
2019-02-13,38.41925811767578,38.78323065377098,38.11190318881449,38.71043614655194,28325600
2019-02-14,39.147212982177734,40.18251015677121,39.098682270082804,39.511182523888344,47598600
2019-02-15,39.98030471801758,40.10971686883447,39.17956491360558,39.495009923811494,30189600
2019-02-19,40.158241271972656,40.384711728957456,39.794268690798106,39.794268690798106,20204500
2019-02-20,40.142066955566406,40.27956600318401,39.9155933985657,40.19868457345939,17550900
2019-02-21,39.96411895751953,40.214856294039585,39.79426612572935,40.069267270954185,17120600
2019-02-22,40.530296325683594,40.619267734169945,40.10161926889833,40.1986775847797,22008100
2019-02-25,41.08030700683594,41.25015986578034,40.716334390934456,40.716334390934456,24264300
2019-02-26,41.395748138427734,41.58177789742728,40.82956886709978,40.85383267923008,19382500
2019-02-27,41.72736740112305,41.77589811134753,41.161188123552805,41.420012407225684,19940900
2019-02-28,41.872955322265625,42.026631272374374,41.533246530671605,41.695012474981674,30708500
2019-03-01,41.58176803588867,42.1317702735482,41.46853282556372,42.05897576899244,23683700
2019-03-04,41.37957763671875,41.99428462740397,40.950900433812336,41.775904113589625,18725900
2019-03-05,41.49280548095703,41.66265833266834,41.22589429761478,41.34721644079627,14994200
2019-03-06,41.79206085205078,41.88912224677295,41.18544101946336,41.54941353610142,19686900
2019-03-07,41.48471450805664,42.03471680913027,41.42000690302284,41.695008053559654,22209200
2019-03-08,41.3067741394043,41.35530484606959,40.85383013348075,41.02368606409496,18182200
2019-03-11,41.994285583496094,42.13178774263749,41.33104786051357,41.363401672715,17859300
2019-03-12,42.1803092956543,42.285454534318085,41.80015979846291,42.06707097755465,19485300
2019-03-13,42.536197662353516,42.754581248720484,42.172225018408575,42.390608604775544,20568000
2019-03-14,42.65751647949219,42.83545623439311,42.47148364527749,42.568545059327406,19215900
2019-03-15,43.029579162597656,43.36928488063532,42.81119559296108,42.81928250201627,43670700
2019-03-18,43.28030776977539,43.62810343662025,42.94060209635211,43.08619112365593,19073800
2019-03-19,43.1185417175293,43.67663089037436,42.98103960845174,43.50677806630346,20596400
2019-03-20,43.078102111816406,43.57148681720741,42.75457333243586,42.9972206883284,21140800
2019-03-21,43.62809753417969,43.86265794481647,42.900155581572214,42.93250938002446,20082700
2019-03-22,42.65751647949219,43.78987187455023,42.62516267480888,43.60384212576417,23938500
2019-03-25,42.64943313598633,42.811199099198596,42.26119667553435,42.62516932140468,18774900
2019-03-26,43.05384063720703,43.26413728636852,42.867810884751066,43.02148683188547,17742700
2019-03-27,42.981040954589844,43.401631116958185,42.65751219652611,43.110453074901,20447500
2019-03-28,43.15898132324219,43.42589245633378,42.883980197537674,43.021479217675854,13095000
2019-03-29,43.66855239868164,43.676639307631405,43.1589907428392,43.433991928563664,19582300
2019-04-01,44.46928787231445,44.50164167810841,43.99208003585412,44.064874556176164,19741700
2019-04-02,44.72001266479492,44.81707096945741,44.461188462076365,44.48545226688502,17264000
2019-04-03,44.995025634765625,45.13252467885501,44.54208161781548,44.85752350524755,21110400
2019-04-04,44.88107681274414,45.32060932701698,44.65317244458674,45.06828441586832,16412100
2019-04-05,44.93804168701172,45.263621935932065,44.87292750020568,44.97060033289643,13817500
2019-04-08,45.165950775146484,45.222926855072124,44.59618687092665,44.92990524118972,13862800
2019-04-09,44.91362762451172,45.108973304548115,44.653164647820795,44.832234108657154,15508400
2019-04-10,45.43455505371094,45.45083437840336,44.8566529994666,44.8566529994666,13460200
2019-04-11,45.25547409057617,45.540357542877594,45.019431704908364,45.524078222320696,13186000
2019-04-12,45.817115783691406,45.874091873057566,45.41014194252512,45.52409412125744,14331700
2019-04-15,46.03687286376953,46.07756961878992,45.77640990568297,45.90664138472625,12198400
2019-04-16,46.35431671142578,46.82640470759885,46.07757440161271,46.08571251147616,19718300
2019-04-17,45.833396911621094,46.655482736908596,45.81711758473883,46.54153055369687,26093600
2019-04-18,45.90664291381836,46.15082655703754,45.670597379888974,46.093850477118515,18332000
2019-04-22,45.857818603515625,46.06944366268845,45.66246976777083,45.71130775294813,11951500
2019-04-23,46.14269256591797,46.15083378144566,45.7438599440519,45.93106753665736,18796600
2019-04-24,46.29734420776367,46.51711045063643,46.05316052844858,46.101995401333234,13212000
2019-04-25,45.849674224853516,46.2159481962438,45.589208111140714,45.955485187494986,15526900
2019-04-26,45.483402252197266,45.88223492067522,45.320612077221554,45.597354443190966,18010900
2019-04-29,45.68687438964844,45.760129789400565,45.21478334569843,45.312456177046826,16259500
2019-04-30,45.540367126464844,45.67873672287286,45.19850753275424,45.58106388393993,20846000
2019-05-01,45.23920440673828,45.86594126137293,45.18222522408086,45.58106087290264,17648500
2019-05-02,44.71827697753906,45.49152776581533,44.62060414158775,45.15780939676517,24220600
2019-05-03,44.71827697753906,44.758976838735286,44.099678209896126,44.47409333517905,26887100
2019-05-06,44.43339538574219,44.57176497421051,43.595030430999465,43.83921406680223,17025900
2019-05-07,43.505489349365234,44.14850854348832,43.090374434693196,43.83920766068838,25289700
2019-05-08,43.52178955078125,43.904342902691035,43.245047176546294,43.27760272854231,21525100
2019-05-09,43.07410430908203,43.31014985173824,42.51248159841786,42.99271079332094,24322800
2019-05-10,43.43224334716797,43.58689226951546,42.284577384053414,42.821782662426955,21795900
2019-05-13,41.755516052246094,42.53690509275276,41.560170344601445,42.18691044114243,28869900
2019-05-14,42.341556549072266,42.683413067034884,41.82063055695943,41.877606643286526,25478300
2019-05-15,42.68341064453125,42.903176867161704,42.07294994999008,42.1299260330835,30577200
2019-05-16,45.52409744262695,45.90665387482248,44.05085091233213,44.172944315575364,46057800
2019-05-17,45.865943908691406,46.256641471091704,45.19036904634145,45.40199404642503,27299300
2019-05-20,45.589202880859375,45.89850383262513,45.21478773685871,45.418274633158674,21004100
2019-05-21,46.00432205200195,46.19152964094669,45.686882961836375,46.13455355322281,18562300
2019-05-22,45.328739166259766,45.82524768196701,45.312459842224364,45.760133490788974,19479200
2019-05-23,44.10783386230469,44.77527086586683,43.90434689524392,44.6938773210284,22734200
2019-05-24,44.254329681396484,44.49851333785889,44.00200791520291,44.41711982069264,13057600
2019-05-28,43.89619064331055,44.791531686405925,43.806655918008325,44.555489261929566,29769200
2019-05-29,43.285728454589844,43.58688816128683,43.02526550204705,43.58688816128683,19762100
2019-05-30,43.60316848754883,43.77409672190865,43.415960930159976,43.49735444034177,12954300
2019-05-31,42.349693298339844,43.041550632164494,42.33341397348899,42.9682952228175,20480400
2019-06-03,42.146209716796875,42.78922912674691,41.91016725026568,42.36597596215818,22380500
2019-06-04,43.32643127441406,43.66014967314007,42.65899447696206,42.7159705617472,21689300
2019-06-05,44.56364059448242,44.596199250610475,43.74969282106722,43.831086356423,22521900
2019-06-06,44.8485107421875,45.01130088036416,44.12409788751319,44.677582494335645,15927300
2019-06-07,45.52409744262695,45.82525723767225,44.791543233096,45.100844244338425,17394900
2019-06-10,45.92292022705078,46.11013089977691,45.548505091525634,45.69501590194218,16871000
2019-06-11,46.48454666137695,46.8508236923515,46.17524571244693,46.18338692700392,26723700
2019-06-12,45.46711730957031,46.06129873563784,45.296189044187315,45.62176624896961,23183000
2019-06-13,45.719444274902344,45.80084091403418,45.402005144698926,45.5159573345192,15785300
2019-06-14,44.56364059448242,45.597354639315455,44.49038517067648,45.57293719970159,22530500
2019-06-17,45.09270095825195,45.14967704523641,44.65316848297427,44.758982546644205,20392600
2019-06-18,45.62175369262695,46.11012402283357,45.37757008000519,45.63803301413015,21173200
2019-06-19,45.68687438964844,45.88222005234523,45.393852790639926,45.61361898989631,21096300
2019-06-20,46.728729248046875,46.83454330012943,46.13454790244464,46.395010872983605,20969800
2019-06-21,46.419429779052734,47.331053309828334,46.37873302079538,46.72873073074316,57588800
2019-06-24,46.54151916503906,46.6310538885004,46.142683516428555,46.59849524270294,17794100
2019-06-25,45.64618682861328,46.55780734971586,45.58920763514067,46.44385517269853,25520600
2019-06-26,46.069435119628906,46.43571217812568,45.87408942507319,46.020600248471894,19286100
2019-06-27,45.36130142211914,46.59850220253763,45.14967640275458,46.346177317365736,23959900
2019-06-28,44.54734420776367,45.56477853492334,43.97758036356162,45.50780246099946,103123400
2019-07-01,44.55549240112305,45.05199782238933,44.14037739183155,44.97874241515928,28410000
2019-07-02,45.42641830444336,45.515949935487754,44.58805013497344,44.62875000040538,20307100
2019-07-03,46.26189041137695,46.31103660433408,45.49195213573769,45.680341188567745,13866800
2019-07-05,46.360172271728516,46.466654110523734,45.63118771098334,45.86872291885006,14273900
2019-07-08,46.024349212646484,46.261884427710065,45.83596018418329,46.07349539924687,15835100
2019-07-09,46.147212982177734,46.433891258446096,45.90148829901072,46.171784513126774,19564000
2019-07-10,46.79429244995117,47.22021671110583,46.36017559507794,46.43389331575007,19362600
2019-07-11,46.933536529541016,47.195643293353335,46.622283575804225,46.990872188840015,15994600
2019-07-12,47.4659309387207,47.49869505725236,47.15467806178661,47.16287065369868,13660400
2019-07-15,47.5478401184082,47.69527553346845,47.40040470334797,47.50688653079335,8809700
2019-07-16,47.195640563964844,47.7198540612735,47.06458718963768,47.61337534276693,11501100
2019-07-17,46.85981369018555,47.334884100570605,46.843431628666195,47.15468454841645,9266900
2019-07-18,47.2939338684082,47.33488746283621,46.60590285851718,46.72876364180121,10287400
2019-07-19,46.98268508911133,47.56423430536633,46.949920960842505,47.351273720737474,13882400
2019-07-22,47.28573989868164,47.515082520451344,46.99086902808694,47.06458674573562,10485600
2019-07-23,47.26935577392578,47.58879816161187,47.080966753612415,47.556037163187746,12692200
2019-07-24,46.87619400024414,47.24478255926099,46.777904759359195,47.16287537928331,18177000
2019-07-25,46.37655258178711,47.09734764673531,46.17178150506217,46.982676343698735,15127200
2019-07-26,46.30283737182617,46.5567546455303,46.1717840006212,46.42570127432533,15243000
2019-07-29,46.630470275878906,46.81066982493321,46.3110278931435,46.433888665587055,12051100
2019-07-30,46.25370407104492,46.60591066633658,46.15541167848016,46.56495394048818,9623400
2019-07-31,45.37727737426758,46.54856832563943,44.96773517097837,46.139026122350224,17441200
2019-08-01,45.36906433105469,46.59769038713838,45.1806753774021,45.73765277279132,19020600
2019-08-02,43.616241455078125,44.492661455947854,43.06745644266162,44.41075427111396,29021900
2019-08-05,42.07636260986328,43.03469293381912,41.72415608583904,42.911829030253884,29931800
2019-08-06,43.083824157714844,43.19030596991009,42.26474002449169,42.55142134585459,20708400
2019-08-07,42.870872497558594,42.99373639269895,41.945306361294875,42.453140878286945,24128600
2019-08-08,43.542518615722656,43.70633609067462,43.07564084307255,43.23945831802451,26093500
2019-08-09,42.94458770751953,43.30498365460914,42.62514534823762,43.231265946731895,17425000
2019-08-12,42.215614318847656,42.88726333404671,42.05179679999341,42.813545606790264,16388300
2019-08-13,43.18212127685547,43.46879950535059,41.93711288178261,42.15826599714671,21499500
2019-08-14,41.45386505126953,42.69068121198062,41.06070488512509,42.69068121198062,28688100
2019-08-15,37.88264083862305,39.266891887128615,37.67786980706292,38.79182471867928,61129100
2019-08-16,38.464202880859375,38.79183789244409,38.00551761411162,38.02189655258772,24471800
2019-08-19,39.72559356689453,39.80750075741503,38.898319694224966,39.234144174653466,26384800
2019-08-20,39.25870895385742,39.799304442156306,39.250516361479185,39.75835085394064,18201600
2019-08-21,39.946739196777344,40.077792551628775,39.61091477968565,39.725586074610845,18365400
2019-08-22,39.46348190307617,40.40543009978793,39.26690029587628,40.3317123876578,21515100
2019-08-23,38.17751693725586,39.741967711121276,38.030081524048995,39.234136357052286,25871100
2019-08-26,38.5788688659668,38.71811482024225,38.22666237078364,38.53791527631823,14820100
2019-08-27,38.324947357177734,39.029360211932065,38.24303706909118,38.93926045731586,20859000
2019-08-28,38.39048767089844,38.46420539709949,37.8744667120503,38.11199883020104,11187600
2019-08-29,38.71812438964844,39.24233796565312,38.58707099564727,38.98023117765078,14733400
2019-08-30,38.341339111328125,38.96384183542698,38.12837543300253,38.922888243305536,19248400
2019-09-03,38.08742141723633,38.47239205292526,37.84169674268204,38.19390325521473,17009400
2019-09-04,38.75906753540039,38.83278524492802,38.4068610481638,38.513342878494484,13691300
2019-09-05,39.66006088256836,39.89759608291439,39.13584742287966,39.33242903254226,18434200
2019-09-06,40.00407791137695,40.12694180796454,39.53720010363803,39.84845301698354,17939100
2019-09-09,39.7911262512207,40.143329709337394,39.69283386217665,40.110568704215424,21175100
2019-09-10,40.30714416503906,40.421815485635726,39.275099155109956,39.78293062827767,16119200
2019-09-11,40.978790283203125,41.01155440809872,40.405433720324915,40.91326515797087,18656000
2019-09-12,40.896881103515625,41.19994143264105,40.47095687429566,41.18355937099119,16546700
2019-09-13,40.978790283203125,41.13441831417772,40.75763712699627,40.96240822075533,15867800
2019-09-16,40.921451568603516,41.10165111750292,40.78220873504212,40.7903982033745,13025600
2019-09-17,40.4709587097168,40.97060067674127,40.28256967903786,40.937836551955655,16070600
2019-09-18,40.41362380981445,40.7412588146833,39.95493542790987,40.52010565508068,12563800
2019-09-19,40.29075622558594,40.88868739903921,40.167895453389576,40.42180959066393,15349400
2019-09-20,40.62657928466797,40.84773241655679,40.028648131587204,40.37266515604489,48301300
2019-09-23,40.47914505004883,40.74944437180069,40.36447374672088,40.67572665901006,16450000
2019-09-24,40.2334098815918,41.11802220420093,40.07778502834368,40.74943373644713,26717200
2019-09-25,40.63475799560547,40.76581131144776,39.791102470155536,40.17606982787868,14013500
2019-09-26,39.99589157104492,40.53648713410331,39.529010602233704,40.48734094671293,20172900
2019-09-27,40.00407791137695,40.52010190266265,39.80749630174856,40.135131276276326,16065300
2019-09-30,40.4709587097168,40.67572980278854,40.09418064835893,40.09418064835893,14903600
2019-10-01,39.10308837890625,40.847735800751614,38.791835449954405,40.66753936782904,24185600
2019-10-02,38.136566162109375,38.808215038660144,37.68606729711672,38.783640384941414,30722400
2019-10-03,38.83805847167969,38.854564611191336,37.71566617068133,38.227343902645565,15915500
2019-10-04,39.21769332885742,39.30847552921933,38.74727933445885,38.99486515021213,16718800
2019-10-07,39.424015045166016,39.7211192809367,39.05263475045267,39.176429231431925,14625200
2019-10-08,38.28511428833008,39.23419685848101,38.252102008900216,39.20118457905115,23022400
2019-10-09,38.656494140625,38.92883757239661,38.50794203303168,38.722515550541914,16768600
2019-10-10,38.08705520629883,38.15307663131852,37.59188035163894,38.00452448974305,24698500
2019-10-11,38.425411224365234,39.036122594249505,38.34288053368902,38.516190261773154,25153600
2019-10-14,38.0045166015625,38.4171606540186,37.963252825961746,38.4171606540186,15076900
2019-10-15,38.26034927368164,38.44191362730373,37.996257385626045,38.1695670968706,18794400
2019-10-16,38.61522674560547,38.689502792438525,38.22734037345241,38.260352649427965,16454200
2019-10-17,38.81329345703125,39.03612159381035,38.458419366778294,38.91233028330454,14352400
2019-10-18,38.54921340942383,39.01137596287466,38.50794962656077,38.87107532327046,17226200
2019-10-21,39.11039733886719,39.18467338388946,38.763777894245806,38.90407534138574,13277700
2019-10-22,39.242454528808594,39.523052651664486,39.1186631838051,39.20119074714076,15067100
2019-10-23,38.82981491088867,39.366253579346555,38.6565051188854,39.17643764312033,15647100
2019-10-24,38.30161666870117,38.97835258946978,38.045776250567116,38.97835258946978,18338800
2019-10-25,38.70602035522461,38.780296423981625,38.342891508757056,38.408916080196555,15701200
2019-10-28,38.928836822509766,39.28371094512184,38.838057779150716,38.9123338315166,13859700
2019-10-29,38.98661422729492,39.14341784499241,38.714267622203785,38.7885436828446,13713900
2019-10-30,39.25070571899414,39.267211859853255,38.92058919826085,39.03612903605016,12062000
2019-10-31,39.20943832397461,39.324981308607036,38.87107031096927,39.28371438284039,12488300
2019-11-01,38.81329345703125,39.19292832796446,38.49143164220273,38.66474136584518,24404100
2019-11-04,39.18468475341797,39.51480130446191,39.052638762645344,39.20119089579264,15018900
2019-11-05,39.41576385498047,39.54780984375902,39.003119746519424,39.275466369251575,18988900
2019-11-06,39.8366584777832,40.026474370205506,39.440520552524795,39.45702669293861,15904500
2019-11-07,39.960445404052734,40.422607840026195,39.77888417596147,40.117252146588314,16717800
2019-11-08,40.2988166809082,40.31531967134336,39.65508986609551,39.96044556073063,14407000
2019-11-11,39.69636154174805,40.00172044540087,39.25070830212103,39.6220854771061,19590400
2019-11-12,39.919189453125,40.22454835461649,39.71286740260491,39.853168034035384,15632900
2019-11-13,39.99345779418945,40.315319627130805,39.7376205158125,39.811896565585435,25187000
2019-11-14,37.06368637084961,37.96325047543563,36.80784594080665,37.600124865118225,65568900
2019-11-15,37.21224594116211,37.6744084774179,36.981166247146575,37.19573979898604,32385000
2019-11-18,37.26176452636719,37.29477366263518,36.67580749540798,37.121463891385496,22742800
2019-11-19,37.525856018066406,37.63314121893607,37.20399411900806,37.459831449939216,19612600
2019-11-20,37.20399856567383,37.74868872492644,37.08020405975162,37.70742179080233,18660800
2019-11-21,37.00593185424805,37.26177239072647,36.88213733538501,37.24526624499637,19868800
2019-11-22,37.01416778564453,37.278259709803976,36.88212182356481,37.26175671924007,18725700
2019-11-25,37.50935363769531,37.59188120790597,37.080203346504874,37.137973275297334,19653300
2019-11-26,37.3938102722168,37.77344209673277,37.3442918458007,37.57537153929308,29422000
2019-11-27,37.33604431152344,37.48459331008864,37.080203803556884,37.435078026641925,14889900
2019-11-29,37.3938102722168,37.58362618447479,37.26176428333191,37.3360403488437,9808900
2019-12-02,36.89038848876953,37.410321011240086,36.865627698406584,37.34429643457236,17630100
2019-12-03,36.54375076293945,36.71706363146529,36.09809764619477,36.64278758730387,19625500
2019-12-04,36.221893310546875,36.76658331716321,36.19713567559019,36.741825682206525,17202200
2019-12-05,35.91654586791992,36.39521142717287,35.81751215707878,36.35394764334114,22632800
2019-12-06,36.180633544921875,36.36219794998553,36.02382992578251,36.22189732382965,16541000
2019-12-09,36.23014831542969,36.61803157592164,36.106353842964126,36.221893671545736,17508500
2019-12-10,36.395206451416016,36.46123101510019,36.147620634049304,36.18888441223968,21862400
2019-12-11,36.54375076293945,36.684051356677145,36.4364655922137,36.60977531251574,16440500
2019-12-12,37.6909065246582,37.773437224706875,36.65104488983933,36.76658472168318,27061600
2019-12-13,37.38555908203125,38.00452530242325,37.30303151193565,37.888985444999406,21796900
2019-12-16,37.946754455566406,38.45018080635385,37.79820231440864,37.79820231440864,21871300
2019-12-17,38.326377868652344,38.3924024271764,37.90548232684632,38.14481662915966,22510000
2019-12-18,38.49143981933594,38.59047351842411,38.16957793613098,38.39240612024776,21921200
2019-12-19,39.51480484008789,39.60558705715904,38.87933246881487,38.912344756518024,30764700
2019-12-20,39.159915924072266,39.919179367000126,39.13515514347324,39.82014568927559,52575300
2019-12-23,39.69636154174805,39.86141981297734,39.135165308503254,39.242453657035995,20253500
2019-12-24,39.43226623535156,39.82015266773332,39.324981044108256,39.745876609367116,7044700
2019-12-26,39.49004364013672,39.61383814362554,39.32498849978494,39.432273711368595,11091700
2019-12-27,39.424015045166016,39.63033708131516,39.34973898622335,39.60557944440908,11056800
2019-12-30,39.27546310424805,39.51479742283331,39.02787728939838,39.4075090820495,12128600
2019-12-31,39.58082580566406,39.597331949323134,39.12691787382697,39.23420623349846,14892600
2020-01-02,40.25421142578125,40.25421142578125,39.80528209310597,39.95492626112038,16708100
2020-01-03,39.59745407104492,40.02144388125595,39.47274950672878,39.83023254164166,15577400
2020-01-06,39.73876953125,39.7553970123018,39.081998300858906,39.19007534201171,22183600
2020-01-07,39.48106384277344,39.67227517757864,39.156832617979845,39.67227517757864,16501900
2020-01-08,39.50599670410156,39.73046297286766,38.91573531477304,39.048752010556484,25175900
2020-01-09,39.339725494384766,39.80528552067016,39.13188670662011,39.730463430220155,18203600
2020-01-10,39.1817741394043,39.53925715352353,39.12357952514011,39.472747210725245,13502600
2020-01-13,39.88010787963867,39.88842003580321,39.323098275567496,39.33141360310027,18237400
2020-01-14,39.73046875,39.8967404367486,39.589136706284656,39.87179762234669,17948700
2020-01-15,39.913368225097656,40.237599469593164,39.705529391414565,39.83854611811699,16289400
2020-01-16,40.77798080444336,40.802923622404755,40.09626964572173,40.220974221421415,20094900
2020-01-17,40.753028869628906,41.18533391796774,40.62832433153127,40.99412261855467,27176200
2020-01-21,40.570133209228516,40.90267655846033,40.46205614502291,40.70314991464756,21771800
2020-01-22,40.79460525512695,41.17702794079005,40.76966561039163,40.96918911101199,15186000
2020-01-23,40.73640823364258,40.88605243596545,40.24590849744397,40.73640823364258,16767700
2020-01-24,40.61170196533203,41.13545665141848,40.35398387213169,40.91930568569866,14066700
2020-01-27,39.46443176269531,39.963243606612984,39.2981600909333,39.813599419164014,20666000
2020-01-28,39.713836669921875,39.880108337435466,39.48937039448378,39.505997878371964,14035100
2020-01-29,39.115264892578125,39.8884255488375,39.01550314797427,39.880113391524134,14273600
2020-01-30,39.27322006225586,39.29815970279491,38.45848919580574,38.69127080252077,14822600
2020-01-31,38.21738815307617,39.07368273868204,38.10931112134799,39.06537058456485,20069900
2020-02-03,38.682952880859375,38.93236195499898,38.41691949505403,38.57487899819154,15374900
2020-02-04,39.589141845703125,39.66396395588489,39.165152002252505,39.25660160040456,13947300
2020-02-05,40.27915573120117,40.40385709493429,40.029749832366875,40.17939400594106,17042300
2020-02-06,40.47868728637695,40.586764360346,40.08795246280513,40.47868728637695,9814800
2020-02-07,39.88010787963867,40.545191370690034,39.7969704611521,40.40385934494698,16807500
2020-02-10,40.628334045410156,40.644961532556536,39.80529404556214,39.89674363918279,19012700
2020-02-11,40.844478607177734,41.32666293561836,40.62001234051173,41.06062954654046,23168300
2020-02-12,41.50957107543945,41.80054416674782,41.06895377392425,41.09389341850244,31686200
2020-02-13,39.339725494384766,39.630698528707995,38.724524458567586,39.19839664096155,47044700
2020-02-14,39.04874801635742,39.25658678047026,38.641382643294406,39.20670433539075,26747200
2020-02-18,38.73283386230469,38.94898479081814,38.48342796898363,38.924045152896426,18546300
2020-02-19,38.48342514038086,38.91573013700054,38.15919718575804,38.815965249910626,27626400
2020-02-20,38.948978424072266,39.0404279766605,38.15919375288475,38.31715005284875,20416700
2020-02-21,38.49174118041992,38.948985859279816,38.28390240172287,38.84922413348829,20028700
2020-02-24,36.57963180541992,37.97630890988181,36.57963180541992,37.41098707372492,35295900
2020-02-25,35.53211975097656,36.75420963896411,34.97511016320731,36.62119294464682,48024700
2020-02-26,35.04994583129883,36.064200500523825,34.86704661648923,35.72334489106829,38513200
2020-02-27,33.28746032714844,35.00004987354678,33.2625175165976,34.31833891736271,51442900
2020-02-28,33.196014404296875,33.711453756067364,31.882471625893533,32.17344785760784,80188000
2020-03-02,34.226890563964844,34.24351804780143,32.3563414458206,33.37891108787686,48864300
2020-03-03,33.28746032714844,34.83378138383801,33.013111610666286,34.301711434118204,49294700
2020-03-04,34.409786224365234,34.459668670815056,33.08793152144053,33.85277984349802,30022100
2020-03-05,32.896724700927734,33.67819743988609,32.663946261954685,33.39553654768952,30255900
2020-03-06,32.98817825317383,33.212644562665886,31.42522941561918,31.591501108357974,48605600
2020-03-09,31.55823516845703,32.888405076739595,30.169873835012574,30.677000894513775,61535300
2020-03-10,33.32072067260742,33.37891528767349,31.483423119595912,32.63069427772594,50536500
2020-03-11,30.801706314086914,32.55586611060272,30.23638458332254,32.43947690215737,63594300
2020-03-12,27.60099220275879,29.779141854216366,27.43472053494004,28.681753286528224,51855300
2020-03-13,31.292200088500977,31.325455047924518,27.70906225185273,29.247067654465447,53859600
2020-03-16,28.024978637695312,30.751825422767215,26.935905526093443,27.625928584814332,44211300
2020-03-17,29.513111114501953,30.136627546498474,27.933534884896673,28.84802755464605,41572400
2020-03-18,30.859895706176758,31.350395267044235,27.69243528909152,28.06654248980384,56904300
2020-03-19,31.35040283203125,32.68888516880544,30.053490791027333,30.801708544367674,58319700
2020-03-20,29.59624671936035,31.982238657950756,29.42997820034348,31.81596696756517,48582500
2020-03-23,28.76488494873047,29.77913917700981,28.04992223271257,29.521417956492012,39823400
2020-03-24,32.090309143066406,32.15681908068408,29.546364285189366,30.269642414255546,48235600
2020-03-25,31.31715202331543,33.21264422720228,31.175823147304637,32.13188299236947,42873900
2020-03-26,33.736392974853516,34.01905067686257,31.06774057538661,31.566555560306032,38473300
2020-03-27,32.27320098876953,33.378904665907434,31.932345564119437,32.5974289327821,31278600
2020-03-30,33.52024841308594,33.661580475723525,32.389604597461485,32.79697012596729,27120300
2020-03-31,32.680572509765625,33.603374074220284,32.51430084334711,33.36228348785011,26014200
2020-04-01,31.865846633911133,32.30646387916133,31.48342082812296,31.732826756163288,26790700
2020-04-02,33.401649475097656,33.52753637168512,31.44622790444661,31.75674486087578,28180500
2020-04-03,32.78061294555664,33.8128745302895,32.34420912737554,33.41843194047578,21235200
2020-04-06,34.76960754394531,34.97941690484219,33.38486448145122,33.95554619920566,31641400
2020-04-07,34.10661315917969,35.86901391640911,34.06465192241076,35.8018733764291,30366100
2020-04-08,35.02976989746094,35.41581832664518,34.299631066665206,34.55140164215769,22683500
2020-04-09,34.57658386230469,35.41582131914977,34.282848831546815,35.323504686666915,27643900
2020-04-13,34.59336853027344,34.79478372440225,34.01429264392033,34.44230553395843,19592000
2020-04-14,35.90256881713867,35.9361390757513,34.85352224626448,35.17243330021233,22882400
2020-04-15,34.84513473510742,35.5584851934128,34.60175513820366,35.415816382326284,18428800
2020-04-16,34.82835006713867,35.07172966727788,34.140175695420965,35.04655036977064,26178000
2020-04-17,35.65081024169922,35.78508811976554,35.02977625618139,35.45778599206869,30701500
2020-04-20,35.701168060302734,36.330596256564334,35.071739864041135,35.18083844635825,23438800
2020-04-21,34.03107833862305,35.23958232908716,33.91358560653611,35.10530446363969,31661000
2020-04-22,35.04655456542969,35.32350446110979,34.50105214282577,34.63533000700608,18330700
2020-04-23,34.92905807495117,35.709549076942075,34.853526584389584,35.155652546635935,16100200
2020-04-24,35.684383392333984,35.80187614494743,34.954247571495145,35.11370156412234,14639200
2020-04-27,36.13756561279297,36.27184347622747,35.73473202248948,35.83543961970616,17937900
2020-04-28,35.65919876098633,36.615928890829515,35.59205823187057,36.50682713173472,16427700
2020-04-29,36.3725471496582,36.490039867308944,36.028459961636834,36.380938114589064,17430100
2020-04-30,35.566890716552734,36.22988599365187,35.390648385814444,36.22988599365187,26679900
2020-05-01,34.341590881347656,35.08851481327305,34.2157071995041,35.012983323592344,22095300
2020-05-04,34.70246505737305,34.752820453669585,33.98072358574218,34.366772019705884,15997700
2020-05-05,34.79478073120117,35.18922332114051,34.73603437118082,34.92066761777992,15060200
2020-05-06,34.53461456298828,34.98780025073533,34.38355159992723,34.878701711863755,16040300
2020-05-07,34.719242095947266,35.054938256795715,34.59335843670599,34.903875304557495,20173600
2020-05-08,36.07881164550781,36.10398773914796,34.99619479887587,35.264750469157825,21959100
2020-05-11,36.35576629638672,36.63271619324088,35.75990847165039,35.90257730231818,26182700
2020-05-12,36.271846771240234,37.17822163140093,36.246667468571125,36.87609561086833,25817100
2020-05-13,35.205997467041016,36.56556069124316,34.668886227920936,36.43128288146314,36986700
2020-05-14,36.800567626953125,37.41321389467403,36.30541731291065,36.448089370230036,50417700
2020-05-15,37.153045654296875,37.245362294372164,35.961326702818695,36.02846724157784,30573000
2020-05-18,37.81603240966797,38.01744756097641,37.20338958883098,37.941916078876716,26966500
2020-05-19,37.438377380371094,37.74889429255921,37.27052927598098,37.62301061534385,24345400
2020-05-20,38.134952545166016,38.45386370576559,37.7908652829055,37.80765041782517,20184500
2020-05-21,37.463558197021484,38.319580756002054,37.396420867665974,38.14334166482754,18674900
2020-05-22,37.681766510009766,37.72372774636982,37.02715905733187,37.4887390601667,12592800
2020-05-26,37.631404876708984,38.43707200664041,37.49712702172041,38.42028687458727,21776900
2020-05-27,38.57134246826172,38.58812759709748,37.597827405839105,37.79924575043233,22157200
2020-05-28,38.269222259521484,38.9909668999198,38.07619805127671,38.52099602817128,20013000
2020-05-29,40.1323356628418,40.1323356628418,38.109773482980295,38.63849398684692,43553600
2020-06-01,38.856689453125,39.687535855115115,38.797943093547936,39.57004313596099,18712400
2020-06-02,39.35185241699219,39.36024658619499,38.504223809448234,38.94062776630565,17285900
2020-06-03,39.39380645751953,39.61200999677948,39.058113383835156,39.42737672531906,17492000
2020-06-04,39.3266716003418,39.65397372840984,39.04972167570752,39.251140093754,14100700
2020-06-05,40.14073181152344,40.52678029942825,39.612011281561685,39.670757651397764,22591100
2020-06-08,40.392494201660156,40.417670297482196,39.54486269270554,39.830203517288815,17820900
2020-06-09,40.32535171508789,40.48480885136445,39.85538087495381,40.30017562049107,18597300
2020-06-10,39.79663848876953,40.14072891791518,39.54486789313033,39.99805688614298,18462400
2020-06-11,36.64949035644531,39.44415202604372,36.62431426259038,39.435761061904124,35582000
2020-06-12,37.82442855834961,38.48742685860978,37.01876143980984,37.732111934080905,26125600
2020-06-15,38.059417724609375,38.403504956907476,36.86770206201877,37.02715602771506,21300100
2020-06-16,39.00775146484375,39.85538297725886,38.529386433653606,39.78824245287745,28074600
2020-06-17,38.74759292602539,39.29309856875664,38.52100162362488,39.234352201254744,20399100
2020-06-18,38.462257385253906,38.64688746415021,38.05942055517428,38.428687115841086,22423500
2020-06-19,38.034236907958984,39.032928214074865,37.80764243653374,38.823118874025916,36103200
2020-06-22,37.89996337890625,38.15173397537905,37.60623154992746,37.85800214640025,18398600
2020-06-23,38.160133361816406,38.730815165971904,38.03424644564433,38.537787707458115,23222400
2020-06-24,37.555877685546875,38.16012970293617,37.253751676852225,38.009066698588846,22840100
2020-06-25,37.95032501220703,38.03424749100349,37.09430228244627,37.57266745474826,19114900
2020-06-26,38.865089416503906,39.03293435379522,37.45517017348553,37.86639475186099,106928300
2020-06-29,38.73080825805664,38.98257884405846,38.3279714787297,38.89026221552257,23875400
2020-06-30,39.14203643798828,39.452553416191,38.68884742021978,38.730811856316,21888800
2020-07-01,38.6552734375,39.209169959639866,38.60491804405586,39.058106980743865,17129500
2020-07-02,38.596065521240234,39.09511623379295,38.46918696358984,38.96823767614256,19632000
2020-07-06,39.264278411865234,39.32349076421509,38.79906246998469,38.968232783392715,16152900
2020-07-07,38.596065521240234,39.1543253669216,38.53685638811159,39.01052945314077,17102800
2020-07-08,38.74831771850586,38.968236890455955,38.333850568306154,38.56223003147876,15020800
2020-07-09,39.501129150390625,39.924053438453356,39.095122221049145,39.416542356784326,26027700
2020-07-10,39.467281341552734,39.68720047866888,39.11202660621392,39.5264904641092,13775700
2020-07-13,38.84981918334961,39.746419693100044,38.722940626439055,39.644915556909304,17965500
2020-07-14,39.12895202636719,39.33195709562167,38.409982058292464,38.47765149026266,19303500
2020-07-15,39.24736404418945,39.61107908646017,38.90056635582148,39.33194758704786,15705000
2020-07-16,38.72294235229492,38.765237357587324,38.232351912130675,38.65527615180766,17709400
2020-07-17,39.543418884277344,39.69567187822095,38.807531564653964,38.942867200753156,20389700
2020-07-20,39.72949981689453,39.83945778414256,39.128945009156254,39.47574271917007,15966500
2020-07-21,39.77180480957031,40.03401905859619,39.62800885795722,39.991724043814536,16044700
2020-07-22,39.6702995300293,39.84792695670359,39.357333233519824,39.77180045574943,27218300
2020-07-23,40.10166931152344,40.34696610232592,39.48420041604689,39.73795427044536,23750200
2020-07-24,39.24736404418945,40.296214172917075,39.00206725258263,40.16933885862948,16983600
2020-07-27,39.91558837890625,39.97479751403157,39.03590841704895,39.46728971962714,15576000
2020-07-28,39.14585494995117,39.82253611351332,39.08664583213772,39.73794935474059,13975300
2020-07-29,39.509586334228516,39.65338227045985,39.22199768842211,39.24737533990779,11618200
2020-07-30,39.28120422363281,39.298121581281684,38.38460685483518,39.01899324671549,15385100
2020-07-31,39.839454650878906,39.847914941020626,38.79060453917506,39.23890311702789,17701100
2020-08-03,39.89021301269531,40.05938334904327,39.48420614145368,39.87329565639494,14141100
2020-08-04,40.321590423583984,40.321590423583984,39.67874707933069,39.76333062603452,12839500
2020-08-05,40.03400802612305,40.37234546454186,39.79716826990859,40.32159339678396,13075600
2020-08-06,40.40618133544922,40.456933404662955,39.83946118919113,39.94942239249299,14190900
2020-08-07,40.118587493896484,40.262380164584926,39.78024686327427,40.03400394956862,17054300
2020-08-10,40.372344970703125,40.600724432836515,39.890211626195644,39.890211626195644,14999200
2020-08-11,39.91558837890625,40.981359264473774,39.831004822057466,40.516143248493734,18859600
2020-08-12,40.685298919677734,40.710676560919744,39.983246560644716,39.99170362328875,26823700
2020-08-13,36.13465118408203,37.082000659123416,35.847062547255305,37.039708876842816,91849500
2020-08-14,35.94856262207031,36.26998596780194,35.75401784684372,35.94010555647615,32539500
2020-08-17,35.60175704956055,36.16847389318058,35.40721231697507,35.9908465147315,30511700
2020-08-18,35.50871276855469,35.77092691438795,35.364920100186836,35.635591309654245,23344600
2020-08-19,35.415672302246094,35.821679155046,35.33954581568013,35.610217050880074,20097400
2020-08-20,35.78784942626953,35.88089004627606,35.29725577174299,35.41567403962021,18443900
2020-08-21,35.73711395263672,35.77940574985276,35.364941619815355,35.56794353711526,17389600
2020-08-24,35.67789077758789,35.92318762241308,35.52563778608647,35.58484692426413,17742900
2020-08-25,35.491798400878906,35.77938698846739,35.339545429411146,35.72017785808055,15417400
2020-08-26,35.73711395263672,35.76248838563488,35.06043551720819,35.22960593272965,21625800
2020-08-27,35.77092742919922,35.92318039004776,35.542547987926405,35.86397126379059,22456800
2020-08-28,35.69480895996094,35.77939252312463,35.52563860697744,35.64405688606905,16573600
2020-08-31,35.711727142333984,35.82168513165396,35.474887352027174,35.610222992206985,21298000
2020-09-01,35.55101776123047,35.58485248166064,35.10271900882854,35.52564333423611,23325100
2020-09-02,35.88089370727539,36.10927320147882,35.55101329120026,35.55947358357231,30045700
2020-09-03,34.63749313354492,35.38184063992982,34.400653383944125,35.31417121814227,39288100
2020-09-04,34.527530670166016,35.04349869907818,34.20610738177466,34.848953958557374,34867400
2020-09-08,33.83393859863281,34.3499066785269,33.808564177213704,33.87623037654994,29101800
2020-09-09,33.94388961791992,34.23993520116926,33.59709198040433,33.91851197745937,23351600
2020-09-10,33.47022247314453,34.37528004474334,33.34334391663206,33.8593119806877,25108800
2020-09-11,33.73244094848633,33.87623365264158,33.42793495538564,33.639397092077104,21853000
2020-09-14,34.14690399169922,34.37528348025276,33.87623272230007,34.0200286491624,19866700
2020-09-15,34.34144592285156,34.54445097142847,34.15536145719983,34.265319432967196,19024100
2020-09-16,34.1891975402832,34.82358396573616,34.163823115795076,34.44295469178936,24310200
2020-09-17,34.14690399169922,34.17228164153143,33.41947374519298,33.54635231438586,22225900
2020-09-18,33.67322540283203,34.10460665989412,33.47868066128203,33.986188402138076,44450800
2020-09-21,33.02193069458008,33.38564585705886,32.72588174342067,33.25031020776372,28495000
2020-09-22,33.25876998901367,33.37718828848107,32.886597729736614,33.14035168954628,17656800
2020-09-23,32.37907028198242,33.31796236457712,32.29448674684895,33.18262677237055,24843200
2020-09-24,32.01537322998047,32.277587498615226,31.80391104688507,32.14225183050044,30910400
2020-09-25,32.52286911010742,32.59899558928625,31.82081344360768,31.939231694184667,22966600
2020-09-28,33.09804916381836,33.23338478025831,32.8104605755515,33.157258294344864,24275700
2020-09-29,33.03884506225586,33.30951633633564,32.84430028567703,33.04730212790881,16353700
2020-09-30,33.31796646118164,33.58018061498396,33.00500347072145,33.06421259792593,27113200
2020-10-01,33.12162780761719,33.55699124239737,32.925288648244276,33.37772222173763,20763500
2020-10-02,32.669193267822266,32.90821427974254,32.41309886127668,32.481389183360875,24493000
2020-10-05,32.925289154052734,33.113093246954165,32.6777298054858,32.84846050299462,26929100
2020-10-06,32.925289154052734,33.591135292278246,32.78017017784141,32.86553389838723,28430800
2020-10-07,33.63382339477539,33.78748071053238,33.10455785987131,33.27528857253658,20593700
2020-10-08,33.96675109863281,34.299674242437966,33.85577563189178,33.97528617003538,19031300
2020-10-09,34.017967224121094,34.34235528874473,33.90699501645915,34.27406494990799,16167500
2020-10-12,34.45331573486328,34.59843467689618,33.830151603678324,34.08624596141761,22757200
2020-10-13,33.983821868896484,34.66674150289978,33.89845487938502,34.6069862384506,23438300
2020-10-14,34.0521125793457,34.504546231280436,33.94113711996668,34.01796578316482,16439100
2020-10-15,34.12040710449219,34.146015574119076,33.59114151847252,33.6935819098157,15451400
2020-10-16,34.282596588134766,34.402107111444984,33.76186937392522,34.04357554151433,21292500
2020-10-19,33.548458099365234,34.470402040326135,33.42894757140756,34.27406285062172,19600500
2020-10-20,33.46309280395508,33.72772231595319,33.31797055791507,33.66796705476539,16564900
2020-10-21,33.34358596801758,33.77894624143567,33.27529237258533,33.55699856911657,17016300
2020-10-22,33.138710021972656,33.25822056327313,32.76310499839716,33.16431849327475,20399000
2020-10-23,33.138710021972656,33.26675889131918,32.993591009370085,33.232612091971035,15556100
2020-10-26,32.15700912475586,32.805785254767585,31.713113780749342,32.78017678472586,29146500
2020-10-27,31.474084854125977,32.01188544133731,31.235063818217554,31.9094483197219,37911500
2020-10-28,30.483844757080078,31.166764196272673,30.45823629574059,31.004571847094667,34561500
2020-10-29,30.466773986816406,30.791161969514494,30.116777540574294,30.313116692718207,35332000
2020-10-30,30.646041870117188,30.671650332716325,30.296045436789026,30.389944218458165,29151200
2020-11-02,30.646041870117188,31.030181834771895,30.449699468800763,30.893597940214974,23483100
2020-11-03,31.311885833740234,31.866759699627455,30.9874978849254,31.03871806308038,27342900
2020-11-04,31.217994689941406,31.84115908762716,31.15823942279468,31.610673090167854,30121900
2020-11-05,31.781396865844727,31.841152119915375,31.508229059688293,31.602131103632775,23149700
2020-11-06,32.03749084472656,32.097246097990826,31.653350861289717,32.06310256499487,19475300
2020-11-09,32.60943603515625,34.342344779209185,32.54114246080103,34.077712063208004,42649500
2020-11-10,33.0533447265625,33.31797426802836,32.58383439863689,32.617981196380185,31514500
2020-11-11,33.57406997680664,33.676507107461944,32.814318426561584,33.300898867696375,27332800
2020-11-12,33.01066207885742,33.6252914586975,32.780179317835504,33.2752948966037,29368300
2020-11-13,35.341129302978516,35.44356644335659,34.62406280749606,35.17039856473641,49106400
2020-11-16,36.31428909301758,36.3569709620813,35.298443024644556,35.631369418744455,34572600
2020-11-17,35.75088119506836,36.15209468588888,35.52893025796783,35.785024737653224,23140900
2020-11-18,35.27283477783203,36.0581948505323,35.221614580780525,35.76795358007623,21327700
2020-11-19,35.14478302001953,35.31551373971744,34.80332483704135,34.99966402494777,22177700
2020-11-20,34.97405242919922,35.33258397772742,34.93136731077862,35.04234275712097,19776300
2020-11-23,35.54599380493164,35.68257770666711,35.01673159275882,35.025266661934815,19651400
2020-11-24,36.37404251098633,36.45940624477212,35.76795153442117,35.972825798074155,22849700
2020-11-25,36.28014373779297,36.53623821877614,36.03258432839477,36.5191648191882,22617700
2020-11-27,36.45087432861328,36.68989540903382,36.399654130058316,36.58745826834188,10769500
2020-11-30,36.724037170410156,36.74964563796578,36.203309953995614,36.22891842155123,34741600
2020-12-01,37.167930603027344,37.620364168355316,36.71549378128227,36.71549378128227,23942500
2020-12-02,37.466712951660156,37.526468215026625,37.00574098590368,37.03988778108956,17422200
2020-12-03,37.65451431274414,37.68012277905039,37.21915084703352,37.37280815770581,27710700
2020-12-04,37.88500213623047,37.99597433327672,37.466712046354644,37.466712046354644,17319800
2020-12-07,37.8593864440918,37.978900211827956,37.483781514744045,37.808169514336356,14086800
2020-12-08,37.87645721435547,38.013041111599,37.50085231104,37.739873317111936,13348500
2020-12-09,38.149627685546875,38.2691414533853,37.86792480239931,37.9618268489209,22679800
2020-12-10,37.83378219604492,38.08134157217905,37.654516409086106,38.02158630985944,17741500
2020-12-11,37.83378219604492,37.84232052290062,37.32159330290042,37.50939416029737,14577700
2020-12-14,37.76549530029297,38.33743950780924,37.688666633687426,37.791103770355534,16112300
2020-12-15,38.17524719238281,38.243537531514804,37.680128393899935,37.89354099536644,18159400
2020-12-16,38.17524719238281,38.53377879976597,38.01305153116083,38.15817379349535,16192000
2020-12-17,38.2606086730957,38.35451073322778,38.07280455283156,38.33743733534761,16141600
2020-12-18,38.78987503051758,38.90085050011321,38.217930795713215,38.328906265308845,41027000
2020-12-21,38.31182098388672,38.38011130493862,37.62036316589048,37.96182454040104,19865300
2020-12-22,38.149627685546875,38.47401568541677,37.936215127604065,37.936215127604065,16024000
2020-12-23,37.88500213623047,38.24353370776614,37.8593904122511,38.11548811353949,12032600
2020-12-24,38.021583557128906,38.064265419064554,37.756950802860146,37.94475490307781,5720500
2020-12-28,38.34596633911133,38.7045011250333,38.17523890015694,38.35450466490935,13458400
2020-12-29,38.106956481933594,38.627683789963314,38.01305440915209,38.38866270027811,11829000
2020-12-30,37.970367431640625,38.465486201038516,37.9362206358716,38.19231834772164,11043100
2020-12-31,38.20085144042969,38.27768009872301,37.69719762637738,37.88500173696494,15105500
2021-01-04,37.83080291748047,38.183637852573156,37.30585265928303,38.13200555362045,24392500
2021-01-05,37.84801483154297,37.925466562908184,37.33167214432603,37.5898434879345,17763700
2021-01-06,38.2094612121582,38.613928487775944,37.77056692898891,37.977105994508655,21823100
2021-01-07,38.691383361816406,38.82047069857844,38.011529516147384,38.037348953196194,18218800
2021-01-08,38.77743911743164,39.078638498430095,38.080373472057595,38.278304962831875,20936300
2021-01-11,39.03561019897461,39.54334863953584,38.74301510978972,38.85489057169697,25058200
2021-01-12,39.40565490722656,39.526134652267096,38.691377443305036,38.983972516757845,20145000
2021-01-13,39.03561019897461,39.56056050158519,38.88070672335749,38.9753703232154,19367300
2021-01-14,38.854888916015625,39.24214430572972,38.59671427910372,38.61392614041964,22333500
2021-01-15,39.09585189819336,39.28517910673954,38.622537159655074,38.691381328236396,30271700
2021-01-19,38.88930892944336,39.26796330858829,38.52786969425247,39.009791957333825,28868800
2021-01-20,39.018402099609375,39.156093726455246,38.8462867453452,39.00979780916847,16499400
2021-01-21,38.820465087890625,38.93234054472664,38.484842000209454,38.89791682218835,17488400
2021-01-22,38.52786636352539,38.63113423853432,38.06315600174538,38.510654503886144,14643400
2021-01-25,38.75161361694336,38.87209335048398,38.476230430900074,38.760221188097134,16581300
2021-01-26,38.94954299926758,39.02699472138784,38.52786395436667,38.631131822918235,13087800
2021-01-27,39.32820510864258,39.982239449397355,38.79465051885629,38.93234213179555,29634500
2021-01-28,39.018402099609375,39.81873570653454,38.983978372191075,39.5089287254245,21166000
2021-01-29,38.364349365234375,39.044199601414824,38.27829008780119,38.59670120723956,22608100
2021-02-01,39.070030212402344,39.26796168293081,38.43320450836694,38.65695212810404,16776900
2021-02-02,39.44007873535156,39.53473904754693,39.09584807760293,39.17329981145503,16520900
2021-02-03,39.38844680786133,39.72406992476388,39.19051531027334,39.37123494509361,13173600
2021-02-04,40.66209411621094,40.72233399301619,39.3884458478858,39.47450187679986,22285700
2021-02-05,41.37637710571289,41.60012478019117,40.877242880051895,40.93748276482788,25488600
2021-02-08,42.116455078125,42.460685702738594,41.78943959585127,41.78943959585127,25215400
2021-02-09,41.737815856933594,42.02180669522249,41.66036410856639,41.9701711020352,24795000
2021-02-10,40.653472900390625,40.79976874519972,39.440065014072715,39.71544813133453,44540900
2021-02-11,40.946083068847656,41.230070577681815,40.619064264675565,40.74814830220858,18589900
2021-02-12,40.6965217590332,41.04074919065759,40.36950290858675,40.81700152424311,15239800
2021-02-16,40.0252685546875,40.67069862347591,39.930608235506625,40.67069862347591,18539000
2021-02-17,39.801517486572266,39.93060480236214,39.47449869397757,39.86175735852039,13296300
2021-02-18,39.878971099853516,39.93060668516955,39.31959708215753,39.92199911287006,16867500
2021-02-19,39.31099319458008,40.111326719612485,39.2249371676672,40.051086844208065,25117700
2021-02-22,39.09585189819336,39.31099525960414,38.5709015710987,38.975372141055665,21435800
2021-02-23,39.164695739746094,39.39705096206881,38.811860761291705,38.94955238013178,19714900
2021-02-24,39.36262893676758,39.414261239989585,38.76022689750374,38.93234223484012,17823600
2021-02-25,39.173301696777344,39.792915597414755,38.93234219445258,39.23354157235854,21916700
2021-02-26,38.613929748535156,39.39705145603712,38.5192661438656,39.22493939244941,22144900
2021-03-01,39.51752853393555,39.77570317746427,38.91512978657376,38.91512978657376,17394100
2021-03-02,39.173301696777344,39.65522398425389,39.08724238678492,39.52613666067876,14833000
2021-03-03,38.837677001953125,39.181904379323356,38.72580154496504,39.095848355687515,16851100
2021-03-04,38.34714889526367,39.1302704968778,37.99431396009306,38.846279721268246,24653500
2021-03-05,39.801517486572266,40.22319987303596,38.95815599647168,39.11305946228881,33197600
2021-03-08,40.88584899902344,41.65176223638579,39.758499719672315,39.79292345046274,34824500
2021-03-09,41.212860107421875,41.62593495056101,41.06656420338026,41.152620231307445,26512700
2021-03-10,41.55708312988281,41.98736975591309,41.4710238349809,41.71198657787983,19841500
2021-03-11,41.9959716796875,42.236934409020634,41.505445216254905,41.7464046627618,21976600
2021-03-12,42.0131950378418,42.15949422957147,41.7119956472618,42.004590747894,15196500
2021-03-15,42.52092742919922,42.54674357818497,42.08203648230798,42.08203648230798,15523600
2021-03-16,42.74468231201172,42.80492547459538,42.33160744389887,42.33160744389887,17282300
2021-03-17,42.52953338623047,42.6930444237588,42.07343056118156,42.6930444237588,18326900
2021-03-18,41.9959716796875,42.658613440407684,41.75501223318061,41.75501223318061,18416900
2021-03-19,42.15088653564453,42.357425604896555,41.582908198735375,41.91853131379617,65366800
2021-03-22,43.286842346191406,43.35568979551144,42.116461970367524,42.116461970367524,28813900
2021-03-23,43.03727340698242,43.613859280228304,42.94261309249832,43.04588097918902,28328200
2021-03-24,42.72747039794922,43.41592845775552,42.70165096376293,42.977034187685454,26444700
2021-03-25,43.467559814453125,44.233472877322086,43.278235903893666,43.527802971025345,34537700
2021-03-26,45.24034118652344,45.30058105898271,43.51059018065736,43.54501062004349,31997000
2021-03-29,45.19731521606445,45.55875446714094,44.990776156287176,45.09404732758931,25032800
2021-03-30,44.5518798828125,44.99937839021922,44.044141507372814,44.844474934469716,22465100
2021-03-31,44.5002555847168,44.79285071055092,44.36256395390235,44.6035267699482,22212400
2021-04-01,44.73259735107422,44.8100490752509,44.190435281837445,44.53466589658413,17896200
2021-04-05,45.42599105834961,45.86802844169611,44.74993271686856,44.74993271686856,19860900
2021-04-06,45.09663772583008,45.26132101370535,44.87995197345709,45.05330123662792,15126100
2021-04-07,44.87127685546875,45.19197077785675,44.706596907509834,45.079293283799856,15783600
2021-04-08,44.992618560791016,45.07062554495019,44.59391766680473,45.01861978672361,15111300
2021-04-09,45.148643493652344,45.20064926450875,44.79327899203904,44.92329176599896,13135800
2021-04-12,44.697933197021484,45.20931166439915,44.61126022547758,45.13130466746487,16441700
2021-04-13,44.77594757080078,44.966632107246994,44.49859004853127,44.75861231236363,13353200
2021-04-14,44.52458572387695,44.79327723656157,44.325235236283355,44.64592921142418,15376600
2021-04-15,44.75859451293945,45.018616673367205,44.52457357664613,44.86260271583832,17869800
2021-04-16,45.7640266418457,46.09338988533888,45.2959846599915,45.46066793491905,28327900
2021-04-19,45.807373046875,45.90271532008671,45.49534829776756,45.5300155100933,20245600
2021-04-20,44.88861846923828,45.75536142493844,44.72393519158358,45.582012172526014,21257500
2021-04-21,45.00995635986328,45.13129982956196,44.619921417002104,44.93194937129105,14015500
2021-04-22,44.63726043701172,45.14863889271934,44.533252212260194,44.90595193284516,15564800
2021-04-23,44.992618560791016,45.183303034593756,44.3598967143272,44.63725414547952,14016800
2021-04-26,44.75859451293945,44.87127199479057,44.63725105849724,44.7672637918917,13778200
2021-04-27,44.52458572387695,44.78460795524416,44.507250467604194,44.70660426155985,13601000
2021-04-28,44.299232482910156,44.8712826948069,44.134549207158614,44.689267469740194,14984000
2021-04-29,44.60259246826172,44.723935955113404,44.18655623918648,44.35990549455834,13916600
2021-04-30,44.125885009765625,44.40324249904661,43.692513519468825,44.39457652403999,19930200
2021-05-03,44.351226806640625,44.55058055717176,44.03920218078443,44.38589731163398,13465900
2021-05-04,43.95253372192383,44.4032404477749,43.59716924855151,44.29923222068986,18164800
2021-05-05,44.31657028198242,44.42057851565231,43.92653527276768,44.195226791640536,16205300
2021-05-06,45.45199966430664,45.68602066043586,44.16055450455454,44.264562734046855,27106800
2021-05-07,46.310081481933594,46.526767244695264,45.26132318369407,45.48667492216677,24146000
2021-05-10,46.07605743408203,46.92546517153622,46.07605743408203,46.778120449593104,23845600
2021-05-11,45.79003143310547,46.03271839999667,45.165975453828736,46.0240491189723,20220900
2021-05-12,44.723934173583984,45.44333239749403,44.61125997248826,45.226646663501164,22123300
2021-05-13,45.49534225463867,45.77269975457909,44.96662848713906,45.1659789835736,15864000
2021-05-14,45.8506965637207,46.128054001993945,45.59067107227325,45.87669779032086,14789400
2021-05-17,45.88536834716797,46.06738687063509,45.6600166459464,45.729354359260036,15731000
2021-05-18,45.876705169677734,46.23206965127399,45.712025197451865,45.764027659016875,20177200
2021-05-19,45.47800064086914,45.64268060020228,44.949286947270956,44.96662220188946,29187900
2021-05-20,45.807373046875,45.911384602940124,43.4238294420329,43.692521002323836,48830800
2021-05-21,45.443336486816406,45.876707993800075,45.27865650445301,45.73802924381979,24468400
2021-05-24,46.27540588378906,46.604769132793244,45.75536143282413,45.902706148264805,21128900
2021-05-25,46.20606994628906,46.44009095014536,46.058721918811194,46.25807240957128,20657200
2021-05-26,45.85936737060547,46.46608807066071,45.78136037622177,46.24073306183588,18671200
2021-05-27,45.868038177490234,46.24073793366122,45.57334873028376,45.8767074590917,56216100
2021-05-28,45.8506965637207,46.128054001993945,45.798690804158916,46.09338349561943,14863500
2021-06-01,45.608009338378906,46.214730014567856,45.44332938176318,45.90270204930716,15741700
2021-06-02,45.902706146240234,45.92871068324072,45.41733220705757,45.6340179460104,14529300
2021-06-03,46.22340393066406,46.42275441593757,45.60801391241053,45.76402791068753,17593100
2021-06-04,46.86478805541992,46.951461022351694,46.31873910593685,46.31873910593685,11676700
2021-06-07,46.734779357910156,47.18548609909833,46.62210515238464,47.081477868473996,14899800
2021-06-08,46.91679382324219,47.142145521100325,46.708774073682434,46.778115092322935,15329700
2021-06-09,46.82146072387695,47.16815596573233,46.75211969168844,46.96013948189159,14860900
2021-06-10,47.69686508178711,47.74020487583172,47.038141872471115,47.17682061687248,22183500
2021-06-11,47.47150802612305,47.97421717818667,47.272157560101114,47.83553844937308,17134000
2021-06-14,46.95146179199219,47.26348976824021,46.396746859267616,47.14214629000194,15131400
2021-06-15,46.622108459472656,47.0814812081471,46.5701026872905,47.003474203055006,12542600
2021-06-16,46.34474563598633,46.734777310329726,46.05005290682699,46.67410556959356,15477900
2021-06-17,46.050048828125,46.41407924029944,45.946037304908074,46.292735769574634,18288400
2021-06-18,45.13130187988281,45.79869429990686,44.966621921576255,45.772693071322074,35758300
2021-06-21,46.09339141845703,46.29274190483402,45.32199070401851,45.391328422324314,17682200
2021-06-22,46.162723541259766,46.24939981158831,45.77269189704704,46.197394049391185,16451200
2021-06-23,45.72935485839844,46.18873085285782,45.58201014952256,46.17139559774975,14749800
2021-06-24,45.746700286865234,45.98072132332415,45.59935554522216,45.88537905220801,13974300
2021-06-25,45.989376068115234,46.11071953613651,45.63401163761228,45.738019852150295,16682700
2021-06-28,45.902706146240234,46.18873290871172,45.86803563448091,46.076055398674896,14008700
2021-06-29,45.85936737060547,46.102054328082836,45.73802389186679,45.84203211559111,10926100
2021-06-30,45.9373779296875,45.99804967376491,45.60801467158006,45.89404144196964,15826400
2021-07-01,46.31874084472656,46.4574195808404,45.937375147003976,45.9807116320967,15074800
2021-07-02,46.72895812988281,46.79877927095335,46.11800733079911,46.42348106563396,15066000
2021-07-06,46.240196228027344,46.57185579972101,45.68161378901526,46.449666307363856,19394500
2021-07-07,46.48457336425781,46.51948559766126,45.96962957450545,46.31874524971221,14411600
2021-07-08,46.48457336425781,46.88605738956974,46.17909964551227,46.39729611016304,15691800
2021-07-09,46.90351104736328,47.06933915321538,46.510756765699206,46.57185150624543,14673400
2021-07-12,46.45838165283203,47.165339256876585,46.371104416022504,47.165339256876585,14000600
2021-07-13,46.53693771362305,46.76386388182294,46.432204351830386,46.554393828824075,9927400
2021-07-14,47.208984375,47.30499134635659,46.554395020565394,46.6940406163349,17113700
2021-07-15,46.82495880126953,47.016969410395824,46.467116761799346,46.990786902199865,14952400
2021-07-16,46.868595123291016,47.488272202532734,46.8249565019694,47.02569682357953,14144900
2021-07-19,46.310020446777344,46.86860288276392,46.02199950542642,46.84241704210497,19925300
2021-07-20,46.76386642456055,47.069340133654606,46.42347715375238,46.502028011721386,17250200
2021-07-21,47.025699615478516,47.0431557309262,46.6242156190089,46.97333126913546,14068600
2021-07-22,47.60173416137695,47.61046055367058,46.93841514700888,47.05187822330587,15729800
2021-07-23,48.203956604003906,48.29996356927186,47.57554979818705,47.90720931563632,13042500
2021-07-26,48.41343688964844,48.570538624333324,48.11668953851189,48.11668953851189,10097400
2021-07-27,48.24760055541992,48.361063647762656,47.81993735487341,48.33488113776579,14738700
2021-07-28,47.80247497558594,48.45706427505722,47.48827157913359,48.40469593251071,18835700
2021-07-29,48.06431579589844,48.308694764940924,47.91594380166943,48.003221053637816,10680200
2021-07-30,48.32615661621094,48.430893326298886,48.01195314477538,48.073051223700425,13438800
2021-08-02,48.39598083496094,48.823644079287014,48.230149376234635,48.52689672776083,12468800
2021-08-03,49.094200134277344,49.24257211878689,48.238870469245335,48.474523029419494,17357400
2021-08-04,48.605445861816406,49.1989405437033,48.41343522667466,49.1989405437033,11662400
2021-08-05,48.66653060913086,48.85854453423279,48.439607785348564,48.45706389939541,10785200
2021-08-06,48.518157958984375,48.83236134863043,48.13413344353546,48.41342460557345,18386100
2021-08-09,48.41343688964844,48.93710711898864,48.35234214053922,48.71891063519453,8707200
2021-08-10,48.535621643066406,48.5879866632328,48.22141820441289,48.4396146668763,10441900
2021-08-11,48.753814697265625,48.88473056794337,48.52688852769583,48.77999720551846,12604500
2021-08-12,49.216392517089844,49.26876086558103,48.57925925947547,48.74508736891031,11209700
2021-08-13,49.286216735839844,49.41713261229405,49.10292918174203,49.2163922715333,10841700
2021-08-16,49.120384216308594,49.25130341929399,48.814910515227524,49.13784033200089,14407400
2021-08-17,48.88473892211914,48.893468645971,48.55308266285948,48.7625494235062,11987500
2021-08-18,48.13414764404297,48.9982038910697,48.0294109303194,48.69273013291161,17111700
2021-08-19,49.98444747924805,50.17646143723144,47.64538106703069,47.79375306771684,39881600
2021-08-20,50.81358337402344,50.91831672342694,49.61786459479861,49.966980198694486,21876500
2021-08-23,51.0928840637207,51.23252966546636,50.39465605499244,50.49065970104389,16225400
2021-08-24,51.77365493774414,51.869661911321046,50.996876085223654,51.04924443337843,17658300
2021-08-25,51.79984664916992,52.602811483118444,51.642744906210744,51.96567811641256,18069600
2021-08-26,51.66892623901367,52.04422444449595,51.48564199803321,51.86093687410148,13729400
2021-08-27,51.511817932128906,51.79983551269013,51.37217233834483,51.730014380504876,14795200
2021-08-30,51.607826232910156,51.6863770895276,51.319805315508276,51.476907028743184,11798600
2021-08-31,51.511817932128906,51.65146352591299,51.12779338157608,51.5903687867208,19873900
2021-09-01,51.529266357421875,51.61654359198179,51.19760687315068,51.51181024462728,11629700
2021-09-02,51.956939697265625,52.12277113675679,51.54673261877648,51.79983798059702,12855700
2021-09-03,51.86093521118164,52.070405286595516,51.738745721112664,51.78238767849207,9732200
2021-09-07,51.38962936401367,51.81729254593421,51.276166276612585,51.70383278794676,15503600
2021-09-08,51.21506881713867,51.433265257794716,51.04924072082893,51.101605735761765,13124500
2021-09-09,51.14524841308594,51.44199572908244,50.83977470371324,51.01433253596066,14958800
2021-09-10,50.52557373046875,51.4507279558148,50.46447898562092,51.2761701150722,13622100
2021-09-13,50.70884323120117,51.084141314457405,50.38591348377591,50.761211567032134,13553200
2021-09-14,50.50810241699219,51.03177578166146,50.32481823759374,50.83103549049942,12810300
2021-09-15,50.23755645751953,52.018037122582236,49.80116351746628,50.42956708714151,37524600
2021-09-16,50.03682327270508,51.33727255588928,49.86226540579451,50.89215315821101,24029600
2021-09-17,49.61787414550781,50.14154765215106,49.286217920322265,50.0891793026626,40262700
2021-09-20,48.77999496459961,49.22511756093059,48.256324847118535,49.2076614464261,21897000
2021-09-21,48.230140686035156,49.19893343350036,48.20395817807562,48.8410913972614,18700600
2021-09-22,48.457069396972656,48.9894692828568,48.32615019147489,48.666536130472636,17940600
2021-09-23,49.47822952270508,49.6615170848372,48.526892796016256,48.61417338022533,16262500
2021-09-24,49.51313400268555,49.58295845911837,49.068014745872965,49.26875506399733,13156400
2021-09-27,49.068023681640625,49.46077466765239,48.91964834940694,49.277490430258375,13859500
2021-09-28,48.457069396972656,48.86727980007953,48.361062423529454,48.68399224649992,17803200
2021-09-29,48.42216110229492,48.85855405022052,48.29997160958199,48.544350595007856,14051700
2021-09-30,47.50572967529297,48.788725821196586,47.48827356038252,48.701445246644326,18538000
2021-10-01,48.12541198730469,48.36106457001177,47.16534886908814,47.65410682189052,18338000
2021-10-04,47.65092086791992,48.04632840851249,47.404890999064804,47.88816539227546,17084100
2021-10-05,48.05511474609375,48.35386674383692,47.56305499821487,47.56305499821487,14135000
2021-10-06,47.3961067199707,47.78272895209683,46.5525727893597,47.756366212329944,26339200
2021-10-07,48.345088958740234,48.68777443728511,47.756370215878746,47.87938852399014,14725500
2021-10-08,48.397804260253906,48.59111201333448,48.1078376027745,48.50324515756201,9255500
2021-10-11,48.26599884033203,48.66140638050162,48.23963945495591,48.547176790695836,8117600
2021-10-12,47.694847106933594,48.38022119131459,47.51032473309854,48.31871373336957,14241900
2021-10-13,47.99360656738281,48.107836157980984,47.51912086779344,47.73000265607636,13737100
2021-10-14,48.89864730834961,49.074381000473466,48.30992871363767,48.406584255448976,14455900
2021-10-15,48.547176361083984,49.10953225683509,48.29235779835128,49.10953225683509,15202200
2021-10-18,48.49445724487305,48.7580645202637,47.94967535608347,48.36265695908346,10989600
2021-10-19,48.97772979736328,49.01287452535295,48.353863110894864,48.58232227830735,13258400
2021-10-20,49.381927490234375,49.408286876781055,49.03045336071869,49.03045336071869,11613600
2021-10-21,48.933799743652344,49.31163327466431,48.79321075666458,49.24134045712335,12619900
2021-10-22,48.424156188964844,49.08316756148336,48.27477853486996,48.81077498748984,15026600
2021-10-25,48.450523376464844,48.696553255896646,48.16056006883532,48.42416398992735,10218900
2021-10-26,49.03923416137695,49.51371980234567,48.678974744988665,48.81956370377665,15250000
2021-10-27,49.36435317993164,49.83884224662398,49.144682688156195,49.320419751957694,16279000
2021-10-28,49.41706848144531,49.81247263052164,49.109527824279546,49.40827978592059,11209200
2021-10-29,49.179832458496094,49.71582901312138,49.083176902494046,49.48736981677004,13550400
2021-11-01,49.29404830932617,49.4258519218799,48.766840562921494,49.09195189480754,14341400
2021-11-02,50.62965774536133,50.84932825336157,49.45222368840381,49.531305205360134,22097900
2021-11-03,50.656009674072266,50.90203951791232,50.19030601721115,50.59450221311225,13219400
2021-11-04,50.1903076171875,50.69115601634531,49.69824791382141,50.61207451374643,18070400
2021-11-05,50.14638137817383,50.78781883474692,50.02336643470855,50.41877400435109,15637700
2021-11-08,50.08488082885742,50.54179593338452,49.72462129381382,50.17274770007536,15045300
2021-11-09,50.47148895263672,50.63844066488747,49.997003256943685,50.14637757642534,14459800
2021-11-10,50.761451721191406,51.51711866106745,50.69115556310744,50.87568130212519,17876300
2021-11-11,49.87398147583008,50.761452041765544,49.81247401307083,50.58571499735112,17440700
2021-11-12,49.92670440673828,50.21667103752393,49.47857812050318,50.0585080301691,16663600
2021-11-15,50.32211685180664,50.69995036726691,49.93549799148005,50.023364847766096,19041800
2021-11-16,50.08488082885742,51.033859127161314,50.02337334862361,50.29576601244927,21136900
2021-11-17,49.87398147583008,50.20788152502696,49.44342923651532,49.74218120644826,31496300
2021-11-18,47.12371826171875,47.38732220064123,44.88307975301879,46.33290309304538,70834000
2021-11-19,46.78981399536133,47.17643284797969,46.37683240485819,47.05341791086956,30030800
2021-11-22,47.976036071777344,48.793210603549994,46.83375013709804,46.87768356691151,39949300
2021-11-23,48.59110641479492,48.83713961604079,47.86180221057599,47.98481713524627,25653100
2021-11-24,48.802005767822266,48.98652820863495,48.45932027719691,48.45932027719691,19328700
2021-11-26,48.03754425048828,48.494459301461994,47.853021831414054,47.853021831414054,16730300
2021-11-29,48.995296478271484,49.37312992647836,48.17812547492964,48.45051469207522,25724500
2021-11-30,48.18691635131836,48.854713131861125,47.58062703667142,48.837142443238456,45141300
2021-12-01,48.35386276245117,49.5400853110709,48.26599591525209,48.79320370225729,24120500
2021-12-02,49.337989807128906,49.74218267488049,48.39780044644764,48.45930791102264,22384700
2021-12-03,49.40827941894531,49.926701838180556,48.91621638227798,49.46978687954058,26235400
2021-12-06,50.04971694946289,50.23423933194951,49.61916472366077,49.821261145227815,23172800
2021-12-07,51.03384780883789,51.15686274202317,50.0936550654099,50.172736572729804,24254800
2021-12-08,50.10244369506836,51.07778116674771,49.75975828110654,51.03384774094078,23631300
2021-12-09,50.568138122558594,50.814171311706794,50.02335633213248,50.26060082600477,16480200
2021-12-10,52.06189727783203,52.14097877486191,50.88446351755676,50.88446351755676,19901500
2021-12-13,51.49954605102539,52.290357739988764,51.438038586947314,51.930098299571966,18496300
2021-12-14,50.761451721191406,51.4292484634625,50.40997763458221,51.26230011587105,19114200
2021-12-15,52.65940475463867,52.747271600905556,50.875681630559455,50.89325231828857,27953900
2021-12-16,52.993316650390625,53.38872089888843,52.60669439581524,52.76485743597679,24599300
2021-12-17,53.12510681152344,53.42385879127338,52.536391548081,52.958158457391725,62171000
2021-12-20,53.0372428894043,53.08117631639983,52.10583881833316,52.430950200386846,21342100
2021-12-21,53.625953674316406,53.810479415224314,52.72091241709924,53.107531234805386,20761100
2021-12-22,54.06529235839844,54.126799818836474,53.26569202079876,53.57323267489414,17095500
2021-12-23,54.724308013916016,55.26909320881727,54.29375575719377,54.29375575719377,17771400
2021-12-27,55.72600555419922,55.76994233156335,54.72430870535825,54.83853829307509,14779700
2021-12-28,55.822662353515625,56.095054960518006,55.559058442945414,55.726006804195244,12865000
2021-12-29,56.200496673583984,56.49046332577188,55.84023720844199,55.92810741451664,15069900
2021-12-30,55.90174865722656,56.3586637056325,55.769948366588196,56.27079684520692,9076700
2021-12-31,55.682071685791016,56.077479215584226,55.63813826068187,55.8402346977083,10359100
2022-01-03,55.49755096435547,55.66449932557165,54.91762102045568,55.26909513574883,17184300
2022-01-04,54.13640594482422,55.515228273297126,54.01266612784405,55.188197760812805,29682500
2022-01-05,53.27906036376953,54.481110066507256,53.252545652333495,54.08337253668123,30317900
2022-01-06,53.844722747802734,54.03033581776181,52.95202607621249,53.031573571435906,19616600
2022-01-07,54.03034210205078,54.35736923304742,53.62376409492148,53.80053670171809,20152400
2022-01-10,54.64020538330078,54.71091577640087,53.49118846868132,53.800538009351406,24715300
2022-01-11,55.1263313293457,55.17936412782095,54.30434149709474,54.445758921371386,22804200
2022-01-12,54.905372619628906,55.524075185373604,54.72859997632217,55.152855668921426,13405400
2022-01-13,54.35737228393555,54.93188244535548,54.10105215827698,54.870012535252684,14871600
2022-01-14,54.23362350463867,54.35736330440314,53.862400733688595,54.330848596355516,18831900
2022-01-18,52.79293441772461,53.22602711275436,52.58080999817862,53.01389932155151,26545800
2022-01-19,52.05934143066406,52.58081882611407,51.06941606772536,51.26386629467001,24333900
2022-01-20,51.33456802368164,52.4482296543169,51.28153523302021,52.138880137934,17726500
2022-01-21,50.097171783447266,51.564378859462515,50.035301869588466,51.32573631815398,25914000
2022-01-24,50.2916145324707,50.37999914722411,48.49737718239548,49.637556919661904,34180100
2022-01-25,49.59336853027344,50.10600540532516,48.67415362892742,49.5756909315948,25156400
2022-01-26,48.90396499633789,49.89388704130856,48.488549805937495,49.59337457048526,28632700
2022-01-27,48.27641296386719,49.96458475437895,48.08196613429908,49.06304751004943,25967400
2022-01-28,49.15143585205078,49.1956281603777,47.242299136077555,48.170351097570915,30976600
2022-01-31,49.2044677734375,49.372403273932335,48.49738068930897,48.992343334027524,29925300
2022-02-01,48.939308166503906,49.05421086574891,48.38247901129656,49.01001855731837,22438500
2022-02-02,49.64638900756836,49.778969287936434,48.76252946286543,48.815562249343984,23316700
2022-02-03,48.7890625,49.628729999229805,48.665322665269684,49.38124695811155,19260500
2022-02-04,48.7448616027832,49.16027335030006,48.0731263729847,48.51505620303112,19675900
2022-02-07,48.76253128051758,49.080721267936404,48.34711957174896,48.90395204973191,14450200
2022-02-08,48.91279220581055,49.04537249937107,48.35595969317605,48.665312587598294,15219900
2022-02-09,49.75245666503906,49.83200416226145,49.0365291900376,49.33704158269364,19136700
2022-02-10,48.497379302978516,49.52265638857094,48.38247997310641,48.824409809511025,19730600
2022-02-11,47.640045166015625,48.69183712740719,47.525142446510756,48.497386890038584,20132500
2022-02-14,47.003658294677734,47.419073425351606,46.57940605068739,47.20694561752787,21868400
2022-02-15,47.96706771850586,47.993582431346624,47.41023514724887,47.480945543700614,17678000
2022-02-16,47.94939041137695,48.117322546486534,47.189270503178435,47.84332818771076,20388700
2022-02-17,49.292850494384766,50.43303019215733,48.96582338513649,49.0542079968284,32884700
2022-02-18,50.565608978271484,50.98986119905257,48.94814759727215,49.0188546149072,35626200
2022-02-22,49.761295318603516,50.503737525122816,49.26633609536187,50.3181278164072,25188300
2022-02-23,48.1173210144043,50.371165954233945,48.05545110493088,50.035298323051705,22033700
2022-02-24,48.37363815307617,48.46202614091172,47.0301710828887,47.79029091998949,27739300
2022-02-25,49.53148651123047,49.690581488785355,48.161504979313506,48.59459424025796,18963700
2022-02-28,49.292850494384766,49.49613779860164,48.39131329416856,48.97466049764295,23868700
2022-03-01,48.27641296386719,49.363559924825935,47.958222951555946,49.08072510758416,17799600
2022-03-02,49.62871551513672,49.83200280881555,48.35595559414695,48.40898838140707,18660000
2022-03-03,49.55801010131836,50.37999984215984,49.35472278725585,50.15019781763695,16794600
2022-03-04,49.946895599365234,50.29160361404323,48.83323418562894,49.20445353298897,16729000
2022-03-07,49.13376235961914,49.885041778918804,49.07189244846069,49.77014244200013,21350900
2022-03-08,48.081966400146484,49.37240068240407,47.79029109669617,49.23098327300128,23642400
2022-03-09,49.42543029785156,49.71710560244795,48.83324594729332,49.17795067333851,19150900
2022-03-10,48.355960845947266,48.75369836445368,47.70190659032071,48.081966511153844,18550900
2022-03-11,48.338279724121094,49.68174670443091,48.2587322262193,48.86859750068528,20330300
2022-03-14,47.99357986450195,48.96582753377092,47.7284226353039,48.37363979596009,17977500
2022-03-15,49.14259719848633,49.257499901743294,48.09964249915598,48.09964249915598,18829100
2022-03-16,49.328208923339844,49.49614104523249,48.258736170438866,49.43427113865852,21821800
2022-03-17,49.64638900756836,49.761291692443585,48.92162445064449,49.045367619094435,18830500
2022-03-18,49.469627380371094,49.86736153914061,49.089567448147555,49.522656803323244,51807200
2022-03-21,49.49613952636719,49.98226165095548,49.0718873064543,49.54917231822765,29174600
2022-03-22,49.64638900756836,50.132514454480244,49.575681997253554,49.81432447892214,29287900
2022-03-23,48.15266799926758,49.57568241777494,48.12615329163169,49.40775031665329,19742100
2022-03-24,48.17035675048828,48.33828889050066,47.44559201957132,48.32061129076398,20551500
2022-03-25,48.58577346801758,48.77138321369895,48.08197366022098,48.26758340590236,18090600
2022-03-28,48.736019134521484,48.753696731602716,48.09963912622475,48.435506727454346,17164600
2022-03-29,49.2044677734375,49.7701408123975,48.64763859124344,49.2044677734375,20036500
2022-03-30,49.54033279418945,50.32696734459023,49.133758163681165,49.27517557306044,16125400
2022-03-31,49.28401184082031,50.273937061154896,49.24866001782453,49.531494831732424,27587700
2022-04-01,49.19562911987305,49.66407366625741,48.51505676906239,49.64639606825046,17465100
2022-04-04,49.381229400634766,49.60219427599139,48.60343546697207,49.018847139916154,19629200
2022-04-05,48.873992919921875,49.47023606079287,48.651514794697,49.12317072860155,16063600
2022-04-06,48.38454055786133,48.73160588169233,47.912888030065005,48.66931227970968,19644100
2022-04-07,48.61591720581055,48.81169563280597,47.823895682940325,48.437934040113,15739000
2022-04-08,48.30445098876953,48.8650968325799,48.064174198565084,48.80280322712841,18148200
2022-04-11,47.05857467651367,48.010780794623855,46.9784824144882,47.984081110784146,20992100
2022-04-12,46.11526107788086,47.12086305745059,45.8126907209637,46.00847253860023,25254200
2022-04-13,46.408939361572266,46.59582017637801,45.750402601867954,46.13306525775412,17004600
2022-04-14,45.53681945800781,46.6136161266582,45.4923245134595,46.34664306462168,18024800
2022-04-18,45.48342514038086,45.88388641547084,45.207551063152984,45.27874568750077,13990700
2022-04-19,46.12416076660156,46.222048277837,45.31433723338725,45.385531854009045,15490900
2022-04-20,47.18315887451172,47.761599934676994,46.408935987499966,46.47122958790628,19526200
2022-04-21,46.96957778930664,47.903988572921385,46.925082845978935,47.467929980918065,17147300
2022-04-22,45.705902099609375,47.12976060328244,45.64360850224533,47.094163292004005,17693000
2022-04-25,46.22205352783203,46.257650842186145,44.97617807815876,45.78599830860775,18677000
2022-04-26,45.29654312133789,46.2220494496602,45.269843440554645,46.1686568775866,19238300
2022-04-27,43.88158416748047,45.483425899840604,43.82818819832805,45.30544273074579,33668600
2022-04-28,45.05626678466797,45.18975161084835,43.79258938273227,44.077361085612836,20170700
2022-04-29,43.58790969848633,45.06516417224569,43.49001878963387,44.94947460771584,20281400
2022-05-02,44.371036529541016,44.41553147432451,43.54341765653058,43.908281635349944,22499200
2022-05-03,44.424434661865234,44.815998372327726,44.07736929649865,44.29094981081884,15828200
2022-05-04,45.90168762207031,45.972878855627286,44.20195151616017,44.52232055403336,23942300
2022-05-05,44.148555755615234,45.57241427153098,43.748094487155655,45.51902169890069,24846500
2022-05-06,43.899375915527344,44.353229700288,43.47221501902242,43.73919142802451,21743900
2022-05-09,43.57011032104492,43.979469210604414,43.312034910117525,43.60570763181003,22421200
2022-05-10,44.095157623291016,44.70919933636349,43.73919470916209,44.237543467891854,21741100
2022-05-11,43.29423904418945,44.17525040745684,43.231945448594644,43.685799272892034,23872100
2022-05-12,42.97386932373047,43.40992448561323,42.24414144916453,43.27643966645876,25951000
2022-05-13,44.104068756103516,44.16636236522148,43.18745648883743,43.347641025068505,18954500
2022-05-16,43.605709075927734,44.193051144017716,43.49892053484224,44.193051144017716,20254500
2022-05-17,45.02956008911133,45.13635200711578,44.0595555664195,44.21084241955284,18780600
2022-05-18,43.036163330078125,44.913878998969516,42.90267511490007,44.913878998969516,40672700
2022-05-19,37.12715530395508,39.093861364119284,36.50421579585067,38.319638341270185,97674600
2022-05-20,38.21283721923828,38.266233185326506,36.94916324120112,37.25173359287495,46148700
2022-05-23,38.57770538330078,38.99596534316909,38.21284139535613,38.56880775202023,27366600
2022-05-24,38.95146560668945,39.20954101379327,37.82127646724001,38.62219897385658,30053900
2022-05-25,39.15614700317383,39.52990859508943,38.43531671123393,38.93366889520125,25504600
2022-05-26,40.03716278076172,40.51771292569361,39.200642901748054,39.200642901748054,28294700
2022-05-27,40.597801208496094,40.615599863195335,40.001561552429656,40.15284502525382,23882100
2022-05-31,40.09056091308594,40.58891317829233,39.81469018686655,40.28634276633614,64821200
2022-06-01,40.25074005126953,40.757989880539334,39.84138113549857,40.53551176613164,20666000
2022-06-02,40.749088287353516,40.75798591737614,39.957066820234985,40.206241197823836,20546800
2022-06-03,40.26853942871094,40.70459803444518,40.15284985661872,40.5355124918304,17947000
2022-06-06,40.3397331237793,41.016065094367626,40.161749954230814,40.580006498711164,12641900
2022-06-07,40.55331039428711,40.62450502032615,39.79688616372873,39.88587605153091,14667200
2022-06-08,39.97486114501953,40.60670149372419,39.93926723101552,40.44651699909441,16263800
2022-06-09,39.387516021728516,40.28632932564596,39.369720763503764,39.89476914452848,18417700
2022-06-10,38.70228958129883,39.14724575613914,38.52430643241346,38.978160237062255,20262400
2022-06-13,38.47981643676758,39.013762557265025,38.16834503752187,38.319631921669014,29050800
2022-06-14,38.1861457824707,38.889177482211714,37.88357539237627,38.826883877905225,22499100
2022-06-15,38.97816467285156,39.53881046748185,38.355225278234194,38.595502047361464,22525100
2022-06-16,38.55100631713867,38.631098571880166,38.097152470101236,38.097152470101236,27049000
2022-06-17,38.61330032348633,39.15614745638198,38.47981549400569,38.58660403653951,59678600
2022-06-21,39.280723571777344,39.40531073537136,38.88916342980393,38.987054313983684,23277900
2022-06-22,38.77348709106445,39.26293828380329,38.41752073557434,38.68449719956531,19942300
2022-06-23,38.20394515991211,38.6755977141898,38.01706434347154,38.631102766667794,33801700
2022-06-24,39.24513626098633,39.3519281953232,38.47981443338422,38.6577942011194,30543800
2022-06-27,38.95146560668945,39.41422045554054,38.826878415603844,39.41422045554054,22755300
2022-06-28,38.31962966918945,39.574406033872975,38.25733607195134,39.07605386122164,20091300
2022-06-29,38.159446716308594,38.49761100229153,37.990361178570545,38.39082245907305,13450800
2022-06-30,37.945865631103516,38.3908218479687,37.545404356975546,37.705588866626734,24947900
2022-07-01,37.91026306152344,37.99925632940258,36.993654468217656,37.83907184196618,24338500
2022-07-05,37.67681121826172,37.68579235760293,36.65318055263065,37.2817267197746,24442600
2022-07-06,38.3322868347168,38.54778960997449,37.721699634337156,37.820471596942745,17250400
2022-07-07,38.808189392089844,38.93389792227959,38.42208266347817,38.502895779357374,22316700
2022-07-08,38.960838317871094,39.158382270627946,38.55677269873247,38.6375858225602,11817000
2022-07-11,38.83513259887695,39.22123939353728,38.67350633947026,38.915945728580304,15245200
2022-07-12,38.48494338989258,39.355928960011084,38.30535827719892,39.131448425469294,17385300
2022-07-13,38.341270446777344,38.655541779621984,37.53313926903308,37.578034684396506,16854200
2022-07-14,38.009037017822266,38.13474554022814,37.129070510380444,37.52415835257073,17336200
2022-07-15,38.67350387573242,38.727380433869435,38.16168856198401,38.16168856198401,19897800
2022-07-18,38.25148010253906,38.89798511084934,38.08087613659095,38.88002625780728,16743800
2022-07-19,39.53550338745117,39.58937993895619,38.29637353054022,38.449018621853696,22861400
2022-07-20,39.62530517578125,39.795909150041346,39.203280671983826,39.58040975363924,15599200
2022-07-21,40.02936553955078,40.12813408509978,39.57142338839322,39.768967330092615,15364600
2022-07-22,39.9216194152832,40.33466279719613,39.73305657901443,40.208954239683614,14854600
2022-07-25,39.81386184692383,40.10119661455904,39.60734019676731,40.10119661455904,12954700
2022-07-26,39.35592269897461,39.993446493578936,39.28408729520481,39.840797973218415,19513000
2022-07-27,40.0832405090332,40.21793018915718,39.35592582720613,39.679174893962134,22349000
2022-07-28,40.96320343017578,41.18768394524187,40.14609449234725,40.29874302374862,17576200
2022-07-29,40.73872375488281,40.846476870552316,40.25384843557365,40.50526552153402,23701700
2022-08-01,40.65790557861328,40.79259524381312,40.190985744634446,40.46036507503412,14153400
2022-08-02,40.33466720581055,41.035048913977505,40.31671177446161,40.87342262942372,15005400
2022-08-03,41.044010162353516,41.142782121652644,40.21792363967045,40.31669559896958,14943800
2022-08-04,40.747703552246094,41.24155999425158,40.41546992782173,41.214623428871526,15249300
2022-08-05,40.41546630859375,40.46934285982997,39.99344531246168,40.325675481833855,19533900
2022-08-08,40.4244499206543,40.873410932533666,40.28078253386493,40.846474367917125,15465600
2022-08-09,40.33466720581055,40.56812891696676,40.155085489907826,40.54119234464168,12826200
2022-08-10,41.32236862182617,41.35828632196067,40.79259453339377,41.04401158373443,18935400
2022-08-11,41.21461486816406,41.69051235930036,41.09788406692872,41.40317763725957,15849000
2022-08-12,41.85214614868164,41.85214614868164,41.27747660051852,41.38522628447393,16967600
2022-08-15,41.834190368652344,41.86112693529373,41.33135276444036,41.654605265340855,15456100
2022-08-16,41.995819091796875,42.21131848821841,41.699503140090826,41.816233977911494,21153700
2022-08-17,41.89704895019531,42.29213347787491,41.51094213721923,41.6276729801728,27975600
2022-08-18,44.330406188964844,44.89609798263011,44.09694798658736,44.7165129056395,39999900
2022-08-19,43.72880172729492,44.411220934579475,43.58513434548235,44.0071553528252,23130400
2022-08-22,42.8398551940918,43.5492143530486,42.669251257569435,43.52227779078201,20534100
2022-08-23,42.57048034667969,43.136172145348844,42.552521496291725,42.732106574870876,13764600
2022-08-24,42.265193939208984,42.570487597200405,42.08560883004326,42.28315279265566,14946500
2022-08-25,42.44477844238281,42.58844584260402,42.05867166204439,42.42681958919254,23039300
2022-08-26,41.20564651489258,42.44478002893132,41.196668800612365,42.274176055198176,20309800
2022-08-29,41.044010162353516,41.30440834136025,40.84646966905556,41.05299129972632,13425700
2022-08-30,40.62199020385742,41.18767856166716,40.3705697306416,41.07992888760346,14279100
2022-08-31,40.15507507324219,41.15176909433664,40.03834424794534,41.106870251706546,23006100
2022-09-01,40.66688919067383,40.7117846067051,39.86773913929479,40.02038423886127,16236400
2022-09-02,40.03834533691406,41.232579911798645,39.75998826142025,41.044017098706476,14720900
2022-09-06,39.93059539794922,40.21793018523824,39.49061207818118,40.10119935749556,14366100
2022-09-07,40.4244499206543,40.55913616903769,39.82284038357959,40.182010563203356,18297400
2022-09-08,40.73872375488281,40.82851801794073,40.06528219580247,40.19099073878265,14231500
2022-09-09,41.09789276123047,41.205642448465305,40.765662560830926,40.99912078738987,15499300
2022-09-12,41.66358947753906,41.9599020083533,41.277482675795355,41.40319122979541,17923000
2022-09-13,39.60734558105469,41.22360472504484,39.526532452590125,41.05300075397569,23028600
2022-09-14,39.47264862060547,39.75100566188538,39.113481891048,39.54448402169724,27551500
2022-09-15,38.87104797363281,39.39184100300775,38.691462871148,39.33796786997296,18148600
2022-09-16,38.8800163269043,39.131436779973264,38.42207767985385,38.709412404532586,32696100
2022-09-19,38.8800163269043,39.00572484078873,38.3951376945214,38.520849633705936,13667500
2022-09-20,38.2335319519043,38.62861651812437,37.946193673842316,38.61963537724343,16813900
2022-09-21,37.34458541870117,38.493924768879346,37.32662656319196,38.000068230931,21415900
2022-09-22,36.949493408203125,37.308660169917765,36.94051226961232,37.120097363120024,16691000
2022-09-23,36.509517669677734,37.039291921445006,36.0246388442701,37.039291921445006,19067700
2022-09-26,36.43767547607422,36.98540500487101,36.24910925764856,36.50950745308835,22694800
2022-09-27,36.38380432128906,37.22784987188351,36.1234060872234,36.940515070604505,15027900
2022-09-28,37.12009048461914,37.326612105028445,36.44664907773222,36.680107258320966,23217700
2022-09-29,36.4286994934082,36.90459711253838,36.051573853788284,36.85970169238854,19496400
2022-09-30,35.91688919067383,36.8507291317037,35.880971479410796,36.50951772530789,27989900
2022-10-03,37.075199127197266,37.29069848278123,36.338903382567814,36.51848503712095,22203600
2022-10-04,37.89989471435547,38.09927355611835,37.51020159115538,37.66426800264038,22889400
2022-10-05,38.05397033691406,38.2895971056633,37.51927523313015,37.6914638927116,14289700
2022-10-06,37.628021240234375,38.144590613724404,37.492080475792896,37.74583633894251,18198800
2022-10-07,36.49518585205078,37.38332255486386,36.32299724726913,37.38332255486386,19055400
2022-10-10,36.15081024169922,36.984573531785415,35.8879932893914,36.82144600670588,16628400
2022-10-11,35.869876861572266,36.35019495330228,35.588934199307346,36.078316853400715,19386400
2022-10-12,35.58892822265625,36.123623227419245,35.57080255809108,35.97862136801489,17279900
2022-10-13,36.803321838378906,36.97551047424508,34.981732219966965,35.371425383821574,26328300
2022-10-14,36.4317512512207,37.12050919340882,36.17799541389506,37.0117586671932,19571000
2022-10-17,37.42864227294922,37.63708224264251,37.111451766267535,37.19301553328815,27845200
2022-10-18,37.87271499633789,38.2624081920662,37.392393466069585,37.990526645563676,18223300
2022-10-19,37.95427703857422,38.28053211380968,37.582709526693236,37.727711398229296,19071700
2022-10-20,37.80021286010742,38.624911701869046,37.573647206248545,37.664275542062605,16830500
2022-10-21,38.78802490234375,38.94209128768299,37.890827180902924,37.92707504470371,25035000
2022-10-24,39.458675384521484,39.630864038108335,38.87866785968417,39.07804328564853,18785300
2022-10-25,40.201812744140625,40.238064080783964,39.15054818130807,39.277424402442,19165200
2022-10-26,40.219940185546875,40.990262109029615,40.129311839943206,40.718383986454405,20051000
2022-10-27,40.25617599487305,40.86337362842194,40.20180246093397,40.573369923690684,18102500
2022-10-28,41.36182403564453,41.42526214034628,40.46462600793845,40.500873884112714,17978300
2022-10-31,41.171512603759766,41.361826931188,40.836196390131306,41.062762053389015,17793700
2022-11-01,41.198692321777344,41.49776060547841,40.83618939691441,41.30744631064159,12088700
2022-11-02,40.392120361328125,41.87839034546001,40.373994696019544,41.20775801462839,15308800
2022-11-03,39.7396125793457,40.01149411787102,39.32273262404569,39.902740119613945,17895600
2022-11-04,40.3468132019043,40.85432152554903,39.721493224025835,40.328687534225814,19648700
2022-11-07,40.37399673461914,40.76368991563742,40.2471205281699,40.627752604634956,21383000
2022-11-08,40.42837142944336,41.099003755920556,40.03867827063209,40.500870633089775,17503100
2022-11-09,39.79399108886719,40.52806504793627,39.77586542180304,40.33774727232151,19311700
2022-11-10,41.37995529174805,41.515896081395574,40.46463147375743,41.41620662993644,27190100
2022-11-11,40.59149932861328,41.07181736063495,39.80304844265821,40.94494116026072,25961800
2022-11-14,40.54619216918945,41.18057325359907,40.49181516604679,40.62775594534464,21091300
2022-11-15,40.691184997558594,40.999314365887855,40.28336620754679,40.81806118620296,19318000
2022-11-16,40.2289924621582,40.763687483953255,40.14742869757533,40.72743615366817,24939600
2022-11-17,42.222774505615234,42.45840125955344,40.92681871616147,41.8602680841992,38887800
2022-11-18,43.31029510498047,43.536860779155354,42.46747052048045,42.51278296389186,30843200
2022-11-21,43.156219482421875,43.76341715794254,43.1018459447243,43.147158378511314,17049500
2022-11-22,43.84498596191406,43.88123383884038,43.2831006555875,43.500605202732864,16367800
2022-11-23,44.01717758178711,44.39780970068474,43.790611914408295,43.86311458738602,12065600
2022-11-25,43.86310958862305,44.452178182405426,43.81779369461743,44.18030010395838,8492600
2022-11-28,43.5731086730957,43.92655054373674,43.4281033342506,43.76342299465356,14976600
2022-11-29,43.75435256958008,43.87216766304638,43.355598312539556,43.727165800748274,13779300
2022-11-30,45.05937576293945,45.15906519806199,43.4643517152135,43.65466602383799,29919700
2022-12-01,45.28594970703125,45.7300165085751,45.03219379188824,45.20438592307777,18559500
2022-12-02,45.0412483215332,45.168124522282085,44.33436119903384,44.615303827204364,12325100
2022-12-05,44.7059326171875,44.986871791149994,44.56092729241045,44.90530802452151,13795900
2022-12-06,44.03529739379883,44.805619177595,43.73622909321523,44.805619177595,15443800
2022-12-07,43.66373062133789,43.99904680211142,43.55498008162272,43.8631094917468,15171700
2022-12-08,44.397804260253906,44.58811856782307,44.06248462449798,44.09873595654467,16015800
2022-12-09,43.91748046875,44.56092602207749,43.89935480366959,44.49748792285462,14303200
2022-12-12,44.678741455078125,44.69686712029587,43.83591703659706,44.225610195985816,15425300
2022-12-13,44.986873626708984,45.95657430445944,44.61530610960009,45.612197015414274,22705900
2022-12-14,44.678741455078125,45.367502904884034,44.24373586120357,45.07749917563433,19050400
2022-12-15,43.63654327392578,44.452177496684925,43.26497576578592,44.37061372869728,19372500
2022-12-16,43.32841873168945,43.500607391384655,42.66684740913293,42.96591228724751,66125400
2022-12-19,42.956851959228516,43.46435684209033,42.72122172894176,43.19247873239754,17986300
2022-12-20,42.92966079711914,43.10185291331327,42.404030257396535,42.96591213285661,15086200
2022-12-21,43.192474365234375,43.464352447437754,42.97496982520125,43.2196611363195,15599400
2022-12-22,42.88435363769531,43.03842010499572,42.313407129423574,43.03842010499572,23118500
2022-12-23,43.02935028076172,43.03841484326311,42.60340572825535,42.82091028575923,9554400
2022-12-27,43.07465744018555,43.23778497403166,42.79371826520842,43.20153364270647,12066200
2022-12-28,42.657779693603516,43.29216419592823,42.576215922488664,43.219661529551736,9847400
2022-12-29,43.0474739074707,43.264978454661204,42.82996936028021,42.82996936028021,11396500
2022-12-30,43.17435073852539,43.20153751089492,42.5490307742034,42.839034536536865,13199800
2023-01-03,43.44622039794922,43.545909820104946,42.87527754633949,43.37372120000124,17718900
2023-01-04,43.437095642089844,44.286654271979536,43.089963297091764,44.10395285436267,18339800
2023-01-05,42.825042724609375,43.38228038683526,42.71541980156424,43.38228038683526,17372100
2023-01-06,44.1404914855957,44.387137863540545,43.19044695234287,43.35487787097276,20823000
2023-01-09,44.37800598144531,44.953510732921146,44.04914413217933,44.085681627300275,13938000
2023-01-10,44.588111877441406,44.95351122583493,44.38713997074418,44.57897489000626,12474400
2023-01-11,44.9535026550293,44.971773141676486,44.48761744211253,44.60637386294975,12530900
2023-01-12,44.76167678833008,45.15448361851705,44.62464985324543,44.953511709656816,14241700
2023-01-13,44.65205764770508,44.77994759616302,44.231843336677876,44.35973676987556,12649300
2023-01-17,43.921260833740234,44.70687111118653,43.80250437359247,44.68860061849148,19290800
2023-01-18,42.84331130981445,44.094810005405435,42.83417432426343,44.02172805995305,19882200
2023-01-19,42.44137191772461,42.980339123943644,42.3774269512867,42.88899016752929,19118600
2023-01-20,42.733699798583984,42.77937776905407,41.719710185570115,42.07597953764139,21847200
2023-01-23,43.39141845703125,43.72941379349581,42.76110226447743,42.843317723048756,15180500
2023-01-24,43.67461013793945,43.86644506536514,42.98948241021356,43.382289252888924,14872700
2023-01-25,43.82990264892578,43.92125510047635,43.14477494362522,43.82990264892578,14638700
2023-01-26,44.15876007080078,44.27751650352167,43.69287481126401,43.985195657392836,12952700
2023-01-27,44.31405258178711,44.51502446386545,43.82076334764639,43.93951629183882,13414800
2023-01-30,44.049137115478516,44.3049169642795,43.957784680378815,43.976055167398755,19261900
2023-01-31,44.46021270751953,44.47848319529177,43.893841525537034,43.95778649037025,16821600
2023-02-01,44.36886978149414,44.67032764358427,43.400554706442456,44.2044388539431,19639400
2023-02-02,45.05399703979492,45.27323943594448,44.17703442467601,44.33232836319638,17883800
2023-02-03,44.423675537109375,45.03572120056709,44.31405260968531,45.03572120056709,17980000
2023-02-06,43.455360412597656,44.10394704926586,43.40968593539018,43.91211215415091,13991600
2023-02-07,43.702003479003906,43.985190791939715,42.90725648429887,43.15390282432574,16675200
2023-02-08,42.89812469482422,43.42795841196408,42.724560279591884,43.28179798736332,18905500
2023-02-09,42.68802261352539,43.309205337447985,42.41397223173358,43.14477441142496,18598400
2023-02-10,43.172176361083984,43.22698782874429,42.60580513421881,42.66061660187912,17397300
2023-02-13,43.72028732299805,43.8390437788654,43.29093947198996,43.345750948099514,19422100
2023-02-14,43.57411575317383,43.84816609431547,43.09909353565004,43.647194217933325,19134400
2023-02-15,44.259239196777344,44.323184154220904,43.23611639294159,43.391410293950564,27071200
2023-02-16,46.57954406738281,47.26467167869039,45.49247269387502,45.66604058563939,48125300
2023-02-17,46.378578186035156,46.990623925305556,46.22328076198436,46.89014145649585,25321400
2023-02-21,45.391990661621094,46.36943919246673,45.32804569117246,46.32376471139479,25100500
2023-02-22,45.044864654541016,45.53815395981998,44.66119132294654,45.53815395981998,20301900
2023-02-23,44.9535026550293,45.382850379390696,44.350590534628125,45.25496045759939,14066200
2023-02-24,44.286651611328125,44.67032491374721,44.00346425679831,44.588109454995944,17251600
2023-02-27,44.5150260925293,45.07226379705098,44.35059518021997,44.71599798196056,14776400
2023-02-28,44.23183822631836,44.697726967290905,44.195300734365865,44.58810752195474,16622400
2023-03-01,44.15876007080078,44.38713594963514,43.86643922467195,44.25010902843878,13449300
2023-03-02,44.33232116699219,44.423673602533995,43.95778489311852,44.14048627946303,18281800
2023-03-03,45.0174560546875,45.090538014975856,44.59724523724844,44.752542660491365,15969900
2023-03-06,45.145347595214844,45.50161693709633,44.980920148236955,45.18188857664983,13878400
2023-03-07,44.67945861816406,45.455935243976306,44.42367873855335,45.28237082348897,17506600
2023-03-08,44.862159729003906,45.00832015706355,44.52416439250464,44.77994427042414,12055500
2023-03-09,44.588111877441406,45.39199253475097,44.49675942678827,45.035726689052915,12497700
2023-03-10,44.3597297668457,44.91696395647959,44.12221691314282,44.66118409994343,16338200
2023-03-13,44.22270202636719,44.65204976445222,43.957785188623696,44.33232146501518,20280800
2023-03-14,44.80735397338867,44.999188906281894,44.31406115902904,44.469358593804444,17679600
2023-03-15,44.81648254394531,44.86215702156884,44.18616290462712,44.18616290462712,17354900
2023-03-16,45.78479766845703,45.940095086457575,44.314056372328544,44.46935379032909,21425100
2023-03-17,45.848751068115234,46.17761296929079,45.43767717638597,45.9126960505949,47642700
2023-03-20,46.53386688232422,46.6252193228671,45.68430835134146,45.87614673411188,22699700
2023-03-21,46.287227630615234,46.89014337660039,45.97663973927475,46.78052043110864,23334000
2023-03-22,45.181880950927734,46.36030126776599,45.145339975660065,46.351167766318675,21399400
2023-03-23,45.42853927612305,45.90356162554124,45.1362183664411,45.27324531742831,17775400
2023-03-24,46.14106750488281,46.177608486964324,45.2184303581337,45.583833209469105,19438800
2023-03-27,46.16847229003906,46.54300862267199,46.113660820114866,46.31463272509729,15857200
2023-03-28,46.03144836425781,46.22328329441323,45.92182890198899,45.967503387539345,11124300
2023-03-29,46.74397277832031,46.83532521985962,46.25981703474963,46.342032489765344,18463400
2023-03-30,46.98149490356445,47.209870825326,46.7074444943986,47.11852185051738,11754600
2023-03-31,47.75796890258789,47.8219138782318,46.94495122533836,46.99062571012118,20588800
2023-04-03,47.78537368774414,48.01374958352525,47.4930528199235,47.55699779196304,16884600
2023-04-04,47.693328857421875,47.96943774114179,47.33438695749449,47.88660472493432,13599900
2023-04-05,47.693328857421875,48.125901665495874,47.56447827908024,47.92342017900763,13797900
2023-04-06,47.1871337890625,47.45404059377791,46.690135637712835,46.86500379722535,14749000
2023-04-10,47.24236297607422,47.30678828044075,46.82819779734956,47.039881441827546,10177700
2023-04-11,46.58889389038086,47.21474262075896,46.49685875805507,47.04907657384033,15957900
2023-04-12,46.119503021240234,46.89260996802236,46.06427984257194,46.772961503031794,16100700
2023-04-13,46.75456237792969,46.78217572780107,46.101103775925765,46.211546642664985,15451700
2023-04-14,46.51526641845703,46.80057743479754,46.202342053727094,46.496858689835825,12360100
2023-04-17,46.27596664428711,46.64411417250181,46.06428304438392,46.533671318403414,12042300
2023-04-18,46.303585052490234,46.6533213805177,46.08269580923278,46.36801035033295,15203600
2023-04-19,44.214351654052734,45.346400597815,44.168334089362915,45.309585141697085,30466700
2023-04-20,42.87062072753906,43.85541139503984,42.668139222137505,43.81859593752769,39769400
2023-04-21,43.28478240966797,43.36761543375299,42.55769643260536,42.8614151803069,20861000
2023-04-24,43.616111755371094,43.67133493825023,43.25716984394435,43.30318740755277,17359900
2023-04-25,43.34000015258789,43.652924480837854,43.082299003763744,43.59770130141203,20281600
2023-04-26,42.83380126953125,43.11911226131541,42.73256052628593,43.036279245106954,22390500
2023-04-27,42.852210998535156,43.07309671146706,42.30919531378117,43.054688983570216,22845400
2023-04-28,43.48725891113281,43.49646101900987,42.89822570138448,42.97185309714559,19665000
2023-05-01,43.57008743286133,43.73575344488439,43.37681158913925,43.441236870379946,13122300
2023-05-02,42.66813659667969,43.330800747462234,42.39202770415864,43.17433681812078,20175100
2023-05-03,42.29999542236328,42.84301118064891,42.20796028133138,42.723362688574966,20765700
2023-05-04,42.060699462890625,42.27238308348368,41.931848868696186,42.12512475998784,17748900
2023-05-05,42.566898345947266,42.66813909835434,42.26317608872605,42.44724986483752,14317400
2023-05-08,42.64973068237305,42.81539672711222,42.419639343670326,42.74176581348805,12000000
2023-05-09,42.76938247680664,42.81540004593118,42.263178683690306,42.31840187318903,15221900
2023-05-10,42.990264892578125,43.19274639418582,42.474862540726114,42.98106278383014,15625100
2023-05-11,42.677337646484375,43.11911256574347,42.52087723193875,43.100708349491605,12521900
2023-05-12,42.990264892578125,43.082303534633986,42.59450750902593,42.59450750902593,14097500
2023-05-15,43.349212646484375,43.49647098265361,42.852217956235506,43.07310370503152,13204400
2023-05-16,43.18354415893555,43.56089735456598,43.073101290728005,43.47806432568145,16496300
2023-05-17,43.837005615234375,43.95665059109526,43.266376531172234,43.39523063819349,29326000
2023-05-18,44.36160659790039,44.407624159094716,42.060693429035375,42.115913098102624,41475700
2023-05-19,45.217552185058594,45.41082807259199,44.54568587774108,44.57329571569862,28564100
2023-05-22,44.93223571777344,45.309585367575366,44.886218152854205,45.19914250958618,18667500
2023-05-23,45.01506805419922,45.420027534609176,44.72975353857612,44.73895915796901,17645900
2023-05-24,44.55488204956055,45.097897692829164,44.33399284258906,45.05188013206027,15452900
2023-05-25,45.12550735473633,45.309581108023636,43.919831116988384,43.965848677581505,21717000
2023-05-26,45.88941955566406,46.10110317704577,45.199145503408985,45.199145503408985,19825600
2023-05-30,46.17472839355469,46.469248538589994,45.77897451907444,46.009065858912955,19074800
2023-05-31,45.71453857421875,46.045870613585485,45.65931890826741,45.93542777076813,51990300
2023-06-01,45.778968811035156,46.101095242278035,45.3371904040238,45.79737302632208,17817000
2023-06-02,46.03667449951172,46.24835810535077,45.769767709617426,45.89861829483119,19155400
2023-06-05,46.211544036865234,46.55208174905819,46.05508361038353,46.22074965660841,13964100
2023-06-06,45.8433952331543,45.93543035552841,45.22674867832015,45.8249875064965,16029600
2023-06-07,45.8157844543457,46.147116530917785,45.696139490739725,45.74215705450472,15950600
2023-06-08,45.7237548828125,46.01827153979394,45.62251412367848,45.94464062009084,13289100
2023-06-09,45.705345153808594,45.99065968880569,45.43843834793214,45.58569666998202,12173400
2023-06-12,46.460044860839844,46.48765469928164,45.71454762467297,45.944638974128935,15495000
2023-06-13,46.75456237792969,46.883412974278016,46.43243588705886,46.653321620537305,24035500
2023-06-14,46.90180969238281,47.14110661020419,46.5980910024275,46.75455140099835,16630700
2023-06-15,47.79457092285156,47.92342150475771,46.78217048423325,46.855797883501744,22496900
2023-06-16,47.92341613769531,48.236340449100084,47.79456557021946,48.04306459788631,37134400
2023-06-20,47.4448356628418,47.9326317122131,47.37120825652551,47.8037776070577,20138000
2023-06-21,46.80057907104492,47.30678284853781,46.77296923260544,47.288375119273034,16939600
2023-06-22,47.049076080322266,47.06748380877739,46.414025247739005,46.61650674983014,14993800
2023-06-23,46.321983337402344,46.68092521245996,46.10109413918205,46.60729430941496,16544600
2023-06-26,46.211544036865234,46.75455974151009,46.183934199466165,46.303582679720854,13032100
2023-06-27,46.809776306152344,46.97544232894438,46.24835295234764,46.303576130249894,12981000
2023-06-28,46.8189811706543,46.957037368082126,46.423223816337114,46.73614815438059,11387600
2023-06-29,47.13191223144531,47.187135420476295,46.77297028003253,46.80978573938652,14246000
2023-06-30,47.61970520019531,48.09829209707628,47.41722369780437,47.748555788656745,18188300
2023-07-03,47.693328857421875,47.70253447639767,47.24235183322617,47.269961668323674,7338300
2023-07-05,47.76750946044922,47.82315139909631,47.229651537013545,47.266746162778276,14950500
2023-07-06,47.39658737182617,47.47077310703607,46.97000966613636,47.3594927354516,13931100
2023-07-07,47.285301208496094,47.89734848355281,47.05346506586039,47.29457309768445,15580400
2023-07-10,47.66551208496094,47.75824512650174,47.31312015953608,47.35948668030649,19046500
2023-07-11,48.33319854736328,48.36102129030596,47.795340530168836,47.82315973557269,14998300
2023-07-12,47.053462982177734,48.1570016987414,46.858717942458206,47.81388521334574,26332500
2023-07-13,47.78606033325195,47.86952147867109,46.96999973086315,47.00709082185284,17864800
2023-07-14,46.71962356567383,47.26675704023109,46.42287356634166,46.756714662436075,19566600
2023-07-17,47.11838150024414,47.248209181270816,46.49705876420922,46.55270071502308,16140700
2023-07-18,47.51713562011719,47.63768786286819,47.15546827924817,47.276024059537846,16430800
2023-07-19,48.620670318603516,48.62994220668621,47.94370928733875,48.41665340540047,21745000
2023-07-20,48.56503677368164,49.028709083822875,48.147730987046735,48.27756220541903,22784400
2023-07-21,48.80614471435547,49.14926120774777,48.713408136723274,48.91742506997537,51284800
2023-07-24,49.25127029418945,49.43673991424921,48.84323642255025,48.861783738310095,18390200
2023-07-25,49.705665588378906,49.85404057226063,49.2512687479143,49.325454471085834,16136600
2023-07-26,49.35327911376953,49.75203756160081,49.112167544712165,49.65002909296414,13563700
2023-07-27,49.14926528930664,49.97460144230951,49.01943760737887,49.70567065115111,15795500
2023-07-28,48.305381774902344,48.61140366237423,48.008631777185784,48.27756256809736,27491300
2023-07-31,48.2590217590332,48.38884945834978,47.98081904084919,48.07355210106403,14193500
2023-08-01,48.83396530151367,48.945245660284264,48.50939611445827,48.75050414805102,15286200
2023-08-02,48.7597770690918,49.25126853781486,48.51866551035089,48.57430745564617,17693700
2023-08-03,49.288368225097656,49.399648589567164,48.44448475799762,48.67632091420685,15186400
2023-08-04,48.80614471435547,49.44601118109334,48.722683563255856,49.037980852127866,12266700
2023-08-07,49.158538818359375,49.21418077141492,48.85251692040171,49.121447720528145,11327900
2023-08-08,49.204898834228516,49.269812664102375,48.555756997951505,48.83395963134497,12224800
2023-08-09,49.139991760253906,49.56656942594015,48.833966345171014,49.05653060500756,18765500
2023-08-10,49.49238204956055,50.206437841141394,49.30691241553945,49.52947668387257,16329500
2023-08-11,49.88186264038086,50.030237622259484,49.32545380518205,49.473828787060675,14344500
2023-08-14,49.965328216552734,50.19716436737884,49.81695322152558,49.8911389502697,20707300
2023-08-15,49.47383117675781,49.82622310231785,49.316184298570214,49.724214634060566,20173400
2023-08-16,49.1121711730957,49.631485443822356,49.02871001418498,49.325460015303335,26470200
2023-08-17,50.75356674194336,51.782919757333026,50.419722138299285,50.48463597372577,45278000
2023-08-18,51.041046142578125,51.43052916518629,50.65155958243115,50.66083500918209,28839800
2023-08-21,51.411983489990234,51.736556223394295,51.143056243790085,51.189422766408114,18283200
2023-08-22,51.43053436279297,51.7643790087893,51.2636120397948,51.44908168063045,15661300
2023-08-23,51.912750244140625,52.11676718799841,51.3748922160686,51.56963373291163,18250000
2023-08-24,51.22651672363281,52.37642203455933,51.19869398039795,52.228047041615945,17586400
2023-08-25,51.65309143066406,51.81073830397291,51.235785681407314,51.235785681407314,15731800
2023-08-28,52.11677169799805,52.190957432841344,51.63455204012937,51.82929357382464,15189900
2023-08-29,52.45060729980469,52.67316800347737,52.03330155849515,52.25586226216784,17859100
2023-08-30,52.68244552612305,52.77517856675376,52.43206207137364,52.51552322295678,12145400
2023-08-31,53.18321228027344,53.35013459405514,52.756634606181954,52.95137612641429,22619700
2023-09-01,53.63760757446289,53.96217674384468,53.220301829872994,53.220301829872994,14080400
2023-09-05,53.09974670410156,53.619060919039626,53.071927499966215,53.619060919039626,13885000
2023-09-06,53.00701904296875,53.294497152507745,52.92355788455672,52.95137709151439,11380400
2023-09-07,52.663902282714844,52.94210496365768,52.54334649054198,52.83082459878835,14762000
2023-09-08,52.55261993408203,52.92355921133238,52.45061499350035,52.6360810945864,13992000
2023-09-11,52.71025848388672,52.830814252450054,52.339319290247985,52.59897814081043,15842300
2023-09-12,52.2929573059082,52.72881036556376,52.24659078707091,52.53406886392394,13916100
2023-09-13,52.19095230102539,52.422788448115995,52.005486213383996,52.22804693356922,13092200
2023-09-14,52.2744140625,52.36715064493644,52.0054868172816,52.320780584948764,15760300
2023-09-15,51.9683952331543,52.29296444687618,51.50472290638641,52.218778714113654,44029200
2023-09-18,52.03329849243164,52.190945353448896,51.7736431742675,51.94056192341702,11825000
2023-09-19,51.78291702270508,52.126033497202265,51.430525122186104,52.098214294213946,10748500
2023-09-20,51.46762466430664,51.9776634804992,51.41198271547989,51.88493043666014,12219900
2023-09-21,49.46455764770508,50.16933793792062,49.0101572689526,49.52947148216419,37436100
2023-09-22,49.6778450012207,49.91895655427698,49.334728523835985,49.52019813290884,17869500
2023-09-25,49.59438705444336,49.77985667548496,49.29763707579232,49.57583973858532,14224400
2023-09-26,48.880332946777344,49.42746640149298,48.75978069597853,49.31618604016372,15618400
2023-09-27,49.33473587036133,49.49238276214868,48.71341311807575,49.04725775661259,15845500
2023-09-28,49.965328216552734,50.25280277955219,49.473833171274926,49.492380487845686,17204400
2023-09-29,49.85404586791992,50.26207977009133,49.61293782007784,50.224985135795926,13951200
2023-10-02,50.43827438354492,50.44754981096311,49.900416332079025,49.92823553925547,13934000
2023-10-03,50.111358642578125,50.335526744772984,49.831143170202935,50.30750662277056,15700600
2023-10-04,49.9245491027832,50.29816379104968,49.70971985533524,50.120697081354685,17009000
2023-10-05,49.569610595703125,49.94322883556602,49.11193199311307,49.877846178053154,14929400
2023-10-06,49.9245491027832,50.20476100975499,49.261380091562835,49.49489060788728,15665500
2023-10-09,50.363548278808594,50.40091081791785,49.73774178262394,49.831144567309224,10163600
2023-10-10,50.31684494018555,50.52233533425011,50.11135810920869,50.400908868385805,13105600
2023-10-11,50.120697021484375,50.559697931837995,49.83114269887637,50.37288880638405,12658000
2023-10-12,50.298160552978516,50.64375866031309,49.98058612869843,50.45694954666231,11846100
2023-10-13,50.22343826293945,50.55035153441974,49.91520269575454,50.326183452001096,14413800
2023-10-16,50.58771896362305,50.98935734349361,50.47563491156943,50.50365503381089,11736600
2023-10-17,50.382225036621094,50.419587572384515,49.66301225706901,50.24212087213953,17105900
2023-10-18,50.22343826293945,50.61573418871579,50.064649271729444,50.24211953032225,13087300
2023-10-19,49.803123474121094,50.37288971362798,49.69103942206511,50.21410070705154,16325600
2023-10-20,49.43885040283203,50.05531806831414,49.317423927832955,49.868508929028174,23888700
2023-10-23,48.756996154785156,49.36412135481394,48.71963361731295,49.33610123325363,17760000
2023-10-24,49.513572692871094,49.55093523392856,48.626235502828436,48.813041081939716,14824200
2023-10-25,48.94381332397461,49.849831846528346,48.878430654195114,49.606982439217106,14384700
2023-10-26,47.98173904418945,48.691612996532534,47.92569880164339,48.448760068540764,17594500
2023-10-27,48.159210205078125,48.71029516653484,48.009763617043475,48.23393171755159,13333900
2023-10-30,48.16854476928711,48.23392742303793,47.720205045101146,47.96305439287743,13322400
2023-10-31,48.691612243652344,48.728971217076186,48.2712926156177,48.33667527296892,13509300
2023-11-01,48.74765396118164,48.83171788933363,48.38337812688559,48.60754978965346,14300700
2023-11-02,49.270721435546875,49.31742282855541,48.738317716456244,48.86908304211529,17459700
2023-11-03,49.513572692871094,49.92455351832717,49.158639242089244,49.74708322984822,17644900
2023-11-06,49.77510452270508,49.784443375976174,49.392147403008636,49.47621133479995,15429600
2023-11-07,49.62565612792969,49.915206888968605,49.47620953940026,49.821804107295605,15153100
2023-11-08,49.504234313964844,49.971255392398476,49.28940504545594,49.86851018504899,13633800
2023-11-09,48.570194244384766,49.102598011631926,48.33668369513291,48.68227831036095,21039400
2023-11-10,49.12127685546875,49.158639396643686,48.504809178434485,48.803702381657885,17369000
2023-11-13,48.78501510620117,49.16797219838658,48.65424979127263,49.01852561517002,14931600
2023-11-14,49.66301345825195,49.84982257849984,49.00918688201574,49.00918688201574,18331000
2023-11-15,49.76575469970703,49.90586241953626,49.541586623685056,49.756415847825835,32188200
2023-11-16,44.87138366699219,44.890064936699225,43.15274604791151,44.28293614202812,79057800
2023-11-17,44.6098518371582,45.17027926904266,44.5818317126448,44.880724917747955,32593700
2023-11-20,45.086212158203125,45.179614942063985,44.41370071252393,44.4230431287627,27421000
2023-11-21,44.64720916748047,45.160931581098374,44.51644385089638,45.08621007008789,21510500
2023-11-22,44.90875244140625,45.16094070974463,44.78732595299596,44.90875244140625,17308400
2023-11-24,45.1702766418457,45.207639181082534,44.880722307392084,44.91808484662891,8209500
2023-11-27,44.76863479614258,45.17961200675218,44.74995352796656,45.142253033487734,17651600
2023-11-28,44.693912506103516,45.01148695869297,44.65655353051308,44.787318852799125,16360900
2023-11-29,44.88071823120117,45.24499404795606,44.862036963279444,44.93676203496636,16700500
2023-11-30,45.1889533996582,45.30103744309001,44.777972635262415,45.011483137546385,37165000
2023-12-01,45.27302169799805,45.562572468435135,44.85270204065148,45.09555141873625,18744700
2023-12-04,44.88071823120117,45.002144691148644,44.62852645888913,44.890060646705805,17812900
2023-12-05,44.76863479614258,44.796654916862806,44.45106036332547,44.60050694564601,20985000
2023-12-06,44.55380630493164,45.030166180612916,44.50710491525115,44.89940086427247,19535500
2023-12-07,45.076866149902344,45.1702724894077,44.64720767744028,44.74995286935241,20478500
2023-12-08,45.1889533996582,45.385101366435734,45.0301644052996,45.095547060892116,16039900
2023-12-11,46.1323356628418,46.1790370521001,45.62795210744191,45.71201603334189,25618900
2023-12-12,46.0762939453125,46.31914329953065,45.87080356345196,46.30980444721312,18712200
2023-12-13,46.41254806518555,46.421890480991166,45.590593628673666,45.992231994211636,18689200
2023-12-14,46.179039001464844,46.711442700276656,45.926847213119075,46.70210384726581,28418700
2023-12-15,46.5806770324707,46.63672083938136,46.16969980438903,46.22574361129969,58860100
2023-12-18,46.92627716064453,46.98231740685215,46.14168164594697,46.62738040748976,20453100
2023-12-19,46.87023162841797,47.13176226934077,46.55265718025982,47.047698340031616,17035800
2023-12-20,46.51529312133789,47.01033782801251,46.50595426864786,46.81418629064561,17812200
2023-12-21,46.42189025878906,46.68342089069213,46.12299709001767,46.63671950115053,18772300
2023-12-22,46.78616714477539,47.06637905145662,46.55265662869308,46.55265662869308,12903800
2023-12-26,46.9636344909668,47.07572210562902,46.748805240829185,46.80484904816029,9721200
2023-12-27,47.113075256347656,47.225162857152895,46.96362868502798,46.98230995182885,10414300
2023-12-28,47.15044403076172,47.29055176876921,47.09440022294116,47.24385037712931,8549900
2023-12-29,47.187808990478516,47.25319165474667,46.90759706317385,47.12242632621036,12492900
2024-01-02,47.178462982177734,47.505379841718685,46.935613613824984,47.15978527645557,20242900
2024-01-03,47.54557800292969,47.70560260880035,47.0090314606116,47.22553238200192,20303900
2024-01-04,47.14081573486328,47.54557581040537,47.05609767467694,47.479684384795256,18134100
2024-01-05,47.15022277832031,47.41378845572675,46.943133408464945,47.23494083045996,13989300
2024-01-08,47.498504638671875,47.53615790276619,46.77369546351433,46.830175359655804,18070300
2024-01-09,46.98078536987305,47.10315668419179,46.52895696794185,47.02785015513012,20489200
2024-01-10,47.29142761230469,47.36673056360448,46.8960754478367,47.065511576778185,15174200
2024-01-11,47.47968292236328,47.53616282435232,47.10316101487618,47.48909803476809,16458300
2024-01-12,47.38555145263672,47.83737987808245,47.347898186146296,47.536160927785296,18785700
2024-01-16,47.62088394165039,47.62088394165039,47.13140219873519,47.30083832477559,17015900
2024-01-17,47.347900390625,47.47027171700983,46.98079000228381,47.291424079073,17370600
2024-01-18,47.77149200439453,47.81855679559579,47.32907506731325,47.34790170195643,18487500
2024-01-19,48.2609748840332,48.37393110377368,47.75266650898084,47.77149314407316,23015300
2024-01-22,48.543357849121094,48.74103209317518,48.3927483882971,48.52453121766649,20298700
2024-01-23,48.72221755981445,48.77869746820264,48.28921570127946,48.37393376845489,15044300
2024-01-24,48.29861831665039,48.948120936382885,48.204485160362005,48.948120936382885,19458500
2024-01-25,49.258758544921875,49.4752594338964,48.71279697121941,48.71279697121941,18936600
2024-01-26,49.07991027832031,49.531738716033544,48.93871591136737,49.343475969283055,13160300
2024-01-29,49.221107482910156,49.315237059438424,48.78810568557905,48.797517206906605,13492400
2024-01-30,49.174041748046875,49.34347426437355,48.948125741589465,49.2305180565514,14322100
2024-01-31,47.23494338989258,48.89164766606517,47.13139869935431,48.806929609335064,29311800
2024-02-01,47.23494338989258,47.49850908158036,46.89607116297215,47.28200817900636,20635700
2024-02-02,47.23494338989258,47.42320613716095,46.70780841570377,47.19729012227625,20533100
2024-02-05,46.60426712036133,47.20670867367162,46.368939566835174,47.009030799691395,19602000
2024-02-06,47.04668045043945,47.63970684512771,46.86783281621236,47.35731452078533,19265800
2024-02-07,46.849002838134766,47.394960814114704,46.55719542235101,47.34789602855293,16794400
2024-02-08,47.01844024658203,47.056093512403926,46.64191476998918,46.97137545971119,19599000
2024-02-09,47.18787384033203,47.31024156152042,46.717218815048724,46.99961111205613,24076900
2024-02-12,47.056095123291016,47.25376938940343,46.623089733142095,47.09374479958872,19046300
2024-02-13,46.72663497924805,47.00902730431935,46.25597990719146,46.707808345468194,23633700
2024-02-14,47.32907485961914,47.38555476330084,46.641918856818734,46.6607454913793,31176400
2024-02-15,46.18067932128906,46.77370215697995,45.36173686870245,45.427628294890326,42766500
2024-02-16,45.59706115722656,46.199502653442494,45.54999636914444,45.88886858863679,24912300
2024-02-20,45.44645690917969,45.62530815160579,45.041693221644444,45.154653035012586,26402500
2024-02-21,45.63471603393555,45.672369302054854,45.088758009458715,45.606477878252704,15981300
2024-02-22,45.71943664550781,45.841807978324105,45.32408808061229,45.437044300466226,22020300
2024-02-23,45.99241638183594,46.25598208553958,45.653544139466455,45.76650035665181,13141900
2024-02-26,45.55941390991211,46.03006899744916,45.521760641113936,45.98300061604478,13018700
2024-02-27,45.47469711303711,45.606479966676034,45.201716292891646,45.32408762447641,12515400
2024-02-28,45.23936462402344,45.63471314178063,45.192296246450674,45.37114746327583,14635100
2024-02-29,45.53117370605469,45.63471840335232,45.30526126723573,45.36173758153373,22962500
2024-03-01,45.55941390991211,45.57823695349784,44.86284280039939,45.28643309734541,18508100
2024-03-04,46.24656677246094,46.5666123539276,45.3993862359865,45.531169077035166,25214500
2024-03-05,46.07712936401367,46.1900855687495,45.71943052640169,46.161847415268795,18101300
2024-03-06,46.284217834472656,46.51013384790485,46.09595867922791,46.105370200664865,20903600
2024-03-07,46.03007125854492,46.57602931968359,45.96417983031807,46.53837604903581,21224700
2024-03-08,46.5948486328125,46.85841430430159,45.982995648783714,46.001822281149074,19316200
2024-03-11,47.27259063720703,47.34789357203639,46.67015279532102,46.80193562438199,17715100
2024-03-12,47.13139724731445,47.58322567235053,46.96196113907428,47.573814151143026,17590400
2024-03-13,47.16905212402344,47.20670539176513,46.905486431458094,47.09374558854005,16669900
2024-03-14,46.867835998535156,47.39496741554959,46.68898476135086,47.31966446632473,17239400
2024-03-15,46.05830764770508,47.02785598937141,46.03006949121022,46.86783498148269,57049200
2024-03-18,46.37834930419922,46.74545967061874,46.10536851195437,46.33128451711189,17406700
2024-03-19,46.2559814453125,46.68898326420773,46.09596043908254,46.23715481090662,19601100
2024-03-20,46.64191818237305,46.670159929212204,46.06771840442562,46.161851575867274,18554100
2024-03-21,46.952545166015625,47.24434897635138,46.65132624455194,46.792520594155846,26102900
2024-03-22,46.858421325683594,47.1596403070388,46.80194501093793,47.11257551447958,15022900
2024-03-25,46.764286041259766,46.83958898201442,46.3971756768998,46.65132983472125,16191200
2024-03-26,46.64191818237305,46.886660837308014,46.576026757770556,46.64191818237305,13842900
2024-03-27,46.849002838134766,46.971374153245755,46.51013063678923,46.849002838134766,17231000
2024-03-28,46.98078536987305,47.253766151502184,46.8866557993589,46.96195873760763,18139700
2024-04-01,47.10315704345703,47.253766511916155,46.94313246338691,47.02785051382098,15138100
2024-04-02,46.463069915771484,47.15022589936145,46.265395644631894,47.02785457354554,16414400
2024-04-03,46.25429153442383,46.709811394875494,46.17836974760686,46.311229254386504,22210000
2024-04-04,45.65642166137695,47.02298128845546,45.589991905764464,46.586441860101935,17374000
2024-04-05,46.073978424072266,46.18785748247501,45.447638172632175,45.51406792504628,18661300
2024-04-08,45.77978515625,46.17836362373205,45.703863379501286,45.73233223570727,15375700
2024-04-09,47.45951461791992,47.6398270343968,46.045505864278525,46.34918574238203,26686600
2024-04-10,46.700321197509766,47.231762865672465,46.32072310895086,47.19380197077152,20026400
2024-04-11,47.003997802734375,47.06093914107155,46.50102865128075,46.80470854877916,15703900
2024-04-12,46.01703643798828,46.71929478986287,45.96958351624974,46.700314345197384,16418100
2024-04-15,45.77978515625,47.25073518933546,45.74182426787564,47.18430544475512,20310800
2024-04-16,45.476104736328125,46.036015207086955,45.40018657460903,45.99805793630232,14233400
2024-04-17,45.35273361206055,45.817741817967445,45.27681183631684,45.5520228431635,14407600
2024-04-18,45.65642166137695,45.941121131166206,45.43815194720018,45.941121131166206,13080900
2024-04-19,45.85570526123047,45.960095898620665,45.58049423904718,45.92213500863337,20964400
2024-04-22,45.68489074707031,46.111941763930275,45.5520312351917,46.01704314691703,20135700
2024-04-23,45.85570526123047,45.98856475603627,45.60896671661251,45.68488487643737,16261700
2024-04-24,45.884178161621094,45.91265064169521,45.47610760867584,45.59947870193023,14828500
2024-04-25,45.64692687988281,46.43459910637376,45.40967673264818,46.292247569973,18790900
2024-04-26,45.41917037963867,45.817748903483015,45.18192022397416,45.21038908420587,14658900
2024-04-29,45.34324645996094,45.84621922802028,45.1534492404743,45.54253933266177,11599500
2024-04-30,44.58404541015625,45.25783493190454,44.57455699752098,45.18191677037294,18535400
2024-05-01,44.45119094848633,45.14396099414274,44.29935098807054,44.31833143564129,18266400
2024-05-02,44.403743743896484,44.71691209327915,44.22343129350459,44.63150188523835,15441700
2024-05-03,44.71690368652344,44.982626295000415,44.451184698196165,44.69792324162153,17935300
2024-05-06,44.707420349121094,45.020588675177656,44.57456083987588,44.811810997856654,14163000
2024-05-07,44.868751525878906,45.03957193992365,44.61252090481179,44.80232176710043,14308200
2024-05-08,45.552024841308594,45.68488433453846,44.84027445316315,45.02058324823944,15130200
2024-05-09,45.35273361206055,45.637433030800416,45.219874124658574,45.5520228431635,12449300
2024-05-10,45.60896682739258,45.64692409732235,45.26732605697657,45.55202549227334,12096900
2024-05-13,46.197349548339844,46.33020905326173,45.77029855384091,45.84622033959628,15149100
2024-05-14,46.45357894897461,46.67184864717638,45.88417643092007,46.48204780782487,17379700
2024-05-15,47.13685607910156,47.193797415957405,46.24479685592573,46.68133624470433,37342100
2024-05-16,45.87468719482422,47.55441861969591,45.71335521721798,47.52594976135651,47829400
2024-05-17,45.713356018066406,46.083469283711814,45.656418300390115,45.79876621473075,22020300
2024-05-20,44.72639846801758,45.61845771233656,44.612515791606704,45.55202796117184,22040700
2024-05-21,44.54609298706055,44.7453858917828,44.23292462846927,44.716913408165055,25172200
2024-05-22,45.011104583740234,45.400194735383565,44.6409948809759,44.69793260746244,19940600
2024-05-23,44.223426818847656,44.7833373215394,44.13801661944892,44.74538004858997,18837500
2024-05-24,44.05260467529297,44.41322590515481,44.01464740384689,44.25189754609681,11941100
2024-05-28,43.91974639892578,44.49863734137359,43.63504694432111,43.79637892802541,18178800
2024-05-29,43.729949951171875,43.96720010423991,43.51167662461725,43.559129551350885,16001100
2024-05-30,43.767906188964844,44.09056653431044,43.654027131828144,43.7489257427504,19894200
2024-05-31,44.1285285949707,44.19495834840489,43.66351670078133,43.78688779436627,39269100
2024-06-03,44.270877838134766,44.38475689237724,43.91974502231652,44.33730758812203,23295000
2024-06-04,45.001609802246094,45.17243021157944,44.13801934179429,44.270882475837084,23330300
2024-06-05,43.67300796508789,45.20089950746657,43.31238672411746,45.09650886243697,28746400
2024-06-06,43.87229537963867,44.024135324174,43.44524440433625,43.597084348871576,15456100
2024-06-07,43.5021858215332,43.929236797625286,43.45473651755627,43.60657646237236,15734600
2024-06-10,43.511680603027344,43.52117263730197,42.961262080061026,43.4642312921053,13400400
2024-06-11,43.43575668334961,43.58759663030304,43.04666659302207,43.359834899797946,17450700
2024-06-12,43.29341125488281,43.729954331570234,43.0751415266143,43.64454412310426,16803100
2024-06-13,43.198509216308594,43.22697807682929,42.81890751533211,43.10360698098941,16149000
2024-06-14,43.35034942626953,43.37881828695677,42.676559842237204,43.008708617422116,15274200
2024-06-17,43.359840393066406,43.37882084135896,42.6575819069937,43.08463294320026,16382000
2024-06-18,43.62555694580078,43.64453739143797,43.179525523701415,43.179525523701415,17627000
2024-06-20,44.33730697631836,44.47965488711975,43.52116592185106,43.568615225451516,25613200
2024-06-21,44.87824249267578,45.400192136442556,44.65048073931651,44.69793004872253,64967000
2024-06-24,44.868751525878906,45.34325187152534,44.62201293900891,45.06804442236467,19136200
2024-06-25,44.96364974975586,45.381208713363186,44.59354009244368,44.85925910381652,17615800
2024-06-26,44.47016906738281,44.99211867772087,44.413227727652284,44.6599699130012,13981300
2024-06-27,45.03007507324219,45.08701278713571,44.38475443468471,44.39424284695041,16541900
2024-06-28,45.087013244628906,45.41916559969332,44.92568489342739,45.12497413437622,23921100
2024-07-01,45.09650802612305,45.400187922313776,44.935176044937386,45.058547134061726,17776000
2024-07-02,44.868751525878906,45.35274390572246,44.565071594277214,44.982634215342294,19794200
2024-07-03,44.688438415527344,45.09650896329203,44.64098910953959,44.74537975480265,8118300
2024-07-05,44.65015411376953,44.75543543675642,44.32472948964957,44.43958416546711,14692600
2024-07-08,44.085445404052734,44.774577088532816,43.98016043319995,44.363010557652395,19320900
2024-07-09,43.83658981323242,44.12372832236725,43.69302238424712,44.02801670304372,17343400
2024-07-10,44.28644561767578,44.305588673139724,43.865309350962605,44.085449012051164,18737300
2024-07-11,44.755435943603516,44.89900702837459,44.20030196156169,44.20030196156169,19741200
2024-07-12,45.34885787963867,45.80828022097364,44.65015284066064,44.7745772145968,20936100
2024-07-15,45.36800003051758,45.45414194600095,44.784149675704064,45.377569731720556,15925900
2024-07-16,45.387142181396484,45.91356705854213,45.19571893643191,45.415858589072656,17037300
2024-07-17,46.43998336791992,46.65055329648513,45.32013851738055,45.42542348166315,26638700
2024-07-18,45.980567932128906,46.554844994425586,45.923138765433436,46.08585291215502,18462500
2024-07-19,45.29142379760742,46.037984564779514,45.11913998192712,46.02841486442564,18289200
2024-07-22,44.812862396240234,45.34885694230107,44.76500658793362,45.29142778163465,19899400
2024-07-23,44.372581481933594,44.77457463828458,44.35343842908393,44.74586188459208,16372000
2024-07-24,44.841575622558594,45.02343280766598,44.257728913215374,44.54486741723883,25318200
2024-07-25,45.21486282348633,46.124134207299186,45.04257897891529,45.33928720477086,20631200
2024-07-26,45.827430725097656,45.95185511926151,45.214867503733196,45.29143608082135,16104900
2024-07-29,45.932708740234375,46.14327503363395,45.40628387882481,45.769994605481166,11475700
2024-07-30,46.0762825012207,46.46870603745531,45.83699976812241,46.12413831760741,20166000
2024-07-31,46.372989654541016,46.6792712294402,46.17199305560675,46.334703544887525,19953600
2024-08-01,45.358428955078125,46.63141469766067,45.17657541377962,46.53569942500541,18837500
2024-08-02,44.65971755981445,45.702990151197234,44.36300573341912,45.63599129542471,24000200
2024-08-05,42.82204055786133,44.6788732972108,42.77418108915191,44.55444525066302,29669600
2024-08-06,43.22402572631836,43.779163329319395,42.726317284333895,42.83160225394886,20524000
2024-08-07,43.185733795166016,44.229006347042926,43.157021044111865,43.47287225919852,18301100
2024-08-08,43.86531066894531,44.286446948312005,43.33888575578119,43.33888575578119,18369100
2024-08-09,43.5207405090332,44.08544785127485,43.30060085374095,43.740880164325446,21217600
2024-08-12,42.936885833740234,43.77916191223218,42.59231818112244,43.57816168076244,20289500
2024-08-13,43.42502212524414,43.4441651788335,42.965599792591824,43.05174170816189,20976900
2024-08-14,43.49202346801758,43.779165637072545,43.10917332788488,43.20488495012697,30675600
2024-08-15,46.44955825805664,48.12453721944652,46.09542087140309,46.66012821014683,45976400
2024-08-16,47.339691162109375,47.59811693082665,46.4208464185576,46.55484415393001,27424900
2024-08-19,47.83740234375,47.846975697482215,47.186553034216146,47.21526944424814,16436600
2024-08-20,48.08625411987305,48.210678497936335,47.473687326610154,47.8373980614178,18697300
2024-08-21,48.287254333496094,48.382965962432166,47.88525745940248,48.134113536499626,21177600
2024-08-22,48.06710433959961,48.74666625208117,48.02881823578447,48.54566968379741,19143100
2024-08-23,48.5648193359375,48.593532092119176,48.16282249357253,48.344676034663635,16474100
2024-08-26,48.6126708984375,48.83281052930937,48.545672039092324,48.6126708984375,12016800
2024-08-27,48.536102294921875,48.66053032202516,48.23939408181348,48.497816186403284,10243900
2024-08-28,47.71297073364258,48.40210610421695,47.291834480049566,48.28725142617601,14571400
2024-08-29,48.22981643676758,48.641382938803346,47.741681375673316,47.82782328659159,16324100
2024-08-30,48.37338638305664,48.51695379714694,47.923533786346546,48.38295608353045,15615800
2024-09-03,47.913970947265625,48.335107200534274,47.760830159607536,48.15325365617916,14918600
2024-09-04,47.56939697265625,47.894821559797855,47.454542309889774,47.68425163542273,16411700
2024-09-05,47.023841857910156,47.521550361071355,46.84198465125313,47.37797926646471,16312000
2024-09-06,46.42084503173828,47.11955009613813,46.13370651435215,46.77498241480903,21040500
2024-09-09,46.61227035522461,47.042979942361896,46.19113046950628,46.39213071094649,18677600
2024-09-10,46.69841384887695,46.870697689547015,46.363415869278796,46.69841384887695,11754700
2024-09-11,47.00468826293945,47.10039987044126,45.798701561899435,46.66012063407088,15106600
2024-09-12,47.4832649230957,47.5119776819588,46.76541674220108,46.98555641286901,13229500
2024-09-13,47.66511154174805,47.913967586213516,47.54068351951532,47.60768603238227,10168900
2024-09-16,48.84238815307617,48.880674264959396,47.64597454045985,47.741689820167906,16668200
2024-09-17,48.44038772583008,49.215661294730836,48.40210161964227,48.83281118634494,13230300
2024-09-18,48.40210723876953,48.94767153620755,48.114968711354436,48.22982339208758,12697700
2024-09-19,49.23480987548828,49.50280899772751,48.95724470237418,49.20609711820583,16274000
2024-09-20,49.742088317871094,50.08665598641026,49.215663462511706,49.244379868999445,44096600
2024-09-23,49.952659606933594,50.19194232834264,49.66552107147565,49.828235220639385,18343400
2024-09-24,50.268516540527344,50.31637235646956,49.780377724888474,49.971804639822054,26479300
2024-09-25,50.39293670654297,50.46950526984998,50.124937607058065,50.31636449207181,22422200
2024-09-26,50.5843620300293,51.00550192468964,50.4982201107728,50.72793311251156,18374000
2024-09-27,50.7470703125,50.93849718333768,50.59392954606263,50.76621336470016,13868300
2024-09-30,50.93850326538086,51.02464518498495,50.39293899160977,50.74707637168686,17807500
2024-10-01,50.47907638549805,50.91935564570586,50.06750987886257,50.833213733824856,16621800
2024-10-02,50.74911880493164,50.96129798230383,50.276542592324866,50.53694330662689,11071300
2024-10-03,50.565879821777344,50.7877018538981,50.30547908518313,50.334411274004346,11029100
2024-10-04,50.87450408935547,51.02881523421733,50.54659244664051,50.92272563229957,11724100
2024-10-07,50.64303207397461,50.97094369429557,50.50801029132498,50.71054664436707,10941700
2024-10-08,50.85521697998047,50.89379568766491,50.34406197989976,50.76841672722449,12365000
2024-10-09,51.655704498291016,51.771436933067264,50.67196960502351,50.77805920317998,10586100
2024-10-10,51.636417388916016,51.89681813777443,51.520681270044776,51.79072853500975,9377500
2024-10-11,52.321170806884766,52.398328216423494,51.61712600064892,51.61712600064892,12704500
2024-10-14,52.34046173095703,52.47548352263647,51.87752829702699,52.37904043688484,11428600
2024-10-15,52.15721130371094,52.668366211006486,52.00289650098447,52.4851192223025,20066300
2024-10-16,54.37543869018555,54.404370878080805,52.88054889082574,53.04450286098906,32382300
2024-10-17,54.39473342895508,54.56833393165497,53.864285404556526,54.375444075425314,18383400
2024-10-18,54.7419319152832,54.84802152241098,54.21148755871239,54.40437741902944,17679800
2024-10-21,54.57797622680664,55.03126683258397,54.500818813453925,54.67441931442958,14083600
2024-10-22,54.587615966796875,54.87695257138548,53.87392832911662,54.00895011575517,14956300
2024-10-23,54.278995513916016,54.57797496514444,53.999309094647735,54.16326307563025,18723000
2024-10-24,53.970375061035156,54.53939811396926,53.82571042802561,54.375444127411505,14699600
2024-10-25,53.75819396972656,54.61654987896476,53.69067939975712,54.250059557592316,14680500
2024-10-28,53.31454849243164,53.98966110901244,53.247037598680336,53.91250737861143,12912300
2024-10-29,53.7003288269043,54.11504071011279,53.30490629629479,53.40134938022186,18810100
2024-10-30,53.613529205322266,54.0475304461938,53.401350003325554,53.59423985249821,13284300
2024-10-31,52.82267761230469,53.53636518332882,52.7648095609781,53.45921146062746,22023400
2024-11-01,53.5267333984375,53.82571287341584,52.591219943721555,52.79375632564529,19235600
2024-11-04,53.844993591308594,53.92214731756348,53.16023449580826,53.47850327416205,13269900
2024-11-05,54.163265228271484,54.26935483386143,53.526731273799825,53.91251098884181,10183600
2024-11-06,55.81246566772461,56.02464487636436,54.9348203216256,55.15664236744536,20506000
2024-11-07,56.01499938964844,56.22717490918421,55.494197908931184,55.74495213349812,17880200
2024-11-08,55.99570846557617,56.13073025032796,55.60992878422734,56.02464065400364,17517700
2024-11-11,56.54544448852539,57.268778662050714,56.285043744568135,56.90228831732555,17827000
2024-11-12,56.62260055541992,56.94086937084746,56.35255696347026,56.670822099829785,16609400
2024-11-13,57.07588577270508,57.17232885241019,55.78352863769126,56.08250807128535,36350600
2024-11-14,55.86068344116211,56.89264354502757,55.47490743584643,56.89264354502757,33747700
2024-11-15,55.41703796386719,56.034282499859245,55.19521593868677,55.4073951275844,28173700
2024-11-18,55.27237319946289,55.92819643699191,55.195215793133535,55.50383806031571,23769300
2024-11-19,54.98303985595703,55.011975724575336,54.346505932371926,54.6647747336984,17476200
2024-11-20,55.45561981201172,55.45561981201172,54.597263850528826,54.81908588828873,15345000
2024-11-21,55.513492584228516,55.87033644231238,55.06984479196765,55.25309181890197,16162400
2024-11-22,56.46828842163086,56.61295673140691,55.417042583919645,55.54242154045436,14952100
2024-11-25,56.65153121948242,56.86370673120214,56.18859413429762,56.56473097589373,52408200
2024-11-26,57.471309661865234,57.51953120287221,56.8444185915713,56.90228664822032,14209700
2024-11-27,57.18198013305664,57.74135666428346,56.834779130676154,57.49060242871308,12703300
2024-11-29,57.10481643676758,57.47130675218774,56.94086246983103,56.969794657156875,11618400
2024-12-02,57.316993713378906,57.577394427846045,57.03730364831412,57.143393237067485,15977400
2024-12-03,57.3652229309082,57.41344447432494,57.06624347521572,57.317001387491466,11746000
2024-12-04,57.500244140625,57.71242334438711,57.16268966106519,57.51953349360955,16872100
2024-12-05,57.88602066040039,58.088553337003816,57.57739838774727,57.664198631872694,19121700
2024-12-06,57.760643005371094,57.94389001321982,57.64491057030248,57.86673260379556,14622700
2024-12-09,56.85406494140625,57.75099958197766,56.76726469621973,57.702778041111316,16517500
2024-12-10,56.63224411010742,56.76726589902116,56.06322108606536,56.420064910918505,14480200
2024-12-11,56.50686264038086,56.86370644933546,56.23681907458469,56.78655272156555,26842900
2024-12-12,56.75762176513672,57.61598143466545,56.545446236111296,56.603310617178245,17704600
2024-12-13,56.535797119140625,56.8444194008604,56.3043322473847,56.535797119140625,14129700
2024-12-16,56.27539825439453,56.41042372633075,55.79317546325467,56.391134373197005,26883200
2024-12-17,56.439353942871094,56.96979825876226,56.1017957934365,56.30433215472438,24912500
2024-12-18,55.484554290771484,56.62260039514953,55.43633274649811,56.62260039514953,24195100
2024-12-19,55.580997467041016,56.07286307335652,55.301307377632305,55.349528918789865,21947800
2024-12-20,56.439353942871094,56.690108166705315,55.23379700717853,55.52312993593119,69544600
2024-12-23,56.882999420166016,56.92157812603933,56.05357563922925,56.06322215523152,18671200
2024-12-24,57.72206497192383,57.72206497192383,56.709397875394394,56.709397875394394,9922300
2024-12-26,57.84744644165039,57.924603855329785,57.28806990874673,57.50024543822909,8524500
2024-12-27,57.490596771240234,57.88601927857949,57.03730620950953,57.452018068312604,13021400
2024-12-30,57.085533142089844,57.278422995884696,56.33326675926467,56.9890900547264,12948100
2024-12-31,57.09517288208008,57.268773361985346,56.68046103331389,57.114462233077056,14173000
2025-01-02,56.99872970581055,57.558109882641475,56.48757474903368,57.16268736004531,16144300
2025-01-03,57.15409469604492,57.45510777174465,56.66858591161252,57.13467390017106,18859000
2025-01-06,57.06670379638672,57.853229372092386,56.89192033511879,57.20264566534219,18543300
2025-01-07,57.222068786621094,57.5327941294703,56.950185037662614,57.26091038051182,16863800
2025-01-08,57.48423385620117,57.523075443245126,56.58118733018608,57.18321711281693,14400300
2025-01-10,57.03757095336914,57.34829626452083,56.84336670786485,57.08612108871073,17274500
2025-01-13,57.05699157714844,57.22206649249674,56.4840910547128,57.2123542423443,19340700
2025-01-14,57.6104736328125,57.620182178595144,57.04728166983047,57.2609067184289,16715500
2025-01-15,58.241634368896484,58.59120129254928,57.86293810298534,58.12511329572494,19185100
2025-01-16,58.08626937866211,58.69801147057243,58.04742778778,58.43583628832515,18445700
2025-01-17,58.4843864440918,59.18352026364779,58.45525710298963,58.99902455896608,23876400
2025-01-21,59.261199951171875,59.55250817977719,58.53293678793458,58.71743249326968,18623800
2025-01-22,59.843814849853516,59.97004446902773,59.22236418760527,59.27091432606751,19436600
2025-01-23,60.426422119140625,60.51381384742389,59.601058677461566,60.00888427335813,14212000
2025-01-24,60.426422119140625,60.48468450604214,60.067146660259645,60.261350912460024,17232900
2025-01-27,57.36772155761719,59.678740777494866,57.05699251796372,59.610769841859536,33730300
2025-01-28,57.70756912231445,57.83380243185023,57.21234813328672,57.30945210375183,25473300
2025-01-29,57.8240966796875,58.78540572254455,57.78525508713732,58.212505196912964,17925300
2025-01-30,58.71743392944336,59.30975524269273,58.503808877677855,58.71743392944336,17079000
2025-01-31,58.84366226196289,59.41656276670819,58.70772039713147,58.77569132954718,16554200
2025-02-03,59.27091598510742,59.48453734114836,57.82409811195092,58.44554879159406,20375700
2025-02-04,59.562217712402344,59.8049721041705,58.96989640382593,59.07670892886601,12742700
2025-02-05,60.756568908691406,60.89251077549396,59.52337615333694,59.669030270132865,18997400
2025-02-06,60.46526336669922,61.086714006897424,60.27105911560278,60.99932227911093,15521800
2025-02-07,60.46526336669922,61.41686012251997,60.40700098012889,60.92164280115515,23861000
2025-02-10,60.9896125793457,61.31975868872108,60.5720747438375,61.29062564391818,15816200
2025-02-11,60.62062454223633,60.9798999902769,60.37787016034499,60.7177248133377,17702500
2025-02-12,60.71772384643555,60.74685689061236,59.42627248149111,59.659314610078475,30116300
2025-02-13,61.98976135253906,64.57266792122245,60.90222271944555,64.18425941447717,43257700
2025-02-14,62.98991012573242,63.184110669308936,61.601351051022405,61.94120941055717,23693300
2025-02-18,62.718017578125,64.3299102048916,62.562658628424096,63.40744653130155,22047500
2025-02-19,62.960777282714844,63.07730206105525,62.426722050609726,62.6500519487501,14164100
2025-02-20,62.79570770263672,63.33948260742339,62.40729917301096,63.07730370140848,14836600
2025-02-21,62.125701904296875,63.07729865113851,62.02860163173388,62.80541492465175,18905800
2025-02-24,61.40715026855469,62.70831390780027,61.31975854263006,62.56265979654659,17287500
2025-02-25,62.407291412353516,62.76657055402758,61.48482775144724,62.7277289650675,22100100
2025-02-26,62.22280502319336,62.90251433003979,62.08685945768617,62.193675682653634,13452300
2025-02-27,61.96063232421875,63.39773787982058,61.90236993667101,62.89280459601625,24695600
2025-02-28,62.25193786621094,62.30049170869282,61.0090365447477,62.07715440486291,26711800
2025-03-03,61.640193939208984,62.99961629355648,61.35859795930101,62.52381976598316,21810700
2025-03-04,61.42657470703125,62.05773765910951,60.795415459091345,61.89266643713916,24588300
2025-03-05,62.106285095214844,62.3199101535304,60.97990482215333,61.397442688422,14931500
2025-03-06,61.57222366333008,62.16454126664693,60.94106076427268,61.950919921109296,23155100
2025-03-07,62.08686447143555,62.31019807659696,60.38758365882029,61.07700897508352,21154800
2025-03-10,60.2613525390625,61.844108532493685,59.89236482033571,61.64019572904129,27417600
2025-03-11,58.91163635253906,60.572079273225526,58.77569448042001,60.474975290184624,25787400
2025-03-12,58.70772171020508,59.406855549704304,58.50380890839717,59.19323049782663,18935300
2025-03-13,57.94062042236328,58.73685828976977,57.51337399704373,58.659175101090774,16463300
2025-03-14,58.74656295776367,58.86308402895099,58.18337098943851,58.57177949891366,16250700
2025-03-17,59.12525177001953,59.43597705680657,58.5911929148629,58.649455295187074,15335800
2025-03-18,58.55236053466797,59.03786933463062,57.940618409556336,58.91163600948164,16669000
2025-03-19,59.34858703613281,59.79525788978719,58.74655723877827,58.872790547689576,15488800
2025-03-20,58.86308670043945,59.25149522754244,58.5912029539503,58.72714482719488,16528600
2025-03-21,58.55236053466797,58.64946451714341,57.707576259891646,58.42612720951899,65935200
2025-03-24,59.20294189453125,59.60105894647685,59.11555016585353,59.27091282748747,28335600
2025-03-25,59.22237014770508,59.4359915192653,58.94077413049104,59.07671601352168,20877600
2025-03-26,60.00888442993164,60.04772602130066,59.24177966901456,59.26120046469908,30621200
2025-03-27,59.6204833984375,60.18367169234641,59.55251246131294,60.096279958309374,25720200
2025-03-28,59.09613037109375,59.98946476458556,58.756271996418135,59.872943692421,24931700
2025-03-31,59.92148971557617,60.10598541331673,58.49409649320182,58.872792729834565,29335700
2025-04-01,60.00888442993164,60.24193027400774,59.29033351029486,59.601058832970985,17381400
2025-04-02,60.0283088684082,60.07685900849671,59.32917499789127,59.42627898220654,18610700
2025-04-03,56.02055358886719,58.571826697470975,55.971675582001346,58.04397927468269,40006300
2025-04-04,53.3128776550293,56.17695439094595,53.215125368643136,55.38517765112607,42924400
2025-04-07,53.1858024597168,54.85732743248125,50.93755203841818,52.17897813030929,46816200
2025-04-08,51.993247985839844,54.612949509937295,51.53382530650002,53.50837667787904,37377000
2025-04-09,56.822105407714844,57.115354813482334,51.48494981572509,51.88572860254514,53380800
2025-04-10,55.31675338745117,56.63637756955107,53.76252744488963,56.51907855375449,31964600
2025-04-11,56.04010772705078,56.499530445047895,55.0137291773406,55.394953791178715,23036900
2025-04-14,56.11830520629883,56.90030488352394,55.81527869999409,56.5875050126339,15657700
2025-04-15,55.913028717041016,56.607053169308394,55.776179245198826,56.56795225481964,18543600
2025-04-16,54.505428314208984,55.79573245388725,54.17307798240234,55.297205091742974,20551300
2025-04-17,54.505428314208984,55.140805154943884,54.43700357491367,54.93553093705795,15910400
2025-04-21,53.14670181274414,54.085105138546545,52.618854370011675,53.91892811243429,15578800
2025-04-22,53.801631927490234,54.03622997464015,53.36175592799824,53.97758232728704,19961800
2025-04-23,54.378353118896484,55.697977284386646,54.25127701154304,54.88665381944182,30231500
2025-04-24,55.02350616455078,55.297205121881206,53.9189295128166,54.0557789914818,22782300
2025-04-25,55.43405532836914,55.50248006860013,54.80845557261799,54.94530505307997,16493500
2025-04-28,55.561126708984375,56.0401035786505,55.15057457371793,55.25810022173696,23140600
2025-04-29,56.04988098144531,56.19650755364926,55.35585649459969,55.41450414038637,13466000
2025-04-30,56.43110275268555,56.60705313892204,55.18967668484735,55.815276400857805,19921200
2025-05-01,56.81232452392578,57.154451915217884,56.38222567275463,56.47997422519908,16420800
2025-05-02,57.99510955810547,58.083081028098974,57.41838408309084,57.73118396151891,18753200
2025-05-05,57.985328674316406,58.30790562534936,57.55522980180757,57.6725288163339,14758500
2025-05-06,57.88758087158203,58.17105318297666,57.261981147462386,57.310855426746386,13766500
2025-05-07,58.229705810546875,58.552282772737556,57.7409555494351,57.86803166140736,14078300
2025-05-08,58.366554260253906,58.92372924981001,58.09285531208417,58.61092938651074,16196700
2025-05-09,58.42520523071289,59.46135710130102,58.1026282764178,59.29518007757881,17480700
2025-05-12,60.28245162963867,60.45840201089786,59.74482712195486,60.2238039884645,23700000
2025-05-13,60.38998031616211,60.839633384714105,60.2238070193146,60.29223175670693,18591200
2025-05-14,59.91100311279297,60.47795143134977,59.48090053092063,60.24335341293602,34509200
2025-05-15,62.81418228149414,64.27065589342213,61.50432777385605,61.65095433588268,60718000
2025-05-16,62.18857955932617,62.58935460739554,61.562979848083096,62.47205559375457,30289900
2025-05-19,62.48183059692383,62.687104808397514,61.75848231014937,62.002857436818566,16249000
2025-05-20,61.993080139160156,62.41340565395461,61.65095645449885,62.30588373082428,14995200
2025-05-21,61.77803039550781,62.47205483366977,61.553205735069504,61.57275619191654,15595900
2025-05-22,61.93443298339844,62.286333764033195,61.533657922979636,61.98330726318248,15641100
2025-05-23,61.69005584716797,61.797581496513274,61.123103779299434,61.2990541638884,15645400
2025-05-27,62.31565856933594,62.55026033641679,61.914883502593774,62.32543193389954,17429400
2025-05-28,61.91488265991211,62.550259485087444,61.82690746456274,62.45250719643895,13814500
2025-05-29,61.63140869140625,62.305886454752205,61.084010772016676,62.296109361123875,13982800
2025-05-30,61.62162780761719,61.758477270766306,60.898275850998466,61.504325071602345,25829000
2025-06-02,62.41340637207031,62.44273392314193,61.29905638193087,61.3186068396891,15816000
2025-06-03,62.91193771362305,63.009686279746454,62.28633794114816,62.36453604827313,15156900
2025-06-04,62.94125747680664,63.430007733627775,62.902156561332504,63.20518679182281,14770900
2025-06-05,63.16608428955078,63.44956032631428,62.833730245238215,63.029234817697635,17025200
2025-06-06,64.57368469238281,64.67144071470182,63.76236489439204,63.85033636519423,20943800
2025-06-09,64.41728210449219,64.8669314232505,64.11425188922497,64.62255630711641,13689800
2025-06-10,63.68416213989258,64.5932379470733,63.35180807583022,64.52481320708067,17214900
2025-06-11,62.74576187133789,63.68416149215124,62.432958268864816,63.64506057573353,20442600
2025-06-12,63.63528060913086,63.74280625999059,62.667557209130194,62.872831417752344,15160800
2025-06-13,62.64800262451172,63.26383270419856,62.49160642463388,63.136752867952396,14635000
2025-06-16,64.03605651855469,64.1338050719324,63.39090264233592,63.72325667310405,16957700
2025-06-17,63.860103607177734,64.66165364547021,63.55707340866512,64.16312634795408,18845200
2025-06-18,64.3586196899414,64.84736986665507,63.908970422293145,64.212000603116,22664200
2025-06-20,64.82783508300781,65.15041204891774,64.2413362544589,64.99400838384484,50421700
2025-06-23,65.86397552490234,65.97150116757447,64.72030182492033,64.8571512869146,34030000
2025-06-24,66.36250305175781,66.50912960660243,65.84442902134502,66.25497740872085,23162700
2025-06-25,66.65576171875,66.9881083102193,66.25498293260961,66.3234076695437,19395700
2025-06-26,67.3986587524414,67.60394042713504,66.88058466330322,67.17383780623366,23154000
2025-06-27,67.10540771484375,67.66258267578088,66.80237750258908,67.3204590081417,26224600
2025-06-30,67.81898498535156,68.20998669408056,67.20316232807608,67.28136416136934,32561200
2025-07-01,67.54528045654297,67.98516013924056,67.09563113879234,67.8189793927619,21939500
2025-07-02,67.0467529296875,67.38888405666252,66.6459816193616,67.13473184905546,16655200
2025-07-03,68.21698760986328,68.31532398581881,67.04676447901416,67.04676447901416,17973500
2025-07-07,67.78429412841797,68.14814694854853,67.46961324434811,67.93180243401599,23985200
2025-07-08,67.44994354248047,67.7744603242558,67.21393474781856,67.65645967821699,21182600
2025-07-09,68.11863708496094,68.16780901943326,67.17459446324625,67.40077485820157,23765900
2025-07-10,67.61711883544922,68.23664469098905,67.42043860168626,68.10880816598096,15005300
2025-07-11,66.8205795288086,67.36144081374823,66.56490646918628,67.15493218747602,14699400
2025-07-14,66.6927490234375,66.89925766836389,66.08305147466572,66.70258491202964,16451400
2025-07-15,66.06339263916016,66.75175484558865,66.0338924735397,66.55508207306204,13944600
2025-07-16,66.25022888183594,66.43706574199588,65.86671177073866,66.03388435709708,15156100
2025-07-17,67.16476440429688,67.33193697320176,66.38789437501791,66.42723042109851,20400000
2025-07-18,66.91893005371094,67.69579270010074,66.83042206074684,67.63679237318121,16145100
2025-07-21,67.20409393310547,67.47944625970686,66.66324017238048,66.77141242504223,14674200
2025-07-22,67.027099609375,67.4597811602522,66.94842750827569,67.2041005829717,14527200
2025-07-23,67.47945404052734,67.68596268235235,66.92875682640934,67.21393757062044,13042300
2025-07-24,67.1549301147461,67.44993921349351,66.79107730678207,67.22376632137887,13534000
2025-07-25,67.54828643798828,67.67612297020443,66.93858893282096,67.24343393411252,11590000
2025-07-28,66.79108428955078,66.83042034067965,66.25023046734428,66.62391169919157,20558400
2025-07-29,66.83041381835938,67.57778371169894,66.70257729160525,67.09593026191996,15261800
2025-07-30,67.14509582519531,67.44011243354706,66.23055334240571,66.71240680030182,15518200
2025-07-31,66.94842529296875,68.00064022695487,66.75174504672857,67.17459819791463,18529200
2025-08-01,65.99453735351562,66.48622664537459,65.4143400877788,66.38789028751943,21650000
2025-08-04,67.35160827636719,67.37128005275302,66.48623768000104,66.6435743781656,17052200
2025-08-05,66.3977279663086,67.72529524223636,66.31906337056238,67.54828677228492,15434500
2025-08-06,68.05963897705078,68.19731139494593,66.64357124717606,66.83041560114121,23107800
2025-08-07,68.73817443847656,68.97418323196055,68.05964071680279,68.63983806640692,22579600
2025-08-08,70.59675598144531,70.82292887525757,69.05285176173557,69.07251603409946,31662400
2025-08-11,69.49537658691406,71.34413349509953,69.1708597888707,71.09828880008207,28911400
2025-08-12,70.19356536865234,70.31157350763725,69.3871951753814,69.6133755661232,21912100
2025-08-13,69.22986602783203,70.83277070161076,69.0823577136916,70.66559811345769,38096400
2025-08-14,68.14815521240234,69.43637906549857,66.35840606049001,66.86975974564282,39317300
2025-08-15,65.09966278076172,67.50894494342062,64.76531764535818,67.31226471443301,40877300
2025-08-18,65.83720397949219,65.99454817993934,64.6571524864762,64.98166927296015,20903400
2025-08-19,65.6503677368164,66.39773018821246,65.37502288603001,65.6503677368164,18746600
2025-08-20,65.99453735351562,66.07320944083303,65.43401186089974,65.70935666392745,14946400
2025-08-21,65.90603637695312,66.10271661612838,65.36518260003515,65.98470847262323,12456600
2025-08-22,66.20105743408203,66.90909133753496,65.89621242110043,66.2108933223479,16830600
2025-08-25,66.02404022216797,66.37805712705226,65.9945400638582,66.16171262933592,11724500
2025-08-26,67.25326538085938,67.60728229563229,65.99454190725955,66.05354222552712,28307900
2025-08-27,67.30244445800781,67.6072894715251,67.01726371847232,67.18443630636345,13876700
2025-08-28,68.27598571777344,68.42349402820894,67.21393488573906,67.22377077379058,15256000
2025-08-29,67.94163513183594,68.30548797506249,67.68596205532658,67.96130690854254,14953000
2025-09-02,66.67308044433594,67.1844340793422,66.26005567856384,66.97792544774826,18928800
2025-09-03,66.54523468017578,66.99758798085824,66.21088952416076,66.91892338699734,14320100
2025-09-04,66.85991668701172,67.27294144899702,66.28956273466056,66.96808894579547,14388500
2025-09-05,65.78804016113281,66.96809166522218,65.37502288495999,66.59441043953026,21050800
2025-09-08,65.76836395263672,65.89620798373072,65.24717444840915,65.61102726390008,14038000
2025-09-09,66.22071838378906,66.319062256342,65.53235629142324,65.63069266139205,11649400
2025-09-10,66.99758911132812,67.18443346789158,66.00438201164198,66.46656370524055,14689500
2025-09-11,66.56490325927734,67.43027377086658,66.38789480206776,67.17459322098969,17560800
2025-09-12,65.42418670654297,66.2207210891916,65.03083370801342,65.76836776678716,18529200
2025-09-15,65.90603637695312,66.08304484091886,65.24717445653,65.4045186478702,16203100
2025-09-16,65.81753540039062,66.26005280567902,65.44385420264895,65.90603588041473,18019300
2025-09-17,66.59440612792969,66.7517428170822,65.27667478118033,65.88637227028335,18652100
2025-09-18,67.5384521484375,67.61712424824044,66.358400661731,66.77141793181984,20279000
2025-09-19,67.07626342773438,67.77446143774401,66.06338451881075,67.77446143774401,47822500
2025-09-22,66.62390899658203,66.86975367922625,66.18139156885617,66.73208125715223,20396700
2025-09-23,66.41739654541016,67.08609434386513,65.95520736819488,66.45673259268207,22240000
2025-09-24,66.20105743408203,66.73208286167173,65.77820426966345,66.57473865975575,17433100
2025-09-25,66.72224426269531,67.10576136105384,65.99454611485916,66.20105474454574,22351700
2025-09-26,66.10272216796875,66.78125592059013,65.73886932187322,66.74191986945132,15077400
2025-09-29,66.59440612792969,66.82057902532094,66.31906129497479,66.59440612792969,14358300
2025-09-30,67.28276062011719,67.6269416224836,66.56489845840768,66.58456272886441,20498900
2025-10-01,67.60728454589844,67.67612075369635,66.56490554136309,66.77141416475685,15530700
2025-10-02,67.17459106445312,68.33497813500047,67.12542663505218,68.03013316393087,15708300
2025-10-03,67.19438171386719,67.8473342933713,66.9272695527252,67.22406000422889,11113200
2025-10-06,68.17382049560547,68.21338652324954,67.08556603819962,67.7088404179662,21952700
2025-10-07,68.2529525756836,68.48049872293868,67.70883295484334,68.18370071310804,16493200
2025-10-08,69.57864379882812,70.00405027242788,68.26285080514897,69.0641948992768,34246300
2025-10-09,69.21259307861328,69.86554570145157,68.29252827690571,69.55885240229094,21209500
2025-10-10,67.21417236328125,70.05350618071499,67.16470351402063,69.65778557817677,20961500
2025-10-13,66.73929595947266,68.15401897880975,66.41281967472874,67.81765496268805,14127900
2025-10-14,67.92648315429688,68.42114146722515,66.09624135815277,66.39303936506447,15402000
2025-10-15,68.77729034423828,69.54896367322839,68.08477170680916,68.56953475300955,16260500
2025-10-16,68.35188293457031,69.3214165614215,67.83744160359355,69.034513830495,13950600
2025-10-17,69.38076782226562,70.01392981853857,68.2133739764087,68.32219940213245,16286900
2025-10-20,69.89522552490234,70.21180656318366,69.37088888786337,69.37088888786337,12183500
2025-10-21,69.9644775390625,70.47891889689943,69.6281059394909,69.82597380626459,15763300
2025-10-22,69.90512084960938,70.21180660779595,69.10376919916366,70.10298116820316,14967200
2025-10-23,69.51927947998047,70.47891786306607,69.47971345509346,69.84575579445259,14614100
2025-10-24,69.87543487548828,70.18212818097741,69.31152466589515,69.8853301557653,13075600
2025-10-27,70.62731170654297,70.69656356685927,69.67756867311078,69.78639410330594,15986800
2025-10-28,71.84417724609375,71.90353382927903,70.27115986070122,70.43934187831748,19896800
2025-10-29,70.56795501708984,72.04203464034693,70.16233158737083,71.90353091992743,18020600
2025-10-30,72.1310806274414,72.32894093843186,70.57784623982953,70.60753207957644,18101800
2025-10-31,72.32894134521484,72.69499122528161,71.65620571702196,71.94310845309259,24008000
2025-11-03,73.65462493896484,74.04045784626437,72.8334978183379,73.81291923318382,21733400
2025-11-04,71.5473861694336,73.19954330991999,71.21102210159754,73.11050842651198,22345000
2025-11-05,71.32972717285156,71.80460247405445,70.57784442423318,71.448447885124,16113500
2025-11-06,70.28105926513672,71.45834855331647,69.93479992975662,70.94389964256254,16469900
2025-11-07,70.31073760986328,70.82517897310582,69.78640096620624,70.6273186521404,16913700
2025-11-10,71.31983184814453,71.72545528723735,70.38987935353514,70.99336309840352,22201200
2025-11-11,70.94389343261719,71.47812530953522,70.34040969468498,70.97357172335373,21412900
2025-11-12,73.16986083984375,73.4171900101574,70.95379358724189,71.1417661720042,57591600
2025-11-13,76.5533218383789,78.65067591330649,75.83112489014276,77.11723204301165,57638500
2025-11-14,77.16670227050781,77.82954264518459,75.02977458464626,75.76187437399923,38819600
2025-11-17,76.94905090332031,78.54185137728092,76.6423651448926,77.05787634299867,28720100
2025-11-18,76.5434341430664,77.3645612499374,75.63325706232983,76.72151144713582,26025500
2025-11-19,77.55253601074219,78.08676793794383,76.3356806886891,76.47418442375388,24759700
2025-11-20,74.63404846191406,79.20468642998398,74.51532774990292,78.27473393683394,27381900
2025-11-21,75.28700256347656,76.11803255173385,74.6637357331994,74.83191776786165,24428800
2025-11-24,75.42549896240234,76.05866101188354,74.87148405607805,75.67282812385241,26691500
2025-11-25,75.50464630126953,76.23673850765095,75.26721241907039,75.67282831999862,18818800
2025-11-26,75.25731658935547,75.78165320149603,74.53511212025539,75.64314947556784,15972600
2025-11-28,76.11802673339844,76.13780974565745,75.00009406964142,75.32657038106889,7320900
2025-12-01,75.2276382446289,75.99930401650839,75.1188128103498,75.85090501086535,15529600
2025-12-02,76.04877471923828,76.1773831683871,74.9506326177851,75.34636079317234,14619100
2025-12-03,76.91936492919922,76.9886167886348,74.84180159824511,75.77175406096772,16088400
2025-12-04,76.92926025390625,77.02819040346023,76.34555954013057,76.86000839442981,12572600
2025-12-05,77.13702392578125,77.35467480636854,76.57311371148117,77.13702392578125,12579400
2025-12-08,78.01750946044922,78.53195078312034,77.28541727314871,77.37445214619518,17454500
2025-12-09,78.66057586669922,79.02661822871512,77.6712591297694,77.94826660844771,15737500
2025-12-10,79.39266204833984,79.9565722432163,77.95815590898886,77.98783420115808,21302700
2025-12-11,78.42312622070312,79.51138055592133,77.98783203450276,79.38276456291177,18652300
2025-12-12,76.96884155273438,78.71003349382232,76.88969440598838,78.61110333433349,16672300
2025-12-15,77.41403198242188,77.86911675989472,76.71161802928633,77.37445840856935,17646000
2025-12-16,76.72151184082031,77.77018511022837,76.55332226819537,77.27552676837365,17737200
2025-12-17,75.18806457519531,77.3645581621646,75.10891743257066,77.06776769915258,26094400
2025-12-18,76.12791442871094,76.97872736529258,75.44529106174168,75.51454292644544,19249400
2025-12-19,77.58220672607422,78.32419418339602,75.96962336940074,76.14770066107344,84881900
2025-12-22,77.27552032470703,78.30441049571667,77.1271213249475,78.17579450691129,18016100
2025-12-23,77.18648529052734,77.28542299842402,76.76107880938874,76.78086937012303,16712600
2025-12-24,77.18648529052734,77.45360502522857,77.01830326372281,77.18648529052734,9104400
2025-12-26,77.32498931884766,77.44370248056845,77.09744317907167,77.26562519010058,10158000
2025-12-29,76.95894622802734,77.46349985338287,76.6918264948855,77.19638012024105,17941800
2025-12-30,76.5830078125,76.9787284461422,76.34556637484995,76.9787284461422,13952200
2025-12-31,76.20706176757812,76.98862284144661,76.05866275772435,76.51374751949199,13570500
2026-01-02,75.63018798828125,76.53527965311788,75.20250514341136,76.23690103770777,15749800
2026-01-05,75.17266845703125,76.35624987144963,74.80465981554993,76.03797479361697,16328800
2026-01-06,74.82455444335938,75.32185971455782,74.40681224846274,75.1229330531127,17017200
2026-01-07,74.31729888916016,74.97373788310571,73.8000971719657,74.7151446127845,20347400
2026-01-08,73.56139373779297,74.0586990017761,73.15360736723038,73.90950590492594,17192200
2026-01-09,73.48182678222656,73.9294060953617,72.9447361594303,73.05414393008935,19104100
2026-01-12,73.61112976074219,73.65091509378422,72.407651892257,72.5170596610535,20985700
2026-01-13,75.06326293945312,75.09310004322684,73.46193927186656,73.59123591764484,17809900
2026-01-14,74.00897216796875,74.70519649414089,73.42214801738706,74.5261662976572,17801300
2026-01-15,74.84444427490234,75.64013575433144,74.5062803285246,74.81460717237212,18213000
2026-01-16,74.7847671508789,75.58045101097493,74.1979430003424,75.23233884791566,25743300
2026-01-20,72.95468139648438,74.46649366268103,72.81543652831839,74.11837390398988,23999700
2026-01-21,73.29285430908203,73.95924156049931,72.61651882738614,73.55144759011552,18210200
2026-01-22,73.92940521240234,74.3769769319155,73.48182590461278,73.71058967369763,12879800
2026-01-23,74.18799591064453,74.66541230466031,73.31274137460447,73.55144577747427,13125500
2026-01-26,76.59496307373047,77.0027494666021,75.23234384409157,76.05787244865259,24714400
2026-01-27,78.2559585571289,78.4847223229955,76.63474608868768,76.77399095894515,17756700
2026-01-28,78.5344467163086,78.61401738007532,77.59951038773997,78.50460961446511,14022900
2026-01-29,78.00730895996094,79.05165311587915,77.21161745180643,78.68364446540927,22642900
2026-01-30,77.89789581298828,78.37531220259494,77.30113101718702,77.66913205398849,26458400
2026-02-02,80.20539093017578,80.72259264488022,77.57961979048305,77.69897578347853,28238600
2026-02-03,82.6620864868164,82.80133136192448,80.37447910156672,80.37447910156672,34962100
2026-02-04,80.72259521484375,83.78598991649717,80.70269875457306,83.52739663918811,39765700
2026-02-05,81.91612243652344,82.86099938831828,80.37447310646236,80.42420666740989,24236500
2026-02-06,84.36286926269531,84.54189947098847,82.3636998681345,83.10965780464323,23936600
2026-02-09,86.31230163574219,86.7797698046882,83.85561238244803,84.27335457725107,22908400
2026-02-10,85.82494354248047,87.71470506709579,85.66580221531129,86.50127900639724,32113800
2026-02-11,85.07898712158203,86.67036247951226,84.67119315484064,85.59618126730575,34455800
2026-02-12,74.59579467773438,79.93685630843974,73.69069539327175,79.18095013098791,68098600
2026-02-13,76.43582153320312,76.88340084703938,73.02430694126029,73.97913218719052,42886400
2026-02-17,76.43582153320312,77.15194236471993,76.0678204752067,76.535281073519,24792700
2026-02-18,77.75865173339844,78.17638633585688,76.07775750524631,76.13743929722334,20648800
2026-02-19,78.13660430908203,78.73337672443843,77.45032817266454,77.56967658511464,18443200
2026-02-20,78.77315521240234,78.90245944481099,77.70892219112213,77.70892219112213,29461600
2026-02-23,77.3210220336914,79.05164985428186,76.52533814664268,78.42504035127362,24485900
2026-02-24,77.71886444091797,78.28579212660306,77.0524772221484,77.32101872030408,19485100
2026-02-25,78.69358825683594,78.99196686435452,77.83822258971888,78.02719343133114,22721800
2026-02-26,77.67908477783203,78.91239977227471,77.30113548922381,78.5145616109088,19608000
2026-02-27,79.03175354003906,79.10137597513807,76.65463492816069,77.23151086942461,27498000
2026-03-02,78.9919662475586,79.09142578262151,77.27129428496944,78.32557901553334,18540400
2026-03-03,78.5344467163086,79.01186311063279,77.1519386835354,77.95757078641407,17521100
2026-03-04,80.43415832519531,80.52366963278443,78.1067656802859,78.77315293103712,20388100
2026-03-05,79.57878875732422,80.73253299907007,78.62396358158685,79.5588922977578,26844800
2026-03-06,78.21617126464844,79.09142579694718,77.92773330112045,78.09681526958565,20621200
2026-03-09,75.79927062988281,77.14199338174127,74.79471182945512,76.76404409691692,32855900
2026-03-10,77.28123474121094,78.58417968871929,76.68446994398955,76.72425527557445,24836000
2026-03-11,77.67908477783203,78.07693052747447,76.70437065889841,77.22156482164002,14719900
2026-03-12,77.3210220336914,77.70891954113637,76.53527878858394,76.53527878858394,19969500
2026-03-13,77.90784454345703,78.8328326387883,77.51994704428031,77.64924368124717,19080400
2026-03-16,78.47477722167969,78.74331874266164,77.76860461199585,78.49466609467677,14715100
2026-03-17,78.8427734375,79.61857602567424,78.39520173395145,78.75326213210074,16210500
2026-03-18,77.18177795410156,79.59868191892603,77.1121555184184,79.31024394587399,18827600
2026-03-19,78.08687591552734,78.45487696022275,76.505441205041,77.1320507041083,17519600
2026-03-20,77.23151397705078,78.6140220927003,76.29657759243611,78.02719789758793,90380800
2026-03-23,78.39520263671875,79.08148633912056,77.99735690216298,78.21617243558246,20072200
2026-03-24,80.42420959472656,80.50378025982845,77.7089194572661,77.94763145257174,23528000
2026-03-25,81.38898468017578,82.2344021461468,80.45404831709352,80.56345608674258,23146000
2026-03-26,81.71720886230469,82.66208587761403,81.36908908882349,81.62768996423691,26649600
2026-03-27,79.48927307128906,81.67742082700065,78.97207892584524,81.53817595752437,20557400
2026-03-30,76.62479400634766,79.95673767133496,76.17721472735549,79.42959531925,24306300
2026-03-31,77.17182922363281,77.76860162650806,75.89872892894806,77.47021542507044,25105700
2026-04-01,77.51000213623047,78.69359114449834,77.39064613587756,77.57962457270055,21309000
2026-04-02,79.0199966430664,79.0999984741211,76.54000091552734,76.7300033569336,12634900
2026-04-06,80.44000244140625,80.4800033569336,79.0199966430664,79.12000274658203,16388600
2026-04-07,80.68000030517578,80.88999938964844,79.41999816894531,80.0199966430664,13428100
2026-04-08,83.69999694824219,83.73999786376953,81.5,82.30999755859375,19621900
2026-04-09,83.16999816894531,84.7699966430664,82.1500015258789,83.8499984741211,17611700
2026-04-10,82.22000122070312,84.55999755859375,81.62000274658203,83.88999938964844,17571100
2026-04-13,82.3499984741211,82.38999938964844,81.25,82.04000091552734,19997500
2026-04-14,82.61000061035156,82.6500015258789,81.36000061035156,82.02999877929688,17856800
2026-04-15,82.36000061035156,82.66000366210938,80.87999725341797,82.52999877929688,15066400
2026-04-16,84.5,84.52999877929688,82.0,82.08000183105469,14609000
2026-04-17,86.25,86.37999725341797,84.5999984741211,85.19000244140625,20321900
2026-04-20,87.70999908447266,88.3499984741211,85.86000061035156,86.19999694824219,16695600
2026-04-21,89.69999694824219,89.80000305175781,87.16000366210938,87.91999816894531,18653400
2026-04-22,89.80000305175781,90.44999694824219,89.4800033569336,89.93000030517578,16986100
2026-04-23,88.58999633789062,90.0,88.2699966430664,89.31999969482422,21156700
2026-04-24,89.01000213623047,89.7300033569336,87.41000366210938,87.41000366210938,18969900
2026-04-27,88.26000213623047,89.5,87.63999938964844,89.27999877929688,13810500
2026-04-28,86.86000061035156,88.55000305175781,85.77999877929688,88.55000305175781,16889300
2026-04-29,89.56999969482422,89.62999725341797,86.83999633789062,87.31999969482422,15427900
2026-04-30,91.5,91.66999816894531,89.31999969482422,89.81500244140625,21561130
