Price,Close,High,Low,Open,Volume
Ticker,MS,MS,MS,MS,MS
Date,,,,,
1993-02-23,3.4453303813934326,3.6120399159769856,3.4036529977475443,3.5564700711158013,40594800
1993-02-24,3.542579174041748,3.584256576089298,3.459224369946648,3.5009017719941977,9426400
1993-02-25,3.6259305477142334,3.6259305477142334,3.5425758224794235,3.556468276685225,5229200
1993-02-26,3.6815025806427,3.6815025806427,3.570362880094996,3.6259327303688482,2761200
1993-03-01,3.5564703941345215,3.6537176314741373,3.5564703941345215,3.6398251689970493,3014400
1993-03-02,3.653717279434204,3.667609740572737,3.570362512603005,3.5842549737415386,3022800
1993-03-03,3.639824151992798,3.6953939863743672,3.612039234802013,3.639824151992798,2808800
1993-03-04,3.6259305477142334,3.6676079103316384,3.6259305477142334,3.6259305477142334,1783600
1993-03-05,3.6953940391540527,3.709286497947865,3.5564694512159303,3.612039286391179,3868800
1993-03-08,3.6815025806427,3.695395043211163,3.639825192937311,3.667610118074237,2516000
1993-03-09,3.7926392555236816,3.8343166099799855,3.667607192154769,3.667607192154769,2449200
1993-03-10,3.9454588890075684,3.9593513498843556,3.7509644367325476,3.764856897609335,3192800
1993-03-11,3.9454588890075684,3.98713627163793,3.903781506377207,3.98713627163793,1276400
1993-03-12,4.01492166519165,4.028814127700964,3.778749802533318,3.9176744276264546,2958800
1993-03-15,3.9454588890075684,4.001028732514717,3.917673967253994,4.001028732514717,1858400
1993-03-16,3.8621017932891846,3.9593489607461065,3.848209340795339,3.9176716032645684,2182000
1993-03-17,3.903780221939087,3.903780221939087,3.8204254841040886,3.8621028530215877,2413600
1993-03-18,4.001029014587402,4.014921476443609,3.8898893197377524,3.8898893197377524,1765200
1993-03-19,3.959351062774658,4.028813362121582,3.959351062774658,4.028813362121582,2397600
1993-03-22,3.9454588890075684,3.9732438107611427,3.903781506377207,3.9732438107611427,729200
1993-03-23,3.8621017932891846,3.945456508252261,3.8621017932891846,3.945456508252261,924000
1993-03-24,3.8204257488250732,3.862103120630438,3.709286090677435,3.862103120630438,1787600
1993-03-25,3.8204257488250732,3.8204257488250737,3.7370710052143448,3.792640834288164,1080400
1993-03-26,4.070492267608643,4.070492267608643,3.9315676168370164,3.945460081914179,2376800
1993-03-29,4.112166404724121,4.112166404724121,3.9732418640239815,4.042704134374051,1273600
1993-03-30,4.264984607696533,4.264984607696533,4.126060027641271,4.16773740165785,1463600
1993-03-31,4.264984607696533,4.3622318137352165,4.251092149691007,4.278877065702059,1856000
1993-04-01,4.112166404724121,4.223306037284233,4.084381496584093,4.209413583214219,1410000
1993-04-02,3.959351062774658,4.126060581207275,3.959351062774658,4.056598281860351,1338800
1993-04-05,4.028813362121582,4.042705821990967,3.945458602905273,3.945458602905273,873200
1993-04-06,3.9732422828674316,4.0565970160744405,3.9732422828674316,4.042704560539939,763200
1993-04-07,4.028813362121582,4.042705821990967,3.959351062774658,3.959351062774658,240400
1993-04-08,4.01492166519165,4.028814127700964,4.001029202682337,4.028814127700964,304000
1993-04-12,4.112166404724121,4.112166404724121,4.014919226234023,4.014919226234023,217600
1993-04-13,4.237198829650879,4.264983740009245,4.167736553754963,4.167736553754963,937600
1993-04-14,4.348338603973389,4.362231059577137,4.237198959143398,4.237198959143398,689600
1993-04-15,4.16773796081543,4.292770099639893,4.1121681213378904,4.292770099639893,1319600
1993-04-16,4.153846263885498,4.223308575990607,4.139953801464476,4.195523651148563,1452400
1993-04-19,4.056595325469971,4.153842473683292,4.042702875725211,4.126057574193771,861600
1993-04-20,3.931565046310425,4.126059430226841,3.8482103103462464,4.098274518238782,2764000
1993-04-21,3.8759946823120117,3.9871343147797393,3.8759946823120113,3.9315644985458755,1372800
1993-04-22,3.8759946823120117,3.9454569526043413,3.8621022282535455,3.8759946823120113,1387600
1993-04-23,3.8204257488250732,3.875995577898893,3.778748377019709,3.862103120630438,660400
1993-04-26,3.7370707988739014,3.8621029073864115,3.6953934293697315,3.8343179943836314,1847200
1993-04-27,3.7787489891052246,3.7787489891052246,3.6259319343987633,3.6953942319926094,1674000
1993-04-28,3.8482134342193604,3.8621059014909105,3.7648586305900604,3.8065360324047104,726800
1993-04-29,3.834317922592163,3.875995291315991,3.834317922592163,3.848210378833439,228800
1993-04-30,4.306662559509277,4.3344474792480465,3.8482113838195797,3.8482113838195797,3105600
1993-05-03,4.084382057189941,4.223306616958307,4.056597145236268,4.223306616958307,2001200
1993-05-04,4.112166404724121,4.139951312864149,4.070489042514079,4.112166404724121,826000
1993-05-05,4.070492267608643,4.098277197762967,4.05659980253148,4.098277197762967,512000
1993-05-06,4.04270601272583,4.070490933775492,4.001028631151337,4.070490933775492,183200
1993-05-07,4.056595325469971,4.0843802249594905,4.042702875725211,4.056595325469971,245200
1993-05-10,4.112166404724121,4.139951312864149,4.070489042514079,4.070489042514079,708800
1993-05-11,4.098275184631348,4.1121676428843355,4.056597809872384,4.1121676428843355,568800
1993-05-12,4.098275184631348,4.126060101137322,4.070490268125372,4.098275184631348,258000
1993-05-13,4.001029014587402,4.070491323868434,4.001029014587402,4.070491323868434,163200
1993-05-14,3.8898887634277344,3.9871359825134274,3.8204264640808105,3.9871359825134274,848000
1993-05-17,3.959351062774658,3.9871359825134274,3.8759963035583493,3.8898887634277344,382000
1993-05-18,3.9176723957061768,3.945457306314022,3.875995029794409,3.945457306314022,883600
1993-05-19,3.959351062774658,3.9871359825134274,3.903781223297119,3.903781223297119,514800
1993-05-20,3.8898887634277344,3.9871359825134274,3.8621038436889648,3.9871359825134274,936800
1993-05-21,3.7787489891052246,3.86210374621784,3.764856529586455,3.86210374621784,834000
1993-05-24,3.8482134342193604,3.8482134342193604,3.7509661633185103,3.7648586305900604,262400
1993-05-25,3.845424175262451,3.873289567836817,3.817558782688086,3.8593568715496342,662400
1993-05-26,4.082279205322266,4.096211898855789,3.845423415252373,3.845423415252373,659200
1993-05-27,3.915087938308716,4.110145700359684,3.901155241019361,4.068347608491619,1011600
1993-05-28,3.8314907550811768,3.90115422335538,3.8036253677714957,3.90115422335538,1338800
1993-06-01,3.85935640335083,3.8732890979477648,3.8314910141569616,3.8314910141569616,330400
1993-06-02,3.887220859527588,3.901153550780375,3.8593554770220138,3.8593554770220138,295600
1993-06-03,3.817558526992798,3.9011546991167276,3.817558526992798,3.9011546991167276,178800
1993-06-04,3.77575945854187,3.845422917186554,3.77575945854187,3.789692150270807,211200
1993-06-07,3.77575945854187,3.789692150270807,3.7478940750839964,3.77575945854187,314400
1993-06-08,3.77575945854187,3.789692150270807,3.7618267668129333,3.77575945854187,295200
1993-06-09,3.8314907550811768,3.8314907550811768,3.7757599804618143,3.7757599804618143,341200
1993-06-10,3.7896945476531982,3.831492649281726,3.7757618471103553,3.831492649281726,166000
1993-06-11,3.817558526992798,3.831491222346786,3.789693136284821,3.803625831638809,148000
1993-06-14,3.8314907550811768,3.873288836045699,3.817558061426336,3.817558061426336,449200
1993-06-15,3.7896945476531982,3.831492649281726,3.761829146567513,3.831492649281726,208800
1993-06-16,3.9011552333831787,3.9290206279073443,3.789693655286517,3.789693655286517,1311600
1993-06-17,3.915087938308716,3.9429533328874253,3.887222543730006,3.887222543730006,305200
1993-06-18,3.8036251068115234,3.91508664840307,3.8036251068115234,3.91508664840307,1043600
1993-06-21,3.77575945854187,3.789692150270807,3.650365232981439,3.77575945854187,2092400
1993-06-22,3.77575945854187,3.77575945854187,3.6642979247103757,3.77575945854187,1855600
1993-06-23,3.77575945854187,3.789692150270807,3.7478940750839964,3.77575945854187,1940400
1993-06-24,3.915087938308716,3.9429533328874253,3.8454244518619416,3.887222543730006,2887600
1993-06-25,4.040482044219971,4.0544147409241775,3.9150877738821093,3.9150877738821093,1870400
1993-06-28,4.319134712219238,4.347000097459363,4.040480859817997,4.040480859817997,3107600
1993-06-29,4.151943206787109,4.249472074060632,4.1240778161375315,4.235539378735843,2186800
1993-06-30,4.179808139801025,4.179808139801025,4.110144670804342,4.138010058403015,4777600
1993-07-01,4.124077796936035,4.179808577975711,4.110145101676117,4.179808577975711,2097200
1993-07-02,4.151943206787109,4.165875902111899,4.110145120812742,4.1240778161375315,932800
1993-07-06,4.110146999359131,4.138012402744616,4.096214297666388,4.1240797010518735,1907600
1993-07-07,4.110146999359131,4.110146999359131,4.054416192588159,4.096214297666388,1842000
1993-07-08,4.096214771270752,4.15194558448532,4.08228206796711,4.110147474574394,2947200
1993-07-09,4.096214771270752,4.096214771270752,4.026551254752542,4.08228206796711,2786000
1993-07-12,4.319134712219238,4.319134712219238,4.082278937678184,4.096211630298245,7127600
1993-07-13,4.110146999359131,4.263406717979302,4.110146999359131,4.263406717979302,10491600
1993-07-14,3.970818281173706,4.110145238407871,3.942952889726873,4.110145238407871,9687600
1993-07-15,3.9986860752105713,4.012618779305382,3.859359034262468,3.873291738357278,9809200
1993-07-16,3.9847519397735596,4.026550037043911,3.92902114341309,3.9986846388636765,5910800
1993-07-19,4.054415225982666,4.06834792435374,3.9847517341272938,3.9847517341272938,3670400
1993-07-20,4.235541343688965,4.291272150842767,4.082281624016009,4.151945132958262,10484800
1993-07-21,4.305203437805176,4.305203437805176,4.193741860127372,4.2494726489662735,4429200
1993-07-22,4.2076735496521,4.2773370190172,4.19374085577908,4.2773370190172,4458800
1993-07-23,4.165877342224121,4.193742742506557,4.138011941941686,4.1798100423653395,2494800
1993-07-26,4.291272163391113,4.374868374366264,4.1519451450991935,4.1519451450991935,5059600
1993-07-27,4.221606254577637,4.277337030215625,4.193740866758643,4.277337030215625,2681600
1993-07-28,4.2076735496521,4.26340432514418,4.2076735496521,4.2076735496521,2142400
1993-07-29,4.151943206787109,4.263404769385422,4.068347034838376,4.207673988086265,6696400
1993-07-30,4.151943206787109,4.151943206787109,4.096212425487954,4.110145120812742,2814800
1993-08-02,4.124077796936035,4.151943187455873,4.0822797111562785,4.138010492195955,3802400
1993-08-03,4.082279205322266,4.138009979456358,4.082279205322266,4.124077285922835,2195600
1993-08-04,4.110146999359131,4.15194510443736,4.068348894280902,4.082281595973646,1874000
1993-08-05,4.082279205322266,4.151942672989882,4.068346511788743,4.124077285922835,3159600
1993-08-06,4.221606254577637,4.221606254577637,4.0822793154826655,4.096212009392162,1455200
1993-08-09,4.291272163391113,4.305204865220305,4.221608654245154,4.235541356074346,3102400
1993-08-10,4.263403415679932,4.305201488382676,4.221605342977187,4.291268797481761,1909600
1993-08-11,4.151943206787109,4.27733746471021,4.151943206787109,4.235539378735843,1448800
1993-08-12,4.151943206787109,4.207673988086265,4.1240778161375315,4.151943206787109,1400400
1993-08-13,4.110146999359131,4.179810507822845,4.068348894280902,4.15194510443736,2741600
1993-08-16,4.096214771270752,4.138012881181678,4.08228206796711,4.124080177878036,4885600
1993-08-17,4.068346977233887,4.138010452871454,4.068346977233887,4.110145062616427,2332000
1993-08-18,4.110146999359131,4.179810507822845,4.096214297666388,4.096214297666388,3104000
1993-08-19,4.082279205322266,4.138009979456358,4.082279205322266,4.124077285922835,1936400
1993-08-20,4.124077796936035,4.165875882715793,4.0822797111562785,4.0822797111562785,3114400
1993-08-23,4.179808139801025,4.193740833600362,4.110144670804342,4.124077364603679,3746400
1993-08-24,4.388801097869873,4.416666501665873,4.179810569399879,4.179810569399879,6818000
1993-08-25,4.360934257507324,4.486328533282295,4.291270770965673,4.374866954815654,6425200
1993-08-26,4.3581414222717285,4.414015030249571,4.274331010304964,4.330204618282807,2404400
1993-08-27,4.274328231811523,4.316233410554774,4.232423053068273,4.316233410554774,2082000
1993-08-30,4.414015769958496,4.483857791635055,4.246394917934756,4.246394917934756,3517200
1993-08-31,4.344172477722168,4.455919679721452,4.330204077472257,4.414014478971721,2750800
1993-09-01,4.400047302246094,4.4279841105143225,4.260363260904947,4.302268473307292,4567200
1993-09-02,4.4559173583984375,4.469885751371473,4.400043786506294,4.41401217947933,3895200
1993-09-03,4.400047302246094,4.441952514648437,4.400047302246094,4.441952514648437,1690400
1993-09-07,4.3581414222717285,4.483857040221874,4.3581414222717285,4.414015030249571,3728000
1993-09-08,4.274328231811523,4.372106982212441,4.190517874325023,4.358138589298024,1824400
1993-09-09,4.3022685050964355,4.330205313571088,4.232426483909805,4.246394888147131,2077200
1993-09-10,4.3581414222717285,4.38607822626065,4.302267814293886,4.316236216288346,1771200
1993-09-13,4.414015769958496,4.427984174293808,4.386078961287873,4.386078961287873,2038400
1993-09-14,4.330202579498291,4.3721077657515,4.316234184080555,4.358139370333764,2008000
1993-09-15,4.3581414222717285,4.3721098242661895,4.232425804321583,4.302267814293886,2201600
1993-09-16,4.525759696960449,4.567664879339713,4.330202179190553,4.3721073615698165,3288000
1993-09-17,4.6095709800720215,4.63750777389064,4.525760598616166,4.525760598616166,4284800
1993-09-20,4.777194023132324,4.819099233861555,4.651478390944631,4.721320408826683,5114400
1993-09-21,4.777194023132324,4.930846462472838,4.777194023132324,4.791162426708734,8490800
1993-09-22,4.986718654632568,5.140371050153459,4.833066259111677,4.833066259111677,10200000
1993-09-23,5.000687599182129,5.04259280252723,4.916877192491926,4.986719198067095,4121200
1993-09-24,4.930842876434326,4.9867164501049706,4.874969302763683,4.972748056687309,2685200
1993-09-27,4.874971866607666,4.958782271191179,4.8330666643159095,4.930845469663342,3193600
1993-09-28,4.902906894683838,5.028622456085987,4.8610017075497876,4.8610017075497876,3301600
1993-09-29,4.874971866607666,4.958782271191179,4.8330666643159095,4.902908668135503,1548800
1993-09-30,4.916875839233398,4.958781031045047,4.819097058339552,4.902907441962849,2790000
1993-10-01,5.000687599182129,5.014656000297163,4.874971989146824,4.888940390261858,2101200
1993-10-04,5.028623580932617,5.042591979768541,4.972749985588921,4.972749985588921,2462000
1993-10-05,5.168308734893799,5.196245538866197,5.014656313045604,5.028624715031804,3352800
1993-10-06,5.112435817718506,5.1683094332126975,5.070530606097862,5.126404221592054,2213200
1993-10-07,5.028623580932617,5.098465575112237,4.9867183844248455,5.0844971762763125,1516400
1993-10-08,4.9448137283325195,5.042592530870168,4.874971726519913,5.028624130507647,2572400
1993-10-11,4.930842876434326,4.9867164501049706,4.916874483016666,4.958779663269648,1091200
1993-10-12,5.000687599182129,5.014656000297163,4.93084559360696,4.93084559360696,2398400
1993-10-13,5.0146565437316895,5.084498556875585,5.00068814110291,5.028624946360468,1058400
1993-10-14,4.9587812423706055,5.000686435968103,4.902907650907275,4.98671803810227,2980000
1993-10-15,4.888937473297119,5.000684615543911,4.888937473297119,4.972747829982213,1459200
1993-10-18,4.693381309509277,4.833065277054196,4.623539325736818,4.777191690036228,3570800
1993-10-19,4.5117950439453125,4.707352723868638,4.441953015401268,4.707352723868638,4790800
1993-10-20,4.427981853485107,4.623539411683188,4.414013456470959,4.609571014669039,4976800
1993-10-21,4.581637859344482,4.609574675559998,4.497827410697937,4.525764226913452,3561200
1993-10-22,4.623541831970215,4.651478640622603,4.5397314060130505,4.581636618991633,2492000
1993-10-25,4.483858585357666,4.595605839821408,4.483858585357666,4.581637433013441,3036800
1993-10-26,4.4559173583984375,4.48385414434451,4.400043786506294,4.469885751371473,4318400
1993-10-27,4.483858585357666,4.483858585357666,4.441953364933762,4.45592177174173,1407200
1993-10-28,4.539730548858643,4.567667352236234,4.511793745481051,4.525762147169846,2598400
1993-10-29,4.595604419708252,4.609572822199766,4.553699212233709,4.553699212233709,2740000
1993-11-01,4.5117950439453125,4.581637072489357,4.455921421110077,4.581637072489357,1872400
1993-11-02,4.469889163970947,4.511794374883174,4.455920760333538,4.497825971245765,2119200
1993-11-03,4.330202579498291,4.483854929093392,4.316234184080555,4.455918138257919,6329600
1993-11-04,4.274328231811523,4.427980553870108,4.260359838897107,4.3302018034691905,2167200
1993-11-05,4.246394157409668,4.3022677647440055,4.176552148241746,4.3022677647440055,3544400
1993-11-08,4.316235542297363,4.3860775413636635,4.260361943044323,4.274330342857583,1255200
1993-11-09,4.400047302246094,4.469889322916666,4.35814208984375,4.414015706380208,1950800
1993-11-10,4.316235542297363,4.4000459411769235,4.302267142484103,4.4000459411769235,1460000
1993-11-11,4.330202579498291,4.400044556586973,4.330202579498291,4.330202579498291,1154000
1993-11-12,4.3581414222717285,4.3581414222717285,4.246394206316043,4.330204618282807,1465200
1993-11-15,4.274328231811523,4.414012160955691,4.24639144598269,4.414012160955691,4235200
1993-11-16,4.246394157409668,4.274330961076837,4.19052055007533,4.274330961076837,2366000
1993-11-17,4.274328231811523,4.28829662472594,4.20448626723944,4.260359838897107,1974400
1993-11-18,4.246394157409668,4.274330961076837,4.218457353742499,4.274330961076837,1669600
1993-11-19,4.064804553985596,4.218456959806357,4.0089309518689555,4.218456959806357,5000000
1993-11-22,3.939087152481079,4.1067078823738905,3.9111503641656102,4.1067078823738905,4182800
1993-11-23,4.190519332885742,4.204487730662028,4.0089301617940265,4.078772150675456,4702800
1993-11-24,4.187718868255615,4.271753360595193,4.173713119532352,4.215730365702141,1054800
1993-11-26,4.173711776733398,4.215729009385077,4.173711776733398,4.187717520950625,176400
1993-11-29,4.243740558624268,4.313769280713777,4.2157290697884635,4.229734814206366,1646000
1993-11-30,4.257746696472168,4.313769679320486,4.243740950760088,4.257746696472168,627600
1993-12-01,4.35578727722168,4.397804517837966,4.285758542861203,4.285758542861203,1564000
1993-12-02,4.299762725830078,4.397802918275715,4.299762725830078,4.369791434719819,964800
1993-12-03,4.35578727722168,4.3697930240937755,4.313770036605393,4.327775783477489,1354000
1993-12-06,4.369792938232422,4.411810178023118,4.369792938232422,4.383798684829321,1015600
1993-12-07,4.313771724700928,4.383800486465553,4.313771724700928,4.383800486465553,1233200
1993-12-08,4.271751403808594,4.32777437303887,4.243739919193455,4.285757146116163,2288000
1993-12-09,4.35578727722168,4.3697930240937755,4.271752795989107,4.299764289733298,1504800
1993-12-10,4.341782093048096,4.369793590422599,4.201724606175577,4.369793590422599,2662000
1993-12-13,4.383798599243164,4.383798599243164,4.271752628655479,4.28575837497894,2009600
1993-12-14,4.341782093048096,4.397805087797104,4.327776344360844,4.383799339109852,2422800
1993-12-15,4.271751403808594,4.271751403808594,4.215728434578317,4.2577456615010245,2239600
1993-12-16,4.229735851287842,4.271753094843682,4.187718607732003,4.271753094843682,1680400
1993-12-17,4.257746696472168,4.299763933608406,4.243740950760088,4.257746696472168,1261600
1993-12-20,4.257746696472168,4.271752442184248,4.20172371362385,4.257746696472168,1184000
1993-12-21,4.229735851287842,4.271753094843682,4.187718607732003,4.257747346991735,1306400
1993-12-22,4.271751403808594,4.299762888423732,4.201722692270748,4.2577456615010245,2139600
1993-12-23,4.229735851287842,4.299764590547574,4.215730103435895,4.257747346991735,1497200
1993-12-27,4.145702362060547,4.229736869399612,4.117690859614192,4.229736869399612,2122400
1993-12-28,4.047661781311035,4.159707782177777,3.9496215305526365,4.145702032069434,2985600
1993-12-29,3.9636247158050537,4.075670644167034,3.9496189747598063,4.075670644167034,2452800
1993-12-30,3.935615301132202,3.991638294742625,3.8935980559243855,3.9356153011322026,3285200
1993-12-31,3.879591941833496,3.9636264243280843,3.879591941833496,3.9356149301632217,1700800
1994-01-03,3.9216086864471436,3.9636259223733625,3.865585705212184,3.893597195829664,3084400
1994-01-04,3.935615301132202,3.9776325463400193,3.907603804326991,3.921609552729597,1807600
1994-01-05,3.9076030254364014,3.9636260078799337,3.893597279825518,3.9216087710472842,3308000
1994-01-06,3.9076030254364014,3.9636260078799337,3.8375742973819853,3.9356145166581675,3354400
1994-01-07,4.033656120300293,4.075673371553421,3.921610116958618,3.921610116958618,3464000
1994-01-10,4.061665058135986,4.075670799715765,3.99163635023709,4.0336535749764275,2586400
1994-01-11,4.159706115722656,4.187717604717421,4.07567164873836,4.07567164873836,2341200
1994-01-12,4.271751403808594,4.285757146116163,4.117688238425333,4.15970546534804,2368400
1994-01-13,4.341782093048096,4.3557878417353475,4.2297361035500805,4.257747600924584,2355200
1994-01-14,4.425816059112549,4.453827553157565,4.341781576977501,4.341781576977501,2729600
1994-01-17,4.35578727722168,4.397804517837966,4.35578727722168,4.397804517837966,1247600
1994-01-18,4.369792938232422,4.411810178023118,4.327775698441726,4.355787191635523,1418000
1994-01-19,4.313771724700928,4.425817743524329,4.257748715289227,4.355788981759703,1691600
1994-01-20,4.369792938232422,4.369792938232422,4.2437412188603325,4.299764205247928,1925200
1994-01-21,4.299762725830078,4.4538258853875075,4.299762725830078,4.397802918275715,2131200
1994-01-24,4.299762725830078,4.327774209385974,4.257745500496234,4.271751242274182,2269200
1994-01-25,4.229735851287842,4.285758842695628,4.215730103435895,4.271753094843682,2038800
1994-01-26,4.271751403808594,4.299762888423732,4.201722692270748,4.215728434578317,1469200
1994-01-27,4.327776908874512,4.341782659388668,4.257748156303727,4.285759657332041,3628400
1994-01-28,4.327776908874512,4.425817162473611,4.313771158360355,4.327776908874512,2672800
1994-01-31,4.299762725830078,4.327774209385974,4.271751242274182,4.327774209385974,2415200
1994-02-01,4.313771724700928,4.355788981759703,4.285760219995078,4.313771724700928,1524000
1994-02-02,4.313771724700928,4.3417832294067775,4.271754467642152,4.285760219995078,877600
1994-02-03,4.299762725830078,4.299762725830078,4.243739758718285,4.28575698405213,856400
1994-02-04,4.159706115722656,4.299763560696483,4.145700371225273,4.271752071701718,1754000
1994-02-07,4.047661781311035,4.061667531419378,4.01965028109435,4.01965028109435,3762400
1994-02-08,4.00564432144165,4.03365582019299,3.9356155745633,4.03365582019299,5174400
1994-02-09,4.061665058135986,4.075670799715765,3.9776306086573108,4.00564209181687,2845200
1994-02-10,4.00564432144165,4.06166731894433,3.99163857206598,4.04766156956866,1112000
1994-02-11,4.019651412963867,4.047662921068145,3.991639904859589,3.991639904859589,1064400
1994-02-14,3.991637945175171,4.07567242823149,3.977632197999118,4.019649439527278,4587200
1994-02-15,3.89359712600708,3.9916373414101365,3.8935971260070805,3.9636258512949776,3065600
1994-02-16,3.89359712600708,3.921608616122239,3.7955569106040246,3.8655856358919216,5844800
1994-02-17,3.935615301132202,3.991638294742625,3.921609552729597,3.949621049534808,3453600
1994-02-18,3.935615301132202,3.9776325463400193,3.907603804326991,3.949621049534808,1518000
1994-02-22,3.89359712600708,3.949620106237398,3.879591380949501,3.921608616122239,817200
1994-02-23,3.893596649169922,3.9217092603552643,3.809258815613895,3.907652954762593,2681600
1994-02-24,3.893596649169922,3.963878177133278,3.823315121206566,3.8373714267992374,5093200
1994-02-25,3.9779341220855713,3.9779341220855713,3.8654836875389824,3.89359629617563,2574000
1994-02-28,4.048218250274658,4.062274563643667,3.977936683429612,3.977936683429612,2453200
1994-03-01,4.00604772567749,4.048216649105674,3.977935110058701,4.048216649105674,3234400
1994-03-02,3.963878870010376,3.977935178060058,3.8795410217122828,3.9357662539110114,2142000
1994-03-03,3.991990804672241,4.006047110322496,3.949821887721478,3.9638781933717326,1716800
1994-03-04,3.8514301776885986,3.9919933228597153,3.8514301776885986,3.9919933228597153,4019600
1994-03-07,3.795203447341919,3.879541301727295,3.7811471382776896,3.879541301727295,2742400
1994-03-08,3.823317766189575,3.879543027457069,3.7952051355558285,3.823317766189575,2618800
1994-03-09,3.8514301776885986,3.86548649220571,3.823317548654375,3.8373738631714867,3179600
1994-03-10,3.8373701572418213,3.865482759126377,3.8233138562995435,3.851426458184099,1029600
1994-03-11,3.963878870010376,3.963878870010376,3.823315789513554,3.851428405612918,2287600
1994-03-14,4.048218250274658,4.076330877012677,3.991992996798621,4.00604931016763,2358400
1994-03-15,4.090387344360352,4.1606689138510795,4.076331030462206,4.090387344360352,3789600
1994-03-16,4.048218250274658,4.090387190381686,4.02010562353664,4.090387190381686,3415200
1994-03-17,4.090387344360352,4.104443658258497,4.048218402665915,4.06227471656406,1375200
1994-03-18,4.02010440826416,4.0622733356235745,4.006048099144356,4.0622733356235745,2888000
1994-03-21,4.034160614013672,4.048216922773301,3.9919916877347834,4.020104305254042,829600
1994-03-22,4.034160614013672,4.07632954029256,4.006047996494413,4.006047996494413,1168800
1994-03-23,4.118500232696533,4.132556547483893,4.048218658759732,4.048218658759732,1360000
1994-03-24,4.048218250274658,4.104443503750695,4.00604931016763,4.090387190381686,896400
1994-03-25,3.9779341220855713,4.048215643677189,3.9779341220855713,4.034159339358865,745200
1994-03-28,3.823317766189575,3.977937234675183,3.809261450872702,3.977937234675183,2742400
1994-03-29,3.795203447341919,3.879541301727295,3.7249219020207724,3.837372374534607,2925200
1994-03-30,3.6405842304229736,3.823316257432621,3.598415301113055,3.7952036378926755,4060400
1994-03-31,3.668696880340576,3.7108658099996634,3.5562464012496773,3.668696880340576,2400000
1994-04-04,3.626528024673462,3.640584334846615,3.542190163634544,3.556246473807697,2350800
1994-04-05,3.823317766189575,3.823317766189575,3.6686982977039677,3.682754613020841,3237200
1994-04-06,3.8654839992523193,3.879540304704146,3.7811461665413595,3.8233150828968396,2823200
1994-04-07,3.907654285430908,3.907654285430908,3.851429043913917,3.851429043913917,2196400
1994-04-08,3.9217100143432617,3.949822630933536,3.865484781162713,3.87954108945785,2154800
1994-04-11,3.907654285430908,3.9498232165686518,3.851429043913917,3.8935979750516605,1029600
1994-04-12,3.8654839992523193,3.9357655265114526,3.8654839992523193,3.9357655265114526,1371600
1994-04-13,3.7811484336853027,3.8935989447242707,3.7389794920456896,3.8795426308443997,3199600
1994-04-14,3.7811484336853027,3.809261061445045,3.7389794920456896,3.7670921198054317,1372000
1994-04-15,3.7530364990234375,3.8092617649264104,3.738980182547694,3.781149131974924,929600
1994-04-18,3.8373701572418213,3.851426458184099,3.7811449534727104,3.809257555357266,1308800
1994-04-19,3.795203447341919,3.8654849926630654,3.76709082921346,3.8654849926630654,1125600
1994-04-20,4.02010440826416,4.034160717383965,3.8935976261859175,3.907653935305722,3766000
1994-04-21,4.034160614013672,4.104442157811819,4.020104305254042,4.07632954029256,4819200
1994-04-22,4.202836036682129,4.216892344497119,4.034160342902244,4.034160342902244,3114000
1994-04-25,4.287175178527832,4.301231490588579,4.20283730616335,4.2168936182240975,2624000
1994-04-26,4.188778877258301,4.301229316916242,4.188778877258301,4.301229316916242,1857200
1994-04-28,4.216892242431641,4.259061164855957,4.202835934956869,4.2450048573811845,2180000
1994-04-29,4.230949401855469,4.259062022465804,4.174724160634798,4.188780470939966,2211600
1994-05-02,4.287175178527832,4.315287802649326,4.188780994102603,4.230949930284844,2479600
1994-05-03,4.399624347686768,4.399624347686768,4.301230192946169,4.301230192946169,1884800
1994-05-04,4.329343795776367,4.3855690398773595,4.287174862700623,4.371512728852111,1360400
1994-05-05,4.329343795776367,4.3434001068016155,4.3012311737258715,4.3434001068016155,1105600
1994-05-06,4.273119926452637,4.30123255754772,4.230950979810012,4.30123255754772,1305200
1994-05-09,4.216892242431641,4.2450048573811845,4.188779627482097,4.2450048573811845,1134400
1994-05-10,4.287175178527832,4.315287802649326,4.245006242345591,4.273118866467085,1782800
1994-05-11,4.188778877258301,4.301229316916242,4.174722572301058,4.259060402044514,1634000
1994-05-12,4.301231861114502,4.315288174386118,4.245006608028038,4.259062921299654,1675200
1994-05-13,4.413681983947754,4.427738295998543,4.3012314875414415,4.32934411164302,4044800
1994-05-16,4.371512413024902,4.399625033044355,4.3433997930054495,4.385568723034629,1965200
1994-05-17,4.357455730438232,4.399624656861828,4.329343112822502,4.343399421630367,1139200
1994-05-18,4.441794395446777,4.498019640958762,4.357456527178801,4.357456527178801,2313200
1994-05-19,4.455850601196289,4.483963223285856,4.4136816680619395,4.4136816680619395,1542400
1994-05-20,4.385568618774414,4.44179385747665,4.371512309098855,4.44179385747665,1257200
1994-05-23,4.441794395446777,4.498019640958762,4.385569149934793,4.4136817726907855,2149600
1994-05-24,4.568302154541016,4.596414783184345,4.469907954289363,4.469907954289363,2170400
1994-05-25,4.526000499725342,4.58239925984653,4.469601739604154,4.554199879785935,1364400
1994-05-26,4.497802734375,4.5401018196512535,4.483703039282915,4.5401018196512535,833200
1994-05-27,4.51190185546875,4.51190185546875,4.469602775573731,4.4978021621704105,715200
1994-05-31,4.399105072021484,4.483703246483436,4.370905680534167,4.483703246483436,1198000
1994-06-01,4.427305221557617,4.441404919715444,4.314507636295002,4.385006127084137,2056000
1994-06-02,4.427305221557617,4.441404919715444,4.385006127084137,4.399105825241963,1629200
1994-06-03,4.427305221557617,4.441404919715444,4.399105825241963,4.441404919715444,1495600
1994-06-06,4.356804847717285,4.441403000100145,4.342705155653475,4.427303308036335,1373200
1994-06-07,4.342704772949219,4.342704772949219,4.3004057004854275,4.328605082127955,1347600
1994-06-08,4.469603061676025,4.497802450077767,4.385004896470801,4.399104590671672,1532800
1994-06-09,4.455503463745117,4.4696031582506395,4.413204380228549,4.455503463745117,1332800
1994-06-10,4.526000499725342,4.540100189755639,4.469601739604154,4.469601739604154,1387200
1994-06-13,4.483702182769775,4.554200644763011,4.483702182769775,4.526001259965717,1654000
1994-06-14,4.554200649261475,4.568300341674049,4.497801879611178,4.511901572023752,1744400
1994-06-15,4.596502304077148,4.624701704715658,4.554203203119383,4.554203203119383,1490000
1994-06-16,4.526000499725342,4.5964989498768265,4.526000499725342,4.58239925984653,1086800
1994-06-17,4.469603061676025,4.568300921082121,4.469603061676025,4.568300921082121,1824400
1994-06-20,4.356804847717285,4.413203615972525,4.356804847717285,4.413203615972525,815600
1994-06-21,4.229907989501953,4.370904922485352,4.187608909606934,4.356805229187012,2176800
1994-06-22,4.300405979156494,4.300405979156494,4.244007212216737,4.244007212216737,1201200
1994-06-23,4.173510551452637,4.356806622969137,4.173510551452637,4.314507529542253,1044400
1994-06-24,4.018412113189697,4.173508721067194,3.9902127299392434,4.173508721067194,3247600
1994-06-27,4.215808868408203,4.215808868408203,4.00431344022719,4.018413135439257,1276400
1994-06-28,4.131208896636963,4.244006409173125,4.131208896636963,4.173507963838024,1183200
1994-06-29,4.229907989501953,4.2722070693969725,4.159409523010254,4.159409523010254,1206400
1994-06-30,4.229907989501953,4.2722070693969725,4.187608909606934,4.2722070693969725,1356800
1994-07-01,4.314507007598877,4.328606703702141,4.25810822318582,4.2863076153923485,956000
1994-07-05,4.229907989501953,4.286306762695313,4.215808296203614,4.286306762695313,1002400
1994-07-06,4.173510551452637,4.20170994707056,4.1453111558347135,4.20170994707056,860400
1994-07-07,4.103011608123779,4.201709481858716,4.060712519380235,4.1735100893630195,1506400
1994-07-08,4.20170783996582,4.20170783996582,4.088910314060698,4.088910314060698,1607200
1994-07-11,4.215808868408203,4.2299085636202705,4.173509782772,4.187609477984068,1150400
1994-07-12,4.173510551452637,4.244009040497445,4.173510551452637,4.2158096448795215,522400
1994-07-13,4.229907989501953,4.2722070693969725,4.173509216308594,4.187608909606934,1022000
1994-07-14,4.328605651855469,4.356805037209576,4.244007495793147,4.258107188470201,1047600
1994-07-15,4.342704772949219,4.356804463770483,4.328605082127955,4.356804463770483,1194000
1994-07-18,4.399105072021484,4.4273044635088015,4.314506897559533,4.328606593303191,1645600
1994-07-19,4.399105072021484,4.399105072021484,4.314506897559533,4.399105072021484,2210000
1994-07-20,4.328605651855469,4.413203807917791,4.272206881147254,4.399104115240737,1676000
1994-07-21,4.441405773162842,4.469605174897209,4.3568075679597404,4.427306072295658,4343200
1994-07-22,4.497802734375,4.526002124559169,4.427304258914576,4.441403954006661,2160000
1994-07-25,4.582400798797607,4.61060018832867,4.497802630204421,4.497802630204421,1332800
1994-07-26,4.540101051330566,4.5683004367425575,4.511901665918575,4.554200744036562,875600
1994-07-27,4.469603061676025,4.526001838479509,4.441403673274284,4.526001838479509,2086400
1994-07-28,4.455503463745117,4.455503463745117,4.385004991217505,4.441403769239595,1050000
1994-07-29,4.526000499725342,4.568299569816233,4.455502049573856,4.455502049573856,1412000
1994-08-01,4.582400798797607,4.582400798797607,4.48370293543889,4.526002019735483,804400
1994-08-02,4.483702182769775,4.6105994143575995,4.483702182769775,4.582400029560305,1176000
1994-08-03,4.483702182769775,4.51190156756707,4.455502797972481,4.483702182769775,622800
1994-08-04,4.497802734375,4.511902429467084,4.455503649098746,4.469603344190831,920800
1994-08-05,4.455503463745117,4.483702852756162,4.427304074734072,4.4696031582506395,1311600
1994-08-08,4.469603061676025,4.511902144278638,4.4555033674751545,4.4555033674751545,1162000
1994-08-09,4.526000499725342,4.526000499725342,4.469601739604154,4.469601739604154,1492000
1994-08-10,4.483702182769775,4.526001259965717,4.483702182769775,4.51190156756707,955600
1994-08-11,4.526000499725342,4.540100189755639,4.455502049573856,4.483701429634451,1382800
1994-08-12,4.540101051330566,4.582400129448553,4.511901665918575,4.511901665918575,1012400
1994-08-15,4.51190185546875,4.56830062866211,4.4978021621704105,4.56830062866211,1085600
1994-08-16,4.469603061676025,4.540101532680379,4.441403673274284,4.540101532680379,2108000
1994-08-17,4.483702182769775,4.497801875168423,4.441403105573834,4.483702182769775,1330800
1994-08-18,4.455503463745117,4.483702852756162,4.413204380228549,4.441403769239595,1441600
1994-08-19,4.441405773162842,4.469605174897209,4.413206371428474,4.469605174897209,1214000
1994-08-22,4.483702182769775,4.51190156756707,4.41320372077654,4.441403105573834,760400
1994-08-23,4.526000499725342,4.568299569816233,4.511900809695045,4.511900809695045,992000
1994-08-24,4.582400798797607,4.596500493563139,4.469603240673359,4.526002019735483,1183600
1994-08-25,4.526000499725342,4.652897709998014,4.483701429634451,4.610598639907124,1778400
1994-08-26,4.582577228546143,4.6108647423026,4.511858444154998,4.5260022010332275,1598400
1994-08-29,4.681582450866699,4.709869958122692,4.596719929098723,4.610863682726719,2714000
1994-08-30,4.879594802856445,4.879594802856445,4.610863494873047,4.6532947540283205,2480000
1994-08-31,4.823018550872803,4.865449799120951,4.794731052040705,4.851306049704902,2494800
1994-09-01,4.823018550872803,4.823018550872803,4.752299803792557,4.794731052040705,810800
1994-09-02,4.79473352432251,4.837164794449257,4.72401474077793,4.823021037740341,857200
1994-09-06,4.738157272338867,4.794732284545899,4.7240135192871096,4.794732284545899,535200
1994-09-07,4.709869861602783,4.738157368279076,4.667438601588343,4.7240136149409295,697600
1994-09-08,4.79473352432251,4.8088772810314255,4.72401474077793,4.738158497486846,923600
1994-09-09,4.738157272338867,4.7664447784423825,4.681582260131836,4.738157272338867,1307200
1994-09-12,4.709869861602783,4.7240136149409295,4.68158235492649,4.709869861602783,576800
1994-09-13,4.766444206237793,4.780587957591614,4.709869200822507,4.724012952176329,1131600
1994-09-14,4.79473352432251,4.823021037740341,4.72401474077793,4.766446010904677,687200
1994-09-15,4.837164878845215,4.837164878845215,4.794733607978151,4.808877364933839,1382400
1994-09-16,4.780590534210205,4.823021811141065,4.752303016256299,4.823021811141065,2897200
1994-09-19,4.8088765144348145,4.823020268889035,4.766445251072154,4.766445251072154,732400
1994-09-20,4.709869861602783,4.780588628293516,4.695726108264637,4.780588628293516,1996800
1994-09-21,4.582577228546143,4.6815835266937444,4.455283416642083,4.6815835266937444,3128400
1994-09-22,4.497715950012207,4.610866036804967,4.483572189163112,4.596722275955872,2096400
1994-09-23,4.356276988983154,4.497714553560529,4.271414450236729,4.497714553560529,2083200
1994-09-26,4.285559177398682,4.313846696721446,4.2714154177373,4.2714154177373,1010800
1994-09-27,4.327988624572754,4.327988624572754,4.257269856197382,4.271413609872456,1286800
1994-09-28,4.285559177398682,4.327990456382827,4.2714154177373,4.313846696721446,1471600
1994-09-29,4.313843250274658,4.313843250274658,4.257268256828433,4.2714120051899895,2052800
1994-09-30,4.257269382476807,4.327988142983066,4.257269382476807,4.299700638780562,1368800
1994-10-03,4.17240571975708,4.285555705377611,4.17240571975708,4.271411957175045,1445200
1994-10-04,4.101688385009766,4.186550903320312,4.059257125854492,4.172407150268555,3627200
1994-10-05,4.002684116363525,4.087546677134483,3.9743965961065393,4.087546677134483,3558800
1994-10-06,3.9461073875427246,4.0168261579287945,3.9319636334655104,4.0168261579287945,2522000
1994-10-07,3.9461073875427246,3.9743948956971527,3.9178198793882966,3.9461073875427246,2904800
1994-10-10,4.045111179351807,4.059254924734156,3.974392452440062,3.974392452440062,1328800
1994-10-11,4.002684116363525,4.087546677134483,4.002684116363525,4.059259156877498,1624800
1994-10-12,4.045111179351807,4.087542415498854,3.9885361978224108,4.00267994320476,1892800
1994-10-13,4.087545394897461,4.144120417664208,4.087545394897461,4.101689150589148,1533600
1994-10-14,4.129977226257324,4.129977226257324,4.05925843813648,4.087545953384817,3315600
1994-10-17,4.144118785858154,4.17240628610292,4.115831285613389,4.115831285613389,2268400
1994-10-18,4.17240571975708,4.17240571975708,4.101686978744248,4.158261971554514,2057200
1994-10-19,4.214838981628418,4.243126491572233,4.144120206768881,4.158263961740788,1763600
1994-10-20,4.059258460998535,4.200696038036812,4.03097094559088,4.200696038036812,1459200
1994-10-21,4.0168280601501465,4.045115581700499,3.931965495499087,4.045115581700499,1985200
1994-10-24,4.073401927947998,4.087545684642262,4.016826901170942,4.016826901170942,1451200
1994-10-25,4.002684116363525,4.059259156877498,3.946109075849553,4.016827876492018,1675600
1994-10-26,4.129977226257324,4.144120983881493,4.030970922888142,4.030970922888142,1329600
1994-10-27,4.2714128494262695,4.2714128494262695,4.1441190890129045,4.158262840169945,1963600
1994-10-28,4.4552836418151855,4.483571157001314,4.243127277919224,4.2572710355122885,2875600
1994-10-31,4.370419979095459,4.45528250296139,4.356276225117804,4.42699499500608,1710400
1994-11-01,4.327988624572754,4.370419885597977,4.299701117222606,4.356276131922903,1290000
1994-11-02,4.2714128494262695,4.370419107525554,4.2714128494262695,4.327987854054432,1272000
1994-11-03,4.2714128494262695,4.285556600583311,4.2289815959551476,4.2714128494262695,1746400
1994-11-04,4.129977226257324,4.2855585601231825,4.115833468633155,4.2572710448748445,673600
1994-11-07,4.200694561004639,4.200694561004639,4.087544539159396,4.1582633028126725,1596000
1994-11-08,4.228983402252197,4.285558431044868,4.200695887855861,4.200695887855861,852800
1994-11-09,4.243125915527344,4.356275939941406,4.228982162475586,4.271413421630859,1218400
1994-11-10,4.200694561004639,4.285557077388571,4.1582633028126725,4.25726957192726,1262800
1994-11-11,4.144118785858154,4.186550036225302,4.101687535491006,4.17240628610292,823200
1994-11-14,4.257269382476807,4.257269382476807,4.158263117768044,4.172406869869295,706000
1994-11-15,4.257269382476807,4.271413134578059,4.214838126173051,4.228981878274303,905200
1994-11-16,4.144118785858154,4.243125036714834,4.144118785858154,4.243125036714834,622400
1994-11-17,4.045111179351807,4.158261142410598,4.030967433969458,4.158261142410598,1628800
1994-11-18,3.988539457321167,4.059258242025443,3.946108186498601,4.0451144850845875,1938000
1994-11-21,3.9178192615509033,4.030969276324936,3.9178192615509033,4.0168255244781825,1383600
1994-11-22,3.8471031188964844,3.946109449162203,3.8471031188964844,3.9036781647626095,1074800
1994-11-23,3.8895318508148193,3.9036756029996007,3.790525585521351,3.861244346445257,3379600
1994-11-25,3.9321177005767822,3.946313071336987,3.9037269590563723,3.917922329816577,570800
1994-11-28,3.946314573287964,3.9605099494508704,3.903728444799245,3.917923820962151,1498800
1994-11-29,3.9037275314331055,3.94631364995783,3.8611414129083808,3.9179229042746804,1008400
1994-11-30,3.974703550338745,4.01728965980666,3.8895313314029147,3.93211744087083,1854000
1994-12-01,3.9605093002319336,3.988900047903847,3.946313926395977,3.9747046740678904,1490000
1994-12-02,3.988903284072876,4.003098669425449,3.960512513367731,3.9747078987203035,1072400
1994-12-05,3.91792368888855,4.03148669436358,3.9037283132041707,4.003095942994823,1390400
1994-12-06,3.9037275314331055,3.97470439564098,3.8895321585915306,3.8895321585915306,886000
1994-12-07,3.733384132385254,3.846947147819026,3.7049933785268108,3.8327517708898045,2517200
1994-12-08,3.6624081134796143,3.7333850149036376,3.591431212055591,3.719189634618833,3586400
1994-12-09,3.6766016483306885,3.761773887288156,3.6340155288519544,3.6766016483306885,1995600
1994-12-12,3.6766016483306885,3.704992394649844,3.6482109020115323,3.6766016483306885,872800
1994-12-13,3.719188928604126,3.733384306194218,3.6766027958338494,3.6766027958338494,1685600
1994-12-14,3.832751750946045,3.8469471278014002,3.7333841129585545,3.7333841129585545,1053600
1994-12-15,3.818557024002075,3.889533920358991,3.804361644730692,3.889533920358991,991200
1994-12-16,3.818557024002075,3.875338541087608,3.790166265459309,3.818557024002075,2246400
1994-12-19,3.804360866546631,3.832751619282053,3.7901654901789192,3.804360866546631,1201600
1994-12-20,3.832751750946045,3.8469471278014002,3.8043609972353334,3.8043609972353334,3207600
1994-12-21,3.861142873764038,3.8895336301887733,3.8185567391269344,3.8185567391269344,2233200
1994-12-22,3.8469464778900146,3.889532601261491,3.832751103432856,3.8753372268043322,1407600
1994-12-23,3.8469464778900146,3.889532601261491,3.832751103432856,3.8611418523471737,624800
1994-12-27,3.8469464778900146,3.8611418523471737,3.8043603545185385,3.8469464778900146,1219200
1994-12-28,3.818557024002075,3.8469477825448415,3.804361644730692,3.8469477825448415,1117200
1994-12-29,3.790163993835449,3.8185547353623064,3.761773252308592,3.8185547353623064,1356400
1994-12-30,3.8469464778900146,3.90372797571865,3.79016498006138,3.79016498006138,1284400
1995-01-03,3.818557024002075,3.8611431618162246,3.804361644730692,3.8469477825448415,1840000
1995-01-04,3.9605093002319336,3.9605093002319336,3.818555561872366,3.8327509357083227,8996800
1995-01-05,3.9321177005767822,3.9747038128573973,3.889531588296167,3.960508442097192,1537600
1995-01-06,3.9037275314331055,3.9321182771162553,3.8753367857499557,3.9321182771162553,720400
1995-01-09,3.861142873764038,3.917924386613509,3.84694749555167,3.8895336301887733,3243600
1995-01-10,3.946314573287964,3.9747053256137765,3.861142316310526,3.861142316310526,2329600
1995-01-11,3.91792368888855,4.003095942994823,3.9037283132041707,3.974705191626065,1738400
1995-01-12,3.8753366470336914,3.932118136367518,3.8753366470336914,3.9179227640340613,1364400
1995-01-13,3.9321177005767822,3.960508442097192,3.875336217535962,3.946313071336987,2382800
1995-01-16,4.116658687591553,4.145049437161149,3.9321188153891726,3.9605095649587696,2592400
1995-01-17,4.045680999755859,4.102462487471731,4.017290255897923,4.102462487471731,1836400
1995-01-18,4.045680999755859,4.059876371684827,4.003094883968956,4.045680999755859,1004400
1995-01-19,3.974703550338745,4.045680399451937,3.974703550338745,4.031485029629298,1670400
1995-01-20,3.988903284072876,4.017294054778021,3.9747078987203035,4.003098669425449,1948000
1995-01-23,3.91792368888855,3.9889005673104436,3.889532937519792,3.974705191626065,3843600
1995-01-24,4.1024627685546875,4.1024627685546875,3.9179229208342345,3.932118293735808,3685200
1995-01-25,4.187633514404297,4.216024250095173,4.0456798359499135,4.102461307331667,3098400
1995-01-26,4.201831340789795,4.216026716941112,4.145049836184527,4.187635964638478,1698400
1995-01-27,4.343785285949707,4.343785285949707,4.201831518435011,4.21602689518648,2609600
1995-01-30,4.216026306152344,4.329589304297862,4.216026306152344,4.329589304297862,837600
1995-01-31,4.244418144226074,4.287004279452423,4.216027387408508,4.230222765817291,3363200
1995-02-01,4.343785285949707,4.400566792955585,4.23022227193795,4.258613025440889,2996000
1995-02-02,4.400565147399902,4.428955890286353,4.329588290183775,4.3437836616270005,2304800
1995-02-03,4.656081199645996,4.698667308179344,4.499932135023722,4.514127504534837,5558000
1995-02-06,4.585105895996094,4.613496644578113,4.514129024541046,4.613496644578113,4173200
1995-02-07,4.542519569396973,4.599301064014435,4.542519569396973,4.585105690360069,2118800
1995-02-08,4.556715965270996,4.556715965270996,4.499934457915594,4.556715965270996,1263600
1995-02-09,4.641887187957764,4.641887187957764,4.528324198649928,4.542519572313408,2458000
1995-02-10,4.556715965270996,4.613497472626398,4.514129834754445,4.5993020957875475,1665600
1995-02-13,4.49993371963501,4.542519843164678,4.47154297061523,4.542519843164678,1084400
1995-02-14,4.528323173522949,4.542518543972864,4.471541691723289,4.528323173522949,2782400
1995-02-15,4.656081199645996,4.670276569157112,4.4715413960014905,4.556713613068185,3400800
1995-02-16,4.627694129943848,4.684475653010643,4.613498749177149,4.656084891477245,2496800
1995-02-17,4.585105895996094,4.627692018869122,4.570910521705084,4.613496644578113,1544400
1995-02-21,4.542519569396973,4.599301064014435,4.5283241957426075,4.585105690360069,1872800
1995-02-22,4.585105895996094,4.641887393160132,4.528324398832055,4.542519773123065,2320800
1995-02-23,4.56059455871582,4.7458687126636505,4.546342700719833,4.617601990699768,8397600
1995-02-24,4.631850242614746,4.631850242614746,4.489331773611215,4.532087314312275,1674800
1995-02-27,4.517838001251221,4.617600985505979,4.517838001251221,4.617600985505979,1104800
1995-02-28,4.5748443603515625,4.603348063531323,4.4750813992224,4.4893332508122805,1689600
1995-03-01,4.674606800079346,4.674606800079346,4.56059200007741,4.574843850077652,1804000
1995-03-02,4.674606800079346,4.70311050007983,4.6389771750787405,4.674606800079346,6788400
1995-03-03,4.5748443603515625,4.674607321480725,4.517836953992042,4.674607321480725,1345200
1995-03-06,4.517838001251221,4.546341711038295,4.4893342914641465,4.546341711038295,848000
1995-03-07,4.503586292266846,4.51783814762212,4.460830726201021,4.503586292266846,2746800
1995-03-08,4.546341419219971,4.560593273198716,4.503585857283732,4.560593273198716,1242400
1995-03-09,4.589096546173096,4.617600251428829,4.532089135661629,4.532089135661629,3097200
1995-03-10,4.788620948791504,4.802872796853384,4.589095075925192,4.603346923987071,3340400
1995-03-13,4.85988187789917,4.888385583927904,4.788622612827335,4.788622612827335,3157200
1995-03-14,4.845631122589111,4.916890403803658,4.845631122589111,4.888386691317839,2685600
1995-03-15,4.888383865356445,4.888383865356445,4.774369081324808,4.788620929328763,1867200
1995-03-16,4.902639389038086,4.945394965105279,4.845631954281829,4.859883812970893,1302400
1995-03-17,4.888383865356445,4.945391257372264,4.888383865356445,4.93113940936831,2031200
1995-03-20,4.85988187789917,4.888385583927904,4.838504098377619,4.85988187789917,1376000
1995-03-21,4.760120391845703,4.831379679148783,4.745868534385087,4.831379679148783,2264400
1995-03-22,4.688858985900879,4.731614538963805,4.631851581816978,4.703110836921854,2892000
1995-03-23,4.688858985900879,4.703110836921854,4.631851581816978,4.660355283858928,1154800
1995-03-24,4.745865821838379,4.788621369782868,4.674606575264229,4.688858424579059,2073200
1995-03-27,4.788620948791504,4.788620948791504,4.717361708482107,4.7458654046058655,1380400
1995-03-28,4.717362403869629,4.774369804520622,4.703110553706881,4.774369804520622,1298000
1995-03-29,4.674606800079346,4.774369750081039,4.660354950079103,4.688858650079587,1721200
1995-03-30,4.589096546173096,4.70311136719603,4.546340988289495,4.688859514568163,3007600
1995-03-31,4.646107196807861,4.674610921941651,4.532092296272699,4.603351609107175,2102400
1995-04-03,4.617600440979004,4.660356000617699,4.560593028127411,4.646104147404801,1451600
1995-04-04,4.660355567932129,4.660355567932129,4.589096308483625,4.6176000122630265,1827200
1995-04-05,4.717362403869629,4.731614254032377,4.646103153055888,4.660355003218637,1138000
1995-04-06,4.845631122589111,4.845631122589111,4.731616272645838,4.731616272645838,1769200
1995-04-07,4.888383865356445,4.916887561364355,4.802872777332718,4.874132017352491,1569200
1995-04-10,4.831377029418945,4.8598807287075525,4.802873330130338,4.8598807287075525,676400
1995-04-11,4.8028717041015625,4.874130928198025,4.760116169643685,4.84562723855944,1142400
1995-04-12,5.045156955718994,5.05940881152611,4.831379118612257,4.845630974419373,2870800
1995-04-13,5.016650676727295,5.102161767807874,4.988146979700435,5.030902525240725,1608800
1995-04-17,4.902639389038086,5.073661693306856,4.831380095592765,5.045157975928728,1446400
1995-04-18,4.874133586883545,4.916889144663225,4.874133586883545,4.916889144663225,1069600
1995-04-19,4.9311418533325195,4.959645563467389,4.802875157725604,4.916889998265084,1436000
1995-04-20,5.002400875091553,5.045156438126523,4.8955119675041265,4.931141603366601,1588000
1995-04-21,5.016650676727295,5.059406222267585,4.959643282673576,5.030902525240725,1473200
1995-04-24,5.1306681632995605,5.1306681632995605,5.016653315226237,5.016653315226237,1800800
1995-04-25,4.959643840789795,5.1164141920791275,4.959643840789795,5.1164141920791275,1282400
1995-04-26,4.9311418533325195,4.959645563467389,4.874134433062779,4.959645563467389,1253600
1995-04-27,4.916888236999512,4.945391936924147,4.859880837150242,4.931140086961829,1374800
1995-04-28,4.831377029418945,4.945391826573375,4.817125179774641,4.931139976929071,1662800
1995-05-01,4.916888236999512,4.931140086961829,4.845628987187925,4.845628987187925,1965600
1995-05-02,4.945394039154053,4.973897751195286,4.845631047009735,4.845631047009735,951600
1995-05-03,5.087912082672119,5.116415791818741,4.945393536939006,4.959645391512318,2902400
1995-05-04,5.1306681632995605,5.25893486738205,5.102164451281229,5.1306681632995605,4264400
1995-05-05,5.201924800872803,5.201924800872803,5.116413708255715,5.159169254564259,1426000
1995-05-08,5.344443321228027,5.344443321228027,5.173421134948731,5.187672983805339,1823600
1995-05-09,5.2874369621276855,5.330192517077505,5.230429555527926,5.315940665427565,2464800
1995-05-10,5.244682312011719,5.330193436664084,5.230430457902991,5.315941582555356,2494800
1995-05-11,5.230429649353027,5.27318520506981,5.20192594554184,5.244681501258621,1457200
1995-05-12,5.330193519592285,5.330193519592285,5.216178684948599,5.230430539279061,1979600
1995-05-15,5.415701866149902,5.429953713166086,5.315938937036615,5.330190784052799,2020000
1995-05-16,5.415701866149902,5.4442055601822705,5.387198172117534,5.387198172117534,1387200
1995-05-17,5.429954528808594,5.486961925436505,5.401450830494638,5.4157026796516154,2808000
1995-05-18,5.330193519592285,5.401452791244588,5.315941665261824,5.387200936914128,2182800
1995-05-19,5.330193519592285,5.330193519592285,5.273186102270443,5.315941665261824,2814000
1995-05-22,5.330193519592285,5.358697228253206,5.3016898109313635,5.330193519592285,1012400
1995-05-23,5.344443321228027,5.372947018941244,5.287435925801596,5.344443321228027,1463200
1995-05-24,5.472714424133301,5.472714424133301,5.372951400776704,5.387203261256218,1122000
1995-05-25,5.333720684051514,5.46241635739324,5.333720684051514,5.46241635739324,1163600
1995-05-26,5.276523113250732,5.31942167514708,5.233624551354385,5.305122154514964,1486800
1995-05-30,5.23362398147583,5.290822057776112,5.219324462400759,5.276522538701042,862800
1995-05-31,5.4338154792785645,5.448114993697718,5.205023248572099,5.219322762991252,1383200
1995-06-01,5.376616477966309,5.448114037513733,5.333717942237854,5.405215501785278,1248800
1995-06-02,5.44811487197876,5.476713900178123,5.262221188682897,5.319419245081624,1684000
1995-06-05,5.462417125701904,5.491016168244847,5.4052190406160205,5.491016168244847,942000
1995-06-06,5.476714611053467,5.533912674876479,5.433816063186208,5.476714611053467,1340800
1995-06-07,5.390918731689453,5.462416327600454,5.3766192125072525,5.462416327600454,777200
1995-06-08,5.305120944976807,5.4338166013239535,5.290821427604902,5.390918049208238,613600
1995-06-09,5.190724849700928,5.276521954654663,5.176425332208639,5.276521954654663,1758800
1995-06-12,5.23362398147583,5.290822057776112,5.190725424250618,5.2050249433256885,1089600
1995-06-13,5.390918731689453,5.433817289236053,5.276522578231852,5.276522578231852,1126800
1995-06-14,5.362319469451904,5.37661898803711,5.333720432281494,5.37661898803711,350000
1995-06-15,5.276523113250732,5.362320237043427,5.233624551354385,5.348020716411312,570800
1995-06-16,5.2908220291137695,5.305121548111375,5.276522510116164,5.305121548111375,1464000
1995-06-19,5.31942081451416,5.3766188877885055,5.2765222595584005,5.2765222595584005,1192000
1995-06-20,5.476714611053467,5.476714611053467,5.305120419584428,5.333719451495935,2442400
1995-06-21,5.4338154792785645,5.491013536955181,5.390916936021102,5.462414508116873,3343600
1995-06-22,5.476714611053467,5.533912674876479,5.4052170312747005,5.419516547230454,2062400
1995-06-23,5.462417125701904,5.519615210787788,5.433818083158963,5.476716646973375,1168400
1995-06-26,5.50531530380249,5.533914344341724,5.448117222724023,5.46241674299364,2040000
1995-06-27,5.476714611053467,5.576811222743739,5.476714611053467,5.476714611053467,2079600
1995-06-28,5.31942081451416,5.491015034337197,5.31942081451416,5.491015034337197,2110000
1995-06-29,5.348019123077393,5.405217188564851,5.262222024846205,5.333719606705528,2383600
1995-06-30,5.376616477966309,5.405215501785278,5.348017454147339,5.348017454147339,1502400
1995-07-03,5.348019123077393,5.376618155821122,5.333719606705528,5.362318639449257,255200
1995-07-05,5.44811487197876,5.4910134142778055,5.305119730981942,5.319419245081624,1505600
1995-07-06,5.50531530380249,5.50531530380249,5.319421540297471,5.390919141645555,3614000
1995-07-07,5.705507278442383,5.71980679543096,5.462415489636567,5.462415489636567,4872400
1995-07-10,5.691209316253662,5.76270692072921,5.662610274463442,5.705508837148772,1830000
1995-07-11,5.6340107917785645,5.705508390659003,5.619711272002477,5.676909351106827,1077200
1995-07-12,5.691209316253662,5.705508837148772,5.576813149092784,5.605412190883004,1325200
1995-07-13,5.66261100769043,5.705509575930509,5.634011962197044,5.676910530437123,1310800
1995-07-14,5.648309707641602,5.6626092258887955,5.60541115290002,5.60541115290002,1320400
1995-07-17,5.6340107917785645,5.648310311554652,5.605411752226389,5.619711272002477,1069200
1995-07-18,5.6197075843811035,5.6340070947739305,5.548210032416968,5.6197075843811035,1800400
1995-07-19,5.533914566040039,5.605412170252443,5.419518399300194,5.605412170252443,1180000
1995-07-20,5.548213481903076,5.562513001186332,5.462416366203544,5.5196144433365655,1480800
1995-07-21,5.44811487197876,5.505312928377487,5.433815357879078,5.4910134142778055,1003200
1995-07-24,5.491014003753662,5.548212066292763,5.448115456849337,5.462414972484112,1154800
1995-07-25,5.6340107917785645,5.676909351106827,5.548213673122038,5.548213673122038,1160800
1995-07-26,5.66261100769043,5.7341086214238945,5.605412916703658,5.619712439450351,959600
1995-07-27,5.7913055419921875,5.805605061848958,5.634010823567708,5.676909383138021,1539200
1995-07-28,5.7627058029174805,5.819903875403013,5.691208212310563,5.805604357281631,896000
1995-07-31,5.777005195617676,5.791304713428611,5.734106642184871,5.762705677806741,923600
1995-08-01,5.705507278442383,5.791304380373847,5.662608727476651,5.791304380373847,576400
1995-08-02,5.676910400390625,5.762707534905345,5.662610877971505,5.719808967647985,813600
1995-08-03,5.5911102294921875,5.691206832066216,5.562511200185322,5.676907317412784,1242800
1995-08-04,5.562514305114746,5.605412873020516,5.533915259844234,5.605412873020516,495200
1995-08-07,5.648309707641602,5.6626092258887955,5.5482130799112435,5.576812116405632,764400
1995-08-08,5.533914566040039,5.662610253622366,5.505315524355078,5.662610253622366,511200
1995-08-09,5.533914566040039,5.576813128567482,5.505315524355078,5.562513607725001,1114000
1995-08-10,5.519615173339844,5.548214215688755,5.491016130990932,5.519615173339844,1593200
1995-08-11,5.462417125701904,5.519615210787788,5.419518561887491,5.519615210787788,1110000
1995-08-14,5.476714611053467,5.49101412700922,5.433816063186208,5.448115579141961,1776800
1995-08-15,5.462417125701904,5.476716646973375,5.433818083158963,5.476716646973375,1632400
1995-08-16,5.491014003753662,5.519613035023212,5.476714488118887,5.476714488118887,1978400
1995-08-17,5.491014003753662,5.505313519388437,5.4338159412145615,5.491014003753662,570800
1995-08-18,5.462417125701904,5.476716646973375,5.433818083158963,5.476716646973375,1075200
1995-08-21,5.44811487197876,5.562510984776214,5.44811487197876,5.476713900178123,787200
1995-08-22,5.5911102294921875,5.5911102294921875,5.448115082957861,5.462414597611294,1165600
1995-08-23,5.576810836791992,5.6054098667242584,5.519612776927459,5.576810836791992,1604400
1995-08-24,5.691209316253662,5.705508837148772,5.5911126699878935,5.634011232673223,1589600
1995-08-25,5.734105587005615,5.762704617364745,5.69120704146692,5.69120704146692,1006800
1995-08-28,5.834204196929932,5.862803237110961,5.762706596477359,5.762706596477359,1395600
1995-08-29,5.805605411529541,5.8485039736837,5.762706849375381,5.8485039736837,684400
1995-08-30,5.7952775955200195,5.823967088567149,5.752243355949327,5.7952775955200195,688000
1995-08-31,5.881345272064209,5.881345272064209,5.752242570970116,5.766587315536127,1429600
1995-09-01,6.024792194366455,6.067826424326215,5.960240849426814,5.996102707726615,2018400
1995-09-05,6.225616455078125,6.2399611934538814,6.1252032864478325,6.168237501575101,3412000
1995-09-06,6.340376853942871,6.340376853942871,6.168239925781526,6.182584669794972,2536000
1995-09-07,6.297341823577881,6.3260313079677575,6.268652339188005,6.268652339188005,1999200
1995-09-08,6.469476699829102,6.483821437522736,6.297339847505489,6.3116845851991235,3246000
1995-09-11,6.48382568359375,6.541204671944137,6.3690677068929755,6.426446695243363,1943600
1995-09-12,6.541204929351807,6.569894424655981,6.483825938743458,6.512515434047632,1525200
1995-09-13,6.627272605895996,6.641617351796204,6.512514638694334,6.54120413049475,2283200
1995-09-14,6.641615867614746,6.6559606103093785,6.598581639530849,6.627271124920114,1266000
1995-09-15,6.627272605895996,6.684651589496827,6.612927859995788,6.655962097696412,2030800
1995-09-18,6.541204929351807,6.6416181629164175,6.512515434047632,6.6416181629164175,2121600
1995-09-19,6.340376853942871,6.426445318023544,6.2543083898621985,6.369066341969762,4603200
1995-09-20,6.254304885864258,6.383407509655034,6.16823647000374,6.354718037701527,3526800
1995-09-21,6.297341823577881,6.340376050162696,6.268652339188005,6.31168656577282,2871200
1995-09-22,6.182584762573242,6.268653227945491,6.168240018344534,6.254308483716783,1850400
1995-09-25,6.12520694732666,6.254309669869845,6.082172706478932,6.254309669869845,2461200
1995-09-26,6.153894901275635,6.239963361433336,6.139550157916018,6.196929131354485,2993600
1995-09-27,6.153894901275635,6.1825843879948685,6.08217118447755,6.125205414556401,1496400
1995-09-28,6.369065761566162,6.397755246978622,6.211273591797631,6.225618334503861,2659600
1995-09-29,6.45513391494751,6.58423659324646,6.3690654627482095,6.3977549468146435,3128000
1995-10-02,6.196930885314941,6.42644684403031,6.1682413904755204,6.42644684403031,2082000
1995-10-03,6.225616455078125,6.2686506702053935,6.182582239950857,6.225616455078125,1882400
1995-10-04,6.196930885314941,6.254309874993783,6.1682413904755204,6.211275632734652,1296800
1995-10-05,6.211273670196533,6.225618413083823,6.168239441534664,6.182584184421954,1045200
1995-10-06,6.32603120803833,6.369065433943352,6.225618014259944,6.225618014259944,1594800
1995-10-09,6.153894901275635,6.340376564950654,6.125205414556401,6.340376564950654,1550400
1995-10-10,6.096513748168945,6.1538927010928886,6.039134795245002,6.1395479628619025,3036000
1995-10-11,6.297341823577881,6.297341823577881,6.139549659433561,6.168239143823437,1846000
1995-10-12,6.32603120803833,6.4120996598483755,6.311686466069989,6.32603120803833,1662000
1995-10-13,6.239963531494141,6.383410968999753,6.239963531494141,6.369066225249192,2037600
1995-10-16,6.211273670196533,6.2543078988584035,6.168239441534664,6.2543078988584035,1042000
1995-10-17,6.297341823577881,6.297341823577881,6.153894401628499,6.211273370408252,1367200
1995-10-18,6.297341823577881,6.440789245527263,6.282997081382943,6.297341823577881,2143600
1995-10-19,6.182584762573242,6.2829979721742,6.12520578565841,6.2829979721742,1921200
1995-10-20,5.96741247177124,6.182583594551454,5.910033505696517,6.139549369995411,3427200
1995-10-23,5.910033702850342,5.938723186844761,5.823965250867085,5.823965250867085,3052400
1995-10-24,5.766584873199463,5.996100689048197,5.752240134708917,5.9100322581049225,4360800
1995-10-25,5.6374831199646,5.823964749887093,5.608793638438063,5.823964749887093,3929200
1995-10-26,5.666175842285156,5.680520591252967,5.608796846413914,5.666175842285156,2614400
1995-10-27,5.7378997802734375,5.780934028625488,5.637486534118652,5.637486534118652,1878800
1995-10-30,5.723555564880371,5.752245066458719,5.694866063302023,5.723555564880371,1874400
1995-10-31,5.709208011627197,5.795276474114039,5.709208011627197,5.723552755375004,2038400
1995-11-01,5.867001056671143,5.867001056671143,5.723553598072826,5.723553598072826,1442800
1995-11-02,5.881345272064209,5.95306899489426,5.809621549234158,5.895690016630219,1681600
1995-11-03,5.924378871917725,5.95306835798028,5.881344642823891,5.910034128886447,1039600
1995-11-06,5.852657794952393,5.9100367929421225,5.8239682959575285,5.9100367929421225,1033200
1995-11-07,5.766584873199463,5.838308565652192,5.737895396218371,5.823963827161647,1442800
1995-11-08,5.852657794952393,5.8813472939472575,5.780934047465231,5.795278796962664,1422800
1995-11-09,5.910033702850342,5.924378444847552,5.823965250867085,5.8526547348615034,1917200
1995-11-10,5.7378997802734375,5.86700252532959,5.70921028137207,5.852657775878906,1206400
1995-11-13,5.680519104003906,5.766587575276692,5.666174358791775,5.752242830064561,1500000
1995-11-14,5.69486141204834,5.752240368341019,5.6661719339020005,5.680516672975171,1348400
1995-11-15,5.7378997802734375,5.752244529724121,5.680520782470703,5.70921028137207,846400
1995-11-16,5.9961018562316895,6.053480821363093,5.780930736988926,5.809620219554628,1838400
1995-11-17,5.938721656799316,6.024790086608002,5.9100321801964215,6.024790086608002,1402800
1995-11-20,5.7522406578063965,5.938722275141766,5.737895918011368,5.924377535346737,796000
1995-11-21,5.666175842285156,5.795278582995451,5.637486344349535,5.752244336092019,2106000
1995-11-22,5.780929088592529,5.809618562977604,5.709205402629843,5.752239614207455,1208400
1995-11-24,5.809620380401611,5.809620380401611,5.737896672001591,5.737896672001591,234000
1995-11-27,5.7952775955200195,5.895690821184971,5.766588102472891,5.838311835090713,644000
1995-11-28,5.780929088592529,5.780929088592529,5.709205402629843,5.766584351399992,1826400
1995-11-29,5.885696887969971,5.885696887969971,5.813744603275961,5.813744603275961,1964000
1995-11-30,5.871304035186768,5.986427643719842,5.856913584120133,5.957646741586573,2027200
1995-12-01,5.828131198883057,5.8569120936923555,5.799350304073758,5.8569120936923555,2447600
1995-12-04,5.856912136077881,5.928864373621836,5.8281312410603,5.8281312410603,2818800
1995-12-05,5.914474010467529,5.9432549058955955,5.856912219611398,5.856912219611398,4128800
1995-12-06,5.972035884857178,6.015207228603133,5.94325498902654,6.015207228603133,1908400
1995-12-07,5.957643985748291,6.043986652208411,5.928863096928251,5.957643985748291,930400
1995-12-08,5.943255424499512,6.043988567287639,5.928864975529779,5.986426771408709,684400
1995-12-11,5.972035884857178,5.9864263327724965,5.928864541111222,5.94325498902654,665600
1995-12-12,5.900083065032959,5.9576448510332805,5.885692618532879,5.914473511533039,1265200
1995-12-13,5.828131198883057,5.928864330715603,5.813740751478408,5.928864330715603,1796000
1995-12-14,5.684228420257568,5.756180678741842,5.669837968560714,5.698618871954423,3918000
1995-12-15,5.641055107116699,5.713007340625841,5.569102873607557,5.713007340625841,5057600
1995-12-18,5.540323734283447,5.612275990572843,5.540323734283447,5.612275990572843,3269600
1995-12-19,5.497152328491211,5.55471413297803,5.396419170639278,5.482761877369506,6224800
1995-12-20,5.353246688842773,5.554712962078792,5.353246688842773,5.540322513990505,4811600
1995-12-21,5.410807132720947,5.439588021724782,5.382026243717112,5.410807132720947,3404000
1995-12-22,5.511545658111572,5.569107492661041,5.410812447650003,5.42520290628737,2122000
1995-12-26,5.635663032531738,5.6554499119948245,5.51154533408147,5.51154533408147,1262400
1995-12-27,5.554715633392334,5.6698392734626415,5.540325178383545,5.655448818453853,1219200
1995-12-28,5.396417617797852,5.569102981567383,5.396417617797852,5.554712534586589,2436800
1995-12-29,5.410807132720947,5.453978466226699,5.382026243717112,5.439588021724782,4277600
1996-01-02,5.4395880699157715,5.453978514545178,5.3820262913981445,5.3820262913981445,2774000
1996-01-03,5.482762813568115,5.482762813568115,5.439591452831358,5.468372359989196,3771200
1996-01-04,5.425199031829834,5.497151273631291,5.367637238388669,5.482760825270999,5207200
1996-01-05,5.353246688842773,5.410808481195922,5.324465792666199,5.410808481195922,6900400
1996-01-08,5.367636680603027,5.396417574332802,5.35324623373814,5.367636680603027,858000
1996-01-09,5.410807132720947,5.497149799732451,5.367635799215195,5.367635799215195,2769200
1996-01-10,5.209341526031494,5.36763643428107,5.1805606336224805,5.353245988076563,3749600
1996-01-11,5.223733425140381,5.281295225968374,5.223733425140381,5.238123875347379,2765600
1996-01-12,5.25251579284668,5.35324897243552,5.25251579284668,5.295687155527611,3249600
1996-01-15,5.194950103759766,5.367635425768401,5.194950103759766,5.266902321263363,3734400
1996-01-16,5.338857650756836,5.338857650756836,5.209343583757344,5.223734035646176,1574400
1996-01-17,5.59788703918457,5.641058404525325,5.31007793691287,5.31007793691287,2908000
1996-01-18,5.698618412017822,5.756180214159416,5.597885258270033,5.612275708805431,3141600
1996-01-19,5.900083065032959,5.9432544045332,5.684226367531753,5.727397707031995,3033600
1996-01-22,5.727398872375488,5.914474714940517,5.6986179735193305,5.914474714940517,2300800
1996-01-23,5.727398872375488,5.813741568943963,5.71300842294741,5.756179771231647,1769600
1996-01-24,5.7561821937561035,5.784963104724884,5.684229916334152,5.727401282787323,2719200
1996-01-25,5.828131198883057,5.928864330715603,5.756178961859809,5.756178961859809,2049200
1996-01-26,5.900083065032959,5.914473511533039,5.756178600032155,5.784959493032316,1161200
1996-01-29,5.856912136077881,5.957645268639417,5.799350346042718,5.871302583586672,2058400
1996-01-30,5.972035884857178,5.9864263327724965,5.842521853619311,5.871302749449948,2630000
1996-01-31,6.231065273284912,6.231065273284912,5.972037155688772,5.972037155688772,2623200
1996-02-01,6.187890529632568,6.274233188185581,6.159109643448231,6.216671415816906,2098800
1996-02-02,6.087158203125,6.187891317597518,6.0583773132757095,6.187891317597518,1008000
1996-02-05,6.20228385925293,6.20228385925293,6.04398891156898,6.0727698111478805,1027600
1996-02-06,6.259847164154053,6.274237617404982,6.144723538146621,6.173504444648479,2096000
1996-02-07,6.259847164154053,6.274237617404982,6.231066257652195,6.259847164154053,788400
1996-02-08,6.331796646118164,6.360577539964155,6.216673070734197,6.231063517657193,1171200
1996-02-09,6.3749680519104,6.3749680519104,6.274234922421974,6.3317967107010755,1465600
1996-02-12,6.475702285766602,6.475702285766602,6.3605786895751955,6.403750038146972,1680400
1996-02-13,6.432531356811523,6.5044836091248515,6.303017302647533,6.303017302647533,2113200
1996-02-14,6.346189975738525,6.504484963795496,6.317409068819076,6.403751789577424,2031600
1996-02-15,6.288626194000244,6.418140234608945,6.245454847130677,6.317407091913289,2675200
1996-02-16,6.2166748046875,6.30301751030816,6.2022843537507235,6.288627059371383,1922800
1996-02-20,6.072767734527588,6.087158179396137,5.972034620447746,6.072767734527588,4329600
1996-02-21,6.173502445220947,6.231064239581982,6.130331099450172,6.130331099450172,2323200
1996-02-22,6.389357566833496,6.504481126596262,6.245453117130039,6.245453117130039,2485200
1996-02-23,6.504485130310059,6.590827853278776,6.360580592028862,6.360580592028862,2094400
1996-02-26,6.346189975738525,6.446923149956597,6.331799522278801,6.432532696496873,1548000
1996-02-27,6.303016185760498,6.374968425323974,6.173502154546242,6.346187529498584,2386000
1996-02-28,6.313997268676758,6.458482332033205,6.2417547369985344,6.2995487623411135,1812000
1996-02-29,6.212855339050293,6.328443345358205,6.212855339050293,6.270649342204249,1876400
1996-03-01,6.140614032745361,6.212856550777659,6.097268521925982,6.1984080471712,3311200
1996-03-04,6.097268104553223,6.21285612549262,6.097268104553223,6.183959120257771,3346800
1996-03-05,6.227306842803955,6.227306842803955,6.097270273000624,6.126167288512476,1567200
1996-03-06,6.198409080505371,6.285100116596355,6.183960574490207,6.212857586520535,984400
1996-03-07,6.227306842803955,6.34289490485136,6.183961319536178,6.183961319536178,1018000
1996-03-08,5.93833589553833,6.140614977138176,5.909438883881209,6.039475436338253,2651200
1996-03-11,5.996129989624023,6.010578495623117,5.822747917634895,5.866093435632177,3151200
1996-03-12,6.0683746337890625,6.155065699986049,5.996132078624907,6.010580589657738,2954800
1996-03-13,6.097268104553223,6.126165109788072,6.068371099318373,6.126165109788072,1422400
1996-03-14,6.16951322555542,6.212858751730283,6.068373664480741,6.111719190655604,1769200
1996-03-15,6.183959484100342,6.227304994502914,6.14061397369777,6.183959484100342,2967200
1996-03-18,6.227306842803955,6.24175535055988,6.140615796268401,6.227306842803955,2832800
1996-03-19,6.155063629150391,6.299548690867535,6.140615122978676,6.241754666180677,1267600
1996-03-20,6.241755485534668,6.270652501671402,6.053924880645893,6.183961453261198,1458000
1996-03-21,6.227306842803955,6.34289490485136,6.212858335048029,6.270652366071732,1435600
1996-03-22,6.313997268676758,6.400688306690626,6.2417547369985344,6.2417547369985344,2154800
1996-03-25,6.444029808044434,6.458478305371887,6.328441829424802,6.35733882407971,1735600
1996-03-26,6.5596208572387695,6.602966369511273,6.429584320421261,6.45848132860293,1460800
1996-03-27,6.530727386474609,6.70410952947836,6.530727386474609,6.5885214341425264,1331200
1996-03-28,6.545173168182373,6.588518685852455,6.458482132842209,6.5307246622923465,2139600
1996-03-29,6.6174163818359375,6.689658918755543,6.5307253375324095,6.545173844916331,1218800
1996-04-01,6.747453212738037,6.747453212738037,6.61741664118634,6.631865149136528,1254800
1996-04-02,6.863043308258057,6.863043308258057,6.733006698206851,6.761903722662675,1702800
1996-04-03,6.7763495445251465,6.84859207698277,6.7763495445251465,6.834143570491246,1498000
1996-04-04,6.761900901794434,6.819694926596095,6.733003889393602,6.819694926596095,1138400
1996-04-08,6.386241912841797,6.588521068452171,6.28510233503661,6.588521068452171,2883600
1996-04-09,6.241755485534668,6.444034598491809,6.2273069774663,6.415137582355075,1952400
1996-04-10,6.140614032745361,6.270650565203498,6.140614032745361,6.22730505438412,1642400
1996-04-11,5.923886775970459,6.183959853939894,5.909438271638823,6.155062845276623,2175600
1996-04-12,6.0683746337890625,6.16951421101888,5.981683567592076,5.981683567592076,3773200
1996-04-15,6.212855339050293,6.227303839838782,6.1117158335308694,6.140612835107848,1331200
1996-04-16,6.0683746337890625,6.227308255150205,6.0539261227562315,6.227308255150205,937200
1996-04-17,6.1117167472839355,6.169510759078583,6.053922735489288,6.06837123843795,827600
1996-04-18,6.1117167472839355,6.14061375318126,6.039474232540627,6.0972682443352735,1012400
1996-04-19,6.16951322555542,6.227307260455237,6.126167699380558,6.155064716830466,2295600
1996-04-22,6.183959484100342,6.241753497970438,6.155062477165293,6.227304994502914,1998800
1996-04-23,6.256204128265381,6.299549653403478,6.140616061230455,6.140616061230455,2964800
1996-04-24,6.227306842803955,6.313997889339509,6.198409827292104,6.285100873827657,1777600
1996-04-25,6.227306842803955,6.270652366071732,6.198409827292104,6.24175535055988,1086400
1996-04-26,6.285102367401123,6.313999389779979,6.24175683383284,6.256205345022268,1226400
1996-04-29,6.313997268676758,6.313997268676758,6.227306230662889,6.256203243334179,1047200
1996-04-30,6.299548149108887,6.313996654038036,6.256202634321441,6.270651139250589,1371200
1996-05-01,6.364562034606934,6.38623477706303,6.299543807238645,6.299543807238645,1616000
1996-05-02,6.256204128265381,6.313998161782844,6.241755619886015,6.313998161782844,2466400
1996-05-03,6.183959484100342,6.256202001437963,6.169510980632817,6.256202001437963,2676400
1996-05-06,6.183959484100342,6.256202001437963,6.155062477165293,6.227304994502914,1700000
1996-05-07,6.270650863647461,6.28509936794158,6.198408342176868,6.198408342176868,1721200
1996-05-08,6.415135383605957,6.415135383605957,6.198407836862513,6.241753346211201,2060000
1996-05-09,6.3284454345703125,6.4295849734789705,6.313996929011933,6.386239456803832,1590400
1996-05-10,6.501828193664551,6.5162767007615825,6.371791629791259,6.371791629791259,2207600
1996-05-13,6.660760879516602,6.675209384678243,6.487378817576907,6.530724333061831,1538400
1996-05-14,6.631868362426758,6.718559452131683,6.617419847475937,6.675213907279221,1165600
1996-05-15,6.660760879516602,6.704106395001525,6.602966858870037,6.64631237435496,1701600
1996-05-16,6.574071407318115,6.617416933080652,6.530725881555578,6.617416933080652,1453600
1996-05-17,6.761900901794434,6.776349407994849,6.588518827389448,6.602967333589864,1136800
1996-05-20,6.805241107940674,6.834138097783309,6.718550138412767,6.790792613019356,866400
1996-05-21,6.993079662322998,7.036425197420041,6.877491568730882,6.906388592128911,3287600
1996-05-22,7.137563705444336,7.180909234019909,7.036424138767999,7.05087264829319,3315200
1996-05-23,6.9641828536987305,7.166462023723175,6.935285829409524,7.108667975144762,2291200
1996-05-24,7.0364251136779785,7.050873625205038,6.949734044515622,6.964182556042681,800400
1996-05-28,6.978629112243652,7.036423142158713,6.978629112243652,7.021974634679948,908000
1996-05-29,6.877487659454346,6.9497301768855895,6.863039155968098,6.9497301768855895,912000
1996-05-30,6.990026950836182,7.033533342646365,6.830503514198841,6.874009906009025,999600
1996-05-31,6.8740105628967285,7.019031882789065,6.8595084309074945,6.975525486821364,1107600
1996-06-03,6.859509468078613,6.888513736442582,6.81600306553266,6.859509468078613,857600
1996-06-04,6.961019039154053,6.97552116215229,6.874006301164627,6.874006301164627,1143600
1996-06-05,7.0625386238098145,7.091542889205337,6.946521562227723,6.975525827623246,898000
1996-06-06,7.004528522491455,7.1060434286145195,7.004528522491455,7.062537040276063,802000
1996-06-07,7.0625386238098145,7.0625386238098145,6.8160023679478705,6.932019429529961,1337600
1996-06-10,7.0625386238098145,7.091542889205337,7.01903222571653,7.0625386238098145,2892000
1996-06-11,7.004528522491455,7.091541299168368,7.004528522491455,7.019030651937608,1517600
1996-06-12,6.946518898010254,7.077038042231741,6.932016770874533,7.06253591509602,1157600
1996-06-13,6.946518898010254,6.9900252794174165,6.917514643738812,6.975523152281696,2477600
1996-06-14,6.961019039154053,7.004525408148766,6.9320147931575775,6.946516916155815,1183600
1996-06-17,6.888514518737793,6.961025197882401,6.85951024707995,6.961025197882401,862000
1996-06-18,6.8304972648620605,6.888505734202715,6.815995147526897,6.859501499532388,829200
1996-06-19,6.786995887756348,6.888510783513388,6.728987375895183,6.816000143686931,831600
1996-06-20,6.685479640960693,6.743488141099181,6.58396476571834,6.728986016064559,2340000
1996-06-21,6.496951103210449,6.656474456191063,6.467946857213974,6.656474456191063,4839200
1996-06-24,6.351931095123291,6.45344597563896,6.351931095123291,6.45344597563896,2905200
1996-06-25,6.453449249267578,6.482453515556421,6.38093858354547,6.409942849834313,1287600
1996-06-26,6.554964542388916,6.554964542388916,6.496956006615563,6.52596027450224,1095600
1996-06-27,6.5839643478393555,6.627470720181906,6.511453727268437,6.540457975496804,1155200
1996-06-28,6.62747049331665,6.656474740552172,6.5694619988456076,6.61296836969889,870400
1996-07-01,6.685479640960693,6.699981765995315,6.612969015787584,6.641973265856828,1351200
1996-07-02,6.569465637207031,6.670980558753277,6.554963505557568,6.6564784271038135,1618000
1996-07-03,6.482451915740967,6.569464693133463,6.46794978617555,6.569464693133463,1308000
1996-07-05,6.235913276672363,6.366432391765506,6.2214111527731255,6.366432391765506,710000
1996-07-08,6.192409992218018,6.22141425447665,6.134401467700752,6.192409992218018,2041600
1996-07-09,6.279421329498291,6.351931968407047,6.221412818371285,6.221412818371285,1540000
1996-07-10,6.250417709350586,6.351932614142823,6.250417709350586,6.351932614142823,1902000
1996-07-11,6.0908942222595215,6.2649197714669365,6.076392093158904,6.2649197714669365,2316400
1996-07-12,6.163403511047363,6.192407762864057,6.119897133322323,6.119897133322323,1818000
1996-07-15,6.032885551452637,6.1924089674766245,6.032885551452637,6.163404710017718,1330800
1996-07-16,6.018382549285889,6.0618889291602445,5.80085064991411,6.032884675910674,3058800
1996-07-17,6.119897365570068,6.134399492028765,6.047386733276585,6.076390986193978,2372800
1996-07-18,6.061886787414551,6.0763889089155425,5.858857086400666,5.989376179909592,2674800
1996-07-19,5.960372447967529,6.061887307178655,5.960372447967529,6.061887307178655,1207200
1996-07-22,5.771847248077393,5.858860020661474,5.742842990549366,5.858860020661474,2175200
1996-07-23,5.786350727081299,5.858861387821666,5.786350727081299,5.800852859229373,3911200
1996-07-24,5.713839530944824,5.844358708047625,5.597822484631224,5.655831007788024,3202800
1996-07-25,5.771847248077393,5.829855763133447,5.771847248077393,5.771847248077393,1674800
1996-07-26,5.858860015869141,5.887864273373443,5.7863493721083845,5.800851500860536,1782400
1996-07-29,5.858860015869141,5.902366402125595,5.829855758364839,5.844357887116989,1090400
1996-07-30,5.916869640350342,5.9893802977075765,5.887865377407448,5.9023675088788945,1720400
1996-07-31,5.9023661613464355,5.974876802149217,5.887864033185879,5.916868289506992,1118000
1996-08-01,6.119897365570068,6.163403744946159,5.902365468689616,5.902365468689616,3118800
1996-08-02,6.496951103210449,6.525955349206924,6.2649171352386475,6.2649171352386475,2833200
1996-08-05,6.192409992218018,6.511456877062974,6.177907861088701,6.4679504836750255,1652000
1996-08-06,6.0908942222595215,6.192409125963847,6.047387834957668,6.192409125963847,2577600
1996-08-07,6.177907466888428,6.177907466888428,6.090894685664647,6.090894685664647,4215600
1996-08-08,6.0908942222595215,6.163404867762611,6.0908942222595215,6.134400609561375,3050800
1996-08-09,6.177907466888428,6.2069117272963545,6.119898946072574,6.119898946072574,2506000
1996-08-12,6.134398460388184,6.148900584408014,6.090892088328693,6.148900584408014,1493200
1996-08-13,6.018382549285889,6.134399562284171,5.974876169411533,6.134399562284171,1601600
1996-08-14,6.032885551452637,6.076391937640997,6.00388129399373,6.032885551452637,1240000
1996-08-15,6.003878593444824,6.032882837857601,6.003878593444824,6.032882837857601,936800
1996-08-16,6.018382549285889,6.07639105578503,6.003880422661104,6.018382549285889,1850800
1996-08-19,6.047386169433594,6.061888294540149,6.018381919220483,6.032884044327038,1723200
1996-08-20,6.0908942222595215,6.10539635136014,6.047387834957668,6.0618899640582855,1992000
1996-08-21,6.047386169433594,6.105394669859815,6.047386169433594,6.09089254475326,1342000
1996-08-22,6.148903846740723,6.148903846740723,6.0618910564566555,6.0618910564566555,1291200
1996-08-23,6.003878593444824,6.148899815508709,5.989376471238436,6.119895571095932,1493200
1996-08-26,5.9458699226379395,6.018380531450598,5.902363557350345,5.989376287925534,1159600
1996-08-27,5.93137264251709,5.974879043317949,5.93137264251709,5.945874776117376,1609200
1996-08-28,5.887861728668213,5.9458702186058305,5.844355361214999,5.9458702186058305,5237200
1996-08-29,5.8698015213012695,5.91349731426381,5.826105728338729,5.91349731426381,1498400
1996-08-30,5.82611083984375,5.869806671142578,5.82611083984375,5.855241394042968,1857200
1996-09-03,5.85523796081543,5.869803229374671,5.782411618019218,5.811542155137702,3028800
1996-09-04,5.840672492980957,5.855237761043254,5.811541956856364,5.855237761043254,2281200
1996-09-05,5.796976089477539,5.855237155703444,5.796976089477539,5.840671889146967,1927200
1996-09-06,5.82611083984375,5.913502502441406,5.81154556274414,5.81154556274414,2594800
1996-09-09,6.030019760131836,6.059150290374019,5.869801843799831,5.869801843799831,2212800
1996-09-10,5.913496971130371,6.015453815460205,5.913496971130371,6.000888551984514,1689200
1996-09-11,6.030019760131836,6.07371555549511,5.942628169405288,5.942628169405288,1457600
1996-09-12,6.131977081298828,6.219368678657006,6.102846548846102,6.146542347525191,1545200
1996-09-13,6.263063907623291,6.29219443742619,6.131976523510245,6.131976523510245,2836400
1996-09-16,6.321324348449707,6.335889611925397,6.263063294546945,6.2921938214983255,1748800
1996-09-17,6.190237998962402,6.2193685307222255,6.146542201322668,6.175672733082491,3175600
1996-09-18,6.161106109619141,6.190236634960129,6.161106109619141,6.190236634960129,1493600
1996-09-19,6.146541595458984,6.204802653235847,6.131976331014769,6.146541595458984,1411200
1996-09-20,6.204803466796875,6.2193687331508585,6.1611076677349255,6.204803466796875,1915600
1996-09-23,6.219368934631348,6.219368934631348,6.117412066850506,6.190238400979679,1292400
1996-09-24,6.161106109619141,6.233932422971613,6.131975584278152,6.190236634960129,1011600
1996-09-25,6.161106109619141,6.175671372289635,6.146540846948646,6.161106109619141,1490000
1996-09-26,6.350456237792969,6.379586770993853,6.175673038587657,6.175673038587657,1916400
1996-09-27,6.350456237792969,6.365021504393411,6.2921951713911985,6.365021504393411,1380800
1996-09-30,6.408717155456543,6.481543486768549,6.321325557882136,6.3358908241445375,1306800
1996-10-01,6.481546401977539,6.5689380388581355,6.423285310723808,6.423285310723808,2266800
1996-10-02,6.612630367279053,6.656326162657549,6.49610824626973,6.49610824626973,2556800
1996-10-03,6.568934440612793,6.663608662040693,6.510673381272547,6.612630235117978,1300800
1996-10-04,6.670892715454102,6.7582843230801375,6.583501107828065,6.627196911641083,1776400
1996-10-07,6.714587688446045,6.787414019123334,6.670891890039671,6.670891890039671,1104800
1996-10-08,6.612630367279053,6.71458722316221,6.598065102152888,6.71458722316221,998000
1996-10-09,6.743719577789307,6.903937537520802,6.714589039656308,6.831111192188304,4015600
1996-10-10,6.729152202606201,6.743717467114007,6.685456409082785,6.70002167359059,1107200
1996-10-11,6.758286952972412,6.845678594605676,6.743721679366868,6.7874175001835,1211200
1996-10-14,6.845674991607666,6.874805523486848,6.772848661909713,6.772848661909713,949200
1996-10-15,6.860236644744873,6.87480190301397,6.772845095130289,6.87480190301397,1227600
1996-10-16,6.816545486450195,6.874806558983957,6.772849682049873,6.874806558983957,998400
1996-10-17,6.991326808929443,7.035022601485252,6.816543638706207,6.845674167076747,1888800
1996-10-18,7.049592018127441,7.093287836421619,6.947635108774358,6.976765654303811,1778800
1996-10-21,6.933065891265869,6.991326949175667,6.903935362310971,6.991326949175667,1318800
1996-10-22,6.831110000610352,6.933066866291103,6.801979467558708,6.933066866291103,960800
1996-10-23,6.962200164794922,6.991330709417494,6.874808530927203,6.933069620172349,1627200
1996-10-24,6.889374732971191,6.9767663786325596,6.889374732971191,6.962201104355665,1095600
1996-10-25,6.787412643432617,6.88936948571594,6.714586327515958,6.874804222532608,1966800
1996-10-28,6.685459613800049,6.787416514228372,6.685459613800049,6.787416514228372,972400
1996-10-29,6.889374732971191,6.903940007248086,6.656330344540876,6.714591441648455,2612000
1996-10-30,6.860236644744873,6.9330629360903595,6.831106128206678,6.918497677821263,1584000
1996-10-31,6.860236644744873,6.87480190301397,6.8019756116684835,6.860236644744873,1897600
1996-11-01,6.918505668640137,6.976766769007633,6.903940393548263,6.918505668640137,1674800
1996-11-04,6.903939723968506,6.947635545006282,6.889374450289248,6.933070271327023,703600
1996-11-05,7.122415065765381,7.166110863714862,6.962197139950618,6.962197139950618,2433600
1996-11-06,7.224376201629639,7.253506750829758,7.12241927942922,7.1515498286293395,1798800
1996-11-07,7.326327323913574,7.355457850052395,7.1661094301500565,7.180674693219467,1775600
1996-11-08,7.399155139923096,7.501112002087391,7.311763543782272,7.326328809805743,2656400
1996-11-11,7.3408942222595215,7.4282858201435635,7.326328955945515,7.3991552875155495,620400
1996-11-12,7.326327323913574,7.384588376191217,7.311762060844163,7.340892586982985,1124000
1996-11-13,7.471982955932617,7.471982955932617,7.282634459973311,7.297199728893258,775600
1996-11-14,7.486543655395508,7.573935215575222,7.442847875305651,7.457413135335603,1574000
1996-11-15,7.486543655395508,7.544804695515317,7.428282615275698,7.515674175455413,1422800
1996-11-18,7.5011138916015625,7.530244430986422,7.428287543139411,7.4574180825242715,1362400
1996-11-19,7.471982955932617,7.573939838372243,7.442852418092723,7.471982955932617,1835200
1996-11-20,7.515680313110352,7.515680313110352,7.384592865788659,7.471984497336454,1057200
1996-11-21,7.559374809265137,7.5739400786471505,7.471983192973054,7.501113731737082,646400
1996-11-22,7.763286590576172,7.7924171218728935,7.544807605850764,7.559372871499124,1318800
1996-11-25,7.9235029220581055,7.967198710231219,7.734154506641275,7.734154506641275,1666400
1996-11-26,7.9235029220581055,7.996329235679963,7.748719769365647,7.9235029220581055,1896400
1996-11-27,7.93460750579834,8.007670190013794,7.8907698952690675,7.905382432112158,982000
1996-11-29,7.993063926696777,8.007676475008838,7.963838830072658,7.963838830072658,550800
1996-12-02,7.905389308929443,7.963839507147036,7.832326561157452,7.963839507147036,980400
1996-12-03,7.788485527038574,7.9930611318763605,7.773872983835876,7.934610959065565,1014800
1996-12-04,7.6715850830078125,7.817710513160343,7.554684738885789,7.788485427129836,1446800
1996-12-05,7.744645118713379,7.8323203464723985,7.686194966874033,7.686194966874033,944400
1996-12-06,7.6569719314575195,7.7008095570193,7.5108465129182544,7.627746847749667,1353200
1996-12-09,7.700811386108398,7.7446490220824495,7.642361204809663,7.686198840783715,1082400
1996-12-10,7.686198711395264,7.7300363466313575,7.671586166316565,7.71542380155266,737200
1996-12-11,7.613137722015381,7.671587915658494,7.598525173604603,7.613137722015381,1573600
1996-12-12,7.525461196899414,7.64236156500659,7.510848650886017,7.627749018993193,1232000
1996-12-13,7.554684162139893,7.5692967040395835,7.467008910741751,7.481621452641441,1696000
1996-12-16,7.540073394775391,7.627748666807663,7.5108483040979666,7.525460849436678,1624800
1996-12-17,7.715420246124268,7.759257861159065,7.496232170950283,7.510844709295215,2828000
1996-12-18,7.817708492279053,7.846933570754862,7.744645796089529,7.744645796089529,1787200
1996-12-19,7.846933841705322,7.8761589211902585,7.78848368273545,7.817708762220386,1349200
1996-12-20,7.8323235511779785,8.036899166320687,7.803098463300449,8.036899166320687,2887600
1996-12-23,7.8907694816589355,7.963832162044667,7.803094265196059,7.803094265196059,884800
1996-12-24,7.919998645782471,7.934611189409376,7.890773558528661,7.919998645782471,600800
1996-12-26,7.876163482666016,7.978451320103237,7.861550934460698,7.920001127281967,1451600
1996-12-27,7.861542224884033,7.905379820933573,7.832317160851007,7.876154756900546,1043200
1996-12-30,7.905389308929443,7.9492269575926375,7.890776759375044,7.890776759375044,820800
1996-12-31,7.744645118713379,7.978445726070764,7.744645118713379,7.934608112191254,1081600
1997-01-02,7.744645118713379,7.773870194633052,7.65696989095436,7.759257656673216,1890000
1997-01-03,7.905389308929443,8.007677155810232,7.803101462048655,7.803101462048655,1678800
1997-01-06,7.905389308929443,8.066127354027824,7.890776759375044,7.905389308929443,1603200
1997-01-07,7.949220180511475,8.00767032889759,7.817707346642719,7.8615449579323045,1574000
1997-01-08,7.861542224884033,7.963829948999625,7.832317160851007,7.949217416983112,992400
1997-01-09,7.963837146759033,7.963837146759033,7.861549330195156,7.861549330195156,724800
1997-01-10,7.919998645782471,7.934611189409376,7.788485753140327,7.846935927647946,996800
1997-01-13,8.007675170898438,8.007675170898438,7.87616225750777,7.919999895304659,1188800
1997-01-14,8.212251663208008,8.2560893055383,8.095351283660563,8.095351283660563,1428400
1997-01-15,8.007675170898438,8.270700997679773,7.978450079033844,8.270700997679773,876000
1997-01-16,8.095342636108398,8.124567699776659,7.949217317767092,8.036892508771876,456200
1997-01-17,8.299922943115234,8.329148023900851,8.212247700758384,8.212247700758384,1825200
1997-01-20,8.533729553222656,8.621404856851656,8.41682914838399,8.41682914838399,1202200
1997-01-21,8.679847717285156,8.70907279377433,8.416822028882576,8.504497258350103,1846200
1997-01-22,8.884422302246094,8.913647375608745,8.709071862070184,8.767522008795487,1760600
1997-01-23,8.767524719238281,8.972100296020509,8.767524719238281,8.796749801635743,1880400
1997-01-24,8.709075927734375,8.855201362763475,8.650625753722736,8.767526101746014,2232200
1997-01-27,8.650627136230469,8.709077319583377,8.562951861201107,8.650627136230469,1142600
1997-01-28,8.562952041625977,8.767527687671649,8.562952041625977,8.738302595379409,1590000
1997-01-29,8.621399879455566,8.621399879455566,8.446049373432741,8.47527445776988,722200
1997-01-30,8.825976371765137,8.94287672106004,8.767526197117686,8.855201459088862,1890200
1997-01-31,8.913650512695312,9.089001014584401,8.796750178102586,8.85520034539895,964200
1997-02-03,8.972100257873535,9.059775504693146,8.884425011053924,8.972100257873535,1215600
1997-02-04,9.030550003051758,9.089000164883808,8.855199517555608,8.972099841219707,1334200
1997-02-05,9.498153686523438,9.61505403958834,9.293578068659855,9.293578068659855,19685800
1997-02-06,9.615052223205566,9.761177636932095,9.468926809479038,9.498151892224344,6751400
1997-02-07,9.819628715515137,9.936529057366506,9.527377860886709,9.761178544589452,4166200
1997-02-10,9.790406227111816,9.819631320327076,9.702730947466039,9.731956040681299,1422800
1997-02-11,9.731956481933594,9.90730704917564,9.615056103772229,9.848856860094958,2296600
1997-02-12,9.556601524353027,9.702726929924175,9.527376443238799,9.673501848809945,3862400
1997-02-13,9.819628715515137,9.907303971903664,9.585828031812396,9.585828031812396,4179000
1997-02-14,9.907299995422363,9.99497521662079,9.731949553025506,9.819624774223936,4492800
1997-02-18,10.170329093933105,10.170329093933105,9.965753508710314,9.965753508710314,3116600
1997-02-19,10.228779792785645,10.287229963030134,10.053429282052177,10.111879452296666,4219600
1997-02-20,9.936530113220215,10.141105733198277,9.878079936083624,10.082655556061688,3363000
1997-02-21,9.64428424835205,9.9365352861809,9.585834040786281,9.9365352861809,1755400
1997-02-24,9.498153686523438,9.556603863055889,9.41047842172476,9.41047842172476,1915800
1997-02-25,9.615052223205566,9.615052223205566,9.52737697496965,9.58582714046026,1909600
1997-02-26,9.381253242492676,9.644279034338265,9.205902714595616,9.556603770389735,2992000
1997-02-27,9.032849311828613,9.4727608042878,9.032849311828613,9.414105938626575,2109000
1997-02-28,9.003514289855957,9.208806146627916,8.915532065525117,8.944859473635397,2420000
1997-03-03,9.296792984008789,9.326120406671278,8.915536489396441,9.003518757383906,1675800
1997-03-04,9.150151252746582,9.38477051563752,9.120823844885216,9.38477051563752,1386400
1997-03-05,9.414098739624023,9.414098739624023,9.17947945639352,9.208806866797332,2412200
1997-03-06,9.531410217285156,9.590065049391526,9.38477313701923,9.414100553072416,2063000
1997-03-07,9.384772300720215,9.531409367918968,9.355444887280465,9.531409367918968,1089400
1997-03-10,9.355445861816406,9.355445861816406,9.179481362848072,9.326118445321683,1527800
1997-03-11,9.443424224853516,9.472751629278527,9.355442011578482,9.355442011578482,1393400
1997-03-12,9.296792984008789,9.531412365308695,9.2674655613463,9.414102674658741,2757600
1997-03-13,8.944865226745605,9.23813949647497,8.886210372799733,9.179484642529097,2053400
1997-03-14,9.091500282287598,9.120827702553042,8.88620834042949,8.915535760694935,1843000
1997-03-17,8.9741849899292,9.091494597640692,8.827547980289834,9.091494597640692,1559400
1997-03-18,8.71023941040039,8.886203842933732,8.651584599555944,8.856876437511508,1681400
1997-03-19,8.915532112121582,8.944859520385139,8.622258029486003,8.622258029486003,1333400
1997-03-20,8.856884002685547,8.944866294102953,8.76890171126814,8.915538863630484,1190000
1997-03-21,9.062170028686523,9.091497439782597,8.944860384302231,9.003515206494377,1664000
1997-03-24,8.944865226745605,8.974192653718543,8.82755551885386,8.974192653718543,1492600
1997-03-25,8.915532112121582,9.120823969966487,8.856877295594465,8.856877295594465,1356600
1997-03-26,8.739566802978516,8.915531235253251,8.68091199222027,8.915531235253251,1308200
1997-03-27,8.446295738220215,8.798224727312723,8.358313490947088,8.710242480039597,1630000
1997-03-31,8.18234920501709,8.41696853706059,8.123694372006215,8.387641120555152,2576000
1997-04-01,8.622261047363281,8.622261047363281,8.153022350908136,8.182349769436582,3198400
1997-04-02,8.0943603515625,8.475616455078125,8.006378173828125,8.4462890625,3806600
1997-04-03,8.416971206665039,8.47562605827943,8.035714671171501,8.065042096978697,2756000
1997-04-04,8.680912017822266,8.680912017822266,8.328983152234876,8.358310557700491,1935200
1997-04-07,8.739566802978516,8.79822161373676,8.592929776082903,8.710239397599393,933200
1997-04-08,8.680912017822266,8.768894234219113,8.622257206891033,8.739566828753498,1535000
1997-04-09,8.65158748626709,8.827551977513199,8.622260071059404,8.798224562305515,1155800
1997-04-10,8.504951477050781,8.680915990369073,8.4756240581644,8.680915990369073,1386600
1997-04-11,8.29965591430664,8.387638132479502,8.21167369613378,8.358310726421882,1974800
1997-04-14,8.446295738220215,8.446295738220215,8.24100382791625,8.29965865943167,898200
1997-04-15,8.475624084472656,8.622261179359727,8.416969246517828,8.563606341404899,1502000
1997-04-16,8.504951477050781,8.504951477050781,8.32898696373249,8.416969220391636,960400
1997-04-17,8.534276962280273,8.651586611246325,8.475622137797247,8.504949550038761,1020200
1997-04-18,8.563607215881348,8.62226205982574,8.563607215881348,8.563607215881348,741800
1997-04-21,8.35831069946289,8.563602541204084,8.24100107561078,8.563602541204084,2314800
1997-04-22,8.504951477050781,8.504951477050781,8.241004707073342,8.358314382618872,810200
1997-04-23,8.35831069946289,8.50494772927803,8.299655887536835,8.50494772927803,682600
1997-04-24,8.2703275680542,8.358309776224988,8.09436315171262,8.299654970777796,1637200
1997-04-25,8.18234920501709,8.270331454533402,8.123694372006215,8.241004038027965,2060600
1997-04-28,8.2703275680542,8.358309776224988,8.18234535988341,8.18234535988341,934000
1997-04-29,8.856884002685547,9.032848585520359,8.475627406543454,8.504954837015923,1699200
1997-04-30,8.9741849899292,9.150149401496439,8.71023837257834,8.71023837257834,1749800
1997-05-01,8.9741849899292,9.120821999568566,8.88620278414558,8.944857588001327,1001600
1997-05-02,9.208805084228516,9.326114703135886,8.944858441686934,8.974185846413777,938400
1997-05-05,9.472752571105957,9.502079978446842,9.238133312378874,9.26746071971976,1130600
1997-05-06,9.384772300720215,9.502081954479218,9.326117473840712,9.414099714159965,731000
1997-05-07,9.091500282287598,9.384774484942037,9.062172862022154,9.384774484942037,832800
1997-05-08,9.150151252746582,9.267460884192051,9.003514213439747,9.003514213439747,866400
1997-05-09,9.238138198852539,9.26746562170604,9.091501084585039,9.26746562170604,920200
1997-05-12,9.326114654541016,9.355442059115044,9.23813244081893,9.267459845392958,777000
1997-05-13,9.238138198852539,9.35544789026654,9.179483353145539,9.35544789026654,702800
1997-05-14,9.296792984008789,9.44343009732123,9.2674655613463,9.326120406671278,759200
1997-05-15,9.296792984008789,9.326120406671278,9.238138138683812,9.2674655613463,1028400
1997-05-16,9.179479598999023,9.326116653296133,9.150152188139602,9.326116653296133,974200
1997-05-19,9.326114654541016,9.355442059115044,9.208805036244902,9.208805036244902,645400
1997-05-20,9.619388580322266,9.619388580322266,9.179477517197771,9.26745972982267,1325000
1997-05-21,9.414098739624023,9.736700254065969,9.38477132922021,9.619390612450715,1356200
1997-05-22,9.358768463134766,9.447058731654904,9.299908284121338,9.447058731654904,1152200
1997-05-23,9.59421157836914,9.653071772101466,9.388200900306,9.388200900306,454200
1997-05-27,9.623641967773438,9.682502163294988,9.476491478969562,9.535351674491112,1288600
1997-05-28,9.417631149291992,9.653071928024291,9.358770954608916,9.653071928024291,949600
1997-05-29,9.329343795776367,9.505924435444058,9.329343795776367,9.476494328832777,939800
1997-05-30,9.770792961120605,9.80022306040109,9.241051174071899,9.241051174071899,1413200
1997-06-02,9.653072357177734,9.947373343677056,9.623642258527802,9.829652949077326,1758200
1997-06-03,9.770792961120605,9.80022306040109,9.65307256399867,9.711932762559638,2114000
1997-06-04,9.829652786254883,9.917943080742202,9.711932393605123,9.770792589930004,2723600
1997-06-05,10.006231307983398,10.035661400065703,9.770790571324966,9.770790571324966,1906400
1997-06-06,10.300533294677734,10.359393484933037,10.006232343401228,10.006232343401228,2282800
1997-06-09,10.094523429870605,10.359394307039222,10.035663234944247,10.329964209576042,2160600
1997-06-10,10.153380393981934,10.182810482080432,10.03566004158794,10.123950305883435,3448000
1997-06-11,10.241671562194824,10.271101652890787,10.123951199410975,10.1828113808029,2763400
1997-06-12,10.477112770080566,10.594833138283718,10.212241941623473,10.271102125725049,4484000
1997-06-13,10.741990089416504,10.741990089416504,10.594839540246415,10.594839540246415,3227800
1997-06-16,10.594836235046387,10.741986738310919,10.565406134393479,10.712556637658013,3057600
1997-06-17,10.535979270935059,10.594839490325757,10.359398612762963,10.47711905154436,2478400
1997-06-18,10.624262809753418,10.653692900639161,10.506542446210444,10.56540262798193,2193000
1997-06-19,10.830277442932129,10.918567748173423,10.594836628955344,10.624266730702441,2626400
1997-06-20,10.977426528930664,11.006856626863454,10.800845941333924,10.830276039266714,3066400
1997-06-23,10.594836235046387,11.006857644187079,10.594836235046387,11.006857644187079,1569400
1997-06-24,10.889135360717773,10.889135360717773,10.624264500592206,10.712554787300729,1975600
1997-06-25,10.712552070617676,10.947992775466416,10.565401630087214,10.889132599254232,1998000
1997-06-26,10.535979270935059,10.771420148497853,10.418258832153661,10.683129819411805,2296800
1997-06-27,10.271105766296387,10.594836893600858,10.256390715055275,10.491831534913072,3160400
1997-06-30,10.13866901397705,10.432970001320362,10.13866901397705,10.329964655750203,2626400
1997-07-01,10.580122947692871,10.580122947692871,10.271106839345792,10.300536944902657,3221600
1997-07-02,10.815560340881348,10.830275388964179,10.49182928305905,10.49182928305905,1937600
1997-07-03,10.903849601745605,11.16872044227384,10.741984088089463,10.830274368265542,1655600
1997-07-07,10.786128044128418,10.889133359693082,10.683122728563754,10.85970326953175,1821800
1997-07-08,10.771421432495117,10.844996715503964,10.638985923079193,10.653700979680963,2613400
1997-07-09,10.756701469421387,10.90385196831908,10.66841117008277,10.756701469421387,2634000
1997-07-10,10.863566398620605,10.893086959486423,10.760244435590247,10.804525276888972,2499800
1997-07-11,11.011161804199219,11.08496315677428,10.77499747595902,10.804518016989046,3257200
1997-07-14,10.93736457824707,11.0406865108351,10.775001541323025,11.0406865108351,2018800
1997-07-15,10.848801612854004,11.025924904492436,10.77500024133799,10.996404355886032,2527000
1997-07-16,10.893085479736328,11.011167707158943,10.819284087597193,10.848804644452848,4209200
1997-07-17,11.129252433776855,11.144012715519265,10.804526235443845,10.893087925898302,5077000
1997-07-18,10.730719566345215,11.099726429011831,10.71595929183855,11.099726429011831,3771000
1997-07-21,10.789759635925293,10.789759635925293,10.553595266329117,10.715958270426487,2875000
1997-07-22,11.070209503173828,11.084969782511394,10.7012025197347,10.7012025197347,3387600
1997-07-23,11.188289642333984,11.276851301771984,11.070207429749985,11.129248536041985,2583400
1997-07-24,11.32113265991211,11.38017376895989,11.099728500982929,11.203050441816547,2170200
1997-07-25,11.453977584838867,11.4687378652317,11.276854220124864,11.365415902481866,1964200
1997-07-28,11.513019561767578,11.557300406235914,11.453978435809795,11.498259280278132,1354600
1997-07-29,11.483504295349121,11.542545448538577,11.394942565564937,11.527785160241214,1681600
1997-07-30,11.749180793762207,11.793461625899502,11.55729718783393,11.572057465213028,2473200
1997-07-31,12.383870124816895,12.546233141947987,11.734418056292528,11.749178330577173,7165200
1997-08-01,12.339591979980469,12.457674199884588,12.162468650124291,12.39863308993253,3532200
1997-08-04,12.383870124816895,12.39863039910154,12.17722628483187,12.339589301962961,3340200
1997-08-05,12.634793281555176,12.67907409913072,12.280546740950825,12.369108376101913,2597000
1997-08-06,12.679079055786133,12.752880447263351,12.442914603059034,12.605277664308915,1819600
1997-08-07,12.457674980163574,12.73812027000138,12.442914701751059,12.679079156351316,2943400
1997-08-08,12.723356246948242,12.841438439495326,12.251027476759909,12.280548024896678,4697600
1997-08-11,12.708599090576172,12.723359368265575,12.398633259098704,12.398633259098704,5459800
1997-08-12,12.236268043518066,12.752877671410868,12.206747493352763,12.752877671410868,3516000
1997-08-13,12.221504211425781,12.472428814800466,11.92629879569086,12.442908273226974,2571400
1997-08-14,12.251033782958984,12.383876317954925,12.103430966296827,12.280554346291416,1450400
1997-08-15,11.77869987487793,12.251028691915641,11.763939599345502,12.251028691915641,1967000
1997-08-18,11.704901695251465,11.837744211338808,11.306374146989436,11.749182533947245,3496200
1997-08-19,12.428156852722168,12.428156852722168,11.793464756918066,11.793464756918066,2299600
1997-08-20,12.575754165649414,12.575754165649414,12.33958976817243,12.4281514172263,1902600
1997-08-21,12.295309066772461,12.605274841565045,12.1919871418416,12.575754291584799,2094000
1997-08-22,12.221504211425781,12.236264482212528,11.513011213661969,11.778696087823398,3202600
1997-08-25,11.808220863342285,12.265789421796798,11.778700311183929,12.206748317480088,1172000
1997-08-26,11.852502822875977,12.029626152732156,11.763941157947887,11.808221990411932,1600000
1997-08-27,11.704901695251465,11.867264770469328,11.335894706119955,11.793463372643027,2921600
1997-08-28,11.498258590698242,11.704902519157518,11.439217468281306,11.704902519157518,2092000
1997-08-29,11.365413665771484,11.55729727311568,11.35065338828347,11.542536995627664,1363000
1997-09-02,11.955828666687012,11.985349231296116,11.380177656809488,11.39493793911404,1845000
1997-09-03,11.970590591430664,12.13295371905796,11.867268601122385,11.95583030710091,1695200
1997-09-04,12.324834823608398,12.324834823608398,11.896786668057928,11.941067511735563,1609400
1997-09-05,12.029623985290527,12.428151405662115,11.852500687347598,12.39863085600496,1768000
1997-09-08,12.059150695800781,12.177232954755992,12.014869848692578,12.088671260539584,1332200
1997-09-09,12.044388771057129,12.147710733553943,11.896785967490253,11.926306528203627,1041200
1997-09-10,11.98534870147705,12.1772323629539,11.95582813817292,11.95582813817292,2584800
1997-09-11,11.631099700927734,12.044387507559685,11.49825719165318,11.98534639232655,2706800
1997-09-12,12.044388771057129,12.073909331770503,11.660621481783249,11.896785967490253,2439800
1997-09-15,12.073912620544434,12.191994895561983,11.941070061149691,11.985350914281272,1508800
1997-09-16,12.930001258850098,12.989042360488682,12.265788865416017,12.310069691644955,2431200
1997-09-17,12.885721206665039,13.136645903702044,12.85620065407245,12.930002035553922,2506000
1997-09-18,12.915243148803711,13.136647317068917,12.738119814191545,13.077606205531529,1907200
1997-09-19,13.136645317077637,13.136645317077637,12.811919253059987,12.989042560705977,2978200
1997-09-22,13.328537940979004,13.417099654872553,13.121893941894058,13.225215941436531,2184800
1997-09-23,13.210451126098633,13.37281421256465,13.048088039632615,13.34329365138901,2662000
1997-09-24,13.446609497070312,13.727054700631603,13.343287579968784,13.343287579968784,4215000
1997-09-25,13.313773155212402,13.50565680379085,13.166170348613594,13.431855400491447,2161600
1997-09-26,13.239971160888672,13.476135640904523,13.180930040884709,13.313772560893625,1792800
1997-09-29,13.018564224243164,13.210447823920218,12.900482009057285,13.210447823920218,2041000
1997-09-30,12.7676420211792,12.989046218078261,12.708600902006117,12.989046218078261,2886000
1997-10-01,12.826680183410645,12.900481565363526,12.693837695895459,12.782399354238917,4452000
1997-10-02,13.107126235961914,13.166167345132914,12.797160412814165,12.811920690106916,3695200
1997-10-03,13.2990083694458,13.549933055661759,13.003802856250555,13.549933055661759,3361600
1997-10-06,13.313773155212402,13.372814277851925,13.195690909933356,13.343293716532163,1539400
1997-10-07,13.874664306640625,13.874664306640625,13.343294184258644,13.343294184258644,2539400
1997-10-08,13.549935340881348,13.800860069416188,13.4613736719867,13.78609979126708,1400200
1997-10-09,13.25755500793457,13.479500683290617,13.21316587286336,13.33153689971992,2663400
1997-10-10,13.124395370483398,13.28715562874193,13.06520982202575,13.13919175759781,1123400
1997-10-13,13.346338272094727,13.39072742377575,13.109596129795928,13.183578049264304,1709800
1997-10-14,13.901202201843262,13.908600393541953,13.331541441043937,13.479505275017788,3368200
1997-10-15,13.583085060119629,13.745845338617794,13.44991755953022,13.731048949663416,1699800
1997-10-16,13.242761611938477,13.805024116132511,12.961630359841458,13.701449444307295,2024200
1997-10-17,12.99122142791748,13.15398160526041,12.59171917443938,12.99122142791748,2258800
1997-10-20,12.99122142791748,13.035610567192824,12.724886592265413,12.813664870816103,1361200
1997-10-21,13.198371887207031,13.198371887207031,13.006018933693925,13.050408076812335,1635000
1997-10-22,13.094796180725098,13.257556359242585,12.902443242477158,13.183574459916455,1481800
1997-10-23,12.769279479980469,12.902446936897995,12.562130102553208,12.887650552796048,1214400
1997-10-24,12.75447940826416,12.991221485447717,12.458551811784714,12.991221485447717,1963000
1997-10-27,11.200861930847168,12.75448214582597,11.052898100849186,12.724889379826372,2203400
1997-10-28,12.014665603637695,12.192222238174212,10.416655892809036,10.5646197549228,5828200
1997-10-29,11.86669921875,12.354979859920512,11.689142621960723,11.86669921875,3077000
1997-10-30,11.24525260925293,11.703940544630353,11.126881529155531,11.659551389593828,3613600
1997-10-31,11.60036563873291,11.896293333598546,11.334030713353838,11.659551177706037,2337800
1997-11-03,12.295792579650879,12.310588960613154,11.985068579443094,12.059050484254472,2813800
1997-11-04,13.006022453308105,13.227968228961826,12.428963436608427,12.54733451695708,3787800
1997-11-05,13.153984069824219,13.4351153379082,12.932038331863179,13.020816627047594,3151200
1997-11-06,13.094796180725098,13.094796180725098,12.724886684094445,12.991221521668516,1599200
1997-11-07,12.902443885803223,13.00601855002412,12.606516273743516,12.6213126543465,2304800
1997-11-10,12.443756103515625,12.88764752219038,12.428959722893133,12.872851141567887,1893800
1997-11-11,12.147828102111816,12.517737605830202,12.044253441070667,12.443755705086526,2134400
1997-11-12,11.76312255859375,12.192217595322328,11.718733416863207,12.073846550707547,2025800
1997-11-13,11.777914047241211,11.940674165984493,11.304430065442569,11.83709954496604,2272000
1997-11-14,12.07384967803955,12.07384967803955,11.79271837426167,11.896293065127205,3138800
1997-11-17,12.38456916809082,12.517736578500399,12.280994515550036,12.310587273418832,2101200
1997-11-18,11.955477714538574,12.369776447220605,11.851903031368067,12.354980063910531,2476400
1997-11-19,12.310586929321289,12.310586929321289,11.925881087779999,11.955473844821636,2671600
1997-11-20,12.99122142791748,13.168777985018858,12.340180718545762,12.369773478062658,2287000
1997-11-21,12.813660621643066,12.991217119864448,12.739678747384158,12.991217119864448,2158200
1997-11-24,12.606517791748047,12.84325990990294,12.606517791748047,12.680499703671451,2326400
1997-11-25,12.78407096862793,12.902441996115225,12.414161507730132,12.843256482371578,1970000
1997-11-26,12.843263626098633,13.094802199420842,12.75448530610256,12.75448530610256,1752400
1997-11-28,12.85805606842041,13.006019889691071,12.78407415778508,12.946834361182807,560600
1997-12-01,13.28715705871582,13.361139002249873,12.828469008804696,12.99122928457961,2436400
1997-12-02,13.301945686340332,13.316742066414125,13.213167405897572,13.257556546118952,2686600
1997-12-03,13.538689613342285,13.612671523797708,13.183576443156259,13.301947499884934,2615800
1997-12-04,13.686659812927246,13.819827313809782,13.583085090018608,13.612677867992504,2537200
1997-12-05,13.81982421875,13.84941699009636,13.479507348266862,13.553489276632762,2050600
1997-12-08,13.879003524780273,14.086152831120277,13.70144697648884,13.908596282828846,1426000
1997-12-09,13.686659812927246,14.086162315574853,13.671863423940298,13.879012869757576,2659400
1997-12-10,13.686659812927246,13.760641757861988,13.494306756096917,13.538695923057762,3310600
1997-12-11,13.509103775024414,13.64227128211666,13.361139878255253,13.494307385347499,2373200
1997-12-12,13.242761611938477,13.568282009103443,12.991223123220092,13.568282009103443,1385600
1997-12-15,12.96163272857666,13.27235680083706,12.96163272857666,13.21317126326365,2387600
1997-12-16,12.99122142791748,13.242759883811098,12.932035908883687,13.198370744535755,2204200
1997-12-17,13.109599113464355,13.183581049770588,12.976431628113138,13.020820789896877,1468200
1997-12-18,12.695295333862305,13.10959401608625,12.310589414654357,13.10959401608625,1599800
1997-12-19,12.650901794433594,12.872847439949972,12.221806879768595,12.517734407123767,3796800
1997-12-22,12.798866271972656,12.961626421096007,12.473345973725952,12.82845902635872,1777000
1997-12-23,12.72488784790039,12.87285166008528,12.517738510841548,12.72488784790039,1467600
1997-12-24,12.369772911071777,12.724886008997283,12.251401878429942,12.724886008997283,830800
1997-12-26,12.532529830932617,12.576918956662013,12.340176952771904,12.340176952771904,274200
1997-12-29,13.06519889831543,13.124384397288546,12.54732578230066,12.54732578230066,1207000
1997-12-30,13.538689613342285,13.55348599543337,13.050409004336498,13.065205386427582,2224400
1997-12-31,13.997384071350098,13.997384071350098,13.420324897161246,13.53869600981537,3466800
1998-01-02,13.908605575561523,13.997383909022554,13.701456130819118,13.849420019920835,2935800
1998-01-05,14.411676406860352,14.5300474656436,14.026970465814799,14.026970465814799,3844000
1998-01-06,14.204522132873535,14.204522132873535,13.86420545677344,14.056558360656103,3759800
1998-01-07,13.84941577911377,14.263714541736832,13.805026625975584,14.20452900421925,5091800
1998-01-08,13.952994346618652,14.012179900580978,13.745844907750506,13.834623238693997,4188200
1998-01-09,13.25755500793457,13.923392034002713,13.13918398107801,13.923392034002713,3862400
1998-01-12,13.0208158493042,13.139186902479691,12.754480979659341,12.784073742953215,4374000
1998-01-13,13.242761611938477,13.257557993627792,13.020815886598726,13.050408649977358,2313600
1998-01-14,13.390730857849121,13.390730857849121,13.153988654837423,13.24276698096681,2487400
1998-01-15,13.170963287353516,13.36399882595058,12.977927748756452,13.34914993836619,1627800
1998-01-16,13.349145889282227,13.46793695392545,13.274901473880213,13.304599240041018,1780200
1998-01-20,13.824312210083008,13.854009980673949,13.200659027673249,13.408543421809835,3040200
1998-01-21,13.824312210083008,13.89855663656036,13.660974471832832,13.88370775126489,2538800
1998-01-22,13.052180290222168,13.70553174957345,12.844295734974034,13.631287265556258,4146200
1998-01-23,12.844286918640137,13.185811310696463,12.606704732861822,13.11156687764074,3921200
1998-01-26,12.873982429504395,13.185808993540833,12.829435777499189,13.185808993540833,2291400
1998-01-27,13.11155891418457,13.11155891418457,12.59184819844679,12.81458136233441,4089600
1998-01-28,13.646130561828613,13.750072796793575,13.08187271487596,13.126419387003802,2544600
1998-01-29,13.839168548583984,14.16584420101837,13.557039576027016,13.646132935781848,2844600
1998-01-30,13.868867874145508,14.16584577294948,13.586738870281733,13.868867874145508,2381600
1998-02-02,14.641002655029297,14.655851542103363,14.106442720362912,14.121291607436978,4262600
1998-02-03,14.566753387451172,14.640997798192512,14.418264565968489,14.640997798192512,1718000
1998-02-04,14.551911354064941,14.596458021475344,14.40342246269693,14.477666908380936,2604200
1998-02-05,14.447970390319824,14.789494870255442,14.29948148599999,14.59645929463966,2712400
1998-02-06,14.566753387451172,14.596451151747708,14.344020155227147,14.418264565968489,2290000
1998-02-09,14.537060737609863,14.596456287099587,14.447967413375277,14.581607399727156,996400
1998-02-10,14.730096817016602,14.77464348077774,14.507363498210907,14.537061274051666,3571400
1998-02-11,14.596455574035645,14.834037760388208,14.358873387683081,14.73009555385896,1848400
1998-02-12,15.190412521362305,15.234959185647824,14.863736983268492,14.878585871363665,3830000
1998-02-13,15.205262184143066,15.309204406104982,14.863737740553916,14.967679962515831,4256400
1998-02-17,15.4131441116333,15.591330748762008,15.338899679496338,15.427992998060692,2565400
1998-02-18,15.858601570129395,15.917997081628005,15.309193088767234,15.309193088767234,4910600
1998-02-19,16.03679656982422,16.14073876981382,15.784365512706614,15.828912169845015,2658200
1998-02-20,16.304073333740234,16.348619982193078,16.007095677387955,16.155584505564093,2120200
1998-02-23,16.378328323364258,16.393177215769846,16.15559493728043,16.185292722091607,1853800
1998-02-24,16.482269287109375,16.66045598210515,16.28923370086395,16.318931483363247,2630600
1998-02-25,16.749544143676758,16.957428556807496,16.511961957241628,16.54165973054602,2337800
1998-02-26,16.690149307250977,16.972278165647566,16.690149307250977,16.7495448563871,2318200
1998-02-27,16.586204528808594,16.64560006875061,16.422866793968044,16.601053413794098,2278400
1998-03-02,16.615907669067383,16.64560544863676,16.482267661005178,16.556512109928626,1593200
1998-03-03,16.586204528808594,16.67529783872162,16.43771567895355,16.586204528808594,2365800
1998-03-04,16.586204528808594,16.615902298779602,16.333773484055016,16.586204528808594,1775600
1998-03-05,16.57135772705078,16.586206613902977,16.318926650563448,16.393171084824427,2351400
1998-03-06,16.853487014770508,16.898033676483557,16.601055931729892,16.630753706205258,2308600
1998-03-09,17.046518325805664,17.091064976482855,16.660447353269994,16.660447353269994,2074600
1998-03-10,17.625625610351562,17.64047449460628,17.22470573547415,17.269252388238304,2602000
1998-03-11,17.551387786865234,17.774121134414287,17.506841117355425,17.521690007192028,2615200
1998-03-12,17.595928192138672,17.640474845789655,17.46228823118572,17.491986000286374,1791400
1998-03-13,17.759265899658203,17.907754744973072,17.610777054343334,17.610777054343334,2396400
1998-03-16,17.93745231628418,17.981998969387533,17.75926570387076,17.75926570387076,3285400
1998-03-17,18.219579696655273,18.293824112697063,17.907753149279756,17.907753149279756,4436400
1998-03-18,18.382911682128906,18.501702710769482,18.041387474787253,18.056236353367325,3542800
1998-03-19,18.293825149536133,18.38291845383582,17.892905280187534,18.38291845383582,1684200
1998-03-20,17.922603607177734,18.085941336820614,17.8335103000998,17.98199914522969,2582200
1998-03-23,17.759265899658203,17.892905860441584,17.625625938874823,17.892905860441584,2585200
1998-03-24,18.219579696655273,18.219579696655273,17.907753149279756,17.907753149279756,1647400
1998-03-25,17.98200225830078,18.50171330622855,17.65532674246047,18.47201553206125,2881800
1998-03-26,17.373201370239258,17.982005862700635,17.373201370239258,17.982005862700635,2796000
1998-03-27,17.58108139038086,17.685023594546962,17.462290299905312,17.566232504071415,2655200
1998-03-30,17.3435001373291,17.566233443887267,17.239557927601957,17.52168678257563,2396000
1998-03-31,17.313796997070312,17.477134704589844,17.135610407049004,17.402890292080965,2482000
1998-04-01,17.313796997070312,17.402890292080965,17.22470370205966,17.25440146706321,2560400
1998-04-02,17.551387786865234,17.729574464904477,17.3880499986626,17.4028988884992,2814800
1998-04-03,17.922603607177734,18.026545798768655,17.595928147891975,17.6998703394829,4075200
1998-04-06,19.006568908691406,19.27384878396988,18.486858040094376,18.53140468597412,8638600
1998-04-07,19.095666885375977,19.452040139846446,18.96202691494955,19.00657357175836,7171800
1998-04-08,19.259008407592773,19.37037507147631,19.00657730279009,19.00657730279009,4095000
1998-04-09,19.55599021911621,19.823270267669052,19.30355906214964,19.392652411667253,2054200
1998-04-13,20.10971450805664,20.21390992001548,19.678047801370006,19.707817919072532,4616600
1998-04-14,19.722705841064453,20.06506224434331,19.692935719040204,20.050177183331183,2790000
1998-04-15,19.52919578552246,19.76735670973615,19.231494630255348,19.76735670973615,4217400
1998-04-16,19.23148536682129,19.529186378691588,19.11240496207317,19.484531226911045,1743600
1998-04-17,19.84177017211914,19.90131036768439,19.171942972010093,19.201713069792717,2751200
1998-04-20,19.43989372253418,19.78225019697391,19.023111927564074,19.78225019697391,1280600
1998-04-21,18.963558197021484,19.261259267618367,18.933788089961798,19.05286851820055,2483600
1998-04-22,19.21660614013672,19.380341746288153,19.082640644194633,19.082640644194633,1797000
1998-04-23,18.88913345336914,19.23148969405274,18.844478291540845,19.157064424338916,3433200
1998-04-24,18.621198654174805,19.142175435066985,18.576543501526903,18.814704315649045,2090800
1998-04-27,17.90671730041504,18.234188439741,17.62390131645171,18.219303387953456,4358000
1998-04-28,17.683443069458008,18.10022455594355,17.683443069458008,17.981144131233396,3154600
1998-04-29,18.263959884643555,18.338385149047156,17.817408298221952,17.862063456864114,2579800
1998-04-30,18.784942626953125,18.84448285714949,18.4872414759713,18.4872414759713,3525800
1998-05-01,18.81470489501953,18.91890025440651,18.665854381609567,18.755164689655548,1661200
1998-05-04,18.755172729492188,19.11241411481585,18.755172729492188,18.874253191266742,1316200
1998-05-05,18.457469940185547,18.695630842639556,18.338389488958544,18.695630842639556,1845400
1998-05-06,17.936487197875977,18.517004210919264,17.92160214625948,18.397923797987307,2100600
1998-05-07,17.683443069458008,18.085339502854783,17.62390285710293,17.936488971967087,1401200
1998-05-08,18.01091194152832,18.08533719748505,17.728095968892752,17.728095968892752,1482800
1998-05-11,17.862064361572266,18.36815618515015,17.862064361572266,17.891834468841555,1546000
1998-05-12,17.98114585876465,18.025801022321183,17.519709168680457,17.80252520453851,3991400
1998-05-13,17.787643432617188,17.936494005275073,17.74298826081982,17.86206871894613,1091800
1998-05-14,17.921600341796875,17.981140542267962,17.802519940854705,17.832290041090246,1277600
1998-05-15,18.263959884643555,18.323500096166434,17.891833562625553,17.90671861550627,1620800
1998-05-18,17.77275276184082,18.531890442622966,17.77275276184082,18.249074443900206,2471400
1998-05-19,18.159770965576172,18.174656023744678,17.757874395026533,17.92161003488009,2097000
1998-05-20,18.784942626953125,18.87425297224767,18.01091963440038,18.219310440087657,2403000
1998-05-21,18.99332618713379,19.320797328291267,18.874245772167434,18.874245772167434,3534200
1998-05-22,18.85936164855957,19.157062700628387,18.784936385542366,19.0528673324043,1942000
1998-05-26,18.51701545715332,19.27615355065398,18.51701545715332,18.963567276859592,2052400
1998-05-27,18.159770965576172,18.39793189627225,17.77275945319504,18.219311198250193,2772600
1998-05-28,18.51701545715332,18.51701545715332,17.951383152192047,18.159774001388307,1582800
1998-05-29,18.591434478759766,18.93379075819249,18.531894256249725,18.576549423132256,1772200
1998-06-01,18.799821853637695,18.993327541759065,18.53189090085426,18.606316165516326,1856400
1998-06-02,18.710512161254883,19.08263849699981,18.695627107825086,18.993328176421027,2678400
1998-06-03,18.710512161254883,19.112408603859404,18.695627107825086,18.77005237497407,2799800
1998-06-04,19.00821304321289,19.097523362914753,18.68074187097273,18.770052190674594,1335000
1998-06-05,19.23148536682129,19.23148536682129,18.93378435495099,19.067749810292625,1739600
1998-06-08,19.573841094970703,19.73757664785639,19.09751948657598,19.24636998919933,2709000
1998-06-09,19.499418258666992,19.558958467090402,19.36545278971432,19.499418258666992,2435800
1998-06-10,19.201711654663086,19.499412610549335,19.127286415691525,19.499412610549335,1916000
1998-06-11,19.00821304321289,19.424994535154912,18.75516713739095,19.186833682616616,1932200
1998-06-12,18.829591751098633,19.127292806451972,18.487235537442295,19.008212384310635,1937600
1998-06-15,17.95137596130371,18.56166320376926,17.93649090660943,18.546778149074978,2174600
1998-06-16,18.05556869506836,18.189534167661613,17.862063012433662,18.040683642557998,2240200
1998-06-17,18.799821853637695,19.023097647623892,18.263959948070827,18.263959948070827,2586800
1998-06-18,18.755172729492188,19.09752905709403,18.71051755632673,18.770057787214007,2512000
1998-06-19,18.770051956176758,18.918902487153574,18.576546265906895,18.576546265906895,2495200
1998-06-22,19.023099899291992,19.320800993177627,18.874249352349175,18.874249352349175,2772800
1998-06-23,19.663158416748047,19.678043472324692,18.99333091579902,19.08264124925889,2481600
1998-06-24,20.63069725036621,20.72000762807342,19.648283095586866,19.66316815853807,4238000
1998-06-25,20.89861297607422,21.181428963642176,20.57114183257448,20.70510730036983,3482600
1998-06-26,20.824182510375977,20.943262896425303,20.74975726909515,20.80929746211981,1661000
1998-06-29,20.57114601135254,21.166548211391685,20.526490846349603,20.88373216637309,1827600
1998-06-30,21.761951446533203,21.761951446533203,20.58603204552354,20.719997546904388,5316200
1998-07-01,21.464248657226562,21.523788875415818,21.017697020807148,21.434478548131935,4621400
1998-07-02,21.479127883911133,21.494012934419732,21.255852126282118,21.43447273238533,2096600
1998-07-06,21.34516716003418,21.58332802095506,21.196316621958626,21.419592429071955,2288800
1998-07-07,21.56843376159668,21.56843376159668,21.226077670142764,21.34515804977891,2927000
1998-07-08,21.92568588256836,22.014996212028922,21.642869839276575,21.672639949096762,2851600
1998-07-09,21.598217010498047,21.910803197417728,21.58333195397806,21.82149285829782,1722600
1998-07-10,22.00011444091797,22.00011444091797,21.25586158432399,21.59821789835722,2262000
1998-07-13,22.35735321044922,22.535973875246416,22.074537157853655,22.14896243485249,2255400
1998-07-14,22.554262161254883,22.613929521469846,22.076923279535205,22.315592720395045,2031800
1998-07-15,22.554262161254883,22.882432642437163,22.434927440824964,22.494594801039923,2055000
1998-07-16,22.718334197998047,22.733251029382156,22.3155797506271,22.49458172723641,1810600
1998-07-17,23.121105194091797,23.210606246456024,22.628849406088552,22.71835045845278,2002400
1998-07-20,22.86750602722168,23.091258532380404,22.86750602722168,22.912256528253423,1187800
1998-07-21,22.584091186523438,23.270265687567083,22.584091186523438,23.106180480795775,2770600
1998-07-22,22.151491165161133,22.554245549982245,21.912821900081955,22.434910917442654,2530400
1998-07-23,21.853160858154297,22.196248025210643,21.80841035810347,22.047079691707886,1544200
1998-07-24,21.5399112701416,21.868081663454007,21.122239860471264,21.793497483155733,3573000
1998-07-27,21.28632354736328,21.569743412394747,20.689650147297037,21.211739372354998,2582000
1998-07-28,20.89847755432129,21.122229990663058,20.77914292160568,21.002895357947448,2712800
1998-07-29,20.913410186767578,21.510083801226,20.823909144598815,21.062578590382184,2089800
1998-07-30,21.122243881225586,21.316162786914802,21.077493364528074,21.152077559023926,2799200
1998-07-31,20.779155731201172,21.166993526614835,20.585236833494342,21.09240933518913,2173000
1998-08-03,20.257062911987305,20.734401655126916,20.257062911987305,20.719484819403807,3028000
1998-08-04,19.31730079650879,20.43606339090119,19.31730079650879,20.19739403743081,4129600
1998-08-05,19.675310134887695,19.809561682434314,18.94438504268944,19.332222846713005,4902400
1998-08-06,20.21231460571289,20.376399816534175,19.481389575690798,19.600724274469915,2750200
1998-08-07,20.31672477722168,20.98798220378187,20.152639628506968,20.286891113819006,3248400
1998-08-10,19.496307373046875,20.1824819248144,19.466473696883067,20.13773141056869,2327800
1998-08-11,19.347139358520508,19.436640388706415,18.526713248483016,18.914551045955285,4369000
1998-08-12,19.153209686279297,19.66038190538638,19.093542366384348,19.436629455780317,2876000
1998-08-13,18.81012725830078,19.153214432718638,18.79521042463044,19.153214432718638,2493400
1998-08-14,18.347700119018555,19.09354158727134,18.317866460288442,18.810121829335284,3144000
1998-08-17,19.391876220703125,19.436626704289363,18.049361713115985,18.33278144249549,4402000
1998-08-18,20.122812271118164,20.137729107494085,19.242718924938792,19.40680412507393,2768200
1998-08-19,19.764814376831055,20.316737495278414,19.511228079166052,20.316737495278414,2126800
1998-08-20,19.12337875366211,19.73496886980887,19.12337875366211,19.645467877202027,2348200
1998-08-21,18.347700119018555,18.675870365049782,18.034446702352383,18.616203047589558,4942800
1998-08-24,18.556550979614258,18.750469920719553,18.01954468116883,18.377548880132448,2282200
1998-08-25,18.795217514038086,19.451558443099735,18.452130210210406,18.81013435333494,2765400
1998-08-26,18.153785705566406,18.422288698746517,17.974783710112998,18.407371865792065,2920800
1998-08-27,16.602439880371094,17.780870024620253,16.25935262318463,17.780870024620253,6717400
1998-08-28,15.573175430297852,16.91569055359939,15.036169380977235,16.677021198345784,9883400
1998-08-31,13.85774040222168,15.826762719867817,13.574320523166554,15.722344869689612,5276600
1998-09-01,13.753324508666992,13.962160238733519,11.81413558662067,13.917409725147834,12437400
1998-09-02,14.081497192382812,14.85717288518356,13.604158304505429,13.633991984997765,8613200
1998-09-03,12.798645973205566,13.54448781313596,12.35114086924733,13.54448781313596,7892800
1998-09-04,11.993134498596191,13.03731287533964,11.694797819526634,12.888144535804862,11153000
1998-09-08,13.037314414978027,13.246150114989117,12.47047465780507,13.126815429268495,8295600
1998-09-09,11.948379516601562,13.007474330182974,11.933462688241262,13.007474330182974,8405800
1998-09-10,11.530718803405762,11.605303013000883,11.03846302007796,11.515801961486737,8599800
1998-09-11,12.172138214111328,12.32130657457838,10.978791330374923,11.23237754316891,8014800
1998-09-14,12.67930793762207,13.156646589391372,12.559973274679745,12.619640606150908,7227000
1998-09-15,13.440067291259766,13.559401961992371,12.515223593082068,12.64947509765625,6057600
1998-09-16,14.454411506652832,14.663247173415618,13.410233172838902,13.60415200626149,8671000
1998-09-17,13.320728302001953,13.63398171111958,13.141726353934738,13.425146105041163,7603200
1998-09-18,13.022400856018066,13.42515552166811,13.007484016549546,13.335654484856988,5718600
1998-09-21,12.858311653137207,13.037313671510347,12.142303579644647,12.64947596503521,4367800
1998-09-22,12.768810272216797,13.26106580841207,12.559974590194559,13.007479623099353,3354600
1998-09-23,13.663817405700684,13.812985717989992,12.440637244928352,12.888142181796278,8937400
1998-09-24,12.306390762329102,13.812991328383937,12.008054016575668,13.812991328383937,13468000
1998-09-25,12.559971809387207,12.738973782917666,11.709712435117527,11.843963915265372,9341000
1998-09-28,11.75446891784668,13.022400209746385,11.545633175651433,13.022400209746385,8908400
1998-09-29,10.7699556350708,12.082637208320428,10.740121962951491,11.81413415924664,13731400
1998-09-30,10.292617797851562,10.88929129337919,9.904780025758605,10.769956594273664,12690000
1998-10-01,9.546771049499512,10.262778878211975,9.44235324114561,9.860024474561214,14319200
1998-10-02,10.471616744995117,10.620785074695902,9.621357265700642,9.666107764610876,12967400
1998-10-05,9.74069881439209,10.262788337368695,9.606447222769534,10.053952528178053,7730400
1998-10-06,9.949529647827148,10.546203089975704,9.845111795451151,10.098698008364288,9148400
1998-10-07,9.173850059509277,10.068859821412621,9.009764936493664,9.785440063476562,10582000
1998-10-08,9.934616088867188,10.024117134712839,8.711435128976634,8.950104584565034,20044400
1998-10-09,10.91912841796875,11.083213681080302,10.18820315501729,10.23295368132044,16348200
1998-10-12,11.023544311523438,11.694802084214311,10.919126435771524,11.456132653924222,9200400
1998-10-13,11.221301078796387,11.50595357612233,10.846758319156988,10.981593712627172,4692000
1998-10-14,11.640791893005371,11.805590748633504,11.026541612936876,11.251267325157057,5741600
1998-10-15,13.243836402893066,13.243836402893066,11.625811141001153,11.700719717940594,8971600
1998-10-16,13.004127502441406,13.903030325190812,12.644566373341643,13.288780062978718,13507200
1998-10-19,13.588414192199707,13.873066749698928,12.884273655227947,12.959182222990899,5530200
1998-10-20,13.45357894897461,14.547244052844482,13.423615521471325,14.022884071537009,9008600
1998-10-21,13.288776397705078,13.603392298890881,12.899251948617895,13.48353862224867,6377000
1998-10-22,14.037858963012695,14.172694321248676,13.153938281243486,13.288773639479466,5355200
1998-10-23,14.022884368896484,14.4723357909765,13.76819522971781,13.918012370411148,6277000
1998-10-26,14.27757453918457,14.412409975546229,14.082812242217729,14.082812242217729,5426600
1998-10-27,13.918009757995605,14.48731478577153,13.903028046738344,14.48731478577153,6917000
1998-10-28,14.262584686279297,14.502291991931049,13.918005434404902,13.918005434404902,6389000
1998-10-29,15.056617736816406,15.101562864388994,14.29255056808244,14.412404241609337,6329600
1998-10-30,15.580975532531738,15.8656279701453,15.161487729732807,15.206432851461264,7790800
1998-11-02,15.341269493103027,15.730793913826346,15.146507282741368,15.521049994975328,6783600
1998-11-03,14.816910743713379,15.58097793069961,14.80192903416463,15.341270577919616,5428200
1998-11-04,14.966728210449219,15.416179508060306,14.966728210449219,15.071600179891806,5060000
1998-11-05,15.580975532531738,15.760756019445566,14.756981634176695,14.861853584876426,5166800
1998-11-06,15.580975532531738,15.760756019445566,15.371231631132272,15.461121874589185,4213000
1998-11-09,15.760756492614746,15.790719907999945,15.31130526183676,15.58097600030355,3325400
1998-11-10,15.101567268371582,15.64090895652771,15.101567268371582,15.551018675168354,3887400
1998-11-11,14.262584686279297,15.311304148505716,14.202657859866358,15.116541962663666,5072400
1998-11-12,14.322514533996582,14.547240180450503,13.783172982507171,14.232624275415013,4771800
1998-11-13,14.682077407836914,14.801931100962113,14.202662635336116,14.262589481898717,4316400
1998-11-16,15.356250762939453,15.521049551614901,15.056616601711367,15.10156172589558,3840600
1998-11-17,15.970494270324707,16.40496362664686,14.861848326606106,15.161482365448972,7544600
1998-11-18,15.65588665008545,16.10533794147546,15.281343907260439,15.910575715206457,5224200
1998-11-19,15.95551872253418,16.105335799741074,15.536030906354878,15.595957737237635,3337200
1998-11-20,16.91434669494629,16.929328401496285,16.195224780546447,16.195224780546447,4442000
1998-11-23,17.64845085144043,17.9480849915328,17.109109399274168,17.109109399274168,6623800
1998-11-24,17.348817825317383,18.397537382979056,17.348817825317383,17.858195896181623,7404600
1998-11-25,17.13907814025879,17.603511201751814,17.109114716936656,17.348822103513704,2781400
1998-11-27,17.918121337890625,18.06793840593319,17.408743306545908,17.408743306545908,1297400
1998-11-30,16.689619064331055,17.9331005565568,16.689619064331055,17.9331005565568,3138800
1998-12-01,16.36002540588379,16.494860780108105,15.850647325480814,16.060391240940863,5618200
1998-12-02,16.300085067749023,16.764517638613196,16.285103371914694,16.315066763583353,5276400
1998-12-03,15.715808868408203,16.494857544439878,15.700827163099902,16.31507708074026,5767400
1998-12-04,16.479877471923828,16.91434696891091,15.880609200217506,16.00046285455877,3979800
1998-12-07,16.569778442382812,16.97428478772127,16.404979560948625,16.719595607322983,2599400
1998-12-08,15.865628242492676,16.345042882492454,15.74577458249273,16.000463609992615,3933000
1998-12-09,16.06039810180664,16.360032394750792,15.820690667451318,16.27014210686755,3920000
1998-12-10,16.01544761657715,16.22519155168667,15.865630520070347,16.06039274552919,2746800
1998-12-11,15.98548698425293,16.1952309559301,15.700834451262484,15.880614998414345,2913400
1998-12-14,14.936758995056152,15.91056976203574,14.936758995056152,15.74577101685458,4296400
1998-12-15,15.94054126739502,15.94054126739502,14.996693429194,15.176473969803718,5145400
1998-12-16,15.880608558654785,16.28511462571486,15.775736615342915,15.940535383404427,2766800
1998-12-17,16.554784774780273,16.76452865427975,16.270132366888124,16.270132366888124,3370000
1998-12-18,17.169031143188477,17.273903061166067,16.689616661005203,16.779506876414565,4338800
1998-12-21,18.35259437561035,18.487429762859733,17.618490600585936,17.64845401997469,5002400
1998-12-22,17.993026733398438,18.202770592072522,17.648447537005293,18.157825479499504,3061600
1998-12-23,18.472440719604492,18.56233094208432,17.873172569738976,18.20277005216501,2350000
1998-12-24,18.77207374572754,18.87694566609473,18.397531172987563,18.47243968753556,1201000
1998-12-28,18.457468032836914,19.011791342264647,18.09790696726217,19.011791342264647,2616400
1998-12-29,18.12786102294922,18.697165749289773,18.097897616299715,18.472440199418504,1923800
1998-12-30,17.543575286865234,18.397532410137067,17.393758247694738,18.037971516127875,2082600
1998-12-31,17.019216537475586,17.813246886495133,17.019216537475586,17.4237225643346,1934200
1999-01-04,17.438709259033203,17.963069073523034,16.974276280485068,16.974276280485068,6026800
1999-01-05,17.978050231933594,18.03797706604004,17.438708724975584,17.438708724975584,4945600
1999-01-06,19.34138298034668,19.536145163727397,18.59229765965161,18.69716960454892,7970600
1999-01-07,20.180356979370117,20.52493620025023,19.685960705933432,19.895704579512632,7938400
1999-01-08,21.154170989990234,21.214097819990208,20.25526853999065,20.40508561499058,7811800
1999-01-11,20.974390029907227,21.289005880355834,20.554902229309082,20.854536372593472,4614800
1999-01-12,19.760873794555664,20.58486777385859,19.58109328998048,20.494977521571,6436400
1999-01-13,19.730915069580078,20.0155676028542,18.172816992711187,18.217762129543942,9383800
1999-01-14,19.42798614501953,20.059057620727824,19.292756543082042,19.72849637154729,4963800
1999-01-15,20.569934844970703,20.569934844970703,19.83368443780959,20.029016178484987,4883200
1999-01-19,20.404659271240234,21.366292697867166,20.194301959165593,21.366292697867166,4489400
1999-01-20,21.035715103149414,21.276123275756834,20.5849497795105,20.79530693054199,4400800
1999-01-21,20.569934844970703,20.870445215240544,20.359577585781814,20.55490932645721,4399000
1999-01-22,19.548194885253906,20.284445115367234,19.473067310752544,20.224343055766145,3524800
1999-01-25,19.95388412475586,20.044037215680962,19.57824624590127,19.95388412475586,2618200
1999-01-26,20.269428253173828,20.314504817117136,19.83368813505519,19.83368813505519,2897400
1999-01-27,19.65338134765625,20.494810518503918,19.638355826748256,20.404657393055952,3701000
1999-01-28,20.2393741607666,20.314501756018146,19.473072689200826,19.683429955905158,3584000
1999-01-29,20.825380325317383,21.21604402550371,20.434716625131053,20.67512505601495,5002200
1999-02-01,21.080806732177734,21.441419249335443,20.76527077966474,20.76527077966474,4691800
1999-02-02,21.486488342285156,21.486488342285156,20.584957362888577,21.005671819940314,5380600
1999-02-03,22.057462692260742,22.838789708607855,21.020701843646307,21.15593151955254,13611600
1999-02-04,21.576642990112305,22.222740238423466,21.516540920501964,22.20771472102088,4123400
1999-02-05,21.39632797241211,21.57663410701109,20.61500138914987,21.546583084577925,4821600
1999-02-08,21.291156768798828,21.57664158080107,21.005671956796586,21.36628435090468,2758200
1999-02-09,20.61501693725586,21.6067014254912,20.61501693725586,21.276139929412754,3373000
1999-02-10,20.359580993652344,20.82537214553664,20.254402346452665,20.434708598794973,2705400
1999-02-11,22.147613525390625,22.147613525390625,20.524857581874894,20.524857581874894,3932600
1999-02-12,21.276124954223633,22.02740055288972,21.095818810543772,21.877145433156503,4381200
1999-02-16,21.74192237854004,21.74192237854004,21.26110585047281,21.60669273002113,3341000
1999-02-17,21.246089935302734,22.057468193086574,21.050758132502924,21.426396214810254,2643400
1999-02-18,22.19269371032715,22.418076517134804,21.065779676288873,21.246085921734995,3436800
1999-02-19,22.35797882080078,23.13930603765672,21.937264165570657,22.267825680394324,4730800
1999-02-22,23.319608688354492,23.34965973047866,22.327924298256942,22.35797534038111,4924400
1999-02-23,23.049137115478516,23.529953535097363,22.928933010573804,23.034111602365428,5684600
1999-02-24,21.576642990112305,23.244475421799258,21.486489885696795,23.124271282578576,4299600
1999-02-25,21.56161880493164,21.907205726543786,21.050751181678905,21.60669535992453,5134600
1999-02-26,21.75695037841797,22.04243522454362,21.41136345942376,21.561618641595157,4770400
1999-03-01,21.546586990356445,22.29786268737027,21.53156147641617,21.576638018237,5622800
1999-03-02,21.726892471313477,22.102530307954442,21.57663733665709,21.802020038641672,4231600
1999-03-03,22.312889099121094,22.433093215479996,21.77197057550604,21.786996090050902,4854600
1999-03-04,23.199403762817383,23.319607927391566,22.55330637823115,22.718587104520648,5484800
1999-03-05,23.785400390625,23.9056045618979,23.28955818412429,23.9056045618979,6364000
1999-03-08,23.529972076416016,23.920635725194316,23.229461577355785,23.905610200241306,2769800
1999-03-09,23.69524383544922,24.11595837406214,23.04914650829366,23.154325142946888,5105400
1999-03-10,23.815458297729492,23.875560400689064,23.484896731451858,23.755356194769924,3008800
1999-03-11,24.461545944213867,24.596775620809645,23.890576198587254,24.040831394804783,5912200
1999-03-12,24.311288833618164,24.807130942091216,24.176059167670967,24.61179920238971,4636600
1999-03-15,24.521650314331055,24.747033129720126,24.040833641501035,24.281241977916043,4738200
1999-03-16,24.50662612915039,25.047544915569407,24.356370910700665,24.867238653429734,4194400
1999-03-17,23.905593872070312,24.50661445967736,23.83046629861943,24.50661445967736,2620000
1999-03-18,24.85220718383789,24.85220718383789,23.920625052400194,23.920625052400194,3537400
1999-03-19,24.431489944458008,25.197791289579385,24.040826513611815,24.98743405758528,4311000
1999-03-22,23.16935920715332,24.100941743368306,23.16935920715332,24.040839644257662,3977000
1999-03-23,23.529972076416016,23.620125226134085,23.094231852778684,23.34966577697988,5314200
1999-03-24,23.650165557861328,23.80042073929628,22.958991723260553,23.770369703009287,3839200
1999-03-25,24.972412109375,25.047539702965178,24.251187210909297,24.822156922194644,6645000
1999-03-26,24.671892166137695,24.98742793683739,24.59676460168539,24.70194319191862,3028000
1999-03-29,25.333030700683594,25.528362491376885,24.942367119297014,25.002469208741104,2737800
1999-03-30,24.461545944213867,25.122668807571,24.461545944213867,25.092617768327493,4958600
1999-03-31,24.025798797607422,24.58174285984099,23.93564570643441,24.47656425347248,4561600
1999-04-01,24.025798797607422,24.07087534319393,23.710262978501884,23.980722252020918,5034800
1999-04-05,24.732004165649414,24.88225935499115,24.236162040821693,24.236162040821693,4505200
1999-04-06,25.19779396057129,25.708661578138027,24.762053933823186,24.942360151787916,5053600
1999-04-07,26.099332809448242,26.35476669416938,25.24287801950089,25.24287801950089,4332000
1999-04-08,25.843904495239258,26.535078685228214,25.843904495239258,26.33974684892699,4207400
1999-04-09,26.805524826049805,26.92572897325182,25.76876405643241,26.084299942837703,4782000
1999-04-12,26.925716400146484,27.090997025370598,26.384797990322113,26.474951058626175,3760200
1999-04-13,27.451618194580078,28.112740909720486,27.21120993452902,27.34643958080774,4637600
1999-04-14,26.440393447875977,28.051510816283,26.169364357863582,27.810596069605314,4306600
1999-04-15,25.235797882080078,26.470484890630534,25.20568356479836,26.38014193878538,5169000
1999-04-16,25.296024322509766,25.642338941210795,24.72385234378633,25.536938839867002,3688800
1999-04-19,23.127809524536133,26.01878571510315,23.02240935092171,26.01878571510315,7571000
1999-04-20,23.970998764038086,23.970998764038086,23.037454842323033,23.278369402765627,5083400
1999-04-21,24.603418350219727,24.889504610106002,23.639759369550166,23.91078845786348,4407800
1999-04-22,25.14546012878418,25.265917422814283,24.814202570201395,24.99488851124655,2655000
1999-04-23,25.296024322509766,25.461653053192865,24.78408097312564,25.145452749161496,2590000
1999-04-26,24.181806564331055,25.53695139047663,24.181806564331055,25.53695139047663,2083800
1999-04-27,25.31110382080078,25.34121816205099,24.332387730168982,24.633531142671075,3097000
1999-04-28,24.663637161254883,25.416495438460466,24.588351333534327,25.19063795529879,2193800
1999-04-29,24.78410530090332,25.341220669149628,24.78410530090332,24.844333989362383,4110800
1999-04-30,23.89571762084961,25.416491080021512,23.57951719864555,25.025004843006965,5455200
1999-05-03,25.265918731689453,25.28097589422324,23.157915976959703,23.564459365371867,5681800
1999-05-04,23.62468147277832,25.687512168616838,23.62468147277832,25.29602605115843,10458400
1999-05-05,23.89571762084961,24.151689391205277,22.73631607276806,23.850546131963316,8413800
1999-05-06,22.856788635253906,23.85056205417799,22.66104538607189,23.83550488116399,5649600
1999-05-07,24.257091522216797,24.392605999994544,22.465288982711023,23.007346893822014,6060400
1999-05-10,23.579519271850586,24.43777763615166,23.35366180756083,24.226977336147886,4224800
1999-05-11,24.287206649780273,24.52812128486799,23.519291250438183,23.760205885525895,4600800
1999-05-12,25.73270034790039,25.80798618859056,23.971011675750393,24.57329840127176,6155600
1999-05-13,26.018770217895508,26.410256343859214,25.792912837531834,25.95854158313186,4291400
1999-05-14,24.1215763092041,25.205692098381814,23.820433034432515,25.175577770904653,6818200
1999-05-17,24.106521606445312,24.422722077235665,23.097691532971336,24.18180743282397,4750800
1999-05-18,23.835493087768555,24.964780505066496,23.669864266564858,24.242036557995814,4743800
1999-05-19,23.850536346435547,24.42270830424145,23.624678994670056,23.669850465023156,4745800
1999-05-20,23.082639694213867,24.07641283173384,23.022411019212658,23.775269456727788,4630600
1999-05-21,22.856788635253906,23.27838947964594,22.856788635253906,23.022417538407918,3369800
1999-05-24,21.863004684448242,22.73632029856532,21.591975700756734,22.73632029856532,5242400
1999-05-25,21.456464767456055,22.52552371376439,21.456464767456055,21.652207954808286,5997600
1999-05-26,22.555631637573242,22.67608894938939,21.336001355434767,21.622087470998114,6683600
1999-05-27,22.63091468811035,22.917000768665307,21.862999419252315,22.555628877437996,5666400
1999-05-28,23.248268127441406,23.263325295917728,22.58575271448323,22.85678174705703,3162400
1999-06-01,22.10392951965332,23.007359881492015,21.69738585682591,23.007359881492015,3827800
1999-06-02,21.260711669921875,21.62208353966559,20.537967930434444,21.62208353966559,9611800
1999-06-03,21.20048713684082,21.381173106757075,20.80900086868893,21.320944450118326,4360200
1999-06-04,21.92323112487793,21.92323112487793,20.80900097155309,20.959572613894284,5948600
1999-06-07,22.66102409362793,22.826652841156108,21.84793751485324,22.103909215578604,4892400
1999-06-08,21.98345947265625,22.796546329864086,21.83288783243258,22.64597468964041,3974000
1999-06-09,22.04369354248047,22.20932238740348,21.863007529837187,22.01357920703992,3598000
1999-06-10,21.290836334228516,21.863008739250215,21.08003597448368,21.622094042398974,3795200
1999-06-11,20.899349212646484,21.53175026951331,20.49280567608924,21.29083558118309,3988200
1999-06-14,20.718660354614258,20.839117682257363,20.17660238022028,20.778889018435812,2936200
1999-06-15,21.17038345336914,21.71244163567447,20.748782644909443,20.763839816640147,3829800
1999-06-16,22.420114517211914,22.69114343682898,21.697370731566398,21.802770866973034,4216400
1999-06-17,22.269548416137695,22.615863232615833,21.983462263394884,22.284605582071528,5470800
1999-06-18,23.067583084106445,23.24826911348587,22.164152937209327,22.164152937209327,4432600
1999-06-21,24.031238555908203,24.151695892028044,23.428951875309,23.54940921142884,5920400
1999-06-22,23.17298126220703,23.79032514248675,23.15792409439533,23.73009647123995,4133200
1999-06-23,22.465295791625977,23.4440117611003,22.224381091447682,23.368725917294583,5536800
1999-06-24,21.998506546020508,22.886878815846114,21.998506546020508,22.645964301995104,8512800
1999-06-25,22.10392951965332,22.645987736756535,22.058758001561387,22.40507297359955,3860000
1999-06-28,22.76644515991211,22.917016887160205,22.34484432361744,22.40507301451668,4342800
1999-06-29,22.8266658782959,22.992294720420738,22.374950854319067,22.405065189250855,4462600
1999-06-30,24.72385025024414,24.994879059321114,22.495391153389004,22.811591430645475,9016000
1999-07-01,24.51306915283203,24.63352649510639,23.69998209248011,24.061354119303186,6078000
1999-07-02,24.467891693115234,24.784092139610877,24.181805574857272,24.528120349590594,2121400
1999-07-06,24.633525848388672,24.994897865724447,24.15169649194097,24.15169649194097,3768000
1999-07-07,24.663637161254883,24.723865823431332,24.28720802265209,24.693751492343107,3436200
1999-07-08,24.738924026489258,25.145467513230106,24.347437705924,24.54318086620663,3722800
1999-07-09,24.949726104736328,25.02501194090029,24.73892576347724,24.769040097942824,1883600
1999-07-12,24.573291778564453,25.341207146644592,24.573291778564453,25.100292521364548,2773000
1999-07-13,24.573291778564453,24.603406106724456,24.031233871684353,24.031233871684353,2983200
1999-07-14,24.389774322509766,24.67653528298482,24.178476772686043,24.646349918724287,2901800
1999-07-15,24.284116744995117,24.90291648803104,24.042633918444512,24.404858158270418,4226200
1999-07-16,24.133197784423828,24.389773370624706,23.95208560592909,24.35958800754225,2365200
1999-07-19,24.07282829284668,24.510516079989348,23.86153074043298,24.193569751368795,2609800
1999-07-20,23.49930191040039,24.23884320366283,23.484209230946057,23.876618896758778,3192000
1999-07-21,23.378559112548828,23.755876076921794,23.28800304109932,23.604949291172606,2537800
1999-07-22,23.378559112548828,24.08791500557,23.182354291074887,23.559671255447853,4395400
1999-07-23,22.578645706176758,23.272908876286472,22.503182318121354,23.21253816584215,3117000
1999-07-26,22.367351531982422,22.59374172967455,22.20133205367486,22.457907611059277,2339600
1999-07-27,23.27290916442871,23.49929933139786,22.397533852147994,22.578645985723316,2837200
1999-07-28,23.19745635986328,23.75588569318465,23.137085621125838,23.212549044547643,2010400
1999-07-29,22.457904815673828,22.78994373095933,22.23151464616099,22.69938766315419,3543400
1999-07-30,21.793819427490234,22.48808237324131,21.763634082022797,22.45789702777387,3730800
1999-08-02,21.386322021484375,22.44280934788092,21.386322021484375,21.974936389048167,3816200
1999-08-03,21.114654541015625,21.582527515119615,21.024098481511626,21.49197145561562,3384400
1999-08-04,20.933534622192383,21.49196344773032,20.85807126738996,21.054275989876263,4538000
1999-08-05,20.933534622192383,21.190110028520625,20.284549770891537,20.903349280271414,5563600
1999-08-06,19.831789016723633,20.76753553045032,19.74123290249202,20.722257473334512,5983400
1999-08-09,19.90723991394043,20.36002020008009,19.877054561531118,19.90723991394043,4559000
1999-08-10,20.118528366088867,20.1939917132985,19.56009959673756,19.84686031613418,5472200
1999-08-11,20.888273239135742,20.978829336993265,20.16382445627554,20.178917139251798,5629000
1999-08-12,21.280681610107422,21.552349885981133,21.069384062205646,21.129754790177582,3872200
1999-08-13,22.140949249267578,22.276783293741612,21.703261772629023,21.733447115845475,3150600
1999-08-16,21.990018844604492,22.095667528140684,21.673072793995917,22.095667528140684,1785000
1999-08-17,23.137073516845703,23.137073516845703,22.306976293475508,22.322068970264056,3998200
1999-08-18,22.94086456298828,22.986142585152074,22.51826968945955,22.880493866769893,2770200
1999-08-19,22.65410614013672,23.01633035556862,22.457901356777775,22.533364734992755,3199800
1999-08-20,22.880504608154297,23.031431419553734,22.608836347635314,22.66920707219509,2168600
1999-08-23,23.24272346496582,23.30309417526443,22.880499203174143,22.940869913472756,2941200
1999-08-24,23.257816314697266,23.72568932297476,22.880499372537997,23.182352926265413,3827000
1999-08-25,23.574756622314453,23.574756622314453,22.593732819209176,23.001235014345216,4308600
1999-08-26,23.15216636657715,23.786058796431284,23.15216636657715,23.574761319813238,3564800
1999-08-27,22.367351531982422,23.091800164597238,22.216424733521002,23.091800164597238,2960200
1999-08-30,21.144834518432617,22.39752635642684,21.11464917293878,22.110765574235394,3766800
1999-08-31,20.72225570678711,21.46179724330027,20.69207033794984,21.250499661439367,5547000
1999-09-01,21.61271858215332,21.793830749042872,20.903362595169238,21.02410403976227,5574800
1999-09-02,21.446706771850586,21.748560491369947,21.129760366355256,21.250501854163,4161000
1999-09-03,22.63901710510254,22.699387817382814,22.231514797210693,22.2767928314209,5152000
1999-09-07,22.578645706176758,22.729572482287566,22.39753357484379,22.639016416621082,3807600
1999-09-08,22.367351531982422,22.5031856505977,22.09568329475187,22.33716617229014,3856200
1999-09-09,22.095678329467773,22.291883123376984,21.733454094558468,22.291883123376984,3799000
1999-09-10,22.352251052856445,22.563548496975276,21.914563490038866,22.42771442575603,2750200
1999-09-13,21.91456413269043,22.29188100825328,21.884378782645403,22.21641763314071,2011400
1999-09-14,21.597623825073242,21.673087220688455,20.99391666015156,21.582531145950203,4611800
1999-09-15,20.978816986083984,21.944748127889287,20.963724311993275,21.85419208334504,2846200
1999-09-16,21.039196014404297,21.099566734675186,20.450581491763145,21.039196014404297,3626200
1999-09-17,22.080583572387695,22.095676247420087,21.265579120638595,21.371227845865327,4537800
1999-09-20,22.06549835205078,22.32207391428393,21.88438619047444,22.0956837123135,3392800
1999-09-21,21.446706771850586,21.94476540905753,21.159945738307194,21.94476540905753,3246800
1999-09-22,21.62779998779297,21.94474611462036,20.73733229813506,20.948629716019987,5188800
1999-09-23,20.85807991027832,21.74854786592696,20.827894555849554,21.718362511498192,4045400
1999-09-24,21.220304489135742,21.49197268316451,20.28455848748111,20.933543617660934,4601800
1999-09-27,21.371231079101562,21.657991948100808,21.069377532786568,21.597621238837807,5089000
1999-09-28,21.476879119873047,21.673083918578843,20.75243063234395,21.38632305893191,4885200
1999-09-29,21.114654541015625,21.47687877903162,20.858079039087627,21.47687877903162,4729400
1999-09-30,21.53725242614746,22.02021814278146,20.94863795899977,21.280676889185646,4425400
1999-10-01,21.446706771850586,21.6278190035622,20.903370076715735,21.56744825965833,3654800
1999-10-04,22.684293746948242,22.684293746948242,21.58252831545974,21.73345508689652,4676800
1999-10-05,22.82012939453125,23.423836521370703,22.367349049401664,22.684295290992374,7158600
1999-10-06,23.514392852783203,23.544578209462,23.016334467583043,23.046519824261843,4506400
1999-10-07,23.09180450439453,23.755882542429404,23.061619139029307,23.514399619507632,4321800
1999-10-08,23.001239776611328,23.24272260891171,22.53336678902934,22.699386236235853,3720600
1999-10-11,22.92578125,23.272912894996708,22.805039808262013,23.031430011520737,2270600
1999-10-12,22.744667053222656,23.227632776980535,22.744667053222656,22.955964557366727,3236200
1999-10-13,22.36397361755371,22.999485723059298,22.33371113633916,22.63633594848468,3285400
1999-10-14,22.242904663085938,22.50013553333931,21.83436151621293,22.273167118409862,4451400
1999-10-15,21.335044860839844,22.031081785377882,21.319913623349887,22.031081785377882,4858000
1999-10-18,21.8797607421875,21.89489197368279,21.138330398918352,21.335036408357105,4150200
1999-10-19,22.36397361755371,22.87843579820109,22.273186173910055,22.33371113633916,3980400
1999-10-20,22.98434829711914,23.30210426436042,22.379098835707183,22.379098835707183,3374000
1999-10-21,23.574460983276367,23.69551084711861,22.575799606577885,22.757374402341245,3783800
1999-10-22,24.906017303466797,25.42047938628446,23.983011801940993,24.028405515130785,7288200
1999-10-25,24.331024169921875,24.542861445033136,24.134318128747132,24.30076170204884,5319200
1999-10-26,23.816564559936523,24.361289035259087,23.740908382808392,24.20997668100282,5467400
1999-10-27,25.223745346069336,25.359926334740376,23.77114813357824,23.816541796468588,4522600
1999-10-28,27.52370834350586,27.58423326564661,25.66256698767781,25.70796067928337,10559600
1999-10-29,26.70661735534668,27.901984364452847,26.50991139182288,27.599359805185465,8837400
1999-11-01,26.782283782958984,27.26648326378084,26.41913417234259,26.630971445202153,5003600
1999-11-02,26.66123390197754,27.372401889147202,26.570446499360134,26.78228377213408,3684200
1999-11-03,26.35860824584961,26.661232909981063,26.071114814924726,26.661232909981063,3871800
1999-11-04,27.40265464782715,27.538835703503814,26.6309619989927,26.676355684218258,4509800
1999-11-05,28.038169860839844,28.41645061989057,27.90198878758158,28.113826012649987,4826800
1999-11-08,27.599380493164062,28.17436758677165,27.357280664276658,28.02305519371702,2291000
1999-11-09,26.767152786254883,27.629633119107638,26.464528108060932,27.599370651288243,3983000
1999-11-10,26.676366806030273,27.205960021124465,26.419135815841667,26.676366806030273,2976400
1999-11-11,27.190824508666992,27.327005599695372,26.752018770908872,26.782281235581845,2793400
1999-11-12,29.05197525024414,29.294075043996173,27.765820095936455,27.826345044374467,5283400
1999-11-15,29.309194564819336,29.581556723914197,28.598026704960528,29.53616303073172,4296800
1999-11-16,30.807201385498047,30.867726339104134,29.38486497575501,29.581571074974793,6038400
1999-11-17,29.39999008178711,30.2322080202834,29.324333905560174,30.141420608811078,6024600
1999-11-18,30.05063819885254,30.262475527545355,29.32433878619145,29.77827591910463,5158000
1999-11-19,30.11115074157715,30.201938130747735,29.778263647951672,30.050625815463427,2161800
1999-11-22,29.73288345336914,29.83880212215977,28.9309278182401,29.505914877389223,3833800
1999-11-23,29.173030853271484,29.778280456036452,28.97632473237287,29.778280456036452,2053200
1999-11-24,28.719091415405273,29.294078493269026,28.58291026538491,29.294078493269026,2568800
1999-11-26,28.567760467529297,28.991434881242657,28.537498009406917,28.900647506875508,659200
1999-11-29,28.32566261291504,28.567762293367306,28.068431702434506,28.26513769280197,3209600
1999-11-30,29.203283309936523,29.35459565869267,28.219753043021562,28.25001551277279,4264600
1999-12-01,29.03682518005371,29.430237089736565,28.870381679803273,28.930906588985252,3661000
1999-12-02,29.490779876708984,29.77827336960661,29.036842782660106,29.036842782660106,2420200
1999-12-03,31.034162521362305,31.2308685734236,30.156550904473466,30.217075843569248,4794200
1999-12-06,30.95850944519043,30.95850944519043,30.30786628480764,30.70127842829491,3574000
1999-12-07,31.866374969482422,32.56241164972753,31.049288431803387,31.155207057058078,7614400
1999-12-08,32.063079833984375,32.19926091869691,30.958499924649377,31.942029980906565,3458600
1999-12-09,32.169002532958984,32.80451434217078,31.77559046058978,32.68346447374949,5152800
1999-12-10,32.56240463256836,32.72884815067164,32.07820530717701,32.57753586148684,3250400
1999-12-13,31.881513595581055,32.36571313761171,31.654545060254183,32.350581901923256,2613800
1999-12-14,30.76178741455078,31.306511638320494,30.746656186112734,31.15519935394002,3382200
1999-12-15,30.59157371520996,31.200605911098275,30.383519238353703,30.76180010536508,3360200
1999-12-16,30.262462615966797,30.897974330902098,30.111150302886962,30.489431085586546,3201800
1999-12-17,31.003902435302734,31.926907827471336,30.474309177501077,30.504571649375457,6757200
1999-12-20,31.552410125732422,32.10848305325702,31.04929652463874,31.896645747533366,4631400
1999-12-21,31.20060920715332,31.836121130868374,30.686147173669706,31.109821789479742,3748600
1999-12-22,31.442705154418945,31.563755029893127,31.20060540347058,31.472967623287488,2026600
1999-12-23,31.83611297607422,31.95716283529884,31.66966941964037,31.715063116849603,2195400
1999-12-27,31.866374969482422,32.622936578444495,31.866374969482422,32.078212219991805,2653600
1999-12-28,32.501895904541016,32.78938939717895,31.987433865083663,31.987433865083663,2133800
1999-12-29,33.636741638183594,33.93936639426262,32.426242613867494,32.44137385167144,1938400
1999-12-30,34.196590423583984,34.4689526481966,33.62160350495735,33.63673473965805,1664400
1999-12-31,34.559730529785156,34.589992990844515,34.015006230716736,34.19658099707288,570000
2000-01-03,32.68343734741211,33.409735955132376,31.987401181680184,33.22816130320231,5309000
2000-01-04,30.262462615966797,32.01768544769287,29.778263214111327,31.957160522460935,6234400
2000-01-05,29.157882690429688,30.06575656766154,28.38618989478261,30.020362873799947,7744200
2000-01-06,29.71773910522461,30.247332215551932,29.1124898362791,29.142752299726375,6586000
2000-01-07,30.640745162963867,30.731532556039316,28.91578469453035,29.17301564157745,6324800
2000-01-10,31.72453498840332,31.815610208465724,30.737886771060634,30.813782787779303,4610200
2000-01-11,31.72453498840332,32.08883586865293,31.451309328216116,32.05847746196546,3945600
2000-01-12,31.9674015045166,32.69600324820929,31.694175850631844,31.785251068593432,4291600
2000-01-13,32.16472625732422,32.34687666557712,31.5727374305023,32.05847185251003,3319200
2000-01-14,33.348731994628906,33.42462806198127,32.40762075945959,32.8478179501033,3635800
2000-01-18,32.48350143432617,33.697837936543976,32.46832222804845,33.34871619215635,3460400
2000-01-19,32.95405578613281,33.318356725270164,32.665650875982415,32.69600928757719,3452200
2000-01-20,32.7415657043457,33.33355507034917,32.36208534152297,32.5745943447037,4481000
2000-01-21,32.179927825927734,32.72637943051896,31.93706044610941,32.72637943051896,3965000
2000-01-24,31.087007522583008,32.665644623339176,30.464660204015672,32.422777377068996,4191000
2000-01-25,31.43613624572754,31.906691641004,30.84414720005715,31.02629767564804,4061400
2000-01-26,32.270992279052734,32.270992279052734,31.147731023808188,31.694182445278507,5503200
2000-01-27,32.817440032958984,33.212099348804,31.876329356713168,32.0584798101801,3009900
2000-01-28,30.753068923950195,32.87815759589147,30.540560056756068,32.05848053671412,3565800
2000-01-31,32.179927825927734,32.179927825927734,30.358422477290315,30.84415723692696,2606800
2000-02-01,31.087007522583008,31.997759696096182,30.8744986820966,31.876326072961092,3177500
2000-02-02,31.63347053527832,32.66565671397262,30.419133854461496,30.965585360829067,3001000
2000-02-03,32.05847930908203,32.36206339344834,31.20844387285637,32.05847930908203,4021700
2000-02-04,31.90669822692871,31.99777348352318,31.117379336443317,31.876339808063886,2411100
2000-02-07,31.63347053527832,31.754904203360002,31.08701902891075,31.329886365074113,2611500
2000-02-08,32.93887710571289,33.36389487481886,32.30135045205393,32.54421774868592,2829000
2000-02-09,32.63530349731445,33.485339309337526,32.30136085687682,33.424622465621596,3247900
2000-02-10,32.453147888183594,33.02995781323082,31.96741321445961,32.665656807937836,2029600
2000-02-11,32.42277526855469,33.54603620950649,32.24062484569764,32.483492076173704,2970400
2000-02-14,32.05847930908203,32.90851474530769,31.937045675335508,32.787081111561164,1858800
2000-02-15,31.845977783203125,31.90669461405766,31.329884720939585,31.48167679807592,2999100
2000-02-16,31.845977783203125,32.270995599184864,31.20845105923052,31.845977783203125,2455100
2000-02-17,30.72270393371582,31.81560644519188,30.54055351513648,31.66381442970909,2658800
2000-02-18,29.751243591308594,31.208447359046158,29.204792178407008,30.722712769800303,3347800
2000-02-22,30.267330169677734,30.449480601992747,29.386936413488513,30.236971764291898,3025700
2000-02-23,31.937047958374023,32.66564981293769,29.93339285832394,30.145901732571676,3966300
2000-02-24,33.54603958129883,34.122849311656005,32.11919445883635,32.78707940977623,5636000
2000-02-25,33.94068145751953,34.57820767452124,32.90849615380248,33.57638076208998,4249800
2000-02-28,33.606754302978516,33.87997994771818,33.02994460852812,33.272811848296705,3657500
2000-02-29,34.21394348144531,34.21394348144531,33.09068180547949,33.48534131325127,3836300
2000-03-01,36.55152130126953,36.67295492685515,34.73001691748534,34.91216735586376,4900700
2000-03-02,37.189064025878906,37.52300664162149,35.97472724136041,36.308669857103,3321500
2000-03-03,38.46411895751953,38.46411895751953,36.855122663321794,38.008742647840926,3503000
2000-03-06,39.28377914428711,39.43557118116612,38.49446055251627,38.52481895989207,2856400
2000-03-07,39.34450912475586,40.0123943105156,38.919491279272385,39.465942794894,4255700
2000-03-08,38.37302017211914,39.34448903723608,37.82656893549086,39.31413063520118,3068100
2000-03-09,40.49812698364258,40.49812698364258,38.37303786156238,38.737338853918985,2876600
2000-03-10,42.07676696777344,43.59468785405675,40.77135500556979,40.98386392964945,4306600
2000-03-13,40.073116302490234,41.59103737455426,39.162363659251824,40.31598367402048,2818300
2000-03-14,38.82841110229492,41.257084197043625,38.03909234650159,39.83023875387876,2935800
2000-03-15,37.887306213378906,39.162359787867615,37.76587253961807,39.071284532547,4110900
2000-03-16,39.22307205200195,39.34450571160567,35.82292958309776,37.15869983873869,5975900
2000-03-17,43.1696662902832,43.20002470539592,39.86059904299708,39.98203270344794,5726800
2000-03-20,42.59284591674805,44.626859228524324,42.5017706938327,43.71610699937077,4139200
2000-03-21,43.07857894897461,43.23037098191673,40.49811438895851,41.56065861955337,6144000
2000-03-22,43.78444290161133,44.1715128596599,43.44291058568612,43.71613643842629,4404400
2000-03-23,46.023353576660156,46.144787227258206,41.89460945632653,43.86790627854481,7123900
2000-03-24,46.53945541381836,47.29841587392629,45.35547709604998,45.35547709604998,4861600
2000-03-27,43.71611785888672,45.84120692147149,43.41253370708889,45.84120692147149,3073500
2000-03-28,42.74464797973633,43.53396676345305,42.046404440294616,42.25891334360296,4902000
2000-03-29,42.13747787475586,43.32145599947883,40.71063244239741,42.98751345148004,3079000
2000-03-30,40.87001419067383,42.866079879094855,40.22489790354156,41.56066809807426,3842200
2000-03-31,40.255252838134766,40.86242105590452,38.61589865015643,40.55883694701964,4280200
2000-04-03,41.4695930480957,42.137478148431065,40.528482224895875,40.528482224895875,3947200
2000-04-04,38.19089126586914,41.894618399761065,36.005085088490304,41.894618399761065,8308000
2000-04-05,38.73733901977539,39.25343209449027,36.82475880171438,38.06945386426202,5648200
2000-04-06,41.439239501953125,41.530314753605765,39.344508713942304,39.344508713942304,4009600
2000-04-07,41.07493591308594,42.34998935606421,41.07493591308594,42.34998935606421,3310900
2000-04-10,43.108951568603516,43.74647831715328,41.65174757191832,41.77318123830876,4620900
2000-04-11,41.803531646728516,43.80718675833642,41.04457137718007,43.16966013191572,4020800
2000-04-12,38.82756805419922,43.209362568152734,38.70585153992273,43.209362568152734,5398400
2000-04-13,36.75838851928711,39.01014410738913,36.51495548273554,38.94928584825124,5821500
2000-04-14,32.55916213989258,35.02392114300594,31.52457194105487,34.56748429057754,9867100
2000-04-17,33.5633430480957,33.776347038428135,31.768023701008083,32.49832309643355,6798900
2000-04-18,36.8801155090332,37.39741085858235,33.441622891441824,33.593768582485694,6230100
2000-04-19,36.514949798583984,37.30610704421997,35.602076053619385,37.30610704421997,2862300
2000-04-20,36.514949798583984,36.514949798583984,35.57164692878723,36.39323329925537,2884500
2000-04-24,37.792972564697266,37.88425993804194,35.723792102217864,36.514949337871755,4779200
2000-04-25,38.88842010498047,39.405715208098364,37.184389177062705,37.8842590224575,4381900
2000-04-26,39.25358200073242,40.28817253408506,38.37113713404929,38.97971980072731,3405300
2000-04-27,39.19271469116211,39.19271469116211,37.123534101877155,37.48868361763332,3252400
2000-04-28,37.3669548034668,39.70999675775584,36.940947175414244,39.67956764146637,2409500
2000-05-01,38.82756805419922,40.22730796837882,36.78881644006807,37.24525336860489,3554500
2000-05-02,36.8801155090332,38.584147248724506,36.758398956198114,37.76256051708763,3337200
2000-05-03,35.54121398925781,37.30610304009424,35.29778101672865,36.75837885190363,3720000
2000-05-04,34.87177276611328,36.27151233613179,34.23276122327874,36.27151233613179,3061200
2000-05-05,34.62833023071289,36.27150231547431,34.263180878543686,34.59790111803212,3523400
2000-05-08,34.96305465698242,35.480349634500875,34.324043214165506,34.59790526108704,2437500
2000-05-09,34.62833023071289,35.75420739990127,34.20232265318215,35.176054258966694,2491600
2000-05-10,32.19402313232422,34.354491603397015,31.64629873120717,34.26320420321084,6080000
2000-05-11,32.620018005371094,33.47203340103377,32.25486855008709,33.3503169159391,3779500
2000-05-12,33.79152297973633,34.01974127991465,32.133136665107216,32.620002372154296,2938500
2000-05-15,36.05852508544922,36.51496211184731,33.837198223645174,33.89805649383159,3909700
2000-05-16,36.63666915893555,38.644991554691146,36.11937399639243,36.88010217660289,5151900
2000-05-17,37.00182342529297,37.45826039188787,35.60208339440195,36.75839037644236,2955000
2000-05-18,36.36280059814453,37.884256690117105,36.058509379750014,36.880095669415205,3444200
2000-05-19,33.806766510009766,35.35865228139635,33.228612987336334,34.99350268812892,3938700
2000-05-22,32.86344909667969,33.95889739990234,32.041862869262694,33.47203148735894,3407400
2000-05-23,33.228599548339844,33.89804019858112,32.741733620891644,32.86345010275369,2409000
2000-05-24,33.228599548339844,34.17190228277074,32.741733620891644,33.715465475788044,3413600
2000-05-25,31.159420013427734,34.56748157739639,30.946416165679693,33.22860024869442,6233200
2000-05-26,31.007286071777344,31.372435662416528,30.368274288158773,30.368274288158773,3930900
2000-05-30,32.620018005371094,32.650447126644764,31.09856194168774,31.159420184235074,3462400
2000-05-31,34.81092071533203,35.02392460082794,32.31573234237991,32.498307101376405,4396300
2000-06-01,36.63666915893555,37.00181868543656,34.14148072784525,35.0543545440978,4860400
2000-06-02,40.4403076171875,40.89674449774266,38.76670572181857,40.89674449774266,5189900
2000-06-05,39.98386764526367,40.34901712147612,39.10142307775024,39.436143430944995,2643600
2000-06-06,38.82756805419922,39.61872539699638,38.58413502564625,39.55786713985814,2111200
2000-06-07,38.918853759765625,39.923014959196635,38.52327510544431,38.52327510544431,3866200
2000-06-08,38.34071731567383,38.918870989481604,38.03642590840658,38.918870989481604,1709000
2000-06-09,38.58415222167969,39.80131790690618,38.4928647952877,39.01016021150896,1801400
2000-06-12,39.3448600769043,39.64915133813326,38.584131923831904,38.584131923831904,1852500
2000-06-13,40.59245681762695,40.896748098118906,38.91885477492119,39.34486256760993,2733800
2000-06-14,41.62704086303711,41.99219034429182,40.318588555207725,40.59245066614876,3130900
2000-06-15,40.86632537841797,41.322762370730906,39.071006541987096,41.20104583944745,2789200
2000-06-16,39.496986389160156,40.92715461742713,39.43612816668071,39.983852168995725,4140100
2000-06-19,41.10975646972656,41.870484753770356,39.953449477979994,40.40988644840627,2802800
2000-06-20,42.14433670043945,42.47905706412525,40.95760086555343,41.14017560938205,2496600
2000-06-21,41.687904357910156,42.813782066846414,41.23146744888194,42.47906166689239,2832600
2000-06-22,40.50114822387695,41.17058869038731,40.196857102735876,40.95758490558856,2875000
2000-06-23,39.496986389160156,41.109729284865466,39.2839826104821,40.40985972635184,2390500
2000-06-26,40.014320373535156,40.470757488062176,39.25359184932346,40.10560779644056,2839600
2000-06-27,40.409873962402344,41.01845640159515,39.588287669492054,39.67957503537097,3507500
2000-06-28,40.65330123901367,41.109738004421764,39.86214417897299,40.349010062074946,3009100
2000-06-29,41.079315185546875,41.44446465386285,39.71000467936198,40.40987449363426,3229400
2000-06-30,40.531578063964844,42.47904127424544,40.52397078579968,41.17058942983817,4752100
2000-07-03,41.38361358642578,41.50533009697409,40.65331452313591,40.77503103368422,1200900
2000-07-05,42.396244049072266,43.494276269048235,41.389714514094294,41.786226149085614,4212800
2000-07-06,43.67728805541992,43.73828985438001,41.87773498609745,42.42675117673821,3809300
2000-07-07,44.22629928588867,44.470306454362536,43.09776613169703,43.37227419623013,3450700
2000-07-10,45.56834411621094,45.69034771491565,43.95179643337347,44.16530273110672,3778800
2000-07-11,46.300350189208984,46.33085107866169,44.80580660602635,44.95831105328988,3266700
2000-07-12,46.6053581237793,46.97136878967285,46.14784479141235,46.361351013183594,3528300
2000-07-13,47.03236389160156,47.21536919857277,46.20884001023111,46.72735504664954,2563400
2000-07-14,46.84935760498047,47.33737174669902,46.666352301836014,47.12386555969715,2286500
2000-07-17,44.95832443237305,47.09338732943282,44.7753190411965,47.09338732943282,2500800
2000-07-18,44.53130340576172,45.3243266170972,44.25679537106867,44.83631233319844,2278800
2000-07-19,43.067256927490234,44.256791644326015,42.70124624538692,44.07378630327435,2251000
2000-07-20,44.53130340576172,44.897314118685784,43.52477394522053,43.5552748379642,2605200
2000-07-21,46.208858489990234,46.422364766841675,44.77531634541628,45.01932351896078,3438100
2000-07-24,45.93436050415039,46.72738399226985,45.41584514653382,46.23936953804249,1888200
2000-07-25,46.10211181640625,46.60537668241399,45.38534064360734,45.75135145524934,2447700
2000-07-26,45.3853645324707,46.300392043206,45.23285994734815,45.720874619740314,2652300
2000-07-27,45.141334533691406,46.48337420901737,44.2263074823328,46.05636158505001,2071900
2000-07-28,43.067256927490234,45.01931389870792,42.792748915912746,45.01931389870792,2553000
2000-07-31,44.53130340576172,44.622806083992735,42.21323555724261,43.03675966132177,2712300
2000-08-01,44.378807067871094,45.171830424410366,44.13479988124362,44.95832413611134,2189400
2000-08-02,44.988826751708984,45.598844741562665,44.28730606337725,44.56181415881141,1960200
2000-08-03,45.81235122680664,46.11736022299044,44.37880894474279,44.40930984436117,2389800
2000-08-04,47.70338821411133,48.038897977765565,46.30034738428452,46.36134915949439,3421600
2000-08-07,48.16090774536133,48.31341220307305,46.849369409040534,47.88639972148023,3821900
2000-08-08,47.215362548828125,48.34389511620967,47.001856387431616,48.09988807461366,2225100
2000-08-09,48.0084114074707,48.89293741180148,46.69687284932506,46.84937733283037,3130100
2000-08-10,47.154380798339844,48.740427241751014,47.12387990519732,48.09990848575804,2373000
2000-08-11,49.59444808959961,49.655449870767626,47.24587951463087,47.30688129579889,2995000
2000-08-14,50.783966064453125,51.14997663068342,48.61840354759056,49.594431724204675,3322300
2000-08-15,49.53345489501953,50.84499341748618,49.19794504043504,50.63148714638696,2477900
2000-08-16,48.069427490234375,49.960483647845116,47.27640394026858,49.41146734402265,2839900
2000-08-17,49.868980407714844,50.02148493495556,47.764417931792934,47.764417931792934,3369300
2000-08-18,49.01494216918945,50.08247357922158,48.831936784612516,49.777464604926685,2212600
2000-08-21,49.716468811035156,49.80797151436835,48.31342735992619,49.502962503257706,2480400
2000-08-22,50.20444869995117,50.692462782089216,49.3504240562096,49.47242757674411,2880700
2000-08-23,49.5792121887207,50.60099232303147,49.28945364316989,50.265482428183155,2453400
2000-08-24,50.32649612426758,50.50950156471946,49.289465295040245,49.59447436246005,2448800
2000-08-25,49.411441802978516,50.60097651305022,48.95392845295094,49.89945604300794,1717500
2000-08-28,50.20444869995117,50.722963662222845,48.953912614472436,49.04541525487332,1885900
2000-08-29,50.99750900268555,51.150013515253384,49.380961169466445,50.08248192727851,2689100
2000-08-30,51.66851043701172,51.88201667848698,50.38747298816019,50.75348368783206,3293700
2000-08-31,52.499664306640625,52.94955249750363,51.02799615686842,51.1805006283474,2825900
2000-09-01,52.55305099487305,52.705555495728746,51.91253209127912,52.492049194530765,1994200
2000-09-05,52.187034606933594,53.43757138009799,51.72952115333687,52.55304536981098,2470100
2000-09-06,51.82102584838867,53.65107973355837,51.729523154130185,52.30904021776726,3079500
2000-09-07,51.24150466918945,52.03452795573643,50.87549392155238,52.03452795573643,2198700
2000-09-08,51.48550796508789,52.2175294053498,50.78398741817022,51.180499031645425,2833700
2000-09-11,53.37656784057617,53.529072320120676,51.119501543317526,51.119501543317526,2543500
2000-09-12,52.67502975463867,53.68155898561903,51.79050406680745,52.91903684093694,2685900
2000-09-13,50.99750900268555,52.49205322585038,50.26548734235992,51.54652524792977,3274400
2000-09-14,51.21100616455078,52.46154294403058,50.78399360570402,51.119503473369335,3002500
2000-09-15,48.069427490234375,50.81450900934674,47.611913903715646,50.29599361129218,5830000
2000-09-18,45.62933349609375,47.94740124054771,45.62933349609375,47.79489678367574,4981300
2000-09-19,47.581424713134766,48.160942065410126,45.812371743031036,46.48339183513935,4355000
2000-09-20,46.81886672973633,48.557417481264,45.75133556651759,47.94739967371043,4095400
2000-09-21,43.58576583862305,43.79927203937208,41.725211803524374,43.4332614095166,11499300
2000-09-22,44.19580841064453,44.74482466419291,42.335253329175025,42.335253329175025,4058700
2000-09-25,45.110816955566406,46.117346339970524,44.83630894163801,44.83630894163801,3602800
2000-09-26,43.2807731628418,45.26333148249276,42.884261498911606,45.17182879081656,4660400
2000-09-27,42.36574935913086,44.47031142232743,42.304747560197626,44.043298829794786,3085200
2000-09-28,43.951805114746094,45.019336814271504,42.36575801830835,42.45726073541052,4150800
2000-09-29,44.62279510498047,45.141310154047225,43.12825172825863,43.55526412160773,4276700
2000-10-02,44.22629928588867,44.65331183071794,43.64678226076323,43.9822921174148,2638600
2000-10-03,44.8363037109375,45.44632144850128,43.64676912268814,44.34828952088648,4017500
2000-10-04,44.20051574707031,44.84243195086594,43.803139049482546,44.84243195086594,3968700
2000-10-05,44.99526596069336,45.728884427443795,44.23108005782832,44.261647493942924,4254800
2000-10-06,41.20491409301758,44.99527711047617,40.77696988136903,44.99527711047617,8024700
2000-10-09,40.71581268310547,42.03021204149401,40.16559899819864,41.81624005291913,3819700
2000-10-10,36.43637466430664,40.92978664052566,35.21367752792051,40.7769494984774,13778300
2000-10-11,38.02589416503906,39.58483355604951,34.0521270899144,36.80319660346225,11458900
2000-10-12,34.60233688354492,38.514968615959894,34.54120201272594,38.514968615959894,7805000
2000-10-13,38.239864349365234,38.82064566242514,35.580497284301465,35.70276703441934,5437400
2000-10-16,37.99531936645508,39.06517952560707,37.56737530279428,38.20929139828548,5786400
2000-10-17,36.161285400390625,38.087034327038644,35.091424885586164,37.995331997198264,5104400
2000-10-18,35.70276641845703,37.07830108355169,33.37964120629716,34.235529442356054,5174800
2000-10-19,37.44510269165039,39.004041660853794,36.92545636858259,36.92545636858259,3888000
2000-10-20,39.58484649658203,40.135060579160005,37.47569251336646,37.536827411430686,3924800
2000-10-23,38.14815902709961,40.165609744878914,37.99532185151027,40.165609744878914,3627600
2000-10-24,39.737667083740234,40.287880935668944,38.57610450744629,38.69837425231933,4481000
2000-10-25,38.20928955078125,40.1044703125,37.84248037109375,39.79879599609375,3949200
2000-10-26,37.781368255615234,38.8817964572351,36.40583300359041,38.8817964572351,4834700
2000-10-27,38.851200103759766,39.37084636793279,38.05644699384808,38.33155383958674,4356400
2000-10-30,39.554264068603516,39.737668693342016,38.270431695434006,38.851213007105926,4092400
2000-10-31,39.27915573120117,39.859937022168346,38.63723956750061,39.30972316756787,4495700
2000-11-01,38.66780090332031,38.79007062949682,37.20056418920223,37.9647499778054,4382400
2000-11-02,39.34029006958008,40.10447596836757,38.362132119132085,38.66780647864709,3665300
2000-11-03,40.86867904663086,41.20492098343934,39.70711599220156,39.982223031408495,3291100
2000-11-06,39.248592376708984,40.715829474903714,38.637243585794515,40.715829474903714,3988800
2000-11-07,37.47566604614258,38.514958579232996,37.20055919914806,37.903610030356276,5357600
2000-11-08,35.73334503173828,36.344693962991286,34.72461929517082,36.31412651642864,5558000
2000-11-09,34.632904052734375,35.67219684866815,34.23552739546558,35.09141558035222,4267800
2000-11-10,33.80759048461914,34.877450942993164,33.196241651262554,34.113264901297434,4276900
2000-11-13,33.25737762451172,34.23553578993853,32.370921787093664,32.64602877111996,4682300
2000-11-14,33.19622802734375,35.70275721541206,32.58487944488807,33.74644175155387,6580300
2000-11-15,34.235530853271484,34.60234011241368,31.729000915799823,32.27921480451312,6945100
2000-11-16,34.72462844848633,35.45824735936984,33.62420008216105,34.235549174563985,3177200
2000-11-17,33.59361267089844,34.51063576473552,32.89056163229001,33.99098934489451,3928200
2000-11-20,31.54559326171875,33.624178864235105,31.33162121440089,33.593611428903976,4418600
2000-11-21,32.065242767333984,32.46261946511791,30.68970804423577,31.54559631638577,5127300
2000-11-22,31.48447036743164,32.432061223150455,30.445177170836807,31.30106568567961,3763600
2000-11-24,31.942960739135742,32.982253241653076,31.790123606412603,32.27920243112664,4591500
2000-11-27,32.523746490478516,32.89055566142376,32.15693731953327,32.279207043181685,2883000
2000-11-28,31.117630004882812,33.25734916042485,31.056495171867326,32.64600083026998,4206300
2000-11-29,31.790128707885742,32.52374706268311,31.117645215988162,31.759561276435853,4423200
2000-11-30,30.995386123657227,31.60673496238814,29.65041867844922,31.545600078515047,4642300
2000-12-01,30.506301879882812,31.97353884404551,30.139492638842135,30.934245994430267,3226300
2000-12-04,31.270484924316406,31.545591829808927,30.231192170233555,30.598001377556912,3481500
2000-12-05,35.21369171142578,35.580501000086464,31.698436028427547,31.79013835059272,7374400
2000-12-06,33.96044158935547,36.46697283177414,33.44079486836623,34.54122321869638,7079300
2000-12-07,33.19622802734375,34.90800405821967,32.46260972839693,33.960413755413356,3837200
2000-12-08,36.2835578918457,36.6809346842585,34.44951115763278,34.48007860320299,6045100
2000-12-11,38.05645751953125,38.331564441359184,36.13070906673569,36.34468111704631,5983500
2000-12-12,36.00843811035156,37.628512150970096,35.70276376306504,37.59794471624144,3227900
2000-12-13,36.80320358276367,36.986608251780765,35.67220812382492,36.191854686040024,5547500
2000-12-14,33.34907531738281,34.81631236159397,33.19623812527748,34.60234029264651,6313700
2000-12-15,33.685325622558594,34.66348389834977,31.94298119380556,32.82943713124131,8736000
2000-12-18,33.86873245239258,35.1831327190468,33.62419286789877,34.908025686491264,6550700
2000-12-19,33.74646759033203,36.9254826531894,32.646039299342945,32.92114637209021,9428900
2000-12-20,33.532470703125,34.48006103293072,33.41020098315007,33.99098215303099,6101800
2000-12-21,35.21369171142578,35.335961474312676,33.01283597946167,33.53248247173097,6692000
2000-12-22,36.31412124633789,36.772632878236095,34.96915379276982,35.18312588765565,4749200
2000-12-26,37.44510269165039,37.811911860874716,35.88616372244699,36.19183803013393,2251900
2000-12-27,37.44510269165039,37.934181583949496,36.37524261474609,37.04772609165737,2872600
2000-12-28,38.82065200805664,39.126326433316926,37.261712439229164,37.65908919206754,3873700
2000-12-29,38.759517669677734,39.49313630064955,38.545545568977616,39.004057213335,3001900
2001-01-02,35.27482223510742,38.728942609948966,33.746450387832404,38.27043105576646,5798600
2001-01-03,40.929805755615234,40.929805755615234,34.72461489049955,35.30539630152023,11127500
2001-01-04,43.37518310546875,43.619722545104935,41.38830015842473,41.571704738151865,12219500
2001-01-05,41.38832092285156,43.37520486671076,40.71583712646845,43.37520486671076,7910900
2001-01-08,40.77695846557617,41.29660486281365,39.34028901439021,41.082632816892335,4762100
2001-01-09,40.349021911621094,41.082640491832386,39.95164518067331,40.77696608341101,5112500
2001-01-10,42.178367614746094,42.33163203195084,39.66483117258826,39.66483117258826,5848000
2001-01-11,42.914031982421875,43.711006862095424,41.93313982282366,42.20901574271066,6664200
2001-01-12,41.749244689941406,43.12862502110687,41.595980208700794,41.994467859926374,4324000
2001-01-16,41.16682434082031,42.668815698005865,40.676378183371966,41.19747722566083,4934300
2001-01-17,39.66485595703125,41.90251784641555,39.17440951552236,41.166848184152215,7966000
2001-01-18,39.29701232910156,39.664847077891906,38.43873124859076,39.664847077891906,6544400
2001-01-19,41.381385803222656,41.53465019508644,39.35829583062066,39.35829583062066,5753500
2001-01-22,41.13618087768555,42.055767633520546,40.768346175351546,41.381404012574876,4218900
2001-01-23,42.576881408691406,42.85275753013001,41.473376922936986,41.74925304437559,4310000
2001-01-24,41.32011413574219,43.680387717679984,40.64575025518853,42.57688318586491,12325400
2001-01-25,40.64574432373047,41.53467840019214,39.97138054158712,41.32010810587381,5562200
2001-01-26,40.461822509765625,41.07488042658025,39.41962405118075,40.64573988481001,4871300
2001-01-29,41.18767166137695,41.68301960689378,40.66289440076072,40.80021873186667,4198100
2001-01-30,41.687931060791016,42.17837730856503,40.48633925046786,41.49175181331983,5416000
2001-01-31,41.58985900878906,43.15928609742629,41.19750036572509,41.83508222525171,6682400
2001-02-01,44.042076110839844,44.042076110839844,41.50646607603028,41.71245635118445,7401400
2001-02-02,42.305908203125,44.38049441361751,42.129347196894685,43.99304130226816,5984500
2001-02-05,42.42359161376953,42.72766957123093,41.93314546794561,42.56582144507533,3251300
2001-02-06,41.66341781616211,42.66883437576283,41.20240077078505,42.61979048691108,3836300
2001-02-07,39.333778381347656,41.9331443837285,38.25479838515582,41.56530978387123,6542800
2001-02-08,38.25481414794922,39.99590013473958,37.867361094100396,39.848764737447105,5334000
2001-02-09,38.91690444946289,39.235695221499064,37.21505557054117,38.25480284096159,5245700
2001-02-12,39.23570251464844,39.26022632544336,37.896782519940466,38.892391614368535,4940900
2001-02-13,38.848270416259766,40.04496118454265,38.08808051589481,39.284767542367504,4942900
2001-02-14,37.73494338989258,38.84825495869049,37.37201039656416,38.843349447480996,5876900
2001-02-15,37.430850982666016,38.98066265266156,37.05320908383191,37.61721917741687,6347200
2001-02-16,36.660858154296875,37.067929450565806,36.288117946760984,36.78346972003031,6522800
2001-02-20,33.77212142944336,36.906071958175055,33.53670563633828,36.906071958175055,7290800
2001-02-21,32.38906478881836,34.69416023935572,32.124223413946055,33.497474155845275,7419400
2001-02-22,33.80646514892578,34.081113892060365,31.143341468919097,32.712768203700286,7833300
2001-02-23,32.859886169433594,33.571031462945,31.14332495162736,33.571031462945,9139200
2001-02-26,33.938899993896484,34.316545935376375,31.511191051623882,32.982530711621884,6874900
2001-02-27,34.164485931396484,34.98843199971686,33.27677571707136,34.331235852325776,6971900
2001-02-28,31.9427547454834,33.66912719934332,31.584731169967167,33.66912719934332,7348400
2001-03-01,31.192392349243164,31.26596006245787,29.42678594113682,30.65290202201752,10818200
2001-03-02,29.941749572753906,31.42780329933763,29.794616040561635,30.407673983783067,8440600
2001-03-05,30.701932907104492,30.701932907104492,29.48562649478299,30.113398934393736,5423300
2001-03-06,32.07028579711914,32.73238760618556,31.167864458825353,31.33952179996042,7213500
2001-03-07,32.7372932434082,33.031560299481605,31.437609692124653,32.001623732320375,6040900
2001-03-08,31.574935913085938,33.767231782865956,31.442517039751525,32.73729515554758,6233600
2001-03-09,30.04473876953125,31.388562421395033,29.794611985933567,31.265950849436457,6686600
2001-03-12,27.464994430541992,29.794614493846893,27.023591985975145,29.794614493846893,9871800
2001-03-13,28.936336517333984,29.034426167844824,27.88678155994828,28.445890135684255,8568000
2001-03-14,27.955434799194336,28.887283374195697,27.092250267188845,27.587600130783883,8427100
2001-03-15,28.941247940063477,29.475834714644723,28.372330059207698,28.691121041362607,6768100
2001-03-16,28.406646728515625,29.877985521327236,28.33798455086239,28.94613874175563,9588100
2001-03-19,29.7847957611084,30.064349929101205,28.666579089137166,28.691101023523547,7509900
2001-03-20,27.710229873657227,30.314501708760407,27.484624911313702,29.784818540574634,9075700
2001-03-21,26.797988891601562,28.887291439187802,26.680282812554236,27.464996242551077,9459700
2001-03-22,26.116256713867188,26.547849836935256,24.375173307123415,26.533135180656707,12955800
2001-03-23,26.24378776550293,26.85194216466789,25.74843769214729,26.6067189485522,8714600
2001-03-26,26.729310989379883,27.30803750542771,26.145680835797506,26.606699471079974,7261600
2001-03-27,27.759254455566406,28.20065678844268,25.900464760441157,26.606706622139395,7313300
2001-03-28,26.484113693237305,27.465006792986834,26.214368464987206,26.97456024311207,5519800
2001-03-29,26.3271541595459,26.729319924331413,25.96912863093947,26.484096805759567,6381200
2001-03-30,26.23887062072754,26.680272930933036,25.90046343017246,26.36148216568421,4324000
2001-04-02,25.674861907958984,26.964736143103877,25.601296088792775,26.067220427128404,6381200
2001-04-03,24.19861602783203,25.60129248497089,24.056386178199617,25.60129248497089,7935600
2001-04-04,22.301555633544922,24.19861801572597,21.729973616502363,24.19861801572597,14581200
2001-04-05,25.819747924804688,26.115393132933608,23.84877485816819,23.898048432967546,9929200
2001-04-06,25.080623626708984,25.869011806075484,24.637154101024272,25.622640265065243,8178300
2001-04-09,24.780065536499023,25.869027977379126,23.67139290889706,25.080639305173364,6039300
2001-04-10,26.923492431640625,27.0959537068844,25.4009156261634,25.499464657778923,7601000
2001-04-11,28.40664291381836,28.45591647619649,27.60839766969806,27.86462432932935,8651000
2001-04-12,29.367504119873047,29.441416377289443,27.642902323713834,28.28347020887783,6492600
2001-04-16,28.283472061157227,29.1556262296539,28.037100359856787,28.85012584634809,5172600
2001-04-17,28.997941970825195,29.515323930953056,27.844922592816125,28.017383872747576,5545300
2001-04-18,32.96453094482422,33.925378975863154,29.983432166540876,30.303716096664996,13859900
2001-04-19,33.14683532714844,33.274949619171764,32.27468146680816,32.619600223025785,7311200
2001-04-20,32.52106475830078,32.80685683568961,32.07759494154809,32.619611935653005,4848200
2001-04-23,31.437021255493164,32.501346677546024,31.220214886439116,32.49641819207521,4586500
2001-04-24,30.352975845336914,31.634107222573306,30.303702284545462,31.441939583620293,4829600
2001-04-25,30.254446029663086,30.42197886371704,29.564604505989884,30.328356413127903,5909400
2001-04-26,30.973848342895508,31.67847150790889,30.047490286852256,30.352990648011872,5643500
2001-04-27,32.17613983154297,32.427436214366494,31.249779997449053,31.51093523142231,5132000
2001-04-30,30.939350128173828,32.63931289241071,30.7964541298912,32.54569422820213,5692800
2001-05-01,31.215274810791016,31.299042115693958,29.94399858298192,30.550072373871412,7486700
2001-05-02,32.777286529541016,33.481909682058316,31.95933450987766,32.274689958342265,6495300
2001-05-03,32.6343994140625,32.76251000067714,31.94948257956789,32.52106676969747,4929300
2001-05-04,33.18625259399414,33.43262418527744,31.73759019359419,31.905121071187406,5744100
2001-05-07,32.99407958984375,33.82681668394742,32.7181446395602,33.013789766197114,4304400
2001-05-08,32.53090286254883,33.00886434530757,32.176130933262804,32.99408265150383,4545100
2001-05-09,32.06278991699219,32.565386170812005,31.841057049581025,32.126845159741144,4336400
2001-05-10,32.028316497802734,32.865978656319655,32.028316497802734,32.570333409745054,3301600
2001-05-11,31.146284103393555,32.816682547146385,31.14135750052153,32.03322299358563,4025100
2001-05-14,32.02338790893555,32.15150222712822,31.15123387044422,31.170942175063637,4224300
2001-05-15,32.32887268066406,32.93987302648293,31.806566236603683,32.02829911133427,4639800
2001-05-16,34.04855728149414,34.34420247492453,31.73266554706806,32.27468236157921,6355300
2001-05-17,34.344215393066406,34.639864457034044,33.77756345890779,33.9253842315576,5357300
2001-05-18,34.01899337768555,34.34420195776214,33.6839278276879,34.34420195776214,4405700
2001-05-21,35.81256866455078,35.94560764746787,33.95985355561837,34.14216985600917,5735100
2001-05-22,36.59110641479492,37.06906785928985,35.92590393155563,35.97024900941675,7624700
2001-05-23,35.23115539550781,35.9604173291302,35.14738991429013,35.773172418956506,4246700
2001-05-24,35.5070686340332,35.57605237127144,34.68911699563768,34.74824376508089,3912400
2001-05-25,34.23580551147461,35.231145305149965,33.95001350046565,34.861587836914126,3327300
2001-05-29,33.545955657958984,34.19637648698567,33.112339265719854,34.19637648698567,4104100
2001-05-30,31.634113311767578,33.210893875927816,31.634113311767578,32.71815065450257,5775800
2001-05-31,32.03324508666992,32.38802088743291,31.387750644652073,31.954404349018912,4294800
2001-06-01,32.12685775756836,32.37322937767036,31.486293800902697,31.92976346895282,3762800
2001-06-04,32.028316497802734,32.21555761012222,31.54050165298798,32.003677827532655,2869700
2001-06-05,32.570316314697266,32.718140740063205,32.1367037645985,32.15148545526883,4485200
2001-06-06,31.781932830810547,32.146561705248786,31.48628769587868,32.028304403142414,3481400
2001-06-07,32.27468490600586,32.33874017917702,31.072391977026935,31.73266804876394,3534800
2001-06-08,31.82627296447754,32.077572981824275,31.594686880306057,31.634103468662758,1864400
2001-06-11,30.673261642456055,31.683386621964498,30.303704273269837,31.14136801935846,3641800
2001-06-12,29.835594177246094,30.574708823485054,29.318214300811974,30.574708823485054,5499900
2001-06-13,29.26896095275879,30.545166531654395,29.219685481186016,30.00807610934697,4302200
2001-06-14,28.25882339477539,28.978229936732323,28.111000802199616,28.978229936732323,5660500
2001-06-15,28.34259605407715,28.603749412756194,27.50493203230796,27.667538230504302,7469300
2001-06-18,28.23418617248535,28.677655823018096,27.84491857698063,28.08636358219651,4386900
2001-06-19,28.80083656311035,29.835596392819227,28.80083656311035,29.313289873676943,6191200
2001-06-20,29.24432373046875,29.687793598327215,28.628394402702625,29.047227473383874,5334000
2001-06-21,32.003658294677734,32.02829694991006,29.36748383605133,29.36748383605133,8147500
2001-06-22,32.052940368652344,32.11699561871251,31.29904214254223,31.43700960995276,4262500
2001-06-25,31.791793823242188,32.176136728018044,31.510932192059183,32.0529509116923,3949800
2001-06-26,31.44686508178711,31.530632387785356,30.155878661865703,30.82108110748319,6225500
2001-06-27,30.870365142822266,31.870633331650517,30.771816117596245,31.042824527218063,5346400
2001-06-28,31.540489196777344,32.116997763818645,30.919631792631133,30.919631792631133,4115100
2001-06-29,31.64889144897461,31.77700195020646,31.01817899319901,31.41729970728972,3803500
2001-07-02,31.412385940551758,31.574992134719263,31.067465248408467,31.56021043694642,2964600
2001-07-03,31.501405715942383,31.79812338162815,31.105784048167607,31.28875871579977,1505600
2001-07-05,31.3035888671875,32.06021718859958,31.09588823268357,31.155231001617178,3259600
2001-07-06,30.136507034301758,31.328318307536165,29.92880637696589,30.907970661133874,3254300
2001-07-09,30.03266143798828,30.15629334011394,29.330433139421633,29.918920314409448,3398000
2001-07-10,28.910076141357422,30.41344013920317,28.895240920570515,30.156285622218558,3413400
2001-07-11,28.59356689453125,29.276015062361484,27.38197469327718,28.910064048750534,5892400
2001-07-12,30.571687698364258,30.631030465880084,28.830950797295333,28.830950797295333,6792200
2001-07-13,30.373855590820312,30.883219820400615,30.09197527604433,30.215607059243315,4083300
2001-07-16,28.905128479003906,30.635974473118242,28.336421183491655,29.993089195455973,4779700
2001-07-17,29.57767677307129,29.632073188273335,28.089148630160462,28.63312976042737,5074900
2001-07-18,29.12766456604004,29.177116551368687,28.420490234300946,28.682589152192946,4325800
2001-07-19,29.10294532775879,30.092000419767214,28.554021336331328,29.721104760264055,4327800
2001-07-20,29.42437744140625,29.68153189080024,28.732038394078426,29.10293390804573,2905000
2001-07-23,29.028762817382812,29.86451356114449,28.944692166658722,29.523290286549564,3032700
2001-07-24,28.450170516967773,29.028768755210752,28.197962286151533,28.929862863851707,3801500
2001-07-25,28.24739646911621,28.558949170092962,27.95068086869097,28.48476932675076,3635600
2001-07-26,29.246356964111328,29.246356964111328,27.703431644001846,27.792446747707466,4331700
2001-07-27,29.468887329101562,29.909016405613738,29.18206053658173,29.369981473526714,2826400
2001-07-30,29.49857521057129,29.90408773448838,29.20680382029208,29.350215405721336,3871000
2001-07-31,29.58263397216797,30.462892290915523,29.25624590785361,29.498565205308996,3425700
2001-08-01,30.85849952697754,31.13048912283728,29.770539257066936,29.918897046947553,3588600
2001-08-02,31.145334243774414,31.57557253723623,31.130499026008497,31.17995100954305,3150300
2001-08-03,31.22941780090332,31.22941780090332,30.784342219050725,31.17996391043468,2092800
2001-08-06,30.2898006439209,31.085989991253793,29.95846821993485,31.006865689520396,2517400
2001-08-07,30.363998413085938,30.90797807257393,30.052445465901876,30.314544516285856,2372900
2001-08-08,28.806228637695312,30.235412898313555,28.806228637695312,29.99309546491051,4374400
2001-08-09,27.738037109375,28.385868569650043,27.159439171203612,28.31168871798356,6276000
2001-08-10,27.639141082763672,27.841897277973683,26.946803729436336,27.644087414082726,4555100
2001-08-13,27.564950942993164,27.940790839279224,27.32757619258195,27.639128901833814,2967100
2001-08-14,27.619340896606445,28.425420688765577,27.619340896606445,27.940784302462266,4055400
2001-08-15,27.17428207397461,27.930908422003544,27.075376212797764,27.619355619561823,3082300
2001-08-16,26.209945678710938,26.867667862569984,25.690692415200658,26.753924928774687,5696900
2001-08-17,25.31980323791504,25.88850861559637,24.775821966448003,25.715424780317772,5104700
2001-08-20,26.338533401489258,26.34842417770884,25.36925996964238,25.36925996964238,4099400
2001-08-21,25.91322898864746,27.42648118581354,25.853884359622764,26.30885041645324,5769400
2001-08-22,26.447311401367188,26.595669167085692,25.858824779879537,26.0269640840862,4263700
2001-08-23,25.957754135131836,26.556132068721443,25.63136599985814,26.457226173023006,3733500
2001-08-24,27.99024200439453,28.128710919218577,26.11103880423065,26.358302432843573,4864800
2001-08-27,27.86662483215332,28.24246680154922,27.322645317968398,27.742992952886496,3531900
2001-08-28,26.976457595825195,28.039691799400174,26.803373835462523,27.990237948959766,4063300
2001-08-29,26.6253604888916,27.297918186014535,26.397878293239046,27.189121533105624,3568500
2001-08-30,25.863786697387695,26.60063346895145,25.319807226696618,26.467110823642344,5265100
2001-08-31,26.383033752441406,27.00119294895102,25.93796026283778,25.96268625340373,3446200
2001-09-04,25.814332962036133,26.902293716465337,25.71542709591121,26.590740898437193,4670300
2001-09-05,25.572023391723633,26.387994738913715,24.93902862658959,25.96270067366183,7193300
2001-09-06,24.479116439819336,25.408828865140094,24.320867757186836,25.072549942927758,5393500
2001-09-07,23.766990661621094,24.67692127323862,23.36147829098995,24.25657179584702,5070700
2001-09-10,24.182388305664062,24.667024885014477,23.158716836321595,23.316965438294297,5287100
2001-09-17,21.017414093017578,22.33780131994281,20.8591654789997,20.893782245411593,11448900
2001-09-18,20.869050979614258,21.432811760400682,20.572333488456483,21.338852259093546,6171000
2001-09-19,20.76520347595215,21.51193891633349,19.47448683913661,20.918505741347122,10341500
2001-09-20,18.6041202545166,20.028359694325317,18.569503487444194,20.028359694325317,10639200
2001-09-21,19.82065773010254,20.151990159737586,17.67935333032193,17.887053918486195,10189900
2001-09-24,21.042144775390625,21.511946278303284,20.730591921768358,21.141050652815295,6111200
2001-09-25,21.165781021118164,22.006478323116095,20.67125341835151,21.33392048151775,6765100
2001-09-26,21.576223373413086,21.98173554734213,21.21521872523097,21.73447193463068,6298400
2001-09-27,21.912511825561523,21.957019371189208,20.799825071341917,21.437764043375395,4151500
2001-09-28,22.921348571777344,23.05981755277472,21.907567587280052,21.957021468519358,5135700
2001-10-01,23.193347930908203,23.292251953398296,22.327924528806754,22.50100845463772,4478100
2001-10-02,23.267518997192383,23.336752546842995,22.426821851850484,23.193341002483614,5502200
2001-10-03,24.793170928955078,24.847836472512924,22.86000955471189,22.909704469361124,6040700
2001-10-04,24.793170928955078,25.47400111749488,24.490027020672105,24.793170928955078,6512300
2001-10-05,24.037792205810547,24.793166527978975,23.29235724395555,24.793166527978975,5554000
2001-10-08,23.734657287597656,24.201797919514792,23.352002198023627,23.72968855343975,3726000
2001-10-09,24.480083465576172,24.549658988203277,23.6352586868063,23.734648499081,4711800
2001-10-10,25.14600372314453,25.3944820282971,24.07754814843189,24.48008178950608,5364700
2001-10-11,26.239309310913086,26.910201889295585,25.52369245637749,25.568418628269654,5638300
2001-10-12,25.573392868041992,25.916294224977978,24.490027045100625,25.344793227244324,5946200
2001-10-15,26.100168228149414,26.239315508797326,24.84783701509965,25.12116284311784,4475900
2001-10-16,26.139921188354492,26.587182968551083,25.742356214701594,26.11507373295231,5062000
2001-10-17,26.095195770263672,27.00959618416363,25.965987860966013,27.00959618416363,7156800
2001-10-18,25.518733978271484,26.81082295047838,25.434252222107556,26.095203859489953,5678100
2001-10-19,24.400585174560547,25.628069431994916,24.201803534547643,25.518738297756627,6810600
2001-10-22,25.215587615966797,25.260313801578917,24.236582161868,24.360821355708367,5809100
2001-10-23,25.339832305908203,25.727458068127834,24.872691622474225,25.220561819826745,4116600
2001-10-24,24.847848892211914,25.598253094630927,24.723609647750852,25.339837134403496,4057400
2001-10-25,25.518733978271484,25.692670016548934,24.152102614579945,24.490033430715595,5339200
2001-10-26,25.88648223876953,26.477860204295066,25.49388587462085,25.62806445081369,5062600
2001-10-29,25.1807918548584,26.31385427488214,25.16588376240385,26.31385427488214,3941000
2001-10-30,24.80809211730957,25.344806578335636,24.30616638978599,24.99693630497509,4380900
2001-10-31,24.31111717224121,25.44417956574703,24.31111717224121,24.85777059689675,3821300
2001-11-01,25.07147789001465,25.11620409024422,23.88375111204526,24.326042483348644,4632000
2001-11-02,25.578359603881836,25.792051116893514,24.808075273112706,24.82795399426244,3263600
2001-11-05,25.68769645690918,26.2840449994785,25.439218055483607,25.76720946953577,5288700
2001-11-06,26.423181533813477,26.433120893310342,25.39448152262512,25.68768599269623,4529100
2001-11-07,26.761119842529297,26.974811393600806,26.239315641716825,26.33373863612581,3764000
2001-11-08,26.71639633178711,27.755036103984953,26.68658013750929,27.059297731899807,4504700
2001-11-09,26.46792221069336,26.81082366619238,26.189627575204327,26.587192694288674,3357300
2001-11-12,26.507680892944336,26.83567236828263,25.642975060285135,26.467923431332366,3469800
2001-11-13,27.774917602539062,27.799765065496874,27.13384282123198,27.258082031760953,4352700
2001-11-14,28.92287826538086,28.94772571946861,28.237077537271443,28.748942295288156,7414700
2001-11-15,28.445812225341797,28.808590514896807,28.237089353038627,28.336481106719184,5459900
2001-11-16,27.680482864379883,28.43585712019087,27.481699467052103,28.242044350452723,4210700
2001-11-19,28.530275344848633,28.624696406502665,28.018410707045074,28.127739858502697,3043500
2001-11-20,28.266897201538086,29.17135823027153,28.152597389746425,28.65452281506975,3714900
2001-11-21,28.097929000854492,28.575006922319297,27.660606624975514,28.142655174475514,3358200
2001-11-23,28.75887680053711,28.932812741263167,28.17743851094673,28.222164679048984,1227300
2001-11-26,29.5788631439209,29.618618694314424,28.62470528986442,28.848336185013547,4092500
2001-11-27,28.699256896972656,29.39499721640733,28.59986515194772,29.305544835458875,4994600
2001-11-28,26.935056686401367,28.565074247436126,26.86051241434007,28.455743153943448,6064900
2001-11-29,27.95382308959961,28.068122938743844,26.706462217860388,26.94003065057254,5487800
2001-11-30,27.581098556518555,28.112842106759842,27.08911055895258,27.774911378191987,4116000
2001-12-03,26.005752563476562,26.756156563993027,25.792060968839838,26.61203862421665,6797900
2001-12-04,26.199548721313477,26.785957575084087,25.727439641313246,26.338695942296773,6422800
2001-12-05,27.764976501464844,28.097938550639945,26.512645110179303,26.686581131483837,5520900
2001-12-06,28.351388931274414,28.649564189423998,27.48668504284263,27.48668504284263,4649200
2001-12-07,27.660615921020508,28.256964471139,27.3326245028163,28.251993841433304,4393700
2001-12-10,27.158679962158203,27.725210203989146,27.084135711079792,27.456853174993736,2607600
2001-12-11,27.258081436157227,27.978669220628028,26.646824761199753,27.158691586497696,4838700
2001-12-12,27.337589263916016,27.34752862614318,26.76609015390021,27.18353388874369,3233200
2001-12-13,26.82572364807129,27.33758846551445,26.587184648804396,26.935054733637575,3215800
2001-12-14,26.115083694458008,26.94003204036363,25.58333998391439,26.8008847204427,4880200
2001-12-17,25.68769645690918,26.502707206006445,25.5187310681102,26.189623889403094,4994000
2001-12-18,26.617008209228516,26.721368687421606,25.762241864241673,25.965994086507163,4793700
2001-12-19,27.725204467773438,27.829564881100286,26.259182367210602,26.587173591765453,6516500
2001-12-20,27.839515686035156,28.475619681093274,27.68545842034601,27.84448441911054,6449500
2001-12-21,27.461824417114258,27.94884361605994,27.12389562969158,27.839512543348963,6413300
2001-12-24,27.45685386657715,27.56121430412431,27.084136393275195,27.258070455853797,1395200
2001-12-26,27.55624771118164,28.177443548242817,27.412129822006026,27.456855998104,2672400
2001-12-27,27.53140640258789,28.02836318317078,27.33759166573924,27.680493057614825,1948500
2001-12-28,28.261930465698242,28.38120092245706,27.720247520408645,27.829578614459265,2535300
2001-12-31,27.799762725830078,28.2867801626268,27.680494155374422,28.276842694871952,2322800
2002-01-02,27.441965103149414,27.789833473329224,26.830708243881467,27.789833473329224,3856500
2002-01-03,28.23708152770996,28.291747071871832,27.50158578748546,27.55625133164733,5507500
2002-01-04,29.638490676879883,29.82733471158476,29.071960468504184,29.071960468504184,7576500
2002-01-07,29.414875030517578,29.787592664995326,29.34530137540012,29.782623930661188,4050900
2002-01-08,28.798646926879883,29.414872297003114,28.75888947294174,29.40990356313072,4591000
2002-01-09,29.1329288482666,29.826450919529734,28.72380069251003,28.72380069251003,6620000
2002-01-10,29.41234016418457,29.66180869500328,29.04312590112359,29.13293472448183,3700100
2002-01-11,28.71881866455078,29.512128688340464,28.489306164008024,29.362446043505745,3716100
2002-01-14,28.120080947875977,28.668910717213205,27.89057045548354,28.66392218620164,3547900
2002-01-15,28.863506317138672,28.888454691181128,28.06520783341675,28.13007017999844,4665200
2002-01-16,27.8756160736084,28.579117329411634,27.745893261197427,28.439415546308425,4369500
2002-01-17,28.758718490600586,28.8136018462632,28.000334282875215,28.239823732163288,4152800
2002-01-18,28.249820709228516,28.638992977839404,28.120097888554334,28.63400254052838,3456800
2002-01-22,27.616159439086914,28.539193939161393,27.426564768335254,28.439406168438012,3334100
2002-01-23,27.67104148864746,28.135052982585236,27.067328264334726,27.56127665904999,4323600
2002-01-24,27.14219093322754,28.46936412653103,26.94760377991862,27.99038285346385,4892100
2002-01-25,27.566267013549805,27.960427668362033,26.942595814148227,26.942595814148227,3646800
2002-01-28,27.436538696289062,28.015305376226706,27.296835081619236,27.990357010658226,4355400
2002-01-29,25.944730758666992,27.815744996070862,25.919784282827095,27.491435100269882,7572700
2002-01-30,26.24408721923828,26.51351367430825,25.046639479972438,26.134322366030833,9592000
2002-01-31,27.44154167175293,27.44154167175293,25.974667220303274,26.733051873081553,8666200
2002-02-01,26.648229598999023,27.04239035242603,26.478590914188285,27.002474472096946,4808300
2002-02-04,25.156414031982422,26.293992201983976,25.041658698349202,26.293992201983976,6553800
2002-02-05,24.667438507080078,24.94684384331069,24.273279820858555,24.807142126841953,7063900
2002-02-06,24.407995223999023,24.84706028269941,23.958953100974654,24.667442672172275,6216200
2002-02-07,24.248334884643555,25.171369379397948,24.198441951216143,24.592602596490288,6745000
2002-02-08,25.824981689453125,25.8449396288765,24.64749181288207,24.68740578843495,5752000
2002-02-11,26.019563674926758,26.119349546016256,25.246209850928697,25.824976658397855,4161400
2002-02-12,25.34599494934082,25.994612559410495,25.2162721886442,25.994612559410495,4659100
2002-02-13,25.620418548583984,25.93973988169046,25.296110585371718,25.470737803771097,6351900
2002-02-14,25.97467613220215,26.39378353402532,25.470748400942462,25.9347602352215,4967700
2002-02-15,24.886978149414062,25.854915246425517,24.876999180996176,25.849926713863383,4573800
2002-02-19,23.470001220703125,24.67243953404903,23.40015033248042,24.597598209071013,7618200
2002-02-20,23.83422088623047,24.09865688903861,23.125729351528754,23.499932104163804,7850100
2002-02-21,23.799297332763672,24.552691430276223,23.52488233976084,23.699509543500703,6263400
2002-02-22,23.265430450439453,23.72445152965544,22.901206706289358,23.649612129327657,7335200
2002-02-25,24.32318115234375,24.44791541466346,23.15067984785598,23.39016940311457,7236200
2002-02-26,24.32318115234375,24.597596148788355,24.018829247756646,24.442926881619943,6940200
2002-02-27,24.113630294799805,24.986770195837106,24.048767940657587,24.61755591452057,6556600
2002-02-28,24.507780075073242,24.98177051227903,24.308206456397755,24.442919648232657,5214300
2002-03-01,25.066591262817383,25.14642109249893,24.198440199648978,24.54769641824071,6456100
2002-03-04,26.817869186401367,26.942603461686954,25.14643065889209,25.455771128678027,6694100
2002-03-05,27.421573638916016,27.64110710960949,26.573380464176175,26.817860401095714,7875000
2002-03-06,28.120080947875977,28.344602909256853,27.426559036394075,27.426559036394075,6848500
2002-03-07,27.551313400268555,28.439421026787713,27.07732266916321,28.125090050937622,5325900
2002-03-08,28.369550704956055,28.6339866367434,27.63112436647407,28.020294515639318,5755100
2002-03-11,28.16998863220215,28.663937206068496,27.825722713218582,28.00534037644271,4804400
2002-03-12,28.179948806762695,28.37453384436956,27.416576150522616,27.621140152018647,4053300
2002-03-13,27.601205825805664,28.04027109590634,27.24197043178744,27.87063237131933,3853100
2002-03-14,27.28188133239746,27.69100961041393,27.072326756443594,27.47646650080846,4129700
2002-03-15,28.17498016357422,28.1899476683263,27.4116050652185,27.536339346936757,5124900
2002-03-18,28.3496036529541,28.773699393474562,28.0452517412257,28.614039686222586,4755600
2002-03-19,28.878475189208984,29.073060322068862,28.718815495411462,28.728794464185516,4539700
2002-03-20,28.324661254882812,28.838565892566095,28.294724341731648,28.589097326188718,2884500
2002-03-21,28.3496036529541,28.539200269051012,27.785804241117784,28.22486938770763,2524000
2002-03-22,27.915529251098633,28.339624996302515,27.646102778400376,28.3146785236365,4370900
2002-03-25,27.366701126098633,28.10512976167889,27.34674508717835,27.835703251666697,3920000
2002-03-26,27.835683822631836,28.239821402271918,27.491416221258074,27.56625750067658,5687500
2002-03-27,28.269777297973633,28.589096751996305,27.74090326268978,27.94047887310099,4325600
2002-03-28,28.59408950805664,28.95332297131904,28.030289980720646,28.050247924039176,4860900
2002-04-01,28.384519577026367,28.584095095816338,28.000337940496255,28.469339838664727,3445800
2002-04-02,28.334630966186523,28.539195047632745,28.05023704571967,28.16499232035599,3650300
2002-04-03,27.883769989013672,28.655258156982672,27.75852847776028,28.424814234924547,4669400
2002-04-04,28.049089431762695,28.22943560096702,27.638295520646004,27.74349984147409,3595700
2002-04-05,28.00900650024414,28.630205126022666,27.878756192647096,28.304576490479867,3574800
2002-04-08,27.893779754638672,27.96892539944459,27.36275524522527,27.55813162848089,4888600
2002-04-09,27.678361892700195,28.244453811296236,27.55312043617214,28.003990444086327,3512600
2002-04-10,27.307641983032227,28.129227412023273,27.077198198440513,27.678357476054565,5845400
2002-04-11,25.869873046875,26.866795808173947,25.649448787612858,26.826717627744742,8173600
2002-04-12,26.59628677368164,26.80168277081099,25.95004013233548,25.95004013233548,7720200
2002-04-15,26.380861282348633,27.102251410112736,26.155426270224527,26.901866219028115,4719500
2002-04-16,27.492996215820312,27.673344160890576,26.601276033087597,26.601276033087597,5740000
2002-04-17,27.568147659301758,27.928843650715965,27.317664756604753,27.61323465822853,4834900
2002-04-18,27.64830780029297,27.778560006672887,27.15736143931981,27.573164060642963,4213000
2002-04-19,27.558135986328125,28.55505906470499,27.327692108664493,27.893784165562916,4745300
2002-04-22,26.876815795898438,27.322675049835357,26.681437529637748,27.227490325264874,3704300
2002-04-23,26.80168342590332,27.45293890264374,26.686461464798256,26.871818366486067,4044800
2002-04-24,25.544260025024414,26.67644247022999,25.49917300356295,26.67644247022999,7964100
2002-04-25,24.111492156982422,25.348876776990892,23.775843970503097,25.348876776990892,11534800
2002-04-26,24.0714168548584,24.67257646046739,23.90108833178641,24.67257646046739,8839600
2002-04-29,23.795879364013672,24.652530562470204,23.319961394526764,24.046362304687502,6812800
2002-04-30,23.906082153320312,24.542308777406838,23.72072348126507,23.85598444018416,6041500
2002-05-01,24.061399459838867,24.09145811167286,23.0193910397008,23.79588805725715,7323600
2002-05-02,24.46717643737793,24.517272266660182,23.926132308169297,24.061393340471454,5863000
2002-05-03,24.046371459960938,24.427104833888734,23.845984266714368,24.422096014022827,5033000
2002-05-06,22.568504333496094,23.946160004265955,22.56349551736577,23.931131644842495,5516700
2002-05-07,22.493379592895508,22.788949680668814,22.002431112701935,22.62362994347492,7790200
2002-05-08,24.291839599609375,24.772766449858125,23.044433551303666,23.044433551303666,8001700
2002-05-09,24.296838760375977,24.63749562165149,23.745777202388762,23.94616235482381,6662900
2002-05-10,23.530364990234375,24.366976985700664,23.37506489929471,24.246746260033053,5703000
2002-05-13,24.146556854248047,24.201663409223425,23.04443148784034,23.545397389749912,4747100
2002-05-14,24.772769927978516,24.918050531586637,24.146562406599045,24.772769927978512,6168900
2002-05-15,24.602434158325195,25.023245565170722,24.321892583417135,24.58239506489609,4630600
2002-05-16,24.893007278442383,24.9631441446348,24.552350143930305,24.602447905496316,3724900
2002-05-17,25.29376792907715,25.388950757579014,25.048293808895384,25.223631101144388,5207000
2002-05-20,24.722684860229492,25.29378801792199,24.672588997237803,25.29378801792199,3884400
2002-05-21,24.241744995117188,25.343870602823852,24.146562140887042,24.973154913391785,5449400
2002-05-22,24.0563907623291,24.091458234130073,23.6556182910081,23.97122553721683,4619300
2002-05-23,24.286821365356445,24.47217817329596,23.906088204314088,24.106473374482178,3647200
2002-05-24,24.01129150390625,24.39703540817884,23.800884869288062,24.37198749980434,2548000
2002-05-28,23.37507438659668,23.996273091449947,23.05445643997578,23.926136243472133,4254100
2002-05-29,23.064470291137695,23.40512725301455,22.97930509515186,23.284894597220802,3484200
2002-05-30,22.363121032714844,22.994339237447512,22.02246401356499,22.994339237447512,5841400
2002-05-31,22.773914337158203,23.114571376559777,22.24289159005797,22.363122362179897,5430000
2002-06-03,21.992401123046875,22.753867517536523,21.992401123046875,22.743849882453492,5883900
2002-06-04,21.766971588134766,22.117648146271264,21.48142114061747,21.992406654867764,5988800
2002-06-05,22.633647918701172,22.723821967065238,21.797033561331002,21.817072663419452,5206800
2002-06-06,22.31301498413086,22.69374811362599,22.077560469884258,22.633632758659953,4600300
2002-06-07,22.37814712524414,22.643660367046945,21.471400017054144,21.606661047172548,4862100
2002-06-10,22.523427963256836,22.643660628427742,21.741922328262785,22.237877533388488,4023500
2002-06-11,21.641725540161133,22.783927089744807,21.586618989780675,22.783927089744807,4028500
2002-06-12,21.917259216308594,22.082578888836185,20.99047301957517,21.541534772600446,5691700
2002-06-13,21.185850143432617,21.74192264475509,21.090665391402,21.666776989050224,6006700
2002-06-14,21.215900421142578,21.491433134196836,20.444414557689136,20.539597369723356,6801500
2002-06-17,22.60358238220215,22.668708488640075,21.571593782355254,21.706854813710923,5103800
2002-06-18,22.64366340637207,23.014377173314536,22.077571295678524,22.35310221133222,4505000
2002-06-19,22.117652893066406,22.54347329081264,21.807052551781908,21.917265699401177,5646700
2002-06-20,21.44635772705078,22.242893839281322,21.266009639597247,21.902236765432168,4630700
2002-06-21,21.015512466430664,21.336130223452187,20.8652231317059,21.05558873054207,6801100
2002-06-24,21.2409610748291,21.541539937449766,20.058680902729243,20.790090869864308,6138200
2002-06-25,20.9954891204834,22.027479971797685,20.860228044507693,21.24096334970613,5366400
2002-06-26,20.664846420288086,20.790087913744376,19.93844537603489,19.948464924835417,6062800
2002-06-27,21.35116958618164,21.356180316173024,20.389315819459906,20.940377634431705,4862700
2002-06-28,21.58160400390625,21.73690215310283,21.16580154153433,21.16580154153433,4889600
2002-07-01,20.760025024414062,22.08758534813772,20.71493801954333,21.837102412418773,5486600
2002-07-02,20.865814208984375,21.157996994659424,20.367091070261637,20.891003838003794,5181000
2002-07-03,20.790250778198242,21.032056223941492,20.256262551120116,20.533331170928076,5205000
2002-07-05,22.004322052001953,22.08996066078374,21.263791373174215,21.611388347333843,2487600
2002-07-08,21.913644790649414,22.17056253919898,21.62650063333547,21.747402424994327,4252700
2002-07-09,21.01190757751465,21.913641804949066,20.95649346317971,21.661760864662295,4320300
2002-07-10,20.19581413269043,21.505594270599428,20.105136839267598,21.283939732065335,6063500
2002-07-11,20.65424346923828,20.699582129331425,19.656794868888785,20.059804113216916,6556900
2002-07-12,20.855743408203125,21.02702253090293,20.155512753663345,20.56356058407441,5246900
2002-07-15,20.729801177978516,20.770101127242892,19.923781054002184,20.291526978897412,5984300
2002-07-16,20.477922439575195,20.835592934980816,20.20085185131812,20.301604617802585,6602900
2002-07-17,20.100099563598633,21.258751490745386,19.42001987992405,20.704612275710645,9693400
2002-07-18,19.495586395263672,20.27641697518564,19.44520905100146,20.1504764970789,4821200
2002-07-19,19.47040557861328,19.621533821517293,18.99183120800069,19.168147171105392,8361000
2002-07-22,18.40242576599121,19.3696498326551,18.387313520507263,19.27393382005788,7686000
2002-07-23,17.933923721313477,18.9666372026191,17.68204275937537,18.402422464254293,12421800
2002-07-24,19.092580795288086,19.445212662113825,16.876027200300182,17.00196770179496,10883300
2002-07-25,18.911226272583008,19.52077784205609,18.160620033882594,19.00190358790788,7806500
2002-07-26,19.153032302856445,19.223558678449088,18.412501515734476,18.966640892833087,5660300
2002-07-29,19.933853149414062,19.974155013559315,19.545956354659975,19.843175876785907,8585000
2002-07-30,20.639129638671875,20.880935166705704,19.68198107538423,19.707168790902426,7135700
2002-07-31,20.3267822265625,20.7902439533703,19.687006609008687,20.63911583960406,5578500
2002-08-01,19.97417449951172,20.31673299213718,19.873421662557078,20.03462543300429,5666100
2002-08-02,19.28400421142578,19.964083904560137,18.98174785116545,19.898594321880736,4640300
2002-08-05,18.51325225830078,19.284007451661743,18.29159768497917,19.284007451661743,4772700
2002-08-06,19.173175811767578,19.671898943938768,18.770164813137736,18.770164813137736,4959500
2002-08-07,19.339412689208984,19.838137652149243,18.78023685617547,19.576181319480458,4821400
2002-08-08,20.744918823242188,20.96153663185643,19.420024256492187,19.56107891991276,5259300
2002-08-09,21.5257511138916,21.571089773043806,20.377174310968645,20.553490251171866,5360700
2002-08-12,21.102588653564453,21.21341690210645,20.679428521139766,21.0572499993154,3603800
2002-08-13,20.754993438720703,21.958984233189824,20.724767028868563,21.082437564471636,5447300
2002-08-14,22.170555114746094,22.225969218074106,20.553480260513147,20.553480260513147,6775000
2002-08-15,22.2763614654541,22.623956634945866,21.41996548080051,22.266285992493476,7922200
2002-08-16,22.33176612854004,22.518157494959333,21.55093363991762,21.762514638898278,4694800
2002-08-19,23.364484786987305,23.42493569586846,22.10004094531653,22.175606022692776,4253200
2002-08-20,23.031986236572266,23.349354733562386,22.946345745695098,22.946345745695098,5127800
2002-08-21,22.870798110961914,23.17305457588046,22.266283259425087,22.770045315422486,5098000
2002-08-22,22.775081634521484,23.011850411044524,22.467786479042566,22.870797653132772,4180600
2002-08-23,22.34687042236328,22.78010581321661,22.17055266564239,22.78010581321661,3103300
2002-08-26,22.649126052856445,22.795217410173468,21.93882211760627,22.543336554812434,3207700
2002-08-27,22.20077896118164,23.162963774476907,22.054687600420433,23.037023343827272,5387600
2002-08-28,21.399816513061523,21.964029599112255,21.06229678533033,21.838089058012528,5009000
2002-08-29,21.294010162353516,21.838071872469083,20.93633976830824,21.157994254399966,4209100
2002-08-30,21.520713806152344,22.024475819055162,21.183192258223674,21.299057290587374,4038900
2002-09-03,20.105140686035156,21.03206281260852,19.913710594215807,20.966573216673048,6552200
2002-09-04,20.83559226989746,20.90611862767559,19.88851936989327,20.10010036492678,5867700
2002-09-05,19.787776947021484,20.729813565902084,19.545971341837735,20.276426855119972,6674200
2002-09-06,20.18071174621582,20.528306926284454,20.024544793124097,20.377178670676354,3669100
2002-09-09,20.639129638671875,20.770106912386215,19.601379232706286,19.928825299541405,5190600
2002-09-10,20.351985931396484,20.704617800321532,20.150480359125407,20.63409142653652,3545400
2002-09-11,20.321767807006836,22.019445931562565,20.231090454673264,21.61139976776183,2979400
2002-09-12,20.029579162597656,20.286498895795678,19.898601869259302,20.281460198917394,4108600
2002-09-13,20.110172271728516,20.43761824522257,19.782728219933425,19.898593215648514,3542000
2002-09-16,20.190778732299805,20.200852279632574,19.747467703388242,19.923783607200058,3179000
2002-09-17,19.616485595703125,20.629047982535184,19.495583828788185,20.593784807043416,3683800
2002-09-18,19.193330764770508,19.409948570983723,18.94648846949463,19.29408354561145,6711800
2002-09-19,17.07752799987793,18.488060838173975,17.00196295141426,18.145502616083636,13676500
2002-09-20,17.33948516845703,17.606480305199852,16.800460042784675,17.082567422884882,8248400
2002-09-23,16.820606231689453,17.077525826408365,16.50827445307508,16.991885320935804,6169900
2002-09-24,16.7198543548584,17.36970757322805,16.498199842676776,16.498199842676776,6181600
2002-09-25,17.475494384765625,17.631661218800772,16.553611383180154,17.077524063460746,6443800
2002-09-26,17.77271842956543,17.989336190703252,17.228656600955805,17.48053753979522,6308400
2002-09-27,17.05738067626953,17.918813187023986,16.901213773166326,17.43520215520037,4433600
2002-09-30,17.06745147705078,17.43015869084046,16.473012359088465,16.689630101483154,5516700
2002-10-01,18.034679412841797,18.256335925152968,16.75008668313664,17.137983657981643,6669100
2002-10-02,17.2386474609375,18.02452659071423,17.2386474609375,17.98903541243635,5792000
2002-10-03,16.0623722076416,17.17274382183242,16.026881009981977,17.11190204500524,9580400
2002-10-04,15.732808113098145,16.503476659559347,15.66182475852195,16.305739456021193,7105100
2002-10-07,15.08889389038086,16.173914840231113,14.95706876151996,15.737878916989322,8255100
2002-10-08,15.692251205444336,16.087725728318112,14.957072670412508,15.31198664602707,7443100
2002-10-09,14.860740661621094,15.692253264946627,14.754267035200451,15.210584372977184,7696400
2002-10-10,15.692251205444336,15.793654507717939,14.602158694797945,14.723844204826719,7973100
2002-10-11,16.934438705444336,17.41103596292863,16.12827729240779,16.224611192138525,8137200
2002-10-14,17.507387161254883,17.745687005680175,16.71643777827117,16.807701466173352,6153200
2002-10-15,18.790138244628906,19.089279745456494,18.338889387960737,18.43015302781494,9567500
2002-10-16,18.48592185974121,18.9473093115802,18.364238319764443,18.5822567575249,7490200
2002-10-17,19.27687644958496,19.520245512187316,19.043648006356708,19.469544349442174,5979500
2002-10-18,18.861122131347656,19.26673726591013,18.602541153352778,18.759717864175652,5887200
2002-10-21,19.459400177001953,19.723050430212965,18.45043097594683,18.617748263881236,6324300
2002-10-22,19.03350830078125,19.38842225941279,18.83577104880631,19.13998190813307,4434900
2002-10-23,19.27687644958496,19.292086411583426,18.50620678428148,18.911821888618736,6150000
2002-10-24,18.7445011138916,19.62164412919454,18.602534417604975,19.510099282281796,4563800
2002-10-25,19.474609375,19.621645422141974,18.55183449189338,18.7597123076674,4536600
2002-10-28,19.185609817504883,19.981629940048123,19.063924338116866,19.925857509250495,4349200
2002-10-29,19.36814308166504,19.52024852752189,18.65831508883215,19.34279249637651,5245800
2002-10-30,19.312362670898438,19.707837053893833,18.921957629220337,19.368135096013148,4980200
2002-10-31,19.73319435119629,19.799107415524947,19.37321103716187,19.596300813620246,7267100
2002-11-01,20.47850799560547,20.66103524217425,19.337714638675603,19.570943038569037,5690300
2002-11-04,21.061573028564453,21.599012015044526,20.929746984772677,20.980450053201935,6543700
2002-11-05,21.254241943359375,21.26945383313833,20.74722279088468,20.757363406029125,4225800
2002-11-06,21.462127685546875,21.599021193165605,20.787791094822573,21.512828841396395,5708500
2002-11-07,20.19964599609375,21.066648406427536,20.128663614072252,21.061579065193794,5722100
2002-11-08,19.910646438598633,20.53427989211605,19.62164561706922,20.199647260128046,5222500
2002-11-11,19.398561477661133,19.748406103028564,19.241386700815383,19.682493039185704,3242500
2002-11-12,19.844722747802734,20.224986986253093,19.32756315141538,19.687548100415906,4165100
2002-11-13,20.07289695739746,20.407529664594744,19.520245766134103,19.849809130641077,4682100
2002-11-14,20.92976188659668,20.92976188659668,20.478514893975632,20.534287341895208,5271700
2002-11-15,21.522972106933594,21.563532649777542,20.48358281116214,20.838494814016766,6005200
2002-11-18,21.294803619384766,21.827173323044484,21.173118176259216,21.67506796973092,5111700
2002-11-19,21.294803619384766,21.67506796973092,20.960171068445128,21.299872959707933,6070000
2002-11-20,22.060405731201172,22.151669346855062,20.879051937208946,21.29987689016867,7951200
2002-11-21,23.52568817138672,23.627090449077386,22.06547254997233,22.06547254997233,9731800
2002-11-22,23.424291610717773,23.703151833701003,23.180922583343772,23.530765197545445,5366500
2002-11-25,23.495267868041992,23.743708106571525,23.120072839964134,23.429354835921977,4440900
2002-11-26,22.471099853515625,23.196137756706662,22.430539306899448,23.17078717330586,6639600
2002-11-27,23.312740325927734,23.43949511365078,22.562352214702244,22.57756217030915,4877400
2002-11-29,22.937559127807617,23.409085403173737,22.846295478607576,23.196138177790687,1664500
2002-12-02,22.978120803833008,23.677808170693073,22.846296600805356,23.322894176829234,4543300
2002-12-03,22.86149787902832,23.145429353067374,22.57249706354434,22.815866069524272,4608400
2002-12-04,22.318981170654297,22.58263133659863,22.029980436357015,22.511648971560614,6119100
2002-12-05,21.497629165649414,22.32406961928051,21.269469986927987,22.32406961928051,5885100
2002-12-06,21.705503463745117,21.948872568916578,20.93990300715038,20.96525359295717,5656300
2002-12-09,20.701595306396484,21.710562452829897,20.681314073773503,21.710562452829897,5401800
2002-12-10,21.0565128326416,21.117356546767024,20.595125304879687,20.78779319802624,4451700
2002-12-11,21.092002868652344,21.558461647256063,20.939897459980013,21.061582947393003,4436300
2002-12-12,21.664945602416992,21.811981739249635,21.28468093179017,21.462138938558365,4708000
2002-12-13,21.193401336669922,21.604087568745015,21.1883319958849,21.593946953050295,4271000
2002-12-16,22.009702682495117,22.050265145562573,21.294805710991117,21.30494632675798,3881300
2002-12-17,21.65479278564453,22.334198691967114,21.62437286696407,21.700424597790267,4800200
2002-12-18,20.838491439819336,21.548319198843007,20.701597937527314,21.33537203161093,6349400
2002-12-19,20.432872772216797,21.279595817058404,20.077958955830336,20.600190031675652,7210700
2002-12-20,21.315092086791992,21.370864519907734,20.432877643404723,20.432877643404723,6897200
2002-12-23,21.320161819458008,21.49254846400818,21.092002740770248,21.193406990645386,3822800
2002-12-24,21.041297912597656,21.13256152815337,20.894261872632914,20.990596763566643,1600100
2002-12-26,21.031160354614258,21.588882745691564,20.894264911371422,21.05144159082619,2282400
2002-12-27,20.346689224243164,20.990604099423546,20.250354299642026,20.914550415172705,3189000
2002-12-30,20.453168869018555,20.65090618545686,20.098254794683232,20.59513372510224,3491000
2002-12-31,20.240211486816406,20.458229961650005,19.971491850725133,20.31626516282825,3450700
2003-01-02,21.264389038085938,21.315092129258154,20.062753822119305,20.361895290597303,4310700
2003-01-03,21.22382926940918,21.29481166550081,20.990600843929464,21.264389809693583,2963100
2003-01-06,21.796756744384766,21.96914335358846,21.152842113951113,21.228893835169778,4167300
2003-01-07,21.91338348388672,22.207453789147273,21.3049596949801,21.446924536545477,5213800
2003-01-08,21.367948532104492,22.035697652909686,21.240515627372556,21.826707766928187,4054600
2003-01-09,22.234506607055664,22.321162047703794,21.373060331228068,21.373060331228068,5082600
2003-01-10,22.132566452026367,22.621910737057057,21.740074453196826,21.979647213661487,5080000
2003-01-13,22.22431182861328,22.62700052829273,22.066296171516743,22.310967269626612,3894100
2003-01-14,22.331348419189453,22.377224353958212,21.847102873179715,21.903173676171786,3126900
2003-01-15,21.969438552856445,22.336446050216722,21.796129672933247,22.336446050216722,4555600
2003-01-16,21.684001922607422,22.096883639576152,21.55147050040321,21.974549036205218,4826000
2003-01-17,21.403644561767578,21.842012387503654,21.102902645773426,21.689093197644745,3917200
2003-01-21,20.633953094482422,21.587151480934548,20.633953094482422,21.42403738093654,4173200
2003-01-22,20.017168045043945,20.71040360504984,19.97129210520613,20.633943057162643,5396900
2003-01-23,20.73589324951172,20.848034886508753,20.154799211386774,20.588070536101597,5329500
2003-01-24,19.736820220947266,20.740990763619685,19.507440472046945,20.740990763619685,5199000
2003-01-27,19.318843841552734,19.879548271418816,19.094560514027663,19.395302475912676,5248900
2003-01-28,19.522727966308594,19.614479847817744,19.216889657593125,19.420781215245924,6123900
2003-01-29,19.267866134643555,19.522732093949617,18.732648008995422,19.522732093949617,7845400
2003-01-30,18.87537956237793,19.446280930175465,18.7632398195211,19.4360860545569,4742100
2003-01-31,19.318843841552734,19.349426517507393,18.74794259373737,18.74794259373737,6145700
2003-02-03,19.65015983581543,19.777592781500967,19.1557213287968,19.323931805976045,4705800
2003-02-04,19.084365844726562,19.650168689620553,18.80401362679416,19.650168689620553,5170200
2003-02-05,18.870271682739258,19.624674521934047,18.860076813287264,19.206694596764944,5011000
2003-02-06,18.564435958862305,18.916152235055513,18.4471978482889,18.681676013908707,3983700
2003-02-07,18.22292137145996,19.089466273123392,18.03941751646376,18.569539332125334,5565400
2003-02-10,18.375835418701172,18.426809777639033,17.871201904290643,18.304473260661133,4483100
2003-02-11,18.05469512939453,18.615401142746737,17.896679553431746,18.375826631484394,4388300
2003-02-12,17.687702178955078,18.309573945585594,17.595950256186516,18.059806334861612,3860200
2003-02-13,17.794740676879883,17.988439344700108,17.493998775977257,17.71318365008288,6389700
2003-02-14,18.238204956054688,18.238204956054688,17.713181773209524,17.79983525429272,4940400
2003-02-18,18.600122451782227,18.824403842819613,18.30957340855481,18.34015803007174,4919700
2003-02-19,18.82440757751465,18.82440757751465,18.380941172140535,18.554250172840288,4522500
2003-02-20,18.65618896484375,18.93144469001516,18.549145719879238,18.829497909084292,3450800
2003-02-21,18.870271682739258,18.96712002582441,18.299372604735304,18.661281720154708,4771800
2003-02-24,18.23310661315918,18.875367821851174,18.19232713604985,18.875367821851174,5080800
2003-02-25,18.43700408935547,18.50836819722708,17.81513241940208,18.238208935753057,6053000
2003-02-26,18.05469512939453,18.472676894916596,17.8915811477395,18.43699388848702,4998200
2003-02-27,18.615406036376953,18.747935452134072,18.059798282658463,18.171939903703173,4652200
2003-02-28,18.78362464904785,19.114951248477485,18.666386514727332,18.666386514727332,5461700
2003-03-03,18.8345947265625,19.283159358082525,18.671480668641212,18.987513912804594,5551300
2003-03-04,18.544052124023438,18.75304218224296,18.36054827886026,18.71226268577407,5335700
2003-03-05,18.92634391784668,18.92634391784668,18.37583259281475,18.380931000160974,6897600
2003-03-06,18.42171287536621,18.81420672114325,18.314669629556054,18.60521669359684,5206000
2003-03-07,18.84478759765625,18.885565135571106,18.019020579562074,18.426807625547085,4852700
2003-03-10,18.034299850463867,18.6001020900607,17.988423940645983,18.51854513310349,4578700
2003-03-11,17.494007110595703,18.370747024720806,17.43283979747441,18.15156204618953,5609200
2003-03-12,17.1117000579834,17.504193861901822,16.545897326938306,17.493998990368144,11926500
2003-03-13,18.391128540039062,18.442100954064436,17.111700336588836,17.111700336588836,6917200
2003-03-14,18.2891845703125,18.75813707352585,18.171946444509164,18.421714033772243,6259000
2003-03-17,19.57370948791504,19.624681909891688,18.0241237483565,18.289184620476245,9099700
2003-03-18,19.950902938842773,19.97638914071213,19.318836576803402,19.573702484442112,6723800
2003-03-19,20.124216079711914,20.28223367579729,19.752112009387943,19.956005556306298,7700800
2003-03-20,20.41476821899414,20.567687445139814,19.68075476681083,19.956010540557116,8486800
2003-03-21,21.158979415893555,21.271121104367534,20.4147709884132,20.4147709884132,7867900
2003-03-24,20.501419067382812,20.618657179207283,20.26184443547414,20.593170971327705,6425700
2003-03-25,20.710411071777344,21.021347893394363,20.338306956481414,20.50651750021671,5351000
2003-03-26,20.649246215820312,20.985669319160017,20.470840761198353,20.761387898424754,4189300
2003-03-27,20.613561630249023,20.89901225372492,20.2771385839436,20.64924271512435,4429500
2003-03-28,20.399477005004883,20.603368659626828,20.287335331055058,20.373990791236324,4191400
2003-03-31,19.5482177734375,20.114020498943297,19.5482177734375,20.108924035462817,5461300
2003-04-01,20.31791877746582,20.481032869505345,19.573710489476326,19.71643483389257,5176200
2003-04-02,21.30678939819336,21.45970855322532,20.465733073281317,20.465733073281317,6775200
2003-04-03,21.296606063842773,21.714586221415114,21.153881701103032,21.327190689204265,5794300
2003-04-04,21.439327239990234,21.622829114820927,21.296600966935507,21.45971504087822,3639500
2003-04-07,21.50558853149414,22.275284802659506,21.46990745343725,21.505588531494144,5967700
2003-04-08,21.622835159301758,21.66361466142357,21.316996671282897,21.50559700741207,4453000
2003-04-09,21.233318328857422,22.05846086367364,21.228192127047482,21.740702823944698,5590500
2003-04-10,21.443452835083008,21.525454488263925,21.13082092137025,21.2384477245939,4473500
2003-04-11,21.28969383239746,21.817579200131696,21.110313923746666,21.61770035040992,4718900
2003-04-14,21.93545913696289,21.976460934328873,20.787436181741562,21.26407132321797,4561600
2003-04-15,22.72985076904297,22.755477870363276,21.81245802093209,21.93545950494688,6801700
2003-04-16,22.647842407226562,23.129603616028902,22.46334023595568,22.79134670275648,8291700
2003-04-17,23.13987159729004,23.160370550694093,22.611983956882344,22.647859569182238,5688900
2003-04-21,23.052732467651367,23.216735745321166,22.81697800038519,23.13986030864217,3623500
2003-04-22,23.78050422668457,23.862505884497676,22.678605116939377,23.052737802903767,6274300
2003-04-23,24.492891311645508,24.61589280735011,23.677999071076794,23.790750116293758,7935400
2003-04-24,23.913745880126953,24.49288343853992,23.688241907106537,24.49288343853992,5819200
2003-04-25,23.068105697631836,23.91374913285985,22.94510422473481,23.91374913285985,6411900
2003-04-28,23.150110244750977,23.472992573119225,22.93998090995621,23.062984353406677,6505100
2003-04-29,22.755477905273438,23.759998498253097,22.381343340215018,23.39099013549594,9234100
2003-04-30,22.934850692749023,23.07835304352725,22.591469509080284,22.79647258803877,10146100
2003-05-01,22.929733276367188,23.011734923389582,22.3300946440187,22.934857523961437,6177900
2003-05-02,23.37049102783203,23.55499522335322,22.663227551765452,22.78110479777655,6273300
2003-05-05,22.965606689453125,23.396115784123957,22.950230037986575,23.3704886833708,5039600
2003-05-06,23.257741928100586,23.62674839490633,22.93485955895611,22.965610912470613,4630100
2003-05-07,23.19110870361328,23.56011702573616,22.85285172669168,23.257735640679496,4802500
2003-05-08,22.606847763061523,23.052731533975127,22.514595678724472,22.678598949751848,4796900
2003-05-09,22.980981826782227,23.06810771478009,22.565847420539477,22.76572629778006,3805900
2003-05-12,23.37561798095703,23.48324478010839,22.652977828682342,22.7093543296874,4746300
2003-05-13,22.94511604309082,23.447376552111855,22.87336482109841,23.375625330119444,4189800
2003-05-14,22.719606399536133,23.139865130522583,22.555601132617667,22.950234712704685,5535100
2003-05-15,22.960485458374023,22.9861106096019,22.668354433214034,22.847734401956618,5274200
2003-05-16,22.857975006103516,23.073230503257545,22.581220731295534,22.960477530697194,4349100
2003-05-19,21.966218948364258,22.622232318389344,21.791965152567084,22.51460549144599,5954000
2003-05-20,21.797073364257812,22.16608159093241,21.41269044649598,22.032829706340262,5093400
2003-05-21,22.0328369140625,22.114838551807765,21.638203421453028,21.638203421453028,3901200
2003-05-22,22.140451431274414,22.345454434529813,21.909821341923937,21.97132204739334,4357800
2003-05-23,21.98671531677246,22.186594227003795,21.935463060896698,22.140468174252437,2720100
2003-05-27,22.55048370361328,22.652986293280925,21.48958610396287,21.986722393052663,5298000
2003-05-28,23.011722564697266,23.191100460261477,22.601712594712048,22.601712594712048,6620200
2003-05-29,22.883602142333984,23.35511101916164,22.806724759990193,23.052729646388062,5573600
2003-05-30,23.447362899780273,23.621616603905057,22.9604773775134,23.00147916910654,5884000
2003-06-02,23.85223960876465,24.487751546434577,23.636984177889552,23.857363853633665,6679900
2003-06-03,24.103391647338867,24.293022124543636,23.575505944211816,23.852262352774744,5276900
2003-06-04,24.60051727294922,24.749145867357583,23.800999757751924,23.800999757751924,6210100
2003-06-05,24.959272384643555,25.066899166322532,24.24175659663725,24.600514490640403,6780500
2003-06-06,24.744029998779297,25.620425278499233,24.703030136172842,24.959285631454566,7166900
2003-06-09,24.41600799560547,24.80551719948074,24.216129147202153,24.574887007064202,3300600
2003-06-10,24.836271286010742,24.90289823310484,24.241758874819027,24.4723891108575,3644500
2003-06-11,25.343660354614258,25.35903505353889,24.651769576901547,24.933652091010586,3703300
2003-06-12,25.08228302001953,25.589669676872578,24.759402557096088,25.471792403175677,4433000
2003-06-13,24.728633880615234,25.16426706332243,24.503129943872022,25.10276634513293,2757600
2003-06-16,25.405162811279297,25.405162811279297,24.83115120369072,24.9951545201446,4179200
2003-06-17,25.456401824951172,25.876662336442397,25.246272546742002,25.482028920279244,5981100
2003-06-18,24.031625747680664,25.46153103047837,23.857372036281593,25.46153103047837,10689600
2003-06-19,22.55559539794922,23.611368160213512,22.473593762875417,23.49861517883458,12809700
2003-06-20,22.6888484954834,23.06810531148607,22.581221719731815,22.67859804706804,7945800
2003-06-23,21.940595626831055,22.68886118395256,21.879092901944244,22.68886118395256,5918600
2003-06-24,22.191713333129883,23.191109607795372,21.91495708074746,22.98098029507684,7285300
2003-06-25,22.447967529296875,22.796474950218972,22.109710556645787,22.196838389412864,8146600
2003-06-26,22.412099838256836,23.344869453920804,22.33522438173491,22.67860572202851,6969800
2003-06-27,22.037961959838867,22.51972135466941,21.93545942017379,22.51972135466941,4132600
2003-06-30,21.909841537475586,22.355725484501743,21.87396592996049,22.24297441305744,5777900
2003-07-01,22.647842407226562,22.693968438812472,21.740698422752175,21.853451378867234,6569100
2003-07-02,23.047607421875,23.062982117663346,22.714474675923906,22.770851167245468,7055900
2003-07-03,22.960485458374023,23.11423832081501,22.80673259593304,22.868233349894687,2896400
2003-07-07,23.667736053466797,23.8009879289048,23.191101111780213,23.191101111780213,8654200
2003-07-08,24.28275489807129,24.339131381811026,23.698493075810315,23.724118217035755,7040800
2003-07-09,24.370298385620117,24.710205260506598,24.153994903696578,24.256995439121532,7289000
2003-07-10,23.8398494720459,24.370309946644674,23.56174317940548,24.370309946644674,5063100
2003-07-11,24.030405044555664,24.102506245803934,23.77289963174876,23.84500083299703,5049100
2003-07-14,24.375463485717773,24.792620999962107,24.34456212871025,24.52996634153458,5282100
2003-07-15,25.09646987915039,25.44152805192716,24.375456115152783,24.375456115152783,10265800
2003-07-16,24.55571174621582,25.199475158260885,24.26730503036002,24.746265166090353,5272400
2003-07-17,24.159149169921875,24.555707600545,23.896494606579125,24.555707600545,6014400
2003-07-18,24.205507278442383,24.396060721820096,23.999502175334936,24.38061102670063,4065800
2003-07-21,23.638988494873047,24.215799845307682,23.510235838505782,24.2106486388716,4219700
2003-07-22,24.081911087036133,24.169463969877345,23.561750893488444,23.721404994780734,4757200
2003-07-23,24.339406967163086,24.421808607856185,24.0561514500687,24.16945444275049,3681100
2003-07-24,24.51966667175293,24.96772555730475,24.33941169703842,24.33941169703842,5329800
2003-07-25,25.02952766418457,25.091330383519068,24.571168301145192,24.694771775203616,3645000
2003-07-28,24.900774002075195,25.10162988538397,24.787472950143897,25.0552788299451,3031300
2003-07-29,24.586624145507812,24.972882366303985,24.36516927508247,24.849278871220413,4495500
2003-07-30,24.47332000732422,24.746275175764342,24.36001697229889,24.71022456727643,3383700
2003-07-31,24.432111740112305,25.132526745184055,24.354861298576925,24.813220598028508,5546800
2003-08-01,23.767745971679688,24.360007132322362,23.726544170273225,24.303355637693492,4765100
2003-08-04,23.757442474365234,23.829543652969324,23.062176899376297,23.767742923395787,5572200
2003-08-05,23.587491989135742,24.10765394752435,23.58234274605719,23.757446479879576,4874100
2003-08-06,24.25186538696289,24.58147207617925,23.690503380450394,23.69565262545216,5699400
2003-08-07,24.53510856628418,24.612360954397076,24.087049823214965,24.25700232660956,5604300
2003-08-08,24.998620986938477,25.194323647323774,24.46300936306188,24.916219349773616,3918500
2003-08-11,24.79261589050293,25.039820801785947,24.555711429432957,24.998620965543775,3687600
2003-08-12,25.060426712036133,25.158278061706476,24.65356768803087,24.952274910093585,4351500
2003-08-13,24.988323211669922,25.225227698302827,24.849270065704463,25.132525600992523,3280100
2003-08-14,25.034677505493164,25.101629465476094,24.875023436183238,25.029526296858073,3550100
2003-08-15,25.050134658813477,25.178887408469887,24.77202824804898,25.034684957530242,1815400
2003-08-18,25.3333797454834,25.518783941971623,24.684467022384833,25.05012420734204,4101000
2003-08-19,25.565141677856445,25.616643948468568,25.26128515738252,25.333386371628748,4805400
2003-08-20,25.271581649780273,25.565137670112176,25.25098074476495,25.565137670112176,2714000
2003-08-21,25.379732131958008,25.626937085431717,25.204628377671174,25.493035139029,3786900
2003-08-22,24.864721298217773,25.724790373210165,24.761720707822803,25.709338712962655,3480500
2003-08-25,24.84926986694336,24.90592136646988,24.632966284689598,24.86471956150143,3528900
2003-08-26,24.833820343017578,24.921371232261794,24.390910759614528,24.653565391957386,3589300
2003-08-27,24.59691619873047,24.79777207125261,24.566016806504283,24.72051966146637,3362400
2003-08-28,24.854421615600586,24.94197447767882,24.437264103601386,24.643267255378287,2809700
2003-08-29,25.127370834350586,25.184022321877592,24.79261311602361,24.85956505261096,2466400
2003-09-02,25.74540901184082,25.750558259063496,25.070743678193153,25.12739522070096,3958700
2003-09-03,25.20464324951172,25.704204659512868,25.081041682149703,25.51880034385836,7416100
2003-09-04,25.420923233032227,25.456973817441845,24.978013807874664,25.1325165931458,3826800
2003-09-05,24.88017463684082,25.420935631334586,24.75142192555133,25.420935631334586,4153100
2003-09-08,24.988323211669922,25.225227698302827,24.77716887104316,24.983172003702563,4235900
2003-09-09,25.40033531188965,25.51363832911312,24.71022068487582,24.71022068487582,6283100
2003-09-10,24.720518112182617,25.405483411220608,24.622666768581592,25.405483411220608,5211400
2003-09-11,25.17372703552246,25.405482275384845,24.8801710532335,24.962572698005662,5124700
2003-09-12,25.163421630859375,25.276724606845903,24.632961269849336,25.17887132227216,5534800
2003-09-15,25.2767391204834,25.400340651975952,25.044983793171205,25.168585324663763,3809000
2003-09-16,26.45096206665039,26.450962066650394,25.328238065633364,25.328238065633364,7412700
2003-09-17,26.775415420532227,26.940218738223038,26.492157876428795,26.574559535274197,7773500
2003-09-18,27.259525299072266,27.34707620329373,26.548809753783377,26.883567602583142,7938800
2003-09-19,26.976266860961914,27.259522414412107,26.68786009921407,27.259522414412107,4529200
2003-09-22,26.342809677124023,26.548812868963854,26.07500375958255,26.497312562156587,5944800
2003-09-23,26.95051383972168,27.14621651273821,25.879290522828555,26.420051424413394,9113600
2003-09-24,26.147096633911133,27.0638151619962,26.008043492357196,27.022615322615486,5970600
2003-09-25,26.188304901123047,26.389160813302045,25.786597005986607,26.033802015656015,6008500
2003-09-26,25.79174041748047,26.080145192592045,25.637235614116197,25.9822938531235,4877700
2003-09-29,26.28099250793457,26.51274769042097,25.96683570107631,26.008037495567088,5718800
2003-09-30,25.98743438720703,26.280990271843,25.858681737292677,26.265540582528324,5555000
2003-10-01,26.775415420532227,26.811466023488936,26.121351393929736,26.16255124104718,5182900
2003-10-02,27.295581817626953,27.30588227293409,26.67756825147547,26.7960205405911,6355100
2003-10-03,27.305870056152344,27.81058035272639,27.197718270731496,27.34706989433691,5204400
2003-10-06,27.35736656188965,27.37281821810594,27.038060492827015,27.105012430804763,3329200
2003-10-07,27.810590744018555,27.88269196123939,27.063824488525523,27.357380566987963,5137800
2003-10-08,27.5416316986084,28.001951612255034,27.298540609059067,28.001951612255034,4348500
2003-10-09,27.753686904907227,28.115736887446587,27.63989926019134,27.877819060325802,5090900
2003-10-10,27.551971435546875,27.836438549097583,27.464044088877895,27.836438549097583,2635400
2003-10-13,28.027795791625977,28.08468958609026,27.55196037067507,27.55196037067507,2576700
2003-10-14,28.151931762695312,28.177792043827473,27.469210081138822,27.469210081138822,3826500
2003-10-15,27.733007431030273,28.151951380155694,27.57784366309972,28.151951380155694,4032400
2003-10-16,27.826101303100586,27.898510917486718,27.593354704706584,27.701971099299794,2878000
2003-10-17,27.236467361450195,27.831263774590674,27.04509888706259,27.831263774590674,3550300
2003-10-20,27.241653442382812,27.386474666869848,26.983046508744785,27.241653442382812,2784600
2003-10-21,27.334735870361328,27.54162208366927,27.174400929410172,27.443352217505236,2462100
2003-10-22,26.48133659362793,27.122680349810626,26.352033194218627,27.065788511401703,4132700
2003-10-23,26.843393325805664,27.055450875786963,26.289974793585838,26.48134332088267,4166200
2003-10-24,26.605472564697266,26.988211578692024,26.233080034690552,26.843392371079062,2711900
2003-10-27,26.781314849853516,27.36059540018267,26.605462177970193,26.605462177970193,3926400
2003-10-28,27.929534912109375,28.02263351965747,26.78132006769172,26.78132006769172,5714800
2003-10-29,27.87782096862793,28.07953400860388,27.47439291566222,27.619214102399525,5726100
2003-10-30,28.21401596069336,28.44676259470747,27.45371292026637,27.45371292026637,4285200
2003-10-31,28.379528045654297,28.56572537783591,28.1416101092065,28.291602623798862,3272200
2003-11-03,29.051895141601562,29.424289669776158,28.51916561502924,28.534681396031896,5357800
2003-11-04,29.005346298217773,29.326018251439507,28.7105326633203,29.057066880893817,4798300
2003-11-05,28.472623825073242,28.912256808822377,28.239877183443042,28.705370466703446,3811100
2003-11-06,29.067407608032227,29.07257887642113,27.929537180163603,28.47261111961964,4095100
2003-11-07,29.444982528686523,29.724278461199134,28.705366618336893,29.326023588471323,5424000
2003-11-10,29.49152374267578,29.63117167053872,29.031203891394366,29.558762072316508,4560000
2003-11-11,29.713930130004883,29.853578078316737,29.388084917277215,29.429462964042447,3002500
2003-11-12,29.910476684570312,29.9621972782758,29.382918342114785,29.71910614722881,3160300
2003-11-13,29.83806037902832,29.998397351017022,29.594971259385023,29.713930184532565,4049900
2003-11-14,28.415712356567383,30.03459135639452,28.229517131771264,29.838049650594378,7672800
2003-11-17,28.4622745513916,28.550201922644547,27.851962114509007,28.100226472744346,5591400
2003-11-18,27.836456298828125,28.524351840586657,27.77439117355393,28.467457986995832,5159800
2003-11-19,27.61404037475586,27.81058214207828,27.355433513073542,27.81058214207828,5807100
2003-11-20,27.241653442382812,28.167466738330386,27.17441706020724,27.95023786112132,4354000
2003-11-21,27.350265502929688,27.541634050933567,27.231306569142735,27.464051193978854,5084700
2003-11-24,28.048505783081055,28.16229345712244,27.283029550925786,27.464053602342368,4167200
2003-11-25,28.498477935791016,28.674330696499215,28.115740850905738,28.188150463018417,5111700
2003-11-26,28.576065063476562,28.78295139160336,28.31745813982519,28.78295139160336,3530800
2003-11-28,28.591585159301758,28.824331820290336,28.29677337972107,28.29677337972107,1094000
2003-12-01,29.227773666381836,29.32087238051775,28.7105594647448,28.720903985539415,3897300
2003-12-02,28.995012283325195,29.33120013844759,28.80881496146567,29.222585691701024,3859700
2003-12-03,29.144990921020508,29.507040902085677,28.92776211618961,29.06741005058676,2756300
2003-12-04,29.232913970947266,29.481176271206348,29.05706126163708,29.093266057111528,2980200
2003-12-05,28.632957458496094,29.15017127971744,28.565719109293354,29.026039094498092,2850300
2003-12-08,29.057056427001953,29.113950231285106,28.472604582565566,28.50363810481448,2657800
2003-12-09,28.586402893066406,29.22257553973618,28.472615241901256,29.212231028447185,3347100
2003-12-10,28.45710563659668,28.88122082640848,28.13643360910795,28.519170744784837,2757600
2003-12-11,28.881214141845703,29.103616198810336,28.39503395637225,28.39503395637225,2827200
2003-12-12,29.450151443481445,29.579454886376453,28.77777393503021,28.78294717763383,3945100
2003-12-15,29.548419952392578,29.99839532989719,29.465665837299614,29.843231610724605,4430600
2003-12-16,29.95702362060547,29.998401673408686,29.54325295764404,29.548426200751518,3390200
2003-12-17,29.80702781677246,30.10183948507516,29.408773007851636,29.86909291193782,3532600
2003-12-18,29.139822006225586,29.165682298459263,28.550198662036877,28.834665822634996,8101600
2003-12-19,28.96914291381836,29.23292304617971,28.834668199310958,29.222578533830838,4126700
2003-12-22,29.5122127532959,29.667376459865693,28.9329320216821,28.95879428362171,4652700
2003-12-23,29.65187644958496,29.76049090464218,29.512228447505134,29.558777781531745,3177000
2003-12-24,29.4966983795166,29.708755929816835,29.455322307099237,29.6260018119683,1109600
2003-12-26,29.713930130004883,30.013913076997344,29.600142474414362,29.600142474414362,1025100
2003-12-29,30.308731079101562,30.40182973073614,29.734625358040706,29.739796628458503,3733900
2003-12-30,29.982866287231445,30.308709361455982,29.853562916281525,30.24664429584362,2507100
2003-12-31,29.93115234375,30.06045575180337,29.67771876885292,30.029424196599155,2913000
2004-01-02,29.470842361450195,30.044950000474238,29.367399205884894,29.941506844908936,3087200
2004-01-05,29.775997161865234,29.807030698955597,29.357053289708354,29.60014439771452,4459700
2004-01-06,29.87944984436035,30.15874584823012,29.491539385546105,29.491539385546105,4418500
2004-01-07,30.024885177612305,30.107998968449586,29.52100868760651,29.73918164545847,4897700
2004-01-08,30.32097053527832,30.440446455629345,29.936570092686086,30.024877606236963,4127900
2004-01-09,29.728796005249023,30.378123199094905,29.598930566479847,30.170339686017826,3620700
2004-01-12,30.38331413269043,30.419676291281707,29.479449949562383,29.676845940192926,4708800
2004-01-13,30.331371307373047,30.362539725788285,29.920996048724344,30.20670159689073,4072800
2004-01-14,30.450847625732422,30.658633121067425,30.154754582913114,30.331371659471063,3260400
2004-01-15,31.069007873535156,31.157315419567198,30.596297761931844,30.648243144116655,6789900
2004-01-16,31.391050338745117,31.391050338745117,31.10015126196257,31.152098587238655,5390800
2004-01-20,31.105375289916992,31.531333836846716,30.85603384646469,31.349521005319865,2705300
2004-01-21,31.520917892456055,31.63520003449869,30.8352290033762,31.100153445325606,4168300
2004-01-22,31.094989776611328,31.583283251210627,31.03784865032622,31.520948377804096,3130400
2004-01-23,30.798887252807617,31.344321687255274,30.65343661712276,31.328738469056262,3596600
2004-01-26,31.339120864868164,31.339120864868164,30.54434322917344,30.798880297951623,3313500
2004-01-27,30.50278091430664,31.468979653042823,30.48719572131551,31.349501760327332,4422000
2004-01-28,29.640480041503906,30.861214026665632,29.55217053779029,30.57031481305263,4258100
2004-01-29,30.04568862915039,30.25347426653001,29.484668597179844,29.817126013305373,5363700
2004-01-30,30.237871170043945,30.372932348929453,29.85347054433187,29.962557047715876,3629400
2004-02-02,30.15475845336914,30.694999225310244,30.019699251178668,30.16514792762835,4312400
2004-02-03,30.014501571655273,30.17553543981784,29.900221325413924,30.17553543981784,3815500
2004-02-04,29.557384490966797,29.921006255234897,29.505437109221354,29.791140773256288,4830300
2004-02-05,29.19374656677246,29.68723555493959,29.04829595011528,29.583342823495613,4768100
2004-02-06,29.796335220336914,29.946979648532718,29.245704887064278,29.245704887064278,3181900
2004-02-09,29.749576568603516,30.128783432637356,29.713214402298178,29.952166347044525,2756900
2004-02-10,29.598936080932617,29.895029177963046,29.282064034246442,29.806721614310682,4159100
2004-02-11,31.094989776611328,31.235244727968446,29.9989248461312,30.035287020750836,7007700
2004-02-12,30.674230575561523,30.985908963213866,30.518392372530485,30.923572096729238,4145600
2004-02-13,31.037851333618164,31.089796735682754,30.66903382682541,30.75214765908279,4407800
2004-02-17,31.47418785095215,31.68716709148379,31.14173264442366,31.167705335885696,4715900
2004-02-18,31.998838424682617,32.15467851263559,31.193673223811412,31.375485999226868,6040300
2004-02-19,31.94689178466797,32.28973639772768,31.874167470017266,32.0663677275354,4623200
2004-02-20,31.785846710205078,32.20141747244678,31.588452777887348,31.946880479653146,3988700
2004-02-23,31.713136672973633,31.85339157102164,31.34951308339612,31.817029410222805,4518000
2004-02-24,30.959918975830078,31.697555678592433,30.726162777614764,31.687166205980088,4246000
2004-02-25,31.391050338745117,31.401439803800336,31.027426988163896,31.084568055173666,3410200
2004-02-26,31.437829971313477,31.557305953593943,30.918368144916865,31.193682278798395,3034800
2004-02-27,31.04303741455078,31.656002519162474,31.01706471993291,31.41705055813475,3576100
2004-03-01,31.557302474975586,31.707946863606303,31.281988371442427,31.557302474975582,3356600
2004-03-02,31.593658447265625,31.94689253956353,31.396262458842916,31.396262458842916,3398800
2004-03-03,31.81183624267578,31.894950037666366,31.500158025269204,31.650802397936257,2927600
2004-03-04,32.14949035644531,32.2481893662681,31.84820354407609,31.874176237654375,3297600
2004-03-05,32.320919036865234,32.63779110296624,31.998851242237098,32.02482592169311,4512200
2004-03-08,31.681964874267578,32.53388160859694,31.681964874267575,32.466351043581426,3349100
2004-03-09,31.453397750854492,31.74949068801507,31.26639126810284,31.702739067327155,3767700
2004-03-10,30.87680435180664,31.484575603065124,30.77810733700945,31.458602913022624,3990100
2004-03-11,30.830049514770508,31.375485856954555,30.53395651954495,30.876801144626597,6546000
2004-03-12,31.510543823242188,31.609240824038913,31.0897791705192,31.0897791705192,4359600
2004-03-15,30.752126693725586,31.38067474550685,30.585899142536967,31.38067474550685,3499400
2004-03-16,30.76251792907715,31.422234427668386,30.336559557008602,31.18328057522917,5676700
2004-03-17,31.406652450561523,31.505351437203366,30.518373460319133,30.94952760249574,5150300
2004-03-18,31.120933532714844,31.333912635239187,30.72614372617754,30.959899779454755,7242200
2004-03-19,30.965118408203125,31.302767391355548,30.897587818936834,30.991091102047232,4262300
2004-03-22,30.253459930419922,30.622277379487237,29.739191811474836,30.60149842927759,6510200
2004-03-23,29.848276138305664,30.539161320176476,29.843082391929098,30.507992897148224,6136800
2004-03-24,29.037899017333984,29.884619846516262,28.928810594919174,29.780729130446367,10238700
2004-03-25,29.375560760498047,29.609318937904618,29.110636147163437,29.292446962041183,6562900
2004-03-26,29.46908187866211,29.697644467444295,29.26649199607941,29.42752594506101,4727700
2004-03-29,29.484661102294922,29.72880886691597,29.46907787700939,29.656084506796557,5418300
2004-03-30,29.692432403564453,29.728794566132446,29.47945317355651,29.48464691895655,4637300
2004-03-31,29.765155792236328,29.957356071418673,29.50023119020603,29.832686369847654,4276100
2004-04-01,29.723600387573242,29.9781355218399,29.702821443097413,29.858659563487702,5337000
2004-04-02,29.47945213317871,30.38851012847497,29.375559394541302,30.248255228552843,6876100
2004-04-05,29.401538848876953,29.624907594786645,29.079473068426328,29.562572729897084,5335500
2004-04-06,29.714584350585938,29.798066859774977,29.218906081484747,29.218906081484747,3898600
2004-04-07,29.479808807373047,29.892004841840226,29.411978601482932,29.66242629586795,3709900
2004-04-08,29.32326889038086,29.631111112530956,29.114561556916826,29.610239981108425,3279100
2004-04-12,29.401535034179688,29.620677951142916,29.380665891443844,29.453712866971316,2993500
2004-04-13,28.39451026916504,29.64674970807535,28.3005942021075,29.474567929693524,6987900
2004-04-14,27.83623504638672,28.222343035996403,27.444910268843998,28.0971182314152,8611600
2004-04-15,27.914491653442383,28.22233379054415,27.1474947038,27.877968178733706,8600800
2004-04-16,28.451921463012695,28.5510583539294,27.763189966789035,28.107555714900865,7073400
2004-04-19,28.316267013549805,28.384097213029214,27.7997173243132,28.331919370975378,4865400
2004-04-20,27.674482345581055,28.436260592005908,27.64839443118738,28.326690157324308,5120900
2004-04-21,27.5388240814209,27.867537400617454,27.23620066896441,27.653613301859792,7585700
2004-04-22,27.904054641723633,28.050148532972557,27.184016767005392,27.340548210920655,11731800
2004-04-23,27.66927146911621,27.846672124180305,27.49708959264919,27.716230524585555,5546300
2004-04-26,27.997976303100586,28.243207072334535,27.73709318361945,27.77883543811895,4893800
2004-04-27,27.95102882385254,28.462359710700696,27.825805989316414,27.862329481921208,4194900
2004-04-28,27.340551376342773,27.726657273740173,27.262285645323725,27.653610319658515,5181600
2004-04-29,27.319690704345703,27.71101552843687,27.07967862326122,27.340561839322,8517200
2004-04-30,26.813587188720703,27.460578695134828,26.64662202391353,27.37187733174127,6436200
2004-05-03,26.855308532714844,27.058797044239622,26.73008376157179,26.87096088271515,4783900
2004-05-04,27.382301330566406,27.62753218352534,26.850099346278615,26.855318125062933,7214400
2004-05-05,27.392732620239258,27.836233209367073,27.324902439301614,27.836233209367073,4969400
2004-05-06,27.298812866210938,27.43969000713743,26.84487673903479,27.027494149283676,5569400
2004-05-07,27.10053825378418,27.658827980927335,26.79269608729008,27.168368423453803,6568000
2004-05-10,27.184032440185547,27.210122356133773,26.203112904271183,26.77705522827174,7238300
2004-05-11,27.361425399780273,27.54926159546989,26.92836038450084,27.497085759058585,5338200
2004-05-12,27.5388240814209,27.57534756240047,26.500510281492417,27.15793492950509,5825600
2004-05-13,27.47100257873535,28.07103276247395,27.377084464692633,27.382301253081263,5237600
2004-05-14,27.173582077026367,27.8153542033809,27.095316358289026,27.65360598016768,5434700
2004-05-17,26.406591415405273,26.87617986724008,26.27093106970739,26.74052151192257,7298300
2004-05-18,26.777040481567383,26.923134376590887,26.469198352496402,26.469198352496402,3935200
2004-05-19,27.131855010986328,27.591010037709708,27.03272010344489,27.131855010986328,4973800
2004-05-20,27.267515182495117,27.50752927434286,27.08489771189687,27.267515182495114,4114500
2004-05-21,27.40838050842285,27.74752936748138,27.298810073482816,27.57534554939251,3472000
2004-05-24,27.79971694946289,27.810152517732945,27.45535115807562,27.570140418665087,3692900
2004-05-25,28.112775802612305,28.201475140319676,27.23620804107831,27.471003332628662,5439700
2004-05-26,28.279726028442383,28.436255477028944,27.85187794012849,28.117977803687648,4422500
2004-05-27,28.20148277282715,28.59280770119306,28.018865269075658,28.410190197441572,3847200
2004-05-28,27.91972541809082,28.22235095299988,27.674496508830735,28.201479814651396,3580500
2004-06-01,27.825790405273438,28.008407766021172,27.49185838930908,28.003188989782693,2982200
2004-06-02,27.79971694946289,27.966682061021498,27.465786726345673,27.9040706417823,3331800
2004-06-03,27.131855010986328,27.62753352945555,27.131855010986328,27.5492677669253,5708700
2004-06-04,27.66927146911621,27.752754013241617,27.356212426241157,27.523177514491966,3823700
2004-06-07,28.509313583374023,28.561491413586776,27.88319355348599,27.91450025161364,3079500
2004-06-08,28.467571258544922,28.5093115293271,28.133639140384687,28.16494583625674,2730100
2004-06-09,28.123207092285156,28.425830540622215,27.97189437292629,28.331912438287794,2259100
2004-06-10,27.77362632751465,28.097120950954626,27.67449142414556,28.018857182099325,2672000
2004-06-14,27.246644973754883,27.559704051254307,26.912714760320547,27.5336161265262,3360000
2004-06-15,26.677915573120117,27.622311447303453,26.52138605715864,27.497088630686587,6215800
2004-06-16,27.20490074157715,27.23620744322365,26.636175265808447,26.756181303215303,4749300
2004-06-17,26.933578491210938,27.105762342486933,26.766613418060036,27.105762342486933,3437400
2004-06-18,26.94923210144043,27.277943460667096,26.64660667060629,26.65182544858929,2651400
2004-06-21,26.740520477294922,27.288374645095146,26.662254743160474,26.886614391273568,3309000
2004-06-22,27.210115432739258,27.28837918952695,26.359635741058057,26.42746592257856,6693000
2004-06-23,27.392732620239258,27.392732620239254,26.8240072347943,27.215331986512005,4113900
2004-06-24,27.554479598999023,27.84145067195784,27.345772278457783,27.41881924353306,4554000
2004-06-25,27.361425399780273,27.930150774338017,27.28837843265222,27.74753335651788,3647900
2004-06-28,27.298812866210938,27.643178547237753,27.24141825430972,27.643178547237753,3964100
2004-06-29,27.324899673461914,27.52317141823629,27.137063493189387,27.298811757397488,3261300
2004-06-30,27.533597946166992,27.60142809797686,27.251843768230376,27.251843768230376,5951000
2004-07-01,26.923131942749023,27.69534757904248,26.818780307382756,27.470987980321247,6628600
2004-07-02,26.959657669067383,27.11097033954145,26.667469880985074,26.923134195557093,3383100
2004-07-06,26.599651336669922,26.87097010865153,26.39094596694777,26.84488218623387,4383600
2004-07-07,26.153959274291992,26.657322875354645,25.954710432133762,26.50526449580786,6845700
2004-07-08,26.12250518798828,26.625868921794293,25.687305918194447,26.180182657522455,5531300
2004-07-09,26.216888427734375,26.46332781901583,26.085803985595703,26.29553989309352,2903100
2004-07-12,26.395153045654297,26.55245391478005,25.94946691643315,26.164445237615794,3862900
2004-07-13,25.954713821411133,26.48429397081517,25.75546495323413,26.264073116663813,4597600
2004-07-14,25.73973846435547,26.07007178428103,25.5300025786463,25.92850036145579,5769900
2004-07-15,25.14723777770996,25.71876599993927,25.047614326198342,25.66633302549942,6020000
2004-07-16,24.68056869506836,25.50902299679989,24.659594712702965,25.430371563024195,6363100
2004-07-19,24.879819869995117,25.068581728680496,24.753977964141782,24.93225283065695,4428900
2004-07-20,25.409408569335938,25.477573041407677,24.696308862034424,24.984696243803356,6280600
2004-07-21,25.100046157836914,25.9285007175575,25.02663919688743,25.718764828967824,6765800
2004-07-22,25.367460250854492,25.608655129588797,24.60192563545255,25.037126916820284,6510900
2004-07-23,25.168203353881836,25.550969539866095,25.031876465798177,25.22063631079345,3874400
2004-07-26,24.853609085083008,25.362215320659857,24.68057667490646,25.231130888776907,4130500
2004-07-27,25.509033203125,25.62438615191,24.942747453819216,24.958476946792203,4487200
2004-07-28,25.587675094604492,25.823627420310153,25.037121001417457,25.45659069145571,5170000
2004-07-29,26.164459228515625,26.264082698856065,25.797422337497483,25.876071814021994,5087700
2004-07-30,25.86557388305664,25.986171286907496,25.6663250418213,25.902277353785635,4056300
2004-08-02,25.94422721862793,26.13298909656273,25.519512993274624,25.53524448322882,5042300
2004-08-03,25.855083465576172,26.127739212142423,25.79740601916173,25.87605544593598,4575700
2004-08-04,25.708282470703125,25.991425371303748,25.493304046215247,25.744985957796906,4049100
2004-08-05,25.199674606323242,25.86033933374449,25.194430108379553,25.734499385754688,3177700
2004-08-06,24.53900718688965,25.215403388882578,24.460357721660845,24.906044025193633,5486100
2004-08-09,24.617656707763672,24.764470631412518,24.402678319482284,24.591440221424907,3506000
2004-08-10,25.246856689453125,25.283560162091288,24.643867638644632,24.77495204097785,4652400
2004-08-11,25.09479522705078,25.356963999585474,24.879816913579898,24.958466345226906,3213400
2004-08-12,24.774946212768555,25.220632275779888,24.696294789795367,25.037114955760813,2718800
2004-08-13,24.785446166992188,24.890314119079946,24.554738272550967,24.785446166992188,2878100
2004-08-16,25.398910522460938,25.40939751361596,24.801166027947765,24.827382505740808,3224700
2004-08-17,25.881305694580078,26.101526538729704,25.64011086521926,25.64011086521926,4318800
2004-08-18,26.12250518798828,26.132992182466285,25.70827790696077,25.75546838201694,4469500
2004-08-19,25.98092269897461,26.16444202390434,25.71351145432517,26.05957412397147,3206800
2004-08-20,26.374189376831055,26.484299828259495,25.860338603308474,25.980936050138173,3241600
2004-08-23,26.32175064086914,26.437103564664298,26.19066622731918,26.374183606213354,2733400
2004-08-24,26.127737045288086,26.604884062160526,26.08054659306164,26.531475136328165,3685500
2004-08-25,26.730737686157227,26.767441167861005,26.022882538796026,26.164453968306216,3835400
2004-08-26,27.260305404663086,27.31798084506055,26.363686828604482,26.363686828604482,3760900
2004-08-27,27.040096282958984,27.24983217276124,26.977176316094177,27.218371189233995,1945600
2004-08-30,26.5314884185791,27.00339317708956,26.494784937382697,26.950960204006044,2239700
2004-08-31,26.599647521972656,26.756948409705316,26.332236212846063,26.583918033256182,2724000
2004-09-01,26.400388717651367,26.767425317538308,26.384659234861022,26.620611477658954,2996100
2004-09-02,26.87230110168457,26.940465547458878,26.258827090283244,26.468560923158517,2449800
2004-09-03,26.74120330810547,27.207863202667795,26.720229335269643,26.872287638047162,2431200
2004-09-07,27.643070220947266,27.711232647380445,26.982403932557947,27.092514313893307,4284200
2004-09-08,27.370424270629883,27.737461006097135,27.34420778956564,27.606376600586636,4246000
2004-09-09,27.24458122253418,27.3651786305406,26.888031494432937,27.265555206584658,3940500
2004-09-10,27.76368522644043,27.837092193958615,26.987665569521273,27.082046527813183,3018500
2004-09-13,27.391408920288086,27.889528255017236,27.297027951558547,27.71125331410478,3063100
2004-09-14,27.359939575195312,27.470050005023126,27.10825773550769,27.449076018335123,3278300
2004-09-15,27.082048416137695,27.33897282036567,27.0558299257475,27.2393493575289,2507900
2004-09-16,27.39664077758789,27.45431823609731,27.144958958792575,27.18166243235506,2848500
2004-09-17,26.977174758911133,27.496267955914487,26.877549316920305,27.422860998777818,3534300
2004-09-20,26.720251083374023,26.898525997203485,26.56819265683335,26.793658047858546,3080300
2004-09-21,27.46480941772461,27.517242387900147,26.935227218079522,27.02960816454717,4514600
2004-09-22,25.545730590820312,26.096284715583295,25.19442333013463,25.430375669372868,19891000
2004-09-23,25.965206146240234,26.164455055331402,25.430381390378564,25.430381390378564,7736500
2004-09-24,26.232608795166016,26.32174722491036,25.865574085010355,25.965197506311295,6736300
2004-09-27,25.571943283081055,26.09628084804022,25.561456291759182,26.0595773785082,6041200
2004-09-28,25.6138916015625,25.755462997131627,25.409400252470185,25.640110082370654,5469700
2004-09-29,25.954713821411133,25.991417297103027,25.535244099082774,25.56146058169278,3733700
2004-09-30,25.849853515625,26.03861544639858,25.540494129121637,25.849853515625004,4741400
2004-10-01,26.510517120361328,26.541976104955417,25.876066928453767,25.928501903093522,4111600
2004-10-04,26.5314884185791,26.92474171727458,26.37418749913885,26.741224311292573,4910700
2004-10-05,25.965206146240234,26.47905691163129,25.891799179782915,26.416136940409277,4424100
2004-10-06,26.06006622314453,26.28140454321423,25.812376379918852,25.82291658711345,4956100
2004-10-07,25.754405975341797,26.08641546230237,25.691166743176577,26.06006594976177,4234400
2004-10-08,25.45401382446289,25.981012048614662,25.41712410959936,25.612112889640684,4873800
2004-10-11,25.71750831604004,25.870338256067367,25.385498931579573,25.385498931579573,2351400
2004-10-12,25.770214080810547,26.060062703327088,25.348613891326092,25.348613891326092,4814100
2004-10-13,25.480363845825195,25.944122855296364,25.359154493074303,25.870343424086144,4104900
2004-10-14,24.92700958251953,25.591028310435345,24.91120028291998,25.522517994940305,4972200
2004-10-15,25.422391891479492,25.670079657394172,25.0745731894599,25.16416191088175,4245000
2004-10-18,25.738588333129883,25.78074713747177,25.00606126593725,25.00606126593725,3571000
2004-10-19,25.41185760498047,26.075874550620217,25.406586496411414,25.907235262510476,5189500
2004-10-20,25.190509796142578,25.4276593527959,24.927010735491844,25.41185005246511,3803700
2004-10-21,25.664819717407227,25.67008881629031,25.11674095796581,25.137821374176436,3880600
2004-10-22,25.464542388916016,25.92303007143279,25.454002188010854,25.585751683818714,3092900
2004-10-25,25.33807945251465,25.496178541841726,25.13781953385289,25.33280834367832,3048900
2004-10-26,25.954652786254883,26.11275179202235,25.45400425937629,25.45400425937629,3940800
2004-10-27,26.99284553527832,27.135135275168512,25.822909014184535,25.954658549971192,5910100
2004-10-28,27.31431770324707,27.583085901015767,26.90325773973097,26.99284847921293,5239700
2004-10-29,26.924341201782227,27.446070364079496,26.813672049589684,27.24581046225098,5383300
2004-11-01,27.50403594970703,27.50403594970703,26.987577943391425,27.03500786286626,4188800
2004-11-02,27.482948303222656,27.89927522261948,27.3775482942554,27.535647302537303,5629300
2004-11-03,27.888736724853516,28.17331616335318,27.59888819023559,27.93089753515187,5494700
2004-11-04,28.341960906982422,28.341960906982422,27.577815169624316,27.82550294221179,5231100
2004-11-05,28.326143264770508,28.45789276832758,27.830765855117555,28.394653569514794,4674400
2004-11-08,27.89401626586914,28.094276154664524,27.577818134372176,27.99414520509749,3862200
2004-11-09,27.403905868530273,27.862393730743584,27.403905868530273,27.778074100792416,5064400
2004-11-10,27.172027587890625,27.482956602552804,27.172027587890625,27.40917516675856,4684800
2004-11-11,27.482948303222656,27.614697811847236,27.087699777348917,27.256338987561342,4454800
2004-11-12,27.99941635131836,28.00995655709445,27.41444799794668,27.65159760206205,4335700
2004-11-15,28.03630256652832,28.17332120383579,27.799152992016886,28.004681953147312,3990200
2004-11-16,27.672672271728516,27.946711553937785,27.572543345865643,27.904552746857046,3682300
2004-11-17,28.05210304260254,28.4420824435901,27.87819474956625,27.946703041497432,5218700
2004-11-18,28.236562728881836,28.32615145223341,27.820233694823592,28.089001875216788,3210500
2004-11-19,27.540931701660156,28.336700301716707,27.451342950976997,28.326160093929442,3878300
2004-11-22,27.37755584716797,27.509305392139577,27.114056757224752,27.509305392139577,3602500
2004-11-23,27.140398025512695,27.324846528347038,26.924328917761937,27.24579803156285,3956300
2004-11-24,27.06135368347168,27.293234151676295,26.940144352518523,27.272153743596174,4100900
2004-11-26,26.940143585205078,27.172024046805237,26.924334284764452,26.950683788944932,1518900
2004-11-29,26.945409774780273,27.2352582885456,26.70298915368136,27.140398482536884,4548600
2004-11-30,26.745155334472656,26.98757399393938,26.576516092205512,26.90325437280581,5238800
2004-12-01,27.39335060119629,27.42497119891827,26.876892900428544,26.876892900428544,5575500
2004-12-02,27.477672576904297,27.69901275955248,27.245794204435477,27.245794204435477,4225900
2004-12-03,27.967803955078125,28.004693680968774,27.27216625208399,27.345945703865297,5349900
2004-12-06,28.07317543029785,28.29451356012487,27.714816735050768,27.967775459283317,4043800
2004-12-07,27.741178512573242,28.457896220521974,27.672668199518053,28.189128085210264,4949900
2004-12-08,27.735929489135742,28.099557702504622,27.656878916067058,27.904568835365332,3733500
2004-12-09,27.672672271728516,27.814962015010543,27.356474182438507,27.735913497857254,4426600
2004-12-10,28.299806594848633,28.34723651804338,27.66740828903158,28.173326129549704,5941100
2004-12-13,28.66871452331543,28.668714523315433,28.320895650518374,28.457914353597467,4974600
2004-12-14,28.832073211669922,29.11665274359084,28.55276478793573,28.563304993970437,7202300
2004-12-15,29.264205932617188,29.464465787765693,28.948007854246583,28.963817155063605,5360800
2004-12-16,28.905855178833008,29.20097494267284,28.716137484584817,28.958556213628828,5697200
2004-12-17,28.5158634185791,28.921652138559857,28.326143808163383,28.326143808163383,6593000
2004-12-20,28.273447036743164,28.9690843228321,28.22074602395577,28.837334806370738,5562500
2004-12-21,28.721399307250977,28.837339544093123,27.846582454636316,28.136431036403277,7147200
2004-12-22,29.027063369750977,29.12719230937163,28.60019408125274,28.616003384787923,3377700
2004-12-23,29.02178382873535,29.353793178872156,28.77409409018302,28.826795103884642,4313800
2004-12-27,28.905855178833008,29.369614233341622,28.905855178833008,29.074494469501794,2945200
2004-12-28,29.100841522216797,29.211510662781002,28.837342419727587,28.853151722568587,2714200
2004-12-29,29.111385345458984,29.12192354177024,28.85842440653391,28.905854331290005,3004600
2004-12-30,29.11664390563965,29.49081205977396,29.111374809391027,29.111374809391027,2490800
2004-12-31,29.25893211364746,29.411762031341087,29.095561993664134,29.121911494219372,2449700
2005-01-03,29.459196090698242,29.791203463121107,29.359065159995012,29.496085798745227,5105800
2005-01-04,29.14299774169922,29.569866973494314,28.858418253835826,29.5118968544475,6100300
2005-01-05,28.9743595123291,29.46973707468137,28.9743595123291,29.011249223869246,5072100
2005-01-06,29.659454345703125,29.838633791721918,29.39068618184411,29.485546006815138,5991400
2005-01-07,29.54352378845215,29.986202416392874,29.511903168478213,29.749052792435545,4269900
2005-01-10,29.538246154785156,29.62256577908342,29.248397571906025,29.35379760486346,3733200
2005-01-11,29.22205352783203,29.538251675463126,29.085032856276776,29.538251675463126,4113800
2005-01-12,29.275005340576172,29.449766657143783,28.861936076216658,29.354442669956942,4726600
2005-01-13,29.391515731811523,29.703966160037798,29.073770423862097,29.073770423862097,5402800
2005-01-14,29.69337272644043,29.793991596978827,29.30678188257147,29.444470969633244,3526100
2005-01-18,29.894622802734375,29.92110124936233,29.375637572157704,29.39152423609928,3384600
2005-01-19,29.35442352294922,29.831043147998777,29.30146668468766,29.762197642119645,3215000
2005-01-20,29.047286987304688,29.32266716871559,28.78779548378541,29.13731609477325,4111200
2005-01-21,28.85133934020996,29.343845849324808,28.80897425328146,29.041987281825367,4884300
2005-01-24,28.634231567382812,29.253837780125696,28.544204436569327,28.89372521651941,5614900
2005-01-25,28.808998107910156,29.211475857780243,28.761336083040863,28.782517633956584,4749200
2005-01-26,28.687171936035156,28.909595224303565,28.52300443439717,28.85134145784815,5381700
2005-01-27,28.464738845825195,28.756005536956945,28.34823136130283,28.597132979991827,3925300
2005-01-28,28.7930908203125,28.98373879663868,28.55478084990477,28.55478084990477,4799000
2005-01-31,29.635114669799805,29.672184880966807,29.137313248289335,29.142608126952478,5418400
2005-02-01,30.318281173706055,30.67309676972269,29.762225765821718,29.89462000675493,6411900
2005-02-02,30.222949981689453,30.355344191183512,30.085260892692773,30.25472531923114,4372400
2005-02-03,30.281200408935547,30.455959695653593,30.07996066710635,30.159397992089612,3609200
2005-02-04,31.07557487487793,31.086166656056093,30.371236577847977,30.41360370256062,4892000
2005-02-07,30.752525329589844,31.102045944911552,30.657201341758906,31.075567508330785,4369300
2005-02-08,31.033199310302734,31.12322841574472,30.821369804876266,30.8637348978915,3544500
2005-02-09,30.805490493774414,31.102054315752092,30.710168500463624,30.874336063553756,3567300
2005-02-10,31.17618751525879,31.181484414873736,30.76841311244538,30.863737103761515,5585000
2005-02-11,31.944074630737305,31.981144847695308,31.03320182508286,31.086160720862367,6476800
2005-02-14,31.917593002319336,32.04469029913436,31.663396388514176,31.944071437474538,3474200
2005-02-15,31.77460479736328,31.922885639961653,31.589253744115315,31.77460479736328,4421600
2005-02-16,31.631628036499023,31.76931916197981,31.303290923713046,31.462163589888483,4528000
2005-02-17,31.568056106567383,31.73222353187164,31.435661978974114,31.499210594570144,4115600
2005-02-18,30.530101776123047,31.568071766517523,30.440072674208437,31.568071766517523,6679000
2005-02-22,30.122329711914062,30.52480720122194,30.005822166509706,30.01641394519876,5676100
2005-02-23,30.20176124572754,30.38711431934864,30.01641019228141,30.344747209889544,3824300
2005-02-24,30.032299041748047,30.265314120442163,29.868131531040955,30.265314120442163,3785300
2005-02-25,30.53540802001953,30.583070028143148,29.936985478062045,29.95287416088713,3508000
2005-02-28,29.905200958251953,30.45066438690041,29.73573655284321,30.34474862847618,5473600
2005-03-01,30.159400939941406,30.328865364306136,29.90520430339431,29.90520430339431,5029100
2005-03-02,30.048189163208008,30.424188214403582,29.974046712675943,30.027005605913132,4827400
2005-03-03,30.14881134033203,30.429486434693043,29.756923568049757,30.281205557698613,4687600
2005-03-04,30.92198371887207,31.223842281423135,30.477139202453433,30.556576516882586,4752000
2005-03-07,31.350933074951172,31.525692291038293,31.091439669034813,31.139101640726622,4641800
2005-03-08,31.45686912536621,31.774614461915128,31.21855911286673,31.350953339791374,5283800
2005-03-09,31.75343132019043,31.91760089100869,31.202670844066866,31.462164421144035,7575200
2005-03-10,31.764020919799805,31.98644425918956,31.393316700933855,31.774612699787458,6332800
2005-03-11,30.974950790405273,31.711062287370822,30.683681907281905,31.695173608179775,5528800
2005-03-14,31.245023727416992,31.287390830968526,30.87431965203982,30.974940512887372,3534700
2005-03-15,31.165599822998047,31.737543845894784,31.012024057005902,31.58926296003662,4403200
2005-03-16,30.688968658447266,31.02260252867391,30.3712214419827,30.86902480839144,4984200
2005-03-17,30.222949981689453,30.688978164757625,29.9687533418819,30.556583955263566,7634900
2005-03-18,30.59895133972168,30.6095431196942,29.836361363279483,30.228249141560834,8396500
2005-03-21,30.191171646118164,30.82136931364249,30.101144562286187,30.545989142819483,5810000
2005-03-22,29.497432708740234,30.418895351413006,29.47624914863442,30.265319591084534,5824900
2005-03-23,29.465654373168945,29.613935238484803,28.96785288234051,29.497429710097464,5802300
2005-03-24,29.43916893005371,29.735732610286203,29.290888100024862,29.380915169635294,5669100
2005-03-28,29.38091468811035,29.55037906827305,29.2432256367937,29.460352000138077,4449500
2005-03-29,28.39060401916504,29.735729170816864,28.37471736640661,29.391503546437413,13796100
2005-03-30,29.275005340576172,29.444469757758288,28.390613039667944,28.390613039667944,17600600
2005-03-31,30.318281173706055,30.50363230294224,29.910506669210662,30.45067541463927,17723900
2005-04-01,30.117036819458008,31.28740326812155,29.9740508183948,30.44007904184057,13769600
2005-04-04,30.874332427978516,31.82757043042068,30.15940443119078,30.980248210511096,26080300
2005-04-05,29.894622802734375,30.715466769256903,29.645720960044425,30.185889755993855,13327200
2005-04-06,29.974056243896484,30.12763405285654,29.65631086413679,29.894620909044487,10817200
2005-04-07,29.645694732666016,29.910483005040852,29.312060943824942,29.73572379576404,8838700
2005-04-08,29.481536865234375,29.809875906569232,29.29089093113106,29.709255030602908,6720700
2005-04-11,28.777210235595703,29.518618739961585,28.597153999974026,29.40211116980178,8550700
2005-04-12,28.99431610107422,29.190258858848225,28.385302260744528,28.703049402723842,10018800
2005-04-13,28.27586555480957,29.31897998142226,28.100238089721053,29.27108176641517,13761500
2005-04-14,27.85008430480957,28.31309868948911,27.6265587889803,27.940557516564372,13293300
2005-04-15,27.403038024902344,28.158762681154847,27.355139840338012,27.834119655795067,9544500
2005-04-18,27.450950622558594,27.695762792120757,27.142272819920557,27.46159286455057,6316700
2005-04-19,27.530771255493164,27.92460108574314,27.42965374578756,27.754296842982804,6832600
2005-04-20,26.71118927001953,27.397729607855137,26.61007172831937,27.307256338468783,10538700
2005-04-21,27.238056182861328,27.2859543696147,26.487652610516037,26.96663244786342,6773200
2005-04-22,26.743122100830078,27.53077998077433,26.546208138390853,27.238069597648487,5124500
2005-04-25,27.259366989135742,27.38177311525311,26.806994404592743,26.90279085636947,4913300
2005-04-26,26.897462844848633,27.509493318687937,26.897462844848633,27.1954943694356,5201700
2005-04-27,27.238056182861328,27.339173674813402,26.689889624606547,26.801651383635633,6027400
2005-04-28,26.84424591064453,27.568040355864287,26.828280513531336,27.142279514613794,5371100
2005-04-29,28.004430770874023,28.206667825623235,26.652641063304962,27.110332458514797,16022100
2005-05-02,26.285417556762695,26.966634459004986,25.98206302809627,26.769720578860547,24150200
2005-05-03,26.301395416259766,26.53556536009472,26.024652441125227,26.26414147613829,12166500
2005-05-04,26.812301635742188,26.84423241391444,26.397183247821626,26.508947061984937,9252300
2005-05-05,26.743122100830078,26.99857854593194,26.530240714818177,26.817629976878035,4982900
2005-05-06,26.63668441772461,26.929394833926235,26.610074749013112,26.86553122298113,5151500
2005-05-09,27.009220123291016,27.067762600112328,26.583459423936667,26.69522122685709,5660500
2005-05-10,26.301395416259766,26.71651393933651,26.237531808935444,26.55685390593198,7837900
2005-05-11,26.530231475830078,26.679249206218852,25.8436934069084,26.296063656914363,7206100
2005-05-12,26.29075050354004,26.743120890609774,26.248173416189477,26.657968746095918,7289300
2005-05-13,25.662750244140625,26.524915879401618,25.36471675149582,26.354611606515178,11060800
2005-05-16,25.971416473388672,26.008670392563104,25.412605655585832,25.625486933885167,7520200
2005-05-17,25.896928787231445,26.008690631724367,25.455202531774116,25.97143668356006,7024100
2005-05-18,26.035287857055664,26.168338188369773,25.75854495448682,26.06722066743835,7400200
2005-05-19,26.689903259277344,26.716512925470372,25.896922213525663,26.061905392222293,7338900
2005-05-20,26.610076904296875,26.65797512393212,26.39187435488915,26.503636190642137,4764300
2005-05-23,26.551523208618164,26.806979595503954,26.423796030268715,26.503625009190394,5099800
2005-05-24,26.296070098876953,26.55684966830262,26.024648288418295,26.55684966830262,6221100
2005-05-25,26.34396743774414,26.610068118933476,26.163018893327912,26.37057709982566,6617700
2005-05-26,26.216232299804688,26.54087538240521,26.07253975096223,26.450402145712804,4866700
2005-05-27,26.216232299804688,26.407825071843465,26.104470526177607,26.210911180664333,2613200
2005-05-31,26.056568145751953,26.21090696844538,25.918196738286802,26.163008783133154,4145300
2005-06-01,26.64731788635254,26.684571813480513,26.077862680040077,26.184303341914326,6365900
2005-06-02,26.226884841918945,26.599426235052693,26.1896309056243,26.599426235052693,4945300
2005-06-03,26.029958724975586,26.397176795504265,25.918196968317247,26.1204339781178,4052700
2005-06-06,26.13640022277832,26.20558694449325,25.87029963330623,25.998026779348457,3744100
2005-06-07,26.152366638183594,26.556840687010887,26.15236663818359,26.306705473398914,3699300
2005-06-08,26.31201934814453,26.37588493628375,26.157682585606178,26.1842922322379,3371300
2005-06-09,26.41316032409668,26.530243270513363,26.24817713253503,26.34397356244985,3398600
2005-06-10,26.546201705932617,26.556845975672715,26.27477790302727,26.503624626972222,4319600
2005-06-13,27.07841682434082,27.71173597052716,26.934722154832073,27.59465097384865,22150600
2005-06-14,26.929391860961914,27.28596787893078,26.74312217035775,27.030511433164772,10612200
2005-06-15,26.9346981048584,27.07839264606239,26.716495734182583,27.03049446566106,7050900
2005-06-16,27.621252059936523,27.727690710345062,27.003898548706253,27.009219669151832,10755200
2005-06-17,27.344507217407227,27.807521845229463,27.307253283570216,27.807521845229463,7897000
2005-06-20,27.4403133392334,27.589329127322365,27.222110779451192,27.34451689540825,5162800
2005-06-21,27.126317977905273,27.57336743238582,27.099706272012334,27.48821525201753,4744700
2005-06-22,26.886810302734375,27.541417667439497,26.886810302734375,27.301926672989605,9559000
2005-06-23,27.52545166015625,27.7276866907649,26.966638675584875,27.035825412470373,10705700
2005-06-24,28.270540237426758,28.334405872668942,27.14227374058435,27.301933768315013,12805600
2005-06-27,28.23328399658203,28.25457253992696,27.701082594082134,28.206674332494483,9494800
2005-06-28,28.21730613708496,28.318423628016408,27.972494087343776,28.233271522446152,6128000
2005-06-29,28.376976013183594,28.47277241925212,28.110875336368156,28.47277241925212,5162100
2005-06-30,27.924604415893555,28.61114258818763,27.860738794602092,28.483415405978622,11582600
2005-07-01,28.222633361816406,28.307785485810445,28.047007994285412,28.073617652373528,4468900
2005-07-05,28.616477966308594,28.738884080808013,28.265225019861784,28.35569831007047,5757700
2005-07-06,28.398263931274414,28.675008872710784,28.392940780950195,28.61646640026638,4606000
2005-07-07,28.38761329650879,28.419546100733992,27.89798711598844,28.06297022587216,4914100
2005-07-08,28.270540237426758,28.371659811466518,28.169422693574397,28.334405872668942,5784300
2005-07-11,28.510032653808594,28.510032653808594,28.18006831007034,28.217322250644617,8808100
2005-07-12,28.47809600830078,28.63243490147842,28.254572394888108,28.579215573576516,6117300
2005-07-13,28.601112365722656,28.697394558291666,28.41924622870144,28.488781780737355,5131200
2005-07-14,28.734851837158203,28.996951905959303,28.6439177027392,28.873925051555062,5763000
2005-07-15,28.69205665588379,28.857876511720406,28.515540587848868,28.804385248313565,3570100
2005-07-18,28.56367301940918,28.740189033771447,28.52088002169564,28.617162226068668,4686000
2005-07-19,28.622516632080078,29.01834378614597,28.606470274645954,28.81508108322117,5448700
2005-07-20,28.750883102416992,28.906004635848074,28.53692222592708,28.57971521741792,4395900
2005-07-21,28.552989959716797,28.836486578696167,28.462055811441218,28.77764719577965,3834700
2005-07-22,28.884620666503906,28.91671542404058,28.536934601547223,28.606472222635166,2850400
2005-07-25,28.86321449279785,29.210900441285705,28.71344308876362,28.964846837377372,4140700
2005-07-26,28.729496002197266,28.959503305475412,28.702751394010164,28.911362194545504,2820800
2005-07-27,28.622516632080078,28.793686620136626,28.328321849718034,28.750893613001768,3108400
2005-07-28,28.654613494873047,28.761593980095327,28.397861554629394,28.611822525073958,3744000
2005-07-29,28.376453399658203,28.76158217215225,28.26947295835628,28.67064808287684,3501500
2005-08-01,28.264122009277344,28.654598846311828,28.221329020871487,28.43528988193679,3787900
2005-08-02,28.68134307861328,28.884605689988895,28.290866246550898,28.36040383158397,4191700
2005-08-03,29.10926055908203,29.152053543715084,28.435287374965938,28.563664288383286,4718500
2005-08-04,28.61716651916504,28.991597143400195,28.456696834630755,28.991597143400195,3968600
2005-08-05,28.162511825561523,28.520894177112876,28.05553131866381,28.44065828681873,3214300
2005-08-08,27.86831283569336,28.403213289664315,27.793427098614753,28.167857824491083,4604900
2005-08-09,28.125062942504883,28.215995027617016,27.943196731797606,27.975289448668704,4443300
2005-08-10,28.419261932373047,28.57973166183165,28.296235071772006,28.349724301430438,6568900
2005-08-11,28.884620666503906,28.900667025030728,28.365766642317695,28.365766642317695,4812700
2005-08-12,28.269472122192383,28.820420664432383,28.157143580364846,28.80972241657041,4269200
2005-08-15,28.670656204223633,28.820429680664546,28.178548891513884,28.274831111910622,3768600
2005-08-16,28.328330993652344,28.702761765011097,28.248097140100604,28.643922381449695,3445300
2005-08-17,28.269472122192383,28.462036502743675,28.24807766695057,28.355056064606053,4239200
2005-08-18,27.97530174255371,28.092980530750307,27.798785600742736,28.082282273597535,6385100
2005-08-19,27.83621597290039,27.996685677120386,27.788074857586096,27.857612477591857,3779500
2005-08-22,27.969947814941406,28.12506945065697,27.702497563218078,27.948551305087502,3323700
2005-08-23,28.02877426147461,28.09296172093022,27.91109555207054,28.071565220950834,4005300
2005-08-24,27.563425064086914,28.17321137291765,27.55272680808312,27.948554118288932,4406000
2005-08-25,27.611560821533203,27.734587680905346,27.440392839756022,27.584816206971137,3340900
2005-08-26,27.5794620513916,27.766676352748622,27.33340634613014,27.611554765634033,2678100
2005-08-29,27.39760398864746,27.558073728944127,27.269226972120055,27.279925226870958,4354800
2005-08-30,27.29595947265625,27.44038278696183,27.01246298928745,27.360148972669318,4026300
2005-08-31,27.210378646850586,27.456434344273006,26.841298161441134,27.413641339335964,5445700
2005-09-01,27.493877410888672,27.643648848333292,27.07130566611814,27.210378852247747,5142600
2005-09-02,27.188980102539062,27.563408637105184,27.135488854399277,27.542014178331748,3176600
2005-09-06,27.777381896972656,27.84156938279209,27.317367160886008,27.3227173083196,5364500
2005-09-07,27.841569900512695,27.94320229880702,27.70784477895357,27.911107535058797,3110900
2005-09-08,27.932506561279297,28.135767295217338,27.761338553497996,27.911110050185734,3131100
2005-09-09,28.092971801757812,28.162509431402288,27.85761633897772,28.012735918284704,3154200
2005-09-12,28.32298469543457,28.41391681003163,28.15716478939539,28.24274879627414,4335500
2005-09-13,28.130413055419922,28.290882772672976,28.023432563756828,28.08227193619569,3352000
2005-09-14,28.06621742248535,28.462042474010897,28.01807631724764,28.28552644846101,4191200
2005-09-15,27.814821243286133,28.09831780684964,27.68644424742762,28.09296970057697,3497300
2005-09-16,27.814821243286133,27.916451586331906,27.71853900651303,27.814821243286133,7856800
2005-09-19,27.94854164123535,28.103663223314054,27.547366402365945,27.846911315295568,5142200
2005-09-20,28.02877426147461,28.39785470394754,27.921793802060233,28.08226347094053,7447600
2005-09-21,27.68109130859375,28.248086377217966,27.600855445129355,27.814816387379224,8688600
2005-09-22,27.921791076660156,28.12505372565909,27.568757023389566,27.70248207448422,4978900
2005-09-23,27.78271484375,28.060863184501756,27.600848699430863,27.68108454328547,4881400
2005-09-26,27.76668357849121,28.11436970347038,27.73993896283513,27.916455058551957,4232200
2005-09-27,28.012723922729492,28.237383075961116,27.718529210113054,27.739925708607952,5250100
2005-09-28,28.194595336914062,28.376461527071683,27.964588036406408,27.964588036406408,4786600
2005-09-29,28.80438232421875,28.841825184560975,28.135756903132123,28.242737378602556,7183100
2005-09-30,28.85253143310547,28.88997430382559,28.558336574383024,28.670665186543395,4642500
2005-10-03,28.809736251831055,28.87392372934544,28.542286048290826,28.84717911708804,4541200
2005-10-04,28.47273826599121,28.884611677359594,28.376456063828087,28.80437582872953,4696300
2005-10-05,28.344364166259766,28.62786063601301,28.16784611042533,28.37645687424243,4198300
2005-10-06,28.429950714111328,28.852520384781123,28.141104073033766,28.41390231817415,6221400
2005-10-07,28.59042739868164,28.83113299191883,28.49414516138676,28.59042739868164,3274700
2005-10-10,28.61716651916504,28.83112745886591,28.467395085664073,28.64391112650696,4850400
2005-10-11,28.371122360229492,28.80439044940147,28.1036721163521,28.617176094880666,4819400
2005-10-12,27.93024444580078,28.693688052899354,27.849598069987255,28.494762923727865,6292400
2005-10-13,27.795825958251953,28.25819398410425,27.274317549894572,27.90335373999558,6526900
2005-10-14,28.06465721130371,28.204441955799812,27.82272010455778,27.95712938042521,3825400
2005-10-17,28.252822875976562,28.516265898462667,28.064650753431003,28.064650753431003,3128400
2005-10-18,28.16143798828125,28.527031459753648,28.091544575843617,28.225953880034258,3969300
2005-10-19,28.564659118652344,28.564659118652344,27.510888865296216,28.027022029542724,6617200
2005-10-20,28.032400131225586,28.591543248643642,27.908743835225565,28.424874997031647,4332000
2005-10-21,28.010896682739258,28.31734971591631,27.833477477126653,28.225952378372295,4762500
2005-10-24,28.70982551574707,28.763588412035872,27.957132662165705,27.957132662165705,4474700
2005-10-25,28.645305633544922,28.892620272076016,28.376487068512635,28.532402328452854,4192900
2005-10-26,28.666807174682617,28.97326012732095,28.397988651250916,28.52164492591879,4468700
2005-10-27,28.50551414489746,29.010892189380552,28.50551414489746,28.559277024827985,4355400
2005-10-28,28.99477767944336,29.03778759388716,28.32810657271557,28.505527853470163,4721700
2005-10-31,29.25284194946289,29.613059964318392,29.07004520705636,29.102304179571615,7759900
2005-11-01,28.510892868041992,29.107670337656977,28.46788296937096,29.086164362860142,7067800
2005-11-02,28.59154510498047,28.833482243698516,28.32810198706014,28.457135811350785,5527200
2005-11-03,28.34423065185547,28.75283397548553,28.252831271656934,28.618424690605217,5899400
2005-11-04,28.17757225036621,28.247465677195187,27.90337811576583,28.161443786837847,6272500
2005-11-07,28.34423065185547,28.451756439021377,28.091540539985147,28.17756240027163,4612900
2005-11-08,28.2474422454834,28.48937925233638,28.166795892891756,28.209807827853147,4173200
2005-11-09,28.53778648376465,28.58079639769041,28.15068700381598,28.15068700381598,5810800
2005-11-10,29.27435302734375,29.37112791081321,28.505531481405075,28.596928843057537,6826700
2005-11-11,29.720590591430664,29.908764885239258,29.46790244397423,29.516289885133737,9217400
2005-11-14,29.897998809814453,29.973267674032098,29.489393474171905,29.629180265652728,6336900
2005-11-15,29.661441802978516,29.90875646086825,29.430259705803955,29.811981605807716,5489000
2005-11-16,29.236709594726562,29.768969239336986,29.102300303532797,29.704453353822426,4834900
2005-11-17,29.575407028198242,29.779709638697664,29.242072701220767,29.274331655801358,4289300
2005-11-18,29.838876724243164,29.86575818498111,29.489411581877928,29.86575818498111,4843000
2005-11-21,30.118423461914062,30.182939324390855,29.720571199642237,29.838851989951593,4069200
2005-11-22,30.34961700439453,30.45714484272512,29.85498976844298,29.967895126697712,4162300
2005-11-23,30.833484649658203,31.129186674154194,30.295847588280218,30.414128398078617,5726800
2005-11-25,31.059293746948242,31.096928177734366,30.699075843951906,30.887250048805193,2138200
2005-11-28,30.4625301361084,31.172211226675383,30.435648680587022,31.172211226675383,5637600
2005-11-29,30.537782669067383,30.881870037587408,30.311976102572046,30.645310484460513,4882600
2005-11-30,30.12380599975586,30.688326594426858,30.016280220697357,30.516280835903157,4859800
2005-12-01,30.62381935119629,30.693712772709855,30.16682847797535,30.322743783304276,4414900
2005-12-02,30.795856475830078,30.89800885083535,30.591555827665626,30.623812745311042,2394700
2005-12-05,30.876508712768555,30.887261704325546,30.236721097053515,30.564678110386204,3487300
2005-12-06,30.41412925720215,31.064669627624227,30.40337626956013,30.8603690151939,4560400
2005-12-07,30.268966674804688,30.49477531101263,30.05928854534759,30.49477531101263,3732700
2005-12-08,30.301223754882812,30.516277339281277,30.048533691019014,30.215201910938916,5269600
2005-12-09,30.086166381835938,30.500147122818397,30.059284941704075,30.43563125631744,3424300
2005-12-12,30.38726234436035,30.484037228492365,30.22597155444822,30.29586293115849,4481600
2005-12-13,30.844228744506836,30.93562808507014,30.22594753272818,30.376485210218284,4378600
2005-12-14,30.881877899169922,31.166826990139427,30.510908995094884,30.510908995094884,4603300
2005-12-15,30.596933364868164,30.935645379498297,30.50553602413164,30.83349299758903,3994600
2005-12-16,30.580812454223633,30.811996674352116,30.527047489703236,30.64532836072442,4368500
2005-12-19,30.4679012298584,30.849625226748813,30.333491920637023,30.494784732441314,4881900
2005-12-20,31.027034759521484,31.387252662228395,30.752840756739637,31.156068558486425,10972600
2005-12-21,31.24209213256836,31.36574841915452,31.075423893644686,31.102305338394242,6185800
2005-12-22,31.441024780273438,31.48403674286487,31.048549850781278,31.1560777063366,3391300
2005-12-23,31.40338897705078,31.5109168279445,31.285108135975378,31.290485656527807,4513100
2005-12-27,31.172199249267578,31.54316811514046,31.03778997238168,31.403383369585157,3076800
2005-12-28,30.98403549194336,31.236723606448074,30.98403549194336,31.172207710289783,2296500
2005-12-29,30.7152156829834,31.043174723126963,30.65607525922987,30.924893875619897,2901500
2005-12-30,30.505516052246094,30.656053715337,30.252826074124794,30.618419299564273,3734600
2006-01-03,31.349620819091797,31.446395663572705,30.505530715170554,30.7367127870718,5377000
2006-01-04,31.371122360229492,31.871125001731873,31.371122360229496,31.55929656615944,7977800
2006-01-05,31.457138061523438,31.50015000335998,31.19369709600256,31.478644032441707,5778000
2006-01-06,31.489408493041992,31.63994624248322,31.209836921991833,31.59693633589559,6889800
2006-01-09,31.822738647460938,31.87650358706306,31.516285669958442,31.521663189380025,4144500
2006-01-10,31.8388671875,31.8388671875,31.494779798998326,31.639939999647847,4713600
2006-01-11,32.173728942871094,32.34116053943445,31.77945653191501,31.946888128478363,5837900
2006-01-12,32.11972427368164,32.28715383317658,32.01170394026512,32.20614012835156,3817700
2006-01-13,32.07110595703125,32.22773323188233,31.89827429764558,32.17372411094277,3430900
2006-01-17,31.76325225830078,32.11431569624447,31.69303874658561,32.108915607796874,2624700
2006-01-18,31.56882667541504,31.81187194322704,31.35278597951176,31.622835819232478,2903000
2006-01-19,32.05491638183594,32.39517976984102,31.709252903368416,31.73085738585185,3813000
2006-01-20,31.244768142700195,32.162938083607244,31.007125006360635,32.02791315289494,5445900
2006-01-23,31.585025787353516,31.698446214000388,31.16374873962709,31.16374873962709,3767000
2006-01-24,31.69843101501465,32.108907686513525,31.66062422426022,31.768644509408116,3813600
2006-01-25,31.957700729370117,32.09272566480328,31.62283946638462,31.865884762227722,4011700
2006-01-26,32.38977813720703,32.67603030537423,32.13053054069992,32.67063021516892,5790400
2006-01-27,32.82725524902344,32.94607782836147,32.292557762635525,32.405978191830954,3700100
2006-01-30,32.76783752441406,33.40515513518912,32.75163519780127,33.18911655919248,4246600
2006-01-31,33.189109802246094,33.43755504120374,32.67061485303473,32.67601494070086,5178400
2006-02-01,33.39434814453125,33.464559585739586,32.886653370871,33.00007375465289,3496000
2006-02-02,33.09191131591797,33.56179751281331,32.865068353760805,33.297149793999786,3469800
2006-02-03,33.1837158203125,33.56718806907995,32.6004093739851,32.73003211302839,3891600
2006-02-06,33.34035110473633,33.43756920643766,33.07030128008078,33.08650361025878,2629500
2006-02-07,32.69223403930664,33.237735887708126,32.551809024457675,33.135115626552306,3811300
2006-02-08,33.09191131591797,33.140520374929004,32.83806377882512,33.02709992400892,2718000
2006-02-09,33.04328155517578,33.432153783634256,33.000072614095636,33.09189058373309,2714000
2006-02-10,32.573402404785156,33.02168392967925,32.08731201845071,32.94607032743081,4483600
2006-02-13,32.303367614746094,32.719244680112126,32.076524642584126,32.514006192978364,4104900
2006-02-14,32.443790435791016,32.654428999668525,31.97930434092422,32.30336541331166,3715100
2006-02-15,32.87047576904297,32.978496146401845,32.21695547348192,32.43839631992481,2935600
2006-02-16,33.10810470581055,33.13510927345188,32.67602544259979,32.854259297602226,2645100
2006-02-17,32.84346008300781,33.1351123248353,32.68142854160555,33.081103184578964,3317700
2006-02-21,32.82186508178711,33.09731507315143,32.68143798005845,32.89207863265143,2772000
2006-02-22,33.25932693481445,33.36734518245597,32.91366153728716,32.919063685858845,3499500
2006-02-23,32.86506271362305,33.21612830848984,32.85426253375585,33.21612830848984,2952700
2006-02-24,32.8542594909668,33.15131385740274,32.67602563491536,32.757041398632644,3073400
2006-02-27,32.8056640625,33.02710490688915,32.69224153415058,32.89207995152217,3012700
2006-02-28,32.22235107421875,32.81105988544015,32.02251474316328,32.56801458533644,4140700
2006-03-01,32.476192474365234,32.622019626847184,32.23854731017985,32.24394946044769,2479200
2006-03-02,32.29255294799805,32.44918231371533,32.21153719047082,32.29795303701893,2477900
2006-03-03,32.25474548339844,32.540997582917925,32.038704841294056,32.16292748939338,2623600
2006-03-06,32.362770080566406,32.60581533544154,32.05491344449678,32.32496326984324,2862800
2006-03-07,32.22235107421875,32.341173678784344,31.925296623121792,32.195346498722124,3148800
2006-03-08,31.9036865234375,32.24934997371722,31.595829884262333,32.216945312951424,3935100
2006-03-09,31.6822509765625,32.108930269821236,31.547226040238876,31.849682639317923,2879600
2006-03-10,31.930692672729492,32.260153808913785,31.67684722280917,31.67684722280917,4135500
2006-03-13,31.752452850341797,32.24394335550931,31.64983261784902,32.00089814738993,4090000
2006-03-14,32.42217254638672,32.865053974575986,32.146722706050895,32.292549819281426,6962000
2006-03-15,32.21154022216797,32.789446636659314,32.17373341451463,32.48699217543259,4918700
2006-03-16,32.373573303222656,32.74624339211242,32.314164070509605,32.66522761792332,6215300
2006-03-17,32.5463981628418,32.70302752771466,32.43297775116819,32.53559798485827,5724000
2006-03-20,32.60580825805664,32.859655698083756,32.492387850506056,32.57340360465145,4206600
2006-03-21,32.62742233276367,32.902872269325414,32.341170155116814,32.65982905601904,5698500
2006-03-22,33.45378112792969,33.51859458785726,32.67603815165411,32.746251703083686,8538100
2006-03-23,33.253936767578125,33.518586514411105,33.08650512690283,33.518586514411105,4306800
2006-03-24,33.19992446899414,33.69141504327288,33.081101892690526,33.21612679837498,3759800
2006-03-27,33.55099105834961,33.65361131466474,33.189125266947336,33.189125266947336,3545100
2006-03-28,33.51857376098633,34.145089062111495,33.167508282291344,33.621191918300326,6886000
2006-03-29,33.972259521484375,34.10188224826962,33.49156923373383,33.5131737083034,3767400
2006-03-30,34.36115264892578,34.53398443996742,33.7508412881989,33.7508412881989,5568500
2006-03-31,33.929073333740234,34.690616120829624,33.86966201897574,34.215325602713705,5030800
2006-04-03,34.161285400390625,34.55555769611378,33.78321542658405,33.929042504780114,4910000
2006-04-04,34.71220016479492,34.82562470919304,33.93445952745805,34.058682190674574,3845900
2006-04-05,34.73379898071289,35.106468969919,34.5933760716885,34.820216882234675,5192900
2006-04-06,34.83643341064453,35.00926516351539,34.47456757192023,34.7716199580802,3844600
2006-04-07,34.44214630126953,35.04165503194904,34.3071214225882,34.733798473380915,3362900
2006-04-10,34.668983459472656,35.106462675753,34.29631353708178,34.43673848124583,3385200
2006-04-11,34.02356719970703,34.79374946125242,33.87170114912897,34.674424953501216,4030200
2006-04-12,34.21340560913086,34.32188018922241,34.02357095593065,34.034418827743806,2372200
2006-04-13,34.1591682434082,34.300188516188385,34.00730216720195,34.27849277129603,2521700
2006-04-17,34.5008544921875,34.674416240383394,34.17000176312055,34.17000176312055,3255200
2006-04-18,35.601890563964844,35.68324854626871,34.83171049263788,34.83171049263788,6641600
2006-04-19,35.341556549072266,35.656134460737206,35.200536296094405,35.63443871889141,2845600
2006-04-20,35.243919372558594,35.62358441919409,35.243919372558594,35.30900244453116,2451900
2006-04-21,35.271034240722656,35.49883325772998,35.10832243059106,35.49883325772998,3843900
2006-04-24,35.42290496826172,35.49341715294134,35.01069835061642,35.167985213273255,3090500
2006-04-25,34.91305923461914,35.41747362575477,34.73949751605838,35.31984490043698,3788800
2006-04-26,34.93476486206055,35.09205172258879,34.65814937230175,34.91306912384035,3371200
2006-04-27,35.23849868774414,35.42290626480263,34.658151109884855,34.84798365628011,3402900
2006-04-28,34.875099182128906,35.48256324031834,34.538821479889364,35.30357652115672,6030100
2006-05-01,34.25679016113281,35.27104223785671,34.19170500851933,35.06493890974406,3672300
2006-05-02,34.78832244873047,34.84798469910281,34.37068876514369,34.38696160462137,3962300
2006-05-03,34.39781188964844,34.90765150000553,34.245945828190536,34.847989241855664,3022500
2006-05-04,34.603912353515625,34.95645881271135,34.55509797374765,34.587641583266176,3166600
2006-05-05,35.54222106933594,35.55849183486991,34.84254918510871,34.875094854214694,3189500
2006-05-08,35.47171401977539,35.732054551590856,35.1896736159308,35.54222205171747,3147300
2006-05-09,35.66155242919922,35.732060472825324,35.336124641483494,35.336124641483494,1976400
2006-05-10,35.3686637878418,35.6452792508178,35.032386085046674,35.471717499899995,2148300
2006-05-11,34.853397369384766,35.7971389652732,34.593052719809776,35.56933998316872,4421300
2006-05-12,34.32728958129883,35.20052321027871,34.25677948102207,34.73950024705012,3792600
2006-05-15,33.665592193603516,34.435774373891256,33.26965426849837,34.170006744399544,4725400
2006-05-16,33.66016387939453,34.24593425347734,33.26964891732653,33.89881076231431,3540500
2006-05-17,32.53744125366211,33.318469248510716,32.19031563137648,33.285925639509685,5723300
2006-05-18,32.4669303894043,32.97676783792278,32.434386781150955,32.54286340630923,3871900
2006-05-19,32.510318756103516,33.05269979549208,32.407267103466694,32.56998100147937,4884600
2006-05-22,32.092689514160156,32.41811942388997,31.246576300706096,32.27167627486451,6114700
2006-05-23,31.8757381439209,32.65134329822524,31.81607589066368,32.38015274270679,3867400
2006-05-24,32.054718017578125,32.12522813074238,31.230300673430577,31.729290227468272,5759700
2006-05-25,32.41810989379883,32.46692426245714,32.08183428138552,32.320481156482195,3870100
2006-05-26,32.852020263671875,33.058125643444654,32.526592458994465,32.67845849197465,3267300
2006-05-30,32.060157775878906,32.59711408416011,31.946258203700513,32.47779160955339,3094100
2006-05-31,32.336761474609375,32.43439024076343,31.902856996713425,32.02760440479478,3692700
2006-06-01,32.85743713378906,32.9062494303413,32.163188149106965,32.19030678130899,3452200
2006-06-02,32.86286926269531,33.372706725954195,32.76524050413219,33.220840687753594,4234200
2006-06-05,31.81063461303711,32.8791233775844,31.72927666577386,32.81403826118493,5033400
2006-06-06,31.946243286132812,32.16319445530537,31.501491009956734,31.973361923651957,4919900
2006-06-07,32.076412200927734,32.57540379980414,31.805221699304713,32.13607444232789,4574200
2006-06-08,31.989639282226562,32.32049210756629,31.327933631547115,32.07642018157634,5650600
2006-06-09,32.10353469848633,32.521168369498305,32.000483040322166,32.02760167994226,3498400
2006-06-12,31.56656837463379,32.38013971383044,31.398429553019675,32.21742585979489,4407800
2006-06-13,29.961130142211914,31.973363343151554,29.57061512373669,31.44725306204127,9996200
2006-06-14,30.15095329284668,30.54146818970987,29.792981993728382,30.102138930738782,7575000
2006-06-15,31.094711303710938,31.186915103060034,30.530634429629963,30.590296685218117,6198200
2006-06-16,30.91031265258789,31.094722386030487,30.67166354517949,31.094722386030487,4355600
2006-06-19,30.655363082885742,31.165200290348462,30.42756207085785,31.045877921208668,3186400
2006-06-20,30.926549911499023,31.154348828201012,30.752988240958942,30.752988240958942,4906000
2006-06-21,32.260807037353516,32.597082525901506,31.685882692594763,31.8485985741997,10974800
2006-06-22,32.54829025268555,32.61880037794005,32.0547235139436,32.2716767905637,3716300
2006-06-23,32.380149841308594,32.66761114231409,32.000482683798595,32.244554575699276,3392500
2006-06-26,32.75981521606445,32.91168124319624,32.34760447239325,32.38014807921554,4351000
2006-06-27,32.56456756591797,32.97677636528778,32.54287182147217,32.81406241998444,4202600
2006-06-28,32.6187858581543,32.889976298703,32.28793318964187,32.67844808611803,4407300
2006-06-29,33.92050552368164,33.958472025123626,32.96591388137684,32.97676174879157,7372500
2006-06-30,34.283905029296875,34.43577312737457,34.007291609366604,34.06152888573898,5578500
2006-07-03,34.72323226928711,34.7611987764663,34.35441506654921,34.381533704674425,1881000
2006-07-05,34.522552490234375,34.6201812386196,34.132037496693485,34.60390840120915,4247900
2006-07-06,34.641883850097656,34.983584557660855,34.50086565992391,34.522561402726,3271700
2006-07-07,34.685264587402344,35.249339242321305,34.53339650386865,34.75577469514944,5678500
2006-07-10,34.8262939453125,35.18968833103448,34.63646136605773,34.95646426565293,3488000
2006-07-11,34.674415588378906,34.79374006390207,34.15373035358198,34.71238209076915,4450900
2006-07-12,34.11339569091797,34.79424742150107,34.086162037253565,34.64718319835977,4857400
2006-07-13,33.48155212402344,34.15695561003304,33.22555130969408,33.8029140968519,5483800
2006-07-14,33.05671310424805,33.63407613077429,32.77892650711421,33.44343847370151,4974300
2006-07-17,33.33449935913086,33.65041346474426,32.855179184695736,33.029477052164054,3919500
2006-07-18,33.748470306396484,33.819279493806334,33.1493213975925,33.241916269147794,4726800
2006-07-19,34.77791213989258,35.16463549728157,34.04259296300956,34.06982662182097,5730200
2006-07-20,34.50012969970703,35.017577591359625,34.45110827675478,34.77247047659837,3651800
2006-07-21,34.048038482666016,34.58727406339599,33.933655870261006,34.58727406339599,5799200
2006-07-24,34.97945022583008,35.126512417635794,34.2877043996901,34.314938061957996,3671500
2006-07-25,35.38795471191406,35.48054956170187,34.696209016377125,34.85961303692876,3856200
2006-07-26,35.1047248840332,35.40430140430585,34.94677088853365,35.40430140430585,3675100
2006-07-27,35.43697738647461,35.556807982472286,35.21366013032539,35.34983050657909,3539200
2006-07-28,36.074241638183594,36.248539474966435,35.46964510780819,35.48598488069592,5062800
2006-07-31,36.2213134765625,36.308464496151394,35.6766320708999,35.8236942219695,3801600
2006-08-01,35.91630172729492,35.992556809704396,35.52957833633535,35.948981289587465,3749500
2006-08-02,36.074241638183594,36.21585577360275,35.540452175517764,36.194068024556366,6161600
2006-08-03,36.92939758300781,37.043780169047494,35.45875542909271,35.45875542909271,5167900
2006-08-04,36.86948776245117,37.855359832619946,36.629826600628654,37.70284969531092,6509500
2006-08-07,36.56991195678711,36.93484752831344,36.39016608224203,36.62437927027632,4599800
2006-08-08,36.10148620605469,36.73876251165537,35.91629650586565,36.56991259023717,6174000
2006-08-09,35.22999954223633,36.58625531197772,35.06659343020433,36.35204210104655,6132000
2006-08-10,35.52957534790039,35.605830423895966,34.75067857478783,34.88685102480204,5219800
2006-08-11,35.600372314453125,35.73654264792163,35.21364906607323,35.54045703527988,3607200
2006-08-14,35.420623779296875,35.94896529781036,35.295349409176474,35.71475217585866,3523400
2006-08-15,36.079689025878906,36.357477659199404,35.910839148560875,35.948966674264575,4449100
2006-08-16,36.4664192199707,36.651613062728586,36.139611200762616,36.352036621027345,4151100
2006-08-17,36.80411911010742,37.01109652966452,36.31935303503738,36.41194786834537,3187600
2006-08-18,36.56991195678711,36.8041251448214,36.35203854724062,36.8041251448214,4072900
2006-08-21,36.60259246826172,36.71153125367062,35.970764135249084,36.493657838442566,4345300
2006-08-22,36.95662307739258,37.31066673150997,36.68973042054212,36.73874973981356,4687100
2006-08-23,37.06557083129883,37.32701557545686,36.79323013204046,37.0928024078711,5090900
2006-08-24,36.90216064453125,37.20173704262644,36.73875458091772,37.06556670814478,3401000
2006-08-25,36.48276901245117,36.874936205130744,36.40106595562998,36.76600156642921,3272300
2006-08-28,36.43373107910156,36.61892487821844,36.08513538668108,36.11237111335924,3409500
2006-08-29,35.75288772583008,36.43373949415498,35.458759263242996,36.43373949415498,4728100
2006-08-30,35.67662048339844,35.91628155383843,35.54045017620989,35.731087775156254,2623200
2006-08-31,35.8346061706543,35.94898881822316,35.627628640137964,35.67664799384268,2497300
2006-09-01,36.40105056762695,36.40105056762695,35.87270906653385,36.03066713478971,2486700
2006-09-05,36.722412109375,36.85313861290292,36.482755164084196,36.820454909226676,2990400
2006-09-06,36.003440856933594,36.54267429656327,35.976209279418825,36.33024887623675,3401300
2006-09-07,35.92717361450195,36.22130197886556,35.687512542297235,35.73108803825955,3582800
2006-09-08,36.32480239868164,36.37926970531894,35.54590786255979,36.37926970531894,3137900
2006-09-11,36.31391525268555,36.31391525268555,35.92174390082518,35.9925551566606,3240800
2006-09-12,37.22898483276367,37.39239096755537,36.411962469986456,36.411962469986456,5213100
2006-09-13,37.98063278198242,38.15493064967723,36.89127006999266,37.02199243186652,6152500
2006-09-14,38.30199432373047,38.36190960774038,37.74097316944594,37.746421146789324,4548600
2006-09-15,38.645145416259766,38.928382084204785,38.34557312605923,38.54710259360026,5655000
2006-09-18,38.59612274169922,38.86846343044641,38.372801382243736,38.64514207099093,4655600
2006-09-19,39.13534927368164,39.13534927368164,38.61790371810824,38.89024435906022,5791000
2006-09-20,39.40769958496094,40.11578708743032,38.950169190569824,39.92514942310069,11274400
2006-09-21,39.02098083496094,39.71272864063132,38.99919307712353,39.40770418649757,4747100
2006-09-22,39.09723663330078,39.21706722582966,38.37280925525984,38.40004499195821,6172300
2006-09-25,39.52752685546875,39.761740010797006,39.17893111110889,39.43493201990827,6229600
2006-09-26,39.90336227416992,40.0068489188989,39.35323287252528,39.35323287252528,5734100
2006-09-27,39.42949295043945,39.72906943386053,39.097236907223355,39.65281435727881,4433200
2006-09-28,39.70182418823242,39.81075879851892,39.391355977767994,39.434931484118195,3180100
2006-09-29,39.71271514892578,40.09943836907992,39.669139648055,39.70181919591384,3290000
2006-10-02,39.78353500366211,39.952384929302546,39.35323614438149,39.35323614438149,2724800
2006-10-03,40.066768646240234,40.20838699569133,39.58200245777027,39.598342237401184,3776900
2006-10-04,40.600547790527344,40.676802846071375,39.658247239034814,39.97961139218941,4602100
2006-10-05,40.6114501953125,40.7149410072602,40.2192788611843,40.49706758212343,3957400
2006-10-06,40.52974319458008,40.5787625237515,40.2138269990672,40.442592179712065,2784100
2006-10-09,40.851112365722656,40.851112365722656,40.371794143310595,40.53519609941946,2936300
2006-10-10,40.851112365722656,41.26507146792719,40.60055937521703,40.851112365722656,5676900
2006-10-11,40.87843322753906,40.98776558787053,40.452047448754094,40.5887097712161,4380800
2006-10-12,41.73666763305664,41.80773470172802,40.944027922418755,40.971357881397836,5083600
2006-10-13,41.85694885253906,41.91708062659659,41.49069471644646,41.57269296930711,2947500
2006-10-16,41.98811340332031,42.130243328175766,41.66012479800891,41.81865352753972,2224500
2006-10-17,41.425079345703125,41.95532978355393,41.17362119209813,41.8460016021962,3563000
2006-10-18,41.70933532714844,41.92799166908806,41.38134247303423,41.763999412633346,3622900
2006-10-19,41.643741607666016,41.703873361089684,41.33215169019925,41.4797451582191,2685400
2006-10-20,41.764007568359375,41.93346751763564,41.53987935232013,41.764007568359375,3085500
2006-10-23,42.28331756591797,42.49104694476128,41.66013777059341,41.7093383705415,4317100
2006-10-24,42.726112365722656,42.737043516932495,42.00999892868093,42.00999892868093,3223800
2006-10-25,42.348934173583984,42.74798594233867,42.06467411991891,42.74798594233867,3252100
2006-10-26,42.43092346191406,42.48558756203775,41.94440588078726,42.39265817476713,3270100
2006-10-27,41.78586959838867,42.32158352264339,41.720270187609366,42.29971705238361,2869300
2006-10-30,41.86241912841797,42.01001265629809,41.44149668373658,41.70935793784461,3863800
2006-10-31,41.78041458129883,42.048271624482105,41.61095459875896,41.95534222570889,4047700
2006-11-01,40.326316833496094,42.17399412786495,40.29351921024562,41.87333534605843,5959500
2006-11-02,40.539520263671875,41.26109728273705,40.06940146042901,40.06940146042901,6119000
2006-11-03,40.6051139831543,40.91123629159092,40.29352401332313,40.80190808732174,3205600
2006-11-06,41.56721496582031,41.72574376975078,40.86203683962068,40.99869917018797,3856400
2006-11-07,41.490692138671875,42.07560685585126,41.463357999215106,41.79134681967571,4500300
2006-11-08,41.293888092041016,41.54534626633858,41.0260311062506,41.20642220327501,4462700
2006-11-09,40.91669464111328,41.479742689107304,40.78549999172698,41.21188573018449,4431300
2006-11-10,41.917076110839844,41.938942587287286,41.06976787356822,41.135367302910545,3667400
2006-11-13,42.27239990234375,42.747982220150796,41.884279321476605,42.010006350315976,3801700
2006-11-14,42.764373779296875,42.91196724558584,41.895199280386144,42.633174953036786,4075300
2006-11-15,42.99942398071289,43.185282689131576,42.76436468026442,42.91195811514973,4525300
2006-11-16,43.010353088378906,43.45860520162187,42.73156086837358,43.32194292111363,4137400
2006-11-17,43.25090408325195,43.3438334847199,42.797184058761424,42.82998168972561,3436600
2006-11-20,43.354759216308594,43.731948607642664,42.78077989319545,43.02130277452703,4449000
2006-11-21,43.31104278564453,43.59529869757199,43.23997567970906,43.3985045390819,2627100
2006-11-22,43.294620513916016,43.731941598138576,43.0595611610019,43.540615187767315,2783900
2006-11-24,43.157962799072266,43.32195926579614,42.720645838814285,42.802644072176214,1120500
2006-11-27,41.68202209472656,43.09237872851616,41.59455617762125,43.02131162821697,4469200
2006-11-28,42.04826736450195,42.157599737809115,41.43602275639626,41.512553332409475,3881000
2006-11-29,42.316123962402344,42.60584742169248,41.80227229008963,42.49651506024129,4036600
2006-11-30,41.632816314697266,42.31066033794562,41.43602221591491,42.16306267855708,4164000
2006-12-01,41.146297454833984,41.84601217231779,40.7308469242514,41.70934982579893,5333700
2006-12-04,42.23412322998047,42.36531788534046,41.343082262044874,41.343082262044874,3949800
2006-12-05,42.62771987915039,42.72611693297037,42.13026694855943,42.21226518851004,3567800
2006-12-06,42.97211837768555,43.141578391440206,42.68785829653054,42.81358951908079,3221800
2006-12-07,42.73704528808594,43.513286344856525,42.63864824070632,43.32195991123046,3416800
2006-12-08,42.97211837768555,43.27277727686781,42.567598907462425,42.737058921217084,2481200
2006-12-11,43.05955505371094,43.34381496931889,42.61677054242445,43.07049037309713,3220000
2006-12-12,42.8573112487793,43.2508994607003,42.18493069164696,42.835444773605495,4203000
2006-12-13,43.163421630859375,43.4476815589537,42.9884940484177,43.2126222290537,2927000
2006-12-14,43.51329040527344,43.70461685675302,42.8135798566602,42.91197691322167,5176900
2006-12-15,43.32742691040039,43.80300915663296,43.29462511470603,43.80300915663296,5869300
2006-12-18,43.9342155456543,44.17473845531308,43.327434353612254,43.327434353612254,4419100
2006-12-19,44.66123580932617,45.59054190669196,43.830330900622464,45.04389273315993,9710800
2006-12-20,44.43164825439453,45.196958002028424,44.28951828840189,44.983765138340765,5643900
2006-12-21,44.16381072998047,44.80885726480587,44.1364765885183,44.33327072935347,3297600
2006-12-22,43.56796646118164,44.35514312960673,43.010385768117196,44.07635069777201,3581500
2006-12-26,44.13100051879883,44.20753108835535,43.51328413088837,43.51328413088837,1848800
2006-12-27,44.82524108886719,44.83070874945175,44.00526716650986,44.568315259232065,2655700
2006-12-28,44.601112365722656,44.81977290994308,44.22939486233183,44.52458180083596,2079400
2006-12-29,44.51364517211914,44.82523505384003,44.415248147859785,44.4917787033279,2394300
2007-01-03,44.617530822753906,45.00018377990953,44.18020958262939,44.78699082226505,4816100
2007-01-04,44.77603530883789,45.043892233126485,44.005257980825085,44.42617600470715,5036400
2007-01-05,44.20206832885742,44.601120032850666,43.92874364424692,44.46992535200666,4674300
2007-01-08,44.46992874145508,44.61752641793256,43.75381934778771,44.06540934516857,4852800
2007-01-09,44.36607360839844,44.74325891196954,44.12554650363663,44.38793591737266,5039500
2007-01-10,44.73902130126953,44.87613979295965,43.65852691722755,44.278305177762405,5970500
2007-01-11,45.17778778076172,45.35329922692683,44.54155617308633,44.67318871157943,5162400
2007-01-12,45.44655227661133,45.66045678444318,44.848713489306874,45.040682721305274,4374100
2007-01-16,45.30942916870117,45.731752230090706,45.04615985577254,45.56721257096861,4301500
2007-01-17,45.183292388916016,45.523347818810855,44.94744837138936,45.30944326623146,3211300
2007-01-18,44.54156494140625,45.67690574765104,44.4373535613012,45.67690574765104,4150100
2007-01-19,44.70063400268555,45.199747384784374,44.59094086912692,44.72805937833761,3548500
2007-01-22,45.69335174560547,46.32409746364501,44.70061548912744,44.70061548912744,6322900
2007-01-23,45.31493377685547,45.633045589557845,44.980364225378835,45.600138481060306,3702900
2007-01-24,46.42833709716797,46.43382301027168,45.38623538732133,45.40817485521054,4471100
2007-01-25,45.09553909301758,46.38445233170499,44.82130205565748,46.32411984872376,4132400
2007-01-26,45.040679931640625,45.24909851534329,44.294755063777295,45.101012397756335,4228400
2007-01-29,44.492218017578125,45.35880386701876,44.34412767550136,45.35880386701876,4217900
2007-01-30,44.82128143310547,45.03518588906555,44.42637961147972,44.70061652266169,3912100
2007-01-31,45.40815734863281,45.506882823809015,44.272816476368476,44.82129040856427,5832900
2007-02-01,45.98954391479492,46.2857203759828,45.5781884161214,45.77563939024665,5157000
2007-02-02,46.09376907348633,46.21991578740331,45.58368793548001,46.00601119899993,3868900
2007-02-05,45.671417236328125,46.02244436229503,45.52881704322668,45.89080762086112,3323900
2007-02-06,45.59463882446289,46.00051256804162,45.50688516674603,45.770150324420854,3835100
2007-02-07,45.654972076416016,45.90726960039177,45.479460573453565,45.90726960039177,3291100
2007-02-08,45.42462158203125,45.654979683453455,44.700635988615055,45.512379440396856,3708700
2007-02-09,44.85419845581055,46.11569020039873,44.33314988299427,45.39718648852239,7112700
2007-02-12,44.031490325927734,44.930987315935845,43.82855763197155,44.88710839336853,4911400
2007-02-13,44.563514709472656,44.78839106919387,44.03149423357099,44.05891960874056,3921500
2007-02-14,45.17230987548828,45.49042573569457,44.585442981084654,44.79386155267308,4194800
2007-02-15,45.42462158203125,45.64949795569935,44.991326571532355,45.03520550071515,3013800
2007-02-16,45.17230987548828,45.44106090968561,44.7115896323406,45.15585632832652,4449600
2007-02-20,45.69335174560547,45.852409652556176,44.722554943657514,45.161331480689704,4612400
2007-02-21,45.6275634765625,45.90180053713177,45.11199646364414,45.35332641599324,4392300
2007-02-22,45.3862190246582,45.934692970575526,45.079074953992226,45.74272792640929,4159400
2007-02-23,44.40994644165039,45.353322518461766,44.217981352653915,45.22168572784267,5406200
2007-02-26,43.06616973876953,44.68965620103695,42.863237069379,44.481233436334634,7948100
2007-02-27,40.65836715698242,42.15021677786837,40.06053263725054,41.947284120667895,13121000
2007-02-28,41.09168243408203,41.568856452409044,40.15927805016105,40.90520323110811,10751100
2007-03-01,41.1849250793457,41.47561991618263,39.59983499881835,39.8576185386491,10629700
2007-03-02,40.25798797607422,41.29460338644894,40.25798797607422,40.95454803770031,7822500
2007-03-05,39.29267501831055,40.26347629205927,38.557721904421065,39.57239791569018,11011300
2007-03-06,40.34026336669922,40.680314560114006,39.76436400726696,39.76436400726696,10785800
2007-03-07,40.5267448425293,41.141037248925244,40.23605428260455,40.47738418949665,8245400
2007-03-08,41.36042022705078,42.0185872558294,40.894214048431685,40.894214048431685,7356600
2007-03-09,41.684024810791016,41.87598987761999,40.86131379478856,41.67305717176848,8619100
2007-03-12,41.71692657470703,41.85953097090147,40.92164103480454,41.108120165999956,7317600
2007-03-13,39.53400421142578,41.43172361905957,39.39139980954456,41.32202631587238,11909300
2007-03-14,40.48286437988281,40.60901524038472,38.903260774937564,39.44076713319314,13037700
2007-03-15,41.075199127197266,41.44267553831459,40.23054904338254,40.23054904338254,6363100
2007-03-16,40.81195068359375,41.40978531063251,40.718706927159104,41.2836344545882,7464500
2007-03-19,41.14653015136719,41.76630863793599,41.10265539826363,41.13556250922275,6141200
2007-03-20,41.744354248046875,42.0460166057655,41.03682232364489,41.13006189438544,5740900
2007-03-21,44.607383728027344,44.94195314506494,42.68772505923236,43.02777620246652,17638600
2007-03-22,44.49769973754883,44.97487368428675,44.20152323797271,44.32767411510747,8110000
2007-03-23,44.48125076293945,44.60740165305748,43.96568793019418,44.00408095161697,6088300
2007-03-26,44.08085632324219,44.70063042889498,43.7298333024889,44.70063042889498,9221500
2007-03-27,43.58723449707031,44.11376909590182,43.280090360549856,44.080861991138924,6341600
2007-03-28,42.96196746826172,44.01503649603044,42.80290951336056,43.46656252100202,6971200
2007-03-29,43.01681137084961,43.817582822768486,42.45188388100112,43.236201784209705,7361700
2007-03-30,43.19780349731445,43.58721944579643,42.59448307268777,43.131985125991626,6030900
2007-04-02,43.159423828125,43.329449442585926,42.37510577842884,43.164905555702866,5492500
2007-04-03,43.97664260864258,44.06439626694541,43.323957252319914,43.389775634440234,6307000
2007-04-04,43.77370834350586,44.10827781630012,43.609168655188284,44.01503824113438,4410500
2007-04-05,44.04244613647461,44.190532215644694,43.548818898369554,43.603665439376144,4052400
2007-04-09,44.04244613647461,44.18504630618718,43.625604892683356,44.0972926774812,3427100
2007-04-10,44.031490325927734,44.61287140410936,43.90534365420216,44.113762259610354,5596700
2007-04-11,43.69580841064453,44.092043105741105,43.33809629986864,43.97647535277907,5741700
2007-04-12,44.064517974853516,44.09753612783439,43.222521484672576,43.59123818844594,4149300
2007-04-13,44.02048110961914,44.86247741116279,43.78934569324347,44.86247741116279,4497600
2007-04-16,45.165164947509766,45.335764325105416,44.32316851162103,44.35618666247287,5986900
2007-04-17,44.900997161865234,45.40729915468654,44.77442481264359,45.18166397764244,5506800
2007-04-18,45.02757263183594,46.205267306840625,44.85146887291874,44.85146887291874,9406800
2007-04-19,45.45132064819336,45.66595117081799,44.05349942999194,45.027572423543205,7016000
2007-04-20,45.627437591552734,46.12823104659189,45.20918950919074,46.06219054980454,8290000
2007-04-23,45.98514175415039,46.480434944142075,45.78702447815372,45.95212360769937,4634600
2007-04-24,45.957645416259766,46.33736684002124,45.506379049930416,46.33736684002124,4363000
2007-04-25,46.513450622558594,46.59600018295128,45.78152182364419,46.23278799532651,5498600
2007-04-26,46.43641662597656,46.68406536656583,45.97414569471028,46.23829931296356,5287600
2007-04-27,46.78309631347656,46.83262351307185,45.792510335134985,46.227267281260254,4466200
2007-04-30,46.23280715942383,46.87118201387551,46.06220354425617,46.77212334007219,5418900
2007-05-01,46.28783416748047,46.557492230683394,45.40731504370312,46.397897483460255,4379700
2007-05-02,46.42539978027344,47.003242491222665,46.067687825811774,46.23828716773328,4474300
2007-05-03,46.931705474853516,46.94271432378426,46.16124979688222,46.72258353027165,2983500
2007-05-04,47.641632080078125,47.7792133214089,46.88768536607276,47.05278453512822,4738100
2007-05-07,47.31694793701172,48.12042197714743,47.124330817552746,47.768214293763194,3315800
2007-05-08,47.13532638549805,47.2013626833677,46.48043844065341,47.08579496345022,3241700
2007-05-09,47.355472564697266,47.49855405567683,46.88219268248005,46.887692909992914,3328000
2007-05-10,46.43641662597656,47.327944534535035,46.436416625976555,47.074795567606444,3842000
2007-05-11,46.86015701293945,47.03075635538241,46.436404570642814,46.45841806622335,4216600
2007-05-14,46.722564697265625,47.11879912614438,46.40337538526396,47.030745164774004,3515800
2007-05-15,45.94111251831055,47.327929057235174,45.86956761283562,47.05276667899543,6423500
2007-05-16,46.27131271362305,46.34835785393067,45.63843831940018,46.01816379566295,5004600
2007-05-17,46.32084655761719,46.66204951252379,46.05118852797495,46.106220179115795,3834100
2007-05-18,46.80513000488281,47.09680150255839,46.320841451478465,46.41439566796962,4453200
2007-05-21,47.11332321166992,47.32794962407342,46.50246213063028,46.50246213063028,5401000
2007-05-22,47.124305725097656,47.36094552999009,46.8326342862256,47.113301077759544,3260800
2007-05-23,47.19036865234375,47.87827490092019,47.05278740262846,47.162850722942075,3629200
2007-05-24,46.48042297363281,47.806707496449505,46.25479203325075,47.60308584893636,4387500
2007-05-25,46.37038040161133,46.61802494398646,45.70448773118529,45.70448773118529,3694300
2007-05-29,46.937225341796875,47.102320342263795,46.238310157347726,46.403409356461694,3248300
2007-05-30,47.2288932800293,47.2288932800293,46.34286965759316,46.640045673687894,3518300
2007-05-31,46.79962158203125,47.966311671692225,46.72257644578095,47.82873047143883,4881600
2007-06-01,47.36646270751953,47.45451670451317,46.70057010017642,46.854660396269615,5350200
2007-06-04,47.24538040161133,47.59758791655793,46.87666381543985,47.46000672482426,3703000
2007-06-05,47.13532638549805,47.27290760425394,46.79412345147102,46.88767767255008,4644700
2007-06-06,47.305938720703125,47.52056514490412,46.502464686757705,46.931717535159684,7639400
2007-06-07,46.62900924682617,48.687222253595145,46.62900924682617,47.05826180024733,10803500
2007-06-08,47.93328857421875,48.02134255634481,46.590498935955964,46.7225757105001,6493900
2007-06-11,48.72575759887695,49.03393813890241,47.84523877120066,47.94429740172956,5706500
2007-06-12,47.713157653808594,49.1550101163376,47.707657428928314,48.81380723473747,9084600
2007-06-13,49.07247543334961,49.09999336067231,48.03236159997433,48.18645191623049,7700200
2007-06-14,49.144020080566406,49.82091742286723,48.61020420330625,48.78080359551039,9562600
2007-06-15,48.6927375793457,50.052036236682724,48.57166545795779,49.952977609969416,10335000
2007-06-18,48.70375061035156,49.7163463478045,48.51664217137916,49.43568368934589,11238000
2007-06-19,48.31851577758789,48.92387217599041,47.95529941935954,48.885349610600564,9268200
2007-06-20,48.05438232421875,49.71086187021797,47.93331014363686,49.22657314789039,15278600
2007-06-21,48.037837982177734,48.3515228567644,47.10778800373493,48.3515228567644,11540200
2007-06-22,46.5574836730957,47.9883275110657,46.39788895520718,47.878264215316314,12711100
2007-06-25,46.52446746826172,47.86726156547392,45.95212906942776,46.69506684339594,13035600
2007-06-26,46.28783416748047,47.16835329125782,46.243807161630016,46.931713383119565,9155700
2007-06-27,46.953731536865234,47.08030814156127,45.67697763126256,45.95214014711354,10641900
2007-06-28,46.71158218383789,47.300429736839554,46.67305960368437,46.970235592859936,7096100
2007-06-29,46.161251068115234,47.272909716577274,45.52838079247568,47.0527789170025,9030100
2007-07-02,47.288272857666016,47.831892208803744,46.751279371580914,47.02972249907078,9110200
2007-07-03,48.54124069213867,48.62079152207819,47.5667025620886,47.61310889885711,5964900
2007-07-05,48.35562515258789,48.779913191357636,47.84515028668803,48.72687592203332,9145600
2007-07-06,48.45505905151367,48.79316528855878,47.977738847223506,48.40865270979469,6144700
2007-07-09,48.16998291015625,48.56112125423628,47.878283088869026,48.45504675270979,6078200
2007-07-10,46.71149444580078,47.75232659138126,46.42642551125778,47.7324388844452,10785700
2007-07-11,47.01762771606445,47.49013262634749,46.31219348776265,46.39871183240995,9486600
2007-07-12,48.18227005004883,48.20223426627522,47.01764338139543,47.06422824504679,8428000
2007-07-13,48.75459289550781,49.00748138652032,47.63655128269346,47.88278334365161,7478200
2007-07-16,48.11572265625,48.94759887729603,48.015896494250576,48.94759887729603,7023400
2007-07-17,48.48173522949219,48.72797236840369,48.02254310202003,48.481735229492195,6357500
2007-07-18,47.150726318359375,48.055807729122016,46.38539945343054,47.48347668768776,12567500
2007-07-19,46.50518035888672,47.58329316473696,46.02602418920884,46.99099803363096,9928100
2007-07-20,44.9678840637207,46.74476979190987,44.44213787842972,46.51184555219047,15623400
2007-07-23,45.061058044433594,45.553527209149955,44.70168700725092,45.22077681294764,9878000
2007-07-24,43.62358474731445,44.681728710162545,43.26421366256356,44.522009920507294,15269900
2007-07-25,43.82989501953125,44.322364323860384,43.25090733814637,43.95634183069301,14736800
2007-07-26,42.924800872802734,43.224274196782034,40.928298506625865,42.785046316454526,21899900
2007-07-27,42.838279724121094,43.86315135966356,42.099571039542404,42.924792982901124,18615000
2007-07-30,42.998016357421875,43.44390077091216,41.56053442128683,43.44390077091216,18479700
2007-07-31,42.50552749633789,44.794848909524084,42.3258420090446,43.616914946185204,17311400
2007-08-01,42.844940185546875,43.25755251430512,41.15457006284934,41.88661993607932,16651000
2007-08-02,42.512184143066406,43.45719642864485,41.75351377416581,42.984686477830195,12024200
2007-08-03,40.3426628112793,42.6918826542632,40.25614952435353,42.033035663159424,17756500
2007-08-06,42.61201858520508,42.698536945164264,39.098174911886034,40.5423105368715,17222100
2007-08-07,42.811676025390625,43.82989163543403,41.520602597037986,42.39906362113123,15860000
2007-08-08,43.517093658447266,44.45545215356114,42.49222189364179,43.24424099103972,20804800
2007-08-09,41.13460159301758,42.691873423881766,40.85508996251177,41.460695533476525,23865400
2007-08-10,39.94999694824219,41.52057864237193,39.34439155316841,40.19623397801689,23334300
2007-08-13,39.69047164916992,42.01307081235476,39.617266146969534,41.29432865113389,15439500
2007-08-14,38.31953430175781,40.1629691403182,37.866993589865444,40.04317880254175,19214600
2007-08-15,37.68730163574219,39.530738697615405,37.52092647714731,38.16646036619068,14947200
2007-08-16,39.24458694458008,39.790297452497796,36.535998618625165,37.148258197777984,22913900
2007-08-17,41.41411590576172,42.05965251637449,40.68206601602176,41.67366082051163,23742800
2007-08-20,41.70026779174805,42.07294904433101,40.64212172865683,41.60044168556303,14072100
2007-08-21,41.85334396362305,42.52550117815477,41.12794800640554,41.69362519688167,10226200
2007-08-22,42.65195083618164,42.92480864610798,41.65370201100317,42.498888470382624,10784600
2007-08-23,42.7983512878418,43.20430714849686,41.84668755804428,43.07120903043883,11323400
2007-08-24,42.95142364501953,43.0911782083028,41.99310083694188,42.73846358515431,7126700
2007-08-27,42.41236877441406,42.86491209321736,42.22602934919479,42.85159923291968,8576100
2007-08-28,40.44248580932617,41.82672621785516,40.369280311717986,41.627076476268236,10481800
2007-08-29,40.735294342041016,40.90166950521421,39.83686947637917,40.72864045253483,9787100
2007-08-30,40.036529541015625,40.53565515989731,39.63057363146905,39.78363851661733,8662400
2007-08-31,41.507286071777344,41.840036486901674,40.68206646393216,41.227776941641324,10375600
2007-09-04,42.545475006103516,43.290837881655,41.307642859986,41.62042911202429,8798000
2007-09-05,41.63375473022461,42.2193939407077,41.20783184257482,42.19277582291158,8051200
2007-09-06,41.593807220458984,41.873316386411894,40.682071677018186,41.85335217132512,7138100
2007-09-07,41.593807220458984,42.285928781891705,40.289426035309674,40.668761354065495,11879900
2007-09-10,41.979793548583984,42.6253301656572,41.06140169292962,42.159476538528956,7934200
2007-09-11,42.28592300415039,42.75177155042065,41.99310101657002,42.16613265262827,6765400
2007-09-12,42.23268127441406,42.52550325890761,41.76683019437044,41.919897616456154,7378000
2007-09-13,44.44880294799805,44.70834787662063,42.598711373767884,42.971390229765724,12243300
2007-09-14,43.99625778198242,44.136012339071215,43.20431021444451,43.956329359205085,7644000
2007-09-17,43.19765853881836,43.696784129270696,42.5787400648787,43.603609347874304,7660900
2007-09-18,45.59345626831055,46.10588959450699,43.131100529836324,44.07611542180225,17094400
2007-09-19,44.60851287841797,46.4985375816338,44.21586988697661,45.972791398491275,17633900
2007-09-20,43.01132583618164,44.981208096857735,42.16614183885605,44.981208096857735,17066900
2007-09-21,42.88487243652344,43.304136105434,42.026375810057736,43.304136105434,13310300
2007-09-24,41.45404052734375,43.25754687227286,41.334250194448906,43.19765424450922,8230000
2007-09-25,40.841793060302734,41.22778483430984,40.26280793797677,41.20781807927468,10411100
2007-09-26,41.906578063964844,42.77838231819064,40.462440287823625,41.08801254330195,14916100
2007-09-27,42.95808029174805,43.24424584963975,41.740212563229754,41.760176775604094,10021900
2007-09-28,41.92654037475586,42.95806839904981,41.527241005707765,42.79834458953701,13313800
2007-10-01,42.598697662353516,42.91813512828487,41.66033931677534,41.66033931677534,9371500
2007-10-02,43.9896125793457,44.375604355932445,42.738472598450414,42.90484783897545,10851700
2007-10-03,44.58854675292969,44.95457416766935,43.75667088067354,43.923046055124765,9141500
2007-10-04,44.6617431640625,44.98783701808697,44.1359971103035,44.70167157306287,7590500
2007-10-05,45.85301208496094,45.85301208496094,44.59521581594971,45.20747541282282,8303900
2007-10-08,45.21413040161133,45.78646155181163,45.10099139573924,45.68663540656857,5028500
2007-10-09,45.979434967041016,46.07260972414381,44.3689247003274,45.61341267589706,7969700
2007-10-10,45.11758804321289,46.113073176013316,44.776849605488245,45.738932207398584,7604300
2007-10-11,44.80357360839844,45.6921634847237,44.208954541633595,45.418240309960076,8421000
2007-10-12,44.930503845214844,45.251199647064965,44.489547754831776,45.09084919749648,4498800
2007-10-15,44.16218948364258,44.99732924353479,43.56757038238241,44.89043400485865,6848700
2007-10-16,43.62770462036133,44.04193069347932,43.233515989326264,43.72123986895499,8264700
2007-10-17,43.96842956542969,44.449470807397866,42.83932425294704,44.08868987592174,9583600
2007-10-18,43.69451141357422,44.14882762767981,42.678981202552556,43.30700535798361,8384100
2007-10-19,41.389530181884766,43.75464422618101,41.055474252327414,43.44063083683086,16036400
2007-10-22,41.81712341308594,42.35161241684019,41.00870863561733,41.38953221008253,10225500
2007-10-23,42.505252838134766,42.70568577803718,41.09553716794692,42.33822496344224,9077300
2007-10-24,42.01755142211914,42.425100034962504,40.08670869445276,42.06431904503779,12739000
2007-10-25,41.422935485839844,42.37833565335642,40.42076769182759,42.06432226233301,16626000
2007-10-26,43.2802848815918,43.427270304341945,42.044278977002925,42.51195778231703,11332700
2007-10-29,44.27577590942383,44.4160839020851,43.18007273836801,43.320375633739715,8606800
2007-10-30,43.75464630126953,44.730089050163244,43.307012557782755,44.041934618205225,9055300
2007-10-31,44.93721008300781,45.16436569374209,42.939551731413964,44.24237306036076,16782800
2007-11-01,41.70352554321289,43.44061471268628,41.46300750406766,43.44061471268628,15660700
2007-11-02,39.3517951965332,41.670141948929256,38.00220874065011,41.670141948929256,28807100
2007-11-05,37.14033126831055,38.81061059761279,36.21165636900154,38.67030774562596,26713600
2007-11-06,36.418766021728516,37.63473160626246,35.28965821658584,37.17373292268575,27876000
2007-11-07,34.20064163208008,35.67048808064663,33.459039685618556,35.19612932115089,30047400
2007-11-08,35.864234924316406,36.09139299580285,33.96679766503074,35.55690416543585,32757300
2007-11-09,36.21164321899414,37.48773606123102,34.57476956096847,34.57476956096847,21374900
2007-11-12,35.92436981201172,37.220505715068526,35.47673360538636,35.7439793301159,14061000
2007-11-13,37.320716857910156,37.44097715777413,35.24956923142008,36.34527446891894,17707100
2007-11-14,37.153690338134766,38.81728696747717,36.759504351295874,38.24939306802083,15193800
2007-11-15,35.5903205871582,37.360815561547575,34.82867344245953,36.59248841937111,19456000
2007-11-16,35.34311294555664,35.89764437827045,34.62823356984654,35.784066602991324,11804100
2007-11-19,34.16054153442383,35.0691735775733,33.73963057795012,34.75516035860877,11741300
2007-11-20,33.692874908447266,34.447841880567445,32.550404456374245,33.906670459175174,19281900
2007-11-21,32.410099029541016,33.1984710779618,31.7753949224369,32.97799553148155,19768200
2007-11-23,33.33209991455078,33.5726205892419,32.69071314780412,32.69071314780412,5986000
2007-11-26,32.03594970703125,33.39889789665137,32.022587170037724,33.39889789665137,10141800
2007-11-27,33.27195739746094,33.60601319974196,32.202979849619076,32.26978999061788,15862100
2007-11-28,35.743988037109375,35.82416075460012,33.539219191278306,33.61271191091347,19738600
2007-11-29,34.96897888183594,35.69722099505571,34.62824291539585,35.5435555553949,10439700
2007-11-30,35.22286605834961,36.87978354086771,34.882127505277204,36.22503407550012,17838100
2007-12-03,34.92888259887695,35.24957594336354,34.26077082736886,34.60150925807871,9360300
2007-12-04,33.412254333496094,34.0670058333666,32.81095552456137,34.040280762220235,17126100
2007-12-05,33.47908401489258,34.247411085749384,32.91786997900204,33.920037718189114,10375100
2007-12-06,34.461204528808594,34.50797214638629,32.8844604257777,33.01140073796801,11061200
2007-12-07,34.53468704223633,35.47672427871668,34.40106676364384,34.48123944052802,10274600
2007-12-10,36.325233459472656,36.41876869237811,34.59482400478989,35.022415097297085,16518200
2007-12-11,33.3721923828125,36.6726644953911,33.3721923828125,36.39205869998797,23332300
2007-12-12,33.65278244018555,35.03577332480662,32.63725244616517,34.57477721281414,22486200
2007-12-13,33.539207458496094,33.70623538154773,31.728625384290947,33.27864430631857,20173600
2007-12-14,33.60602569580078,34.16723975426038,32.7040757137185,33.071536723135566,13465400
2007-12-17,33.09157943725586,33.94008180085787,32.55041046461716,33.41895536834816,13994200
2007-12-18,32.11613845825195,33.332101898319216,31.56828691046976,32.69071509340025,24012100
2007-12-19,33.45903015136719,34.3208921783986,32.00254665947491,32.61720810812637,36264900
2007-12-20,34.320899963378906,35.08922949711625,33.06485170549318,33.773048531001415,29675600
2007-12-21,36.325233459472656,36.67933440372838,34.795259559466096,34.795259559466096,31172000
2007-12-24,36.726097106933594,37.0067027681103,35.85754994924887,36.01121786691453,5522400
2007-12-26,36.74614715576172,36.839682395284235,36.01122523210414,36.51230905695543,6960200
2007-12-27,35.62371826171875,36.61252334464934,35.41660270196497,36.49226302590767,10933000
2007-12-28,35.5568962097168,36.0512973114445,34.70171172383007,35.770691694027676,9002600
2007-12-31,35.4834098815918,35.97781107176084,34.681675397685495,35.40991719284253,8019200
2008-01-02,34.04027557373047,35.67714897662494,33.61268469513526,35.396540869645165,17624100
2008-01-03,34.03360366821289,34.66831019200594,33.793085635322704,34.21399410436313,11422200
2008-01-04,32.937904357910156,33.86657915836282,32.64393614475737,33.35213287386265,14448500
2008-01-07,32.2764778137207,33.298687920348804,32.03595718895082,33.071529835693234,18767500
2008-01-08,31.000404357910156,32.71745235616984,30.652985738796932,32.50365667496871,22467500
2008-01-09,32.07561492919922,32.26378029922871,30.20067263133941,30.778612054785306,20061800
2008-01-10,32.532596588134766,33.01645342205193,30.859260079878833,31.28935646756154,20270800
2008-01-11,32.5191650390625,33.45999746826758,31.97482851041227,32.210035335932474,15874500
2008-01-14,32.86186981201172,33.25836280993421,32.65354211359144,32.882029647369826,10954300
2008-01-15,31.672409057617188,32.64684182351723,31.349838688327228,32.0890621308382,12448800
2008-01-16,31.847137451171875,32.78796972803945,31.45736583719763,31.464084932455066,15582700
2008-01-17,30.40900421142578,32.24362448937175,30.240998663296356,31.9613763990237,18516000
2008-01-18,30.31491470336914,31.28262552028352,29.280000144165857,30.61060347875837,19736300
2008-01-22,32.61323547363281,33.68847249642551,28.60798390854388,28.79614929801911,36857100
2008-01-23,34.743534088134766,35.00562222911436,31.249019560099743,31.578311431817824,27599200
2008-01-24,34.42771530151367,35.00565511093924,33.802734118163954,34.87797174793974,16341300
2008-01-25,32.855167388916016,35.207245263671595,32.304109349058194,34.683068729065724,19071500
2008-01-28,33.32558822631836,33.386070339974765,32.263791689586355,32.83501222157723,12982300
2008-01-29,33.238224029541016,33.7422407801192,32.660284412041484,33.01645799233873,12291100
2008-01-30,32.680442810058594,34.35377678079219,32.55275694158717,33.157577993395364,16018700
2008-01-31,33.15757369995117,33.62126807058786,31.215430054658626,32.169700297767456,22824300
2008-02-01,32.42506790161133,33.23149497353458,32.048734584430875,32.95596600167991,26818300
2008-02-04,32.27721405029297,32.49898252850772,31.900883391834505,32.30409554405724,10749700
2008-02-05,30.617334365844727,31.719450436062495,30.543411508819638,31.517844275533143,13172400
2008-02-06,30.207395553588867,31.12134606955601,29.84450298456174,30.845817096086005,12474000
2008-02-07,30.160367965698242,31.04071572552536,29.82435674413072,29.945320988980004,17074600
2008-02-08,29.02463722229004,30.16035635464183,28.80287123448271,29.94530946071179,17177100
2008-02-11,28.58110809326172,29.36737553092027,28.325741460606924,29.36737553092027,14941100
2008-02-12,28.70207977294922,29.29346027865629,28.399669141419334,28.72896128765462,18691400
2008-02-13,29.051523208618164,29.14560591878776,28.157734898445423,28.560947245904142,19850100
2008-02-14,28.64158058166504,29.394247163594887,28.312291195186447,28.66846208035414,20165600
2008-02-15,28.439977645874023,28.883512169551636,28.124126409892913,28.325735109023636,23014400
2008-02-19,27.882219314575195,28.950735370762104,27.801574755327366,28.749126536205356,17433900
2008-02-20,29.266555786132812,29.347197703372924,27.391613906268066,27.653704623528995,19134400
2008-02-21,29.01119613647461,29.757141162751694,28.883512845788708,29.568975773622757,13388700
2008-02-22,29.696664810180664,29.75714692032611,28.41310230692657,29.03808325724229,12847800
2008-02-25,30.429153442382812,30.54339850831101,29.226236085691475,29.53536557116253,14734800
2008-02-26,30.19396209716797,30.71813867001375,29.73698672879311,30.22084360438099,15693400
2008-02-27,30.832399368286133,31.195289644722514,29.777324031059333,29.891566649079714,12172500
2008-02-28,29.83778953552246,30.63077601182169,29.589139452174038,30.52324998860411,10733600
2008-02-29,28.305572509765625,29.568974881594492,28.17788922293164,29.30016499361011,15564300
2008-03-03,27.94268798828125,28.36606018430133,27.593236090609576,28.32574048766794,16895200
2008-03-04,27.788116455078125,28.030044852986272,27.102656079086646,27.626832565513496,13558800
2008-03-05,27.868764877319336,28.534065501440555,27.478990722935947,27.821723522626385,13105900
2008-03-06,26.659120559692383,27.84860021112255,26.585200267988835,27.45210699397916,16193500
2008-03-07,26.786802291870117,27.57306694700033,25.94677463627239,26.282785698511482,17079800
2008-03-10,25.738449096679688,27.35130336133499,25.65780715251528,26.86744656922616,21098300
2008-03-11,28.55422592163086,28.681909223526265,26.64568266978256,27.19001903999684,29294900
2008-03-12,27.55963706970215,29.13889122340927,27.445394493979176,28.493750344644084,16000700
2008-03-13,27.95612907409668,28.238379797576705,26.356717707436673,26.89433508125356,19445600
2008-03-14,26.578479766845703,28.661750302874612,25.879576003911044,28.258535410307015,30910600
2008-03-17,24.448165893554688,25.449477435197444,22.553063685345546,24.03151032571904,49435100
2008-03-18,28.802865982055664,29.172477603373785,25.832527135524483,26.491108448532945,42966900
2008-03-19,29.199373245239258,31.632093569829646,28.950725679698632,30.41573212575347,40282100
2008-03-20,33.37934875488281,33.63471796461588,28.950723947858336,29.159049234810578,44450200
2008-03-24,32.761077880859375,34.81074480479583,32.59307235326522,33.25837537050486,29519000
2008-03-25,33.23149871826172,33.7892758181847,32.445231401377846,32.888765956381654,16657000
2008-03-26,32.11594772338867,32.861892918869884,31.618650071880616,32.72748794033567,15984300
2008-03-27,30.704694747924805,32.80812504439622,30.39556513755968,32.378031227616674,25482100
2008-03-28,30.066272735595703,31.255749709556937,29.730261653704453,30.778614588526036,15430100
2008-03-31,30.711402893066406,31.417025410975192,29.763852068775126,29.972177227613205,15426700
2008-04-01,32.828285217285156,33.06349453812308,31.94793772842607,32.277227188613224,21696300
2008-04-02,32.98956298828125,33.70862638653191,32.7005932977438,32.84843897110549,13723000
2008-04-03,32.848445892333984,33.43310448922274,32.08906008764595,32.740922442750296,11975700
2008-04-04,31.988262176513672,32.92909447258363,31.82697825142622,32.8484525100399,13185300
2008-04-07,32.31754684448242,32.942527679012194,31.598483314614608,32.304106093211104,10753800
2008-04-08,32.001708984375,32.58637037320766,31.59849653182209,32.216755967544856,11016500
2008-04-09,31.156885147094727,32.49507905652561,30.86626756433931,31.92060130025523,14166000
2008-04-10,30.034950256347656,31.30555647389117,29.89302153783001,30.913562502055047,16609200
2008-04-11,29.48752784729004,30.649995648463882,29.34559646554157,29.649731457602712,14168600
2008-04-14,29.04144287109375,29.63619244604941,28.717033308887565,29.399644612621366,10709500
2008-04-15,29.413179397583008,29.690279557005518,28.744082507271337,29.298282826116356,11955000
2008-04-16,30.697298049926758,30.805437202345516,29.474003537251477,30.203924768823015,14045300
2008-04-17,31.373149871826172,31.711076962620574,30.305301605569,30.305301605569,13448600
2008-04-18,32.28555679321289,33.110099776703656,32.15714541798862,32.258522005319584,15776400
2008-04-21,31.90031623840332,32.40044686315801,31.663765740161857,32.265278096367425,11768600
2008-04-22,31.893577575683594,32.1706778579467,31.231240378522536,31.893577575683594,12605200
2008-04-23,32.021968841552734,32.5694090272491,31.711073987771147,31.819213121732645,11054000
2008-04-24,34.05629348754883,34.37394579367408,32.28555616581625,32.3125909531842,17436600
2008-04-25,34.232017517089844,34.84028477249692,33.57643809402226,34.52263504000562,14537000
2008-04-28,33.73188018798828,34.52938828331325,33.71160538870714,34.44828650800973,8131500
2008-04-29,33.089820861816406,33.82650203957249,32.69782676826336,33.62374629613614,11470100
2008-04-30,32.84651184082031,33.5291260006667,32.58292912534304,33.15740672042493,15257100
2008-05-01,34.015750885009766,34.468572064805436,32.6234899871886,33.0222441593008,12492300
2008-05-02,34.002235412597656,34.752431622552514,33.42775763210226,34.637537613361374,13613400
2008-05-05,32.92762756347656,34.06982058418226,32.7924561663198,33.67782636842561,11369600
2008-05-06,33.1506462097168,33.44126370632589,32.049003201133,32.56941121649861,10489800
2008-05-07,31.907073974609375,33.44802319807164,31.792180006016387,33.29933445925343,11152800
2008-05-08,31.4137020111084,32.130108370830314,30.663503457985637,32.130108370830314,12711400
2008-05-09,31.062267303466797,32.10984109765363,30.81220189978656,31.22447349229013,10807700
2008-05-12,32.204437255859375,32.528846797218904,31.129829522153138,31.366377340380545,10583400
2008-05-13,31.501571655273438,32.38018179433807,31.373157678782164,32.17742600504312,8922500
2008-05-14,31.738113403320312,32.29231365486215,31.265014935907242,31.670529012909544,10480200
2008-05-15,32.2450065612793,32.29907614033557,31.47453310698339,31.832735044603208,8657100
2008-05-16,31.907073974609375,32.37341499065594,31.535354705742847,32.2652784292006,6489100
2008-05-19,31.224456787109375,32.27203002084129,31.06901066916528,31.974655174971527,9152400
2008-05-20,30.27827262878418,31.028471326790825,29.93358806444092,30.981161731257036,12986400
2008-05-21,28.987384796142578,30.332335722222773,28.75083686907827,30.278266151362907,20105800
2008-05-22,29.027944564819336,29.494283133623103,28.554846008800894,28.56836340505053,15192500
2008-05-23,28.270992279052734,28.9198119184742,28.06823388582597,28.831950119954605,10991100
2008-05-27,28.548093795776367,28.71705741238016,27.791134937101635,27.95334114344056,10523100
2008-05-28,28.906293869018555,28.906293869018555,28.223679460654317,28.804914674689606,12121200
2008-05-29,29.58889389038086,29.933580950991903,28.710284010173403,28.798145771647842,10044800
2008-05-30,29.893028259277344,30.082266593184443,29.582135974093124,29.85923606796235,9472200
2008-06-02,29.12932777404785,30.102559899249385,28.588644692369385,29.8727692672635,15502600
2008-06-03,28.825166702270508,29.703776160194145,28.095243332865255,29.365849247286768,16031000
2008-06-04,29.305030822753906,29.85247093084464,28.919794236253573,29.061722962189805,15419000
2008-06-05,30.13633918762207,30.28502793815161,29.24421184080322,29.413175392521627,13548200
2008-06-06,27.58161735534668,29.920072821810653,27.486995579290753,29.845728429713745,24261300
2008-06-09,26.621902465820312,27.88574937994104,26.17583869741419,27.66947619393684,22427200
2008-06-10,26.513763427734375,26.93955235136777,25.831151730767388,26.324525051977094,22014900
2008-06-11,25.094463348388672,26.70975422802474,24.939017215429843,26.49348112319691,25041100
2008-06-12,25.939287185668945,27.094997349945533,25.499980885990304,25.52025568874552,25077300
2008-06-13,27.737056732177734,27.74381413971688,26.05417865522524,26.31100397075813,25572100
2008-06-16,28.581880569458008,29.14959831643915,27.892508835396644,28.061472419876985,18126500
2008-06-17,27.43292999267578,29.37263138418783,26.858454788271068,29.1293233895101,25995800
2008-06-18,27.500507354736328,28.183121562481066,25.290463740242497,25.601358641662298,41563300
2008-06-19,27.162582397460938,27.493752126772726,26.081216588201023,27.459959928642004,27248800
2008-06-20,26.14204216003418,26.959825170125168,26.02714559879814,26.851688595056768,23897700
2008-06-23,25.3174991607666,26.283970928279018,25.243154782007288,26.283970928279018,17296300
2008-06-24,25.973085403442383,26.52728581810118,24.776822778187178,25.34454059054253,21551100
2008-06-25,25.804115295410156,26.696242693076336,25.64866912835098,26.35155816232413,23605600
2008-06-26,24.89171600341797,25.80411831002159,24.79709423233776,25.34453716320772,21958700
2008-06-27,24.810609817504883,25.344535313539858,24.37806349399585,24.972815977910496,25884800
2008-06-30,24.378063201904297,25.405361997019156,24.14151523975063,24.66192333466812,18433700
2008-07-01,24.736265182495117,24.95253834204419,23.560280199719468,23.992826518817612,24814600
2008-07-02,24.242887496948242,25.020120796178123,24.161785721312267,24.722745900060247,17818800
2008-07-03,24.26992416381836,24.695713030742656,24.00634143892494,24.35102594574422,9268800
2008-07-07,23.70220184326172,24.66191595580834,23.033107762975018,24.344263720375643,22913800
2008-07-08,24.661914825439453,24.776808773648945,23.053381503256855,23.898199045427344,26886100
2008-07-09,23.143539428710938,25.01599398258273,22.741812711438847,24.838960461127773,26145700
2008-07-10,22.816709518432617,23.722297908708907,22.31285045703003,22.959698936170362,29068200
2008-07-11,22.769039154052734,23.422697781351406,22.04729492839525,22.360504784714465,31936400
2008-07-14,21.618328094482422,23.62015029635715,21.50938544262661,23.368220900952647,23739900
2008-07-15,21.10765838623047,22.183469318473083,20.154409557559823,21.393633164701544,36155700
2008-07-16,23.865280151367188,23.906134633941406,21.12128437473123,21.9587817870132,33824200
2008-07-17,26.091798782348633,27.337833227219928,24.498510326758307,24.580216694445383,53727300
2008-07-18,26.26201057434082,27.079081691138413,25.233864548903764,26.85438603012515,21280500
2008-07-21,24.8253231048584,26.65692435109123,24.512113390466602,26.418610579134608,22337200
2008-07-22,26.330097198486328,26.500320229551996,24.10358223785708,24.403173837469613,19000900
2008-07-23,26.629695892333984,27.47400081445118,25.799006529291592,26.466280612060913,20744700
2008-07-24,25.35642433166504,26.91566535179919,24.981931578294787,26.656928209794586,17389700
2008-07-25,25.02278709411621,25.567500307297745,24.46445572593045,25.404087642042025,15356000
2008-07-28,23.803997039794922,25.533464312611393,23.558875366810124,24.927470508509145,18664300
2008-07-29,24.85257911682129,24.95471404256237,23.116303561016323,24.294247410207912,25001500
2008-07-30,26.282438278198242,26.861198215382526,25.227055871729746,25.281528495303746,25573900
2008-07-31,26.881622314453125,27.39910181347056,25.805814046323153,25.94199040116171,17235700
2008-08-01,27.991470336914062,28.41362264664672,26.65692264976126,27.010984201539078,19549100
2008-08-04,28.243410110473633,28.94472829412857,27.303778081789936,27.616990489616363,18233300
2008-08-05,29.41455078125,29.78223328289771,28.291077336459193,28.536199004224333,20017200
2008-08-06,29.40092658996582,29.618811894964544,28.794932923100752,29.21027759744136,12978600
2008-08-07,29.04686164855957,29.686899392523795,28.774503724908005,28.849402283782066,21930500
2008-08-08,30.667388916015625,31.15762959140806,29.00601009040294,29.033246404979717,23077500
2008-08-11,30.905712127685547,31.715975916623428,30.170349531500406,30.483559478071875,16618300
2008-08-12,28.93791389465332,30.197563225226407,28.127653240666017,30.14990098660346,23164700
2008-08-13,27.33781623840332,28.82216108217986,26.56159713685469,28.692789933223267,29494200
2008-08-14,27.67146110534668,27.89615679850284,26.956524749900638,27.283352723893174,14861600
2008-08-15,27.83487319946289,28.175319291343904,27.41952855178445,27.712312398593923,10677700
2008-08-18,26.95652198791504,27.88253578471275,26.752254849773802,27.88253578471275,13122200
2008-08-19,25.928375244140625,26.554794797746926,25.465368357824005,26.554794797746926,17941800
2008-08-20,25.465377807617188,26.268831079233028,24.648306375774137,26.153078016001007,26613500
2008-08-21,25.23386573791504,25.560693680554603,24.784476992110935,24.88660926314965,15685600
2008-08-22,26.479887008666992,26.64330221636645,25.77856914487433,25.89431952738913,15628500
2008-08-25,26.023693084716797,26.336902781504634,25.839851932933456,26.08497346864458,12318000
2008-08-26,26.268831253051758,26.418625821745252,25.717307448493656,26.003281022961822,8475600
2008-08-27,26.588848114013672,26.69098301456136,25.88071938362568,26.302874548317607,9599500
2008-08-28,27.64423179626465,27.787221181504187,26.65693984435402,26.89525115742241,12267300
2008-08-29,27.800832748413086,28.114042570562074,27.242498695045995,27.290163543753607,10499700
2008-09-02,28.120840072631836,29.291975185116804,27.59655290244721,28.57022870459052,16819100
2008-09-03,28.713220596313477,28.78811914807769,27.73273683955742,27.964240273466164,12350700
2008-09-04,27.467208862304688,28.84942007326805,27.20166115156781,28.18895598685561,18916200
2008-09-05,28.161714553833008,28.26384687162046,26.922490396740635,26.922490396740635,16761700
2008-09-08,29.462215423583984,30.299712791296034,28.35917042676792,30.122681904359517,26428700
2008-09-09,27.508060455322266,29.41455910331315,27.27655688109058,29.012832389128725,27418000
2008-09-10,26.500322341918945,27.603369541275512,25.928375405449284,27.31058569671269,24490000
2008-09-11,26.357343673706055,26.936103761014063,24.26019647268665,24.457653290866293,36335100
2008-09-12,25.34963035583496,27.16761488892367,25.227069484058234,25.86029978910496,31468200
2008-09-15,21.917924880981445,23.831233412909892,20.923822624847087,22.673715841946034,67701700
2008-09-16,19.541610717773438,21.100853504264997,15.80351062061048,16.26651762055703,118926500
2008-09-17,14.809404373168945,17.78490366233194,10.948745801870748,15.544767848716283,329786100
2008-09-18,15.354119300842285,16.831655495144936,7.96643897867847,13.75402359577671,321561400
2008-09-19,18.527090072631836,18.527090072631836,16.88613874038748,18.527090072631836,1209900
2008-09-22,18.44537353515625,21.550242231931993,18.11854552469545,20.944248466865208,56512300
2008-09-23,19.064987182617188,19.11264944278186,17.267431663839876,18.213871683393204,35085000
2008-09-24,16.879318237304688,19.984186301241326,16.205233817411017,19.745873771841413,44652600
2008-09-25,18.45218849182129,19.024138341656304,15.701381947500563,17.11763840930643,34234400
2008-09-26,16.85208511352539,18.452182343640338,16.014587861995537,16.157574627462026,41149700
2008-09-29,14.291930198669434,16.77718700391169,13.032279097774321,16.613772996578675,53602300
2008-09-30,15.660524368286133,17.267430762528775,14.6528039814929,14.979632004447604,38220700
2008-10-01,16.627391815185547,16.93379390278383,14.816218205313584,15.469874260591071,36127100
2008-10-02,15.803507804870605,17.104013140041918,15.728610543776123,16.28013287841185,17881400
2008-10-03,16.286941528320312,18.200248252837085,15.326883627129051,16.61376947368355,30168400
2008-10-06,16.000974655151367,16.613777680076847,13.73360255383747,15.313273035405182,27017800
2008-10-07,12.017745971679688,16.53206157228301,9.621005984435035,16.53206157228301,90486600
2008-10-08,11.438994407653809,13.256977581949807,11.050885858989407,11.568364356775103,40961400
2008-10-09,8.477110862731934,12.460331300971216,8.13666463812945,12.242445925017511,102865400
2008-10-10,6.591038703918457,7.694084324728434,4.568788074425367,6.257400931166684,206852900
2008-10-13,12.324151039123535,12.977807031671123,8.62009651859016,10.50616852413941,199684000
2008-10-14,14.938779830932617,16.477596832541828,13.992338498430529,14.441727384890832,138504900
2008-10-15,12.498382568359375,14.104628116000926,12.139908154739784,13.946071998930725,86911100
2008-10-16,12.884432792663574,13.270482834219976,11.671131347177878,12.822388871624884,63120500
2008-10-17,13.263594627380371,13.966758491853406,12.077868332001069,12.388086755823577,46656900
2008-10-20,13.628962516784668,14.332126284315345,13.146398837527089,13.904712627126038,32972400
2008-10-21,13.925398826599121,14.80779946155213,13.332534913829573,13.884035310675202,40227100
2008-10-22,13.325638771057129,13.918502584904285,12.49838699893926,13.311850934716395,37919600
2008-10-23,12.463916778564453,13.615174635807707,11.988247018058374,13.242911001964627,39650000
2008-10-24,11.388487815856934,11.774537871429061,10.602599216568033,10.733580321062872,42625700
2008-10-27,9.465129852294922,11.250613361328973,9.465129852294922,10.595706452797108,42921500
2008-10-28,10.478515625,10.68532856747136,6.997166508626125,10.347534467317596,125704800
2008-10-29,10.175189018249512,11.402278663125761,9.237637320371917,10.340639085837278,62602100
2008-10-30,11.092061996459961,11.236830352089585,10.285491874704679,10.850780088863308,43123400
2008-10-31,12.04339599609375,12.746559700264843,10.788732120933638,10.926607821120955,41919700
2008-11-03,12.408767700195312,12.960267960918523,11.809010016138524,12.326042003646661,26330600
2008-11-04,13.029202461242676,13.27048425614865,12.167482704349906,12.718984137689278,27694700
2008-11-05,11.760751724243164,13.277379131983075,11.650451692576272,13.008522969155036,26645100
2008-11-06,10.6094970703125,12.022718027593246,10.47162134184398,11.485004264422495,34423200
2008-11-07,11.016225814819336,11.491895521532037,10.423362817947321,10.864563600523732,29934700
2008-11-10,10.051100730895996,11.485002573339315,9.754668878752392,11.485002573339315,29810900
2008-11-11,9.706412315368652,9.954587394916576,8.824011375091521,9.706412315368652,46738800
2008-11-12,8.23115062713623,9.61679679346328,8.23115062713623,9.347940526000627,34221200
2008-11-13,9.106658935546875,9.203171832883598,7.424581424777605,8.506901766063722,58075400
2008-11-14,8.293197631835938,9.092874124024203,7.934722257638684,8.734398749826948,34968900
2008-11-17,7.734798431396484,8.513793342683595,7.590029453945957,8.02433638629754,29177800
2008-11-18,8.293197631835938,8.50001067643924,7.5900340691133605,7.776165349047952,36864800
2008-11-19,7.066103458404541,8.189786331170469,6.845503365693729,8.120848473478274,38980100
2008-11-20,6.342258453369141,7.672754214703711,6.204383398229835,6.886865414249488,51671600
2008-11-21,6.9282307624816895,7.038530846441379,6.066510534746165,6.6869488357395985,49402000
2008-11-24,9.22385025024414,9.38930031974732,7.314278561381159,7.314278561381159,67867800
2008-11-25,9.837394714355469,10.768051813819831,9.258318835165138,9.789137952796201,50141900
2008-11-26,9.995950698852539,10.278594716871057,9.168699738021727,9.341043715588151,27874700
2008-11-28,10.168294906616211,10.326851053995581,9.644369045167647,9.78913801589843,13238700
2008-12-01,7.824419975280762,9.809822812718908,7.824419975280762,9.603010482839357,36151200
2008-12-02,8.300088882446289,8.56205190031942,7.479731547018604,7.9347197042676,36295600
2008-12-03,9.547858238220215,9.720202244993574,7.700330275228931,7.907143214845005,41063000
2008-12-04,10.299274444580078,10.802519134220852,9.030823490116786,9.196273528858953,45642900
2008-12-05,10.836989402770996,10.961076618521133,9.62368765307122,10.05110063496635,36511300
2008-12-08,11.23682689666748,11.65734662588301,10.554345555550059,11.243720813608087,34955200
2008-12-09,10.319958686828613,11.195465846528636,10.278595838425698,10.740477801297425,28424800
2008-12-10,10.06489372253418,10.685332097475964,9.658161621375271,10.581925920799145,21280200
2008-12-11,9.472023963928223,9.995949764545164,9.341042842494007,9.816711886843573,28285100
2008-12-12,9.547858238220215,9.623689364522017,8.720606479755919,8.961888352214707,21175100
2008-12-15,9.403088569641113,9.858076609594042,9.16870063210411,9.685732615221559,20460200
2008-12-16,11.119634628295898,11.898630267526196,9.554751404167643,9.733989327221689,52570400
2008-12-17,11.374706268310547,12.360514355278362,10.202766966093886,10.699117969158,65914400
2008-12-18,11.188567161560059,12.188162440552036,11.098948900179433,11.595298924883984,34326400
2008-12-19,10.650857925415039,11.919310391909756,10.650857925415039,11.257508819199417,36407100
2008-12-22,10.051100730895996,10.774945569014042,10.023525720750552,10.768051652117656,19350500
2008-12-23,9.954591751098633,10.40268666261562,9.927016730193,10.154510817024564,12686200
2008-12-24,9.995950698852539,10.168294676418961,9.796031711173091,9.823606721286115,5255100
2008-12-26,10.099358558654785,10.244127550996248,9.892546275972876,10.209659275509406,4467100
2008-12-29,10.271697044372559,10.319953787506455,9.768453129449435,10.25101595870938,12024200
2008-12-30,10.471619606018066,10.554345292362251,10.085569471132288,10.347532391381968,14039300
2008-12-31,11.057589530944824,11.085163881870013,10.361319090482219,10.450938032029285,15006200
2009-01-02,11.712496757507324,11.746966342536968,10.857670771975513,11.03690866948899,20238000
2009-01-05,12.146807670593262,12.656945835629038,11.56773163138928,11.581518154318454,25421400
2009-01-06,13.497978210449219,13.739260005195675,12.40876449105207,12.457020587025362,38858500
2009-01-07,12.477706909179688,13.360107421641848,12.243318944336806,13.146401211889978,30848100
2009-01-08,12.9740571975708,13.084357261629686,12.167487157339904,12.339831171791971,21116300
2009-01-09,13.139508247375488,13.7737343191889,12.884439823805643,13.077464292478915,35802100
2009-01-12,12.953375816345215,14.442427887846518,12.457024249257858,13.84267018257609,49187500
2009-01-13,13.00163459777832,13.497984951963803,12.312258448413713,12.59490256446275,31384000
2009-01-14,11.850373268127441,12.725879748920232,11.691815796044057,12.581111426660117,39491900
2009-01-15,11.209254264831543,12.133018238622315,10.609497205155492,11.788330227950548,41782400
2009-01-16,10.747369766235352,11.857265321973403,9.685730967772901,11.7056017911987,42343900
2009-01-20,9.030826568603516,10.368215823827306,9.030826568603516,10.31306579211335,32971800
2009-01-21,11.622876167297363,11.705600525245979,9.534067063335394,9.603004904879214,46571000
2009-01-22,12.119229316711426,12.856861383074499,10.795627421734602,11.216147177836287,45770900
2009-01-23,12.898221015930176,13.09124671970817,11.250613219882407,11.553938950139246,39107000
2009-01-26,13.153297424316406,14.270087411280945,12.718991010701743,13.04989126058727,38061400
2009-01-27,13.6427583694458,13.773738927040592,13.173982248905869,13.484200812288341,26110500
2009-01-28,16.074966430664062,16.36850934924239,14.516393918409923,14.726066860365277,61525400
2009-01-29,14.94272232055664,15.872274253503887,14.865842987576572,15.20132007621901,40229200
2009-01-30,14.138975143432617,15.564754821627924,13.943280834473066,14.677137159206385,42330500
2009-02-02,14.537359237670898,14.9567064207527,13.475014729083062,13.698666204575238,31263900
2009-02-03,14.635207176208496,15.152401525991191,14.222849284761718,14.79595650119476,28454000
2009-02-04,15.383042335510254,16.27066026393989,14.663163007772626,14.809935116545574,41346500
2009-02-05,16.20775604248047,17.08139530882488,15.040573929321628,15.152399648768295,54825900
2009-02-06,15.984098434448242,17.01848660663673,15.557762210436993,16.606128925428163,46982500
2009-02-09,16.501296997070312,16.73892695691208,15.103474331209348,15.900232824168473,39662000
2009-02-10,14.530370712280273,16.74591888561506,14.334675012545427,16.27066018580396,45320400
2009-02-11,16.01205825805664,16.10990541641864,14.719072047545321,15.376049062568528,38580200
2009-02-12,16.067974090576172,16.256680502189127,15.20831332620755,15.669594776994021,47102200
2009-02-13,16.026037216186523,16.41043791940051,15.51583225866466,15.963135089032587,36055200
2009-02-17,13.810491561889648,15.417987497509623,13.719632319306346,15.145412435895535,45958500
2009-02-18,14.104031562805176,14.369617295027242,13.153511679566469,14.243813036002397,45579100
2009-02-19,13.929303169250488,14.767995974384931,13.887368862260661,14.509399526035487,35223300
2009-02-20,13.579851150512695,14.027154100144127,12.657288150363895,13.384155443514972,55967800
2009-02-23,13.15351390838623,14.285751098396075,13.125558142236828,14.15295754324979,35410300
2009-02-24,15.424968719482422,15.445936533685812,13.20243107047718,13.391137399106052,49059700
2009-02-25,15.208313941955566,16.01905115089403,14.816923887001655,15.341107496215376,53556300
2009-02-26,14.907780647277832,15.935179962492183,14.788965651662478,15.69056203010859,37805300
2009-02-27,13.656725883483887,14.481440003597868,13.530921650548786,14.194886509942299,51472400
2009-03-02,12.54545783996582,13.321248443813104,12.286860083305088,13.181466989539496,44613200
2009-03-03,12.70621109008789,13.027709735326786,11.720745996717708,12.922873278534444,42542800
2009-03-04,13.558881759643555,14.159946028626337,12.922872451655268,13.174480998311834,46266800
2009-03-05,12.566425323486328,13.279315196052742,12.112133228129615,13.181468036979236,46527200
2009-03-06,12.00729751586914,13.516945964146265,11.671820379155923,12.936849582012627,55553300
2009-03-09,11.518058776855469,12.433633609042618,11.266451596275608,11.643863033679207,44525700
2009-03-10,14.565312385559082,14.62122523925716,12.237937684141741,12.44062127889693,62401400
2009-03-11,15.732498168945312,16.655061144097356,15.229282364244536,15.725508893913203,71167200
2009-03-12,16.899675369262695,17.06042464758429,15.306157132715882,15.718514904457372,56081300
2009-03-13,17.7733154296875,18.059868969865637,16.59914417575389,17.270098416248764,67132800
2009-03-16,16.10291862487793,18.346423485520543,16.01904867382293,18.10879351277696,61403100
2009-03-17,16.641082763671875,16.738931282050974,15.215303969284705,15.620672593804068,60579600
2009-03-18,16.90667152404785,17.298061636296932,15.445946212559557,15.914217025329508,65672100
2009-03-19,14.705096244812012,17.33300189084613,14.684128423265623,17.09537191225778,66302600
2009-03-20,14.145975112915039,15.438962249826865,13.985225713841444,15.054561281073745,57591100
2009-03-23,17.07440757751465,17.25612472130179,14.928749558788843,15.46691038235201,64736900
2009-03-24,17.556652069091797,19.05931106551435,16.45936023165623,16.641077325758918,82414600
2009-03-25,18.108789443969727,18.695874970241384,16.676021988823027,17.996963756400586,74566200
2009-03-26,17.92707633972168,18.507172722393445,17.493752037665374,18.42330410467116,54488400
2009-03-27,17.018495559692383,18.087829318373295,16.92763631674313,17.549668468027672,45526800
2009-03-30,15.46690845489502,16.235711249551454,15.23626774980486,15.893244828845921,44639500
2009-03-31,15.914216995239258,16.186792084835268,15.14541399068831,15.865293397934133,54515100
2009-04-01,16.58517074584961,16.91366002720189,15.383043360893074,15.508847653064757,46279700
2009-04-02,16.151853561401367,17.472796554326504,16.040027770099165,17.437851494445283,67785600
2009-04-03,16.81581687927246,16.885708323161836,15.42498261145439,15.795406330920189,52638500
2009-04-06,16.291622161865234,16.424415683201087,15.83034080676967,16.13087288149777,35212900
2009-04-07,16.298620223999023,17.10236839232892,15.65562142272146,15.662610699515245,45463000
2009-04-08,15.85830020904541,16.620113749847164,15.459920920071006,16.61312447580421,37673700
2009-04-09,17.7174072265625,17.731385776841957,16.249692773917644,16.843767830115315,53190900
2009-04-13,18.793725967407227,19.115225884895246,17.123328250380336,17.172251832090602,45126500
2009-04-14,16.543230056762695,18.150725468103175,16.466349389353965,17.850194737373762,48230500
2009-04-15,16.38947105407715,16.585165371312122,15.390027649109765,16.37549250768392,52402900
2009-04-16,16.75290870666504,17.046451599301864,16.20775857253089,16.480333639597962,40052600
2009-04-17,17.47279167175293,18.094822628685506,16.473347774837748,16.68302207473971,51614300
2009-04-20,16.438392639160156,17.612563732395508,16.431403366811445,16.899673949635844,45375900
2009-04-21,17.228168487548828,17.549668475953666,15.816366914735934,16.11689907789657,50197600
2009-04-22,15.683571815490723,17.158273927859835,15.557767553198037,15.83034256612041,104008800
2009-04-23,15.34809398651123,16.047005399370235,14.78896538945112,15.872277546155486,62367200
2009-04-24,15.34809398651123,15.816364686449473,14.900791108863142,15.620670344012298,53830900
2009-04-27,14.85886287689209,15.571753129625389,14.788971440396386,15.096492961136523,33354300
2009-04-28,14.779638290405273,15.270423779812145,14.506201386546437,14.632403445952939,27676600
2009-04-29,16.17487144470215,16.301073518162884,14.905842009770433,15.039055458121549,47127600
2009-04-30,16.574501037597656,17.14942007920495,16.462321777639268,16.67265889302294,48998400
2009-05-01,18.102943420410156,18.565683158458093,16.609556327124935,16.644611841078024,59562100
2009-05-04,18.944292068481445,19.09152685467556,17.990766963399142,18.39741713986971,45301100
2009-05-05,19.077505111694336,19.47714527505369,18.62177664927822,18.81107967340385,26135900
2009-05-06,19.988962173461914,20.367566861695355,18.804067172507608,19.29485246396532,45925100
2009-05-07,19.028423309326172,20.31848604256342,18.376380572308392,20.15021716483015,42149000
2009-05-08,19.77161979675293,19.77161979675293,17.338728201935137,17.521019887518218,150072600
2009-05-11,18.278228759765625,19.589325941222352,18.243173236040864,19.393011531429163,48442400
2009-05-12,18.523616790771484,18.98635654172248,17.556070403496356,18.67085155821854,41782000
2009-05-13,17.5981388092041,18.474540131004282,17.45090269175488,17.97674348483499,32058300
2009-05-14,18.628782272338867,18.76900698855618,17.422854794541614,17.682268781077035,31546600
2009-05-15,18.320287704467773,18.98635306441798,18.208108472496654,18.64280399934619,28703200
2009-05-18,19.827699661254883,19.848732432530014,18.712917316085086,18.902218943971242,35991500
2009-05-19,20.269405364990234,20.93547076321588,18.972331416345675,19.974934529823805,41899400
2009-05-20,19.631389617919922,20.767206319932356,19.470132095577615,20.683071204594203,36005400
2009-05-21,19.694486618041992,20.08711395617666,19.301859279907326,19.37898167123966,28180900
2009-05-22,19.792646408081055,20.395610923399424,19.694489891552852,19.92585977857093,18412800
2009-05-26,20.346532821655273,20.374576967758106,19.596333525773534,19.673455930518013,23546600
2009-05-27,20.05906867980957,21.19488374945823,20.0520573105794,20.367560902245387,35960500
2009-05-28,20.633991241455078,20.711114979375992,19.92585887106736,20.311474886107575,21050600
2009-05-29,21.257986068725586,21.279020177735532,20.73214537901523,21.096728578162097,29253100
2009-06-01,20.95650291442871,21.94508325952799,20.802256800489932,21.503377688491234,31242100
2009-06-02,21.096725463867188,21.27901703653077,19.77160754934101,19.82068579250393,67635700
2009-06-03,20.837318420410156,21.1528234474437,20.402624091255447,20.956509059813676,27895900
2009-06-04,21.874975204467773,22.07829959415064,20.949494383592675,20.949494383592675,28273400
2009-06-05,21.713714599609375,22.428858265169644,21.69268182768716,22.281623512585963,20837800
2009-06-08,22.0081787109375,22.204492991622438,21.335103469643357,21.503372279966893,17866800
2009-06-09,21.720727920532227,22.267602773430703,21.39120153708952,22.17645629597321,28935100
2009-06-10,20.514802932739258,21.874978200486407,20.073095904075537,21.853944086694025,54484000
2009-06-11,20.676063537597656,21.138803411650226,20.332514318212116,20.739164551085057,29085000
2009-06-12,20.823293685913086,20.97052845013584,20.262396098331674,20.549855593770317,15945200
2009-06-15,19.911836624145508,20.64801449469026,19.736556369818025,20.542845272268,23275200
2009-06-16,19.701499938964844,20.248373451210195,19.498174211491566,20.136194200632577,24482200
2009-06-17,19.266799926757812,19.722528195000443,18.958307726973725,19.60333760140328,24421700
2009-06-18,19.652421951293945,20.26239646744586,19.273815972483373,19.30887282456704,23203700
2009-06-19,19.82069206237793,19.89080443362437,19.37898505962293,19.82069206237793,32327600
2009-06-22,18.670848846435547,19.659430538737368,18.670848846435547,19.52621719424135,27695300
2009-06-23,19.42105484008789,19.533234108153245,18.320293599112777,18.77602338007093,31675700
2009-06-24,19.385984420776367,19.96090310172457,19.112547813320862,19.617354166457506,22642900
2009-06-25,19.540245056152344,19.904827000823477,19.014404247009498,19.217728664491254,22530800
2009-06-26,20.066085815429688,20.206309228483253,19.4841553749157,19.498176780123426,30089800
2009-06-29,20.40262222290039,20.53583559292479,19.841724597013688,20.17125233669077,18546300
2009-06-30,19.988962173461914,20.45871335107464,19.77161501285971,20.241366190472434,17694900
2009-07-01,19.8837890625,20.26940502085284,19.582306862890842,20.038035178384742,13111500
2009-07-02,18.923250198364258,19.666437870622957,18.867160587953823,19.54724728134056,19930300
2009-07-06,18.825098037719727,18.84613081065277,18.4044251943915,18.64981779777314,22724600
2009-07-07,18.334314346313477,19.1546259905547,18.313281571642044,18.860155109614716,19928100
2009-07-08,17.878583908081055,18.509592484439267,17.422855566115793,18.467525602623937,33320100
2009-07-09,18.14501190185547,18.57269616359794,18.025821271728006,18.208112902351317,20602200
2009-07-10,18.18707847595215,18.334313238887788,17.766405623264117,17.983752751194782,17073400
2009-07-13,19.568288803100586,19.589322916457096,18.4394834613317,18.712921585837105,31765500
2009-07-14,19.54725456237793,19.883793687477734,19.1406044011112,19.610355564754002,21765200
2009-07-15,20.19228172302246,20.563876287662932,19.596330017874287,19.953900506050385,31602500
2009-07-16,20.024017333984375,20.12918522676123,19.575300278252566,19.995973186642292,21801000
2009-07-17,19.624380111694336,20.038041682077402,19.294853664644442,20.017007566923507,22092800
2009-07-20,19.869768142700195,20.192283142880655,19.67345379218898,19.946891876344264,19654500
2009-07-21,19.32289695739746,19.91183878276694,19.021414673305664,19.90482741135988,25383700
2009-07-22,19.308874130249023,19.624377796643614,18.14501197073123,18.474539716189774,50806600
2009-07-23,20.009990692138672,20.101135818749736,19.042443122331,19.322891208767295,31300100
2009-07-24,19.806665420532227,19.90482191857985,19.30887022353987,19.82068815947674,14741200
2009-07-27,19.666439056396484,20.108145935132615,19.50518158390381,19.86275337331053,15635200
2009-07-28,19.23175048828125,19.575299640035407,19.16864948721597,19.37898526591206,18936100
2009-07-29,19.077220916748047,19.105317614342837,18.57149241756032,18.86650104368423,22644200
2009-07-30,19.920103073120117,20.13082294602175,19.266869591511067,19.32306164693312,24374900
2009-07-31,20.018442153930664,20.25023458843983,19.800698070537088,19.948201738077238,20850300
2009-08-03,20.587383270263672,20.615479967436244,20.20808723650375,20.320471345745524,17579900
2009-08-04,21.121206283569336,21.142278804278327,20.397733822307607,20.49606957283465,20979900
2009-08-05,21.809560775756836,21.964089925887652,20.734887597533984,21.02287203585605,27668600
2009-08-06,21.458356857299805,22.476839167988906,21.233588679975757,22.25207099066486,25779800
2009-08-07,21.928972244262695,22.420653782990208,21.458363230814733,21.72527652545804,21656400
2009-08-10,21.65503692626953,22.027310181821232,21.33895573384597,21.89385352949523,14104800
2009-08-11,20.994766235351562,21.598831546334598,20.994766235351562,21.45835080526573,17328200
2009-08-12,21.057987213134766,21.233587509454548,20.798099524826892,20.91048360729364,17797500
2009-08-13,20.987741470336914,21.374062827480927,20.587373111262476,21.367038656653914,17862900
2009-08-14,20.92452621459961,21.01583775416787,20.552253206185927,20.98071824042398,12448700
2009-08-17,20.046527862548828,20.51011247733511,20.02545534743172,20.31343968874672,17527800
2009-08-18,20.21510887145996,20.397733360968388,20.02546020854074,20.264276745611443,12071000
2009-08-19,20.25023078918457,20.369639071815214,19.737478127186492,19.842838061337236,12720500
2009-08-20,20.622507095336914,20.68572333330493,20.172969254261613,20.22916131693047,12759800
2009-08-21,20.854293823242188,21.03691831194815,20.3696365778196,20.97370209125285,24292800
2009-08-24,20.826190948486328,21.41620794004203,20.755950575258517,21.01583955428431,16284300
2009-08-25,21.205495834350586,21.458359393868854,21.015847159918756,21.022871333755955,15308300
2009-08-26,20.741910934448242,21.142279462311276,20.622502659495744,21.142279462311276,15137800
2009-08-27,20.95964813232422,20.95964813232422,20.510111874169404,20.777023692517893,14029900
2009-08-28,20.727859497070312,21.212516698423094,20.587378721693753,21.16334748923452,14227800
2009-08-31,20.341541290283203,20.362613811879505,19.814740307893246,20.116773085486024,19548500
2009-09-01,19.280914306640625,20.250227414926588,19.266865960501576,20.250227414926588,30633700
2009-09-02,19.028057098388672,19.64616984048112,18.97186503092572,19.26687372003735,20699700
2009-09-03,19.4213924407959,19.442464958585205,19.098288539703507,19.273888835442573,13078500
2009-09-04,19.4213924407959,19.702352646033617,19.217696794395028,19.50568117222918,17888300
2009-09-08,19.526756286621094,19.807717888220758,19.46354006023359,19.78664536618352,14565500
2009-09-09,20.05356216430664,20.26428341682994,19.597001460092958,19.990345922522103,25821800
2009-09-10,20.116777420043945,20.201066184866658,19.751529678410762,20.081657882873753,23204400
2009-09-11,20.24319839477539,20.643566785804914,20.025454440653384,20.334511283091,22971700
2009-09-14,20.19403648376465,20.21510900413534,19.646163011643573,20.046532860342108,20470200
2009-09-15,20.187015533447266,20.741913267622426,20.039511886473704,20.264280114085405,23185200
2009-09-16,21.17739486694336,21.198467384204054,20.123793118938973,20.264273887895786,34744300
2009-09-17,21.809560775756836,21.914922047109382,21.065015740562536,21.107159445269026,33722800
2009-09-18,22.041351318359375,22.153736754387197,21.669079501749845,21.7322957233862,24929000
2009-09-21,22.20290184020996,22.434694177187104,21.70419630324463,21.732292993653466,21618800
2009-09-22,23.16520118713379,23.16520118713379,22.371488080287712,22.434704322571196,25295300
2009-09-23,22.497920989990234,23.41104515670416,22.406609377153632,23.284612662219132,21635200
2009-09-24,21.584789276123047,22.62434276534529,21.521573058831585,22.40659876118804,21999200
2009-09-25,21.458356857299805,21.72527007266512,21.0720367199896,21.605861810996217,17135800
2009-09-28,21.950037002563477,21.964085347778862,21.563716887207935,21.676100969483144,15414900
2009-09-29,21.83765983581543,22.16076383974591,21.74634690272248,21.90790024441208,12583000
2009-09-30,21.690153121948242,22.01325843995383,21.465384904061356,21.739322341869723,15944900
2009-10-01,20.980735778808594,21.69718437203786,20.896446999750903,21.542656506777565,18988600
2009-10-02,20.692745208740234,21.001802208940983,20.19404084315948,20.566314078395028,19867900
2009-10-05,20.95964813232422,21.043935510866383,20.63654294198265,21.0017918215953,15973700
2009-10-06,21.626934051513672,21.907894269550635,21.072036448632172,21.107155973490293,19452500
2009-10-07,21.886823654174805,21.90087200122936,21.437287266222025,21.4443114397493,10727200
2009-10-08,22.434701919555664,22.547084700803257,22.048380331455586,22.188861152532777,18940500
2009-10-09,22.540054321289062,22.645415571694482,22.37147819625392,22.441718583282885,11635400
2009-10-12,22.308277130126953,22.596260367022516,22.090532988231605,22.40661293490714,11137800
2009-10-13,21.87277603149414,22.111592580434113,21.788488625823653,22.055400530079073,14181500
2009-10-14,23.059829711914062,23.144117094812007,22.294211055627674,22.51898053604438,23639100
2009-10-15,22.975543975830078,22.996617835108434,22.413623518289,22.469815564043106,16682300
2009-10-16,23.172218322753906,23.221386195699232,22.266120070850413,22.287191250841804,28616000
2009-10-19,23.256513595581055,23.523426910109787,22.877216150637437,23.27056194681404,17683600
2009-10-20,22.842090606689453,23.57961143609541,22.6032740574158,23.207339604369654,15467800
2009-10-21,23.937835693359375,24.584043552020244,23.586635071187658,23.663896957329026,48856600
2009-10-22,25.103822708129883,25.103822708129883,23.649849606065292,23.987004575451547,29312800
2009-10-23,24.58403968811035,25.1248888827825,24.415462237006327,25.06869550593193,27242900
2009-10-26,24.443565368652344,25.13191833983265,24.274990552560393,24.605117350510625,23857700
2009-10-27,23.958904266357422,24.584040877091823,23.727110594809893,24.373321062606312,16450100
2009-10-28,22.7278995513916,24.05738622593041,22.615350485911634,23.92373236584825,25572500
2009-10-29,23.68457794189453,23.761955968957523,23.023352163744743,23.25548624493372,17561000
2009-10-30,22.594253540039062,23.55092227063444,22.298813146792895,23.311755087985595,21658800
2009-11-02,22.495769500732422,22.931896869776303,21.750131477028066,22.601285441921647,20535800
2009-11-03,22.608320236206055,22.720869329445993,21.982265737347525,22.04557477000637,14666300
2009-11-04,22.14405632019043,23.086656043171942,22.017438246701705,23.03038283461152,20014400
2009-11-05,22.80528450012207,22.840458278210175,21.982269613804828,22.36212387674318,14849800
2009-11-06,22.931903839111328,22.94597281443778,22.376192730629874,22.460605240897245,13185200
2009-11-09,23.88153839111328,23.958916409968126,23.086658765671515,23.11479671496101,15284700
2009-11-10,23.705673217773438,23.881531323716295,23.49464402731836,23.783051213729376,10168300
2009-11-11,23.740842819213867,24.23324602177017,23.494642559626502,23.909667771060615,12927000
2009-11-12,23.220304489135742,23.740845693927675,23.171064431255928,23.663467693435994,12712800
2009-11-13,23.276582717895508,23.353960726177775,23.002244458263597,23.304720663340365,10350000
2009-11-16,24.0784912109375,24.303589368763074,23.375058796887153,23.445403648321214,22738800
2009-11-17,23.54388999938965,24.008155408423242,23.382100823266985,23.987050605706433,14252100
2009-11-18,23.445404052734375,23.677535358016566,23.121823097319623,23.53684833610343,10918800
2009-11-19,22.7278995513916,23.276575910183773,22.629416771137915,23.220300035753098,12113700
2009-11-20,22.580183029174805,23.072586334442178,22.55204776748289,22.805281223002954,11891700
2009-11-23,22.94597053527832,23.234377792367194,22.812319308026247,22.896730468217957,9534600
2009-11-24,22.594253540039062,22.9670746291984,22.52391135594683,22.960038800759786,9689400
2009-11-25,22.101850509643555,22.64349254696346,21.996335896747006,22.64349254696346,15018400
2009-11-27,21.46171760559082,21.778261305658933,21.095932522156527,21.3421340722254,11230300
2009-11-30,22.214387893676758,22.27769689636541,21.475784651229684,21.5953681738982,15312500
2009-12-01,22.17218589782715,22.488729620386376,22.087773433463656,22.348043968701365,11797300
2009-12-02,21.525039672851562,22.101854239609086,21.46876511369696,22.052614168060224,17240500
2009-12-03,21.243661880493164,22.017436551451564,21.215523936688346,21.74309830780962,14732500
2009-12-04,21.78530502319336,21.83454642743163,21.285868569710615,21.700893870738483,16323300
2009-12-07,21.370283126831055,21.93303004684715,21.257734011166093,21.65869174512522,10393800
2009-12-08,21.20848274230957,21.510958834080512,21.03965915795405,21.166277181643334,14017900
2009-12-09,21.34917640686035,21.475794470128406,20.98339118890619,21.32103846316034,11713800
2009-12-10,21.264768600463867,21.433592274769968,21.039670368055734,21.4054556665646,11937000
2009-12-11,20.94822120666504,21.349177533716563,20.877877685393123,21.243662922654227,10847300
2009-12-14,21.222558975219727,21.33510806998747,20.800499198995166,21.095940908183255,14433400
2009-12-15,20.99745750427246,21.201452203525253,20.842701516883274,21.067801012932016,15755400
2009-12-16,21.34214210510254,21.41952010925429,21.07483700440977,21.16628398053293,13069200
2009-12-17,20.483959197998047,21.243666400383493,20.43471778586281,21.09594484736036,23281100
2009-12-18,20.547264099121094,20.645745568267987,20.26589134803949,20.56836755858638,19833000
2009-12-21,20.863801956176758,20.948214422704773,20.63870383435623,20.687943880793142,9592000
2009-12-22,20.82160186767578,21.081871136320544,20.666845861971442,20.983391017556688,9659400
2009-12-23,20.687942504882812,20.927109578833292,20.61056452751926,20.87083505212086,7246600
2009-12-24,20.82160186767578,20.84270398358747,20.71608726304436,20.75125835069117,2652800
2009-12-28,20.60354232788086,20.898982743757042,20.57540437873574,20.828640554276767,8606900
2009-12-29,20.70201873779297,20.842704433105386,20.505057154326362,20.75829328425614,7715000
2009-12-30,20.74422836303711,20.786433945703408,20.540233595407262,20.56133571589477,6140900
2009-12-31,20.82160186767578,20.94118544404232,20.7090527771768,20.74422386482361,9876900
2010-01-04,21.743101119995117,22.488739285278243,21.546139512960007,21.595380920987168,20371000
2010-01-05,22.537982940673828,22.6012919870447,21.757172263227275,21.813446822035683,22523400
2010-01-06,22.826387405395508,22.924867535734485,22.362122017095835,22.488738752521172,17028500
2010-01-07,23.156991958618164,23.40319489417332,22.699762535526865,22.833413717652352,18693000
2010-01-08,22.685697555541992,23.086653855806595,22.49577046330371,22.93189785100904,15993400
2010-01-11,22.537982940673828,22.833423368149482,22.341021313998745,22.78418329690354,10088500
2010-01-12,21.897855758666992,22.411362564885472,21.799375626207283,22.24957205081301,14813400
2010-01-13,21.989294052124023,22.509833797692792,21.60240547871179,21.869710506406154,18715500
2010-01-14,21.947093963623047,22.017436138433553,21.349176085896882,21.876750447121562,24690000
2010-01-15,21.370283126831055,21.8697210015742,21.08891033766865,21.785308493979834,27908700
2010-01-19,21.918954849243164,21.989298361986286,21.335105974349823,21.440620572619046,16979500
2010-01-20,21.546131134033203,21.97522527384989,21.349170945283763,21.637578085973146,21198800
2010-01-21,20.638708114624023,21.489860731990003,19.864932154124368,21.306969476348936,56774400
2010-01-22,19.555421829223633,20.526159374273508,19.288118085069733,20.153339687886103,46713700
2010-01-25,19.513219833374023,20.06189773511443,19.24591604023353,19.8508671536645,21100900
2010-01-26,19.22481346130371,19.900109474547467,19.140400956514025,19.47101514677478,24376400
2010-01-27,19.696975708007812,19.809731093400863,18.96406435880277,19.267094961102924,31041900
2010-01-28,19.372793197631836,19.90838168023886,19.112047004455107,19.873146144128345,25480700
2010-01-29,18.87244987487793,19.62650196931177,18.78083529015879,19.61240721102419,21166100
2010-02-01,19.422138214111328,19.73221627479164,18.971116557958556,18.99225870214718,19559900
2010-02-02,19.774497985839844,19.88020601188966,19.386901442273697,19.450326526733683,20992500
2010-02-03,19.654678344726562,20.035228525178955,19.513734878897374,19.84495343495276,18498800
2010-02-04,18.766742706298828,19.485559332450265,18.675129455114956,19.457371156759184,29785300
2010-02-05,19.21071434020996,19.2318564758049,18.42847279714754,18.73150335325821,25551300
2010-02-08,18.745595932006836,19.408034651353244,18.597603688339618,19.09090937503053,14517500
2010-02-09,19.119104385375977,19.23890716107551,18.738555261721803,18.92883049562406,19517300
2010-02-10,19.386898040771484,19.556031121606267,19.048631879101922,19.083867433552825,13858300
2010-02-11,19.112058639526367,19.400994512810012,18.942924199611216,19.309379912510106,18823500
2010-02-12,19.140241622924805,19.23890223264452,18.639889851746243,18.75264521832592,16628700
2010-02-16,19.605361938476562,19.68288177323763,19.281190527930782,19.34461560288979,15765300
2010-02-17,19.302330017089844,19.70402123520998,19.189574634605254,19.64059750869381,16590200
2010-02-18,19.21071434020996,19.372800013987757,19.02748653083723,19.189572204615025,12147400
2010-02-19,19.316423416137695,19.379848482339177,18.971109913568572,19.097960045971536,12358500
2010-02-22,19.5278377532959,19.640594462442134,19.245949340805247,19.393941597456575,14503100
2010-02-23,19.13319206237793,20.02818885866207,19.0979565183966,19.478505501164364,20896400
2010-02-24,19.612403869628906,19.718111850475864,19.090909999187325,19.217760113863637,17933600
2010-02-25,19.54898452758789,19.61240960346886,19.097962960567934,19.245953908189996,15301300
2010-02-26,19.85906219482422,20.021147899742164,19.45032357051142,19.541936820723652,18672100
2010-03-01,19.86610221862793,20.183226131152598,19.809724544569114,19.943620680365193,9220800
2010-03-02,20.225515365600586,20.380553671328393,19.964767718901438,20.000003269791815,13052300
2010-03-03,19.957717895507812,20.331220872290316,19.936577105222916,20.183228619546327,17662800
2010-03-04,20.577877044677734,20.63425473476657,20.007051420359335,20.007051420359335,20645400
2010-03-05,20.725860595703125,20.96546602928406,20.627200009222626,20.81042777279332,18016100
2010-03-08,20.845670700073242,20.958426080053545,20.669490250835253,20.80338776861817,11056900
2010-03-09,20.4721622467041,20.79633488648153,20.408737194229165,20.754051966214842,20072800
2010-03-10,21.120508193969727,21.35306629381384,20.31712591162641,20.591966935764926,29179500
2010-03-11,21.155750274658203,21.226222728538428,20.88090783894035,21.092325200581026,14993600
2010-03-12,21.078231811523438,21.698387833012887,21.02185411358352,21.247364905343193,19440400
2010-03-15,20.88795280456543,21.141653071552085,20.634253881728874,20.97956738726621,17780600
2010-03-16,21.360118865966797,21.437638699481752,20.817484063812866,20.958427627117032,16673100
2010-03-17,21.33896827697754,21.61380924180681,21.183928681104913,21.515148658360328,18425700
2010-03-18,21.19802474975586,21.395347273044244,20.930231144860652,21.28259192949366,16285100
2010-03-19,20.880901336669922,21.289639828914577,20.78928811605898,20.880901336669922,24666000
2010-03-22,20.859766006469727,20.958426630506178,20.493310339834064,20.648348655341373,12571400
2010-03-23,20.8104305267334,20.958421426038463,20.683580416386285,20.880901615459702,12139800
2010-03-24,20.697675704956055,20.916139042764815,20.62015589238041,20.73291125022686,12954600
2010-03-25,20.373502731323242,20.99365853414031,20.34531456436785,20.81747812218203,21705900
2010-03-26,20.331226348876953,20.59197268972704,20.140951120159123,20.493312057421633,18225900
2010-03-29,20.739965438842773,20.859768213915018,20.436934811062958,20.63425742416734,15036000
2010-03-30,20.584924697875977,20.761105161270947,20.310083605107913,20.65539715206402,14466600
2010-03-31,20.641305923461914,20.79634426378147,20.295990995769948,20.40170036032689,12761400
2010-04-01,20.577877044677734,21.050040703228053,20.500357216749276,20.761103529353836,17770400
2010-04-05,20.641305923461914,20.78224950262049,20.528549178324486,20.634258542881426,11429600
2010-04-06,20.690635681152344,20.873863538815044,20.408745842194115,20.613115841023795,13642100
2010-04-07,21.155750274658203,21.402403191163863,20.613114127175802,20.655397061843836,21879400
2010-04-08,21.761808395385742,21.811140050024875,20.951378601559245,21.071181360239695,20867700
2010-04-09,21.83228302001953,22.163503156293444,21.67019731392607,21.916850235109756,18779900
2010-04-12,21.79704475402832,22.064838437571762,21.670194619241908,21.94503568184572,13093600
2010-04-13,21.479915618896484,21.83932382252259,21.42353794053258,21.726568465794777,13988600
2010-04-14,21.94502830505371,22.163492950038204,21.49400695000125,21.81113218036605,28735600
2010-04-15,21.761808395385742,21.99436653351248,21.656100395173617,21.923895429471163,15022200
2010-04-16,20.5496883392334,21.69838566837136,20.20437480578125,21.670196150138427,60500600
2010-04-19,20.831575393676758,21.064133526788723,20.267798508602333,20.366459127452824,29210000
2010-04-20,21.45878028869629,21.508110601795554,20.74701107818491,21.02185216210952,29167000
2010-04-21,22.325584411621094,22.755465093008564,21.909798487297152,22.114167088118233,44637300
2010-04-22,22.480619430541992,22.621562948186092,21.768850432367344,21.945030837534837,22972300
2010-04-23,22.50881576538086,22.66385408504295,22.283304993454102,22.529956560155103,13899800
2010-04-26,21.804094314575195,22.52290957669836,21.677244167097506,22.466531882724972,17900900
2010-04-27,21.092321395874023,22.008459098610043,20.97251864913316,21.571532382837486,27671000
2010-04-28,21.409975051879883,21.81233836465481,21.14173329216299,21.367621373271778,19166500
2010-04-29,22.101757049560547,22.419412996678123,21.480564843018453,21.635862558054193,18862200
2010-04-30,21.332326889038086,21.93940215580305,21.318209892861585,21.875870960611405,25201500
2010-05-03,21.48056411743164,21.60056732157815,21.035845806489068,21.35350174287662,14632100
2010-05-04,20.81702423095703,21.212328488072103,20.704080157495582,21.212328488072103,20459800
2010-05-05,20.675846099853516,20.894675087512017,20.294658818384207,20.449956592464495,15766700
2010-05-06,19.5111083984375,20.661728088446466,18.572259872591985,20.471134444619263,36393700
2010-05-07,19.588756561279297,19.934647957009613,19.03109401650622,19.645228598410785,32446500
2010-05-10,20.372299194335938,20.774662468003857,19.99111208471431,20.492302394061372,21759900
2010-05-11,20.033470153808594,20.46407020252801,19.892290759067333,20.040529325505556,16373200
2010-05-12,19.62404441833496,19.694634777387783,18.9604985438761,19.299330651650724,44435100
2010-05-13,19.496986389160156,20.019352972327606,19.489927217528248,19.814641034200182,18748800
2010-05-14,19.115798950195312,19.235802173574502,18.889910846516674,19.200507662274454,25318000
2010-05-17,19.136972427368164,19.242857285328423,18.713431649128115,19.087559583413313,19187500
2010-05-18,18.868732452392578,19.36992283716759,18.678138868897886,19.36992283716759,19700400
2010-05-19,19.087560653686523,19.23579919386308,18.642842340358676,18.769904715595203,23831500
2010-05-20,18.099294662475586,18.769900908471037,18.099294662475586,18.635779389992184,26155600
2010-05-21,19.136972427368164,19.249916455378976,17.66163954677805,17.70399322068235,32435700
2010-05-24,18.176950454711914,19.278155619830816,18.148713768898958,19.278155619830816,22723700
2010-05-25,18.431079864501953,18.459315210997904,17.478113021670403,17.541644234285812,26927700
2010-05-26,18.727548599243164,19.115793498414344,18.706371090663332,18.76990227000391,29530500
2010-05-27,19.525218963623047,19.55345564615108,18.861671734604723,19.066383643735563,18211000
2010-05-28,19.136972427368164,19.58874853941141,18.939319705149735,19.46168617129949,15335300
2010-06-01,18.445194244384766,19.20756734107393,18.409899729678557,18.911090186183163,13915400
2010-06-02,19.18638801574707,19.207564182528753,18.473427895447507,18.621666448516134,13005800
2010-06-03,18.953439712524414,19.334625503992843,18.755786972919108,19.27109431434825,10481400
2010-06-04,18.34636116027832,18.812255568627144,18.311066659742366,18.52989552514284,17110300
2010-06-07,17.85223960876465,18.60049440378712,17.809884573016568,18.466372816717215,14704700
2010-06-08,18.064001083374023,18.127532261340313,17.485162658702382,17.965175404937078,18291700
2010-06-09,17.739290237426758,18.26165812397248,17.60517002666427,18.176949417765304,16158600
2010-06-10,18.064001083374023,18.14870842306315,17.64751951510562,17.986351566659913,20947000
2010-06-11,18.353422164916992,18.402835009167923,17.79575984517298,17.823996525544384,11360000
2010-06-14,17.880468368530273,18.52989720045948,17.859290858454674,18.52283803043428,15658900
2010-06-15,18.318134307861328,18.3534288247337,17.760471785761112,18.021655788375032,17954700
2010-06-16,18.191068649291992,18.261659016849517,17.965180550227323,18.191068649291992,15134900
2010-06-17,17.873411178588867,18.275774489807468,17.781644650893057,18.254598323784908,18418900
2010-06-18,18.141653060913086,18.184006736502713,17.788702622735002,17.94400033082969,15779800
2010-06-21,18.078121185302734,18.4593069438791,18.02164917120257,18.36754042586596,15209500
2010-06-22,17.77458953857422,18.296956179990048,17.753412021317015,18.07812722059681,16182500
2010-06-23,17.668704986572266,17.936946811683857,17.598114607416743,17.746353191883795,16133900
2010-06-24,17.125160217285156,17.612232335350576,17.075747357527693,17.562818129193662,23822700
2010-06-25,17.654582977294922,17.809880702085806,17.223982965575782,17.40045820363783,22664600
2010-06-28,17.308692932128906,17.68281960235693,17.23104339088189,17.654584262339398,12874600
2010-06-29,16.553380966186523,16.969862713655402,16.426318555582533,16.955744368832853,22892300
2010-06-30,16.383956909179688,16.80043848857261,16.33454406864136,16.567491278606987,19768000
2010-07-01,16.299253463745117,16.496906219548425,15.812181418686508,16.383960825947074,21812500
2010-07-02,16.11572265625,16.47573239215671,15.981601065288782,16.454554873668243,11922300
2010-07-06,16.214540481567383,16.53219637210003,16.031006116637286,16.412193185276465,12214600
2010-07-07,16.90633773803711,16.962809791736774,16.27808462592836,16.299262150965724,15838800
2010-07-08,17.082801818847656,17.259277038685344,16.842795412156477,17.139273835339754,14913200
2010-07-09,17.43575096130371,17.463986294249512,16.969856523306674,17.019269365761062,10201600
2010-07-12,17.336929321289062,17.414578867235033,17.075746688124358,17.379284353477445,7885800
2010-07-13,18.113420486450195,18.18401085937061,17.591053881078135,17.591053881078135,17831200
2010-07-14,18.02871322631836,18.085185255720166,17.711057219433584,17.965182024941402,13316900
2010-07-15,18.064001083374023,18.14870842306315,17.4992809974502,18.042823575252296,14313900
2010-07-16,17.4639892578125,17.90164843713259,17.29457319219159,17.767526880283,16981200
2010-07-19,17.492229461669922,17.640468044016533,17.19575095057723,17.471051944306346,8964200
2010-07-20,17.802824020385742,17.84517905285062,16.948684395001692,17.03339176713265,15097200
2010-07-21,18.91814613342285,19.687578325928115,18.84049793949982,19.151093407990544,62655900
2010-07-22,18.911087036132812,19.278154505692402,18.66402143514519,19.129915952939353,24957500
2010-07-23,18.981678009033203,19.165212435917937,18.664023357670636,18.84755778455537,14624200
2010-07-26,19.059326171875,19.20050690430044,18.826378905852497,19.045207829352606,12095500
2010-07-27,19.059326171875,19.405217485278154,19.045207829352606,19.264038099251962,19293500
2010-07-28,19.101755142211914,19.34927907889691,19.052250624654302,19.052250624654302,11282200
2010-07-29,19.087615966796875,19.4200044986252,18.92495783519348,19.193697298325294,14785300
2010-07-30,19.087615966796875,19.31392316709678,18.818876503665066,18.896668760707335,16038300
2010-08-02,19.575590133666992,19.589734669770706,19.17955256504346,19.398787479062193,15048700
2010-08-03,19.441219329833984,19.547300650587662,19.36342573179594,19.490723856259223,10296000
2010-08-04,19.7099609375,19.837257718381018,19.420003336951073,19.504869206435654,11218200
2010-08-05,19.688751220703125,19.70996803293647,19.412939406158277,19.504876228040654,6751400
2010-08-06,19.55437660217285,19.625097945630287,19.21491577225409,19.490727527950906,8836100
2010-08-09,19.412931442260742,19.68167087581436,19.306848773510758,19.660454072284928,7785900
2010-08-10,19.328067779541016,19.519014986373488,19.158337378655702,19.200769641652702,9709700
2010-08-11,18.69157600402832,19.144190347426676,18.66328693311735,18.981532236380037,11998700
2010-08-12,18.47234344482422,18.69865064524946,18.408694376092456,18.465271176198765,10035200
2010-08-13,18.316761016845703,18.514780543385353,18.281401013380396,18.42284237613929,8966100
2010-08-16,18.17530632019043,18.45819018707462,18.076295955108453,18.22481082828308,7950600
2010-08-17,18.52892303466797,18.769374808546836,18.267254451718316,18.37333579927722,8935800
2010-08-18,18.571352005004883,18.78351466243535,18.387477072413077,18.486486132694328,8818800
2010-08-19,18.380403518676758,18.677432027647217,18.18238406306406,18.493557107913393,11616300
2010-08-20,18.330902099609375,18.394551172957467,17.998513543489562,18.337974368747766,10812100
2010-08-23,18.189453125,18.507698381696077,18.08337182240029,18.465266130435584,9360700
2010-08-24,17.772199630737305,17.977291327353633,17.729767377570724,17.89949773913406,11819500
2010-08-25,17.750993728637695,17.842930551443473,17.53175872894874,17.602478739308076,9630800
2010-08-26,17.418594360351562,17.807560952256818,17.270080799932888,17.807560952256818,15006000
2010-08-27,17.70148277282715,17.722698228694586,17.248867046794622,17.54589556901396,11782600
2010-08-30,17.27714729309082,17.71561690970653,17.270075028449074,17.595391108589983,8095700
2010-08-31,17.461029052734375,17.545893564302396,17.14278376211157,17.24886507602014,13682700
2010-09-01,17.970230102539062,17.984374645251677,17.545903263445425,17.71563372930331,10319100
2010-09-02,18.161169052124023,18.168241320236355,17.80756373989076,17.906572795668964,6628300
2010-09-03,18.854236602783203,18.960317934901873,18.3874776623432,18.41576673698675,13011700
2010-09-07,18.154102325439453,18.71987045815102,18.139957784897256,18.670365915150963,12068100
2010-09-08,18.366260528564453,18.550135463773813,18.23189147309774,18.260179198339095,11277300
2010-09-09,19.101755142211914,19.23612551050896,18.670356319672262,18.769366703684423,19300700
2010-09-10,19.229055404663086,19.28563219521466,18.981531440163547,19.11590182355994,8936600
2010-09-13,19.639240264892578,19.660455721304288,19.455365332239854,19.51194213083321,10924300
2010-09-14,19.462432861328125,19.653380015919137,19.26441344002297,19.59680188220599,8461300
2010-09-15,19.26442527770996,19.349291181531495,19.009828915143142,19.306857555171838,10465300
2010-09-16,18.939098358154297,19.158333243364208,18.889592488296678,19.15126097624169,10770600
2010-09-17,18.719867706298828,19.09468988218177,18.67036317057602,19.066400805255917,11766300
2010-09-20,18.981534957885742,19.0522562964058,18.514776012109646,18.762300022481174,14972700
2010-09-21,18.429912567138672,19.130051078155915,18.394552567663087,19.0098251914824,16588600
2010-09-22,17.644908905029297,18.394551928836943,17.574187559636695,18.23189377866219,26778100
2010-09-23,17.49639129638672,17.913645687256064,17.439814498416162,17.51760810146215,17621800
2010-09-24,17.786346435546875,17.84292322995783,17.503462463492095,17.687337382552,15267700
2010-09-27,17.58833122253418,17.807566168324854,17.5388253389967,17.75098936460799,14496200
2010-09-28,17.32666015625,17.673193197507334,17.220578833236072,17.666120929453445,19458800
2010-09-29,17.312515258789062,17.40445339267345,17.100352617189547,17.277155268154868,18195900
2010-09-30,17.453956604003906,17.821706414037983,17.369090744420244,17.4610288713773,21464700
2010-10-01,17.69441032409668,17.8217084535919,17.453958601471758,17.630761259349068,16292200
2010-10-04,17.475173950195312,17.835851531925773,17.36202035775798,17.6519766069908,11955800
2010-10-05,18.012657165527344,18.27432573434329,17.510538184717685,17.70148540934845,19234700
2010-10-06,17.949003219604492,18.281393042400833,17.87828324350892,18.040941346764065,15158700
2010-10-07,17.729768753051758,18.161167631887263,17.687336496593268,18.111663107869507,11649500
2010-10-08,17.906570434570312,17.97729175747134,17.68026328040466,17.736840068946073,10721000
2010-10-11,17.786346435546875,17.927789096022856,17.715625105308884,17.878284569525416,7125900
2010-10-12,18.337970733642578,18.429907516422336,17.72269692954154,17.743913732750936,15289400
2010-10-13,18.345043182373047,18.550133553165402,18.161168266102255,18.51477356303136,16049600
2010-10-14,17.991439819335938,18.316756080008176,17.701483552598575,18.26725154894043,15552800
2010-10-15,17.69441032409668,18.111664704598912,17.588328999149738,18.111664704598912,21583300
2010-10-18,17.963150024414062,18.104592692273698,17.55296790629782,17.630761508510343,15728300
2010-10-19,17.956077575683594,18.429908754685233,17.821708526354243,17.899500778887752,19796200
2010-10-20,17.949003219604492,18.21067171740818,17.156928156598617,17.68026380330891,41015300
2010-10-21,17.397377014160156,17.821703545997597,17.32665570070444,17.793414481056566,22775800
2010-10-22,17.340805053710938,17.60247223267151,17.19936238748014,17.404454118625072,11260100
2010-10-25,17.241792678833008,17.531750246383645,17.22057722554919,17.461028921344393,11599700
2010-10-26,17.10742950439453,17.390313552543144,17.0437804249489,17.100357234578624,12126300
2010-10-27,17.29168128967285,17.32002895743546,16.972778137490643,16.994037536621406,11555800
2010-10-28,17.61766815185547,17.702708429756452,17.220809016014726,17.36963152987772,13444700
2010-10-29,17.6247615814209,17.801930469505706,17.55389375584871,17.653107900634968,18086200
2010-11-01,17.490110397338867,17.745233992975034,17.355461682787425,17.681453094065994,10173600
2010-11-02,17.440505981445312,17.695628264148315,17.412158310205335,17.617674871621098,10212600
2010-11-03,18.00035858154297,18.00035858154297,17.468851922530728,17.51845899443459,15553500
2010-11-04,18.68776512145996,18.77989230026455,18.212952696027155,18.269646656450895,20293000
2010-11-05,19.332670211791992,19.389364203839243,18.609820799421,18.758642021660762,26025100
2010-11-08,19.28306007385254,19.33975541255713,18.85076892976022,19.13423886482681,14602200
2010-11-09,18.652345657348633,19.28306664682556,18.581477811502616,19.141332306825255,21825800
2010-11-10,18.815338134765625,18.886205970736484,18.340525390959872,18.503521819200312,45033100
2010-11-11,18.645246505737305,18.942890181673754,18.510599173823582,18.694853559778238,9780500
2010-11-12,18.120834350585938,18.59564704289348,18.057053440298997,18.53186613260654,12560000
2010-11-15,18.425556182861328,18.772806887181595,18.17751957929235,18.241300458829826,15275800
2010-11-16,18.163349151611328,18.390126405597268,18.078308864096226,18.29091093457498,17713200
2010-11-17,17.780668258666992,18.212960742695802,17.73106119034065,18.163352322678225,13718900
2010-11-18,18.120834350585938,18.538953050604132,18.06414035829659,18.08540111228937,11625300
2010-11-19,18.156272888183594,18.312181062954625,18.03579795941317,18.057057366336856,10114700
2010-11-22,17.759403228759766,17.993266031451384,17.497194116006902,17.979093552266217,16677000
2010-11-23,17.475936889648438,17.709799739444076,17.468849972782973,17.546804706611912,12929100
2010-11-24,17.82318878173828,17.83736261632476,17.55389268305146,17.638932987187818,10505600
2010-11-26,17.504283905029297,17.631844348782167,17.490110071826376,17.596411117466,4967600
2010-11-29,17.660192489624023,17.716886472267635,17.305854760178672,17.412155808674044,9638200
2010-11-30,17.33420181274414,17.55389218755963,17.270422262287802,17.397982714891704,11776300
2010-12-01,17.660192489624023,17.794841205286787,17.525543773961264,17.58932467339672,13969000
2010-12-02,18.1491756439209,18.460991816076614,17.716883259839715,17.766490316696718,18415300
2010-12-03,18.17043685913086,18.23421775339136,17.858620655736267,17.964921695606744,10969500
2010-12-06,18.099576950073242,18.283831431623362,18.01453527638803,18.08540311251045,6503200
2010-12-07,18.184612274169922,18.609817822348496,18.170438440502693,18.361781139936728,15843000
2010-12-08,18.758644104003906,18.893292856947372,18.184617201842993,18.19879103935105,15080000
2010-12-09,18.928726196289062,18.928726196289062,18.553128962236364,18.801165713135713,14198800
2010-12-10,19.098804473876953,19.162585374368017,18.794073805239897,18.921635606222033,11224000
2010-12-13,19.091718673706055,19.268887551724173,19.063371004411344,19.240539882429463,9368200
2010-12-14,18.87202262878418,19.169666308607795,18.81532865889829,19.013758229344326,10321700
2010-12-15,18.56730079650879,18.921638587650623,18.475172213864724,18.779902930517327,12583400
2010-12-16,18.43265151977539,18.694860720625297,18.347609857637547,18.560213337136474,13280300
2010-12-17,18.595645904541016,18.79407554125234,18.11374632373588,18.333436713138486,20300600
2010-12-20,18.609817504882812,18.709031635478553,18.531862772734073,18.61690442159553,8966100
2010-12-21,19.03502082824707,19.105887283736067,18.567295193226506,18.7019425400084,13912500
2010-12-22,19.417705535888672,19.438966284329084,19.006673861211365,19.098802419428768,14120200
2010-12-23,19.42479705810547,19.481491049032314,19.28306140494267,19.389363820660453,7201800
2010-12-27,19.495656967163086,19.51691771201056,19.233446520807522,19.311401233557437,5368200
2010-12-28,19.601961135864258,19.67991586113279,19.46731243358889,19.55944099103189,6794200
2010-12-29,19.332670211791992,19.545272344046335,19.29723562195534,19.46023068012976,6921500
2010-12-30,19.368101119995117,19.453142773681357,19.19093224719908,19.325580968997613,6618500
2010-12-31,19.28306007385254,19.375188647556225,19.21928052119242,19.290146991190614,6643200
2011-01-03,20.005903244018555,20.2468529523403,19.47439677301897,19.580697796880717,21176700
2011-01-04,20.175987243652344,20.197247991304582,19.842910307246605,20.168900327768267,12859900
2011-01-05,20.43111228942871,20.43111228942871,20.055513830497578,20.09803532888373,15101100
2011-01-06,20.409847259521484,20.53740902454325,20.25393918654533,20.445281834077978,13200900
2011-01-07,19.984651565551758,20.473636734431977,19.84291591122361,20.43820349669563,17512600
2011-01-10,19.87835121154785,19.949219046065206,19.580707387928165,19.935045208823432,15184900
2011-01-11,19.81456184387207,20.175986429224793,19.701173897685834,20.06259848303856,11189900
2011-01-12,20.346071243286133,20.35315815989245,19.93503954195786,19.998820439723552,13444200
2011-01-13,20.055509567260742,20.374413978911328,20.02007634449548,20.317720011472424,13359700
2011-01-14,20.537424087524414,20.672072866214364,19.991743404347282,19.991743404347282,14752000
2011-01-18,20.374422073364258,20.53741712554525,20.197253185769785,20.516157724116372,12166100
2011-01-19,19.665752410888672,20.197259232804583,19.538190557358174,20.190172312976028,21726100
2011-01-20,20.565765380859375,20.67915336400706,19.552359098746976,20.076778858727867,34556600
2011-01-21,21.267351150512695,21.437433102178275,20.771277777719696,20.79962544550956,35955900
2011-01-24,21.083093643188477,21.253175580964207,20.83505697704804,20.863404642522873,16702600
2011-01-25,20.792539596557617,20.990969226205266,20.45237567575416,20.87757990091285,14148100
2011-01-26,20.558677673339844,20.835060702685674,20.402769540422693,20.657891816860637,15477100
2011-01-27,21.190486907958984,21.211783012877625,20.473488705156875,20.551578033925168,16615800
2011-01-28,20.615461349487305,21.296963532598713,20.55866814687021,21.083994438882517,16786200
2011-01-31,20.87102508544922,20.913618635620825,20.409591122187287,20.58706582759761,13164200
2011-02-01,21.24017906188965,21.346663645735706,20.92072395632653,20.970418025877976,11630100
2011-02-02,21.05560874938965,21.304073723505507,20.998816871365324,21.15499419742592,9230300
2011-02-03,21.162090301513672,21.204685219411942,20.65806262594231,21.062704867801006,8568500
2011-02-04,21.190486907958984,21.197586060940193,20.94202196971667,21.119496732171896,9134800
2011-02-07,21.595125198364258,21.730006372277465,21.21887828335363,21.289868446151353,11387800
2011-02-08,21.751306533813477,21.914584344936216,21.495743795668073,21.580930923708213,13042700
2011-02-09,21.353759765625,21.60932381377738,21.048503009004044,21.573828054853575,16429400
2011-02-10,21.105297088623047,21.438950487468972,20.942020642478177,21.240178278667674,12855900
2011-02-11,21.41055679321289,21.46734866717267,20.970420108530874,21.041408935461785,10002000
2011-02-14,21.28277015686035,21.40345303229921,21.21177999118606,21.28986930883026,7959400
2011-02-15,21.524137496948242,21.616425125346208,21.176287148888346,21.176287148888346,10197300
2011-02-16,21.801000595092773,21.893288235855874,21.580932254390497,21.58803140783574,9820800
2011-02-17,21.786792755126953,21.82938630048888,21.495734379442386,21.495734379442386,6817200
2011-02-18,21.999765396118164,22.03526115135094,21.786796280819964,21.79389543186652,10898000
2011-02-22,20.95622444152832,21.509944943885714,20.885234251629225,21.424757799227002,12648900
2011-02-23,21.048503875732422,21.2685721740229,20.665159141743363,21.02720777352597,10941400
2011-02-24,20.934919357299805,20.991711217739784,20.494782777396146,20.970415116340266,13454200
2011-02-25,21.204683303833008,21.311167880909164,20.991712795655832,21.069802117389948,8519400
2011-02-28,21.06980323791504,21.325367319709002,20.8710310238503,21.275673250674117,12189700
2011-03-01,20.459287643432617,21.1407913435586,20.459287643432617,21.076900329358516,12571400
2011-03-02,20.565773010253906,20.764545212558108,20.34570470507683,20.459288433814987,9040100
2011-03-03,20.807138442993164,20.98461318559057,20.714852172613437,20.792941492644243,9745600
2011-03-04,20.18952751159668,20.643862428687793,19.962360053051125,20.622564971689822,18883700
2011-03-07,20.10434341430664,20.352808383940513,19.912670321672643,20.246323783818898,12366700
2011-03-08,20.445085525512695,20.56576837937544,20.104334416026546,20.18242371970966,10976700
2011-03-09,20.388296127319336,20.530276450369108,20.217920552074432,20.395395278874293,8493500
2011-03-10,19.926860809326172,20.182424832544555,19.84167370426979,20.111434675647825,11351200
2011-03-11,20.11853790283203,20.16113146398984,19.8771721328963,19.9055687430181,7061300
2011-03-14,19.81328010559082,19.99075484774339,19.642904515607334,19.90556772976406,10278600
2011-03-15,19.62870979309082,19.777789307795725,19.153077343168146,19.366047885028717,14819400
2011-03-16,19.245359420776367,19.706793430379676,18.95430098299468,19.6500015731058,18534200
2011-03-17,19.486726760864258,19.58611218078928,19.20276609703598,19.50802286283402,12798300
2011-03-18,19.472532272338867,19.784888251338494,19.351849372772538,19.50092753187062,17690400
2011-03-21,19.728092193603516,19.86297201731301,19.64290372502799,19.74938829522882,7910600
2011-03-22,19.706798553466797,20.01915452668721,19.692600246951088,19.749392118988887,8098200
2011-03-23,19.57191276550293,19.621605472643896,19.23826076468164,19.52931920995706,12971200
2011-03-24,19.600311279296875,19.678399246392683,19.4299356865085,19.628706534415844,10202000
2011-03-25,19.259557723999023,19.664201258809577,19.224063318465976,19.642903803074883,12693600
2011-03-28,19.295053482055664,19.493824319464917,19.2595577225006,19.273756026322626,6422900
2011-03-29,19.330554962158203,19.344753271176508,19.110486588475563,19.273763080110253,8499800
2011-03-30,19.330554962158203,19.429941771261067,19.174377625032665,19.408644307733606,12116600
2011-03-31,19.394437789916992,19.58611081846167,19.20276476137231,19.23116136738991,8633700
2011-04-01,19.351848602294922,19.508025908564136,19.287957578360924,19.451234037736693,11454600
2011-04-04,19.23826026916504,19.593209715629246,19.188567563303998,19.586110564217,9020200
2011-04-05,19.295053482055664,19.33054788758595,19.160172303795974,19.23826162079234,6683100
2011-04-06,19.706798553466797,19.78488788527816,19.245364423906548,19.38734342698853,11984500
2011-04-07,19.607404708862305,20.047541189932172,19.593206408434387,19.735185350640215,10640800
2011-04-08,19.344741821289062,19.756483060939008,19.25245557534359,19.756483060939008,8474400
2011-04-11,19.10338020324707,19.493824075288707,19.07498494998347,19.380240354184785,9806700
2011-04-12,19.032386779785156,19.08207948000523,18.776824128078406,18.862011227305814,13994500
2011-04-13,19.018192291259766,19.408636146914922,18.88331112035038,19.337645985698156,12426900
2011-04-14,19.018192291259766,19.039488391807502,18.712935545844967,18.904607220898118,10711400
2011-04-15,19.15306282043457,19.280844777855737,19.0110839208742,19.10337013788724,13492900
2011-04-18,18.847816467285156,18.940104088482776,18.627748173238558,18.91880663266222,12056000
2011-04-19,18.52836036682129,18.975596049230166,18.457370210591016,18.933002497101846,12442500
2011-04-20,18.48576545715332,19.082079205232112,18.386378704119764,18.76262555669253,22876400
2011-04-21,18.798124313354492,19.437033112583077,18.755530754479206,18.96849990288046,18267800
2011-04-25,18.301198959350586,18.77683140203657,18.279901499281046,18.66324765638246,13031500
2011-04-26,18.350887298583984,18.499965421411634,18.322490691936014,18.34378814692199,10703500
2011-04-27,18.137500762939453,18.436236123889103,18.00947112872553,18.429123215694048,15269500
2011-04-28,18.365121841430664,18.450475445599647,18.059273348411953,18.10906238557323,16088100
2011-04-29,18.59984016418457,18.670967932399773,18.365119478728946,18.45758598440351,11049300
2011-05-02,18.514482498168945,18.84166823670072,18.50025667736784,18.692301188235938,9108300
2011-05-03,18.293983459472656,18.64962078349805,18.22996863261619,18.52159248643384,13251900
2011-05-04,18.06637954711914,18.464693053018497,17.959688599048654,18.336664729323317,10795400
2011-05-05,17.881452560424805,18.06638421799535,17.767648672173603,17.938354504550404,11669400
2011-05-06,17.952577590942383,18.258426002701505,17.92412730154457,18.06638146183194,15247900
2011-05-09,17.83877182006836,17.97391441109928,17.76764406917582,17.88856083869843,7061700
2011-05-10,18.109052658081055,18.265533955560155,17.874332068511187,17.909896616414976,13878700
2011-05-11,17.504470825195312,17.99524939208295,17.483132095772397,17.98813783892414,16484700
2011-05-12,17.433345794677734,17.632503230314406,17.212850982948982,17.49024772533835,22261600
2011-05-13,17.163061141967773,17.454685071931024,17.12038503180326,17.426233427388627,11340700
2011-05-16,16.985244750976562,17.42623580500858,16.949681547095434,17.07771125170632,10277500
2011-05-17,17.21284294128418,17.312420934256174,16.956783694615165,16.992346875919903,15138600
2011-05-18,17.333763122558594,17.447566953464587,17.148831558174184,17.29108566848234,10897900
2011-05-19,17.28397560119629,17.44756982208842,17.163058841397184,17.39777945081322,7977000
2011-05-20,16.949682235717773,17.390673307666134,16.9283434985326,17.24841777306361,12566000
2011-05-23,16.850095748901367,17.077703405121362,16.70072737660159,16.73629192079137,10709200
2011-05-24,16.736299514770508,16.88566659819591,16.594043986761235,16.87144077406513,10429200
2011-05-25,16.757631301879883,16.835871951839064,16.60826426830197,16.6153771779936,10188000
2011-05-26,16.750520706176758,16.807422634921707,16.629603938012618,16.72207042012878,9428700
2011-05-27,17.120386123657227,17.170175148132643,16.750522860912486,16.807424796977127,8655600
2011-05-31,17.184398651123047,17.419119275279527,17.035031597863917,17.262639311391535,11243200
2011-06-01,16.4517879486084,17.106160915191328,16.416224746033468,17.084823536306057,15076000
2011-06-02,16.36643409729004,16.64383084849271,16.252630232353095,16.437561852037902,14299200
2011-06-03,16.444673538208008,16.665168340517468,16.131712254619465,16.131712254619465,13668300
2011-06-06,16.017908096313477,16.38065839068622,15.989456454410224,16.38065839068622,17419600
2011-06-07,15.832978248596191,16.224178871578466,15.832978248596191,16.11748791591504,11712500
2011-06-08,15.598254203796387,15.989454741515472,15.584028384368722,15.804523158902272,13174900
2011-06-09,16.010793685913086,16.117484619757345,15.562689864458841,15.6195917862857,14004600
2011-06-10,16.138822555541992,16.337978593817876,15.712057484502754,15.911214879427401,20402200
2011-06-13,16.615371704101562,16.63670906949812,16.12459195025534,16.20994548178665,17245100
2011-06-14,16.21706771850586,16.743412355921347,16.16727869090827,16.743412355921347,17697500
2011-06-15,15.704950332641602,16.245519439916404,15.690724508506914,16.089039444382617,21793700
2011-06-16,15.747620582580566,15.982341166775035,15.612479373587426,15.740507673162702,18839700
2011-06-17,16.238405227661133,16.302420074492385,15.968121373989637,15.989458751833954,22212500
2011-06-20,15.925439834594727,16.167273337113482,15.882763733164595,16.12459723568335,12537200
2011-06-21,16.188610076904297,16.19572298571009,15.790296680320415,15.982339791482246,13693000
2011-06-22,16.07480812072754,16.409106733626757,16.067695211093667,16.09614549298036,12713700
2011-06-23,15.89699649810791,15.953898443758812,15.584035118703245,15.875657759745296,19490000
2011-06-24,15.79741096496582,15.939666452390405,15.477338153233813,15.889877438786463,23203000
2011-06-27,16.032135009765625,16.096148495112196,15.648045957791917,15.704947888827016,16736800
2011-06-28,15.88276195526123,16.15304570959513,15.804521314190177,16.110369612942126,13488100
2011-06-29,16.63671112060547,16.672275661731682,15.925436577863572,15.982338487016982,22350100
2011-06-30,16.36643409729004,16.71495860324057,16.167276655325843,16.71495860324057,22250600
2011-07-01,16.89988899230957,16.914114813553063,16.309530977194438,16.416221923222672,15368500
2011-07-05,16.46601104736328,16.871437458880653,16.437560761341373,16.828761351523298,14713900
2011-07-06,16.16727638244629,16.42333575255706,16.046359608410544,16.380659643088283,13424200
2011-07-07,16.359315872192383,16.43044360383599,16.160158494920008,16.380654598680056,15305700
2011-07-08,15.861430168151855,16.145941221378187,15.825866964823188,16.03213734274735,19202300
2011-07-11,15.349300384521484,15.761839452336035,15.292398490914241,15.676487290249248,17617800
2011-07-12,15.09324836730957,15.54135217977055,15.079023904624956,15.285292858364276,23072300
2011-07-13,15.150144577026367,15.434655429850833,15.121694305732895,15.214159383247043,25317000
2011-07-14,15.0150146484375,15.377765036214003,14.936773969706497,15.335087562370198,20070900
2011-07-15,15.000787734985352,15.221282573909756,14.787405807851957,15.178606459812919,20598000
2011-07-18,14.716275215148926,14.894093905763803,14.353524923496703,14.865642264073928,21011900
2011-07-19,14.922547340393066,14.986562191057466,14.474444742391514,14.502895033437229,21836700
2011-07-20,15.448892593383789,15.569809398289829,14.979451199430786,15.029240232630437,25314400
2011-07-21,17.21284294128418,17.397773112046906,16.181494403665894,16.32374984218166,65705300
2011-07-22,16.999465942382812,17.07059368741013,16.786084063949744,16.999465942382812,18845200
2011-07-25,16.57269859313965,16.793194708643362,16.494459305148418,16.658052146987654,20313100
2011-07-26,16.72917938232422,16.985237322916312,16.50157172106517,16.601149733703835,17133100
2011-07-27,16.066286087036133,16.622261376597447,16.037773836525844,16.622261376597447,21904800
2011-07-28,15.937981605529785,16.43693368870341,15.909469358728504,16.094794884320567,17508500
2011-07-29,15.859575271606445,16.230226345816455,15.595842410465787,15.638610783324602,20361100
2011-08-01,15.888091087341309,16.294381203947598,15.745532531549316,16.21597386230809,16584200
2011-08-02,15.189555168151855,15.84532205054454,15.175300400792628,15.69563679672946,25073000
2011-08-03,14.9828462600708,15.303600947211391,14.77613650564636,15.210938844581188,28502900
2011-08-04,14.04196548461914,14.861673826006928,13.970686202859502,14.783266480117405,32116000
2011-08-05,14.27005672454834,14.533788274263184,13.578649525456749,14.27005672454834,41270300
2011-08-08,12.202957153320312,14.120359978967025,12.08178288080964,13.742582404315842,47863500
2011-08-09,12.979907035827637,13.115337535158544,11.76103662046714,12.580744961500946,43213400
2011-08-10,11.7253999710083,12.751816935918423,11.696887708879942,12.730434098861641,53088300
2011-08-11,12.979907035827637,13.150977855792581,12.01051342674853,12.181582887174255,44330100
2011-08-12,12.039026260375977,13.464606686122407,11.982003097727697,13.229385970255823,46290400
2011-08-15,12.773195266723633,12.801706156219543,12.252858957688757,12.374033297008824,24868100
2011-08-16,12.16732406616211,12.730428771705864,12.07466197209916,12.659149505751868,26127600
2011-08-17,12.124560356140137,12.559362773422409,12.067537199737485,12.381165239721712,21215200
2011-08-18,11.547197341918945,11.646987496479738,11.005476155390106,11.568580169588321,39008800
2011-08-19,11.404641151428223,11.882210554025846,11.340489936188305,11.461664302803797,36263500
2011-08-22,11.169418334960938,11.789546176559721,11.133778702259825,11.753905864089154,22168100
2011-08-23,11.233572959899902,11.418898562584998,10.841538240302864,11.2264448952344,28129300
2011-08-24,11.639859199523926,11.675498151280657,11.176546028992105,11.212184980748836,26105100
2011-08-25,11.953489303588867,12.744685323932472,11.87508196409372,12.602128131578425,33819500
2011-08-26,11.839442253112793,12.046150644721886,11.40463992106953,11.825186126922091,20501400
2011-08-29,12.345520973205566,12.366905159852138,11.974869895231453,12.124556482679745,14894100
2011-08-30,12.145942687988281,12.416802299500922,12.039023096524186,12.195837772250684,15852800
2011-08-31,12.47382926940918,12.637770699231934,12.188713443730583,12.267119446080011,19171200
2011-09-01,12.067533493041992,12.509462479533642,12.060405430738724,12.473823527556174,17439100
2011-09-02,11.376131057739258,11.810932813563188,11.297724384325994,11.718270690333727,16513300
2011-09-06,10.927070617675781,11.04111690862102,10.79876820047763,10.912815171192383,21634500
2011-09-07,11.639859199523926,11.689754275798895,11.05537168966481,11.205057598259149,15972200
2011-09-08,11.290594100952148,11.597094029124948,11.197931316161082,11.497302501172056,19166600
2011-09-09,10.891430854797363,11.21931427732591,10.841535773033074,11.148035686201144,19772400
2011-09-12,10.727489471435547,10.820152251586798,10.485140766389119,10.656210200620889,23244800
2011-09-13,11.07675838470459,11.297723619947858,10.748874903879836,10.805898058825914,20470200
2011-09-14,11.033989906311035,11.31197827704321,10.820153430115061,11.190803911321717,20106900
2011-09-15,11.825186729431152,11.860825687184738,11.240699121222159,11.304849653040339,27515900
2011-09-16,11.7253999710083,12.067538959311674,11.418899950825887,11.996259663530267,27178100
2011-09-19,10.7987699508667,11.369002177792217,10.7987699508667,11.304850958794773,26679100
2011-09-20,10.777387619018555,11.048247973489367,10.734620588179304,10.898562006012595,30159300
2011-09-21,9.850759506225586,10.855793493735247,9.82937599238507,10.777386823140256,41513500
2011-09-22,9.309041023254395,9.494365972807056,8.902750115929123,9.458727003896387,63458900
2011-09-23,9.779480934143066,9.87927111892526,9.187865170932781,9.230632198762393,37300800
2011-09-26,10.413860321044922,10.413860321044922,9.715326536831395,9.936291027850192,29554000
2011-09-27,10.670467376708984,11.283466582912528,10.556421075998518,10.941327680781129,42455500
2011-09-28,10.093110084533691,10.734621733494931,10.07885463265621,10.677597886675686,24231400
2011-09-29,10.755998611450195,10.805893681875501,10.292684815467537,10.442370706512802,44847100
2011-09-30,9.629793167114258,10.321198985145077,9.61553704067097,10.278431965354265,51532900
2011-10-03,8.8884916305542,10.014699793938924,8.810084294264808,9.65117672505955,53873700
2011-10-04,9.986187934875488,9.986187934875488,8.254108039597222,8.482200619141205,76594400
2011-10-05,10.32120132446289,10.535038511192083,9.558516060890776,9.850759921520476,67720700
2011-10-06,10.82015323638916,11.069629347407657,9.922037605275607,10.306944207214334,49437800
2011-10-07,10.150131225585938,11.033990818201477,10.114491583351354,10.99835185573653,47983700
2011-10-10,10.898557662963867,11.005475877225043,10.513651139946436,10.513651139946436,36348200
2011-10-11,10.96983814239502,11.369000154362153,10.606315085954966,10.763129073398236,35000400
2011-10-12,11.290594100952148,11.611350155909514,10.934199088572445,11.212186763176108,36426800
2011-10-13,10.791641235351562,11.112396611008323,10.54929251781593,11.112396611008323,30447600
2011-10-14,10.848665237426758,11.005478566018937,10.570676860754014,10.962711541773649,30698400
2011-10-17,10.870047569274902,10.969838414627896,10.691850068139248,10.820152486483165,29580900
2011-10-18,11.85369873046875,12.074664639696966,11.01260687714829,11.083886158849676,51760300
2011-10-19,11.860823631286621,12.630636677364572,11.689754216551393,12.167323509180974,66831000
2011-10-20,11.839442253112793,11.953488543560367,11.40463992106953,11.839442253112793,35380300
2011-10-21,12.131685256958008,12.25998766529037,11.924975519191664,12.060405990157927,33004700
2011-10-24,12.224349021911621,12.41680266069846,12.053279573947473,12.331267256946825,26051800
2011-10-25,11.775288581848145,12.096043196815064,11.732520212221564,12.067532309936082,23647600
2011-10-26,11.860823631286621,12.145940682050856,11.661243327198283,12.096044246489916,30490700
2011-10-27,13.876949310302734,13.991339304617446,12.797392545775889,12.904632994991394,64100300
2011-10-28,13.805459022521973,14.06283726238454,13.46228894512966,13.569529423860175,32877200
2011-10-31,12.611513137817383,13.340750644549669,12.597215405956655,13.319302001303377,32488300
2011-11-01,11.603446960449219,11.99666379885579,11.038645795035542,11.53910241168517,48498000
2011-11-02,11.982368469238281,12.182551724202952,11.646347891911699,12.11105760717008,23876900
2011-11-03,12.118200302124023,12.690150187662843,11.381813631311216,12.59720884262632,50797200
2011-11-04,11.953768730163574,12.061010573654317,11.546254088536145,11.853677797451345,29340100
2011-11-07,12.096756935119629,12.139652854296301,11.653494558171735,12.053861015942957,26971200
2011-11-08,12.382728576660156,12.418476302448298,11.9752140481295,12.239741764416515,26418800
2011-11-09,11.267427444458008,11.810780700316757,11.210232436664274,11.796481607459187,33822500
2011-11-10,11.338918685913086,11.66779025848399,11.088690745320577,11.639193441896756,35148400
2011-11-11,11.696393966674805,11.817933562794419,11.54625617681555,11.632049394397544,19969700
2011-11-14,11.381818771362305,11.682092937783594,11.253129648090793,11.610598828895343,31961700
2011-11-15,11.388969421386719,11.553404933205975,11.1673382078277,11.281728247670387,21580100
2011-11-16,10.48099422454834,11.260276995553768,10.45239672294347,11.260276995553768,48861600
2011-11-17,10.10207462310791,10.681174055758643,9.994833507633963,10.645427699085376,45254300
2011-11-18,10.159270286560059,10.338004809066874,9.97338621951663,10.209315734680176,28193500
2011-11-21,9.723160743713379,9.909044175712113,9.444334572987879,9.880446672187826,43250000
2011-11-22,9.66596508026123,9.901894638769486,9.522976890531677,9.687413035993375,28507500
2011-11-23,9.315645217895508,9.530126829519432,9.194105660702558,9.508678872902514,31756400
2011-11-25,9.480080604553223,9.744607654193503,9.337093102290664,9.401436966945171,13540100
2011-11-28,9.866147994995117,10.259364169202774,9.673114340053482,10.166422114803273,37036100
2011-11-29,9.515827178955078,9.773204670271678,9.494378543315076,9.708860126987988,35547100
2011-11-30,10.573936462402344,10.59538441853112,9.91619323202855,10.195019388975561,48837100
2011-12-01,10.373753547668457,10.652579012047227,10.259363543634276,10.40950059438369,25387900
2011-12-02,11.095844268798828,11.367520260150442,10.709776879174306,10.788420539350437,52525100
2011-12-05,11.846524238586426,11.882271962189911,11.431860190239565,11.510503818531008,67235400
2011-12-06,11.853679656982422,11.968069701923103,11.632049115364465,11.732140063778337,33481600
2011-12-07,12.397027015686035,12.511417004925887,11.639192996062956,11.696387990682883,41598400
2011-12-08,11.35322093963623,12.425627769576527,11.26742842051374,12.239745000871965,44160000
2011-12-09,11.710689544677734,12.032412346854327,11.617748159402653,11.689242266957082,34670000
2011-12-12,10.995750427246094,11.3031740946174,10.881360415708375,11.28887500226606,28770500
2011-12-13,10.845612525939941,11.832226639883526,10.659728430691013,11.789330729791127,40873800
2011-12-14,10.766969680786133,11.002899234186188,10.61683263027535,10.731222634127716,30075500
2011-12-15,10.731224060058594,11.195933682912518,10.709775420122595,11.16733617814948,28218400
2011-12-16,10.709770202636719,11.052940774428821,10.68117271180554,10.888504690786075,31307900
2011-12-19,10.123530387878418,10.745526883204494,10.030588288785752,10.695481399777126,31225900
2011-12-20,10.581088066101074,10.652581494373146,10.287963442003342,10.531041916310423,31173200
2011-12-21,10.659730911254883,10.709776378614539,10.35230719617504,10.588237483857997,20955300
2011-12-22,11.35322093963623,11.403266405336433,10.74552307691234,10.774120583286503,30203000
2011-12-23,11.267427444458008,11.460461107125568,11.110140832116102,11.446162014267996,14677300
2011-12-27,10.931405067443848,11.2960237136378,10.931405067443848,11.181633710553783,13135100
2011-12-28,10.652581214904785,10.995751979790153,10.638282802352833,10.981452885419854,17015400
2011-12-29,10.895657539367676,10.938554129536977,10.652578452650694,10.666877543313184,14000600
2011-12-30,10.817017555236816,10.931407584661873,10.72407548587437,10.824167102530472,16065400
2012-01-03,11.496208190917969,11.646345947990817,11.231681092958713,11.267428145508518,25777400
2012-01-04,11.39611530303955,11.496206902598605,11.081542775854041,11.260277336754914,20699600
2012-01-05,11.639195442199707,11.72498727034181,11.031497644374308,11.145887657654793,30615100
2012-01-06,11.36751937866211,11.617748071388581,11.296025953467641,11.496208498557818,21677700
2012-01-09,11.581997871398926,11.76073239803387,11.388964255360492,11.439009704636481,19102900
2012-01-10,12.075309753417969,12.125355225779868,11.789334651609357,11.918023788332444,25241000
2012-01-11,12.225443840026855,12.254040659748306,11.80363018095309,11.91087064127229,21695000
2012-01-12,12.275489807128906,12.382730271902336,11.903721589853621,12.239743440083261,22256700
2012-01-13,11.889424324035645,12.046711635926567,11.689242456009676,11.853677951498637,22020700
2012-01-17,11.617749214172363,12.146803476289026,11.51050872492275,11.860828383744453,24135700
2012-01-18,12.404180526733398,12.439926898437248,11.460462131930365,11.653494448222498,37202500
2012-01-19,13.06906795501709,13.297847911261712,12.890333443746465,13.176308389052243,46368600
2012-01-20,13.14771556854248,13.169164209541247,12.740200935022521,12.797395947382574,27909000
2012-01-23,13.019027709960938,13.34790008559095,12.811696281451468,12.861741751655934,24346300
2012-01-24,12.968979835510254,13.054773028268041,12.611510699019792,12.761648445436785,19028800
2012-01-25,12.961827278137207,13.047620450965411,12.661553218692829,12.7544959362264,22144000
2012-01-26,13.011871337890625,13.49802800226373,12.91177909683022,13.076215862988052,22780400
2012-01-27,13.305809020996094,13.377500077900732,12.825480717346146,12.868496171924836,26265600
2012-01-30,13.047718048095703,13.477861487186157,13.026210329184122,13.470693614941608,31773300
2012-01-31,13.370333671569824,13.391841403421363,12.940188606293322,13.191106674987404,27734600
2012-02-01,13.900846481323242,14.402682657121437,13.62842202732,13.757465693519167,51396600
2012-02-02,13.994043350219727,14.151762605132799,13.922352282570735,14.144593361628562,21612100
2012-02-03,14.560397148132324,14.696610014059535,14.223450971778824,14.316648384849156,32521300
2012-02-06,14.703777313232422,14.732452910621333,14.467197823353885,14.70377731323242,22866600
2012-02-07,14.524550437927246,14.682269642617651,14.43135166944291,14.596241482747592,21276100
2012-02-08,14.653594970703125,14.653594970703127,14.409846223353599,14.517382113680029,25262600
2012-02-09,14.581905364990234,14.839992621239213,14.495875823776185,14.725287477882594,21028000
2012-02-10,14.094404220581055,14.33098368922669,13.97969910653425,14.33098368922669,21980700
2012-02-13,14.008378028869629,14.402676742653803,13.951024096428137,14.323816452939763,21993300
2012-02-14,13.657089233398438,13.821979020621205,13.449186740437245,13.81480978053389,31791900
2012-02-15,13.592573165893555,13.872168177507634,13.513714226499133,13.757463022576378,23800300
2012-02-16,13.757460594177246,13.807643919677394,13.04772206054716,13.312977171731674,33070100
2012-02-17,13.735954284667969,14.008380033171347,13.64992610848295,13.994041548009442,16745200
2012-02-21,13.807641983032227,14.00120738343472,13.728781701225389,13.929516342464217,16347600
2012-02-22,13.427682876586914,13.807644505982633,13.391838033248485,13.793306021690011,15979100
2012-02-23,13.599739074707031,13.60690831605669,13.277131418330171,13.571063476701363,17149900
2012-02-24,13.255623817443848,13.642754649564614,13.191102012090386,13.642754649564614,19403600
2012-02-27,13.442021369934082,13.499373939750075,13.05489049813128,13.140920036551833,16093100
2012-02-28,13.41334342956543,13.642755059602214,13.212610133448651,13.391837072063216,21725300
2012-02-29,13.291471481323242,13.700108715088101,13.23411754370685,13.49937403561013,22033200
2012-03-01,13.757460594177246,13.850658003335655,13.348823380941111,13.434851548257631,29812700
2012-03-02,13.528050422668457,13.9223491550731,13.499373455093464,13.77896705198428,22798900
2012-03-05,13.112248420715332,13.463533188532947,13.026218856146702,13.463533188532947,27019000
2012-03-06,12.416839599609375,12.775293404990212,12.35948704544415,12.739448571409229,38827700
2012-03-07,12.818307876586914,12.882829672949343,12.545883577695498,12.574560539364485,20925800
2012-03-08,13.033390998840332,13.148096198844268,12.918685798836394,13.054897369219917,17986100
2012-03-09,13.169600486755371,13.29864277741095,12.947358023495987,13.083570925591498,22098500
2012-03-12,13.047718048095703,13.191098738661639,12.854152680069411,13.169592387142703,15071500
2012-03-13,13.571065902709961,13.70010953528616,13.183935004981365,13.327317122820078,41817700
2012-03-14,13.334485054016113,13.83631968231017,13.241286276369005,13.771797872367737,40971500
2012-03-15,13.986867904663086,14.00837562563885,13.298635874759134,13.449187186803938,27264900
2012-03-16,14.001214981079102,14.158934262884978,13.836325087152938,14.10158167246524,31754300
2012-03-19,14.381169319152832,14.69660911722179,13.843488497791059,13.943856514272523,32102300
2012-03-20,14.632087707519531,14.83999162045342,14.187605648836097,14.230619732845735,29701300
2012-03-21,14.381169319152832,14.682270633811147,14.338155236313941,14.596242468133365,23039500
2012-03-22,14.044221878051758,14.280801363103764,13.879333436098856,14.201941078955459,17652200
2012-03-23,14.574737548828125,14.66076709846066,14.051395110127338,14.101578444332441,33599800
2012-03-26,15.1769380569458,15.191276541003234,14.753962349003217,14.775470075089368,33065000
2012-03-27,14.854325294494629,15.176934268287651,14.854325294494629,14.997707364489917,32420300
2012-03-28,14.51021671295166,14.976206605978676,14.395511550587884,14.832825836720653,26485300
2012-03-29,14.151762962341309,14.445695116467348,13.893675659247844,14.374004047008784,21942200
2012-03-30,14.080068588256836,14.266464778144105,13.879335281757546,14.216281451519281,16142000
2012-04-02,14.201946258544922,14.374004004298177,13.936691079947849,14.080071851045522,16217900
2012-04-03,13.886502265930176,14.20910989923347,13.764627906488608,14.130249617420434,21315000
2012-04-04,13.399009704589844,13.692941848911861,13.334487880968585,13.571067445115412,22202200
2012-04-05,13.183934211730957,13.52805100036042,13.133750883724801,13.320147078742762,19891300
2012-04-09,12.890000343322754,13.019043950363104,12.753788862462779,12.875661860897615,18652000
2012-04-10,12.409674644470215,13.069229928810836,12.373829798512022,13.02621584018236,34606300
2012-04-11,12.553057670593262,12.904342382473395,12.48853584928943,12.811144955808594,24378200
2012-04-12,13.062057495117188,13.076395976954904,12.545884455495388,12.6319139791288,22665400
2012-04-13,12.388169288635254,12.98320280459867,12.373830802131717,12.98320280459867,30596100
2012-04-16,12.545888900756836,12.760960734955317,12.345154186083112,12.624749211413187,22987600
2012-04-17,12.796799659729004,12.925843233667287,12.696431675892232,12.80396889910253,24429000
2012-04-18,12.66059398651123,12.832651726332104,12.545888826630648,12.588902919737524,25795400
2012-04-19,12.954521179199219,13.291468654056791,12.739449428458812,13.284299413379733,49785500
2012-04-20,12.531550407409668,12.997540292862896,12.50287480098149,12.997540292862896,26969400
2012-04-23,12.17309284210205,12.294967210045531,11.922174864878066,12.122909520135847,28949100
2012-04-24,12.474194526672363,12.481363768230876,12.008204764513142,12.216108667530971,26875700
2012-04-25,12.287798881530762,12.674929738131018,12.108571936969843,12.617577170567248,30184200
2012-04-26,12.374080657958984,12.481932550973735,12.086478809838486,12.122429897974664,22707000
2012-04-27,12.187137603759766,12.460358952026697,12.086475952172192,12.424409243784075,35467000
2012-04-30,12.424409866333008,12.525070151570898,12.050526847744377,12.093666774075825,26501700
2012-05-01,12.575403213500977,12.712014611889938,12.294991570160239,12.3884616608092,20620900
2012-05-02,12.187137603759766,12.45316873609948,12.151186524123682,12.431599459711292,21032100
2012-05-03,11.669453620910645,12.230278149180101,11.64788434342682,12.201517284010293,46949600
2012-05-04,11.504084587097168,11.611935105822454,11.43218378414906,11.575985390045275,31208900
2012-05-07,11.611933708190918,11.691024719053686,11.381852263564957,11.396232696702477,18287300
2012-05-08,11.389043807983398,11.56879512897885,11.180532303056546,11.424994209321863,34812500
2012-05-09,11.13739013671875,11.345901612671959,11.036729849794511,11.094250209664583,33177300
2012-05-10,11.216482162475586,11.468133588292668,11.151771580332186,11.43218318869113,23652200
2012-05-11,10.749127388000488,10.950448647981254,10.569376091593467,10.792268000844757,56237300
2012-05-14,10.281774520874023,10.590946291313903,10.245824123651676,10.490286001927485,33857600
2012-05-15,10.16673469543457,10.461526744416094,10.116403860603365,10.360865760450537,33837600
2012-05-16,9.735331535339355,10.346486302110877,9.728141317919249,10.296155465867011,40665000
2012-05-17,9.677811622619629,10.015744314595455,9.591531066610315,9.79285236396538,37206700
2012-05-18,9.598718643188477,9.943840772262046,9.512437425223368,9.943840772262046,37704200
2012-05-21,9.483678817749023,9.663430127822103,9.390208739924235,9.433348670351547,32394400
2012-05-22,9.56995964050293,9.99417213813819,9.498058845271569,9.56995964050293,35996700
2012-05-23,9.613099098205566,9.670619457294412,9.210456584583644,9.390207878160481,47059000
2012-05-24,9.56995964050293,9.69218989528136,9.433348266702705,9.677810147653169,26212200
2012-05-25,9.526822090148926,9.641862850959955,9.46930170974341,9.505252118921113,16627700
2012-05-29,9.807231903076172,9.821611651581593,9.541200041605881,9.649050555335487,18585300
2012-05-30,9.411779403686523,9.605910476411635,9.397398968678873,9.569960760286273,24816700
2012-05-31,9.605911254882812,9.69219181483032,9.275168765568894,9.433350134987794,29034200
2012-06-01,9.152934074401855,9.36144619983683,9.081033979900477,9.325495809737811,31752500
2012-06-04,8.886902809143066,9.203265437844975,8.815002710399323,9.174505261208136,23735500
2012-06-05,9.246405601501465,9.311116172048997,8.836572902296048,8.843763118067265,25264700
2012-06-06,10.022934913635254,10.058885320557081,9.383020550354038,9.462110897024475,39047100
2012-06-07,9.641860008239746,10.260204943837245,9.627480260226475,10.22425454525884,42815800
2012-06-08,9.857564926147461,9.893515336440478,9.454921565120342,9.577152548698376,20410000
2012-06-11,9.613099098205566,10.224253770645516,9.584338918661144,10.116402583081353,23560500
2012-06-12,10.015743255615234,10.051692969212082,9.620290234778398,9.72095121566134,26987100
2012-06-13,9.814421653747559,10.152354322385342,9.742521538220426,9.907892421060003,23361000
2012-06-14,10.015743255615234,10.080453837204495,9.735330963960713,9.82161151084745,20306000
2012-06-15,10.281774520874023,10.281774520874023,9.850371125599446,10.058882606652906,28808800
2012-06-18,9.936654090881348,10.310537216062075,9.91508412156614,10.137976090146491,28741200
2012-06-19,10.25301456451416,10.425575652119946,10.008552680890894,10.087643007952677,30216300
2012-06-20,10.20987319946289,10.396814706812972,10.066072303692351,10.296153736925215,28428000
2012-06-21,10.037313461303711,10.382435657116243,9.972602878164649,10.25301517653497,35058800
2012-06-22,10.16673469543457,10.368055977668831,10.030123311074394,10.32491536005592,44276800
2012-06-25,9.692190170288086,9.929462527005233,9.605909624980406,9.929462527005233,31764200
2012-06-26,9.713761329650879,9.871941994818009,9.562770196029994,9.562770196029994,26104300
2012-06-27,10.001358985900879,10.073259756912881,9.649046716474524,9.764087401536472,18167500
2012-06-28,9.97260570526123,10.015746334815997,9.749714395369894,9.800044558436252,21586000
2012-06-29,10.490283966064453,10.50466371074462,10.109211475135112,10.396813225705056,32233000
2012-07-02,10.741936683654785,10.770696862345687,10.432764934151773,10.504665038030655,25580200
2012-07-03,10.864169120788574,10.93606992033296,10.619707910870718,10.641277876455296,16563300
2012-07-05,10.432766914367676,10.842599709926498,10.425576696906008,10.749128940015439,22538100
2012-07-06,10.16673469543457,10.389625943626859,10.145164043779687,10.245825027745244,24562500
2012-07-09,10.015743255615234,10.19549456638681,9.929462708728497,10.159544167093129,17689100
2012-07-10,9.857564926147461,10.173927028192521,9.764094133664432,10.130787084398534,17878000
2012-07-11,9.929464340209961,10.152355618199108,9.86475374798829,9.886323716829866,23952100
2012-07-12,9.742520332336426,9.864751267869917,9.706569936174203,9.785660259173673,19514900
2012-07-13,10.10202407836914,10.13797447864456,9.771281630089616,9.828801996251546,23078400
2012-07-16,10.245823860168457,10.281774256466298,9.986982241078199,10.173923067572774,17246600
2012-07-17,10.31053638458252,10.389626722824785,10.001363877977184,10.339296569915788,19718200
2012-07-18,10.058879852294922,10.253011532719697,9.979789548619978,10.238631103489741,21021300
2012-07-19,9.526822090148926,9.871944372582014,9.347070729957435,9.69938323136547,61251700
2012-07-20,9.188884735107422,9.519627099504548,9.181695205433218,9.426156356773113,33452600
2012-07-23,9.088225364685059,9.131365289798525,8.836573287301773,8.944423785782183,23396100
2012-07-24,9.073847770690918,9.404590271365095,8.922856614172337,9.390210520395067,22631700
2012-07-25,9.318307876586914,9.397398205616264,9.109796385785147,9.152936315911402,25081600
2012-07-26,9.347068786621094,9.577150260407226,9.24640779899122,9.54839007618396,33523200
2012-07-27,9.736827850341797,9.85231272778917,9.347066044784832,9.448115656723367,32845000
2012-07-30,9.751265525817871,9.81622595293707,9.599691425321168,9.628562649780337,17374800
2012-07-31,9.85953426361084,9.917276723177231,9.59969319556208,9.686306884911668,16591100
2012-08-01,9.751265525817871,9.924492872572879,9.693523076899536,9.91005691617115,17840800
2012-08-02,9.404810905456543,9.642998698616445,9.368721699874424,9.47698931662078,25873800
2012-08-03,9.946147918701172,10.018326337082751,9.606911142003222,9.66465360137072,20978500
2012-08-06,10.205991744995117,10.263734216078564,9.953367917746627,10.02554635077321,17252700
2012-08-07,10.465828895568848,10.552442569344654,10.22042314236525,10.249294366957185,22901000
2012-08-08,10.516349792480469,10.59574614938323,10.292598050022278,10.37921169436197,13767600
2012-08-09,10.617403030395508,10.631838298565057,10.364779298157613,10.436957704038239,13960100
2012-08-10,10.545226097106934,10.595751263616695,10.422523202981557,10.545226097106934,10560000
2012-08-13,10.501917839050293,10.574095554575559,10.436957413236561,10.451392681003904,10787800
2012-08-14,10.386436462402344,10.67514879900612,10.364782520898679,10.581317117523765,14589200
2012-08-15,10.52357006072998,10.566877236505947,10.314253535891918,10.350342734314523,12441000
2012-08-16,10.530786514282227,10.675142598740166,10.458608127881204,10.566875707482739,13214900
2012-08-17,10.530786514282227,10.581310971756478,10.47304408049905,10.545221778555968,13839800
2012-08-20,10.704017639160156,10.740106845251912,10.473047821523885,10.523572297045732,11502600
2012-08-21,10.747326850891113,11.07212839027992,10.653495172695328,10.797851335940965,23169700
2012-08-22,10.725669860839844,10.93498641012348,10.581313738634625,10.617402941272001,17341700
2012-08-23,10.465828895568848,10.747323851598438,10.429739692742857,10.725669916896267,17988800
2012-08-24,10.509136199951172,10.588531896424612,10.234859218937062,10.350344118659992,15693900
2012-08-27,10.487483978271484,10.6101868763584,10.444177477972815,10.5524444170639,9107500
2012-08-28,10.538007736206055,10.631838703744757,10.429740123259034,10.458611349042709,10958300
2012-08-29,10.689582824707031,10.797849759246072,10.51635476576243,10.574097222629169,28938700
2012-08-30,10.754541397094727,10.776195332311552,10.54522484174223,10.595750002237184,20122200
2012-08-31,10.826719284057617,11.007164605458577,10.689581142664368,10.855590507948,25759500
2012-09-04,11.194832801818848,11.29588178546441,10.920555710712398,11.03604065678994,31820800
2012-09-05,11.317530632019043,11.411362280534089,11.115431379058514,11.202045737952606,31345100
2012-09-06,11.728947639465332,11.808344033257498,11.404146150195167,11.433017378389307,33577300
2012-09-07,12.32802677154541,12.349680710057275,11.837215178787096,11.91661157664177,37944700
2012-09-10,11.988787651062012,12.30637042701239,11.981569672969245,12.219757443276306,25983100
2012-09-11,12.450723648071289,12.472377576110455,12.046526628157311,12.20531797038005,24605100
2012-09-12,12.573432922363281,12.609521444211548,12.349681058188535,12.566214942655856,24508000
2012-09-13,12.919889450073242,13.03537438776302,12.320810819549118,12.50125620677553,39763900
2012-09-14,13.165291786193848,13.352955104212448,13.064242836756403,13.107549332702638,36010200
2012-09-17,12.847709655761719,13.057026943531204,12.775532609885667,12.984848520966247,23210400
2012-09-18,12.725001335144043,12.847704188280252,12.667258897002785,12.789961750138996,20749400
2012-09-19,12.681693077087402,12.869356318972558,12.638386598710252,12.818831864751195,20723700
2012-09-20,12.421857833862305,12.443511772517361,12.154799473894107,12.241412475136666,25015800
2012-09-21,12.32802677154541,12.631175027267382,12.25584835319469,12.631175027267382,35060300
2012-09-24,12.299152374267578,12.508468207503615,12.10427111882519,12.162013560064965,19625200
2012-09-25,11.981572151184082,12.44351183115821,11.95991821242698,12.400205330332845,20483800
2012-09-26,11.858866691589355,12.053747968267045,11.765034353920004,12.017658078129394,23131300
2012-09-27,12.154796600341797,12.24862755895318,11.938262771737982,12.104272132113474,19249800
2012-09-28,12.082621574401855,12.234196398124581,12.010443152471456,12.162017976194182,17753000
2012-10-01,12.118709564208984,12.414639808474924,12.075401691861279,12.226976491700896,20283300
2012-10-02,12.205322265625,12.29193663157446,12.133143856781889,12.212540244178175,17031300
2012-10-03,12.291935920715332,12.443509331500392,12.097054641115772,12.255846030036583,20785000
2012-10-04,12.609519958496094,12.688916349234042,12.44351057485193,12.465164511422834,19626200
2012-10-05,12.631174087524414,12.905450404824764,12.501253219496824,12.782747515764122,21838600
2012-10-08,12.595086097717285,12.674481116306715,12.39298680823129,12.39298680823129,13635400
2012-10-09,12.522905349731445,12.7105686457319,12.450726947163806,12.63839024316426,17241700
2012-10-10,12.55899429321289,12.645608654601038,12.385766947125166,12.530123757209221,15204000
2012-10-11,12.891016006469727,12.927104525127739,12.761095136598897,12.81161961339561,16506700
2012-10-12,12.494035720825195,12.804401944891366,12.429075284314195,12.688917030358201,20821400
2012-10-15,12.811614990234375,12.833268919628456,12.558991320723091,12.638387685146473,17808900
2012-10-16,12.898232460021973,13.020935336310972,12.775529583732972,12.90544906154905,18636900
2012-10-17,13.345738410949707,13.352956390417456,12.876580759056587,12.977629718227432,24018500
2012-10-18,12.840489387512207,13.403477894111568,12.775528963414049,13.396259916246382,51097100
2012-10-19,12.652827262878418,13.02815250974854,12.494034488540443,12.696133757384848,29226000
2012-10-22,12.595086097717285,12.753877511584923,12.39298680823129,12.638392596646863,21274000
2012-10-23,12.349679946899414,12.457946879390647,12.226977056292354,12.349679946899414,24205700
2012-10-24,12.400206565856934,12.558998002497393,12.356900060716622,12.450731051302126,14264500
2012-10-25,12.342461585998535,12.667262373423759,12.19088678384914,12.587867359620454,18872800
2012-10-26,12.299152374267578,12.36411141605998,12.169231537305986,12.299152374267578,13195100
2012-10-31,12.581477165222168,12.74073726120915,12.400500787593458,12.443936112357283,26046300
2012-11-01,12.747974395751953,12.747974395751953,12.538041169303678,12.60319276504694,25089900
2012-11-02,12.871041297912598,12.914475244716499,12.682825687441987,12.856562855397872,19752700
2012-11-05,12.849318504333496,12.863796941068024,12.603190602805395,12.776927701400574,16147600
2012-11-06,13.167840957641602,13.204035679042736,12.907234545185064,12.914473765613314,15345900
2012-11-07,12.038548469543457,12.769693227405458,12.038548469543457,12.726259281804417,42700600
2012-11-08,11.958922386169434,12.313636010241341,11.951683163546676,12.139898809516765,21125000
2012-11-09,12.024070739746094,12.291915000259864,11.799659041678689,11.886528308791904,20657200
2012-11-12,12.139899253845215,12.234006389904376,12.009596003347465,12.089226074371775,10731100
2012-11-13,11.958922386169434,12.2412451647543,11.901009985927908,11.944443940923918,14431200
2012-11-14,11.6476411819458,12.096461879478355,11.575250345999802,12.053027930206897,20059100
2012-11-15,11.77070426940918,11.886529045579435,11.654879493238925,11.879289824476263,16252800
2012-11-16,11.712791442871094,11.843094656369964,11.546292815581419,11.799659331376878,16940700
2012-11-19,11.958922386169434,12.161615096644503,11.89377076330515,11.937204718301162,14758800
2012-11-20,11.835858345031738,12.03131321332681,11.770706722266713,11.893770745185034,15426700
2012-11-21,11.763467788696289,11.951683439004299,11.691076941540814,11.915487325056278,12734400
2012-11-23,11.893768310546875,11.987875423754684,11.835855922248166,11.879289868287136,8600700
2012-11-26,12.024070739746094,12.038547800314829,11.748985877837715,11.814137482987585,13217700
2012-11-27,12.038548469543457,12.190569350257455,11.922723694113857,11.966159020455134,19041400
2012-11-28,12.219525337219238,12.262960665279067,11.770704659856676,11.879290218525664,23800600
2012-11-29,12.205045700073242,12.378782833434071,12.053024845420017,12.28467435656779,19084300
2012-11-30,12.212288856506348,12.342590712974625,12.118180349304298,12.212288856506348,17198700
2012-12-03,11.922720909118652,12.313630470437253,11.893765412395004,12.313630470437253,15532000
2012-12-04,12.024070739746094,12.053026241623725,11.835855144950928,11.915483810669535,14287900
2012-12-05,12.291914939880371,12.393262647804649,12.089222285512124,12.089222285512124,15736300
2012-12-06,12.118179321289062,12.342589665922102,12.081984594352882,12.27020021204974,16042600
2012-12-07,12.284673690795898,12.364303723714869,12.212284258040388,12.284673690795898,11488400
2012-12-10,12.31363296508789,12.335350627585399,12.161612089085718,12.241242137503056,9740400
2012-12-11,12.849318504333496,12.950664799995753,12.465648215306814,12.494605088775872,36051800
2012-12-12,12.813126564025879,12.98686370019104,12.74797496537144,12.878278162680317,27771300
2012-12-13,12.885517120361328,12.979625606915441,12.726258410237632,12.784170793986263,19220900
2012-12-14,13.066494941711426,13.09545182716817,12.813129097666396,12.827606159654474,16296500
2012-12-17,13.413969039916992,13.428446100152822,13.08097180117059,13.08821102165857,16686000
2012-12-18,13.841076850891113,13.913466312425122,13.479124020259176,13.479124020259176,25465100
2012-12-19,13.819356918334961,14.079963355501084,13.638380532689652,13.949660136918023,21889300
2012-12-20,13.949654579162598,14.043761654678752,13.754199829160163,13.790394539572599,19134000
2012-12-21,13.696290969848633,13.812115729703331,13.44292378988896,13.565987769827084,21669400
2012-12-24,13.718009948730469,13.739726230328152,13.6239014593399,13.681813844834025,3205700
2012-12-26,13.667329788208008,13.833829036246954,13.638374297727072,13.768677456740326,9052900
2012-12-27,13.587708473205566,13.80487960138616,13.392253629398816,13.710772480705332,14656100
2012-12-28,13.479121208190918,13.587706758578852,13.435685883443597,13.435685883443597,11258500
2012-12-31,13.841076850891113,13.906227090123627,13.406733177984693,13.464645575656185,19954000
2013-01-02,14.203022956848145,14.601170329737101,14.123392929974425,14.593931110863144,29812900
2013-01-03,14.174065589904785,14.19578324577366,13.985850047927201,14.087196347169066,29859500
2013-01-04,14.61564826965332,14.659082200677823,14.174065598561606,14.246456404095625,31983900
2013-01-07,14.333330154418945,14.572218944301248,14.239223035082423,14.492590268167374,21445100
2013-01-08,14.224738121032715,14.326085796607742,14.181304191923251,14.289889705066765,22206200
2013-01-09,14.203022956848145,14.434672437855525,14.051002121974664,14.26093532709999,26993800
2013-01-10,14.724245071411133,14.789396708246292,14.347813698750395,14.376770595450834,39869800
2013-01-11,14.601183891296387,14.7821603890166,14.543271467255563,14.593944665698647,20880000
2013-01-14,14.52878475189209,14.651848755571018,14.29713518749418,14.651848755571018,14590200
2013-01-15,14.78939151763916,14.869021574876916,14.36952632802795,14.427438720362588,25277000
2013-01-16,14.8690185546875,15.100668076973488,14.738715353216616,15.006559595582264,30630600
2013-01-17,15.021036148071289,15.02103614807129,14.767668997136568,14.876254524468623,26063600
2013-01-18,16.201004028320312,16.25891641146728,15.773901065574012,15.911442112585478,65729400
2013-01-22,16.635347366333008,16.635347366333008,15.947637998396521,16.02002744079186,38089200
2013-01-23,16.41093635559082,16.606391155477365,16.266154715510407,16.54847877559321,24266100
2013-01-24,16.360265731811523,16.671545339718254,16.295114121750103,16.33854806821096,20294700
2013-01-25,16.432659149169922,16.541244722780903,16.34578986183685,16.468853880126755,14059600
2013-01-28,16.15032958984375,16.497805242016405,16.15032958984375,16.497805242016405,13892000
2013-01-29,16.353023529052734,16.410935907355118,15.962113939956648,16.128613235723506,14548300
2013-01-30,16.635347366333008,16.64982580710812,16.186526748225425,16.186526748225425,23160400
2013-01-31,16.54123878479004,16.664302758902316,16.367501653232708,16.505042686086437,19819100
2013-02-01,17.056339263916016,17.223202308779317,16.664572410305155,16.715358078703876,31744400
2013-02-04,16.599279403686523,16.78790775169943,16.555750210689116,16.57026040294428,26405700
2013-02-05,16.976539611816406,17.041834106704684,16.693597723146123,16.809676517665643,23873200
2013-02-06,16.969280242919922,17.049084912977932,16.809672286571942,16.86045657342048,15851000
2013-02-07,16.75889015197754,17.107126492605094,16.446927911252278,16.94751851575952,20157900
2013-02-08,16.918493270874023,16.983787738964168,16.71535615572052,16.744375150556245,16025800
2013-02-11,16.889480590820312,17.027323289421467,16.780655514136424,16.838694909275944,10258200
2013-02-12,17.143402099609375,17.15791229435319,16.831441215227375,16.90398942140978,15347000
2013-02-13,17.143402099609375,17.317521668998474,16.96928391398861,17.172422489097002,15783400
2013-02-14,17.288497924804688,17.324772020857164,16.976535717188334,17.07085058095368,16316300
2013-02-15,17.317514419555664,17.36829869613141,17.005552281998654,17.324768130122695,17504700
2013-02-19,17.643991470336914,17.651246567183403,17.27398983377538,17.404578809475712,17457300
2013-02-20,16.99104881286621,17.752816030297886,16.94026451620654,17.68752153923022,17432700
2013-02-21,16.563003540039062,16.845945339992934,16.367120116793483,16.845945339992934,22324700
2013-02-22,17.107120513916016,17.114375608114567,16.729863918197736,16.838687563640544,17827100
2013-02-25,15.98261547088623,17.30301285503788,15.975360372935366,17.288502659136153,30074300
2013-02-26,16.28006362915039,16.32359282255547,15.801238350390213,16.21476914715872,30923000
2013-02-27,16.613792419433594,16.679086911910467,16.214771750980095,16.28006624345697,18051600
2013-02-28,16.35987091064453,16.671833204312907,16.323596804586163,16.621048902323814,14890300
2013-03-01,16.272809982299805,16.512222643003287,15.844768955016574,16.243789594932966,22333000
2013-03-04,16.396142959594727,16.446927250926286,16.047906632948475,16.2220247962716,17138300
2013-03-05,16.49771499633789,16.686343392039245,16.45418579233556,16.54124420034022,15014100
2013-03-06,16.621047973632812,16.679087370344355,16.25830139824359,16.679087370344355,18583200
2013-03-07,16.845947265625,16.954772324601898,16.606534626658416,16.69359439708631,17820000
2013-03-08,16.708099365234375,16.925746647598924,16.446921519382776,16.896727655708567,19394000
2013-03-11,16.75889015197754,16.889479125654926,16.432417717784077,16.70810585860705,14219200
2013-03-12,16.44692611694336,16.7661434195771,16.396141829113276,16.72261284392155,13077000
2013-03-13,16.526731491088867,16.584770877328776,16.345358236118145,16.475945817331844,12025800
2013-03-14,16.54123878479004,16.73712221432156,16.446925309701523,16.650063834819544,21068400
2013-03-15,17.1143798828125,17.165164171119137,16.51947584761806,16.563005039914025,24186700
2013-03-18,16.679086685180664,16.82418586288314,16.37437951902011,16.708107074228483,23417000
2013-03-19,16.243789672851562,16.82418496905828,15.960847813508833,16.73712519030839,32781600
2013-03-20,16.49771499633789,16.628303992113324,16.20026289874649,16.388891294447845,17813500
2013-03-21,16.004371643066406,16.454177812165536,15.997116548623284,16.37437315705897,17557200
2013-03-22,16.0914306640625,16.25829367739611,15.91005746249961,16.105940852291784,16558900
2013-03-25,15.939079284667969,16.316335942992975,15.801236623323337,16.229277565698258,23992000
2013-03-26,16.120454788208008,16.178494175832494,15.931826432486398,16.076925593431685,14889200
2013-03-27,16.17123794555664,16.214767133556123,15.902804954729312,15.975354523907072,13926000
2013-03-28,15.946335792541504,16.251042907598837,15.881041311902926,16.214768811140996,18376400
2013-04-01,15.7141752243042,16.055156370074503,15.612606666791304,15.953587812561606,14219100
2013-04-02,15.743194580078125,15.895547406449339,15.525545906132178,15.54731118865709,21701700
2013-04-03,15.315155982971191,15.750450627927444,15.199077226480467,15.728686725940388,25406800
2013-04-04,15.474766731262207,15.518295926891822,15.24986427277965,15.322413854674462,17321000
2013-04-05,15.64162826538086,15.66339355294297,15.082999722300434,15.170058105012792,18163200
2013-04-08,15.772225379943848,15.786735579155982,15.37320458799147,15.58359694149238,14263500
2013-04-09,15.772225379943848,16.03340343068723,15.772225379943848,15.79399067876205,13196200
2013-04-10,16.120454788208008,16.345358626050018,15.866533332205988,15.881042141285993,17467300
2013-04-11,16.156728744506836,16.41790527226775,16.134963457290084,16.163983840245752,14692800
2013-04-12,15.830255508422852,16.127707498969286,15.627118373669939,16.026138931592833,25150400
2013-04-15,15.583589553833008,16.142219504753545,15.532805264434433,15.779472999028744,22458100
2013-04-16,15.852022171020508,15.859277267001401,15.373196906426019,15.82300178709693,21839800
2013-04-17,15.57632827758789,15.837506100890383,15.133778657152344,15.627113930604807,45475800
2013-04-18,14.734761238098145,15.576332938605063,14.734761238098146,15.489274560631502,47193400
2013-04-19,14.930649757385254,14.966923863286857,14.625942562999088,14.77829685207639,24644100
2013-04-22,15.024956703186035,15.1482905466805,14.89436914869293,14.95240852305692,16156600
2013-04-23,15.67790412902832,15.764962513875101,15.170058476939147,15.213587669362537,23437700
2013-04-24,15.561824798583984,15.801237423926752,15.525549319733244,15.714177658453005,17955700
2013-04-25,15.547317504882812,15.8230042766931,15.518297116393159,15.641630999937618,18496600
2013-04-26,15.561856269836426,15.656391689135345,15.45277811349491,15.554584207813123,17348300
2013-04-29,16.150876998901367,16.150876998901367,15.656389338591902,15.678204134382675,19028600
2013-04-30,16.10724449157715,16.310858017323472,16.041797336408816,16.158147526262812,14015800
2013-05-01,15.889095306396484,16.07816479583649,15.7654730012628,16.07816479583649,13070800
2013-05-02,16.20905113220215,16.245410044575316,15.663659124583022,15.932718404953109,16779000
2013-05-03,16.55083656311035,16.83444008212935,16.48538938379763,16.63809854419119,20261100
2013-05-06,16.928979873657227,17.088961138182405,16.565384955823557,16.579927698413456,17400300
2013-05-07,16.921703338623047,17.00896531912843,16.73263386485582,16.979878454628025,12100700
2013-05-08,17.21257781982422,17.270752932115393,16.768991721726476,16.863527146077182,15207900
2013-05-09,17.023502349853516,17.263474776734267,16.943511078558736,17.205299684975405,12965300
2013-05-10,17.408920288085938,17.408920288085938,16.914431113290885,17.01623721857075,15032800
2013-05-13,17.2198486328125,17.438004941324568,17.147129400973814,17.307110601415733,14510500
2013-05-14,17.64889144897461,17.816144719583605,17.11077132592563,17.11077132592563,19210900
2013-05-15,18.07793617248535,18.107023038899843,17.56163077033657,17.627077953524502,19670500
2013-05-16,17.874324798583984,18.08521050127364,17.757974544342943,17.9324999257045,18863800
2013-05-17,18.317909240722656,18.35426817153499,17.954314384582094,18.01976156964774,14505800
2013-05-20,18.230642318725586,18.48515894591603,18.15792308424203,18.259730567320624,11410100
2013-05-21,18.267004013061523,18.528791335225172,18.121565533078503,18.223371636864133,10442900
2013-05-22,17.96158790588379,18.681505613029138,17.852508330585426,18.42698891567365,18372500
2013-05-23,17.634349822998047,18.00521672798408,17.452552402142395,17.59071883035388,22658200
2013-05-24,17.707067489624023,17.714339552250237,17.438006720470646,17.576173136360442,11617400
2013-05-28,17.983400344848633,18.216100819121788,17.845235305126593,18.041575463416923,15357400
2013-05-29,18.165197372436523,18.39062716566115,17.83796285766575,17.903410038020745,17451200
2013-05-30,18.77604103088379,18.848760290673557,18.005220205923102,18.17974559721583,21200700
2013-05-31,18.834218978881836,19.212358076753976,18.834218978881836,18.906938249550283,28330600
2013-06-03,18.65241241455078,19.125085363261803,18.31790587414127,18.95056003083023,26208200
2013-06-04,18.521522521972656,18.979652843391435,18.39790020839982,18.761495085142936,18632300
2013-06-05,18.201553344726562,18.659682110897325,18.048842831333726,18.48515680059399,21478400
2013-06-06,18.477886199951172,18.48515826183081,17.88886305774014,18.252457829698255,18339600
2013-06-07,19.634119033813477,19.634119033813477,18.60878181745243,18.74694822864411,32830300
2013-06-10,19.743194580078125,19.757738702909318,19.343240911247513,19.612300248605155,34956600
2013-06-11,18.972375869750977,19.481409120265635,18.89965663581974,19.466864996078584,25321300
2013-06-12,18.594240188598633,19.357790196829555,18.47788994892608,19.328701943409285,26046400
2013-06-13,19.175994873046875,19.263256868851208,18.485164035741253,18.57969809569668,19571900
2013-06-14,18.783309936523438,19.25598296515442,18.645143504860627,19.117817920495888,15473900
2013-06-17,19.05963897705078,19.146902340371028,18.86329883683741,18.96510493820761,15087100
2013-06-18,19.139631271362305,19.197806387594245,18.936019058052608,19.074184092225853,14805700
2013-06-19,18.986927032470703,19.408697081218975,18.92875190116075,19.18326723376395,18210200
2013-06-20,18.288816452026367,18.725130448618266,18.143379377831707,18.703314263337283,25968000
2013-06-21,18.114294052124023,18.58696704674265,17.56890181517849,18.54333605614818,35690500
2013-06-24,17.743425369262695,17.96158307417,17.39437470581586,17.663435459100324,22715500
2013-06-25,18.201553344726562,18.368806593725104,17.917948501855257,17.96885154398491,19049600
2013-06-26,18.09248161315918,18.46334857758826,18.04885061352178,18.434261706831485,15125600
2013-06-27,18.208833694458008,18.448806278733006,18.16520130676837,18.296095695828278,12139800
2013-06-28,17.765239715576172,18.092474158533268,17.641617445035784,18.012484256656947,18545200
2013-07-01,17.881593704223633,18.245188531252168,17.845234776322457,17.91795263212481,13776500
2013-07-02,17.772512435913086,18.31790458139852,17.525267885666043,17.82341548090443,18627700
2013-07-03,17.48164176940918,17.590719951473666,17.32893120491543,17.561631696520823,15395700
2013-07-05,17.867046356201172,17.910677339215212,17.568898762764665,17.634345930787696,15322700
2013-07-08,18.09248161315918,18.237920127956475,17.779791164252593,18.041578549081468,22795300
2013-07-09,18.499706268310547,18.53606519833578,17.932497805688673,18.252461660526983,20640600
2013-07-10,18.426984786987305,18.557879138414073,18.223371197322987,18.41971272446314,10066000
2013-07-11,18.579694747924805,18.906930640739265,18.346994285036374,18.783308346454266,14064000
2013-07-12,19.001466751098633,19.00873881473065,18.630601214896107,18.732407331735676,15134200
2013-07-15,19.408695220947266,19.48868515195379,19.074187207723348,19.248712584925407,18378800
2013-07-16,19.183263778686523,19.57594688455635,19.023282543149346,19.525043827203806,19035300
2013-07-17,19.299612045288086,19.379601955619982,19.13235738840348,19.270523796437182,15826000
2013-07-18,20.143150329589844,20.324947710228727,19.917720578954793,20.12860620625779,36282000
2013-07-19,20.07042694091797,20.259496344043715,19.866813417474017,20.121329975028043,17528300
2013-07-22,20.07770538330078,20.230414534173605,20.02680233300984,20.179511483882663,11820700
2013-07-23,20.22314453125,20.274047586724965,19.997716119716205,20.25223278409526,13093200
2013-07-24,20.16497039794922,20.346767826103115,20.04862015489107,20.303136831707384,17560700
2013-07-25,20.186786651611328,20.186786651611328,19.92499791041183,20.12861152990081,12866600
2013-07-26,20.143150329589844,20.223140233908275,20.026800116941274,20.12133414459176,14850700
2013-07-29,19.895462036132812,20.092158629403517,19.691481618974198,20.092158629403517,12764100
2013-07-30,19.720623016357422,20.033880275717923,19.655057478839527,19.975599952314518,13304700
2013-07-31,19.822614669799805,20.04845215515875,19.698770189426504,19.713339229197555,16452900
2013-08-01,20.33985137939453,20.383561272545546,20.0703040276863,20.08487445524079,13316200
2013-08-02,20.288854598999023,20.412700443972206,20.165008754025838,20.274284172646333,8442000
2013-08-05,20.288854598999023,20.390844804443173,20.084872798598386,20.216003856747914,6868400
2013-08-06,19.895462036132812,20.288855222674222,19.88089299884461,20.25242915567277,9181400
2013-08-07,19.720623016357422,19.8007589821043,19.480216508629308,19.778903339760827,9172200
2013-08-08,19.611347198486328,20.055735524154564,19.509356981911644,20.019309454297545,12365400
2013-08-09,19.494781494140625,19.822607700692302,19.487496282060082,19.589486472163433,8314800
2013-08-12,19.392797470092773,19.414651723770966,19.20338606431055,19.407366509374047,9603200
2013-08-13,19.640483856201172,19.73519023477359,19.24709208458917,19.43650345222172,10159000
2013-08-14,19.516637802124023,19.764328073827087,19.43650185599198,19.60405757107518,7221000
2013-08-15,19.20338249206543,19.30537269562479,19.101390898993756,19.268948019928537,11316800
2013-08-16,19.283519744873047,19.37094092404894,19.115963990091128,19.130534418205862,10512900
2013-08-19,18.80270767211914,19.28352070781519,18.78085341836823,19.18153048494408,9602300
2013-08-20,19.16695785522461,19.203383923147733,18.766280834657152,18.802705513067863,13977600
2013-08-21,18.948406219482422,19.22523737664914,18.79541951957823,19.064966852974973,16496700
2013-08-22,19.10139274597168,19.29080413483411,18.948407425839974,19.0649680667534,9938700
2013-08-23,19.174238204956055,19.196093840165897,19.02125292702335,19.130528324048434,7089400
2013-08-26,19.21795082092285,19.42921782281555,19.123245833892774,19.181526146567958,8665100
2013-08-27,18.540441513061523,18.977543135218152,18.52587108845306,18.904693791200163,13209000
2013-08-28,18.635150909423828,18.788137625037212,18.39474440447065,18.49673462187124,10091400
2013-08-29,18.87555503845215,18.95569099318708,18.52587314608353,18.540443572310306,9225700
2013-08-30,18.76628303527832,18.970264871030423,18.657007597719634,18.970264871030423,10285900
2013-09-03,19.1378173828125,19.298087904698924,18.904696118427758,19.10139131680717,12810100
2013-09-04,19.312654495239258,19.50206583230924,19.050392430140505,19.13781358167744,9621600
2013-09-05,19.41465187072754,19.655058389595364,19.3563715446236,19.429222299631668,9483700
2013-09-06,19.53120994567871,19.698767076940907,19.1378181437656,19.54578037266019,12356100
2013-09-09,19.99016571044922,19.99745092286174,19.633198639308794,19.640482462209125,12704300
2013-09-10,20.427274703979492,20.507409284933733,20.1285864657429,20.15772732391724,18153100
2013-09-11,20.580249786376953,20.689525171057106,20.347128595189456,20.609390630031342,14901500
2013-09-12,20.412702560424805,20.645823848189224,20.383561704698014,20.54383363217041,8353700
2013-09-13,20.492834091186523,20.5802552558712,20.39084389031463,20.485550267849053,6883600
2013-09-16,20.929935455322266,21.17762711427975,20.63124870002274,20.747809317236598,19752900
2013-09-17,21.133926391601562,21.15578203787048,20.871664194425605,20.97365582083446,12886500
2013-09-18,21.141210556030273,21.49089254187261,20.980938603718016,21.061074579874145,15229500
2013-09-19,20.835233688354492,21.33790229606173,20.8206632615775,21.33790229606173,15502700
2013-09-20,20.536550521850586,21.053788258370826,20.427275080706707,21.002793145137858,23730200
2013-09-23,19.82990264892578,20.419992611565004,19.82990264892578,20.383566533277687,23544400
2013-09-24,19.86632537841797,20.23057776281355,19.742479512142967,19.844469735129707,17115700
2013-09-25,19.82990264892578,19.982889398706885,19.567641832821156,19.9027534159876,16379800
2013-09-26,19.77890396118164,20.092161230384175,19.684198953742822,19.866325143789638,12894500
2013-09-27,19.7279052734375,19.771615162060208,19.451074126143933,19.596774218057067,12110000
2013-09-30,19.633197784423828,19.778897857793503,19.35636528285083,19.443786438482338,13654200
2013-10-01,19.771617889404297,19.859039068221108,19.625917777392942,19.633202991420386,9559900
2013-10-02,19.757051467895508,19.815331798322404,19.545784401652583,19.596779517087032,11894500
2013-10-03,19.560346603393555,19.82989249716368,19.40735993193281,19.74247273305362,13279700
2013-10-04,19.662343978881836,19.698770051836572,19.523927680679055,19.64777354969994,11738500
2013-10-07,19.553062438964844,19.75704421533621,19.414646183944555,19.458356068341214,13353400
2013-10-08,19.341798782348633,19.66962644557993,19.305374103995117,19.567636234580153,16446500
2013-10-09,19.50206756591797,19.66962328262033,19.239805477505797,19.4729267163112,14190700
2013-10-10,20.135866165161133,20.186861263486296,19.684194103270638,19.757044839240393,14463000
2013-10-11,20.36170196533203,20.405411847630774,20.106725104483832,20.25242517531701,11202500
2013-10-14,20.529258728027344,20.565683400231176,20.033875404787025,20.20143112014414,11927000
2013-10-15,20.390844345092773,20.594826140898252,20.237859040372893,20.507404974263817,12513600
2013-10-16,20.857088088989258,20.944509260767475,20.49283575401939,20.529261821223805,15465200
2013-10-17,21.07564353942871,21.097497793573528,20.507409309949313,20.66039603652602,19157100
2013-10-18,21.62930679321289,21.83328723747695,21.27962345109403,21.79686255514767,32411500
2013-10-21,21.439889907836914,21.614730839448274,21.330614499268844,21.520025855892534,14547200
2013-10-22,21.461748123168945,21.600164407348718,21.221341624073798,21.55645451374391,13076100
2013-10-23,21.184913635253906,21.337900323243026,21.068353010839456,21.286903834238487,13240400
2013-10-24,21.410751342773438,21.439892195908023,21.214056142164424,21.243195605786653,8932200
2013-10-25,21.294187545776367,21.425318586376335,21.23590723767773,21.3670382782777,13311400
2013-10-28,21.104780197143555,21.30876200890627,21.090211159491684,21.294191581741988,10599400
2013-10-29,21.42588233947754,21.42588233947754,21.141273288796636,21.192357963883516,12035000
2013-10-30,21.243438720703125,21.498855106187058,21.155866394312273,21.469665258666712,9718200
2013-10-31,20.96612548828125,21.338305403636596,20.96612548828125,21.221543241005286,10357500
2013-11-01,21.309112548828125,21.56452887355748,21.05369483218419,21.082884672761296,14964200
2013-11-04,21.411279678344727,21.425875294999322,21.22154083757885,21.331005178659076,12224300
2013-11-05,21.15586280822754,21.279922770968415,21.141267190983985,21.20694607666531,11053100
2013-11-06,21.258028030395508,21.32370691201491,21.119373850900846,21.26532583856595,8972300
2013-11-07,20.95882225036621,21.38208532824967,20.936930220490055,21.31640645479237,14274200
2013-11-08,21.48426055908203,21.59372492150754,20.995318441127523,21.009914060628226,16730400
2013-11-11,21.958606719970703,21.965904529608867,21.360200248789862,21.455068990256272,13978000
2013-11-12,21.717790603637695,22.06077940043818,21.498860429409834,21.87104047287347,14450800
2013-11-13,21.929412841796875,21.93671065055661,21.4550664077317,21.48425764277064,9418300
2013-11-14,22.14104652404785,22.16293995171532,21.83454549627727,21.8856287689199,10196200
2013-11-15,22.111860275268555,22.272409330551238,22.060776991102284,22.08267042370859,10581700
2013-11-18,22.133750915527344,22.462145403616816,22.053476398013267,22.21402543304142,11378200
2013-11-19,22.14104652404785,22.44024974259595,22.031582169540098,22.15564214249283,10027100
2013-11-20,22.0899600982666,22.418353114914783,22.04617324918184,22.243209894319502,11529700
2013-11-21,22.542415618896484,22.64458355306453,22.20672475611293,22.25780802723958,10493200
2013-11-22,22.870811462402344,22.878109271854285,22.4548460670456,22.564310424995035,10565400
2013-11-25,23.016761779785156,23.206499232421933,22.870808394156484,22.89999823613343,13062400
2013-11-26,22.90729522705078,23.18460637146517,22.90729522705078,23.016760958322802,9192700
2013-11-27,22.92189598083496,23.00217049724871,22.80513380709582,22.914598170986903,5116400
2013-11-29,22.841623306274414,23.038660012315518,22.827029077316386,22.99487454161139,5445900
2013-12-02,22.936485290527344,23.242986260250532,22.834318764591124,23.002164169176208,9975700
2013-12-03,22.600797653198242,22.936489922068922,22.462143451976363,22.819727756874286,11249500
2013-12-04,22.717557907104492,22.834321454390302,22.396462675791234,22.440248136076736,7967000
2013-12-05,22.046173095703125,22.505925264490347,21.987792022577796,22.43294857510504,14406800
2013-12-06,22.228612899780273,22.47673279488543,22.119148567684356,22.447542955886618,12761400
2013-12-09,22.177532196044922,22.43294992834395,22.104556894172052,22.396462277407515,8486800
2013-12-10,22.4548397064209,22.6591727455359,22.16293437060344,22.257803082776203,13249000
2013-12-11,21.980501174926758,22.469443308188495,21.9221200870111,22.469443308188495,10097200
2013-12-12,22.243209838867188,22.35997198563962,22.002387737159722,22.024281161647522,10114700
2013-12-13,22.68836784362793,22.746748920745876,22.27970030380232,22.308890146403954,12345400
2013-12-16,22.564306259155273,22.936486121003075,22.51322299433756,22.819723975158418,8646700
2013-12-17,22.27240753173828,22.644587504496,22.162943161377772,22.59350283254044,10009200
2013-12-18,23.07514190673828,23.097033939342072,22.2140200291531,22.389163249556336,18392200
2013-12-19,22.520519256591797,23.01675903832604,22.48403021857341,22.987567807911333,20841100
2013-12-20,22.571603775024414,22.761342607544062,22.491329278827564,22.608091423160495,14922700
2013-12-23,22.70296287536621,22.79783160126816,22.622688374431352,22.732152717215026,7199500
2013-12-24,22.629989624023438,22.74675179300301,22.425655132351757,22.688370708513226,4545700
2013-12-26,22.69566535949707,22.805129703691858,22.58620101530228,22.644582091667143,5408700
2013-12-27,22.666475296020508,22.783237454780693,22.586202181819584,22.71026214949162,4116200
2013-12-30,22.51322364807129,22.805129021159203,22.432949148504132,22.673771255290987,6201200
2013-12-31,22.88540267944336,22.929188135818308,22.527818436566374,22.54241266074832,8457100
2014-01-02,22.64458465576172,22.958382106808163,22.608095608955285,22.863513368941064,9674500
2014-01-03,22.994871139526367,23.133526733476238,22.71755995162663,22.746751189053892,7809100
2014-01-06,23.07514190673828,23.301368392436473,22.97297398423379,23.1700106291554,8971400
2014-01-07,23.00216293334961,23.27217484936411,22.921888443332865,23.206495974243946,9135600
2014-01-08,23.03135871887207,23.23569320444842,22.892704517291683,23.03135871887207,8891300
2014-01-09,23.0240535736084,23.16270912292512,22.885399416206038,23.10432805877824,7274700
2014-01-10,22.841623306274414,23.082445483019647,22.695671273288983,23.045957822752044,10426500
2014-01-13,22.5278263092041,23.002172862790477,22.440253973936365,22.84162381345213,9520100
2014-01-14,22.69566535949707,22.78323627808704,22.330783284238,22.44754543696773,13621400
2014-01-15,23.513004302978516,23.527599921589374,22.943787704388278,23.177312034502794,17311400
2014-01-16,23.352453231811523,23.403536500549762,23.009464576058576,23.374345265890952,21828600
2014-01-17,24.374130249023438,24.4617011909959,23.7903165456602,23.96546121343518,32022900
2014-01-21,23.81220245361328,24.439800001071937,23.717332344762113,24.235464167867182,18508300
2014-01-22,23.564088821411133,24.06032874508495,23.556789619805187,23.870588476946857,12181200
2014-01-23,22.972978591918945,23.54949302596956,22.724858631937018,23.53489740669654,16317000
2014-01-24,22.221317291259766,22.892700315597576,21.958601771153585,22.863509083623757,23386100
2014-01-27,21.871030807495117,22.359972837704618,21.47695889510002,22.199425227753228,16709400
2014-01-28,21.9877872467041,22.126442787227944,21.63750088403634,21.746965198380728,15793800
2014-01-29,21.885456085205078,22.1266784869941,21.40301128162704,21.43955958114152,18872800
2014-01-30,21.914695739746094,22.207086335808512,21.790429562141025,22.017033494039193,13067900
2014-01-31,21.571138381958008,21.79043099486627,21.403013952446447,21.571138381958008,13113100
2014-02-03,21.161788940429688,21.731950222166294,21.0375227698051,21.57113575192258,17496800
2014-02-04,21.21295738220215,21.505347965487264,21.066761393445454,21.176407687898838,18774900
2014-02-05,21.329912185668945,21.468798226254776,21.16909632997119,21.183716206712475,17309700
2014-02-06,21.702716827392578,21.84160151310784,21.30067846844537,21.388396359522687,14769800
2014-02-07,21.702716827392578,21.907389582858684,21.476112856371422,21.819673086009946,14752000
2014-02-10,21.71002769470215,21.88546209011803,21.62961974063413,21.68078793168518,7822400
2014-02-11,22.126676559448242,22.21439302833295,21.541894058561617,21.72463832867091,15797600
2014-02-12,22.0462703704834,22.331351008149607,21.94393401731671,22.15591666233746,9347600
2014-02-13,21.8635311126709,21.965867489365944,21.593070290197257,21.651548418912792,15577200
2014-02-14,21.702716827392578,21.929319404185158,21.644238698083896,21.870841274876472,10138600
2014-02-18,21.607683181762695,21.826977153334933,21.54920506818907,21.651542812614064,10902500
2014-02-19,21.169099807739258,21.673474484349335,21.117931624966776,21.600376482862185,17136200
2014-02-20,21.439558029174805,21.505346078921207,21.147167471539785,21.205645583066786,13930200
2014-02-21,21.651548385620117,21.79774301006988,21.432254357602634,21.432254357602634,10451300
2014-02-24,22.155925750732422,22.367909876937635,21.6003827306619,21.680790694978192,13108900
2014-02-25,21.717334747314453,22.192471104055542,21.607688432000565,22.1193730957701,11605000
2014-02-26,21.885456085205078,22.09743873199991,21.505347635650182,21.870836207707985,15026300
2014-02-27,22.192468643188477,22.280185128021508,21.688093975599177,21.83428997595875,10792200
2014-02-28,22.514097213745117,22.61643496987239,22.097440432610007,22.192468249426163,14170400
2014-03-03,22.119369506835938,22.250945621555402,21.87814709459303,22.10474962870526,11543200
2014-03-04,22.733388900756836,22.784557076507774,22.404448636317635,22.470236689205475,11061800
2014-03-05,23.369346618652344,23.420516207021873,22.565272606333348,22.740707012342696,14776500
2014-03-06,23.274311065673828,23.588631442967618,23.259691189002446,23.42781558803879,12583800
2014-03-07,23.54477310180664,23.910261673229122,23.442436747961388,23.902953128721535,14439200
2014-03-10,23.48630142211914,23.61056622461926,23.215839207746658,23.552089490636,10746400
2014-03-11,23.171977996826172,23.57401490258984,23.11349987609276,23.552086478707547,9133200
2014-03-12,22.98192024230957,23.040398354102596,22.78455609217255,23.011158601092003,8212500
2014-03-13,22.98192024230957,23.3839570866081,22.82841432746028,23.055018230607892,22439700
2014-03-14,22.733388900756836,23.1208058852872,22.660290909300542,22.886893428009646,10855900
2014-03-17,22.930753707885742,23.20121447142577,22.879584136459545,22.930753707885742,6891100
2014-03-18,23.13542938232422,23.17928762636901,22.9161367678718,22.952685072204392,6614900
2014-03-19,23.25238800048828,23.442442269701615,22.945377472409604,23.135431741622938,9470300
2014-03-20,23.968746185302734,24.195347362263316,23.16467088152014,23.347415205369433,20199800
2014-03-21,23.829858779907227,24.30499513860106,23.661734336119725,24.290375258038182,23437200
2014-03-24,23.712900161743164,23.939504105209448,23.515535976489975,23.924884226102897,10400100
2014-03-25,23.091569900512695,23.807927223169017,23.069640082551572,23.807927223169017,12610300
2014-03-26,22.821109771728516,23.369342721928327,22.813799831751766,23.281626230664312,11233800
2014-03-27,22.587194442749023,22.989232725786888,22.360591908741547,22.7626287975511,13638400
2014-03-28,22.59450912475586,22.95999778920578,22.47024292307374,22.616438946545152,8081100
2014-03-31,22.784561157226562,22.996543836764896,22.638365148130248,22.791871097104224,9421600
2014-04-01,22.813796997070312,22.952683050914576,22.660292459317432,22.93075462793749,11583500
2014-04-02,22.959989547729492,23.09156564277887,22.674908937941247,22.82110351470758,14700900
2014-04-03,22.623748779296875,23.011165869460708,22.448312994276016,23.003855928899124,10064700
2014-04-04,22.199777603149414,22.850346848166026,22.192467664031117,22.769938912093114,12751000
2014-04-07,21.578445434570312,22.207084824772945,21.264125042354873,22.185156402953048,20367300
2014-04-08,21.585752487182617,21.658849075780058,21.271432136992615,21.62961071918669,13228600
2014-04-09,22.090129852294922,22.141299425987917,21.673473083250215,21.73195120181389,10692700
2014-04-10,21.381080627441406,22.133987558295686,21.322602513973088,22.126677619833618,13452400
2014-04-11,20.810916900634766,21.300671598473194,20.693960679738552,21.074069094765303,21448100
2014-04-14,21.242197036743164,21.31529503557207,20.964426314267364,21.03752431309627,12514500
2014-04-15,21.600379943847656,21.66616801630434,21.044838389680205,21.65154952904735,16657800
2014-04-16,21.848905563354492,21.91469361536969,21.49803688209226,21.841595624883006,14198000
2014-04-17,22.484859466552734,22.872277895282505,22.221707221058676,22.455619708507438,22966000
2014-04-21,22.64567756652832,22.733395460432337,22.36790679191808,22.638367625850602,10699000
2014-04-22,22.806489944458008,22.938064673614413,22.528717818594863,22.6237456384743,10803600
2014-04-23,22.689538955688477,22.879591851012016,22.543342919347122,22.8357335978011,9376700
2014-04-24,22.616443634033203,22.843046262573843,22.14861709850004,22.704160150913303,8438900
2014-04-25,22.353282928466797,22.579885472193812,22.265565050189164,22.492168988144556,8372900
2014-04-28,21.993928909301758,22.41928660142407,21.627241195444505,22.40461875715715,15303300
2014-04-29,22.38262176513672,22.41928998253142,22.037934366894085,22.111272200486315,10419700
2014-04-30,22.683303833007812,22.727305970167883,22.25794611031991,22.38995392060283,11016500
2014-05-01,22.89598274230957,22.954652726705643,22.63930243482848,22.66863672762513,10110200
2014-05-02,22.507291793823242,23.05732335301578,22.441287894815932,22.954649844114076,11464400
2014-05-05,22.05259895324707,22.221274966411155,21.79591727302198,22.184606754437265,12035100
2014-05-06,21.605239868164062,21.971927589474134,21.47323346348666,21.949927221429224,16285600
2014-05-07,21.781253814697266,21.825255954861117,21.282558230164245,21.70791598188897,12460700
2014-05-08,21.77391815185547,22.16260625671945,21.678578557181233,21.80325244335336,13039200
2014-05-09,21.766572952270508,21.803241147346185,21.50989139033485,21.634565211914914,10064700
2014-05-12,22.2432804107666,22.331286092379198,21.82525657041318,21.89126048192192,10196200
2014-05-13,22.2432804107666,22.382622157152024,22.14060828122095,22.213946116097638,7962700
2014-05-14,22.184600830078125,22.316608596015875,21.9865891811715,22.279938995031916,10046200
2014-05-15,21.83258628845215,22.08926796167786,21.458564661546554,22.015930140927285,20240100
2014-05-16,22.103933334350586,22.118601177549568,21.73724564719121,21.781249176788144,18004200
2014-05-19,22.11860466003418,22.28728068697225,21.91325901932518,21.94259471034193,7022400
2014-05-20,21.78858184814453,22.07459919726469,21.641907611562235,22.07459919726469,9958100
2014-05-21,22.00860023498535,22.081938069118227,21.89126025989389,21.898594183187463,6654800
2014-05-22,22.287275314331055,22.33127884024854,21.93525549980556,22.00125938987939,8235500
2014-05-23,22.36061668395996,22.382618450420164,22.25794457141759,22.29461278338197,5140000
2014-05-27,22.82263946533203,22.94731331962847,22.4632843450405,22.470618265740566,10960000
2014-05-28,22.683303833007812,22.903315917610872,22.66130206502642,22.873981625771734,6124400
2014-05-29,22.829971313476562,22.873974836378338,22.58795753272601,22.74930098576125,8615300
2014-05-30,22.631967544555664,22.76397535350502,22.50729365819268,22.690637526443965,7634400
2014-06-02,22.661300659179688,22.675968503590664,22.382618609384327,22.63196636916037,7509400
2014-06-03,22.624631881713867,22.63196580373613,22.294612384725113,22.52195837220481,10079500
2014-06-04,22.881315231323242,22.895981677638193,22.49995965108056,22.58063140042493,8074700
2014-06-05,23.196666717529297,23.218668486352488,22.71263899384131,22.932652485664885,8769400
2014-06-06,23.431346893310547,23.460681184817386,23.189333043467645,23.24066910270664,6544200
2014-06-09,23.45334243774414,23.65868663245956,23.36533818252394,23.431342073340296,9027800
2014-06-10,23.526689529418945,23.607358491790524,23.29200817301237,23.40201422828874,7113200
2014-06-11,23.240663528442383,23.394671669220568,23.13799003578789,23.394671669220568,5854200
2014-06-12,23.270000457763672,23.43134393650075,23.06465624672016,23.14532658728617,7086700
2014-06-13,23.16732406616211,23.387336079806044,23.086652341718274,23.313999674459577,8022300
2014-06-16,23.255329132080078,23.3286669388147,23.02798319012484,23.086653155752074,8527500
2014-06-17,23.834699630737305,23.91537136941199,23.181995996158534,23.203996362122528,13256300
2014-06-18,23.952041625976562,24.010713003702488,23.526685327884675,23.768697766990947,10725200
2014-06-19,23.864038467407227,24.069382703792275,23.68802712364476,24.040047013564298,6933700
2014-06-20,23.68069076538086,23.930038496732095,23.644022557336108,23.930038496732095,12071900
2014-06-23,23.849363327026367,23.915367211046732,23.578015269433557,23.783359443006002,6929900
2014-06-24,23.490015029907227,23.908038817254912,23.40201075825649,23.761365963705472,7776600
2014-06-25,23.636686325073242,23.70269021604882,23.365338238886906,23.402006445516705,7671800
2014-06-26,23.38733673095703,23.46067453714764,23.130656507493363,23.402004571955615,10559100
2014-06-27,23.137996673583984,23.446014442306435,23.12333022654217,23.2846723344243,9933900
2014-06-30,23.710025787353516,23.746693994372137,23.167326811621344,23.167326811621344,11595000
2014-07-01,23.702695846557617,23.90070756652148,23.629359415877154,23.76869975321224,7787600
2014-07-02,23.82737159729004,23.966711937323637,23.68802845965088,23.702696305592138,6190600
2014-07-03,23.922698974609375,24.25271838425511,23.922698974609375,24.00337069670105,5994200
2014-07-07,23.7540283203125,23.878703590767913,23.541348786809493,23.842032583360094,5635300
2014-07-08,23.284666061401367,23.644021193767525,23.07932047130676,23.607350190232673,9205600
2014-07-09,23.475345611572266,23.504681299358044,23.189331048476458,23.416677033605882,6292100
2014-07-10,23.23332977294922,23.277331899370047,22.881309963977834,22.91797816952813,7784900
2014-07-11,23.035316467285156,23.240662040646175,22.976646503296617,23.167324235959935,10112200
2014-07-14,23.32866859436035,23.585350236746073,23.27733254564369,23.54868203017772,11323100
2014-07-15,23.4680118560791,23.66602354182737,23.27000017033083,23.607352169336764,13796400
2014-07-16,23.834699630737305,23.91537136941199,23.570684048749253,23.66602363060161,16293100
2014-07-17,23.688020706176758,24.318723887183594,23.5560129335193,24.230719637946834,18525600
2014-07-18,23.937374114990234,24.04004622983555,23.636690293969544,23.79803378735807,9239500
2014-07-21,23.871370315551758,23.981377751990536,23.739362510867352,23.871370315551758,7125400
2014-07-22,24.135385513305664,24.289393683609177,23.915373441785608,23.915373441785608,8845100
2014-07-23,24.458070755004883,24.531409980416836,24.06205012820191,24.164722246173252,9363200
2014-07-24,24.494741439819336,24.641414293476235,24.377401478330608,24.5167418083468,6575500
2014-07-25,24.37740135192871,24.5314095260331,24.340730341099277,24.450737778376894,6292600
2014-07-28,24.252727508544922,24.480074920189395,24.106051849342215,24.348067106667507,7114900
2014-07-29,24.017332077026367,24.348349707485426,24.017332077026367,24.333640182385682,5716600
2014-07-30,24.5248966217041,24.635237710439593,24.090892642016524,24.10560497425395,9992400
2014-07-31,23.789297103881836,24.37777636929672,23.781942340728737,24.296859944160207,9131500
2014-08-01,23.24495506286621,23.781944008644203,23.127259201528787,23.671602910975697,11539300
2014-08-04,23.414142608642578,23.502415205868537,23.200819386834958,23.370007011552268,6942100
2014-08-05,23.105186462402344,23.502410973823512,23.016915284116582,23.31851104884225,9478400
2014-08-06,23.21552848815918,23.48034485592846,22.943357357325393,22.972780618719078,9099200
2014-08-07,23.068403244018555,23.42149070517112,22.96541834889875,23.34793046666979,6553100
2014-08-08,23.502412796020508,23.561259317410133,22.89186505386732,23.068408827171776,8512700
2014-08-11,23.598045349121094,23.759875413562973,23.370008377560524,23.531839845047823,6591200
2014-08-12,23.546545028686523,23.789294275232127,23.450917685569074,23.55390259705526,4522600
2014-08-13,23.55390739440918,23.730449785954118,23.546549824541888,23.649536160048942,4837900
2014-08-14,23.664241790771484,23.730445878221577,23.59068294075594,23.59068294075594,3974800
2014-08-15,23.70102310180664,24.06146538141696,23.524477940096375,23.745157287666594,9457900
2014-08-18,23.98790740966797,24.083536159337978,23.826074572701838,23.884923897449614,4925400
2014-08-19,23.929061889648438,24.157098850168637,23.929061889648438,24.046757751767416,4257000
2014-08-20,23.936416625976562,24.017333047746863,23.818720777789867,23.8334331095745,4234700
2014-08-21,24.296857833862305,24.31157016498115,23.90699088052871,24.024686723389244,7309100
2014-08-22,24.620529174804688,24.68673327703688,24.21594699111302,24.267441564929957,9082600
2014-08-25,25.157514572143555,25.42968572164409,24.77500232647463,24.77500232647463,13975800
2014-08-26,25.30463409423828,25.41497237993775,25.13544367186947,25.13544367186947,8462100
2014-08-27,25.106021881103516,25.378193020546053,25.0471725503643,25.37083825724892,5679900
2014-08-28,25.054534912109375,25.09866911251511,24.804430820809607,25.010397905612567,4459200
2014-08-29,25.238426208496094,25.385543900658714,25.069238617636994,25.120730371111936,4946700
2014-09-02,25.414968490600586,25.48853014256671,25.14279739355117,25.31933974608967,5115700
2014-09-03,25.422325134277344,25.738633211002867,25.363475814844687,25.55473329691082,7151500
2014-09-04,25.525318145751953,25.67979345767201,25.392909933794467,25.392909933794467,7326400
2014-09-05,25.47382926940918,25.481184034868658,24.966263463872952,25.319351133846514,10032500
2014-09-08,25.64301109313965,25.81219872107193,25.444398797891132,25.444398797891132,8149200
2014-09-09,24.94418716430664,25.334054130013637,24.8779830752158,25.334054130013637,11411200
2014-09-10,25.253145217895508,25.304636984989013,25.039820579313346,25.039820579313346,6451400
2014-09-11,25.547380447387695,25.56209277996314,25.083951792577984,25.09866412515343,6794200
2014-09-12,25.753341674804688,25.804836230233825,25.525307586613664,25.547374677447664,10199400
2014-09-15,25.900470733642578,25.915183067764616,25.569450231123735,25.723928336359737,9632700
2014-09-16,25.826913833618164,25.91518503897383,25.62094675242459,25.848980933434323,8498200
2014-09-17,26.15792465209961,26.31975466750228,25.819546679334067,25.885750760300155,10979800
2014-09-18,26.577211380004883,26.665482536489588,26.216766381383998,26.260903362671087,15158500
2014-09-19,26.30504608154297,26.80525414090244,26.275624223885057,26.783187046136412,29864600
2014-09-22,25.878398895263672,26.334469945143418,25.782770144032494,26.26091109409808,10144200
2014-09-23,25.760704040527344,26.165283349014803,25.73863694558324,25.900466985323984,10882300
2014-09-24,25.73128318786621,25.804844858726526,25.40026268422184,25.554740789983093,13351900
2014-09-25,25.172225952148438,25.819551753145355,25.05453009686804,25.819551753145355,12328200
2014-09-26,25.488534927368164,25.525314357210547,25.20900620960293,25.297277402442774,8237100
2014-09-29,25.378189086914062,25.444393170688745,25.032456337636255,25.150152174781237,8218000
2014-09-30,25.4296817779541,25.532665288492016,25.186935332556196,25.414969447007227,9795300
2014-10-01,24.98096466064453,25.341409741428773,24.870626391409438,25.282560419631302,14873200
2014-10-02,25.216367721557617,25.289929407019642,24.85592528411353,25.04718005413203,8472000
2014-10-03,25.78277015686035,25.86368657670466,25.407615526598,25.46646204624549,8810400
2014-10-06,25.738651275634766,26.040247234176775,25.64302246748477,25.98875544657877,7040600
2014-10-07,25.025104522705078,25.598871445598583,25.025104522705078,25.591516682575264,10127800
2014-10-08,25.378189086914062,25.40025617947559,24.569030557303567,25.0398139058835,12407900
2014-10-09,24.49547004699707,25.414969694452594,24.451335859816954,25.414969694452594,13511600
2014-10-10,24.230655670166016,24.7602884081228,24.223300907067934,24.37042142384376,11182800
2014-10-13,24.164451599121094,24.59845558064078,24.149742072912023,24.333642017520525,14668800
2014-10-14,24.28214454650879,24.58374030734265,24.112956954440047,24.274789784284117,12915600
2014-10-15,23.98790740966797,24.098245684434673,23.061051590567384,23.826074572701838,21646700
2014-10-16,23.929061889648438,24.421915241459015,23.193463452927492,23.28909081475716,16433900
2014-10-17,24.436626434326172,25.010393384612417,24.32628534107548,24.80442633704106,16422900
2014-10-20,24.51017951965332,24.774995836211456,24.370416599732042,24.370416599732042,11047500
2014-10-21,25.054534912109375,25.157518454510857,24.672022607410256,24.71615680781599,11217400
2014-10-22,24.591102600097656,25.091310710179137,24.569035503093982,25.076598376813134,8777600
2014-10-23,24.98096466064453,25.20900157347457,24.877981153589065,24.936830475386536,9031800
2014-10-24,25.245779037475586,25.370832433545992,24.97360796050808,25.047166800956628,7685600
2014-10-27,24.98096466064453,25.238426234373307,24.877981153589065,25.231068666103567,9918800
2014-10-28,25.27521514892578,25.43704803855101,25.03246581448794,25.12809459527477,10582300
2014-10-29,25.371110916137695,25.47439501343347,25.142411219062932,25.23094004327637,10520000
2014-10-30,25.467021942138672,25.621948107294365,25.223564127510354,25.28258522715877,9028800
2014-10-31,25.784250259399414,26.00557372827328,25.71047389358773,25.82113703516496,11434400
2014-11-03,25.60719108581543,25.968688260803333,25.555549034285836,25.85802511365092,8011000
2014-11-04,25.5703067779541,25.695725211126025,25.40062533307057,25.614572603946723,8514000
2014-11-05,25.74736976623535,25.880164442818945,25.5555539826007,25.73999072071333,9461300
2014-11-06,26.04984474182129,26.116242077150428,25.71785806517559,25.858028966745483,8892100
2014-11-07,26.308048248291016,26.352314065179915,26.071969520111075,26.293292975994714,10831600
2014-11-10,26.470359802246094,26.5662648738414,26.28592307555819,26.403962468067203,9352000
2014-11-11,26.403955459594727,26.5515053646367,26.30804759917539,26.470352776149596,7019200
2014-11-12,26.536760330200195,26.55889183949638,26.219528896974804,26.263791915567175,9249000
2014-11-13,26.440841674804688,26.654788891890657,26.271160272582115,26.595767805406126,7376600
2014-11-14,26.33018684387207,26.625286740747484,26.2711685530657,26.470360561314425,7219100
2014-11-17,26.26378631591797,26.396580971945085,26.130991659890853,26.182636527706595,6208700
2014-11-18,26.16787338256836,26.418707344699172,26.167873382568356,26.308044226534403,5319600
2014-11-19,26.175254821777344,26.27116268899613,25.93917608268537,26.094102227536872,5748700
2014-11-20,26.108863830566406,26.138374383677828,25.843274481126095,25.968692924709018,6090600
2014-11-21,26.21214485168457,26.499865674784914,26.16050279698866,26.45560266463465,7477400
2014-11-24,26.278547286987305,26.485118360187638,26.190018435205136,26.322813120019116,6739000
2014-11-25,26.042457580566406,26.403954696761257,26.027702309060462,26.389199425255317,7646700
2014-11-26,25.90966796875,26.13099145563827,25.872781189982092,26.13099145563827,6138100
2014-11-28,25.95393943786621,25.976070947085287,25.850655309135288,25.850655309135288,3534700
2014-12-01,25.894914627075195,25.97606723498998,25.49653344665513,25.83589633949783,8802400
2014-12-02,26.38920021057129,26.48510807107389,25.97606103895118,25.97606103895118,9335200
2014-12-03,26.94251823425293,26.964649741593572,26.322810700184064,26.337565976504894,9147400
2014-12-04,27.141704559326172,27.230233384430832,26.72856535170341,26.92775731889935,9165300
2014-12-05,27.473691940307617,27.842565338562505,27.267120923574012,27.28925524118017,11489700
2014-12-08,28.034387588500977,28.137671724068287,27.370414125165937,27.53271937493264,14069300
2014-12-09,28.108150482177734,28.137661028059544,27.481066860732305,27.680258824013695,12283800
2014-12-10,27.5843563079834,28.100779703971146,27.510582743248477,27.967985036023407,13788700
2014-12-11,27.59173011779785,28.078642869792844,27.517953752780084,27.842564130297124,8942200
2014-12-12,26.743322372436523,27.37040604718134,26.721190868284364,27.11219578447013,10965300
2014-12-15,26.507234573364258,27.163828572562295,26.300666433647077,27.00152342605318,10472000
2014-12-16,26.204776763916016,26.794973868316468,26.15313469317359,26.337571464191342,11456800
2014-12-17,27.097448348999023,27.1343351380168,26.234285666000286,26.41872242537078,11919000
2014-12-18,28.108150482177734,28.108150482177734,27.503198363003385,27.584350957038087,12773100
2014-12-19,28.410633087158203,28.49916474520003,27.99011756144373,28.004872837784035,12526800
2014-12-22,28.454893112182617,28.499158932174552,28.071264448427744,28.395874833140667,8650600
2014-12-23,28.735246658325195,28.82377551169881,28.44752577414983,28.661470268612597,5872600
2014-12-24,28.631961822509766,28.89754837609575,28.506543370225064,28.890172144446737,2495100
2014-12-26,28.56556510925293,28.78688864925316,28.550809831348715,28.69835979610937,3091700
2014-12-29,28.742612838745117,28.904918025072533,28.41800528037081,28.528665604819075,3466900
2014-12-30,28.77212142944336,28.831142516563443,28.454890121873735,28.528663666493507,4010600
2014-12-31,28.624561309814453,28.9122819711365,28.617185083697187,28.860639945477637,6492900
2015-01-02,28.55817413330078,28.88278448302816,28.21881132611336,28.809008124326336,7333800
2015-01-05,27.66551399230957,28.4696583782573,27.422056118322068,28.373750475085107,12507900
2015-01-06,26.868743896484375,27.69502254761653,26.603157345350553,27.643380483705947,16507800
2015-01-07,27.252378463745117,27.33353109980332,27.001544322420685,27.245002230595286,9957700
2015-01-08,27.658140182495117,27.857329424116916,27.510590198757384,27.510590198757384,8079600
2015-01-09,27.208110809326172,27.74666579470265,27.031050286738648,27.724534284734787,7807500
2015-01-12,26.83185386657715,27.252369372892133,26.588398853896347,27.244993142202865,9385900
2015-01-13,26.581010818481445,27.340891779392113,26.322800617474986,27.07530253591111,12447800
2015-01-14,25.9760684967041,26.079352615692006,25.57030825170256,26.07197638474194,15898600
2015-01-15,25.511287689208984,26.012952963288605,25.289961380482158,25.821140018577065,17568100
2015-01-16,25.73998260498047,25.858021967583873,25.03174642936005,25.348977744034272,27056100
2015-01-20,25.636703491210938,25.695724591110306,25.076017113571666,25.083393343918615,19400600
2015-01-21,25.6219482421875,25.769498177804422,25.17930124961768,25.592437692207927,15830500
2015-01-22,26.21214485168457,26.249034445851002,25.289961283141984,25.511287591016934,18792700
2015-01-23,25.93180274963379,26.440847059977905,25.917047475007468,26.07197363716252,10969300
2015-01-26,25.902301788330078,25.93918858140939,25.570315022052437,25.73262028873971,9899900
2015-01-27,25.5703067779541,25.84327233587274,25.341604231747073,25.562930547429172,9021500
2015-01-28,24.985795974731445,25.733074969536677,24.956200040451886,25.733074969536677,14730700
2015-01-29,25.429725646972656,25.525911029536545,24.985797888471996,25.141172321704843,11378800
2015-01-30,25.015392303466797,25.474118002338844,24.970998401347433,25.12637282512969,11693000
2015-02-02,25.466726303100586,25.466726303100582,24.948811380316737,25.126381404578442,12373400
2015-02-03,25.925453186035156,25.96244670332631,25.56290994276314,25.56290994276314,14545300
2015-02-04,25.725679397583008,26.043828659768163,25.622096441973678,25.851457894416097,10246300
2015-02-05,25.84406280517578,25.95504616680811,25.747877413256038,25.821867261818966,10524000
2015-02-06,26.48036003112793,26.865098756629312,26.043829825503664,26.214002234825124,17087400
2015-02-09,26.36197853088379,26.5395485096232,26.214001666985,26.265793145985988,8454100
2015-02-10,26.75412368774414,26.828110733001633,26.48776580893739,26.598749199248488,12491700
2015-02-11,26.90949249267578,27.042671403950386,26.68013100736616,26.702326551770508,7798100
2015-02-12,27.30162811279297,27.338621622812013,26.998276814758555,27.013071960827055,8167100
2015-02-13,27.21285057067871,27.52360238143428,27.050078500687665,27.323833965039622,8019200
2015-02-17,27.316421508789062,27.390411346510767,26.946480787451677,27.101858035455404,6800200
2015-02-18,26.90949249267578,27.35342313773256,26.746720463003467,27.316426800492962,7745800
2015-02-19,26.879898071289062,27.079663606093177,26.69492768375448,26.857699705536504,5856500
2015-02-20,27.183256149291992,27.264640769195932,26.524759035188715,26.813315282288386,11019700
2015-02-23,26.83550262451172,27.064866907984523,26.768913175917934,27.0500689391388,7399600
2015-02-24,27.183256149291992,27.375624158266945,26.82071285776153,26.82071285776153,8910400
2015-02-25,27.0722713470459,27.309033263775227,27.0722713470459,27.14625838761456,7358500
2015-02-26,26.68011474609375,27.00566142944508,26.546935915990353,26.96126754526977,10363200
2015-02-27,26.48036003112793,26.66533040940221,26.435966124269466,26.606138533590926,8264200
2015-03-02,26.81330680847168,26.820704381606973,26.354578246213446,26.369376214907962,7118100
2015-03-03,26.502552032470703,26.95388014674808,26.428565020015622,26.635730912828738,8338800
2015-03-04,25.962444305419922,26.39897454295606,25.910652821510904,26.37677899911625,11533500
2015-03-05,26.28059959411621,26.295397567523082,25.866264805998277,26.07343361126966,8976400
2015-03-06,26.287994384765625,27.116663873215664,26.13261991409044,26.19920937615474,14177300
2015-03-09,26.391572952270508,26.45076482972996,26.125217970975175,26.287989989140534,8573800
2015-03-10,25.807064056396484,26.073421812336388,25.770070550832287,26.00683237335141,10996700
2015-03-11,25.85886573791504,26.014240216081625,25.73308438242923,25.807074245192844,10593900
2015-03-12,27.442211151123047,27.508800614072342,26.702329483875108,26.909495447528666,18321000
2015-03-13,26.894697189331055,27.538396265133446,26.69493162503326,27.331227481259607,11237500
2015-03-16,27.175861358642578,27.220255287915837,26.86511232100601,27.042682393248217,8077200
2015-03-17,27.042665481567383,27.116655317418427,26.702320703923505,26.909486599459143,8381800
2015-03-18,27.175861358642578,27.353434253310198,26.887307874429933,26.968695333551533,9870300
2015-03-19,26.71712875366211,27.131460701094884,26.406376970662816,27.07227163250079,10873800
2015-03-20,27.00568199157715,27.14625849820014,26.702330608130392,26.746724526107243,14009000
2015-03-23,26.865097045898438,27.124054430022802,26.85769665068128,26.961279604331025,7341600
2015-03-24,26.81330680847168,26.961280850568983,26.635734006561407,26.81330680847168,7952200
2015-03-25,26.228797912597656,26.805904539225388,26.169606041956996,26.805904539225388,9066500
2015-03-26,26.354585647583008,26.435973087047575,25.895859778921047,26.110426151614043,10180500
2015-03-27,26.50995635986328,26.53954947578122,26.184406682949696,26.30278761389354,9157800
2015-03-30,26.865097045898438,27.05006741239407,26.61353723456742,26.63573277537128,8954200
2015-03-31,26.406373977661133,26.828106274882828,26.376780857930644,26.79111275840142,10258200
2015-04-01,26.613540649414062,26.657931736717707,26.16221244566591,26.42857025918444,7975800
2015-04-02,26.68011474609375,26.783697653413604,26.480346500938655,26.495144462330426,6271300
2015-04-06,26.569149017333984,26.739321452242418,26.214006176339286,26.34718509451535,6624300
2015-04-07,26.59134292602539,26.94648574515883,26.58394535210405,26.783713717071155,8045000
2015-04-08,26.82810401916504,26.93168980799759,26.59874254281049,26.694927935514354,6602800
2015-04-09,27.109262466430664,27.16845435158308,26.709725708925166,26.74672204835764,7910400
2015-04-10,26.81330680847168,27.220241069087137,26.60613806917237,27.1906451316981,10047800
2015-04-13,26.85770034790039,27.087064650001732,26.761514953803157,26.813309260181814,6207400
2015-04-14,27.25723648071289,27.368219842450525,26.85769976536637,26.97608070075525,12320000
2015-04-15,27.66417121887207,27.78995255237854,27.205445439595206,27.294230436972363,13022600
2015-04-16,27.641979217529297,27.78995611373766,27.434813256292315,27.782555716593745,8876100
2015-04-17,27.19064712524414,27.4274089968673,27.0204747064165,27.412611027087834,10033800
2015-04-20,27.346017837524414,27.708560991520304,27.15364990152627,27.612375612309354,13301900
2015-04-21,27.19064712524414,27.627177355253867,27.15365361200755,27.346021574292312,11380900
2015-04-22,27.523597717285156,27.70116773126164,27.1018654060604,27.257239873895948,10161300
2015-04-23,27.656770706176758,27.797347172287697,27.383012524516253,27.50139344924754,8486900
2015-04-24,27.641979217529297,27.708568679701834,27.41261488728511,27.708568679701834,8643200
2015-04-27,27.41260528564453,27.849135424225043,27.37561178015606,27.701158579847597,8924200
2015-04-28,27.51661491394043,27.605760818830866,27.20459999597807,27.360608871907864,7525400
2015-04-29,27.850915908813477,27.999491473981074,27.278890914447004,27.278890914447004,9518400
2015-04-30,27.717193603515625,28.006919901834042,27.55375709312183,27.72462124767123,10413900
2015-05-01,27.865772247314453,27.954920990448024,27.71719667655322,27.858344602335332,6469600
2015-05-04,28.162927627563477,28.185213395267347,27.880628956426534,27.91777568112927,7375700
2015-05-05,27.821199417114258,28.19264399455531,27.754339279818982,28.021779829000096,10339600
2015-05-06,27.5240421295166,27.954919191915497,27.308603598317152,27.88062857741715,9532500
2015-05-07,27.888059616088867,27.947489274984314,27.375464284392294,27.472040668231788,12404700
2015-05-08,28.148073196411133,28.200075217138977,27.880632613297877,27.95492323855022,10037900
2015-05-11,28.415517807006836,28.601240145614724,28.110933285045817,28.118360931675017,12349100
2015-05-12,28.021780014038086,28.252073839878026,27.828627245510834,28.229788071931516,9689300
2015-05-13,28.066347122192383,28.177781612139558,27.836053332683523,28.073777599600486,7016100
2015-05-14,28.33379364013672,28.356079409293923,28.103499801785862,28.207503836382685,7291300
2015-05-15,28.118356704711914,28.370939160604465,28.036641268482832,28.31150949481081,7093800
2015-05-18,28.474943161010742,28.52694517604307,28.118353866650086,28.148070113496356,6061400
2015-05-19,28.742380142211914,28.861242292644768,28.4749424291609,28.4749424291609,7380900
2015-05-20,28.474943161010742,28.71266746798633,28.370936297048807,28.675520742479858,6339300
2015-05-21,28.25950050354004,28.482366654610864,28.22978426102477,28.363504518446632,7141500
2015-05-22,28.356081008911133,28.489801299192568,28.244649322941644,28.25950744785042,5513900
2015-05-26,28.07378578186035,28.34122636856317,27.925207363259048,28.24464997138768,8434000
2015-05-27,28.690383911132812,28.772102187381645,28.133216937324732,28.237220985678597,8252300
2015-05-28,28.7721004486084,28.80924434450468,28.534376114195076,28.653238281401737,9717600
2015-05-29,28.37836456298828,28.75723676209626,28.35607596264283,28.70523475111864,7858800
2015-06-01,28.660673141479492,28.76467719944433,28.348658133686946,28.541808122207637,8830700
2015-06-02,28.6160888671875,28.77952537829121,28.430366589623116,28.54922873390844,6178700
2015-06-03,28.9801082611084,29.1509752816454,28.682954262825838,28.816674553917142,7812600
2015-06-04,28.749805450439453,29.128677601216552,28.668087205357,28.697803446095474,7713400
2015-06-05,29.188114166259766,29.269832422775018,28.935531752438564,29.143539798915874,9808100
2015-06-08,29.039533615112305,29.52984028382753,28.96524584229665,29.44812203339218,7327000
2015-06-09,29.06925392150879,29.180685596309768,28.81667149117038,29.032110029908463,7807900
2015-06-10,29.633846282958984,29.678420649970224,29.091537570192358,29.195541592654852,9546900
2015-06-11,29.618993759155273,29.84929044806472,29.44070192520402,29.715570155652475,6981000
2015-06-12,29.425838470458984,29.611560750293844,29.351547858186784,29.455554715367864,5896300
2015-06-15,29.366418838500977,29.448137130831572,28.935544434255554,29.136124924367476,5635300
2015-06-16,29.522418975830078,29.574420994740425,29.232689798318518,29.262406047380857,4580300
2015-06-17,29.403568267822266,29.68586424219217,29.366421525074855,29.633862203024105,7029500
2015-06-18,29.559558868408203,29.663562892148732,29.210400073938906,29.477840611498614,7593800
2015-06-19,29.24755096435547,29.6635699927983,29.13611926962995,29.440703769449485,10338800
2015-06-22,29.604143142700195,29.752721597942898,29.500139074199804,29.61157362410641,8676300
2015-06-23,29.871562957763672,29.893851552536066,29.70069884528916,29.760131319487087,9380300
2015-06-24,29.448139190673828,29.908729885056623,29.373851374576084,29.693294084813747,8065700
2015-06-25,29.13612937927246,29.61900589176023,29.076696854345418,29.581861980630215,8939700
2015-06-26,29.34413719177246,29.50757379943499,29.240133108314026,29.32185141214529,8325600
2015-06-29,28.460084915161133,29.121255818211406,28.45265443653289,28.83895714218078,10819300
2015-06-30,28.816675186157227,29.03954139823324,28.645810995769025,28.838960957195535,11102300
2015-07-01,29.24011993408203,29.366409740267347,29.106399648769663,29.31440772196781,10549900
2015-07-02,28.97266960144043,29.262395844031396,28.772089241055188,29.165819485202242,6801200
2015-07-06,28.861249923706055,28.91325195115145,28.52695198552791,28.534379632063843,8044500
2015-07-07,28.690383911132812,28.89839484173832,27.969783218724846,28.779532667348505,12759200
2015-07-08,28.07378578186035,28.474946661914583,28.058927656610457,28.35608165991544,9113300
2015-07-09,28.3040714263916,28.660660661133548,28.266927540992548,28.593800533856534,7286000
2015-07-10,28.705232620239258,28.86123864159131,28.56408472004885,28.78695086967991,6780400
2015-07-13,29.210391998291016,29.254966353526758,28.935523892411414,29.032100245140693,7183900
2015-07-14,29.500133514404297,29.648711941644894,29.165832761587396,29.217837619934727,8054600
2015-07-15,29.492692947387695,29.678415191598074,29.329256465635662,29.678415191598074,7649400
2015-07-16,29.64870834350586,29.782428628404453,29.596706325367233,29.72299613116177,7969800
2015-07-17,29.86414337158203,29.90128726102749,29.47041020854828,29.537270343108947,8153700
2015-07-20,29.745285034179688,30.488174253811167,29.641280996854878,30.384170216486353,15141800
2015-07-21,29.775001525878906,29.953293353061625,29.50013047196784,29.50013047196784,11773400
2015-07-22,30.116727828979492,30.176157489341733,29.774999488679022,29.841856793875053,9435900
2015-07-23,29.670995712280273,30.26530938115065,29.5744221499018,30.0721565885985,10281600
2015-07-24,29.418411254882812,29.80471397984923,29.150973522734436,29.797286334746804,8370100
2015-07-27,29.158397674560547,29.25497405270632,28.876099018232857,29.165825318773113,11948000
2015-07-28,29.158397674560547,29.507556464389605,28.994961162913402,29.418407730456398,9201100
2015-07-29,29.300094604492188,29.41941276577089,29.024169045160093,29.09874467394013,9677800
2015-07-30,29.307544708251953,29.382120321670993,28.97196155978821,29.195685555276555,5512100
2015-07-31,28.964500427246094,29.344826033422976,28.927214049349267,29.292624535413765,7347600
2015-08-03,28.90485382080078,29.0614612347665,28.65130234672491,29.054002248745935,7078100
2015-08-04,29.024169921875,29.218063717790564,28.88993947555504,28.971968402536834,6365800
2015-08-05,29.083820343017578,29.344827849214198,28.934671977433027,29.300085330876755,4981000
2015-08-06,29.031625747680664,29.218060537817443,28.83027583296065,29.11365751050391,7573500
2015-08-07,28.77061653137207,29.218058864162508,28.531977396479004,29.046539208433874,8329500
2015-08-10,29.14349365234375,29.203151317970057,28.934684710727385,28.934684710727385,5585000
2015-08-11,28.27842903137207,28.740789382508222,28.13673960782541,28.696044006497512,11188900
2015-08-12,28.01741600036621,28.069617506507267,27.271676947186876,28.017416000366214,13981400
2015-08-13,28.151653289794922,28.30080169074766,27.942847235322564,28.121823040650543,6554200
2015-08-14,28.37537956237793,28.38283854838752,28.04725529719708,28.10691296142558,5029500
2015-08-17,28.442485809326172,28.47231605291436,28.002499673090522,28.136732924468763,5109200
2015-08-18,28.203853607177734,28.494691412076993,28.181482343652874,28.390288389268953,8794400
2015-08-19,27.920475006103516,28.174026451365307,27.7713294398772,28.047252151119075,8549700
2015-08-20,26.97338104248047,27.592345841716106,26.97338104248047,27.547600472991142,14129400
2015-08-21,25.511737823486328,26.76457993035662,25.474451431747077,26.525943609502217,30185700
2015-08-24,24.05754280090332,25.06429232149727,22.6704690025377,23.580271640829494,24624100
2015-08-25,23.684673309326172,25.20598029017827,23.66230062490761,25.20598029017827,19890100
2015-08-26,24.833112716674805,24.982261113169926,23.960599291047266,24.422956759890003,25346400
2015-08-27,25.5788516998291,25.61613808753533,25.0195473499286,25.35513052882271,21258600
2015-08-28,25.392419815063477,25.49682285046609,25.1463273522958,25.437165192280037,13192400
2015-08-31,25.690715789794922,26.078500511859172,25.258185691995433,25.422249224922034,13393000
2015-09-01,24.69887924194336,25.183610815388747,24.467701931800597,24.922600412468526,14590100
2015-09-02,25.198528289794922,25.21344341519035,24.728711796531446,25.168698039004067,12151000
2015-09-03,25.20598602294922,25.72054792491568,25.086667857015012,25.243272416409383,11670800
2015-09-04,24.751087188720703,25.012097659502214,24.497535704265108,24.84803409756925,12774100
2015-09-08,25.556488037109375,25.668347233496952,25.235819886879202,25.28056527229616,13449200
2015-09-09,25.16869354248047,26.138153761829667,25.09412077359545,25.989005379290838,10657200
2015-09-10,25.258190155029297,25.459540114261795,24.959896131728005,25.079214310002477,9692500
2015-09-11,25.347675323486328,25.362587603303247,24.96734675846469,25.183611797808826,7800900
2015-09-14,25.213438034057617,25.43715917770318,25.079204778916544,25.295466939071666,9102200
2015-09-15,25.787656784057617,25.9218871910273,25.198522273069386,25.310381419672225,8776700
2015-09-16,25.81749153137207,25.936809695237713,25.57885520364079,25.81003539071709,10540400
2015-09-17,25.392419815063477,26.026299857502618,25.273101653922012,25.795119675704434,13617200
2015-09-18,24.631757736206055,25.056828729591068,24.490068353333868,25.02700133224903,19591300
2015-09-21,24.862945556640625,25.05683650095714,24.631765375736514,24.870401697096536,8950900
2015-09-22,24.191776275634766,24.51244432808969,23.938224858455733,24.437871553236036,13385500
2015-09-23,24.102293014526367,24.445332396489892,23.94568845033905,24.15449453592214,12264700
2015-09-24,23.841283798217773,23.90840186826648,23.40129751792518,23.826370093925053,16766500
2015-09-25,24.00533676147461,24.45278185669712,23.90839274222958,24.273803249654424,13797800
2015-09-28,23.185033798217773,23.803997329552505,22.97622629253946,23.774167076290702,15445400
2015-09-29,23.125370025634766,23.31926236537239,22.72267022255251,23.185029097678303,13715900
2015-09-30,23.49078369140625,23.70704873194475,23.32672158720726,23.52061394074311,15024800
2015-10-01,23.49078369140625,23.7219624342286,23.13282923367141,23.43112461511711,13358700
2015-10-02,23.43857765197754,23.468406473170532,22.48403119326864,22.670465948473822,22822500
2015-10-05,24.079917907714844,24.22160732251851,23.647387833941906,23.669760520566747,11635700
2015-10-06,24.132122039794922,24.18432355853365,23.818911504977862,23.91585697943768,8875100
2015-10-07,24.557188034057617,24.855484802775663,24.326007896062688,24.713792557488624,13458400
2015-10-08,24.601938247680664,24.765998942492295,24.23652477627825,24.669054891621133,11407600
2015-10-09,24.400590896606445,24.803287958071444,24.169410688634017,24.572110594868693,11711000
2015-10-12,24.460243225097656,24.49752961314697,24.25889331590848,24.42295683704834,7034500
2015-10-13,24.318557739257812,24.736169904471407,24.243982106348586,24.25144109202427,10943700
2015-10-14,24.266353607177734,24.683965727449916,24.147035452132936,24.296183857131236,9877500
2015-10-15,25.06429100036621,25.116492508523002,24.13211714789659,24.393124688680548,12920500
2015-10-16,25.317842483520508,25.41478936102467,24.982259326597518,25.235810729076128,13804700
2015-10-19,24.102293014526367,24.10975200030837,23.565361251389415,23.803997590561394,39255600
2015-10-20,24.050090789794922,24.161952815097106,23.61756208209865,24.02026053707841,23590400
2015-10-21,23.47586441040039,24.169401938463096,23.386376523002554,24.161945799833546,22175900
2015-10-22,24.124662399291992,24.184322901812987,23.587730678065036,23.639933617770907,18753800
2015-10-23,24.32601547241211,24.601941065082553,24.117209376138007,24.2961880620656,14730700
2015-10-26,24.273807525634766,24.47515742723865,24.102287871254184,24.333468020081373,10952300
2015-10-27,24.035175323486328,24.139578361747983,23.71450722324299,24.124663235600686,13302400
2015-10-28,25.054126739501953,25.19648156735188,24.057657234910216,24.087626973201946,17285600
2015-10-29,25.129043579101562,25.383780562347347,24.986688793773485,25.05411925575239,12759600
2015-10-30,24.701984405517578,25.151518903616623,24.672014676825473,25.054118714402595,13581100
2015-11-02,25.084087371826172,25.263902878228773,24.73944408079758,24.799380677551436,9887900
2015-11-03,24.941740036010742,25.129046579643017,24.78440322529668,24.926755169551633,11389800
2015-11-04,25.02414894104004,25.173991850977878,24.904272898247584,25.02414894104004,9125400
2015-11-05,25.383777618408203,25.511144666224073,25.03164048468372,25.121546804204947,12192300
2015-11-06,26.53009605407715,26.679941845507173,26.11052840968724,26.177958872927213,19355200
2015-11-09,26.30533790588379,26.777351312028614,26.103046446107435,26.612520598565272,10976800
2015-11-10,26.40273094177246,26.462667547934746,26.020624002462913,26.22291540714368,7335600
2015-11-11,26.237897872924805,26.6274957805871,26.185452275553985,26.507619721157987,7506000
2015-11-12,25.64600944519043,26.050592231203545,25.608548711241983,26.02811636244864,10403400
2015-11-13,25.421241760253906,25.750900214811672,25.30885670220859,25.503657088411035,8728000
2015-11-16,25.511154174804688,25.57858465409605,24.8892978507367,25.27889585796776,11227400
2015-11-17,25.16650390625,25.803344925068124,25.07659757775029,25.803344925068124,10853300
2015-11-18,25.66099739074707,25.705951991724064,25.18149307927705,25.24142968917523,10396200
2015-11-19,25.60105323791504,25.803344618186497,25.43622544730433,25.6834685622557,8947800
2015-11-20,25.406251907348633,25.870771197134285,25.308851733369803,25.72092829325324,8624100
2015-11-23,25.203964233398438,25.57857726387837,25.151518637776896,25.413746615884605,7963000
2015-11-24,25.16650390625,25.30885583121376,24.85932133064457,24.92675179153701,7954500
2015-11-25,25.181482315063477,25.286373481101304,25.05411242911046,25.188973316321928,6210000
2015-11-27,25.30885124206543,25.413742415974053,25.084084032536936,25.19646906633625,3014600
2015-11-30,25.698453903198242,25.87077555816582,25.24891939963679,25.331334725506213,17416300
2015-12-01,26.42520523071289,26.48514183328896,25.92322225104319,25.92322225104319,18594200
2015-12-02,26.1404972076416,26.522604105069043,26.013130147212888,26.49263437623735,10996500
2015-12-03,25.810840606689453,26.387745066552238,25.69096454087841,26.26037513896315,15021200
2015-12-04,26.462663650512695,26.657464022509583,25.780868064664677,25.968174575700623,13205400
2015-12-07,25.983163833618164,26.455177121511635,25.78836342867818,26.43269839289793,8389200
2015-12-08,25.518648147583008,25.73592159683498,25.353817451258834,25.646015243417907,10613400
2015-12-09,25.001678466796875,25.705952951372524,24.791896037214975,25.323845973981214,13211200
2015-12-10,25.039134979248047,25.39876602363035,24.93424378216603,25.099074439335354,10674500
2015-12-11,24.035175323486328,24.761922717063744,23.92279026215507,24.58211004861873,16133000
2015-12-14,23.885332107543945,24.364837877006025,23.518211418275506,24.07264009818813,14990100
2015-12-15,24.604585647583008,24.7844011721251,24.394803250676237,24.4547398534764,13708800
2015-12-16,25.181482315063477,25.301358341688125,24.48470201716087,24.85182109829326,13682900
2015-12-17,24.25994300842285,25.3613034814263,24.24495814278099,25.346321473855323,15959800
2015-12-18,23.44328498840332,24.16254134722083,23.41331525893491,24.07263501688632,19331700
2015-12-21,23.73548698425293,23.825393330794526,23.36836630629757,23.690533810982128,10920100
2015-12-22,24.140064239501953,24.259940293148933,23.68303589182578,23.945263866031503,11468400
2015-12-23,24.424766540527344,24.522166721121046,24.185014448350834,24.327369218004026,6807100
2015-12-24,24.334863662719727,24.50718532471762,24.30489393244076,24.402294126812016,2798200
2015-12-28,24.102598190307617,24.24495295440621,23.937770419661742,24.24495295440621,5420300
2015-12-29,24.38730812072754,24.49969317498042,24.22248032804615,24.304892795351517,6388200
2015-12-30,24.14756202697754,24.462238542506867,24.12508615375093,24.349853460231103,5057200
2015-12-31,23.832876205444336,24.19999673615225,23.802907911628914,23.90779908353545,8154300
2016-01-04,23.58564567565918,23.61561541625794,22.896357361282444,23.00125002434222,15749200
2016-01-05,23.435789108276367,23.750464076224407,23.17355973014714,23.585633446467963,9850500
2016-01-06,22.85140037536621,23.061184237527325,22.66409381491239,22.948799158026514,13057400
2016-01-07,21.712570190429688,22.52922668437307,21.56272584058101,22.386873337336862,18138200
2016-01-08,21.263036727905273,22.094678181176725,21.203098695266323,22.034740148537775,15295600
2016-01-11,21.322975158691406,21.427867789544713,20.835978455777184,21.315484154877655,19414800
2016-01-12,21.322975158691406,21.637650193180438,20.97833182184103,21.532758991362577,16041800
2016-01-13,20.146686553955078,21.577708090486876,19.854488873113716,21.525262499467676,29721900
2016-01-14,20.34148597717285,20.468854456607062,19.65219798771157,20.22160992935656,23814500
2016-01-15,19.457401275634766,19.787061159308703,19.11275795604844,19.50235587047806,29462200
2016-01-19,19.674678802490234,20.326504750477714,19.300065728784865,20.101737477868678,28788200
2016-01-20,18.91046905517578,19.30755945434054,18.483410351206725,19.255113849156352,25940900
2016-01-21,18.565824508666992,19.172697289946,18.498394040854272,18.947930016593915,22130300
2016-01-22,19.187679290771484,19.464892124576078,18.865511865780803,18.92544989166033,22498400
2016-01-25,18.715667724609375,19.112758073962684,18.685699423564337,19.075295911362154,20144600
2016-01-26,19.0977725982666,19.225141088964996,18.753129287574087,18.76062171985462,13362900
2016-01-27,19.12038230895996,19.71577381705628,18.879209554895144,19.02994234649885,19796300
2016-01-28,18.969648361206055,19.474601313560147,18.796306667672617,19.346478879754052,16015600
2016-01-29,19.504745483398438,19.512282265679776,18.93196440495902,19.105306084947113,18766500
2016-02-01,19.376630783081055,19.542437184372062,19.15806975978128,19.429388280079436,11177900
2016-02-02,18.464698791503906,19.11284786214273,18.381795602237656,19.11284786214273,18326800
2016-02-03,18.329044342041016,18.47977719148013,17.55277404866604,18.411947552982028,25132900
2016-02-04,18.849061965942383,18.992257959834394,18.178304129412595,18.20091303963629,17497500
2016-02-05,18.35165023803711,19.15806748019714,18.223527778418575,18.90935934534877,16106100
2016-02-08,17.08549690246582,17.96728043189371,16.821715234475615,17.906987602424042,24258700
2016-02-09,17.281450271606445,17.552768743596793,16.39966667513237,16.497641991409687,25642000
2016-02-10,17.108104705810547,17.92205850123051,17.06288401231916,17.620592961264855,21564200
2016-02-11,16.346906661987305,16.678516450143857,15.947465834783113,16.331833097754494,29160400
2016-02-12,17.40203857421875,17.484941772654242,16.4750355712383,16.512718059166378,22802200
2016-02-16,17.876842498779297,18.19338024881013,17.492475128206525,18.140624196720758,20565500
2016-02-17,18.261207580566406,18.592818857486993,18.17830583945708,18.253670797284755,19226500
2016-02-18,18.057720184326172,18.494845024550802,17.92206238692266,18.35918578965275,17521200
2016-02-19,18.087867736816406,18.231063758898017,17.816549260765896,17.922062800060303,12986200
2016-02-22,18.494844436645508,18.64557579702288,18.336574855130596,18.389330903137402,12182000
2016-02-23,17.869306564331055,18.45716282448524,17.846697648071643,18.427017123641136,14728800
2016-02-24,17.869306564331055,17.869306564331055,17.093036439538178,17.45479347463552,20271400
2016-02-25,18.56267738342285,18.600361311319528,17.91452963604353,17.93713855528667,17568600
2016-02-26,18.962108612060547,19.346475853351603,18.67571809526214,18.841522979988152,19258000
2016-02-29,18.61543083190918,18.95457748421448,18.592820480091007,18.849065384052103,13301500
2016-03-01,19.66301918029785,19.685629531906997,18.88674769165159,18.909358043260738,17197000
2016-03-02,19.678091049194336,19.81375027214845,19.467065431544107,19.595187871279172,16119300
2016-03-03,19.700698852539062,19.738382766513354,19.45199077028607,19.670553158853963,11515400
2016-03-04,19.693164825439453,19.97202007789253,19.527359893234227,19.79114157798832,13629400
2016-03-07,19.66301918029785,19.843897680687412,19.369091796851627,19.474603896038573,9835300
2016-03-08,18.849061965942383,19.48967410967581,18.796305925428033,19.36908846350179,21715100
2016-03-09,18.54759407043457,19.037473337864,18.419471667799733,18.992254089138175,23542300
2016-03-10,18.577747344970703,18.95457792575102,18.427015975155328,18.773699419475818,20117300
2016-03-11,19.595195770263672,19.663025409083414,18.92443760581843,18.954583313352206,24457300
2016-03-14,19.527360916137695,19.647946589057153,19.338945622514217,19.467068079677965,17603300
2016-03-15,19.165603637695312,19.361555712908036,18.93196907926632,19.316335008055,15900500
2016-03-16,18.962108612060547,19.43691579615296,18.62296062342311,19.067620680750363,17841100
2016-03-17,19.482145309448242,19.617804576350746,18.52499509296492,18.849069688899817,20718900
2016-03-18,19.80621910095215,20.009706555546362,19.580119852799385,19.632875912786584,24032000
2016-03-21,19.549968719482422,20.054921698045394,19.489675890885103,19.72331042201292,10054000
2016-03-22,19.4746036529541,19.61026288592659,19.18067627317672,19.30126193859793,13623900
2016-03-23,19.04502296447754,19.497220069217818,18.992266899131916,19.46707292473748,10430600
2016-03-24,18.78877067565918,18.7963074588467,18.306428051613167,18.7963074588467,15777900
2016-03-28,18.63050079345703,18.89428245064985,18.600355098703375,18.826452840586143,9540200
2016-03-29,18.675724029541016,18.698332944304827,18.178307779813046,18.509917654635306,13927200
2016-03-30,18.894289016723633,19.16560755126608,18.660654410587018,18.81138581172569,11502400
2016-03-31,18.849061965942383,19.248502817327765,18.75862201256472,18.773695577710047,15492000
2016-04-01,19.240968704223633,19.354017583509254,18.55513720739709,18.75862461511342,15484800
2016-04-04,18.871671676635742,19.225891820628235,18.77369494399268,19.210818255991725,11408300
2016-04-05,18.374256134033203,18.615428882352532,18.2687440449209,18.562671400301976,12860000
2016-04-06,18.404399871826172,18.638034356405665,18.29135102041636,18.34410705524133,14982000
2016-04-07,17.876842498779297,18.32150270566772,17.718574342511182,18.261209869352065,17145400
2016-04-08,17.89945411682129,18.223528673988156,17.831624491484284,18.095406208073225,10000600
2016-04-11,18.1707706451416,18.41947876520703,17.989892143048063,18.012501057375662,12107600
2016-04-12,18.524986267089844,18.728475070495254,18.22352217176379,18.253667862549296,14947800
2016-04-13,19.504745483398438,19.504745483398438,18.826450890514508,18.864134801921203,18251000
2016-04-14,19.723310470581055,19.791140082606873,19.33894314826623,19.399235977012022,18678400
2016-04-15,19.414308547973633,19.874042242018383,19.37662463350599,19.828821544657213,14899900
2016-04-18,19.391700744628906,19.74592239964776,19.240969379456548,19.730848831882163,29605100
2016-04-19,19.941871643066406,19.964481993141575,19.444455441368227,19.489676141518565,23006500
2016-04-20,20.65785026550293,20.710606311557637,19.91172596238397,19.95694522507451,24836300
2016-04-21,20.544803619384766,21.01207273871167,20.461900430877417,20.612633239528122,16579300
2016-04-22,20.87641143798828,20.966849958029666,20.56741052577389,20.590019437037057,19084100
2016-04-25,20.748291015625,20.883948808843854,20.522191818604576,20.748291015625,11748800
2016-04-26,20.763362884521484,20.853802849692098,20.597557958785586,20.733217187794267,13779800
2016-04-27,20.861875534057617,21.089211043965737,20.60422785196766,20.71031756387626,12481700
2016-04-28,20.634536743164062,21.081631125525824,20.52086899832174,20.634536743164062,11096600
2016-04-29,20.505718231201172,20.642120138529748,20.354161680563774,20.467829454882864,15477400
2016-05-02,20.657272338867188,20.85429711843742,20.339001763463568,20.5360265430338,14987500
2016-05-03,20.376888275146484,20.392044359287528,19.960106078813936,20.36931023307596,16716600
2016-05-04,19.914644241333008,20.172291954570227,19.740352120944937,20.081356872395403,15144500
2016-05-05,19.831283569335938,20.081353192790093,19.702459736322353,19.899484507129237,11909100
2016-05-06,19.891908645629883,19.967687634305083,19.626682907948688,19.694883853219967,12002200
2016-05-09,19.778240203857422,20.08135470275068,19.732773390364418,19.884329917129076,10734400
2016-05-10,20.179866790771484,20.30111403820356,19.914642502099984,20.01315417426883,11200000
2016-05-11,19.97526741027832,20.452672623221368,19.967689366217115,20.14955808759371,9589900
2016-05-12,19.87674903869629,20.255642469607146,19.679724281178995,20.126818645282906,9838300
2016-05-13,19.619110107421875,20.195028551748305,19.619110107421875,19.84644713419946,13378800
2016-05-16,19.861600875854492,20.020736931893463,19.588798479645888,19.596376524730058,9883900
2016-05-17,19.82370948791504,20.12682402458448,19.664574898175125,19.76308658058115,14474100
2016-05-18,20.642122268676758,20.680012494269285,19.83886827585132,19.84644632096982,20329900
2016-05-19,20.164714813232422,20.725477083213367,20.035890950847328,20.513296178883753,11487100
2016-05-20,20.28595733642578,20.589071832404002,20.210178351090246,20.346580235621428,14313000
2016-05-23,20.331430435180664,20.414787489356954,20.157139726779672,20.248073381004374,8913100
2016-05-24,20.77094078063965,20.960387523582632,20.4299360651967,20.49056041048784,18026100
2016-05-25,21.05132484436035,21.437796414681472,20.914922943615945,20.922500987586645,15856700
2016-05-26,20.778520584106445,21.14983605828796,20.72547572284681,21.14983605828796,10080100
2016-05-27,20.861875534057617,20.945231116829834,20.695161477785337,20.801252635057857,10156100
2016-05-31,20.740636825561523,21.1195304351633,20.64212367766099,20.945238276269528,12723400
2016-06-01,20.831562042236328,20.892184937395744,20.210177005511362,20.543603651570063,11175000
2016-06-02,20.67243003845215,20.87703143154048,20.626961777442286,20.808830485389702,8077400
2016-06-03,20.111661911010742,20.19501747427865,19.71003439576142,20.157128713280837,14562600
2016-06-06,20.346580505371094,20.467826305369826,20.11924354635051,20.172289848543407,10174200
2016-06-07,20.096513748168945,20.41478438021195,20.081357659651623,20.392050247435968,9949100
2016-06-08,20.111661911010742,20.32384128518024,20.00557077856241,20.051037580832503,10311500
2016-06-09,19.76308250427246,19.937373146237906,19.66457084218533,19.90706242150487,9893000
2016-06-10,19.353878021240234,19.58879155434238,19.27809904255328,19.42965555456339,13449800
2016-06-13,19.141698837280273,19.497858189158414,19.12654275114999,19.17958760724206,12824300
2016-06-14,18.64156150817871,19.262946650890655,18.505159609463586,19.012876985034286,15812900
2016-06-15,18.732498168945312,19.073502970803595,18.61883038344732,18.82343326456229,17393000
2016-06-16,18.997722625732422,19.02803480392207,18.36118133739199,18.527895426706614,16309400
2016-06-17,19.17958641052246,19.315988286456314,18.982561639213994,19.020451852175526,19295900
2016-06-20,19.626686096191406,19.92980065476743,19.588797318380987,19.611530006921548,17426400
2016-06-21,19.854021072387695,19.92979862027293,19.550905099390448,19.747929903693027,12357100
2016-06-22,19.99799919128418,20.217758123012775,19.80855243442741,19.87675338252497,14542900
2016-06-23,20.680011749267578,20.680011749267578,20.308694778659174,20.40720791628647,18027200
2016-06-24,18.580934524536133,19.34629944183889,18.573356482341403,18.997716727700045,49311900
2016-06-27,17.891353607177734,18.270247151113804,17.512460063241665,18.224778885179276,25434000
2016-06-28,18.649137496948242,18.66429213763008,18.095951919189453,18.383911772603167,19792300
2016-06-29,19.118959426879883,19.134115508823623,18.671865127084228,18.899202020149755,13760800
2016-06-30,19.687307357788086,19.702463445787615,19.081078291447955,19.20232410471598,19736300
2016-07-01,19.641841888427734,20.005579353218348,19.520596066830862,19.52817411135119,8863400
2016-07-05,18.944679260253906,19.376617716129402,18.815855383469607,19.323572845458983,13317300
2016-07-06,19.05834197998047,19.118964879681787,18.618825595804932,18.74007139520757,14165000
2016-07-07,19.467548370361328,19.641839032897934,19.141699730180026,19.14927777359866,13428700
2016-07-08,19.98284339904785,20.02831021337458,19.7251957089231,19.831285424140127,14141600
2016-07-11,20.05104637145996,20.39962919598994,19.998001504662057,20.22533850640706,13213000
2016-07-12,20.740636825561523,20.793681699647465,20.301120296238043,20.32385298778092,15516900
2016-07-13,20.581499099731445,20.823990759081234,20.414786445269538,20.80125806936988,12911900
2016-07-14,21.218034744262695,21.27865764286032,20.96038706388182,21.066476775086684,15436600
2016-07-15,21.22561264038086,21.430215463743494,20.983121047668362,21.407481334915232,18519800
2016-07-18,21.377174377441406,21.392330467023772,21.11195003657132,21.26350659630219,14083900
2016-07-19,21.362018585205078,21.521153181175062,21.04374794790093,21.180149856083304,21511200
2016-07-20,21.80911636352539,22.081918775519505,21.36202179523868,22.081918775519505,28606100
2016-07-21,21.87731170654297,22.03644628553659,21.695441551458796,21.763642498274354,20312700
2016-07-22,21.91520118713379,22.028868953710973,21.77122124527519,21.801533420556606,12996700
2016-07-25,22.0743350982666,22.081913141855917,21.816688843050006,21.83942152845393,10622900
2016-07-26,22.150117874145508,22.188008098567344,21.877315485129657,21.990983267666618,15019500
2016-07-27,22.142486572265625,22.409539591725796,22.073815754252387,22.15011682485842,13672200
2016-07-28,22.020402908325195,22.15011427683764,21.8678007846676,22.050922459863692,11528400
2016-07-29,21.92120933532715,22.134852000269348,21.814388730516843,21.95173033974243,10498500
2016-08-01,21.7457218170166,22.066185144111824,21.646531445561298,22.00514457968044,10396000
2016-08-02,21.364221572875977,21.791505596843308,21.203990609634015,21.661794193366532,16915500
2016-08-03,21.68467903137207,21.753349841238496,21.32606593398652,21.341324982039954,10562000
2016-08-04,21.577863693237305,21.669423825227195,21.356590706171286,21.57023343968447,12162900
2016-08-05,22.134857177734375,22.26456856619635,21.814393833023733,21.82202408591231,11881900
2016-08-08,22.218786239624023,22.44768798166374,22.127224669615067,22.142485173836857,9018600
2016-08-09,22.386648178100586,22.501099052995702,22.24167629372846,22.24167629372846,11012600
2016-08-10,22.211156845092773,22.48583865508163,22.165375330659764,22.424798091159456,8186700
2016-08-11,22.417171478271484,22.47058325378161,22.150119877331235,22.27220102499594,8741100
2016-08-12,22.256927490234375,22.279818237768826,22.02039558699663,22.241666991878077,9749000
2016-08-15,22.630809783935547,22.737630403399486,22.36375677995391,22.409538292857135,9411000
2016-08-16,23.08098030090332,23.172541854835153,22.79103804820865,22.882598146818957,22161900
2016-08-17,23.172544479370117,23.24884408507993,22.9817925544522,23.096243418338613,12327000
2016-08-18,23.30988121032715,23.454853059406904,23.042829719024283,23.096240017284856,13369400
2016-08-19,23.30988121032715,23.43959255838346,23.088609766773136,23.19543036329428,8831900
2016-08-22,23.348033905029297,23.42433495953794,23.18780154502899,23.225952799944096,6613900
2016-08-23,23.439594268798828,23.63034617954683,23.40144446877786,23.500634822025326,7907700
2016-08-24,23.584566116333008,23.775318026982948,23.439594256749007,23.5158953120733,12453500
2016-08-25,23.630342483520508,23.6990132770747,23.47774185198335,23.584562439591494,7838700
2016-08-26,23.77532386779785,24.095787214629915,23.59983241616461,23.74480431136343,10693400
2016-08-29,23.9660701751709,24.111042036191776,23.76768801149012,23.813468063009807,9167800
2016-08-30,24.56121826171875,24.56121826171875,23.96607315207314,23.96607315207314,13745600
2016-08-31,24.46202850341797,24.652780433046683,24.20260430737545,24.51543881086253,15561200
2016-09-01,24.34757423400879,24.698557057898785,23.98896115890532,24.523065645953785,11986500
2016-09-02,24.332313537597656,24.57647575319575,24.164452378204366,24.38572384034454,12288200
2016-09-06,24.225502014160156,24.584116676169646,24.072899844540526,24.385732982470838,14191400
2016-09-07,24.17971420288086,24.370466126164157,24.095782890933272,24.172083951310928,10845000
2016-09-08,24.44676971435547,24.5764796384914,24.118676139531615,24.18734695543995,12696100
2016-09-09,24.103412628173828,24.62225808128451,24.103412628173828,24.4009851564431,16493900
2016-09-12,24.5993709564209,24.660410062429026,23.76006069132163,23.897402318144355,13888100
2016-09-13,24.00422477722168,24.416249689282836,23.859254342523325,24.179717677908037,13954100
2016-09-14,24.08051872253418,24.27127061678342,23.889766828284937,24.027108424995824,11687600
2016-09-15,24.378093719482422,24.523064117538162,24.03473971288404,24.07288951125207,9947900
2016-09-16,24.103412628173828,24.263643541758313,23.943180259267695,24.164453184109107,14756200
2016-09-19,24.11104393005371,24.492546329779298,24.05000337145901,24.202604040284903,7806500
2016-09-20,24.187347412109375,24.416249165911047,24.149196149594523,24.29416803650724,8849000
2016-09-21,24.35520362854004,24.462025686449607,24.03474036545445,24.294163076300954,10073600
2016-09-22,24.5993709564209,24.75197017676299,24.400987312946494,24.51543963884662,8185300
2016-09-23,24.34757423400879,24.606996953980357,24.16445257085032,24.507805143526845,9400600
2016-09-26,23.676132202148438,24.088155651189822,23.62272043448064,24.057636096415802,10217700
2016-09-27,23.92029571533203,24.027116345622552,23.36330034978584,23.515901042297735,9753500
2016-09-28,24.240753173828125,24.263642471718395,23.89739915225826,23.988960709784088,7425100
2016-09-29,23.683761596679688,24.50017966798393,23.454858395218636,24.240756912854494,12529700
2016-09-30,24.46202850341797,24.660409229548712,23.653239273960576,23.8592517072368,16269700
2016-10-03,24.378093719482422,24.530695823597593,24.011848960670306,24.431504019326276,10324300
2016-10-04,24.44676971435547,24.721452977988804,24.271276820744266,24.46965901611036,9525400
2016-10-05,24.84352684020996,24.97323672641543,24.492541155624675,24.54595145119667,11157700
2016-10-06,24.713815689086914,24.912199294973068,24.568845292972423,24.782486489487045,11347200
2016-10-07,24.652782440185547,24.81301337556465,24.378099173453545,24.67567174219865,11406100
2016-10-10,24.84352684020996,24.95797622616017,24.729074543616942,24.88930543033292,6609200
2016-10-11,24.55359649658203,24.996139601846313,24.378105014266502,24.79013001308264,6827700
2016-10-12,24.34757423400879,24.70618876443387,24.324683480368375,24.55358665080767,6743300
2016-10-13,24.21023178100586,25.17925182159912,23.62271555589137,24.027110124214634,13893500
2016-10-14,24.469654083251953,25.01902049977138,24.3323124791221,24.599366891882628,13734100
2016-10-17,24.25602149963379,24.545962401906806,24.118679846706943,24.454402270170277,10114300
2016-10-18,24.66040802001953,24.805378431595287,24.446766800719825,24.606997715194606,13091600
2016-10-19,25.1258487701416,25.17925908686829,24.553592881803684,25.057177947115292,18522700
2016-10-20,25.10295867919922,25.324228736998418,24.858796407346127,25.05717716173531,10650700
2016-10-21,25.514986038208008,25.576028074279176,24.82828059627424,24.874059212683136,13910300
2016-10-24,25.469202041625977,25.69810380725016,25.43868103003772,25.61417248070439,9221300
2016-10-25,25.44631004333496,25.62943320377306,25.331860614874554,25.47683105518196,7912200
2016-10-26,25.629430770874023,25.675212284298667,25.22503758954233,25.29370840435749,9113000
2016-10-27,25.95948028564453,26.105319009738494,25.77526325816551,25.95948028564453,12608400
2016-10-28,25.729215621948242,26.120679124405335,25.460561557682045,25.85970248007468,10183500
2016-10-31,25.767593383789062,26.005543619356406,25.706188666012864,25.875053835955697,8687200
2016-11-01,25.606399536132812,25.96716209067725,25.260988891151687,25.852024232991088,8988700
2016-11-02,25.268661499023438,25.460555962149957,25.12282276115505,25.422177655140082,8900400
2016-11-03,25.184236526489258,25.50661789755563,25.153532702174978,25.383805528376367,8172500
2016-11-04,25.161205291748047,25.491264057975805,24.992340126943297,25.191909113740774,7897800
2016-11-07,26.09765625,26.09765625,25.767597422003746,25.767597422003746,11328000
2016-11-08,26.17440414428711,26.312568394861533,25.744562411901967,25.9518087877636,7370500
2016-11-09,28.03194808959961,28.331303032331444,26.458413821344042,26.63495640479929,28311000
2016-11-10,29.183311462402344,29.889481709270093,28.18546080013923,28.18546080013923,38586800
2016-11-11,29.54408073425293,29.743649740934597,28.661364796516608,28.684391201266592,22845500
2016-11-14,30.20419692993164,30.61101531222209,29.766677649116566,29.843437215623286,25619000
2016-11-15,30.703126907348633,30.72615331554407,29.482677495658393,29.78970993596322,18608000
2016-11-16,30.081378936767578,30.303977245970945,29.90483635887173,29.94321467092256,18234900
2016-11-17,30.680099487304688,30.680099487304688,29.72062680309404,29.950899661688943,12676900
2016-11-18,31.03318214416504,31.217399244445815,30.618689276416273,30.703123334077468,16413300
2016-11-21,31.13296127319336,31.31717833299125,30.78755062597561,31.040849815217044,10122300
2016-11-22,31.117603302001953,31.294145836617705,30.68008421011144,31.13295520867421,12341100
2016-11-23,31.50140380859375,31.60886426687565,30.87199004316159,31.086910959725387,9841000
2016-11-25,31.54744529724121,31.624204831382862,31.309498061594173,31.54744529724121,4027500
2016-11-28,31.040847778320312,31.470692436437982,30.97176565340992,31.186689446507348,10123600
2016-11-29,31.163667678833008,31.40929242074492,30.92572035714966,31.040855307877052,8602900
2016-11-30,31.747032165527344,31.961953106568664,31.47837806114748,31.486055482229364,14726600
2016-12-01,32.361080169677734,32.652760555691664,31.91588656499254,32.054047876181286,14053900
2016-12-02,32.1077880859375,32.30735707099764,31.5781574094453,32.30735707099764,11288400
2016-12-05,32.30735397338867,32.89071188985199,32.09243309807229,32.46854462987596,12264200
2016-12-06,32.62974166870117,32.80628719718866,32.21525174638546,32.61439268438546,11769500
2016-12-07,32.72952651977539,32.844664394764486,32.460875382237894,32.622066064760396,16213400
2016-12-08,33.4510498046875,33.55851025349406,32.77558036180363,32.92909654356055,14972900
2016-12-09,33.56619644165039,33.80414675269527,33.18240731755915,33.38197930181063,12115100
2016-12-12,32.990501403808594,33.70434916323664,32.74487668315353,33.38964230689248,12052000
2016-12-13,32.668113708496094,33.23611966661709,32.36108140329545,33.09795542208451,16674900
2016-12-14,32.89838790893555,33.50477512772517,32.330378997951435,32.44551684944518,15136500
2016-12-15,33.01353073120117,33.39731975723646,32.92142218481452,33.28985929843904,15725700
2016-12-16,32.78326416015625,33.42802996411694,32.70650751152602,33.09797110446573,19076900
2016-12-19,32.8753662109375,32.89839261329807,32.345735532023454,32.744876432046496,12663500
2016-12-20,33.389644622802734,33.451052271264565,33.10564156886138,33.10564156886138,8647400
2016-12-21,33.28986740112305,33.51246579314219,33.220785242499126,33.49711387699481,6859300
2016-12-22,32.84465408325195,33.30519958246543,32.82162475863747,33.23611746477572,8200300
2016-12-23,33.05190658569336,33.059581076608126,32.81395637425173,32.89839041470126,6733000
2016-12-27,33.09796142578125,33.21309929313581,32.967474575651835,33.21309929313581,5927000
2016-12-28,32.714176177978516,33.22845500204673,32.6757978604995,33.19775117683235,4854500
2016-12-29,32.35340881347656,32.82930627921855,32.03102458127395,32.73719775347948,7180200
2016-12-30,32.43017578125,32.660448633134365,32.14617269486189,32.368768125772476,6943500
2017-01-03,33.044227600097656,33.48942418206055,32.583682037032915,33.07493141845592,8316900
2017-01-04,33.481746673583984,33.63526283688603,33.03655302089305,33.23612198353162,7747400
2017-01-05,33.17473220825195,33.48943916704781,32.38412463619125,33.41267958680578,9883200
2017-01-06,33.658287048339844,33.87321083422085,33.14401130200128,33.43569170050453,9152800
2017-01-09,32.78326416015625,33.4203554704853,32.76023775118287,33.38197714617018,11104000
2017-01-10,33.05190658569336,33.404991729321,32.81395637425173,32.99049894606555,9074300
2017-01-11,33.52013397216797,33.52013397216797,32.836989936742334,33.105644026590674,8777100
2017-01-12,33.489437103271484,33.55084183560247,32.88304963308152,33.466407766578754,8595600
2017-01-13,33.62759017944336,34.23397451902154,33.38963996695032,33.788780842062465,12904500
2017-01-17,32.35340881347656,33.65061437657861,32.06172839921272,33.60455864967045,21840400
2017-01-18,32.89838790893555,33.12098619351561,32.22291856486511,32.460868758182826,15906900
2017-01-19,32.58368682861328,33.00585414485048,32.199897826928975,32.67579536915576,15040100
2017-01-20,32.691139221191406,32.906060072164955,32.5069192574448,32.60670519314409,10779600
2017-01-23,32.20756530761719,32.683465674326975,32.06940106284042,32.39178527667857,12344700
2017-01-24,32.798614501953125,33.10564693790079,32.261309203083876,32.29969045363607,12164200
2017-01-25,33.66597366333008,33.69667748799749,32.975152248702805,33.159372268629376,13961000
2017-01-26,33.788787841796875,34.09581732066498,33.581541406319936,33.727380189176436,10628900
2017-01-27,33.65768814086914,33.889011861613945,33.58829073050163,33.73479506730384,7635600
2017-01-30,33.249027252197266,33.38011261228711,32.74782613558584,33.3415591327696,7216200
2017-01-31,32.76324462890625,33.44179403223823,32.632159282766956,33.21818269825741,10811000
2017-02-01,32.925174713134766,33.46493225428949,32.80951133237234,33.38782235330055,9731300
2017-02-02,32.485652923583984,32.7786616720645,32.2543291437262,32.53191591469067,11481000
2017-02-03,34.25914001464844,34.39022241465132,33.09480568531665,33.23360054499119,16692200
2017-02-06,34.41336441040039,34.721795211851884,34.03553322242776,34.12806216871899,12577100
2017-02-07,34.598419189453125,34.72179208721977,34.40564885285263,34.60613165012461,10055700
2017-02-08,33.8581657409668,34.38250104309744,33.63455155064391,34.37479152752516,10586500
2017-02-09,34.583003997802734,34.721798902714305,33.84276646590268,34.19746324892448,13166700
2017-02-10,34.467323303222656,34.814310361795386,34.189733656364474,34.798888387920954,8909400
2017-02-13,34.899139404296875,35.16130717192142,34.65239361611399,34.69865955443896,13256300
2017-02-14,35.50058364868164,35.67021953397916,34.7757653463898,34.845162780833874,12958700
2017-02-15,35.84757614135742,36.04805601426101,35.4697449552087,35.76275671539901,10115100
2017-02-16,35.55455780029297,35.85527902470825,35.31552154787594,35.7935911112684,10752500
2017-02-17,35.58539581298828,35.60081484733111,35.0070849575753,35.12274536379323,8310100
2017-02-21,35.901554107666016,36.009505042250545,35.67793977663101,35.67793977663101,7628400
2017-02-22,35.87070083618164,36.10202462762167,35.57768913158876,35.63166458487671,7612800
2017-02-23,35.916969299316406,35.9246788182824,35.623957574097815,35.916969299316406,11877100
2017-02-24,35.10732650756836,35.431182144926105,34.88371519243432,35.38491621346317,11837200
2017-02-27,35.34635925292969,35.49286360927489,35.05334759879819,35.099613525695084,7887000
2017-02-28,35.21528625488281,35.338662103118395,34.79890453285619,35.161310792000805,13789400
2017-03-01,36.094322204589844,36.371909044020704,35.940105332833475,36.20227313238665,14373700
2017-03-02,35.685646057128906,36.31022304665947,35.5005881693405,36.302513526935826,8477000
2017-03-03,36.109745025634766,36.28709340277403,35.63938487948868,35.67793836296378,11404300
2017-03-06,35.90925216674805,35.96322761681269,35.454314129459355,35.87840821201356,9332600
2017-03-07,35.72420120239258,36.07889792583632,35.6316693203657,35.97094700491362,9411000
2017-03-08,35.77046203613281,36.49528036091377,35.73190855834361,36.21769061452462,11464700
2017-03-09,35.99406814575195,36.333342791216005,35.88611725589708,35.93238024215423,11135400
2017-03-10,35.84757614135742,36.310223812022414,35.63167134579722,36.271670329707355,8579400
2017-03-13,35.67021179199219,36.04804284005789,35.647080299345276,35.99406739625437,7160400
2017-03-14,35.61625289916992,35.670228368056,35.261556120363544,35.670228368056,6916200
2017-03-15,35.35407638549805,35.955521798948176,35.222993976549226,35.67021960045653,10796100
2017-03-16,35.72420120239258,35.924681063900174,35.48516491931946,35.60082535969008,9284100
2017-03-17,34.714080810546875,35.74732988007369,34.64468337522635,35.67021998447213,13474500
2017-03-20,34.38251495361328,34.667814208262655,34.182035111777914,34.498178324076335,9734200
2017-03-21,32.894325256347656,34.644680006859126,32.70926446633841,34.52130712733345,20018400
2017-03-22,32.54733657836914,32.96372113016984,32.107820531948846,32.508783106856036,19046600
2017-03-23,32.84035110473633,33.14107232663821,32.21577422286517,32.369991063734275,14888800
2017-03-24,32.74010467529297,33.15648919908785,32.50107140312419,32.98685040611043,10815300
2017-03-27,32.061561584472656,32.16951249489444,30.889517665787228,31.35216526514966,21631100
2017-03-28,32.76324462890625,32.979146444380824,32.05384832722438,32.06156078717226,12944900
2017-03-29,33.002281188964844,33.34926838472435,32.80180133221597,33.2258954863923,14543900
2017-03-30,33.488059997558594,33.70396181322631,33.002277970864604,33.040831446313604,11264300
2017-03-31,33.03313446044922,33.34927778538125,32.90204906445934,33.34927778538125,11203300
2017-04-03,32.93288803100586,33.148792837235476,32.44710883523439,33.00999794088869,12531800
2017-04-04,32.77867126464844,33.033129555967506,32.65529834985679,32.80180570841346,7837100
2017-04-05,32.18492889404297,33.23359680022662,32.08468751969734,33.16419937820906,12455100
2017-04-06,32.454803466796875,32.670705232538836,31.94589006080443,32.10010686838052,9520900
2017-04-07,32.34687423706055,32.5781981325534,31.93819898219881,32.09241589300836,9319600
2017-04-10,32.31600570678711,32.50106644740294,31.91504321998671,32.308296190755094,8677200
2017-04-11,32.061561584472656,32.215775489965665,31.60662350380819,32.04613960563501,10318400
2017-04-12,31.66830062866211,32.0152877129033,31.62203470361629,31.999865737888033,10440600
2017-04-13,31.375295639038086,32.13866738623325,31.228791257489824,31.483249487035412,10516500
2017-04-17,31.992164611816406,32.03842760755484,31.29048074251337,31.44469465023046,7959700
2017-04-18,31.776247024536133,32.03841467988761,31.421550473601943,31.60661120620792,13872400
2017-04-19,32.41625213623047,33.110223403888526,32.35456423255892,32.62444439896023,19850300
2017-04-20,32.77096176147461,32.9714416450749,32.462528003613215,32.855781191958606,13816200
2017-04-21,32.23119354248047,32.85577037283291,32.16179611688575,32.5473367165361,12951300
2017-04-24,33.58829879760742,33.71938119231741,33.30299663010674,33.45721346145603,16188100
2017-04-25,34.135765075683594,34.27455992699366,33.86588489082898,33.91215082174612,13857600
2017-04-26,34.21287536621094,34.590706485394755,34.035527025840295,34.058658522841185,12938400
2017-04-27,33.72488784790039,34.243850012136846,33.60870078931271,34.2051219775275,9041300
2017-04-28,33.59321594238281,33.93402980895796,33.56997970775642,33.77136730229243,9049100
2017-05-01,33.87980651855469,34.12766951193858,33.68616337030103,33.89529537022622,7552200
2017-05-02,33.577728271484375,33.910794797714296,33.30662898490682,33.8255913205726,8126400
2017-05-03,33.67841720581055,33.9030439750383,33.399570589494715,33.422809777361074,5578300
2017-05-04,33.52350997924805,34.05796710453921,33.477037502099776,33.965016240721155,7367800
2017-05-05,33.368595123291016,33.74038968465297,33.20593260195224,33.58547454539536,6893400
2017-05-08,33.322120666503906,33.546747477237815,33.252408999543746,33.42281595317093,7171700
2017-05-09,33.174949645996094,33.56998041678955,33.051015179343686,33.345353628122524,6068700
2017-05-10,33.38407516479492,33.461534191355405,33.0510087374842,33.15170399463296,7367800
2017-05-11,33.205936431884766,33.4615468843557,32.87286987823159,33.29113991604174,6340000
2017-05-12,33.097496032714844,33.12073227164303,32.81090491847764,33.00454812224131,5836300
2017-05-15,33.639686584472656,33.78685430745351,33.15170504336376,33.16719684916593,9941100
2017-05-16,33.6009521484375,33.80233967599412,33.53124051298342,33.72488361649371,6888900
2017-05-17,31.734237670898438,33.600957360083065,31.31596779329863,33.600957360083065,22899900
2017-05-18,31.997596740722656,32.4391029080188,31.69551092989255,31.75747815921979,14498400
2017-05-19,32.37714385986328,32.70246598651459,32.036332876726505,32.21448427391806,10486700
2017-05-22,32.268699645996094,32.66373043614957,32.14476812803025,32.57078253636531,6752600
2017-05-23,32.85737228393555,33.03552660386794,32.013090883461146,32.15251125009813,10761300
2017-05-24,33.0200309753418,33.10523443464529,32.76442059743131,32.81089601744049,6583400
2017-05-25,33.0200309753418,33.283385779207144,32.91159128341371,33.17494608727906,5062800
2017-05-26,33.182708740234375,33.283404061518745,32.872878346172456,32.88062573114289,5346500
2017-05-30,32.748931884765625,33.0897457541785,32.570780523372655,32.981306052005415,6377900
2017-05-31,32.330665588378906,32.67922093730969,31.81170034626983,32.67922093730969,13637900
2017-06-01,33.004539489746094,33.09748737590867,32.3384065702676,32.51655791656254,9654300
2017-06-02,32.934818267822266,33.260137252255774,32.454584214952206,32.64822731180811,10016400
2017-06-05,33.221412658691406,33.61644627178621,32.88060183670094,32.95805790154803,6892800
2017-06-06,33.260154724121094,33.36085001471489,32.6947169388433,32.880615709573334,7863200
2017-06-07,33.52350997924805,33.65518889227658,33.2446632973154,33.415070259554405,6378500
2017-06-08,34.158653259277344,34.63889043780521,33.42281159317345,33.52350391194458,11032500
2017-06-09,34.78606414794922,35.126875114453604,34.36004970112855,34.36004970112855,13489900
2017-06-12,34.73958969116211,35.24306320456015,34.37554247608862,34.78606512393696,10384200
2017-06-13,34.971961975097656,35.61485584190785,34.89450292473696,34.9099947348091,9857800
2017-06-14,34.78606414794922,34.94872372595626,34.2516099824572,34.5227092791356,11796300
2017-06-15,34.61565017700195,34.91773598824367,34.406515209877746,34.4529906319365,6904900
2017-06-16,34.4529914855957,34.731838115337105,34.26709570227491,34.67761826563852,9483200
2017-06-19,35.41345977783203,35.56062750629121,34.72409064515279,34.76281868371995,9153900
2017-06-20,35.24306106567383,35.41346802074554,35.072654110602116,35.22756925568907,6680500
2017-06-21,34.78606414794922,35.26629845410556,34.708608050258455,35.20433416690509,7257600
2017-06-22,34.553688049316406,34.75507564789715,34.37553668582874,34.62339970935596,7750500
2017-06-23,33.8410758972168,34.64663211195241,33.701652592560244,34.623395879429644,15915100
2017-06-26,34.081207275390625,34.33681774824138,33.678429016655585,34.05022365054306,5780400
2017-06-27,34.25160598754883,34.66987300295974,34.20513056149856,34.34455388488899,8318800
2017-06-28,34.32905960083008,34.70085411814201,34.23611171019214,34.43749929903437,15848600
2017-06-29,34.662139892578125,35.328273109644236,34.29034522707267,35.196594170224465,15728200
2017-06-30,34.51496124267578,35.18883867736479,34.422010389452154,35.111382587772184,8379400
2017-07-03,35.3282585144043,35.64583317799582,34.84027692482119,34.855768732162254,7486400
2017-07-05,35.7542610168457,35.823972649380806,35.27402696758116,35.54512611924038,9843200
2017-07-06,35.731040954589844,36.126071747816304,35.45219429830741,35.70780176339265,10417300
2017-07-07,35.66907501220703,35.9401772511026,35.59936334560653,35.87821001200855,6442000
2017-07-10,35.62259292602539,35.81623606380497,35.47542225026665,35.59160931483831,5321500
2017-07-11,35.22756576538086,35.57612406860158,35.15010967789196,35.49866798111268,8454700
2017-07-12,34.82479476928711,35.111388852387115,34.6466433676298,35.111388852387115,10234400
2017-07-13,35.2585563659668,35.42121595476778,34.84803370239452,34.98745409653756,6204200
2017-07-14,35.010684967041016,35.165600090630626,34.32906019610289,34.76282195120174,8220600
2017-07-17,35.11137390136719,35.26628604222779,34.8015437101266,34.971950610784894,5141600
2017-07-18,34.96421813964844,35.0494216263084,34.61565976456722,34.80155854953085,9594100
2017-07-19,36.1105842590332,36.40492275974288,35.614858124002694,36.36619470946128,17586300
2017-07-20,36.0253791809082,36.55208891475373,35.90144765263635,35.90144765263635,10652400
2017-07-21,36.08734130859375,36.24225643567117,35.70779939499209,35.723291203175854,9021300
2017-07-24,36.180294036865234,36.38168461540109,35.986650840836504,36.01763446134366,7443600
2017-07-25,36.877403259277344,37.21046972540404,36.583064833564436,36.583064833564436,11885000
2017-07-26,36.56757736206055,37.06330342955666,36.497865699146374,36.96261110349431,9034500
2017-07-27,36.66881561279297,37.065949491632146,36.310615961998224,36.70774984083741,9439300
2017-07-28,36.33396911621094,36.75446582970555,36.178229262639896,36.58315169372835,7959600
2017-07-31,36.52085876464844,36.71553284554637,36.28724749117833,36.55200436001915,6764600
2017-08-01,36.76224899291992,37.01143155354097,36.64544633852967,36.79339755562016,6330000
2017-08-02,36.8557014465332,36.95692983815559,36.4663532527798,36.70774723179268,6020000
2017-08-03,36.80118179321289,37.027004408353726,36.684379143322694,36.78561048295312,6479300
2017-08-04,37.43972396850586,37.7278408019262,37.00365291943078,37.213901301815675,8906800
2017-08-07,37.61881637573242,37.68889915606253,37.33848525441197,37.53315931416335,7761600
2017-08-08,37.32291793823242,38.078254381582674,37.22947520385115,37.564314886749244,7771800
2017-08-09,37.104881286621094,37.13602688222623,36.55200463513665,36.77004162731714,8282900
2017-08-10,36.05363845825195,36.96471468306368,35.99912995434338,36.824549110015724,10099800
2017-08-11,35.547481536865234,36.23273203133967,35.40731598788406,36.11592938751547,13505800
2017-08-14,36.2171745300293,36.55201427766496,35.96020621817608,35.983566163665046,7136300
2017-08-15,36.15488052368164,36.83234568050435,36.15488052368164,36.60652297139959,7663000
2017-08-16,35.827816009521484,36.45856109164309,35.75773322261909,36.29503557903438,8350800
2017-08-17,35.11141586303711,35.804455086413604,35.064693016223075,35.68765242511443,9426800
2017-08-18,35.345027923583984,35.679867601882236,34.9401054528398,34.99461396135432,7284000
2017-08-21,34.79216003417969,35.35282246758182,34.67535437039044,35.35282246758182,8501900
2017-08-22,35.485191345214844,35.594208355597935,34.98682617175457,35.04133467694612,7130700
2017-08-23,35.66429901123047,35.781104674116975,35.126999497033644,35.19708230066727,5464800
2017-08-24,35.820030212402344,35.960195785655344,35.609781852522836,35.7966702736904,6640700
2017-08-25,35.77330780029297,36.14708167669088,35.60978228633589,35.952407597077965,5659400
2017-08-28,35.41510009765625,35.944613710598844,35.134769011923105,35.944613710598844,6526700
2017-08-29,35.313880920410156,35.48519508075546,34.5273988552169,34.82330432204305,8776100
2017-08-30,35.55527877807617,35.78888711234126,35.37617895612323,35.38396461338591,5672900
2017-08-31,35.430686950683594,35.85118372851067,35.34502986959018,35.82003515893286,7890800
2017-09-01,35.967987060546875,36.22495830848426,35.274947712581636,35.50077039037671,7024700
2017-09-05,34.95568084716797,35.60200028364368,34.82330388528221,35.55527743036522,8735700
2017-09-06,35.095829010009766,35.306077289629485,34.846646523902585,35.0724690802152,6313200
2017-09-07,34.3171501159668,35.14256936947841,34.138050300396465,35.14256936947841,11538300
2017-09-08,34.27042770385742,34.893387208373404,34.22370782036247,34.41059329532441,8739800
2017-09-11,35.165931701660156,35.29831164333689,34.589695019374865,34.81551770368202,8017000
2017-09-12,35.62535095214844,35.88232212255663,35.306085630741144,35.321659911113485,8010200
2017-09-13,35.991336822509766,36.02248241078064,35.47739748491464,35.609774403913505,6637900
2017-09-14,36.1470832824707,36.41184016132532,36.061429178848165,36.13151196944177,7414100
2017-09-15,36.2872428894043,36.333965732271295,35.92904333889503,36.02248605413867,9113100
2017-09-18,36.847904205322266,37.12044668904154,36.40404760584213,36.45855610258599,7938000
2017-09-19,37.12044906616211,37.35406031915611,36.72331528295516,36.84790656498974,7999600
2017-09-20,37.291770935058594,37.587676405257746,36.84791421500542,37.15160534235853,8673600
2017-09-21,37.57988357543945,37.75898634535538,36.956927105593046,37.22168397658911,9503600
2017-09-22,37.548736572265625,37.59545644919604,37.16717407788688,37.40078237401091,6050000
2017-09-25,37.17495346069336,37.618810004109804,37.011425020626845,37.45528156404329,7205200
2017-09-26,36.95692825317383,37.17496525225859,36.69217137395657,37.14381668517636,7146100
2017-09-27,37.43193435668945,37.673331301336454,37.206111695938155,37.58767422515555,10314600
2017-09-28,37.49421691894531,37.66552803423065,37.29175427748569,37.66552803423065,5960700
2017-09-29,37.50979995727539,37.61103130966473,37.3073402229874,37.45529145302513,5200500
2017-10-02,38.09382247924805,38.124971044909145,37.463080362309825,37.463080362309825,6096900
2017-10-03,38.37415313720703,38.42866164116971,37.96923070027661,38.10939627346371,6432400
2017-10-04,38.16391372680664,38.41309933684343,37.96923960400608,38.335227905428376,5372900
2017-10-05,38.64670181274414,38.90367007110583,37.9848081135877,38.24177934244031,11491100
2017-10-06,38.747920989990234,39.043826373030996,38.45201857743969,38.903660821616434,5159400
2017-10-09,38.452022552490234,38.93481340699969,38.39751405135968,38.87251627971303,6333800
2017-10-10,38.53768539428711,38.57661961943247,38.25735422045496,38.45202831667273,5903500
2017-10-11,38.29629135131836,38.49096546230697,38.257357123218874,38.49096546230697,5364600
2017-10-12,37.83685302734375,38.483169406419336,37.6733275185947,38.389726682918536,6915100
2017-10-13,37.611026763916016,37.797915163393945,37.143810220956695,37.49422411342135,7224500
2017-10-16,38.109397888183594,38.14833508165589,37.56431282546115,37.56431282546115,8178900
2017-10-17,38.24955749511719,39.19178217890104,38.13275484441001,38.69341410288324,15535000
2017-10-18,39.051612854003906,39.285221103370354,38.44422784106309,38.48316205420915,12094900
2017-10-19,38.77129364013672,38.8958849426538,38.304074027829465,38.77129364013672,10053100
2017-10-20,39.46434020996094,39.64344005463917,39.10614052060448,39.28524036528271,8454500
2017-10-23,39.409828186035156,39.79138778670293,39.23851401484238,39.6200765860014,6265800
2017-10-24,39.76801300048828,40.017195536222886,39.54997902434304,39.565553304137715,7849700
2017-10-25,39.3475227355957,40.11843337269848,38.87251752157679,40.110644746293566,9645800
2017-10-26,39.53441619873047,39.869255885102795,39.386464953550764,39.5188419144235,9715700
2017-10-27,39.838104248046875,39.98605548183096,39.331950443774275,39.44097042552603,9261100
2017-10-30,39.48596954345703,39.73637577478875,39.10253630770185,39.572047245179384,9020900
2017-10-31,39.12601852416992,39.68943414614303,39.08689310266141,39.493804053522176,9283000
2017-11-01,38.83647537231445,39.55639246806027,38.73474691832344,39.298162374178375,7842900
2017-11-02,39.45466232299805,39.47031308333182,38.74256914573692,38.758219906070686,7902300
2017-11-03,39.141666412353516,39.454672746489734,38.85995862207625,39.24339488885988,5916800
2017-11-06,39.235565185546875,39.36076830719094,38.93038276310684,39.03211123227948,4844200
2017-11-07,38.64867401123047,39.587698892243026,38.54694554464234,39.3294657813065,8823800
2017-11-08,38.374794006347656,38.640851012344896,38.13221165276615,38.507821016807334,8435700
2017-11-09,38.20262908935547,38.56258760052717,37.764416781139616,38.17132757053781,6189500
2017-11-10,38.15568542480469,38.499996239373125,38.12438688399849,38.351315483963006,5436500
2017-11-13,38.053951263427734,38.15567672173109,37.7487689183634,37.75659280551093,5730400
2017-11-14,37.85833740234375,37.991364436151606,37.529677285449424,37.85051052677952,5968500
2017-11-15,37.63922119140625,37.975705123055256,37.10710720577888,37.43576724870295,9749600
2017-11-16,38.03047561645508,38.21828175364457,37.85049635189868,37.866147112087575,7789000
2017-11-17,38.108726501464844,38.2652311063014,37.68616496392925,37.78789340483458,4992600
2017-11-20,38.429569244384766,38.56259625158715,38.07743454138168,38.27306460026364,4574600
2017-11-21,38.64085006713867,38.93820560739056,38.57042312653632,38.82082936310517,6037000
2017-11-22,38.413917541503906,38.8286523009605,38.39826677896698,38.60954759559894,3785900
2017-11-24,38.390445709228516,38.64867584735525,38.374794945542355,38.578248903306516,2692900
2017-11-27,38.3434944152832,38.593900670617586,38.116562813549535,38.32784365119005,5025600
2017-11-28,39.439029693603516,39.54075519722291,38.28872374047422,38.46087918518159,9001200
2017-11-29,40.158939361572266,40.55019949018079,39.75202846961006,39.838106175516394,9441100
2017-11-30,40.3858642578125,41.14490973671086,40.17458346517861,40.55019276816862,12158200
2017-12-01,40.65193557739258,40.87886721092997,39.68943583885775,40.59715938792886,10014000
2017-12-04,41.223167419433594,41.763105322683934,41.21534054521203,41.55965136909157,10640100
2017-12-05,40.69887924194336,41.42662335532182,40.53455069636191,41.37184717346134,7959700
2017-12-06,40.4484748840332,40.972765058682505,40.2528448010449,40.42500022929962,7701600
2017-12-07,40.96493148803711,41.26229000139823,40.11198434621844,40.17458739537981,8765600
2017-12-08,41.38750457763672,41.46575841076219,40.80844113790076,41.46575841076219,6488900
2017-12-11,41.29359817504883,41.387499778833174,41.10579198240198,41.137093512022815,6316900
2017-12-12,42.13871383666992,42.33434389716528,41.26229200147249,41.677026774497755,8152000
2017-12-13,41.61442565917969,42.45172205820347,41.567473371215435,42.22479047732621,10568400
2017-12-14,41.191864013671875,42.09958735190345,41.1840401248851,41.786581054110556,8190100
2017-12-15,41.55182647705078,41.81005960727914,41.23882015004802,41.51270105931019,12708000
2017-12-18,41.661380767822266,42.170017155688946,41.45792382461323,42.15436639197456,8443000
2017-12-19,41.41879653930664,41.93525977826987,41.395321887333075,41.896134363287985,7630600
2017-12-20,41.09012985229492,41.857002190502044,41.06665520411133,41.77092450039243,6435100
2017-12-21,41.37966537475586,41.70832239703127,41.129259171571526,41.324889204376625,11350600
2017-12-22,41.25446701049805,41.55964941910633,40.886681551366145,41.49704636858271,6153800
2017-12-26,41.058837890625,41.28576649124861,40.76147936401891,41.1136140685422,3313800
2017-12-27,41.137081146240234,41.15273190634604,40.77712261903844,40.949277995125065,5786800
2017-12-28,41.19969177246094,41.293593365307935,41.02753636467659,41.28576649127529,3736700
2017-12-29,41.058837890625,41.33271878021099,40.9805840756877,41.28576649124861,5804600
2018-01-02,40.83972930908203,41.309243233300286,40.82407854643365,41.285765596788835,6644600
2018-01-03,40.94929122924805,41.121443675894184,40.628455021006,40.925813588963116,6955500
2018-01-04,41.57530212402344,41.88830843603111,41.09013741503303,41.317069006166165,8678800
2018-01-05,41.55963897705078,41.66136741605304,41.27010740381957,41.630065898655886,6476000
2018-01-08,41.38750457763672,41.60660934023103,41.23099989646428,41.41880611088691,6681400
2018-01-09,41.70832443237305,41.88047982486738,41.489219740163925,41.520521263358816,6622700
2018-01-10,42.20132064819336,42.63170622260669,41.95091438725913,42.20914453787589,11028800
2018-01-11,42.41259765625,42.52215001236989,42.11523912886901,42.36564536716527,8310000
2018-01-12,43.13251876831055,43.148169532762346,42.66300777506894,42.70213319365939,8998000
2018-01-16,42.725608825683594,43.80548771694882,42.41260248471793,43.5472575602791,11168500
2018-01-17,43.312496185302734,43.35944847660217,42.14654264294084,42.866459865731,11905200
2018-01-18,43.695926666259766,43.81330588647325,43.10903653534747,43.74287895136067,13953900
2018-01-19,44.96360778808594,44.99490931098175,43.578546743260326,43.578546743260326,15124200
2018-01-22,44.88534927368164,44.97925084119913,43.922849997665544,44.188906926529285,16858300
2018-01-23,44.5332145690918,44.8462237735847,44.32976067572532,44.71319381689826,9372200
2018-01-24,44.79145050048828,45.1748836664002,44.52539355502652,44.76797286833649,8403600
2018-01-25,44.45498275756836,44.893192249027194,44.29847808844237,44.88536835885612,9463800
2018-01-26,45.073158264160156,45.08880902495909,44.408017348131004,44.674074311558144,8382200
2018-01-29,44.955787658691406,45.425298601074665,44.92448613317845,44.987089184204365,7493500
2018-01-30,44.48422622680664,45.02652703118915,44.44492980573719,44.53924181592881,7321200
2018-01-31,44.444923400878906,44.86147379893619,44.27201857346532,44.570673729054384,7193100
2018-02-01,45.15226745605469,45.160125539292004,44.30345055646872,44.40562362729831,7474400
2018-02-02,43.60396957397461,45.026522664476175,43.533234823659626,44.82217649773313,9783700
2018-02-05,41.3011474609375,43.7218441621971,40.80600440874835,42.94376222304273,13439000
2018-02-06,42.700138092041016,42.72371534172624,40.00436261347234,40.24014410469751,17628700
2018-02-07,42.873046875,43.78473759046576,42.354326347202665,42.3779035990629,11541700
2018-02-08,40.70384979248047,42.95163958186528,40.70384979248047,42.8651856671775,14073100
2018-02-09,40.97893142700195,41.584105886664915,39.31273864081119,41.30902794960205,15736400
2018-02-12,41.9927978515625,42.55081484311709,41.35618501731547,41.49765453603703,11712900
2018-02-13,41.96134948730469,42.34646152915831,41.544802114010785,41.67841051747331,8659500
2018-02-14,43.26601028442383,43.3053066974094,41.85917651342177,41.86703759489337,10536300
2018-02-15,43.54109573364258,43.698281402054185,42.896624899156755,43.60396940138233,7769900
2018-02-16,43.33675003051758,43.67470461783568,43.18742244468204,43.462500365464464,7448200
2018-02-20,43.27387619018555,43.73758111060831,43.02237552129095,43.17170310653322,7709400
2018-02-21,43.3053092956543,44.27201850222024,43.19527813344336,43.313170377597544,8363000
2018-02-22,43.11668014526367,43.94191676125759,42.92019509392589,43.54894665858201,6111600
2018-02-23,44.06767272949219,44.11483022718971,43.258155173492966,43.258155173492966,6687100
2018-02-26,44.80644989013672,44.80644989013672,44.16984024114896,44.2562941436347,7795800
2018-02-27,44.578529357910156,45.44306238359643,44.53922994918664,44.79859165576689,11757700
2018-02-28,44.02836990356445,45.29373409203795,44.02050882269722,44.869325668924375,9599100
2018-03-01,42.82589340209961,44.240585512132675,42.76301673145941,43.92620815518103,12093900
2018-03-02,43.022377014160156,43.124547103233304,42.055667724279076,42.55081099502617,12154100
2018-03-05,43.6118278503418,44.01265607758801,42.660837824376614,42.69227615541043,7598500
2018-03-06,44.45279312133789,44.57068239046687,43.54896040072451,43.92621145856208,9762300
2018-03-07,44.70429229736328,44.822181562459626,43.77688235427299,43.879055449189664,8181000
2018-03-08,44.767154693603516,44.93220142203061,43.989075546376334,44.759296610493486,7553500
2018-03-09,46.11111068725586,46.205425671116686,44.995077028018486,45.06581176685212,10536000
2018-03-12,46.299739837646484,46.669132713190464,46.016800868985065,46.06395836313667,8123200
2018-03-13,45.60810852050781,46.598394844376784,45.48235820933187,46.54337927062005,6031100
2018-03-14,44.79073715209961,45.91462897605176,44.641406582514804,45.91462897605176,8384300
2018-03-15,44.97149658203125,45.22299719152148,44.751431300134485,45.10510496914379,5648700
2018-03-16,45.19942092895508,45.63169045032808,45.0265161185299,45.105108941620976,9144800
2018-03-19,44.759307861328125,45.325182929335945,44.16199145860485,45.112981652661006,8117800
2018-03-20,45.167991638183594,45.482365970708166,44.712144808554996,44.94792630747953,8426700
2018-03-21,44.88505554199219,45.71815042525915,44.7121476991445,45.05796338483987,8676000
2018-03-22,42.943782806396484,44.53924085268428,42.84160971532581,44.25630482822844,14900500
2018-03-23,40.923912048339844,43.163840751554865,40.86103838203218,43.15598266756305,16707800
2018-03-26,42.676551818847656,42.77872488326528,41.371891220270506,41.91419187145923,11913700
2018-03-27,41.772727966308594,43.14812348544976,41.36403865227459,42.857323417038984,12389400
2018-03-28,41.58409881591797,41.99278810872327,40.84531605476464,41.874895871099454,11262300
2018-03-29,42.409332275390625,42.78658320986281,41.670549570148076,41.8434573727443,7349200
2018-04-02,41.434776306152344,42.456498163863905,40.821740793025796,42.30717057634725,9311000
2018-04-03,41.7884407043457,42.07924074889073,41.07323521301365,41.662690387126574,10335800
2018-04-04,42.181419372558594,42.27573437818803,40.963212365362764,41.00250878531269,6692100
2018-04-05,43.11668014526367,43.533227494700114,42.55866331901411,42.60581781253585,9968200
2018-04-06,41.686279296875,42.84947072244018,41.25401267897488,42.52723528021013,9578500
2018-04-09,41.92991638183594,42.93592206636734,41.86704271299776,42.118543384599484,8111600
2018-04-10,42.55081558227539,42.8651929622566,42.09497167924001,42.53509641346384,8836300
2018-04-11,41.45049285888672,42.03208700358873,41.348319780121756,41.61553960280559,12121200
2018-04-12,42.32288360595703,42.67655733765883,41.890617044154524,41.91419729168417,9315200
2018-04-13,41.63911819458008,43.132406016201955,41.45835227901522,43.022374850042866,12364000
2018-04-16,41.969215393066406,42.401481980831015,41.92205789329911,42.00065072812014,7282200
2018-04-17,41.843467712402344,42.51937392985621,41.474074769440904,42.44863917478114,14505300
2018-04-18,41.85917663574219,43.22671399775487,41.59981791078021,42.37003900041985,17524000
2018-04-19,42.990928649902344,43.09310171326251,41.9220495203236,41.93776868377315,13873700
2018-04-20,42.802310943603516,43.48608120998257,42.51937193656728,43.14026553554962,10183600
2018-04-23,42.157833099365234,42.904476911147235,41.914193548934364,42.873038582664535,8523600
2018-04-24,41.7098503112793,42.92805714248638,41.21470709669218,42.40933667896034,10742700
2018-04-25,40.900333404541016,41.55266228611099,40.72742558136919,41.536943120538616,12623000
2018-04-26,41.026084899902344,41.34045922593407,40.609534495676876,40.87675432177224,14668900
2018-04-27,40.95500564575195,41.46832341701816,40.891826405413475,40.93921083566733,7784500
2018-04-30,40.765472412109375,41.460429018214995,40.733885803349374,41.20771807282242,8209700
2018-05-01,40.91552734375,40.962908769809296,40.2995416920064,40.58384229857229,8498300
2018-05-02,40.828643798828125,41.49990655351487,40.67069873521021,40.907614824361325,8931000
2018-05-03,40.33903503417969,40.623332662048256,39.39926313805846,40.568052316694406,11438000
2018-05-04,40.591739654541016,40.88393615005985,39.904678877505575,40.05472808774551,10368700
2018-05-07,41.37355422973633,41.56308892290213,40.69439251367383,40.78126245585184,6576100
2018-05-08,42.15538787841797,42.45548025927287,41.37356127817496,41.50781566965406,11578100
2018-05-09,42.755577087402344,42.84244704729464,41.98164937321556,42.34492101226301,7114800
2018-05-10,43.466331481933594,43.59268697410277,42.53445859747868,42.8266551082663,8208600
2018-05-11,43.592681884765625,43.86118765084682,43.33997092993064,43.51370782853456,6063100
2018-05-14,43.60847854614258,43.94016055872834,43.52160858687897,43.71114030477016,5816000
2018-05-15,43.31626892089844,43.76641041137605,43.03986730834258,43.46631809275873,7523400
2018-05-16,43.411041259765625,43.56898332960678,43.03987076802477,43.07146038701376,4517700
2018-05-17,43.332069396972656,43.55319372849212,42.913517468198016,43.34786420726348,4576800
2018-05-18,42.581844329833984,43.379465902501906,42.54235879939216,43.08726936216901,6702400
2018-05-21,42.929317474365234,43.3873549780287,42.834551613702516,42.98459781079785,5901700
2018-05-22,43.339969635009766,43.750625677485,43.000388734742785,43.00828463385387,5930400
2018-05-23,42.92142105102539,43.126750609012916,42.352822841523356,43.02408583001915,6529700
2018-05-24,42.64501190185547,42.86613322177436,41.99743973990553,42.747676662911545,6637300
2018-05-25,41.86319351196289,42.51076881259523,41.63417624853418,42.37651440467241,10152800
2018-05-29,39.45454406738281,41.31829005990636,39.09916826159605,41.20772936756224,26605100
2018-05-30,40.25216293334961,40.433798774569325,39.557206183752584,40.038937464295316,11542600
2018-05-31,39.59669494628906,40.10211698271119,39.40716318890725,40.03894073443491,15150400
2018-06-01,40.44169616699219,40.64702574293802,40.173190345599586,40.22057478909928,10003900
2018-06-04,40.71019744873047,40.852347750825324,40.61543158485139,40.72599226146906,5523800
2018-06-05,40.102115631103516,40.67071690919067,40.01524565666766,40.48908105925791,9136000
2018-06-06,40.994510650634766,41.12876509389329,40.18109712622437,40.21268374885571,7945800
2018-06-07,41.17612838745117,41.63416885810768,40.9550070637147,41.27089423868793,8477600
2018-06-08,40.994510650634766,41.20773616930178,40.726004776671125,41.15245581400516,6412900
2018-06-11,40.89182662963867,41.41304331508121,40.883930730829064,41.22351161813047,6810400
2018-06-12,40.5285530090332,41.160330321566285,40.23635656684013,40.970798634082286,8953300
2018-06-13,40.74968338012695,41.349874219960874,40.48907649872599,40.654917515304106,7981400
2018-06-14,40.520660400390625,40.844446487635715,40.354816394687845,40.83654757602734,8620700
2018-06-15,40.40220260620117,40.60752912878106,39.94416512696039,40.20477198302534,11505700
2018-06-18,40.094207763671875,40.22845912951158,39.8414968294014,40.04682333378917,7493900
2018-06-19,39.422950744628906,39.63617620812795,39.08337279818893,39.62038139462217,12490100
2018-06-20,39.39926528930664,39.79412664199571,39.3518838550179,39.58880006412073,6570800
2018-06-21,39.320281982421875,39.58088882753577,38.6806057056934,39.217617219169924,11018400
2018-06-22,38.60953140258789,39.912574694121005,38.53845625918514,39.470329022664735,12896400
2018-06-25,37.85139083862305,38.53055251224307,37.48022038616755,38.419991870035446,14684200
2018-06-26,37.740848541259766,37.94617511765617,37.203836864465444,37.85930513868164,12097800
2018-06-27,37.26701354980469,38.301551383019785,37.26701354980469,37.85930558150087,11635900
2018-06-28,38.13571548461914,38.3410420911316,37.29071231301379,37.314403033462376,14183300
2018-06-29,37.4328498840332,38.90963020148377,37.41705507160749,38.680609940139675,13592200
2018-07-02,37.685550689697266,37.72503620383162,36.93531387093806,37.085360029669246,8655100
2018-07-03,37.132747650146484,37.819805295383915,37.06956841205243,37.8040104858604,5037800
2018-07-05,36.88003921508789,37.50392067694271,36.64312308132907,37.34597558358614,10577300
2018-07-06,37.18803405761719,37.34597916612518,36.548357723808394,36.74578835630529,7269300
2018-07-09,38.23046112060547,38.30153625684189,37.345972879425915,37.345972879425915,9412500
2018-07-10,37.98564529418945,38.419995013473425,37.898778362884464,38.24625512575984,9238800
2018-07-11,37.70924758911133,37.9619585361389,37.582892115597545,37.622377636217074,6089500
2018-07-12,37.922481536865234,38.11991219687856,37.748741592036616,37.906686722557836,7774700
2018-07-13,37.96986389160156,38.22257488151633,37.4960285260969,37.96986389160156,9747600
2018-07-16,38.617431640625,38.76747783182734,38.06462528545763,38.08042009703982,8724000
2018-07-17,38.838558197021484,39.05178366320704,38.293650680693524,38.696407886231114,11138300
2018-07-18,39.92836380004883,40.67070173753571,39.525603707463674,40.078409964658974,18407300
2018-07-19,39.36765670776367,40.25214788105996,39.3123763860016,39.88097742418471,11363600
2018-07-20,39.69935607910156,39.95206707401599,39.16234446177022,39.20972890302393,8910000
2018-07-23,40.07052230834961,40.27584883965619,39.68355694495536,39.699351756987,7728900
2018-07-24,40.26007080078125,40.69441776867575,40.149510083050316,40.26007080078125,7254900
2018-07-25,40.30744171142578,40.36272205171446,39.80991563627507,40.26005727151294,7483100
2018-07-26,40.26795196533203,40.56014844946456,40.21266861828311,40.4495877804713,5524900
2018-07-27,40.315338134765625,40.51276878480126,40.06262714372423,40.34692776178396,7252100
2018-07-30,40.43449401855469,40.760194134091314,40.06112936280764,40.41860583848455,10123700
2018-07-31,40.164390563964844,40.52980951938414,39.894297633794125,40.48214499157999,9714900
2018-08-01,39.86252975463867,40.65692053806254,39.751315529816985,40.46626541668226,9194600
2018-08-02,39.56861114501953,39.743375079393296,39.123751157677496,39.56861114501953,7882500
2018-08-03,39.64803695678711,39.84663461796724,39.50504639830863,39.69570148639988,5426100
2018-08-06,39.71159744262695,39.814866064812364,39.377951730694456,39.63215654437616,5086900
2018-08-07,39.822811126708984,40.38682785997561,39.798977342378585,39.83869930614245,5632300
2018-08-08,39.81486511230469,40.02140841245511,39.68776270850456,39.822810717119886,5884100
2018-08-09,39.27467346191406,39.91813099272638,39.250842711633574,39.798971180604134,7583400
2018-08-10,38.440574645996094,38.837770090621575,38.24197692368335,38.82982751508779,14321600
2018-08-13,37.61440658569336,38.51206911976049,37.55879946706944,38.40085488251266,11445900
2018-08-14,38.01954650878906,38.16253710400328,37.65412744562411,37.73356531836063,8695500
2018-08-15,37.693843841552734,37.805058068032636,37.352255557158536,37.54290765102111,9496100
2018-08-16,38.36907196044922,38.59944600128206,37.971876592265765,37.99571037500169,8264500
2018-08-17,38.424678802490234,38.61533391125159,38.265800050249126,38.265800050249126,5854500
2018-08-20,38.361141204833984,38.59945789309318,38.2499269523371,38.39291757136483,7898200
2018-08-21,38.559749603271484,38.877504265284934,38.13872020631981,38.22610372324114,9632000
2018-08-22,38.60737991333008,38.65504443774773,38.321401857902615,38.41672787637844,4952000
2018-08-23,38.23403549194336,38.702726251837014,38.11487564284668,38.46440655364365,7699300
2018-08-24,38.241981506347656,38.61534623875259,38.21020513968317,38.400860309308975,5620600
2018-08-27,39.632164001464844,39.798985373639574,38.464408335519735,38.512072883438655,13317400
2018-08-28,39.719547271728516,40.06113562069426,39.62422120677744,39.759266212928054,7419100
2018-08-29,39.6798210144043,39.87047310915422,39.38589726728794,39.7195399482805,7856700
2018-08-30,39.16346740722656,39.63215811926951,39.0840295361795,39.53683206794093,11399900
2018-08-31,38.79010772705078,38.9966480203733,38.58356440336757,38.9966480203733,7698400
2018-09-04,38.69477844238281,38.85365722201138,38.27375225217368,38.81393828469441,8548700
2018-09-05,38.702720642089844,38.96486802960054,38.5358962714626,38.64711352866756,5527500
2018-09-06,38.07514572143555,38.782152945243006,37.87654805046222,38.56766709694861,7990500
2018-09-07,38.30552291870117,38.44851349607021,38.035429942599684,38.14664416269555,7285200
2018-09-10,38.083099365234375,38.504128610730966,38.059268607505444,38.42468770103309,4925000
2018-09-11,38.01954650878906,38.16253710400328,37.6461818401341,37.90038666932368,5011700
2018-09-12,37.7176628112793,38.210184101962554,37.54289592120869,37.96392497180065,6231800
2018-09-13,37.908321380615234,38.21018763455133,37.73355447438717,37.91626395346209,8380100
2018-09-14,38.281700134277344,38.535905004777824,38.011607080575445,38.043383446978275,6955500
2018-09-17,37.876548767089844,38.55972525302145,37.78122273171986,38.52794889777812,6726500
2018-09-18,38.0115966796875,38.16253286362064,37.7732800575976,38.019542284294644,7082500
2018-09-19,39.00458908081055,39.2111323964717,38.035434315439346,38.035434315439346,12489100
2018-09-20,39.62422180175781,40.01347167386342,39.48917376321841,39.52095012879956,11810000
2018-09-21,39.2508544921875,39.69571448988738,39.044314190260195,39.66393812640293,21450400
2018-09-24,38.57561492919922,39.282622193848596,38.5120622162437,39.219069480893076,7917600
2018-09-25,38.35318374633789,39.07607919454371,38.329352993984344,38.686829431088356,9007500
2018-09-26,37.8924446105957,38.52001411699281,37.76534219426875,38.41674245673946,8443100
2018-09-27,37.94805145263672,38.25786340078525,37.77328449507165,37.99571599479827,12204900
2018-09-28,36.994781494140625,37.773284160384364,36.85973650475371,37.67001250179634,14187300
2018-10-01,37.04244613647461,37.58263215621038,36.955062658229025,37.27281717960498,9710100
2018-10-02,37.04244613647461,37.30459354085075,36.661138892607106,37.09805325347441,9589100
2018-10-03,37.42375183105469,37.916273288532146,37.32048017646151,37.471413340589635,8985300
2018-10-04,37.55086135864258,38.075159275437436,37.312544674710566,37.63824484983523,7722200
2018-10-05,37.13776779174805,37.75739161085766,36.93917010302212,37.638234815838246,7938900
2018-10-08,37.352256774902344,37.511135545207786,36.78029441394695,36.94711575910544,7054500
2018-10-09,36.669071197509766,37.1854263168714,36.494304289967104,37.09804286310007,9999500
2018-10-10,35.44572448730469,36.86768506109723,35.366286601878954,36.812077935227,14143800
2018-10-11,34.54805374145508,35.572815467041885,34.293845923158386,35.096182247250816,21746900
2018-10-12,34.50038528442383,35.40599011727002,34.06347104423519,35.191504283644385,16049300
2018-10-15,34.532161712646484,34.77047829596674,34.21440424797963,34.4924397567933,11986800
2018-10-16,36.494319915771484,36.70086326409588,35.33450983178726,36.33544414673554,24174900
2018-10-17,37.48731231689453,38.00366770821021,36.16862330361038,36.51021169533712,22121900
2018-10-18,36.5658073425293,37.725620206886646,36.34337888953273,37.264872090981875,14873900
2018-10-19,36.87561798095703,37.12188020986636,36.25599415188488,36.59758242441447,14931200
2018-10-22,35.834964752197266,37.11393425657198,35.81907657464702,36.883560227633424,11166700
2018-10-23,35.36629104614258,35.5966651853324,34.40507857204065,34.96909550837866,15095300
2018-10-24,34.54805374145508,35.58870364508294,34.420951347486785,35.58076107124246,15067400
2018-10-25,35.390106201171875,35.71580627728564,34.913472978201526,34.92141555209498,13838500
2018-10-26,34.929359436035156,35.366273707299435,34.35739717235248,34.77048069274997,12997100
2018-10-29,34.913475036621094,35.81113745751152,34.389177248298246,35.421884645860175,12869800
2018-10-30,35.593353271484375,35.66533995071018,34.841494772716665,35.193427953827246,14780300
2018-10-31,36.521183013916016,37.06508173660186,36.08126573705819,36.10526028179223,16928300
2018-11-01,36.70514678955078,36.953101595890914,36.35321359287706,36.649157486697874,8679900
2018-11-02,36.75312805175781,37.552978485740844,36.42518949587226,37.19304518021103,10478800
2018-11-05,36.6491584777832,37.08107858391854,36.497187944671104,36.809129226483876,12318900
2018-11-06,36.56917953491211,36.849126094302925,36.22524344698131,36.61716863012845,10737300
2018-11-07,37.281028747558594,37.440999442582005,36.49717569824985,36.945089982890714,9951200
2018-11-08,37.137062072753906,37.47299784634955,36.953096808472324,37.05707823652288,9484100
2018-11-09,36.577171325683594,37.14506457768,36.51318485773452,37.08107810973093,10017900
2018-11-12,35.297401428222656,36.67314213581025,35.129430513795306,36.40919307231701,14302000
2018-11-13,35.737327575683594,36.09726098133784,34.737514255081855,34.88148761734355,12346100
2018-11-14,35.073448181152344,37.39301618075454,34.43356830059627,36.06526428440522,13265200
2018-11-15,35.43337631225586,35.5693524830003,34.47355510818107,34.67351773189717,14057400
2018-11-16,35.297401428222656,35.465369291462665,34.769500250048814,35.18542285272932,9775000
2018-11-19,35.5213623046875,35.8253063637523,35.22541845967549,35.329396832860354,9856700
2018-11-20,34.47355651855469,35.20142037661199,34.025642175865656,35.105439167633996,16035600
2018-11-21,34.97746658325195,35.37739188566899,34.5135548190659,34.6255334155526,7961900
2018-11-23,34.45757293701172,34.88149287243253,34.43357533889399,34.617540651457524,4822400
2018-11-26,35.41738510131836,35.75332395425577,34.96947069898585,34.96947069898585,8862900
2018-11-27,35.2334098815918,35.51335935525847,35.057444866542035,35.20941534571846,8035900
2018-11-28,36.24122619628906,36.41719122634874,34.92946885155486,35.42537834394444,12380800
2018-11-29,35.601341247558594,36.06525596088711,35.4493707644961,35.913285477824616,9202900
2018-11-30,35.5053596496582,35.68132771840862,35.12143181426503,35.49736248798192,11282500
2018-12-03,36.32122039794922,36.90511104655222,35.99328173089306,36.049271036157165,15437000
2018-12-04,34.489559173583984,36.12925239584241,33.84967926382315,36.0332711721753,18401400
2018-12-06,34.08161544799805,34.177596611858284,32.77785884655285,33.31376003474375,17552400
2018-12-07,33.049827575683594,34.441569005486436,32.75388369881299,33.93766225748341,15499400
2018-12-10,32.561912536621094,33.129805649114374,31.642086308889894,32.865856575482795,16323200
2018-12-11,32.489925384521484,33.49773868996034,32.13799227455172,33.209792031263525,13619400
2018-12-12,32.64189910888672,33.40175462211311,32.63389889544095,32.88185364207334,14207600
2018-12-13,32.473934173583984,32.88985686497065,32.25797718975267,32.697894423523266,15964600
2018-12-14,31.706071853637695,32.74587684492333,31.618087814549607,32.05000779669802,17332200
2018-12-17,31.67407989501953,32.52192255865982,31.210168172369762,31.42612818248156,15786300
2018-12-18,31.90603256225586,32.64989369220981,31.706069958530325,31.954024685577373,14538300
2018-12-19,31.434125900268555,32.85786194934338,31.066195380776684,31.91403805938584,19412300
2018-12-20,31.12217903137207,31.722066833095653,30.842232611042586,31.10618165718365,27520300
2018-12-21,30.13837242126465,31.770068462504828,29.98640189777987,30.72226302352266,21528400
2018-12-24,29.602476119995117,30.394329737251763,29.386519093750078,30.082388420243827,11444400
2018-12-26,31.434125900268555,31.514112785715284,29.418502154826403,29.818427428496964,16814200
2018-12-27,31.72206687927246,31.81005091184327,30.658267429284745,30.778243159091822,13897900
2018-12-28,31.4901123046875,31.99401895760221,31.146176356798282,31.946026830738337,12854200
2018-12-31,31.714067459106445,32.058003352195385,31.250152793568084,31.7300617809919,9518100
2019-01-02,32.31397247314453,32.56992447659534,31.002214641473437,31.210177551270068,10648000
2019-01-03,31.73807144165039,32.16999148962801,31.394135446170566,32.16999148962801,13034500
2019-01-04,33.03383255004883,33.25779281577401,32.21798448842217,32.39395261480877,14371600
2019-01-07,33.36177062988281,33.72170404071924,32.77788000838735,33.20179988604572,11812400
2019-01-08,33.153804779052734,33.921660548626875,32.857860939960375,33.833676502932164,11398200
2019-01-09,33.385765075683594,33.761692779375736,32.99383694280998,33.52173821184742,9223000
2019-01-10,33.32176971435547,33.56172423976181,32.985833989024066,33.09781256413453,7560800
2019-01-11,33.385765075683594,33.489743455860214,32.761879538684525,33.01783148420645,8191900
2019-01-14,33.9776496887207,34.22560444809474,32.889852494442785,33.04182604584748,12336300
2019-01-15,34.29758834838867,34.385572386586716,33.61771363125025,33.76168695717662,11737000
2019-01-16,35.585357666015625,36.08126422729466,34.92947730924249,35.193429495025505,30530400
2019-01-17,34.01763916015625,34.53754318074285,33.281778199952775,33.95365270983687,47037200
2019-01-18,34.945457458496094,35.00944694514291,34.04162884350972,34.40955923816895,20614400
2019-01-22,33.92166519165039,34.18561736486295,33.53773725431323,33.929662355450155,20202400
2019-01-23,33.71369934082031,34.089626995943135,33.321771258583254,34.00964316749678,15583900
2019-01-24,33.63371658325195,34.057639469297484,33.4657486922164,33.553732745002975,13421600
2019-01-25,34.37758255004883,34.593542604124686,34.033646506652644,34.12962773584582,13422700
2019-01-28,34.11362838745117,34.17761484710216,33.64171642417234,33.94565744709322,10396600
2019-01-29,33.98565673828125,34.15362464880872,33.68171262552567,34.01764844658062,9916400
2019-01-30,34.46897888183594,34.61397599763587,33.8889904186362,34.11454012193199,12347900
2019-01-31,34.074256896972656,34.37230509754097,33.97759319706362,34.074256896972656,11163400
2019-02-01,33.68760681152344,34.420646440453886,33.66344164918117,34.07426477342127,13322100
2019-02-04,34.20315170288086,34.20315170288086,33.574832881599754,33.75205227134956,8715300
2019-02-05,34.19508743286133,34.2836971012014,34.00981406855186,34.13870002080556,9971500
2019-02-06,34.13870620727539,34.517307032132074,33.905099416206255,34.07426168302843,9744000
2019-02-07,33.413719177246094,33.977596447613486,33.05928352841592,33.92120902786514,12745400
2019-02-08,32.874000549316406,33.30093462369616,32.31817746981354,33.051216785594654,13993900
2019-02-11,32.39066696166992,33.09148690352261,32.37455584052458,33.02704241894124,17058300
2019-02-12,33.147891998291016,33.429829086736476,32.74512297314961,32.74512297314961,12400800
2019-02-13,33.18009948730469,33.85675133390477,33.15593433763841,33.4298173010928,9528300
2019-02-14,32.80150604248047,33.45398981006687,32.44706738069685,32.87400458031044,10414200
2019-02-15,33.82453918457031,33.89703772151101,33.131776069999916,33.1559412246857,13289700
2019-02-19,33.96148681640625,34.0581505298298,33.37344436101323,33.494276307455706,9401700
2019-02-20,34.170921325683594,34.219254713110786,33.84870796148672,33.90509537704326,10031600
2019-02-21,33.80038070678711,34.25148318597101,33.58288503322795,34.146762363986774,9603600
2019-02-22,33.663448333740234,34.0259412052761,33.510394080822344,33.872886952358215,10132100
2019-02-25,33.985652923583984,34.52536507374685,33.92121147046724,33.93732260196746,10804700
2019-02-26,34.162872314453125,34.3803679804897,33.534553550047974,33.81649066923384,10404400
2019-02-27,34.2837028503418,34.40453172234484,34.03398493158776,34.21120429798637,6916600
2019-02-28,33.81648635864258,34.33203020965695,33.70371152534365,34.22731247752722,12299900
2019-03-01,34.235374450683594,34.53342273255249,34.11454248817446,34.11454248817446,12336100
2019-03-04,33.832603454589844,34.71869422067539,33.67149520451494,34.275648837632616,12115100
2019-03-05,33.752044677734375,33.86481951024485,33.18011034118541,33.81648612221877,10449100
2019-03-06,33.52648162841797,33.905085369302874,33.50231647827903,33.695646898038895,7062700
2019-03-07,33.163997650146484,33.308994734513085,32.72900946993026,33.284829578079844,12502100
2019-03-08,33.31705093383789,33.429825757986606,32.543735220060846,32.688732300504476,11748400
2019-03-11,33.71176528930664,34.00175947144941,33.55871417001294,33.59093642866963,7191600
2019-03-12,33.85676193237305,33.98564789241062,33.68759968598942,33.79232048879609,7204400
2019-03-13,34.162872314453125,34.35620281966924,33.9937100429416,34.15481828514101,9269000
2019-03-14,34.38842010498047,34.5736934977378,34.07426074017961,34.07426074017961,8351200
2019-03-15,34.90396499633789,35.016739831078276,34.2675892027214,34.38036403746179,18992600
2019-03-18,35.467838287353516,35.612835377806555,35.016738959618465,35.016738959618465,10305900
2019-03-19,35.40340805053711,36.16061292813941,35.347020616720165,35.94311722360919,12548500
2019-03-20,34.66230773925781,35.28257252158486,34.58175514846598,35.23424219626351,15078500
2019-03-21,34.742855072021484,35.14562407517027,33.99370448033406,34.307863811128726,14576200
2019-03-22,33.607051849365234,34.41258998134132,33.252613104649924,34.283704003140514,25416800
2019-03-25,33.22844696044922,33.77621311980977,32.954563880768944,33.59899375269782,14504100
2019-03-26,33.735931396484375,34.01786845977669,33.3009401506475,33.59898834225416,9615400
2019-03-27,33.32509994506836,33.87286592809319,33.26065851506234,33.687592591611704,11251600
2019-03-28,33.77619171142578,33.808413952819784,33.33314664734545,33.42175627473793,8397000
2019-03-29,33.99370574951172,34.34008735098275,33.80843236989201,34.21925541637332,11811400
2019-04-01,35.0650749206543,35.40340254381643,34.436756142775714,34.46092130411437,25813300
2019-04-02,35.2020149230957,35.355066052981485,34.80729990944384,34.98451927143659,13101200
2019-04-03,35.749778747558594,35.95921728396788,35.47589569355646,35.64505794291208,11712100
2019-04-04,36.19282913208008,36.442547063485016,35.70950747381443,35.70950747381443,9119900
2019-04-05,36.16865539550781,36.55531324502127,36.0317123453082,36.35392875634446,8633900
2019-04-08,36.23310470581055,36.241161807922786,35.73367192579512,35.9672787209045,10898900
2019-04-09,35.65310287475586,35.98337326094578,35.4033881150043,35.96726520854106,7436200
2019-04-10,35.8061637878418,35.94310376931339,35.52422365140881,35.70144299014477,6703400
2019-04-11,36.088104248046875,36.31365699299927,35.8222782878066,36.039773931394365,7872700
2019-04-12,37.61056900024414,37.916674307866465,36.95002807050586,36.966139199631634,21641900
2019-04-15,37.11919403076172,37.6911252966247,36.99030499553022,37.433353371929165,11669000
2019-04-16,37.87639617919922,37.93278359195492,37.20779818097659,37.360852363785085,13358600
2019-04-17,38.87525939941406,39.10886613810644,37.9650037451438,38.54498896890818,19610000
2019-04-18,38.3033332824707,38.778600850165404,38.09389474361985,38.4966637646193,19906500
2019-04-22,38.093894958496094,38.22278092302757,37.8441770578297,38.15833640431994,7042100
2019-04-23,38.14222717285156,38.22278282524508,37.73945812953578,37.93278862239629,8163700
2019-04-24,38.1663932800293,38.35166666089306,37.900564251257094,37.96500876958385,9042500
2019-04-25,38.093894958496094,38.45638769401706,37.86834221590316,38.02945043978846,5585900
2019-04-26,38.57722473144531,38.60138989463917,38.04556963098941,38.182512725818285,7661100
2019-04-29,39.28245162963867,39.45268025188206,38.70691499695596,38.787975362141935,9702200
2019-04-30,39.11222457885742,39.41215165280176,38.79608481277354,39.31487859221937,8104600
2019-05-01,38.561004638671875,39.41215085920252,38.431306196422014,39.07169360789217,9056300
2019-05-02,38.75555419921875,38.9338876262684,38.42320174467713,38.64206535549921,7680500
2019-05-03,38.95819854736328,39.30676360740872,38.76364938435377,38.933877969328314,5829700
2019-05-06,38.674495697021484,38.79608935618042,37.9692605137632,38.07464147888393,6310000
2019-05-07,37.86387634277344,38.26107958244093,37.49099368823167,38.21244150444442,10365100
2019-05-08,37.71796417236328,38.252970646714004,37.66932918794812,37.70175148013994,7340300
2019-05-09,37.65312194824219,37.68554733738436,36.874931162361946,37.21538847158881,8102300
2019-05-10,37.56394577026367,37.628793442647876,37.05325682162397,37.490990206172285,9749200
2019-05-13,35.81301498413086,36.69658654428682,35.618465784317,36.639843671894155,16506200
2019-05-14,35.67520523071289,36.145363947963766,35.650887742666924,35.813011544900135,17302200
2019-05-15,35.58604049682617,35.894072323222424,34.74299918907416,35.08345639475034,10703100
2019-05-16,35.894081115722656,36.250754190662676,35.60225881522815,35.715747670507774,9305000
2019-05-17,35.569828033447266,35.9264979310322,35.26179311283723,35.278005802580324,8411700
2019-05-20,35.56172180175781,35.79680117561991,35.1239915272873,35.2536899590294,8951600
2019-05-21,35.983245849609375,36.0967316014855,35.780591837757775,35.86165529785131,5936200
2019-05-22,35.25369644165039,35.910293520221686,35.20505836120785,35.75627757053628,10109600
2019-05-23,34.62141418457031,34.71058245366825,34.16747113062464,34.65383957192504,13128900
2019-05-24,34.82406234741211,35.01861154649327,34.60519565804129,34.88080521959107,6172300
2019-05-28,34.183685302734375,34.913241154488745,34.17558050093957,34.734904592447556,10539500
2019-05-29,34.19989013671875,34.24042341314164,33.69730905007424,33.83511538695142,9808700
2019-05-30,33.90806579589844,34.556557920677136,33.66487854338385,34.41875160476858,7797200
2019-05-31,32.98395919799805,33.46222269312133,32.911003644767234,33.32441947715991,11328600
2019-06-03,33.016395568847656,33.308217878937995,32.77321134119078,33.000182874703164,10133200
2019-06-04,34.434967041015625,34.507922604138194,33.54329068485497,33.583820866088715,11860900
2019-06-05,34.394439697265625,34.58898582013913,34.00534435926374,34.45118257412497,6421300
2019-06-06,34.702476501464844,34.84838764746439,34.16746999688485,34.248530370326804,5741500
2019-06-07,34.613311767578125,34.91323889062665,34.51603869107016,34.58899117925962,7546200
2019-06-10,35.09157180786133,35.537410045639156,35.01861623497005,35.051041621200625,8693100
2019-06-11,35.39959716796875,35.813013035483046,35.18883838087156,35.480660618586484,10654600
2019-06-12,34.54844284057617,35.21314751668846,34.483595187719565,35.21314751668846,8073800
2019-06-13,34.81595993041992,35.03482663476714,34.4836074739493,34.59709322607271,7530900
2019-06-14,34.7105712890625,35.034818873805754,34.459279256273774,35.01049829498482,7102600
2019-06-17,34.45928192138672,34.921335847670484,34.402539053506224,34.63761841601363,5658700
2019-06-18,35.132102966308594,35.51309353441884,34.40254721721558,34.507928179252374,10094500
2019-06-19,34.9699821472168,35.5941569882532,34.945664650895694,35.42392832949474,8034300
2019-06-20,35.2293586730957,35.62656173901324,34.848371385005294,35.34284437985683,9922800
2019-06-21,35.3266487121582,35.804909209964556,35.21315986840665,35.3266487121582,18450800
2019-06-24,34.91322708129883,35.58603977251852,34.84837941631322,35.26179217082758,8141400
2019-06-25,34.58087921142578,34.85648878129364,34.2404219680768,34.83217129027006,10232900
2019-06-26,34.84837341308594,35.09155752633438,34.65382426713492,34.67814175078364,7826400
2019-06-27,35.25369644165039,35.38339489724208,34.92134395593076,35.09967739970988,7459800
2019-06-28,35.51308822631836,36.12915502838235,35.4563453534541,35.82922797292058,15445600
2019-07-01,35.62657165527344,36.52635585540099,35.278006549057274,36.14536536901253,12197700
2019-07-02,35.529300689697266,35.610361052625244,35.18073556304862,35.423919744087186,8234800
2019-07-03,35.65899658203125,35.78869500881687,35.52119026417842,35.62657120227124,4470800
2019-07-05,35.83733367919922,36.33180994860412,35.72384793059902,36.06430826865434,6276000
2019-07-08,35.25369644165039,35.63468391555747,35.09157259909701,35.33475681679953,7060200
2019-07-09,35.48876190185547,35.56171745405692,34.87269519946314,34.921333265015484,5941900
2019-07-10,35.1077880859375,35.65089944561075,35.05104520036732,35.47256289538713,5311000
2019-07-11,35.81301498413086,35.93460862054635,35.16452280517571,35.253691059579786,8799200
2019-07-12,36.372344970703125,36.3966655573924,35.975144797754865,36.1129480558885,9565700
2019-07-15,36.01566696166992,36.485822605425895,35.90218122325484,36.485822605425895,7870700
2019-07-16,36.01566696166992,36.526355876792245,35.88596853315919,36.315593997803276,10170900
2019-07-17,35.48066329956055,35.926501488755704,35.39149504327058,35.87786341470989,9131800
2019-07-18,36.01566696166992,36.08862252097311,35.26989867854239,35.39959710705312,11185800
2019-07-19,35.983245849609375,36.24264273739904,35.934610865808075,35.950820465571965,10083600
2019-07-22,36.072418212890625,36.15347858995011,35.618472061494074,35.845446683319935,7091800
2019-07-23,36.55877685546875,36.71279585973438,36.291275209106594,36.291275209106594,9859600
2019-07-24,36.88303756713867,37.05326622915339,36.3642436873288,36.38856118411506,8092200
2019-07-25,36.372344970703125,36.939776881455785,36.15347824403045,36.883033999606035,8733800
2019-07-26,37.077571868896484,37.101889355878185,36.40475920136364,36.46960995632043,8321000
2019-07-29,36.66416549682617,37.06947354312174,36.53446704570179,36.996517971098335,8667000
2019-07-30,36.49259948730469,36.63964849813136,36.084130705312724,36.44358522794213,7339100
2019-07-31,36.40273666381836,36.754020043357436,36.17399204128196,36.517107416901915,8317100
2019-08-01,35.071136474609375,36.54979486572675,34.875070051133726,36.28837192896919,12963900
2019-08-02,34.40941619873047,34.92408783947478,33.69051324254647,34.907748710965585,16089900
2019-08-05,33.07780838012695,33.4944452300788,32.6284901583348,33.43725984119071,15311100
2019-08-06,33.674171447753906,33.76403508925413,33.06146820083769,33.45359790489968,10481200
2019-08-07,33.13499450683594,33.216687030960856,32.24453228184613,32.898081823955614,14108500
2019-08-08,33.71501541137695,33.87023243479787,33.20034384643653,33.502609888411854,9884400
2019-08-09,33.90291213989258,34.16433193599904,33.20851639080414,33.48627531371348,11011400
2019-08-12,32.97160720825195,33.412754329401835,32.80821903934051,33.30655155215388,8775000
2019-08-13,33.24118423461914,33.76402682848538,32.742855000133446,32.9961036190885,10896700
2019-08-14,32.130157470703125,32.32622075055425,31.729856673421803,32.32622075055425,17133400
2019-08-15,31.942262649536133,32.342563491559424,31.664503708393646,32.2118535849259,10818600
2019-08-16,32.62849044799805,32.832724871945786,32.20368247222234,32.29354611737855,9742800
2019-08-19,32.979774475097656,33.355568190081705,32.86540369433427,33.28204367153809,7803000
2019-08-20,32.5958137512207,32.91441893873743,32.53862836455718,32.71018452454775,11350000
2019-08-21,32.62849044799805,33.110483813169516,32.538629919211836,33.06963755165397,9876100
2019-08-22,32.898075103759766,33.02061386491576,32.61214509499032,32.971599607001124,8126000
2019-08-23,32.130157470703125,33.00428045793271,31.950430200531553,32.718350426626145,12310800
2019-08-26,32.80821990966797,32.89808356077165,32.432429292661844,32.54680007902282,10408600
2019-08-27,32.50594711303711,32.95526215954982,32.228188210696054,32.881737652566315,8742900
2019-08-28,32.98794937133789,33.249369219096145,32.14650131476875,32.18735069803193,9881900
2019-08-29,33.73134994506836,33.90290607123515,33.38823457636555,33.4045737002437,12191900
2019-08-30,33.894752502441406,34.20518663922512,33.73953231767899,34.04996957083326,7427000
2019-09-03,33.48628616333008,33.56797870744321,32.96344328534535,33.52713243538664,8675300
2019-09-04,33.92741775512695,34.05812764733656,33.73952247984874,33.853893245985944,6829900
2019-09-05,34.69535446166992,35.21819423188119,34.55647339474895,34.55647339474895,8101600
2019-09-06,34.45843505859375,34.76070115802134,34.31955401850848,34.695347757558466,7012700
2019-09-09,35.218177795410156,35.52861493272986,34.752523647615305,34.752523647615305,11888800
2019-09-10,35.602142333984375,35.790037609234545,35.177334405274124,35.357058559304484,12292700
2019-09-11,35.89623260498047,35.89623260498047,35.29986860432899,35.73284759818113,9877900
2019-09-12,36.20668411254883,36.30471577885099,35.438763679836,35.54496335317564,13254300
2019-09-13,36.89289855957031,37.129811190103595,36.54161517398493,36.72134242699215,11364500
2019-09-16,36.557960510253906,36.80304118649001,36.231184197692514,36.34555808854792,6289800
2019-09-17,36.116817474365234,36.35373017172782,35.577638679619135,36.35373017172782,9768500
2019-09-18,36.23934555053711,36.34554829094617,35.65932071264823,35.871723077097315,8283800
2019-09-19,35.96159362792969,36.32921617224597,35.87172999305575,36.11681065047672,6403500
2019-09-20,35.6756591796875,36.435411305073444,35.642984048081836,36.12497729841949,22404600
2019-09-23,35.58580017089844,35.76552430959052,35.079296655065114,35.348887537657305,7114600
2019-09-24,34.752525329589844,35.75735817695703,34.61364432076357,35.75735817695703,11246400
2019-09-25,35.1609992980957,35.25903094935086,34.59731029154606,34.59731029154606,6909400
2019-09-26,34.817867279052734,35.13647233132861,34.78519215509334,35.09562608910298,5343800
2019-09-27,34.99760437011719,35.27536325862484,34.71984548160954,35.09563600242301,8005200
2019-09-30,34.858726501464844,35.29170555611488,34.78520510790298,35.18550279368717,6213700
2019-10-01,33.80487823486328,34.84238934469267,33.69867547593141,34.728015464720876,13437200
2019-10-02,32.865394592285156,33.56796132682206,32.75102384319667,33.52711507591463,12052500
2019-10-03,32.881736755371094,32.92258301005418,32.10564545091453,32.71834862026927,12293600
2019-10-04,33.31471633911133,33.347394593010016,32.824554996110216,32.95526489533517,5631400
2019-10-07,33.2330207824707,33.584304188841706,33.12681802519424,33.16766428064841,6323600
2019-10-08,32.530452728271484,32.840889867341126,32.42424997504803,32.71834798928565,8309000
2019-10-09,33.03696060180664,33.20851989314548,32.70201625794718,32.832726169785744,8955700
2019-10-10,33.5352897644043,33.829387815753414,33.29020909373664,33.380072733467735,8207100
2019-10-11,34.25419235229492,34.793371020580054,34.229685222581345,34.3113777325396,14914600
2019-10-14,34.51560974121094,34.56462711362394,34.049955610579886,34.12348011101475,6644500
2019-10-15,34.74435806274414,35.06296325501123,34.237857580585434,34.62998728771184,10112800
2019-10-16,34.956756591796875,35.25085459225733,34.67899771540302,34.79336846750003,10088900
2019-10-17,35.487770080566406,36.353725103808685,35.487770080566406,36.247522337663455,17965100
2019-10-18,35.66749954223633,35.83088770406685,35.316216085030185,35.56129676959099,10493900
2019-10-21,36.745849609375,36.835713236010264,36.010607704518854,36.010607704518854,14244800
2019-10-22,37.0726203918457,37.26868362430413,36.41089997046849,36.639641447126294,12366600
2019-10-23,37.505619049072266,37.521958181117235,36.8438982249196,36.868408481172445,8328000
2019-10-24,37.383060455322266,37.6853295888769,37.17882607034343,37.57912683610448,7469800
2019-10-25,37.881404876708984,37.95492940329255,37.26053352051358,37.33405804709715,9576400
2019-10-28,38.265357971191406,38.52677775840813,37.96309192654139,37.97943105278864,10276000
2019-10-29,38.2571907043457,38.33888322078839,38.01210692227817,38.01210692227817,7773600
2019-10-30,38.076107025146484,38.100801837541695,37.72218153906889,38.076107025146484,7101400
2019-10-31,37.903255462646484,38.076103433929035,37.31063339827259,37.820947801988886,9414100
2019-11-01,38.95680618286133,39.014422165084625,38.2407164497966,38.29010292306037,9765900
2019-11-04,40.19145202636719,40.331375700246525,39.40951656339511,39.50005688876951,15965900
2019-11-05,40.125606536865234,41.06392791043036,40.06799053251206,40.30668720188193,13894100
2019-11-06,39.96921157836914,40.16675122260476,39.705823292830964,40.11736788146387,7872400
2019-11-07,40.0515251159668,40.80876890285842,39.977446953551706,40.43014543949436,14501500
2019-11-08,40.454833984375,40.454833984375,39.74697679539984,40.0350567491288,7966500
2019-11-11,40.40544891357422,40.652375045362426,40.09267413872989,40.21613877454205,7107500
2019-11-12,40.33960723876953,40.50422573500986,40.14206755515046,40.38899372959263,6400700
2019-11-13,39.82929229736328,39.985681280033965,39.6646738028957,39.9362947897427,7022000
2019-11-14,40.010379791259766,40.100920135678095,39.6811427460726,39.77168309049093,5836600
2019-11-15,40.323143005371094,40.46306666820383,40.10090853513417,40.22437003648607,6439000
2019-11-18,40.3560676574707,40.40545414615844,39.96921781884462,40.19968181971433,6446900
2019-11-19,40.60300064086914,40.82523201051317,40.50422765454201,40.51246030665434,6980100
2019-11-20,40.41367721557617,40.42190986563007,39.829284655190335,40.29844523350978,9138700
2019-11-21,40.19968032836914,40.6112249659897,40.10914000571879,40.53714680562454,8353600
2019-11-22,40.537147521972656,40.545377033342476,40.183218876177655,40.281988711797794,6609800
2019-11-25,41.12153625488281,41.13799841589392,40.59475966187222,40.619451333470785,8461000
2019-11-26,40.66884994506836,41.09685683949188,40.388999404092864,41.088624186613046,10360600
2019-11-27,40.973384857177734,41.0474630206895,40.74292085506847,40.84992334454915,8614000
2019-11-29,40.7264518737793,40.92399465668415,40.63591156244107,40.907532496455744,4138400
2019-12-02,40.397216796875,41.12153298474618,40.38075463717303,40.8087613699165,8117100
2019-12-03,39.59882736206055,39.87044520271275,39.04735588947877,39.84575352806343,12217700
2019-12-04,40.19968032836914,40.405452647179416,39.64820888124267,39.80459785303378,8608400
2019-12-05,40.38898849487305,40.5453743191224,40.290218665864835,40.44660449011419,6680700
2019-12-06,40.98985290527344,41.352014263255576,40.93223689647391,41.02277723596945,9487300
2019-12-09,40.825225830078125,41.07215511867711,40.68530216371928,40.767609833361384,6382300
2019-12-10,40.882850646972656,41.096855657950286,40.55361675753809,40.767618628678704,10009600
2019-12-11,40.7017707824707,40.98162129941971,40.67707596579146,40.87461880004122,6296300
2019-12-12,41.72239303588867,41.870549352372905,40.718226283962174,40.86638260044641,11553400
2019-12-13,41.35201644897461,42.10102774279546,41.26970561788393,41.763561184916554,10191200
2019-12-16,41.74708938598633,42.076323214870264,41.64831641146836,41.788243222117266,11007500
2019-12-17,41.895240783691406,42.15862907177529,41.78823831045855,41.8293921417524,10446000
2019-12-18,41.69770812988281,42.076328493525274,41.681245965397906,41.977558646452636,9513000
2019-12-19,41.86232376098633,41.97755576463303,41.60716493874248,41.68947575551628,9222000
2019-12-20,41.72239303588867,42.339709974627525,41.69770136308674,42.339709974627525,18742900
2019-12-23,41.74708938598633,42.0598610524506,41.73885673485828,41.903475219218464,6547600
2019-12-24,41.72239303588867,41.919935837813085,41.62362320484463,41.837628168582434,2087800
2019-12-26,42.068092346191406,42.21624866335145,41.862320032339824,41.95286035280833,5517400
2019-12-27,42.051631927490234,42.249174738504585,41.919937766759496,42.249174738504585,4116900
2019-12-30,41.94462966918945,42.290328805388626,41.9117053438683,42.27386664272805,4532800
2019-12-31,42.076316833496094,42.08454948337556,41.763545214467364,41.94462269394822,5131600
2020-01-02,42.83357620239258,42.850038368353985,42.11748611233854,42.1421809311992,7808000
2020-01-03,42.14216995239258,42.347942263547,41.837627811038196,42.15863211406529,6706000
2020-01-06,41.994014739990234,42.01047690209526,41.533083620558635,41.705931612906845,7476700
2020-01-07,41.91170120239258,42.13393566659572,41.73885322129109,42.01047416859586,4538100
2020-01-08,42.446720123291016,42.62780079610911,41.89525173219864,41.9446350867222,6185200
2020-01-09,42.85002517700195,43.006410995736346,42.65248238611564,42.940562352162196,7308000
2020-01-10,42.973487854003906,43.18749281166034,42.734791224247196,42.924104509803364,7686800
2020-01-13,43.442657470703125,43.442657470703125,42.85826475102468,42.97349676450078,8334200
2020-01-14,43.50849914550781,43.829503457186625,43.36034282629661,43.67311762683541,9602000
2020-01-15,43.57434844970703,43.57434844970703,42.891185931469316,43.19572810755906,11342500
2020-01-16,46.455162048339844,47.212405887369364,45.80492384441096,46.134157702384776,34590700
2020-01-17,47.33585739135742,47.38524387253083,46.24115041395328,46.306995915681775,15403900
2020-01-21,46.02714157104492,46.48807260345614,45.418057387331444,45.99422039288652,20833900
2020-01-22,45.9777717590332,46.51277795455883,45.96953910719499,46.24116010079526,10276800
2020-01-23,45.706146240234375,45.80491921349353,45.105291448838315,45.450990575572554,10064500
2020-01-24,44.89952087402344,45.77199666599813,44.52913005951359,45.70614801460238,9752000
2020-01-27,43.714271545410156,44.19166168834881,43.5084992283181,43.62373122351583,10649100
2020-01-28,44.46327590942383,44.80897184257861,43.936499359948414,44.28219529310319,9232900
2020-01-29,44.183441162109375,44.89952809205528,44.183441162109375,44.84191208273992,9027800
2020-01-30,44.58938980102539,44.62253020282695,43.412933981053804,43.586916349848025,8685900
2020-01-31,43.29695129394531,44.14201274740883,42.99041041665589,44.075735090901276,11286900
2020-02-03,43.5786247253418,44.39883219444636,43.56205768676315,43.611765123383705,8375100
2020-02-04,44.75508499145508,45.235608136530715,44.51482183869606,44.531392038242444,9375100
2020-02-05,45.5587272644043,45.69128571481527,45.053347184574086,45.45102253580701,8237500
2020-02-06,45.575294494628906,45.97297300795647,45.243899947446295,45.92326240367983,6976900
2020-02-07,45.59186935424805,45.65815016672225,45.0864892206831,45.24390457008778,7588000
2020-02-10,45.856990814208984,45.86527749680858,45.25219256261808,45.30190317688543,5115100
2020-02-11,46.21323013305664,46.60262194106135,46.13866581153324,46.18009289272379,7120800
2020-02-12,46.54463195800781,46.94230732134069,46.48663783171611,46.57777236172959,7130000
2020-02-13,46.33751678466797,46.38722739841381,45.981265287264506,46.22981203510699,5718400
2020-02-14,46.26294708251953,46.494923598894616,46.01440036348294,46.31265769050405,4579300
2020-02-18,45.99782943725586,46.3623644087457,45.51730304896007,46.22980594998185,6897800
2020-02-19,46.652339935302734,46.751757992941364,45.97297741395978,46.27951826860403,6075300
2020-02-20,44.53139114379883,45.989533909726724,44.39883271053266,44.73851389330487,58533500
2020-02-21,43.429500579833984,44.3988367797943,43.15610016885821,44.32427245672043,29536400
2020-02-24,41.15943908691406,41.83051803175084,40.77004724924352,41.68138937734267,28670400
2020-02-25,39.79242706298828,41.54883049440089,39.40303838979216,41.40798536205463,25568400
2020-02-26,39.13792037963867,40.22324168201139,38.847946602632895,39.94984126645801,22286100
2020-02-27,37.62177658081055,39.113059764467735,37.41465382862365,37.8951801307096,26815200
2020-02-28,37.30695724487305,37.73777304258572,36.19677892473274,36.345907591650324,36978800
2020-03-02,38.50826644897461,38.50826644897461,36.78500658201945,37.373234512154355,23234100
2020-03-03,36.78500747680664,38.872802345522935,36.337621507606215,38.41713285560821,30206600
2020-03-04,37.48093795776367,37.54721560092441,36.62758999380448,37.41465715416027,21938100
2020-03-05,35.28544235229492,36.40390427207943,34.91262065888566,36.04765278287094,23950200
2020-03-06,34.66407012939453,34.99546785631528,33.42133339410617,33.562175373759565,30898400
2020-03-09,31.06841278076172,32.32771949139501,30.52989236171823,30.52989236171823,28177500
2020-03-10,32.72540283203125,33.131364915985614,30.695598733145744,32.98223624518141,27111000
2020-03-11,30.546470642089844,32.19516957374149,30.19021916178989,31.673219216020563,27376200
2020-03-12,25.9400577545166,28.922626243959908,25.857208322544558,28.094135084682407,27964600
2020-03-13,31.06841278076172,31.084982980164543,27.39819736475901,28.39238720583186,33305100
2020-03-16,26.221744537353516,29.220883190606727,25.152991777366204,25.741219734370567,26789900
2020-03-17,27.99471664428711,29.09660822749451,24.945868967371375,26.818257570912763,27047400
2020-03-18,25.476097106933594,27.20764334565994,22.5349548209858,25.964906901419276,27603000
2020-03-19,25.616943359375,27.25735684127489,23.810832615412746,25.1447037131543,23929600
2020-03-20,24.58133316040039,26.056048016877064,24.183657776706067,25.890349150227006,27472500
2020-03-23,23.040340423583984,24.680754242846938,22.99891649460458,24.150518786625288,26401000
2020-03-24,27.522480010986328,27.65503848300156,24.3576421460131,24.92930154421732,25905500
2020-03-25,28.160417556762695,29.394867687108412,26.71884146392788,28.085853221608428,27198500
2020-03-26,29.585420608520508,30.529900090483615,27.61361378704929,28.003002510042652,26422500
2020-03-27,28.176982879638672,28.77349752445787,27.439626255038803,27.870442036247898,33375400
2020-03-30,28.8646240234375,29.278869486942376,27.31534687485304,27.779299771295577,18046400
2020-03-31,28.168703079223633,29.237457572206466,27.936726535795433,28.60780243941083,17122600
2020-04-01,26.19689178466797,26.851398994597393,25.81578502047617,26.246600812963763,23755100
2020-04-02,28.085851669311523,28.168699521373668,25.890348824791975,25.964913155825094,21656000
2020-04-03,28.044422149658203,28.417243772477196,27.224217739899114,27.804162135346136,16926500
2020-04-06,30.662450790405273,31.06841277458787,29.61855351177377,29.76768214592718,18788700
2020-04-07,30.604455947875977,32.857952445761306,30.53817831228998,32.857952445761306,19536700
2020-04-08,32.61769485473633,32.95737609111416,31.026993404511206,31.24239970739646,15376700
2020-04-09,34.0344123840332,34.67234768384695,33.28876920699551,33.35504684470863,21902200
2020-04-13,32.791690826416016,33.968147086546786,32.51828714992588,33.868729004388484,13369900
2020-04-14,33.023651123046875,33.77757779195814,31.789198166474083,33.56216836630218,14471900
2020-04-15,31.814064025878906,32.650838765214075,31.142985001739717,31.656648671822264,15590100
2020-04-16,31.780914306640625,32.16201939663412,30.712160190385497,31.36666881914102,27913000
2020-04-17,32.38571548461914,33.22249006004599,31.640072270521898,32.76682061162771,25074500
2020-04-20,31.780914306640625,32.75853390997508,31.33352842163491,31.640069197460786,16573800
2020-04-21,30.612751007080078,31.598654414550303,30.289639939104255,30.902721667970386,14134900
2020-04-22,31.325260162353516,31.631801087508588,31.018716076754647,31.374967622385054,10449000
2020-04-23,31.04355812072754,31.805768307495203,30.886142811394265,31.565505164101893,8694800
2020-04-24,31.45781135559082,31.640077267478077,30.869580211372902,31.45781135559082,8567500
2020-04-27,32.56798553466797,32.76682162427716,31.75606465447132,32.012894866920085,11619400
2020-04-28,33.247352600097656,34.28296659571109,33.007089394609,33.61188758879407,12778400
2020-04-29,34.091487884521484,34.56788252178867,33.89089915860652,34.35057780302666,15880400
2020-04-30,32.954830169677734,33.52316124751076,32.59544424727597,33.347648082128515,13431700
2020-05-01,32.09397506713867,32.36142459367734,31.684441186235798,32.052183488164005,12806200
2020-05-04,31.834877014160156,31.94352936382093,31.065957353232953,31.759656647202597,13985100
2020-05-05,31.742942810058594,32.85453239850745,31.676082028364068,32.5787233048624,8951200
2020-05-06,31.17460823059082,32.28619769110486,30.96566313093773,32.152472954856854,7817800
2020-05-07,32.4366455078125,32.712451441749764,31.559073346853275,31.559073346853275,9348900
2020-05-08,33.49809265136719,33.57330985514007,32.76260472805612,33.02169470971937,12096400
2020-05-11,33.28913497924805,33.48136408933312,32.846169197683196,32.91303316027759,10106400
2020-05-12,32.11069107055664,33.48973041955563,32.05218668006579,33.406153629783034,13605600
2020-05-13,30.91551971435547,31.993674053163996,30.58956266635592,31.885024892080157,11565900
2020-05-14,31.600872039794922,31.734596835373175,29.69528971749156,30.305409296582997,14986600
2020-05-15,31.166244506835938,31.600850594592316,30.940583469640405,31.141168932759687,9175800
2020-05-18,33.66524124145508,33.97448235618141,32.32799356892208,32.52857912567706,14722400
2020-05-19,32.871246337890625,33.890896309855314,32.8378143550067,33.514794473034605,8895500
2020-05-20,34.31714630126953,34.47594343842827,33.46464986274756,33.48972225591752,12031600
2020-05-21,33.681949615478516,34.208492162269465,33.29749139513875,34.074767425270885,9654200
2020-05-22,33.539878845214844,33.882548788966346,33.26406969650621,33.62345563608098,6468900
2020-05-26,36.51523971557617,36.598819657509985,34.72667040542681,34.99411984311744,19709900
2020-05-27,39.164669036865234,39.2148138190833,37.869210088163044,38.26202469795071,25892400
2020-05-28,37.10865783691406,39.54913552186753,37.00836187499147,39.49063113820424,17615900
2020-05-29,36.94150161743164,37.43461227840216,36.373170578067324,36.7827012695726,13102100
2020-06-01,37.35939407348633,37.66863200787385,36.73255861315351,37.20895330794645,8649500
2020-06-02,38.09487533569336,38.66320312184625,37.509828369308636,37.7605618725451,11179200
2020-06-03,39.206459045410156,39.691213215298795,38.81364123106931,39.26496341925889,11253500
2020-06-04,40.69414520263672,40.744293172772885,39.02258445708706,39.03930044713245,15279600
2020-06-05,41.39620590209961,43.33521634883306,41.153831987445045,42.87553772528193,17976100
2020-06-08,41.91438674926758,42.35734932426622,41.27083548302953,42.223624592856304,12150300
2020-06-09,42.12333679199219,42.3657107042369,40.59385700775255,40.71922535304248,15090400
2020-06-10,40.69414520263672,42.206908825128835,40.627284430704265,41.81409102968495,14770900
2020-06-11,37.250736236572266,39.44883982107018,37.14208388000975,38.554554950573795,17961900
2020-06-12,38.67991638183594,39.23989091482042,37.71041123308225,39.08109059632892,14093100
2020-06-15,39.615997314453125,39.99209599207324,37.27580934381906,37.325957322018226,14758800
2020-06-16,40.58549880981445,41.45470803354329,39.206459825652004,41.32098329233506,13551500
2020-06-17,39.9168701171875,40.76936649957676,39.833293353291154,40.70250572610952,8674400
2020-06-18,39.76643753051758,40.435061289675694,39.25661091783152,39.381976079283284,9825200
2020-06-19,39.22317886352539,40.68579472895932,39.03930613448812,40.501921999922054,20962700
2020-06-22,39.59927749633789,39.79150661182384,38.905578212052276,39.11452331865648,11657400
2020-06-23,40.0255241394043,40.51863471887036,39.79150664008119,40.343121594378026,9672600
2020-06-24,39.239898681640625,39.824945722502385,38.79693280834178,39.77479774017142,12806200
2020-06-25,40.77772903442383,40.83623341102707,38.89722301667841,39.039304163215014,15014300
2020-06-26,39.32347869873047,40.42670889476551,38.95573636280217,40.36820450469169,20082500
2020-06-29,39.482269287109375,39.9503042918287,38.98915870124483,39.75807517371193,9380800
2020-06-30,40.36819839477539,40.560427531387454,39.3318323375408,39.3318323375408,11894300
2020-07-01,39.79151153564453,41.02010993474436,39.49063003478337,40.46013532186394,11363800
2020-07-02,39.941951751708984,40.97831780942155,39.850015384536974,40.83623665161001,7488800
2020-07-06,40.80280685424805,41.262485526514496,40.70251407933987,40.8445952447723,10649600
2020-07-07,39.69121551513672,40.57714076375047,39.60763555604617,40.55206837014803,8750700
2020-07-08,40.87802505493164,40.94488902680849,39.51570191631267,39.80822701089938,12322200
2020-07-09,39.70792770385742,40.9950303596771,39.29839706952804,40.786085247560244,9119900
2020-07-10,41.62187576293945,41.68873974534867,39.716296899779024,39.774801290262005,13386000
2020-07-13,41.972896575927734,42.64987672183012,41.68873108621269,42.64987672183012,14904000
2020-07-14,42.20691680908203,42.273780781911725,40.87802563746411,42.014687669571224,16075600
2020-07-15,42.917320251464844,43.87011254089904,42.17347624047816,43.87011254089904,17424200
2020-07-16,43.9954833984375,44.72261151409476,42.908969425883654,43.10955814136642,25026800
2020-07-17,43.803253173828125,44.30472016757655,43.443867325950315,44.11249104703134,16263800
2020-07-20,43.34357833862305,43.51909148289137,42.91732848740037,43.259998373555035,10423600
2020-07-21,43.77818298339844,43.8366873626712,43.05941125147645,43.54416227805784,11951200
2020-07-22,42.62479782104492,43.75310001747886,42.61644142038016,43.46057817047717,13604000
2020-07-23,42.257057189941406,42.83374450477256,42.048112094796174,42.61644300865113,13527000
2020-07-24,41.9394645690918,42.45764757185224,41.847528206549725,42.25706204289636,6860800
2020-07-27,42.89225387573242,43.101198995231606,41.56336278818763,41.713803529287006,12087100
2020-07-28,42.006324768066406,42.80867643753592,41.9645363824663,42.48272256630586,7287900
2020-07-29,42.28213119506836,42.34063556888226,41.68872786738492,42.01468171813359,8074300
2020-07-30,41.196468353271484,41.5415254620662,40.85982586204997,41.5415254620662,9410100
2020-07-31,41.1375617980957,41.263800341026766,40.62418337631039,41.25538572234915,9669900
2020-08-03,41.62569046020508,42.00441251462692,41.00290593556578,41.42370750482089,9912400
2020-08-04,41.457359313964844,41.886578610209796,41.30587373874592,41.65934543169078,6445200
2020-08-05,41.88657760620117,42.04648100482524,41.60884710229268,41.73508882415297,6636100
2020-08-06,41.61727523803711,42.06332386763294,41.440539352023045,41.937085324963384,5701100
2020-08-07,42.37471389770508,42.47570857908458,41.30588080869029,41.415286897826626,6225900
2020-08-10,42.56827926635742,42.77868000639961,42.29896336547974,42.50094948852288,6518300
2020-08-11,43.57820129394531,44.49554867091934,43.401465438587344,43.46037739037334,11792600
2020-08-12,44.08316421508789,44.95842885892569,43.68760979410565,44.29356495638304,8949400
2020-08-13,43.914852142333984,44.15049999440264,43.51929763882343,43.70445135714091,5728700
2020-08-14,44.015830993652344,44.2262317184886,43.46879103535425,43.49403809498731,5782300
2020-08-17,43.15740966796875,44.0158452893634,42.99750622092457,43.93168625627937,7333000
2020-08-18,42.85442352294922,43.233145517727664,42.62719353654284,43.06482427444161,6450000
2020-08-19,43.23314666748047,43.788604537773935,43.039578356214946,43.081657865540365,5957600
2020-08-20,42.7534294128418,42.98066259563312,42.50094916878271,42.69451746291002,5186300
2020-08-21,43.00590896606445,43.27522165012937,42.50094848605784,42.576692879104876,6408500
2020-08-24,44.074737548828125,44.15889975474461,43.056398935687824,43.182640639332604,7728500
2020-08-25,43.80543518066406,44.51238182380132,43.637113939829355,44.445055253743824,8425500
2020-08-26,43.519287109375,43.85592956841808,43.43512809984444,43.75493811488933,5920800
2020-08-27,44.2767333984375,44.495548761163455,43.49404236830983,43.56136893743297,8910100
2020-08-28,44.512386322021484,44.60496317435901,44.142082123132376,44.60496317435901,8743800
2020-08-31,43.982177734375,44.51238860005873,43.97376311575957,44.51238860005873,8026600
2020-09-01,44.25148391723633,44.45346682402459,43.50245460738697,43.69602289741757,5568800
2020-09-02,44.81536102294922,45.000514715555795,44.158911691650644,44.276735601323644,7547100
2020-09-03,44.39456558227539,45.76637959777531,43.93168449791737,45.109926966241325,11029600
2020-09-04,44.36089324951172,45.244575755228794,43.561369759401735,44.97526305273332,9413000
2020-09-08,42.22321701049805,44.007417514758636,42.15589044624954,44.007417514758636,10946600
2020-09-09,42.972251892089844,43.45196536262675,42.44204108395824,42.57669744041665,8808100
2020-09-10,42.324214935302734,43.41829817498094,42.22322026545383,43.199482811229544,8609100
2020-09-11,42.37471389770508,42.879677673219675,42.130651443857055,42.38313172638386,8969700
2020-09-14,43.04800033569336,43.40147210066683,42.332635766332004,42.8880936901911,8812200
2020-09-15,42.40837097167969,43.20789439430532,42.3073795193833,43.05640561063055,7660100
2020-09-16,43.04800033569336,43.68761728631916,42.341053595285324,42.484124582880945,8699700
2020-09-17,42.290565490722656,42.86285598703604,42.06333221626336,42.40838943811745,7533700
2020-09-18,42.14748764038086,42.87126365855844,42.12223736255912,42.39155011594177,10743900
2020-09-21,40.699920654296875,41.3142904448616,39.984556194531486,41.12072214458454,12909900
2020-09-22,40.08555603027344,40.89349422524864,39.49643322584781,40.598934428266325,11164400
2020-09-23,39.067203521728516,40.598923692374775,39.04195646308088,40.27911370417741,8248100
2020-09-24,39.22712326049805,39.90881975600512,38.59592089919965,39.16821129694709,9832700
2020-09-25,39.589012145996094,39.83307782507163,38.64641432552393,38.94939196707132,9816000
2020-09-28,40.71675491333008,41.35637179446329,40.23704144986498,40.304368021871284,9466200
2020-09-29,39.757328033447266,40.61576028769274,39.7152453141252,40.455856869835394,11355600
2020-09-30,40.691505432128906,41.23013407097265,40.00980902890833,40.11921511185682,15047300
2020-10-01,39.77416229248047,41.2974651051699,39.47118786413389,41.028152361887734,25275400
2020-10-02,40.3716926574707,40.683084835530465,39.067205577393224,39.12612073477133,12681800
2020-10-05,40.901912689208984,41.14597837849097,40.211798348140896,40.75884169164035,19140100
2020-10-06,40.17812728881836,41.583602710790174,39.950894101163044,41.40686685721178,22980200
2020-10-07,40.994483947753906,41.38162058168595,40.598932695893275,40.71675660965861,12019100
2020-10-08,41.238555908203125,41.650942879888156,39.77416495926802,40.3801202775117,23836600
2020-10-09,41.09547424316406,41.852914983935236,41.01131202054914,41.60884935404274,11381800
2020-10-12,42.702938079833984,42.930168067008395,41.26379449481161,41.46578062952972,17615000
2020-10-13,42.4504508972168,43.12373581376883,42.0717321447318,43.02274115000978,17448000
2020-10-14,42.627197265625,43.249981746666485,42.399964048879276,42.846012653716635,20330100
2020-10-15,43.19948959350586,43.65395283733374,42.01282611493089,42.02124394397019,21059700
2020-10-16,43.637115478515625,43.990590417778435,43.28364374971356,43.36780276786813,16923300
2020-10-19,42.87967300415039,43.92325891441712,42.745016654101114,43.92325891441712,12677000
2020-10-20,43.317298889160156,43.99058051420339,43.23313667949224,43.393043272631274,11177600
2020-10-21,42.399959564208984,43.60345209757125,42.29896489380807,43.33413939742339,18583200
2020-10-22,43.569786071777344,43.74652192468133,42.181139889336194,42.43362013783625,13264400
2020-10-23,43.65394973754883,44.27673741332867,43.376222397733855,43.97375979864987,11538500
2020-10-26,42.34946060180664,43.15739867120665,41.91182667826651,43.04799259816699,15561400
2020-10-27,40.89349365234375,42.315801697142405,40.885079034174,42.290554632172196,11593300
2020-10-28,40.035057067871094,40.489523488063064,39.715247008055165,40.026642449924225,13622800
2020-10-29,40.798118591308594,41.06095053378012,39.46700813495913,39.890928744860425,10887800
2020-10-30,40.82355499267578,40.916814807714374,39.85701330981788,40.66246309507071,14907400
2020-11-02,41.866390228271484,42.25639631896829,41.06941760420945,41.44246972075144,16337800
2020-11-03,43.39250183105469,43.62989627167379,42.73966388509547,42.73966388509547,13142200
2020-11-04,43.604461669921875,44.35903962134906,42.82444628991112,42.84140349754795,17378000
2020-11-05,44.257301330566406,44.74904743412749,43.731640810413026,44.087732481861735,9444300
2020-11-06,43.83338165283203,44.613393843628636,43.67228978810811,44.579482660653404,6453900
2020-11-09,47.49604797363281,48.25062586299068,46.68212147955622,46.97886450314986,24243300
2020-11-10,47.26713943481445,48.17432911679589,46.54647582233623,47.9793260597048,15502900
2020-11-11,47.76736831665039,48.047154201428825,46.961918614457886,47.428230578593386,9731600
2020-11-12,47.097572326660156,47.41975284935268,46.622783381910246,47.05518091862994,9889500
2020-11-13,47.99628448486328,48.36933339906188,47.402795076712316,47.445186484239436,9919100
2020-11-16,49.26804733276367,49.29348153105656,48.35237738313378,48.97130100423228,12201400
2020-11-17,49.861534118652344,49.92935972193216,48.496509488665616,48.75933814847825,9599100
2020-11-18,49.861534118652344,50.98068406395365,49.82761969988395,50.022622756416766,11536700
2020-11-19,49.70891571044922,49.7597840974292,49.056077792068265,49.64956710280155,7220200
2020-11-20,49.01368713378906,49.802179486485564,48.75933225801089,49.47999901562138,7739900
2020-11-23,51.09938049316406,51.52330101834287,49.691964478940704,49.742832872037724,12647400
2020-11-24,53.92268753051758,53.97355915600495,51.41307888976292,51.836999399387295,22357700
2020-11-25,53.820953369140625,54.066828067693834,52.77810919012137,53.41399002373729,11509700
2020-11-27,54.12617492675781,54.227914951236116,53.47333690402935,53.82095161906585,5581500
2020-11-30,52.42201232910156,54.117694385600295,52.2185290592487,53.90573412853795,15610700
2020-12-01,53.65138244628906,54.092260195497424,53.21898491905499,53.515728003013955,15857200
2020-12-02,54.278785705566406,54.482272231881645,53.32072756776119,53.47333922824041,10790700
2020-12-03,54.31269836425781,54.787493775072605,54.10921831305959,54.31269836425781,11757900
2020-12-04,55.10966873168945,55.270760602521925,54.49922213539159,54.69422842474216,10169700
2020-12-07,54.48227310180664,55.26228539292638,54.16009256517763,54.71966758445052,10402100
2020-12-08,54.18553161621094,54.5840147857223,53.76161101109764,53.812482648043954,6386200
2020-12-09,54.575523376464844,55.474232698659186,54.34660270138813,54.85530596926205,10145500
2020-12-10,54.634883880615234,54.728146921361066,53.69377971928141,53.922693975693825,8888000
2020-12-11,53.68528747558594,54.024425141583706,53.15962700412023,53.75311630248809,9034200
2020-12-14,52.46440505981445,54.5161820818546,52.44744785071001,54.47378744196504,10236600
2020-12-15,54.21943664550781,54.28726224875896,52.701800365961745,52.981589469297305,9718800
2020-12-16,54.456825256347656,54.57552246792514,53.91420434959047,54.05833575386128,8806400
2020-12-17,54.82988739013672,54.89771623677243,54.32118397739855,54.60945334134291,7197500
2020-12-18,54.4144401550293,55.05032095780612,53.71073051417958,54.96553814447201,15499800
2020-12-21,57.50905990600586,57.90754623399733,55.78794361150129,55.96598945556929,14787800
2020-12-22,56.50013732910156,57.86516218531323,56.45774268148652,57.86516218531323,9807000
2020-12-23,57.83124923706055,58.475610379869124,56.779927928226186,56.8053621300384,8772500
2020-12-24,57.729496002197266,58.14494278851069,57.44971336201394,57.95841671604574,3126700
2020-12-28,57.695587158203125,58.365375908393254,57.62775832044509,58.12798144475412,7417100
2020-12-29,57.407325744628906,58.06864083263601,57.06818797760825,57.916029160902454,4701300
2020-12-30,57.517547607421875,57.814297221345484,57.28863331482569,57.509073852206946,5283200
2020-12-31,58.102542877197266,58.280588711533845,57.15296509406884,57.48362256762442,5297400
2021-01-04,57.932987213134766,59.28953175664984,57.415803595214236,58.738433716577106,14014600
2021-01-05,58.91646957397461,59.41669913010766,57.721017121612675,57.78884595439572,11120400
2021-01-06,62.46892547607422,63.48633209416284,59.82365921312486,60.54432924182729,18334300
2021-01-07,63.537200927734375,64.86831091995145,63.41850371583065,63.41850371583065,13530400
2021-01-08,63.80003356933594,63.87633615243945,62.61305490690144,63.1387186417189,12896700
2021-01-11,64.4867935180664,64.85984568079559,62.46045375872271,62.943722938388056,9077500
2021-01-12,64.26636505126953,65.42790334645284,64.02896408354965,64.9107197009643,11831100
2021-01-13,64.06287384033203,64.80049795356479,63.59656509901297,64.27483412325374,9852200
2021-01-14,64.83441925048828,65.14811636262947,64.1985383342905,64.30875536443266,9854300
2021-01-15,63.79155349731445,64.07134257304054,62.86740993438769,63.64742208321799,12882600
2021-01-19,63.579612731933594,64.94463764485981,63.32526424122074,64.87680879326359,14897700
2021-01-20,63.45241165161133,65.92811206593038,62.99458324491139,64.86831091085793,16133000
2021-01-21,63.33372116088867,64.34265403751276,62.51979456363826,63.58807605250413,13591300
2021-01-22,62.85045623779297,63.333725389316555,61.39217502984593,61.510872262254246,15460000
2021-01-25,61.36672592163086,62.75718456870472,60.97671985901386,62.33326409170627,15933100
2021-01-26,60.374755859375,62.16370085798385,60.31540724907339,61.67195153347708,10899700
2021-01-27,58.00928497314453,59.56931591945355,57.52601581768479,59.11996118331727,17002600
2021-01-28,59.07453918457031,60.310227325273466,58.50356640241224,59.17680558656722,14986200
2021-01-29,57.140045166015625,59.70516394665609,56.96960116781401,58.81035733774909,17566100
2021-02-01,57.66841506958008,58.05190925413105,57.32753351723749,57.8473764216606,11961600
2021-02-02,60.463623046875,60.82155219924477,58.81887581710936,58.90410106877169,13893900
2021-02-03,60.16535949707031,60.78746877969413,59.918220549275894,60.395457294088146,8014300
2021-02-04,61.60557174682617,61.631136720223395,60.31022341266311,60.44657860647964,8889400
2021-02-05,62.39812088012695,62.824221124867755,61.82714811259998,62.295854480750606,8832200
2021-02-08,63.258846282958984,63.309976232639634,62.55151830409855,62.75604460459503,9018100
2021-02-09,63.26736068725586,63.64233097234133,62.525950444003215,62.97761565007059,7429900
2021-02-10,63.34406661987305,63.795731858097305,62.679351250277044,63.57415790097396,7465900
2021-02-11,62.8242301940918,63.719036936156364,62.02315953776997,63.34407308786132,6972900
2021-02-12,63.58268737792969,63.932086243511286,62.96057807825079,62.96057807825079,7281200
2021-02-16,64.80984497070312,65.12515496705538,64.15364700196656,64.98028245512201,8550600
2021-02-17,64.29853057861328,64.68202473720866,63.6679039756151,63.915042921792285,7807200
2021-02-18,63.770164489746094,64.38374988535679,63.20770904317837,64.0428683875982,7155800
2021-02-19,64.7672348022461,65.07402748724071,64.28148080130019,64.29852194967833,7685300
2021-02-22,65.9603271484375,66.46312237707369,64.40932233042695,64.51158224037354,11193700
2021-02-23,66.04553985595703,66.3523325612363,64.98881303875842,65.84101355302884,12174600
2021-02-24,68.07378387451172,68.26126905309481,66.17338011365553,66.19894509223052,12681500
2021-02-25,66.83808898925781,69.36912564761748,66.56538507499064,68.60214385693665,11674600
2021-02-26,65.50865173339844,67.19600500404393,65.04846270455688,66.50572471166836,30392200
2021-03-01,67.46019744873047,67.78403131128273,66.50573050921327,66.51425433505715,11450000
2021-03-02,68.84928131103516,69.4969555316238,67.83516060400777,68.0141219343466,11955500
2021-03-03,69.93155670166016,70.68149715000344,69.16458160934182,69.16458160934182,13053000
2021-03-04,69.12198638916016,71.14170401163307,68.01412308533469,69.99975190596037,15809900
2021-03-05,68.91743469238281,70.35764865468796,66.79545144605405,70.22982382206602,16362500
2021-03-08,69.11345672607422,70.69855011833889,68.84927666128797,69.82078467567295,10151900
2021-03-09,68.9004135131836,70.16167319429867,67.6902902865318,68.34648185254675,11588700
2021-03-10,70.80934143066406,71.09056917597376,69.38616805546549,69.65887197467585,10775800
2021-03-11,70.94568634033203,71.42291650421605,70.29801218807991,70.34914863547702,8951500
2021-03-12,71.87459564208984,72.50522876876212,71.40588921211811,72.05356349004725,8691300
2021-03-15,71.46553039550781,72.50521598680453,70.70707251368123,72.35181964543659,9018400
2021-03-16,70.34062957763672,71.32917877007286,69.74408533058023,71.16726509736687,9472000
2021-03-17,71.46553039550781,71.70414548168606,70.2639246378301,71.24395645758226,8049300
2021-03-18,71.53370666503906,73.83464524109972,71.3547453537253,72.20694578956605,10227400
2021-03-19,70.68151092529297,71.25248369481622,69.36912138669,70.4002832023551,11557600
2021-03-22,69.81227111816406,70.36620280476266,69.44582460257801,70.28098404569546,7169900
2021-03-23,67.42610931396484,69.81226693369551,67.1960115263232,69.1475515503293,10235500
2021-03-24,67.6050796508789,69.40322355651007,67.5709908444007,68.26127129570294,8459000
2021-03-25,68.28681945800781,68.49986956969708,66.73581490498083,67.57097420358309,11363800
2021-03-26,68.15899658203125,69.65886473082928,67.3664498833411,69.5651221588077,11107400
2021-03-29,66.36937713623047,67.19601271802134,64.76724242735054,65.61944298560515,21931700
2021-03-30,67.4005355834961,68.21012997348612,66.89774040069902,67.04261292776523,12063000
2021-03-31,66.18189239501953,67.32383791732275,66.17336856972324,67.04261019850826,12085500
2021-04-01,66.65914154052734,66.71027150329867,66.04555598016942,66.36938991401365,13195600
2021-04-05,66.47164154052734,67.58802215762746,66.32676901041607,67.49427957890275,10458800
2021-04-06,67.4005355834961,67.41758323478267,66.05406371168372,66.30120264114758,9445000
2021-04-07,67.35792541503906,67.93742199028817,66.85512376065341,67.35792541503906,8329300
2021-04-08,68.34648132324219,68.59362026228234,66.60799792753588,66.89774299289553,9352700
2021-04-09,68.78961944580078,68.79814327055962,67.63915017074106,68.5850931640014,10693500
2021-04-12,68.3294448852539,69.08790290485268,67.76698936414489,68.98563649143978,8939700
2021-04-13,67.77550506591797,68.20160531806309,67.2897510385435,68.09082159314394,7085200
2021-04-14,68.84928131103516,69.92305579484216,67.57950434714118,67.84368442976887,10585500
2021-04-15,68.87484741210938,69.37764911184641,68.04821184767289,69.32651265821818,9930800
2021-04-16,66.97442626953125,69.60772888465965,66.26710487936056,69.02823235298344,29086400
2021-04-19,68.20160675048828,68.49135830895496,66.56538330831148,66.72730348809505,15151000
2021-04-20,65.8665771484375,67.86072318920654,65.27855672534078,67.5880192904234,13052800
2021-04-21,67.53688049316406,67.6135754069425,64.9802793388487,65.38933838431926,11075900
2021-04-22,66.71878814697266,67.74995012974064,66.59948057883585,67.25567220358826,9871700
2021-04-23,68.98562622070312,69.28390158997253,66.71877632596197,66.71877632596197,12002000
2021-04-26,69.47138977050781,70.23837160776361,69.35208220713187,69.71852872372216,8033500
2021-04-27,69.84634399414062,69.92304541105203,69.1986698697336,69.3776376752692,7057400
2021-04-28,70.5025405883789,70.69001921126134,69.94008521441276,70.22131290139583,7228200
2021-04-29,71.58087921142578,71.70925368755945,70.28858746930167,71.2043158226062,9974800
2021-04-30,70.64803314208984,71.27277887735563,70.37417065620689,70.93900917672943,9298600
2021-05-03,70.57100677490234,71.45250145885738,70.43407879486307,71.12729179304193,6759000
2021-05-04,70.72505950927734,70.88766761763424,69.10755805365503,70.25435526371648,8802700
2021-05-05,72.325439453125,72.60785543997565,70.38272199464534,70.95612706595223,9424400
2021-05-06,74.31096649169922,74.37943376408678,72.23132043106591,72.6849046841862,11887900
2021-05-07,75.05549621582031,75.34647873997018,73.03575821076528,73.15557915322402,9947600
2021-05-10,74.00286102294922,76.06538674235622,73.96862739104485,75.37217365213611,9344500
2021-05-11,72.67632293701172,73.54926407574118,71.75203462402636,72.79613736320651,10397800
2021-05-12,71.6151123046875,73.76322516577257,71.34124980470273,73.08712569062955,12602200
2021-05-13,72.62498474121094,73.30108424654982,71.38404666103791,71.62367554305224,8639700
2021-05-14,74.7559814453125,74.95282319669938,73.26685436699464,73.26685436699464,7755900
2021-05-17,75.38927459716797,75.41495471385039,73.85736063434142,74.27671112860246,7157900
2021-05-18,74.4307632446289,75.80007571959213,74.34518243920563,75.50909967527359,6631700
2021-05-19,73.64339447021484,73.6861815995609,72.16282137165463,73.01008227369547,10165600
2021-05-20,74.00286102294922,74.48211881081522,73.01866532624071,73.75467208869071,7722100
2021-05-21,75.60323333740234,75.97979671328733,74.22536736438028,74.40508901303532,9326800
2021-05-24,76.75860595703125,77.19507007036478,75.58612855573293,75.91989830329274,7788800
2021-05-25,76.04827117919922,78.17926410603826,75.9455702862031,77.26353569736466,10599600
2021-05-26,76.46760559082031,76.89551609387962,75.26945487637501,75.87709353658781,8665200
2021-05-27,77.28064727783203,77.81125217645958,75.81718746353557,77.10947914166447,21840900
2021-05-28,77.83692932128906,78.11935186182326,76.93832105058534,77.49460609210502,9484800
2021-06-01,78.82968139648438,79.85666409629835,78.62428616240094,79.06931025781452,9576400
2021-06-02,79.3859634399414,79.71973313135172,78.35897424918952,79.17200817470932,6878400
2021-06-03,79.89091491699219,80.37873278379737,78.87249203716273,79.01798008722434,7926800
2021-06-04,80.41295623779297,80.59267789971524,79.2832725561406,80.3273754267915,6406800
2021-06-07,79.77108001708984,80.678248248986,79.36884307520488,80.64402115254158,6773800
2021-06-08,79.41165161132812,79.75398140444896,78.4702495772941,79.03508818595543,7036300
2021-06-09,79.30895233154297,79.77965662285568,78.55583199484049,79.06076338970516,7811700
2021-06-10,78.46167755126953,80.43006866397951,78.33330308228466,80.0192716691073,6584900
2021-06-11,78.77833557128906,79.21479963502674,78.47023945018195,78.49591303870807,6509400
2021-06-14,77.64009857177734,78.64140778632112,76.92976542461315,78.55582697411522,10163100
2021-06-15,77.62297058105469,78.05088112787284,76.9383176237837,77.9567402852211,7459000
2021-06-16,77.96530151367188,78.42744569481265,76.55319538175233,77.45181015553665,11370300
2021-06-17,75.23523712158203,78.52158705892971,74.50778395255944,78.51302701957499,11131600
2021-06-18,71.96598815917969,74.37084972289551,71.81194664011524,73.93437916402382,22453900
2021-06-21,73.54926300048828,73.98572703407561,72.077249752305,72.37678581341288,10672700
2021-06-22,73.34385681152344,73.78888738630619,72.72767117854093,73.48079130511691,9664100
2021-06-23,73.48937225341797,73.87448919978476,73.23262326957484,73.63486029721005,7139000
2021-06-24,74.52490997314453,74.79021244972135,73.46368700804233,73.99429849059342,7953500
2021-06-25,75.65458679199219,75.84286847930818,74.21680707813906,74.91002008198717,11139000
2021-06-28,75.05549621582031,75.4834066994439,73.96860646035053,75.36359228638096,6174600
2021-06-29,77.5716323852539,78.41889353780955,76.83562563716798,77.95674931021624,15413700
2021-06-30,78.47026062011719,78.65854235929972,77.1351748920041,77.16940852907354,9780300
2021-07-01,78.75267028808594,78.93239850041807,77.92252914198063,78.667089467079,6792200
2021-07-02,78.76121520996094,78.80400887694877,78.16214304851242,78.64996081694817,4818000
2021-07-06,77.20362091064453,78.64140062472151,76.7329232216781,78.52158619266484,6701200
2021-07-07,77.04957580566406,77.4175791552067,75.80007773101626,76.71580608507855,6771600
2021-07-08,75.00416564941406,75.85998680609784,74.41364696189514,75.39784259796093,8778800
2021-07-09,77.30632781982422,77.55451674254489,75.83431436335532,76.47618024057857,7306500
2021-07-12,79.37741088867188,80.0363902948129,76.81850750334912,77.22929799488202,11951100
2021-07-13,79.77108001708984,80.04494249442055,78.51302201737184,79.13777426252442,12280100
2021-07-14,79.12921142578125,80.30168858413757,78.25627685059214,79.69405643808899,12572000
2021-07-15,79.27471923828125,80.49854387462801,78.13648194959062,78.18782913466599,12465900
2021-07-16,78.09365844726562,79.95078826465529,77.96528400421296,79.71971949067681,12595400
2021-07-19,76.46760559082031,76.75858812818662,74.95280528292461,76.60454008590942,14043000
2021-07-20,79.00941467285156,80.10486478841173,76.1680884870932,76.28790293539524,11522300
2021-07-21,81.88497161865234,82.20162780914208,79.74541864631026,79.79676582823927,14116900
2021-07-22,81.79080963134766,82.3556546042048,81.16605745192044,81.66243518029869,9235300
2021-07-23,80.91790008544922,83.16014753414458,80.60980391962273,82.39846716012852,13222800
2021-07-26,82.62097930908203,82.72368020351296,80.74672879445248,80.76384887488975,11420600
2021-07-27,82.56961822509766,83.05743596506953,81.74802426676942,82.05612036879339,8972900
2021-07-28,82.21874237060547,82.92051549298385,81.77371821982305,82.59530578777354,10054000
2021-07-29,83.00326538085938,83.49466376615595,82.35668821192581,82.89981724331678,9016200
2021-07-30,82.74461364746094,83.80499620323937,82.35666351603965,82.71012875284653,8320800
2021-08-02,82.96015167236328,84.83091308714486,82.74462598188644,83.38258018404768,9409600
2021-08-03,83.27912902832031,83.64983349480687,81.75320996883804,83.40844576357328,7044800
2021-08-04,83.01187133789062,84.08949973321481,82.38253346099974,82.56357424213559,7137500
2021-08-05,84.33951568603516,84.42572464769172,83.48602920686525,83.48602920686525,5675000
2021-08-06,85.97750854492188,86.19303422839451,84.73607850337655,85.02919027578481,9317900
2021-08-09,86.84823608398438,87.06376178858442,85.32231698943795,85.83957736501357,8297700
2021-08-10,87.9689712524414,88.73624222480731,86.71891823537383,86.84823497194255,8490500
2021-08-11,89.55522918701172,89.59833695442238,87.80516169821706,88.17586613505449,8793200
2021-08-12,90.23628997802734,90.2793977448864,89.23625424465065,89.25349340500121,6302100
2021-08-13,89.60696411132812,90.3225044124042,88.52933564771227,90.08973955828493,8312200
2021-08-16,89.41727447509766,89.5034834116802,88.09825867115602,88.97760034801036,6540300
2021-08-17,88.68450164794922,89.52935855854952,87.58962760316645,88.63277101656057,6492900
2021-08-18,87.29651641845703,88.84829724629154,87.17582257331395,88.26206717960171,7839800
2021-08-19,85.97750854492188,86.85685043946856,85.09816007305331,85.82232978972871,10644700
2021-08-20,86.77925872802734,87.08960964098388,85.78783933282384,86.02922703030195,6496900
2021-08-23,88.0724105834961,88.69311897149643,87.69308330972814,87.9258481330631,5430700
2021-08-24,88.8741683959961,89.17590961714735,88.39139296586917,88.52933256151798,5339700
2021-08-25,89.73625946044922,90.49491398315841,88.8310556467454,89.02933556803815,5612100
2021-08-26,89.52073669433594,91.08114697518796,89.37418082128724,90.21042145046823,6882800
2021-08-27,90.90872955322266,90.92597529099118,89.38281062679903,89.56385140943765,5900600
2021-08-30,89.73625946044922,91.21907703412147,89.55521869770845,91.06389829786923,6459700
2021-08-31,90.02938842773438,90.27077613995256,89.11556163795932,89.89144883371151,7215100
2021-09-01,89.92593383789062,90.58975662459254,89.2879796580898,90.12422036020105,5762400
2021-09-02,90.37423706054688,90.96046722088057,89.96904769684711,90.52941582585056,5708400
2021-09-03,89.87419891357422,90.80527132979708,89.46038675836814,90.2966273593838,7195400
2021-09-07,89.8138656616211,90.83977004918475,89.71903383198133,89.72765670121824,6792100
2021-09-08,89.2879867553711,90.15008955558798,88.85693535526265,89.52937448706024,5601000
2021-09-09,89.52073669433594,90.71906543801309,89.05520704786612,89.09830823429859,6145700
2021-09-10,89.33108520507812,90.33974379752627,88.97761993675671,90.02938629564657,5958600
2021-09-13,90.00352478027344,90.10697289660914,88.98624331326798,89.52074278719377,6112200
2021-09-14,87.85688781738281,90.86562434747586,87.6413621460545,89.96041389696839,8400600
2021-09-15,88.8310546875,89.08968152691355,87.77066557167352,88.07240675030417,6691900
2021-09-16,88.33967590332031,89.80524804790234,87.71896082837935,89.23626361408809,5881600
2021-09-17,87.71895599365234,89.5638553773085,87.4258442118201,88.04655267522757,17485600
2021-09-20,85.02918243408203,85.56368844763593,83.51188649803709,85.1326371204438,15443800
2021-09-21,84.74468994140625,85.97749694767288,84.44294876338803,85.71886353146326,8985600
2021-09-22,86.89996337890625,87.77930532578661,85.71888019534872,85.71888019534872,9497700
2021-09-23,89.27074432373047,89.65006506935356,87.58963997848674,87.72757957858397,6087900
2021-09-24,88.71898651123047,89.77074621504386,88.63277098472076,89.13279209826365,5529300
2021-09-27,90.60700988769531,91.17600093628589,89.51214214205979,89.52938130535516,8195200
2021-09-28,87.9689712524414,91.33978980901702,87.69309861717865,89.89145682955689,14183500
2021-09-29,85.82232666015625,87.59825612246716,85.44299936633386,87.14134274253837,11543000
2021-09-30,83.8912124633789,86.53786751550682,82.97738569706841,86.40855737108302,12258400
2021-10-01,85.3912582397461,86.13266694183866,83.67566946912797,84.42570103817148,7912700
2021-10-04,83.7532730102539,86.64993841440659,83.59809427155568,85.3912693459971,9482100
2021-10-05,85.52059936523438,85.97751939681818,84.02916513065846,84.6757422626859,8850300
2021-10-06,85.43437957763672,85.74473708789428,83.81362880643091,84.67573153996372,6912700
2021-10-07,85.17576599121094,87.00341986192466,85.08093414954301,86.69306230325196,7959600
2021-10-08,86.24476623535156,86.80513437948407,84.82229527788367,85.36541768244886,5301100
2021-10-11,83.87398529052734,86.79651336398418,83.80501548542968,86.2792529803969,7003900
2021-10-12,84.2964096069336,85.10678833286457,83.35672072458581,83.87398108221997,7913300
2021-10-13,84.97747802734375,85.50336129429418,83.34810416001304,84.58953437410227,10170900
2021-10-14,87.08101654052734,87.57241493477883,84.3222832897437,87.26205736184914,14766800
2021-10-15,88.05517578125,88.98624834484775,87.8051651904327,88.33104840261355,11678100
2021-10-18,87.42582702636719,89.60694553211843,86.68441827093827,87.72756161815319,8924300
2021-10-19,87.71895599365234,88.32242529584937,87.3310123818574,87.54653807225951,6189500
2021-10-20,86.77925872802734,87.86550336667887,86.149920879041,87.14134027424451,7426900
2021-10-21,86.45164489746094,87.7189367311072,85.83955286040933,86.52061468180156,5931400
2021-10-22,87.76205444335938,88.14137514560862,86.70166526516026,86.84822114051387,6761500
2021-10-25,87.85688781738281,88.57242804742842,87.6413621460545,88.19310733846923,3836000
2021-10-26,89.2017593383789,89.641433517188,87.66721772380242,88.03792211430401,7649500
2021-10-27,87.82239532470703,89.52073194293047,87.78791043099861,88.77070688106535,7542400
2021-10-28,88.97694396972656,89.08979039249328,87.50123145058069,88.44742211481193,6663000
2021-10-29,89.22000885009766,89.68008373179666,88.48215253287293,88.63840500428314,8056900
2021-11-01,90.2790298461914,90.56549374191337,89.14186341647292,90.18354188095076,5432400
2021-11-02,90.8519515991211,91.4422311663499,89.73214368167935,90.21825938308176,7191700
2021-11-03,89.07241821289062,90.91272393487482,88.43872594197329,90.6175775028709,9009000
2021-11-04,86.62447357177734,88.81200118582215,85.21820156235735,88.74256080558334,14823800
2021-11-05,86.69392395019531,88.52554733477507,86.57239500150736,87.96130200282042,8449600
2021-11-08,86.86754608154297,88.3693063172575,86.78074062451,87.20609199995383,7332000
2021-11-09,86.55502319335938,87.07586245040856,85.31368620892975,86.33800628435301,8756900
2021-11-10,84.8709716796875,86.47690213902806,84.82757227065409,85.71299836433704,9191500
2021-11-11,85.83453369140625,86.20780307558041,84.61056165119032,85.10535998622758,6249600
2021-11-12,86.67654418945312,86.7112676864517,85.11402656149622,86.12098148313557,7270300
2021-11-15,86.98905944824219,87.50122281171656,86.77204253315641,86.8328070044672,5652200
2021-11-16,87.40574645996094,88.1609611862546,86.38142621965814,86.80677757538469,6448500
2021-11-17,84.79286193847656,87.35365926822404,84.50639797847818,87.24949537210219,9670700
2021-11-18,84.79286193847656,85.29634284583767,83.75985914972387,85.00987888583929,6850200
2021-11-19,84.12444305419922,84.96646315069502,82.42302455295282,83.52547422852747,9923400
2021-11-22,86.21648406982422,87.26684519660114,84.91438251422508,85.32237539463243,10430400
2021-11-23,88.42139434814453,88.65576976053605,86.96304005206322,87.07588649168397,8559200
2021-11-24,87.77901458740234,88.74257033425351,86.90226429229341,88.40401781364532,7146400
2021-11-26,85.0098648071289,85.20952327968256,83.22164757631762,85.11403530883045,11738200
2021-11-29,84.40221405029297,86.45952998439495,83.29976451056054,85.97341425698352,13793400
2021-11-30,82.31017303466797,83.76852692901903,81.49418733698627,83.70776245937235,20586200
2021-12-01,82.692138671875,85.60016441363835,82.692138671875,84.18521631483762,11708200
2021-12-02,85.81717681884766,86.58975657323346,82.72685780130442,83.33450256672093,10685800
2021-12-03,85.25292205810547,87.56198515752605,84.07234953886991,86.84148742745147,9811800
2021-12-06,86.1730728149414,87.42309235189343,85.76508658208179,86.80676511432142,9624500
2021-12-07,88.97694396972656,89.5064658246412,87.10191445930793,87.12796205486761,10674400
2021-12-08,87.89185333251953,89.54986579409675,87.87449489282042,89.11583195047936,9089700
2021-12-09,87.31025695800781,88.38665912685,87.02379300750606,87.47518532901039,7749600
2021-12-10,85.44388580322266,87.90051846121152,85.40047977832211,87.62273712120486,10429000
2021-12-13,84.35014343261719,85.24425217406284,84.02896259704825,85.20085275935888,10057100
2021-12-14,85.7824478149414,86.3206521603982,83.8292955362562,83.98554798346424,11105900
2021-12-15,86.31196594238281,86.65919432388333,84.31540771587778,86.04286709256442,7055000
2021-12-16,87.06719207763672,88.03942365318173,86.51162928508789,87.92657723754336,7889900
2021-12-17,84.31541442871094,86.39009572924482,84.03763302596086,86.34669631737106,20851400
2021-12-20,82.78762817382812,83.23902051416611,81.78066635047396,82.99596259068937,11931400
2021-12-21,84.8709716796875,85.51334651255597,83.39525931593906,83.49074728777543,8235100
2021-12-22,85.33104705810547,85.66091035929261,84.6018668359679,84.8015252964431,4798400
2021-12-23,86.23384094238281,86.78072782440553,85.73904262516231,85.94738363870948,4482200
2021-12-27,87.15398406982422,87.26683046804455,86.03417612626608,86.56369786599892,4196000
2021-12-28,86.78071594238281,87.67482447890099,86.44217012026098,87.32759612669578,4269700
2021-12-29,85.70433044433594,87.24948995395182,85.66960694017442,86.85017959034118,6923100
2021-12-30,85.76510620117188,86.78074399586104,85.69565918371481,85.81718815284862,3564900
2021-12-31,85.20954895019531,86.12101627906095,84.61926250838266,85.70434739238881,5124800
2022-01-03,86.97171783447266,88.02207911194913,86.19913799713184,86.22517897232707,8481900
2022-01-04,90.50474548339844,90.86933234897533,88.52555207274517,88.54291051370207,8967000
2022-01-05,88.26512908935547,91.17315472743556,88.16964110702416,90.01862303039793,10288800
2022-01-06,89.77555847167969,90.46133273816872,87.344972925254,90.38320982540925,10059200
2022-01-07,90.32244110107422,90.73910986184156,89.35020295456617,89.85368377808805,6128400
2022-01-10,90.39188385009766,91.23391054738897,89.26339985582709,90.90404721789402,8904900
2022-01-11,91.94573211669922,92.09330204090979,89.91445681310098,90.41793768458182,7320200
2022-01-12,89.45437622070312,92.42316606853352,88.84672487679508,92.05857923588714,10855200
2022-01-13,89.02033233642578,90.58284999546429,88.66442145223296,89.78422941710039,6267700
2022-01-14,85.83453369140625,87.2147648088246,84.54111464417394,86.58975499133939,16724900
2022-01-18,81.6070556640625,83.71646068120954,80.67822338375349,83.27374424918735,21803100
2022-01-19,83.10012817382812,85.28765597799661,82.43171230114379,85.07932157351182,19716100
2022-01-20,86.65921020507812,88.50819223787988,83.85534829245074,83.85534829245074,22637600
2022-01-21,85.81717681884766,86.42482158426417,83.63832494942919,85.19216698994425,22568300
2022-01-24,85.14006805419922,85.3484024146471,81.32056945756177,83.35184437329596,19527300
2022-01-25,85.97342681884766,86.65920110469244,82.47511500615455,83.83798104634883,16060700
2022-01-26,86.9543228149414,88.32587110062681,85.85187996684596,86.93696437840157,13344400
2022-01-27,87.8050537109375,88.74256846479943,86.51163462558046,87.94394110623298,17843100
2022-01-28,88.98509979248047,89.08998954844748,85.79457189182898,86.62498024848593,14044800
2022-01-31,89.6319580078125,89.80677874027282,87.65645171989027,88.25959458415026,8467000
2022-02-01,90.86444854736328,90.99556741538053,89.36970945752503,89.9990746888217,7885700
2022-02-02,90.83822631835938,91.17039500730493,89.42216121363836,90.7333365588883,9596300
2022-02-03,89.41343688964844,90.99558666995188,89.27357495577336,90.61971605889269,5986500
2022-02-04,91.00431060791016,91.79975351567741,89.22111133916852,89.29104229142881,7881800
2022-02-07,91.93962097167969,92.81373792076621,90.59348006980848,90.95187122004583,9129000
2022-02-08,92.96233367919922,93.81022816384443,92.06199431310638,92.63017164839283,9249000
2022-02-09,95.04273986816406,95.34867946995865,93.39939571741054,93.46932667467307,11054300
2022-02-10,94.02874755859375,95.91684312098403,93.66162008890082,94.57070239646107,8116200
2022-02-11,91.40641784667969,94.74554464498047,90.750830072126,93.530522502993,9755900
2022-02-14,89.65816497802734,91.34521076416304,88.81027056705489,90.93437477789949,11110300
2022-02-15,90.40990447998047,91.21409036735052,89.26481356059524,90.4885717939922,6714100
2022-02-16,88.41692352294922,90.06900388846668,87.99734448725441,89.59697997417848,10190700
2022-02-17,84.04633331298828,87.59524545697454,83.81906107318666,87.42916112762158,15620300
2022-02-18,83.40823364257812,83.95018852560372,81.3890257220347,83.26837840536739,16321800
2022-02-22,82.82257080078125,84.58828388772275,82.07957281868678,82.76138288858482,9143700
2022-02-23,81.77363586425781,83.67046787179142,81.3627998682796,83.65298179975949,8722200
2022-02-24,80.25267028808594,80.57609594124733,77.38556792908366,78.53940196792563,18518000
2022-02-25,82.64777374267578,82.77888597133047,80.09534676478997,80.47996041946814,9717400
2022-02-28,79.3173599243164,80.6110557774653,78.60058438471535,80.06035790199105,17955100
2022-03-01,76.5988540649414,78.67051331644123,75.60236142978505,78.67051331644123,18341800
2022-03-02,77.25444793701172,78.0411544677313,76.0656484392538,76.9747308004206,18007500
2022-03-03,76.72998809814453,78.8890581243753,76.10936583727786,78.39081170824385,12197100
2022-03-04,75.48873901367188,75.96076295868446,74.09015325195844,75.34887710300904,11950700
2022-03-07,72.94505310058594,75.2439848303324,72.91883066045666,74.32615941191139,12680900
2022-03-08,72.82269287109375,74.95554071171786,71.6513791677898,73.10241007404575,11641200
2022-03-09,76.3978271484375,77.78766997759179,75.26147238062634,75.38384822713112,12994600
2022-03-10,75.05168914794922,76.74747832968293,74.3086910021016,74.97301514693886,11351600
2022-03-11,74.45728302001953,76.7125063804183,74.36987265769822,76.15307205878216,8568100
2022-03-14,74.0551986694336,75.79468975807616,73.83666940360972,75.0429485501233,8280700
2022-03-15,75.4625244140625,75.78594344535692,73.9328196193951,74.69329716345165,8672400
2022-03-16,80.208984375,80.72471024624528,76.92230231774448,76.93104535577793,17635900
2022-03-17,82.04462432861328,82.3330845468167,78.60060112323367,78.84535282268496,15156800
2022-03-18,82.8837661743164,82.95369712854541,80.78588423032598,81.71245270140327,16325400
2022-03-21,80.95195007324219,82.96242119933126,80.60230205101173,82.79633688825099,8568700
2022-03-22,82.35930633544922,82.69146840077939,81.17924969734659,81.43274443232893,7565100
2022-03-23,80.75091552734375,82.16698728348867,80.32260012052154,81.65126152186352,7465400
2022-03-24,80.53239440917969,81.38028894094852,80.28764272351101,80.89952860666597,6488300
2022-03-25,80.75091552734375,82.14076484394604,80.41001047532447,80.83833255112927,6592800
2022-03-28,79.78065490722656,80.68100101072653,78.79290510732666,80.66351493625983,8680800
2022-03-29,80.27888488769531,81.63376861514931,79.58833847427671,81.63376861514931,7431600
2022-03-30,78.90653228759766,80.3663126282154,78.46073745524305,80.29638167330306,7289800
2022-03-31,76.3978271484375,78.83661437918288,76.3978271484375,78.42577832206679,8422700
2022-04-01,76.03942108154297,77.38556179837722,75.09537997472206,77.04465676861203,8192300
2022-04-04,76.29293060302734,76.54642533300654,75.00797754750471,75.64608589110523,8098900
2022-04-05,74.544677734375,75.89956140738737,74.24748123107162,75.65480977667123,11587400
2022-04-06,72.66533660888672,74.13385329013335,72.33317458263411,74.05518596904041,10493200
2022-04-07,72.66533660888672,73.0849156616641,71.15311808336051,72.44680738054039,11902900
2022-04-08,73.47826385498047,74.09888604842405,72.51673660695495,73.01498296895798,6937500
2022-04-11,73.44330596923828,75.01671920605874,72.56918898633431,73.05869903166919,8290400
2022-04-12,73.3646240234375,75.15656614892605,73.0237190015515,73.21602576650915,8057300
2022-04-13,73.53946685791016,73.6443633073721,72.35941014464521,72.49052903922664,8760300
2022-04-14,74.09015655517578,76.83488331896578,73.94155160122543,75.18280277225726,16348400
2022-04-18,75.5936508178711,76.20553012898299,73.70555465389555,73.76674258500672,7897500
2022-04-19,77.71773529052734,77.89255599958355,75.97823789120004,76.05691187856313,12637700
2022-04-20,79.2037353515625,80.05162983845963,78.32961842387192,78.32961842387192,11828400
2022-04-21,77.71773529052734,81.23168222682456,77.54290791248857,80.00791725648342,9563900
2022-04-22,74.07266998291016,77.10585692816652,73.97651658293499,77.02718960217769,11455400
2022-04-25,74.3436508178711,74.57091642795005,72.45555496532351,73.45204777561811,11577600
2022-04-26,72.0009994506836,74.49223086657858,71.92232547492819,73.6793020183411,10062000
2022-04-27,71.86114501953125,73.13735481281769,71.51149694777197,72.0097432826097,9522900
2022-04-28,73.52742004394531,73.92414802987503,71.94931276832152,72.91027940040937,6974600
2022-04-29,71.0500717163086,73.8271885358927,70.80321808368015,73.2276839739706,8097300
2022-05-02,72.25788879394531,72.41658135348112,70.55635452135535,71.05006171713073,8737100
2022-05-03,73.83598327636719,74.77050222573219,72.51354775499942,72.7251355550669,9430500
2022-05-04,76.89521789550781,77.1685190819504,74.00349332200294,74.118101978131,10495000
2022-05-05,74.88511657714844,75.96069852924032,73.5362334401415,75.5992295964451,8556500
2022-05-06,74.25917053222656,74.55891937503216,72.56644784055584,74.17982089802457,7333600
2022-05-09,71.54376220703125,73.3863524497921,71.16466375966232,72.76921857093795,11161000
2022-05-10,70.75912475585938,72.87502312196791,69.40142336032518,72.30196633356793,9261000
2022-05-11,69.55130767822266,72.34605377650502,69.43669899474251,70.59162413050605,8060000
2022-05-12,69.28680419921875,70.1067145192662,67.6646198000417,68.8107333145184,10315600
2022-05-13,71.00597381591797,71.85233176327962,70.06263672316805,70.17724538305644,7948000
2022-05-16,70.44174194335938,71.34981336798515,69.51603427628622,70.87373571574086,5703600
2022-05-17,73.1130599975586,73.40399745787957,71.70246330150243,71.97576451960391,6507100
2022-05-18,71.13823699951172,72.4871205349859,70.81203372425546,72.20500114669233,5949400
2022-05-19,70.49463653564453,71.57021862182805,70.08909040460505,70.2918668332526,7852800
2022-05-20,69.97447204589844,71.59665634544261,68.38754677351417,71.07650161665009,8705000
2022-05-23,72.56645202636719,73.47452345416495,70.618064256977,71.22638682467893,7787700
2022-05-24,72.25788879394531,72.48711287466506,70.57399076477937,72.11683247783351,6225700
2022-05-25,72.49591827392578,73.01607301729814,71.41151818635855,71.65837174092543,6747800
2022-05-26,74.93803405761719,75.4229299096692,73.38637405730756,73.48335322771796,8573400
2022-05-27,76.21636962890625,76.2428239911595,74.86748638297067,75.44054315919473,6300000
2022-05-31,75.94307708740234,76.54258156803074,74.8763130474802,75.34357260677395,10780700
2022-06-01,74.93803405761719,76.50732357697561,73.80073838065077,76.2075746693484,6543900
2022-06-02,75.11433410644531,75.27302663633414,73.76545096551781,75.09670459257093,7468700
2022-06-03,74.16219329833984,74.92920166665677,73.77427669056682,74.2062704506969,5276900
2022-06-06,74.82341003417969,76.06649602319997,74.70879464195247,75.11434075953204,4022400
2022-06-07,75.22896575927734,75.29067916056752,73.95060712361482,74.18864933305996,4514300
2022-06-08,73.35108947753906,75.05262349519887,72.94554338087598,74.49720298316673,6787200
2022-06-09,71.5525894165039,73.06897667235341,71.54377129532729,72.91028412245274,6951700
2022-06-10,68.23767852783203,70.27422720607325,67.84094381078476,70.12435278521899,9671600
2022-06-13,66.28047180175781,67.23262703743875,65.36358232216749,66.13940877739536,10446400
2022-06-14,66.08650970458984,67.68224639992376,65.4781872179687,66.492055786919,7400300
2022-06-15,67.02105712890625,68.0613737739679,65.53111706254184,66.82710548851992,9273300
2022-06-16,65.19606018066406,65.55752907224338,63.90889057818775,65.319486942117,11068400
2022-06-17,64.27037048339844,65.78676435682304,64.05878267411401,65.07264457032343,17285900
2022-06-21,65.79556274414062,66.34217176351063,65.38120532802974,66.18347925635507,8063800
2022-06-22,65.59280395507812,66.04243392083559,64.43787234602483,64.92276806657259,6322600
2022-06-23,65.21371459960938,65.70742178306133,63.67969104655802,65.60163123018215,7958000
2022-06-24,68.60795593261719,69.25154419192803,66.13940688687657,66.65075024619148,10795400
2022-06-27,68.27293395996094,69.11929181158183,67.80567452663159,69.11929181158183,5937600
2022-06-28,68.90772247314453,71.60548926762458,68.81074331277051,70.86492174533714,10259100
2022-06-29,68.93415069580078,69.90393530013095,68.33464638519145,69.0134935903463,8534900
2022-06-30,67.05628967285156,67.73514361974654,65.70740662477357,67.505919597629,10182400
2022-07-01,67.66462707519531,67.92911690735966,65.83966606677774,66.79182139106234,6017500
2022-07-05,67.10038757324219,67.11801708958905,64.8875099645167,66.17467989802174,8706900
2022-07-06,66.51851654052734,67.15328678632862,65.84848725996481,66.79182450684831,6895900
2022-07-07,67.8761978149414,68.07015607952529,67.11800099497938,67.25906399695099,6258300
2022-07-08,67.6469955444336,68.34347241096731,67.35605808296671,68.22886374111171,5890500
2022-07-11,66.84471130371094,67.32078892765517,66.3686336797667,66.8799770602537,4918900
2022-07-12,66.95052337646484,68.11426669466455,66.17469001349386,66.29811682555619,6558400
2022-07-13,66.10416412353516,66.56260559990207,65.2489878495605,66.33338149859027,7780100
2022-07-14,65.8484878540039,66.18350249730744,63.5210014159064,65.24898336381175,13296200
2022-07-15,68.81075286865234,69.4455164707203,66.70367213928618,66.95052577224435,11663900
2022-07-18,69.52485656738281,70.88255808826794,69.13693992534246,70.08909528693817,11596800
2022-07-19,71.98458862304688,72.28433750313283,70.3800334867623,70.40648112603387,9952000
2022-07-20,72.12564849853516,72.53119468196536,71.3586400168057,71.82589960366536,7653400
2022-07-21,73.19239807128906,73.26292958299415,71.60547941545562,71.85233298016826,9053400
2022-07-22,72.67224884033203,73.64203365823035,71.99340148567991,73.26293516176715,6564000
2022-07-25,72.77803802490234,73.33345852605107,72.39893957058513,73.07778684976691,6208200
2022-07-26,71.22637939453125,72.79566850134242,71.08531637419743,72.11682121318721,7121600
2022-07-27,72.7427749633789,73.05134191988536,71.37625550795086,71.75535397630311,7751300
2022-07-28,73.82411193847656,73.93091237877223,71.99965024948649,72.76503642985448,6324800
2022-07-29,75.02558135986328,75.31927063541094,73.84190215497291,73.84190215497291,8597700
2022-08-01,74.83867645263672,75.23917292611301,73.8774998543646,74.45599023380885,5439200
2022-08-02,74.34028625488281,75.28366615536076,73.83299616631967,74.1622923532941,7684700
2022-08-03,75.69307708740234,76.17366206056286,74.8653924046853,75.3637808450196,7043600
2022-08-04,75.96896362304688,76.22705955609301,75.47057522269998,75.82656305721478,5722600
2022-08-05,76.65424346923828,77.17043530701876,75.3904690719404,75.63966325844619,6219300
2022-08-08,76.56526184082031,77.62434413548857,76.49406154755793,77.21495263428048,5719700
2022-08-09,76.85895538330078,77.28614354849722,76.42286548423631,76.93905061801256,4920100
2022-08-10,79.11061096191406,79.79590187040701,77.87353478116452,77.90023319239843,7271700
2022-08-11,80.27647399902344,80.84606264759051,79.92048618619323,80.08068341797974,8808100
2022-08-12,81.57587432861328,81.65596956815598,80.1518955853159,80.65029086148353,6259000
2022-08-15,81.896240234375,82.13653946898093,80.5078687989881,80.67696775741211,7348900
2022-08-16,81.71825408935547,82.11874379833074,81.29105918175351,81.4156630719133,5953800
2022-08-17,81.29996490478516,81.72715983335361,80.4099816944645,80.44558183768129,5499000
2022-08-18,81.63814544677734,81.87843787466518,80.97955312287577,81.13975033814486,4664800
2022-08-19,80.10739135742188,80.91727255502543,79.79589858911281,80.6769800737679,6264100
2022-08-22,78.7279052734375,79.08389987624722,78.06041793943139,78.70120686648242,6452800
2022-08-23,78.58550262451172,79.43098376934933,78.2829048698121,78.72789637552273,7487700
2022-08-24,78.85250854492188,79.24410331770177,78.14942101653652,78.30961826085259,5262400
2022-08-25,80.01839447021484,80.1874866645827,79.0305125540369,79.27080503552443,4943300
2022-08-26,77.25944519042969,80.53458388268216,77.17934995566245,80.40108503470327,7911500
2022-08-29,75.96007537841797,76.921258998364,75.70197939954168,76.66316301948771,7505300
2022-08-30,75.14126586914062,76.74323800450146,74.9454685203708,76.66313600271766,8849400
2022-08-31,75.84436798095703,76.48515695945424,74.81198422892643,75.30147769584316,9223100
2022-09-01,76.68985748291016,76.72545762885612,74.21570505495089,75.35488256508751,7830800
2022-09-02,76.89454650878906,79.23519977903655,76.28935768738994,77.74892952899384,9974400
2022-09-06,75.76426696777344,77.2861374168581,74.0110057767458,77.20604218850082,10689300
2022-09-07,77.3039321899414,77.6599267860171,75.0878761841693,75.0878761841693,7592700
2022-09-08,78.71011352539062,78.75460860975667,76.53855242335926,77.01024241584217,8446700
2022-09-09,79.61791229248047,79.93830685221153,79.03052679299643,79.4043181826712,5976200
2022-09-12,80.23197174072266,81.02405609647317,79.96497411495052,80.0984729278366,8030800
2022-09-13,77.47303771972656,78.92370784344864,77.25054192706799,78.32742074873153,7890700
2022-09-14,77.5887451171875,78.41642986580646,76.65425992712184,77.9091396514938,8341100
2022-09-15,78.54991912841797,79.61789625233965,77.65103419526358,77.73112942404286,8883100
2022-09-16,77.81123352050781,78.05152600329475,76.1647659146522,77.78453511020184,20988900
2022-09-19,78.95930480957031,79.22629567600337,76.60974987679054,76.6453500169881,6011500
2022-09-20,77.5976333618164,78.71900724691365,76.86784744721534,78.4075145010533,8092300
2022-09-21,76.85895538330078,79.34200950986803,76.85005364943275,78.22953042753683,9707800
2022-09-22,75.4438705444336,77.65103179982528,74.99887895818817,77.3484407803941,8376300
2022-09-23,72.54252624511719,74.4826897245423,71.3944472018304,74.11779338495623,9990500
2022-09-26,70.98506164550781,72.67603107666093,70.31757424821313,72.01743862250646,8496000
2022-09-27,70.73584747314453,71.95511976246652,69.73016239943396,71.82162096267837,6855400
2022-09-28,72.50692749023438,72.88071877936487,70.92275858770113,70.98505713588953,6693500
2022-09-29,71.07405090332031,72.1153295006264,70.33536330077372,71.91063719006138,5892700
2022-09-30,70.31756591796875,72.23103092153946,70.1840670963183,70.99394817827532,8090900
2022-10-03,71.5368423461914,72.07083766219802,69.70347925066837,71.24315307042677,8169200
2022-10-04,74.73189544677734,75.41717956952928,72.80063340171576,73.15662127377558,7875000
2022-10-05,73.96650695800781,74.3936951069682,72.42683297896481,73.00532343779714,5956500
2022-10-06,72.3645248413086,74.03769744159098,72.20432760915459,73.37910504827322,6434800
2022-10-07,70.2463607788086,71.90172975661655,69.75686739664917,71.82162775315788,7180900
2022-10-10,69.78359985351562,70.94947590463696,69.25850613023972,70.70028164546912,5418000
2022-10-11,68.5287094116211,69.78358903798492,68.11931793643359,69.34749236199612,6271100
2022-10-12,68.1727066040039,69.24069043721936,67.93241414579909,68.51979948254001,6411600
2022-10-13,70.59346008300781,70.89605787152212,66.45503725943237,66.73093664102558,11811500
2022-10-14,67.01573181152344,70.36206346186506,66.59743865772263,68.73339950881311,13658500
2022-10-17,68.6532974243164,69.63227749960356,67.93241326897417,68.35960136472055,11412400
2022-10-18,70.70026397705078,71.72373917285546,69.75687721591503,71.02065845592216,9767800
2022-10-19,69.09829711914062,70.83376169371945,68.85800463575016,70.44217369152635,7429600
2022-10-20,68.1727066040039,69.89927605418113,67.76331517778267,69.08938814424194,7638100
2022-10-21,70.50448608398438,70.78037876536735,67.83453588210686,68.18162886514817,8149000
2022-10-24,70.69136047363281,72.1776306750384,69.92597443661495,70.78035742886065,8143300
2022-10-25,71.65255737304688,71.79495117020716,69.96158774530356,69.96158774530356,8173600
2022-10-26,72.00852966308594,73.02310976628574,71.71483363583557,71.73263030868486,7733400
2022-10-27,71.81275177001953,73.40582262793922,71.7326497454142,72.97862767345549,6466400
2022-10-28,73.88404846191406,73.95593923149481,71.44880520338559,72.13174694675929,7816100
2022-10-31,73.839111328125,74.90846419060254,73.40778044395107,73.47966435405954,9087400
2022-11-01,75.23197174072266,75.45662526032307,74.57598044690171,74.8096220269329,8195600
2022-11-02,75.81607055664062,77.92781222218396,74.96238308784231,74.98934041264667,10907500
2022-11-03,75.1421127319336,76.0497080272997,74.18059592912647,74.63888417914569,6447200
2022-11-04,76.24739074707031,77.05614465691957,75.4835702761661,76.51697766898013,6929700
2022-11-07,76.8944091796875,77.39763088780606,76.48104751146417,76.84947573179909,4599600
2022-11-08,76.63379669189453,77.4874840594025,75.94186696578251,76.93034094131984,4850300
2022-11-09,74.98933410644531,76.6877139851076,74.75569940720077,76.27435237581271,5200800
2022-11-10,79.79692840576172,79.95867920499035,77.74808266357202,77.90085225875752,10013900
2022-11-11,81.57617950439453,82.39392155207145,79.97664764836811,79.97664764836811,9119100
2022-11-14,80.70452117919922,82.09737562212246,80.68655191577938,81.11788279666297,4873400
2022-11-15,81.3245620727539,82.54667758717953,80.30014272329129,81.8367717474852,7336100
2022-11-16,80.71350860595703,81.29760907279254,80.03056005138563,81.29760907279254,4368600
2022-11-17,79.93170928955078,80.08447887377399,78.63770984445628,79.69807459533733,4967300
2022-11-18,80.1563720703125,81.20775573964792,79.60821694072399,81.11788884820226,5450700
2022-11-21,80.04853820800781,80.58770524654828,79.59024314010203,80.03056208839064,4667100
2022-11-22,80.57872009277344,81.04600323734016,80.24623728255443,80.50682932347378,3804100
2022-11-23,80.81237030029297,81.27964663890957,80.57872870304375,80.6236621526277,4961400
2022-11-25,81.69300842285156,81.84577116939303,80.39900196772084,80.56075277461217,2450100
2022-11-28,80.77641296386719,81.8637350953269,80.605674107761,81.05498111361447,6147700
2022-11-29,81.84574890136719,82.1962077449678,80.51579742256224,80.5517427983007,5307100
2022-11-30,83.6340103149414,83.79576112002496,80.09346872360207,82.02549032435529,10520600
2022-12-01,83.57111358642578,84.01143258782567,82.70844484952977,83.62502824001876,7310400
2022-12-02,82.7623519897461,83.265580515829,82.23217299519501,82.54668653907117,5197800
2022-12-05,80.70452117919922,82.42087721072552,80.05751800199309,82.20521177028373,8272500
2022-12-06,78.6377182006836,80.65959983286658,77.64924410723704,80.53379441311236,10424700
2022-12-07,78.43103790283203,79.10499848085483,77.91882813776996,78.01767623768383,7066700
2022-12-08,79.69808959960938,79.7879496416766,78.17942952191079,78.79048740620237,6141400
2022-12-09,80.39900207519531,80.6596009786398,79.41052796770744,79.68909613599442,6488300
2022-12-12,81.8817138671875,82.07042199305295,79.32964642621452,79.9856376925972,7496200
2022-12-13,83.31050109863281,85.51210945881502,82.73538870103857,84.16418849147591,10330500
2022-12-14,81.3245620727539,83.28354074829964,80.75843775517099,83.13077802296652,7704600
2022-12-15,78.88932800292969,80.14738903981171,78.10753131398101,80.11144365522868,8795200
2022-12-16,78.0536117553711,78.06259981492177,77.12804044219102,77.75706749312486,17262000
2022-12-19,76.87642669677734,78.21535957189522,76.34624089755108,77.94577264267775,5129600
2022-12-20,76.5259780883789,77.68518421453692,76.50800196754531,77.20891985066646,5206800
2022-12-21,78.0625991821289,78.9162797237448,77.5953160716111,77.64923757259737,5422400
2022-12-22,77.61329650878906,77.80200463303878,76.17550857109046,77.80200463303878,5635200
2022-12-23,77.37964630126953,77.80199594662305,76.69669779270045,77.57734246342481,3316100
2022-12-27,76.43611145019531,77.6043124965368,76.32828214836039,77.6043124965368,7064700
2022-12-28,75.89694213867188,76.57090267882145,75.53749514608253,76.34624916543827,3714900
2022-12-29,76.59785461425781,76.91236813968969,75.98679682661275,76.34624379391232,3461700
2022-12-30,76.40016174316406,76.56191254264931,75.6453292494869,76.11260552806597,4455600
2023-01-03,77.0291976928711,77.81997559111434,76.36422521353289,76.95730692324504,5108900
2023-01-04,77.86490631103516,78.49393338354605,76.54394260288137,76.87643225885479,7726800
2023-01-05,77.20892333984375,77.43357686924685,76.22943724246944,77.19095407407943,5339900
2023-01-06,78.6826400756836,79.04208704882213,77.02020553778372,77.67619677795261,5710900
2023-01-09,78.7545166015625,79.89576002073342,78.54783925709754,79.30267159391146,5039700
2023-01-10,79.90476989746094,79.91375795875689,78.0356507890581,78.67367287931296,4536600
2023-01-11,80.36304473876953,80.70451556704673,79.84184700938835,80.30913009637847,6122600
2023-01-12,81.35153198242188,82.50175691377628,80.29116708835178,80.89323687962613,7895600
2023-01-13,82.36697387695312,82.65453012232905,79.32066568991095,80.0036143436344,8414600
2023-01-17,87.23744201660156,89.05263913958785,85.3683233957878,86.17707730439761,27914300
2023-01-18,86.78813934326172,88.01923610113965,86.57246705304674,86.98583551468518,14134800
2023-01-19,84.60450744628906,85.35035869384956,83.51718535501824,85.01786905369016,13457100
2023-01-20,86.48261260986328,86.51855799388633,84.36188294367,84.58653645190334,10785000
2023-01-23,87.2823715209961,87.36325034250424,85.80864517414948,86.15012286692544,8735300
2023-01-24,85.82662200927734,86.99481605423004,83.49920826693811,86.51855174809789,4801600
2023-01-25,85.94343566894531,86.20403453120605,84.86510169589694,85.26048716287858,5891000
2023-01-26,86.71624755859375,86.75219293987291,85.64689474715007,86.46463674552005,6085100
2023-01-27,87.03975677490234,87.55196650530334,86.00634925402144,86.63538319780511,7990800
2023-01-30,86.92654418945312,87.51535605795665,85.98444658208365,86.08409198650028,5870100
2023-01-31,88.16754913330078,88.20378444223724,86.74534608564281,87.22545183448845,7182100
2023-02-01,88.94660186767578,89.73469747202691,87.80521368581286,87.82332788690557,9815200
2023-02-02,89.87056732177734,90.83077882091673,88.73823983272484,89.57163120598464,11118900
2023-02-03,90.06986236572266,90.74925889158966,88.83788944592284,88.9918843331031,6948600
2023-02-06,89.58976745605469,89.86152195264461,88.83790021758116,89.18212534440028,4737700
2023-02-07,89.87963104248047,90.4231468741332,88.81977413408083,89.47198898535684,5060700
2023-02-08,89.64410400390625,90.53185181782995,88.82882680972706,89.06435286830742,4705200
2023-02-09,88.81978607177734,90.40504482534985,88.52991046185699,89.87964312262555,4983800
2023-02-10,89.17306518554688,89.31799952423913,88.3759021336123,88.40307689016839,5224900
2023-02-13,90.06986236572266,90.36879849578708,88.9194206228399,89.19117508647938,4910300
2023-02-14,91.09347534179688,91.48299625615124,89.65315816085429,89.72562877542678,7679500
2023-02-15,91.33808898925781,91.45584858943063,90.13329058209032,90.14235113938986,6464200
2023-02-16,90.19669342041016,90.80361939833338,89.50823625569652,90.38692364134819,6051800
2023-02-17,90.142333984375,90.60431865102656,89.04624173985871,89.58975758432925,8133000
2023-02-21,88.43025970458984,89.68034690063476,88.0316781734541,89.19118054274433,6556000
2023-02-22,88.11319732666016,88.83788972096684,87.52439253136221,88.20378905933265,5072400
2023-02-23,88.72013092041016,89.15494083185548,87.5968570082887,88.66577449809529,5916100
2023-02-24,88.5027084350586,88.75635558267817,87.51532224160026,88.00448851667086,5414200
2023-02-27,87.59686279296875,89.20930314533197,87.48816376351867,89.1458930744263,5645000
2023-02-28,87.41568756103516,88.13131940771568,87.19828260482176,87.97732451836364,6745300
2023-03-01,87.13488006591797,87.65122120102058,86.29242801273166,86.926528736128,5429600
2023-03-02,87.03523254394531,87.29793338324444,85.58585456089789,86.46453499571021,4632400
2023-03-03,89.07341766357422,89.17306304267152,87.37039257440526,87.46098430898753,6504000
2023-03-06,89.11870574951172,89.86151235205196,88.86506548198759,89.17306217196615,5215200
2023-03-07,87.01709747314453,89.00999792743411,86.93557321429081,88.77447188322625,5461400
2023-03-08,86.87217712402344,87.41569300398852,86.38301075870105,86.63665104193946,4121300
2023-03-09,83.52049255371094,86.91747582315982,83.1309715290336,86.38302043946634,9162400
2023-03-10,81.57288360595703,84.254234551083,80.83007697190983,83.1309605884327,16206500
2023-03-13,79.70680236816406,81.6906425320566,78.4929505000952,80.20502927591124,15175400
2023-03-14,81.50040435791016,83.71070982540787,80.73042304853416,83.71070982540787,11089300
2023-03-15,77.3515625,78.82811520317138,75.80253917170654,78.74659093329345,14814000
2023-03-16,78.8190689086914,79.96951081727718,75.4401999924547,76.59064881222032,15342400
2023-03-17,76.2554702758789,78.35707002792641,75.82065343596116,78.34800947198376,19935800
2023-03-20,77.57804107666016,78.18496711405115,76.42759908173723,76.63594352505396,8649800
2023-03-21,80.40431213378906,80.78477251074656,79.71585508654798,79.92420638507909,8905600
2023-03-22,79.3082275390625,81.60005748615464,79.22669635838795,80.3952592660758,7299300
2023-03-23,77.75920104980469,80.44055900637268,77.21568516013585,79.67057067556404,9373000
2023-03-24,76.047119140625,76.55440660695533,74.02705056480596,76.55440660695533,10978700
2023-03-27,76.67216491699219,78.19401346836149,76.41852464362717,77.95848739544577,6626900
2023-03-28,76.88957214355469,77.15227298047347,76.02900591768712,76.59969654957177,5209900
2023-03-29,78.12155151367188,78.22119690514893,77.31533473621569,77.84073645288014,4873500
2023-03-30,78.00377655029297,79.3625695359636,77.41496487426666,79.04551922154282,4113700
2023-03-31,79.53469848632812,79.5981085595453,78.05813877813186,78.62883634826598,6142400
2023-04-03,78.95494079589844,80.00573719606304,78.5110634086003,79.67056574444223,7728400
2023-04-04,76.83522033691406,78.99116957088675,76.3279397903744,78.80999992174519,6222800
2023-04-05,75.92935180664062,76.57251299088774,75.36771488421509,75.9384123616803,6045400
2023-04-06,76.2645263671875,76.45475656377167,75.37677853861592,76.00182554966304,3877800
2023-04-10,76.0924072265625,76.41851809614205,75.57606616825797,76.04711136255148,6185800
2023-04-11,77.07980346679688,77.68673633176695,76.21017667229546,76.35511792696873,5582100
2023-04-12,77.42402648925781,77.92224644411736,76.80804005087363,77.46026179871319,4641800
2023-04-13,77.6233139038086,77.70483816319992,76.49098644885132,77.35155255014752,5086000
2023-04-14,78.54730224609375,79.17234930973032,77.90414098128744,78.29366196264105,7865900
2023-04-17,80.8844223022461,80.90253650210975,78.14871507384758,78.50200762738844,8876900
2023-04-18,81.3917007446289,82.01674774716365,80.38619335410723,80.73947898740634,10227600
2023-04-19,81.93522644042969,82.16169197167595,78.35707381121038,78.93682501830648,13886200
2023-04-20,81.9171142578125,83.1762620896809,81.27395296256302,81.39171255368879,6776000
2023-04-21,82.54216003417969,82.7414438980179,80.77572472839596,81.962408822044,6531000
2023-04-24,81.7087631225586,82.8682724793398,81.11995825431202,82.64180694195889,5004400
2023-04-25,79.77021026611328,81.37358997200278,79.6162153756115,81.20147397016021,5806700
2023-04-26,80.11444854736328,81.33736103388937,79.6343427268973,79.85174770176916,6429100
2023-04-27,81.76312255859375,82.39722332211228,80.52208888007323,80.99314108541269,6375800
2023-04-28,82.20626068115234,82.53519592199265,81.46615987477898,81.73112890170096,6374500
2023-05-01,80.34229278564453,82.70879162984284,80.25092343891336,82.40727348273344,7745400
2023-05-02,78.84381103515625,80.01335537180434,77.96665278267018,80.01335537180434,6319100
2023-05-03,77.43670654296875,79.65701592976782,77.27223892279717,78.94432523270251,6546500
2023-05-04,75.48138427734375,77.16260289038203,74.56767669085711,76.90676588153148,10359200
2023-05-05,77.55548858642578,77.68340707626231,76.40422217789703,76.5595507768364,8288000
2023-05-08,77.1443099975586,78.18593579400758,77.04380163377547,78.10370548056704,5825300
2023-05-09,77.0895004272461,77.5829032890819,76.4773111348916,76.75142615958971,4381400
2023-05-10,76.4955825805664,77.86614364360751,75.6549734682827,77.7290861430966,4884900
2023-05-11,75.49964904785156,75.67325570549687,74.57680948182197,75.63670656856969,6717800
2023-05-12,75.28034973144531,76.08440970827229,74.62247930902595,75.83771178538204,5208900
2023-05-15,75.79204559326172,76.18494015545603,75.15245303668308,75.53620857063027,5032100
2023-05-16,74.79608154296875,75.90166656024628,74.75039338869574,75.58187039343602,6862900
2023-05-17,76.669189453125,76.67832150776273,75.38085870372855,75.41740783538172,8216700
2023-05-18,77.19915008544922,77.25397727956138,75.85599885178684,76.47732027378592,5367700
2023-05-19,75.14329528808594,77.13517771652783,75.1341632331499,76.55954455901379,11183600
2023-05-22,75.17070770263672,75.98391373413851,74.84177943898396,75.15243662116943,5520000
2023-05-23,75.50878143310547,76.35852962157212,74.82350086082701,74.92400923577728,5521200
2023-05-24,74.2113265991211,75.13417315503204,73.77274391807339,74.933156383345,6827800
2023-05-25,75.83770751953125,75.95648696149576,73.99202180137095,74.20217058107997,6962700
2023-05-26,76.66004943847656,77.33619093775224,75.68238283522771,75.81030130884652,7411600
2023-05-30,76.22148895263672,77.27225412315103,75.93824181758112,76.89763761914547,5876800
2023-05-31,74.70471954345703,76.09355173475359,74.1290794156217,75.89253498986089,9559200
2023-06-01,74.98797607421875,75.69152779911455,74.43975295506114,75.45396886246854,6857500
2023-06-02,77.07122802734375,77.37275318242078,75.78290404725078,75.78290404725078,6218500
2023-06-05,76.51384735107422,77.4184225972297,76.03872262232296,77.11689751517788,6631900
2023-06-06,78.45092010498047,78.78899436196144,76.08441424818254,76.38593937162224,6903900
2023-06-07,79.03569793701172,79.50169070910816,78.3778274284132,78.6245323546551,7410800
2023-06-08,78.8620834350586,79.41031345168987,77.82959658300027,78.94432072596699,6795900
2023-06-09,78.77071380615234,79.45599435344393,78.26817892075904,79.25497761087293,6282600
2023-06-12,79.89458465576172,80.07732336420283,78.58798267440667,78.76158235611526,7053500
2023-06-13,80.6620864868164,81.30168583619636,80.03162616313686,80.26005300840811,6089200
2023-06-14,80.38798522949219,81.76767847205417,80.07732106880556,80.95447939204212,5772500
2023-06-15,81.36565399169922,81.62149097107726,79.8580352534673,80.06818407037005,8603200
2023-06-16,80.48847198486328,81.91386010030843,80.35142146792631,81.88644999692103,13153100
2023-06-20,79.245849609375,79.68442527829502,78.80726696942041,79.58391690186865,7382000
2023-06-21,78.88949584960938,79.74838306116,78.85295368706353,79.09051259878373,6343100
2023-06-22,77.2082748413086,78.2407616876023,77.08035636375129,78.14025331651668,6214600
2023-06-23,76.36766815185547,76.6783253298412,75.47223180930443,76.07528205509003,10026600
2023-06-26,76.37680053710938,76.97071175933497,76.06614335778075,76.34939042964326,6377400
2023-06-27,77.1443099975586,77.54634345269108,76.18491451455014,76.66918525415686,6639900
2023-06-28,76.74227142333984,77.26308428682357,76.42247527401356,77.24481320873345,4781600
2023-06-29,77.88440704345703,78.63364673852682,77.3270450417673,77.97577637777611,9066500
2023-06-30,78.03063201904297,79.02656997717374,78.03063201904297,78.59712628108582,6191700
2023-07-03,78.95345306396484,80.09558721680983,78.43263319807522,78.88948685921322,5839300
2023-07-05,78.5057373046875,78.83467252289148,77.98492437103691,78.53314741103215,6734300
2023-07-06,76.13922882080078,77.59202004046656,75.85597482553831,77.5280608101234,8546800
2023-07-07,76.1666488647461,76.78797017104431,75.74634430034351,75.84685267129132,8217700
2023-07-10,76.20319366455078,77.10776198061865,76.00217693408375,76.22146474412334,6141200
2023-07-11,77.62858581542969,78.05802944169942,76.40422115171448,76.6600581279514,11053100
2023-07-12,78.3686752319336,80.14126969655067,78.21334665768238,79.20015225474964,8602300
2023-07-13,78.77071380615234,79.16360826544089,78.34127021448414,78.78899185785929,6026500
2023-07-14,78.37781524658203,79.87629474058495,78.17679851452708,79.86716268624343,7732700
2023-07-17,78.91692352294922,79.40118740859188,78.28646308335799,78.28646308335799,7911800
2023-07-18,84.0062484741211,84.57274251897809,79.58390167082825,79.98593509959122,21630800
2023-07-19,85.1209945678711,85.76058703337766,83.44890815957314,83.54027751592622,12004300
2023-07-20,85.70576477050781,86.01642196890907,84.84687750498807,85.07530437594248,9541800
2023-07-21,85.89763641357422,86.25398174930767,85.02961018288849,86.1351953233736,6298600
2023-07-24,86.50067901611328,87.16768849409077,85.61438171115778,85.89763574916515,7259800
2023-07-25,86.27224731445312,87.32301217334565,86.2631152599916,86.52808426005465,7760100
2023-07-26,85.46820068359375,86.93927032138967,85.23977380779978,86.25398969400779,7201100
2023-07-27,84.74636840820312,86.53723422483343,84.5636297013972,85.56870653089939,8427800
2023-07-28,84.44204711914062,85.39186917597044,83.99940797729705,85.26276755866408,5798400
2023-07-31,84.43283081054688,85.0230116933113,83.95331148161743,84.74636836199046,5242900
2023-08-01,83.86109924316406,84.31295495439511,83.57522531378373,84.10085539617818,4468500
2023-08-02,82.36719512939453,83.12336480136493,81.87845226081147,82.55162401113917,6407400
2023-08-03,82.20121002197266,82.55162772726615,81.62025268636502,81.9245596513912,5137700
2023-08-04,81.87845611572266,83.0403778248486,81.62946937458294,82.39486263732921,6191700
2023-08-07,82.14588928222656,82.72684666394653,82.0536748298838,82.48708345944596,4663300
2023-08-08,81.58335876464844,81.62946246559763,79.54538944521448,81.01161799589582,6921200
2023-08-09,80.74419403076172,82.08132804431447,80.66120314483992,81.58336162225112,5200500
2023-08-10,80.8179702758789,82.00755558364945,80.52287983766915,81.06695701045305,4250100
2023-08-11,80.87329864501953,81.33437790077338,80.24623057577386,80.2831177604955,3922300
2023-08-14,80.5321044921875,80.59665530656754,79.78515131377716,80.19090331017236,3637500
2023-08-15,79.45317840576172,79.73904528460832,79.0474264211968,79.6837180268989,9308700
2023-08-16,79.29638671875,80.03411614012839,78.9275220080608,79.0658471540079,5746300
2023-08-17,79.11198425292969,80.13558082443853,78.56790704030686,79.85893044032368,7611200
2023-08-18,78.28202819824219,79.58227495558084,78.11603940018854,78.34657900662359,6650000
2023-08-21,77.69183349609375,78.66931900147691,77.14776349910024,78.40189226150225,5385300
2023-08-22,76.52071380615234,78.1713712949684,76.39160514621464,78.11604403750286,6002300
2023-08-23,76.89878845214844,77.20310241282519,76.42848569796712,76.5391472388069,5878600
2023-08-24,76.94491577148438,78.1529412851177,76.63137818927855,76.69592900980449,5023000
2023-08-25,76.74203491210938,77.59964263670909,76.29939571677897,77.17545055208608,5461400
2023-08-28,77.81172943115234,78.26359214856096,77.24921219969332,77.27688286371674,6439700
2023-08-29,78.8906478881836,78.92752803010815,77.75639004748632,77.83938795559085,6212300
2023-08-30,78.62323760986328,79.30563294667057,78.41113805403215,78.95521524085304,5051800
2023-08-31,78.52179718017578,79.00131650148576,78.16215593031556,79.00131650148576,5581200
2023-09-01,79.0750961303711,79.72060430498588,78.65090403912261,79.30563576923515,4981800
2023-09-05,78.23592376708984,79.55461070357998,78.20826013777014,79.15808226713858,4919400
2023-09-06,77.60885620117188,78.15292629330742,76.86190309492946,77.71951070912598,5384000
2023-09-07,77.31375885009766,78.26358793614251,77.25843159605034,77.45208402072636,5504200
2023-09-08,78.30970001220703,78.33736364218966,77.14778533986977,77.59964104577871,6127600
2023-09-11,77.00945281982422,79.00131137948524,76.86190409328832,78.73388458927181,7780900
2023-09-12,78.8906478881836,79.79435911103924,76.75124084556386,76.85267178912095,8942600
2023-09-13,80.45832824707031,80.96551823074046,79.44395531524096,79.44395531524096,10617400
2023-09-14,82.13665008544922,82.17353726646442,81.07616649667094,81.22371522073175,8109600
2023-09-15,81.52802276611328,81.82311315548242,81.0946072177096,81.32514680426391,17629500
2023-09-18,81.8046875,82.11822507839673,80.7349871963497,81.67558586051655,5501900
2023-09-19,81.62025451660156,82.50552587259772,81.09462442911912,81.869234227299,5769000
2023-09-20,80.35688781738281,82.21042829598142,80.28311345189881,81.91533786955618,5268200
2023-09-21,78.27281188964844,79.77593476547362,78.22670818539994,79.61916247159766,6933900
2023-09-22,76.80657958984375,78.59556926786622,76.54837634466747,78.59556926786622,7420600
2023-09-25,76.56681823730469,76.79735785961887,75.8936464800334,76.19795343449981,4748800
2023-09-26,75.77375793457031,76.32705159590991,75.35878944744327,75.69076705134916,5557000
2023-09-27,75.29423522949219,76.1795064546675,74.77782173817387,75.99507758773902,5708200
2023-09-28,75.79220581054688,76.12418341781292,75.10980348699408,75.13747415052515,5665400
2023-09-29,75.31266784667969,76.62213096457329,74.72248708831891,76.5483636464104,6830500
2023-10-02,74.15076446533203,75.12825017260045,73.68046168510394,74.787049012747,6722200
2023-10-03,71.9468002319336,73.62512835420652,71.77159490800301,73.38537221924663,7526800
2023-10-04,72.93350219726562,73.1179380928018,71.56871174784818,72.02056737976922,6848700
2023-10-05,72.98883056640625,73.34847173915777,71.94678718875898,72.37098619634692,5589300
2023-10-06,74.07699584960938,74.50118792597668,72.29722961859478,72.59232006456818,6306400
2023-10-09,73.68968200683594,73.84644724819788,72.78596366834823,73.4038081152526,5125000
2023-10-10,73.8925552368164,74.79627362776384,73.7911172428679,74.00321678535407,6245400
2023-10-11,72.75829315185547,73.96631830461946,72.58308081897776,73.68967502879693,8928700
2023-10-12,71.75314331054688,72.73063600493195,71.27362403511123,72.73063600493195,11654600
2023-10-13,71.73471069335938,73.06262118720525,71.31973514627703,72.11279202060042,6442800
2023-10-16,72.60153198242188,73.01650043709958,71.80847521682932,72.65685923357623,7901500
2023-10-17,74.07699584960938,74.35363918523439,71.90992472741304,71.91914124707604,12324800
2023-10-18,69.05122375488281,71.07075305712755,67.68643315810023,70.4805721987063,34732300
2023-10-19,67.2437973022461,70.50823929334399,67.21613367244622,69.04201062986105,17486100
2023-10-20,67.43743896484375,68.23971927833206,66.71815656299698,67.42822244672469,11270600
2023-10-23,66.11876678466797,67.19769766067601,65.69457468589614,67.06859602346336,12847100
2023-10-24,65.98966217041016,66.4876286209845,65.54703001579601,66.16487454251352,9265500
2023-10-25,65.84210205078125,66.30318118694147,65.59311537736953,65.70377690283132,8461700
2023-10-26,66.4599609375,67.03170172414445,65.8421164484636,65.90666726022097,10903200
2023-10-27,64.91995239257812,66.40462797085384,64.72629997395654,66.31241353848787,11099100
2023-10-30,65.89070892333984,66.1707402986762,64.79859937821672,65.38666384212432,9769600
2023-10-31,66.10540771484375,66.29209057084834,65.59201917858941,66.05873344009537,8949000
2023-11-01,66.22673797607422,67.12283545076382,65.99338089071597,66.43209335062838,9429000
2023-11-02,68.56965637207031,68.63499608184524,66.88015307539393,66.9081547907983,11638000
2023-11-03,71.18326568603516,71.57530398147442,69.57776738490874,69.6244345411306,14951100
2023-11-06,70.86589813232422,71.64998186536002,70.3431803912971,71.57530586764327,8140300
2023-11-07,70.48318481445312,71.09924389317915,69.94179459998597,70.80988335025434,7657700
2023-11-08,70.91258239746094,71.11793785935345,70.06315882717756,70.42719546544298,8075200
2023-11-09,69.25106048583984,71.00590344614953,69.0363688042277,70.64186691247622,9497200
2023-11-10,70.31517791748047,70.37118135441912,69.12039045282235,69.68978246668208,8924000
2023-11-13,70.04447174072266,70.49251340867418,69.58709379425308,69.77377663565056,4868400
2023-11-14,73.09678649902344,73.70351647274946,71.56596426711155,71.57530054650584,12287700
2023-11-15,74.3755874633789,74.71162231251951,73.27414148486133,73.33948119877785,9841600
2023-11-16,74.35691833496094,74.93563945192611,73.77819009650142,74.65561517253809,6757600
2023-11-17,74.93563842773438,75.08499040522884,74.61827615780001,74.98231270107496,6080700
2023-11-20,74.39425659179688,74.86097089192482,74.05822172598515,74.70228973904013,7644600
2023-11-21,73.24613952636719,74.05821780786926,73.01278238864919,73.80619523259146,7394800
2023-11-22,73.26480865478516,73.6195160797422,73.00344978681368,73.54484008275178,4265400
2023-11-24,73.4141616821289,73.65685511501641,72.8541059398075,73.05012509354523,2398000
2023-11-27,72.7607650756836,73.13413798387903,72.4247301704573,73.05946197794076,5237800
2023-11-28,71.76199340820312,72.2940474639261,71.24861191387143,72.21004230215196,9197900
2023-11-29,73.3208236694336,74.23557976292915,72.19136873042068,72.32205529384409,7420700
2023-11-30,74.05821228027344,74.18889881941638,73.00344066025272,73.52615833084789,8480500
2023-12-01,75.50503540039062,75.58904767369162,73.49816257869105,73.81553199122469,9617100
2023-12-04,75.8037338256836,76.0557635293182,74.73028953865463,74.8143018136978,6713800
2023-12-05,74.83297729492188,75.4583728158082,74.29158693885796,75.3090279267364,6103200
2023-12-06,74.1235580444336,76.3171135194091,74.04888205785292,75.40235048753095,7321800
2023-12-07,75.00098419189453,75.2063396167794,74.31958532367997,74.45026475378947,5430400
2023-12-08,76.80249786376953,77.15720526086994,74.8142976701323,74.93564081459091,10343400
2023-12-11,77.30655670166016,77.3252221402831,76.50380753246691,76.88651667844059,6378100
2023-12-12,78.03461456298828,78.09062511085803,77.0731844288997,77.41855550837063,7395300
2023-12-13,79.92948150634766,80.37753032885858,77.7545984697368,77.91327960878455,10144600
2023-12-14,84.97933197021484,85.87542248065101,81.40429908604649,81.42297164418781,19849500
2023-12-15,85.48339080810547,85.72607711069823,84.2512653710761,84.94200052417722,16905700
2023-12-18,84.71797943115234,85.56739573092555,84.57796372065273,85.55806657265515,9145500
2023-12-19,85.8007583618164,86.2114692398162,84.66197428844994,84.86732972744984,8114900
2023-12-20,85.07266998291016,86.1647795810434,84.87665085925758,85.37136680773705,10467000
2023-12-21,86.4634780883789,86.49148692501205,85.53938588132208,86.00610012428935,7748000
2023-12-22,86.25813293457031,87.42491858434109,86.09011551614356,86.71551091526202,5800800
2023-12-26,86.65950775146484,86.82752518421952,86.22080229179517,86.44482316163639,2726200
2023-12-27,87.4249267578125,87.4529284765858,86.24880471886793,86.51949986950171,4073200
2023-12-28,87.40625,87.69561057542126,87.03287715079836,87.09821686529654,4089500
2023-12-29,87.0422134399414,87.5275931589102,86.86485973421493,87.26623430088894,4772100
2024-01-02,87.64893341064453,87.8822905245592,86.12744047016483,86.49148411964613,6132200
2024-01-03,85.79141998291016,86.99553652492025,85.19401916934277,86.99553652492025,7487900
2024-01-04,86.01544189453125,86.93953416058362,85.55806390124195,86.01544189453125,8735600
2024-01-05,87.03288269042969,87.67695071826,85.93143663200007,86.07145234954952,6027800
2024-01-08,87.28490447998047,87.58360132693021,86.13678424613003,87.00487307031122,6738400
2024-01-09,85.93143463134766,86.65950779985953,85.5580688885688,86.5755026441828,7594100
2024-01-10,85.39005279541016,85.84743082253664,85.21269907976114,85.43671995324215,6929200
2024-01-11,84.484619140625,84.89532285556592,83.5791923174801,84.89532285556592,9400700
2024-01-12,83.72853088378906,85.78207779003277,83.47650833042655,85.20334957507886,8303100
2024-01-16,80.2468490600586,82.29105974822089,79.15473942727091,80.96558586959142,20369000
2024-01-17,78.79071044921875,79.47210932971086,78.31465987581667,79.2014141848938,17198500
2024-01-18,78.31465148925781,79.32275596444927,77.73592326353808,79.18274026709031,15016400
2024-01-19,79.65878295898438,79.89214007867416,77.66124658415944,78.32398707099323,14787400
2024-01-22,80.02283477783203,80.9935942278202,79.75213963680837,79.77080507482954,11626500
2024-01-23,80.96559143066406,81.06826914214886,79.51878143323283,79.96682315471672,8555700
2024-01-24,81.74034881591797,82.4217548823847,81.39497764229844,81.50699164707939,12480900
2024-01-25,82.1603775024414,82.5337503452175,81.51631664818467,82.27239149172263,8792400
2024-01-26,81.88968658447266,82.60842340607361,81.81501059426895,82.02969516423659,6384400
2024-01-29,81.7870101928711,82.09503619479702,80.013494565247,81.58165477725748,7440300
2024-01-30,82.58820343017578,83.01235817041098,81.78701106777565,81.98495761722657,6569300
2024-01-31,82.23001098632812,83.65329726890582,82.22059044039682,82.673021147818,8414700
2024-02-01,81.83414459228516,83.1066160357189,80.72190874879146,82.18289900797012,8365000
2024-02-02,82.25828552246094,82.63531589934684,81.06122180644871,81.50423195994543,7728600
2024-02-05,80.9575424194336,81.6079196730908,80.20348162704097,81.6079196730908,7788700
2024-02-06,81.15547180175781,81.57963364215593,80.70304113484009,80.70304113484009,7335500
2024-02-07,81.06123352050781,81.4288362134979,80.37315244391306,81.30630437958699,4952200
2024-02-08,80.73130798339844,81.27800156915,80.26944963259346,80.75958399796231,6218200
2024-02-09,80.9575424194336,81.0895019794138,80.42027644201228,80.76903081696378,5664500
2024-02-12,81.88126373291016,82.60704128800361,80.7218965626886,80.92926363307427,7888000
2024-02-13,79.14781188964844,80.92927329239716,78.31834350910442,80.92927329239716,11339400
2024-02-14,79.17607879638672,80.08094740539465,78.88388366393545,79.68506873731427,5973700
2024-02-15,80.75018310546875,81.27802858739452,79.56254695146485,79.60024352257771,7993500
2024-02-16,81.53251647949219,81.80586335144942,80.18463759570695,80.60879231938645,9673900
2024-02-20,80.44855499267578,81.52308698130325,80.21291188655121,81.00467646258335,6626400
2024-02-21,80.55223846435547,80.57109393993284,79.675645822687,80.12808375020425,6444000
2024-02-22,80.91983795166016,81.75872680043676,80.68419485500928,81.01409375206919,6782100
2024-02-23,81.57965087890625,82.23944873725812,81.0235293772177,81.12721292513832,5810100
2024-02-26,80.75018310546875,82.3242774303244,80.64649955676498,81.53251999432182,5608100
2024-02-27,80.58051300048828,81.48538164757933,80.23176581256398,81.03295091966218,8066700
2024-02-28,81.10835266113281,81.14604922639367,80.3825679328769,80.523955222002,5624100
2024-02-29,81.09893035888672,81.66447236202963,80.44855310008117,81.52308506342972,7657100
2024-03-01,81.513671875,81.8058670448934,80.22234497840151,81.26860101472245,5523700
2024-03-04,84.86922454833984,86.00030861566714,82.52222115344428,82.83326459764216,19876000
2024-03-05,84.01148223876953,85.90605493002292,83.53077545347594,84.06804147741259,13883600
2024-03-06,80.74076080322266,82.89924541975346,79.58139350712639,81.78700962340979,25614600
2024-03-07,81.19318389892578,82.11690799162221,80.72189771089336,81.13663185756398,9145700
2024-03-08,82.04150390625,83.24799544746213,81.45710641980051,81.64562521765042,9689300
2024-03-11,81.94725036621094,82.23944552187726,80.91041492754267,81.83413908437703,4737200
2024-03-12,82.05093383789062,82.72015940782416,81.62677192482941,82.23001771156547,5110900
2024-03-13,84.21884155273438,85.05773040398087,82.23944097329046,82.42795257466354,10345800
2024-03-14,83.98320770263672,84.2659823270888,83.19145026018276,83.88895189157184,9235300
2024-03-15,83.3045425415039,84.2188388807952,83.10660320896503,83.39880553045649,20363000
2024-03-18,82.9086685180664,83.60617008957536,82.66359767733096,83.28569892121553,5960000
2024-03-19,83.34224700927734,83.97376876960708,82.81440878467417,82.94636834082496,8546400
2024-03-20,86.10398864746094,86.22652766378039,82.8615444308396,82.99350399360145,10811700
2024-03-21,88.03626251220703,88.94113114209347,86.67895597174906,86.67895597174906,13659900
2024-03-22,86.66951751708984,88.46983400806346,86.47157820295892,88.14935569619263,5909300
2024-03-25,85.90604400634766,87.2350744809741,85.76465671460453,86.49986200216112,3670400
2024-03-26,86.03801727294922,86.63184255465768,85.71754607243022,86.16997684860499,4211900
2024-03-27,88.1305160522461,88.16821980976466,86.6318294449789,86.74493352627819,6394500
2024-03-28,88.75261688232422,89.28988283995217,88.08338417832114,88.36615876286487,6707700
2024-04-01,88.1587905883789,89.01653487715907,87.81946396768085,88.75261577022866,3416000
2024-04-02,87.3858871459961,88.38501159799729,87.22565156242172,87.56497820484792,5245400
2024-04-03,87.65924072265625,88.8845878243146,87.42359760243406,87.61210922210888,4821100
2024-04-04,86.98057556152344,89.29930268634713,86.58469689926835,88.79031275290929,5466100
2024-04-05,87.15967559814453,87.93258471945916,86.34906271588076,86.9523085085528,4654800
2024-04-08,87.85717010498047,88.03626115721686,86.90516999382527,87.65923076941965,4601900
2024-04-09,88.6772232055664,88.73377525479745,87.499007571536,88.23421297656976,4951600
2024-04-10,86.38675689697266,87.55554459175492,85.94374674401924,86.97114714873564,5994200
2024-04-11,81.85298156738281,86.52814687421414,80.12807958703175,86.45273935833636,24631800
2024-04-12,81.24031066894531,81.82470090571069,80.23175857286792,80.8727080389619,12789800
2024-04-15,81.99436950683594,84.01147382926654,80.58051093365992,82.75785802640546,9553900
2024-04-16,84.02090454101562,85.86834561241504,82.94637256266348,85.5007429456765,18291600
2024-04-17,84.90692901611328,86.18882813842416,84.52047085528467,84.95405332441082,9544600
2024-04-18,85.07658386230469,85.87776893603478,84.58644220434186,85.45361424737075,6752000
2024-04-19,85.45361328125,86.35848188042442,85.17083869783333,85.17083869783333,8143000
2024-04-22,86.8014907836914,87.3387639671789,85.5007434317796,85.87777383836844,7294400
2024-04-23,88.3755874633789,88.64893431374917,86.86747310897104,86.86747310897104,6393900
2024-04-24,88.46041870117188,88.66778578070927,87.68750961733224,87.76291713557434,5100900
2024-04-25,87.24449157714844,88.27189914468504,86.38675450599985,87.65922569886114,6770600
2024-04-26,87.4990005493164,87.9514312893701,87.09369411608746,87.1879499209939,4606100
2024-04-29,87.62265014648438,88.28854513392332,86.88065080113496,86.88065080113496,4416100
2024-04-30,86.41453552246094,87.35631082304815,86.1386698670663,87.13751256171737,5860000
2024-05-01,87.08042907714844,87.97463723874502,86.30989232547333,86.83309351501732,4713600
2024-05-02,88.13636016845703,88.3932033523282,87.13751024267634,88.03171847117667,4449200
2024-05-03,89.07811737060547,89.82011676471072,88.73565499521665,88.79272963854429,5043500
2024-05-06,90.17210388183594,90.28626043871311,89.13520178224381,89.9533056289161,5105100
2024-05-07,91.12338256835938,91.25656158308264,90.095995376741,90.29576389882591,7418000
2024-05-08,90.9806900024414,91.37071944953775,90.46699639924022,90.78092147748184,4662600
2024-05-09,93.33036041259766,93.473054290751,90.93312358121545,90.93312358121545,6766700
2024-05-10,93.49207305908203,94.16748298075352,92.87373778333122,93.92966227913489,6118400
2024-05-13,93.75843048095703,94.14845991280606,93.62525146952366,93.9391765354931,5379000
2024-05-14,94.53848266601562,95.29951181404938,93.95819957362505,94.1769978124411,6216600
2024-05-15,95.62295532226562,96.0605518494945,95.11877653907764,95.1663435878629,6938500
2024-05-16,94.72874450683594,95.51831098553092,94.60507309588859,95.27097542134813,4339300
2024-05-17,95.33757781982422,95.41368219720403,94.46239925309516,95.0331675680179,4690800
2024-05-20,95.44220733642578,95.97492339463135,94.53848430029909,95.17584930732299,5690200
2024-05-21,96.583740234375,98.21994778978248,95.27097260066307,95.42317407262263,8337100
2024-05-22,95.83222961425781,97.52551187897807,95.28999869513153,96.34592320991092,5194300
2024-05-23,94.10089874267578,95.66100205201658,93.68233921963876,95.48977084695663,5594500
2024-05-24,94.1484603881836,95.04266854750429,93.99625165565588,94.60507207034304,3550500
2024-05-28,93.86307525634766,94.61458956427094,93.60623208519738,93.63476940891275,5541600
2024-05-29,92.5312728881836,92.94032477420582,91.77025101822683,92.62640697242588,4679600
2024-05-30,92.49324035644531,93.04497892733237,91.88441261810983,92.93082962328596,4548800
2024-05-31,93.07351684570312,93.18767340818869,91.70367438443972,92.58836778499298,7155500
2024-06-03,92.66446685791016,93.37792900276855,91.82733329634047,93.37792900276855,5671200
2024-06-04,91.87489318847656,92.7976386518768,91.0092223697529,91.56096812733205,5409600
2024-06-05,91.95100402832031,92.85471983532635,91.7987952881821,92.12222797440752,4499700
2024-06-06,92.13174438476562,92.70251265445997,91.570490975918,91.77977436827214,4741200
2024-06-07,92.40760803222656,92.92130160081446,91.25655674727857,91.4373027967016,4018400
2024-06-10,91.69414520263672,92.11271194200069,90.7618921565953,91.91294343213467,4566000
2024-06-11,90.78092193603516,91.76074210242459,90.11502684947304,91.76074210242459,5330000
2024-06-12,90.9902114868164,93.12108316588545,90.94264443839144,92.57885219931883,5435700
2024-06-13,90.57164001464844,90.89507996029093,90.00087175154594,90.84751291431895,3955900
2024-06-14,90.84751892089844,90.8665413859176,89.41107967857597,89.7915942983736,3406600
2024-06-17,92.31249237060547,92.4551862554224,90.06746417313722,90.381389268192,4874100
2024-06-18,92.81666564941406,92.93082220205682,92.09368866476736,92.29345718860816,4558400
2024-06-20,92.69300079345703,93.25425417652338,92.37907571934603,92.88325445537838,3956800
2024-06-21,91.47535705566406,92.61689350663879,91.21850663668211,92.57884132391139,10785300
2024-06-24,92.36956787109375,92.90229122879632,91.49438934747796,92.01759784404857,8418200
2024-06-25,93.03546905517578,93.54915542628382,91.97002961120972,92.07467130917568,7439700
2024-06-26,92.16979217529297,92.92130647667737,91.39925541083453,92.63591872658284,6514200
2024-06-27,91.10433959960938,91.64657044005182,90.53357143983486,91.39924216736644,5437800
2024-06-28,92.45518493652344,92.57884909748736,91.47536473658367,92.02710328817933,9058800
2024-07-01,94.32921600341797,94.53849214528489,92.69300825148296,92.76910536774703,7420600
2024-07-02,94.79533386230469,94.93802773594054,93.81551372516343,94.14846125850582,5570900
2024-07-03,95.31854248046875,95.699057087235,94.65264736191214,95.0616992940862,3112000
2024-07-05,94.7382583618164,95.23292952282848,94.0913929720062,95.22341466188645,3633200
2024-07-08,95.68953704833984,96.33640966752584,94.96656731808827,94.96656731808827,3884400
2024-07-09,97.61112976074219,97.8870026466977,95.10925858203879,95.69904927958129,7113600
2024-07-10,98.41972351074219,98.46729055667535,97.08792605944781,97.51600769970969,5619000
2024-07-11,99.54224395751953,100.16057930575347,98.87634881801385,99.1712442001217,7761000
2024-07-12,99.01902770996094,100.66475022283777,98.90487841366085,99.88469858136796,7060600
2024-07-15,100.13203430175781,101.34016032157358,98.21043889044502,98.87634123660487,10093900
2024-07-16,101.0452651977539,103.79447204573364,97.80138720487741,99.05708027295911,16716400
2024-07-17,101.74920654296875,102.46266863683955,99.43758906851889,99.97030510947467,11412000
2024-07-18,99.7039566040039,102.38657404265878,99.24734488466953,101.34016432332903,9130700
2024-07-19,97.11647033691406,99.61834907478999,96.77401516098382,99.6088342133797,12555900
2024-07-22,97.44941711425781,98.20093143388996,96.98328329393762,97.4779544384178,8931200
2024-07-23,98.45777893066406,99.09513672391978,97.2020858085235,97.45892899494915,7400600
2024-07-24,97.00231170654297,98.9334146975791,96.79302832191031,97.8489528478572,7967400
2024-07-25,98.51484680175781,99.1141596250274,96.88815404577686,97.10695228840314,5582300
2024-07-26,99.1141586303711,100.73133650973605,98.97146475684787,99.75151637336808,6599600
2024-07-29,97.48747253417969,99.47565026556597,97.34477865093231,99.3805234293052,5183400
2024-07-30,98.70510864257812,99.0475710425836,97.7728482741828,98.51484772162397,6225500
2024-07-31,99.0650405883789,100.13046309097581,98.14359548507788,98.94026408125299,5444600
2024-08-01,97.67328643798828,99.81372479175148,97.12617812142595,99.58336532240827,5678100
2024-08-02,92.0006332397461,95.04332331334632,91.22316543067365,95.02412974157724,11120700
2024-08-05,88.3724365234375,89.62023100103649,87.28782035225974,88.92914527947369,9659500
2024-08-06,89.23628997802734,90.07134575448703,87.84451814560272,88.49720937525821,6068300
2024-08-07,88.41082000732422,91.50150447655172,88.3148375185831,90.81041884082451,7215700
2024-08-08,90.82962036132812,91.22315811951297,89.05391853367763,89.73540378329506,6592300
2024-08-09,90.916015625,91.29995296144591,90.24412345547076,90.50328426984487,3542600
2024-08-12,91.03118896484375,91.39593271885681,89.78340181262826,91.08878432352735,4196300
2024-08-13,92.82609558105469,92.91248496114959,91.13677567548952,91.92384392870811,5941500
2024-08-14,95.44645690917969,96.55026664562143,93.59396609622733,93.83392600814865,10161700
2024-08-15,96.5982666015625,97.14537493639327,96.12794720007537,96.75184446824974,5885100
2024-08-16,97.36614227294922,97.42373031204103,96.42549613747342,96.58866713023075,4159700
2024-08-19,97.66368865966797,97.94204304910366,97.23176372747214,97.44292230839287,4070500
2024-08-20,96.73263549804688,97.54849770847531,96.5598640739448,97.1837612900354,3396900
2024-08-21,96.64625549316406,97.16456977644127,95.94556933530914,97.03978593678482,3576000
2024-08-22,96.5214614868164,96.92459965778819,95.88797120042277,96.71343378799214,2777300
2024-08-23,97.79806518554688,98.46035691336182,96.77103701271555,96.88622041150815,3814800
2024-08-26,98.22039794921875,98.91148370272181,97.8844555198758,98.90188325531324,2679000
2024-08-27,97.98043823242188,98.71951157854116,97.942043765702,98.34517468176706,2537200
2024-08-28,98.09561157226562,98.57553140837845,97.34693779960888,97.79806361723423,2836800
2024-08-29,98.47953033447266,98.78667867874297,97.21254249898331,98.78667867874297,3325600
2024-08-30,99.4489974975586,99.6409625191597,97.99963741858289,98.77711259895855,4951400
2024-09-03,95.28327941894531,99.11304491853781,94.50581164102591,98.71950714458154,6634000
2024-09-04,96.12793731689453,97.25094789035113,95.67681153362693,95.73439956621598,4212500
2024-09-05,95.56163024902344,97.23175646082005,95.13930579574885,96.94380164554612,4462400
2024-09-06,92.71090698242188,96.75183829666813,92.27898207515807,95.69600883803164,9246800
2024-09-09,94.23705291748047,95.04331467240242,93.68034418784671,93.8339220400195,5281500
2024-09-10,92.73970794677734,94.47701533858759,91.07918216010589,94.44822132128614,7798600
2024-09-11,93.13324737548828,93.23883033111244,90.31131623970793,91.655093319746,6764100
2024-09-12,92.75890350341797,93.7667380685197,91.83745831506559,93.45958967240223,4751200
2024-09-13,94.30425262451172,94.7745720375437,92.96047554999583,92.97967644530092,5354800
2024-09-16,96.07034301757812,96.16633283694192,94.79376190218338,95.16809876411797,4467200
2024-09-17,95.83039093017578,96.77103704648768,95.44646091339116,96.63666007601392,4748600
2024-09-18,95.31208038330078,96.95340530964219,95.25448502453757,96.0991486051077,5195900
2024-09-19,96.68465423583984,97.35653908297046,95.52324177823526,97.15497362883127,9091900
2024-09-20,98.35476684570312,98.41235487943496,96.16633368795154,96.81902492122789,14513400
2024-09-23,98.35476684570312,98.41235487943496,97.24134937358663,97.60609311520865,3962400
2024-09-24,98.46035766601562,98.74830518070473,97.85565397147664,98.64272222842001,4749700
2024-09-25,98.22998809814453,98.68111391373817,97.63489219076186,98.62352587702256,3825100
2024-09-26,100.39922332763672,100.58159519977649,98.8346873748964,98.93066987281384,5183000
2024-09-27,99.92890167236328,100.91753529195407,99.84251230012013,100.71596985404678,3113300
2024-09-30,100.05368041992188,100.20725827489872,98.9786647270647,99.573760607612,3378600
2024-10-01,100.2264404296875,100.96552095734224,98.92105810304541,99.99608099645488,5437400
2024-10-02,100.32244110107422,101.16710471435488,99.73694562777149,100.61999638438702,3293600
2024-10-03,100.37042999267578,100.49520650851692,99.01705991995347,99.4201908077435,4587200
2024-10-04,103.54749298095703,103.7394652939554,102.33810036254458,103.28833951215293,5608900
2024-10-07,103.31714630126953,104.54573996436815,102.962002970563,103.3651412162014,4439900
2024-10-08,103.17316436767578,103.86425010369634,103.07718186500527,103.32674223034503,3679400
2024-10-09,104.66091918945312,104.97766804017206,102.91401127139108,102.91401127139108,4445800
2024-10-10,103.73947143554688,104.65131617653863,103.32674009190951,104.08501429640584,4065500
2024-10-11,106.02388763427734,107.00292818530232,104.622522613806,104.622522613806,5826200
2024-10-14,107.77079772949219,107.92437559280391,106.11027918965875,106.59019902801452,7179300
2024-10-15,107.71320343017578,111.3989840594317,107.53083155884448,110.7942877345368,8925200
2024-10-16,114.71044158935547,116.57252557888842,111.82132211767883,112.18605855783578,21458500
2024-10-17,114.64324951171875,115.52630022736541,113.96176424270914,114.9599910290082,9357200
2024-10-18,116.19818878173828,116.25578414190976,114.32650434356546,114.72963524978798,6852900
2024-10-21,113.52983856201172,115.84305575441014,113.14590121735274,115.53590734328212,7469100
2024-10-22,113.5682373046875,113.84659170697057,112.54120907977908,112.92514643889352,4429600
2024-10-23,113.52983856201172,113.97136394532103,112.49320992833121,113.15550166479305,5661600
2024-10-24,114.38407897949219,114.54724994770386,113.20348041773163,113.64500573800747,5611800
2024-10-25,112.18605041503906,115.18075261942225,111.65814302599706,115.18075261942225,7271700
2024-10-28,114.34568786621094,114.873602570582,112.79075241514516,113.37625515163127,5994000
2024-10-29,114.50887298583984,115.26713986385663,114.04814673247974,114.1153352149494,4622200
2024-10-30,113.18428802490234,114.5280649787771,113.05951150860504,113.8465797165467,5673000
2024-10-31,112.46355438232422,114.06948911031127,111.93146579633016,113.31488873902157,5374600
2024-11-01,113.04400634765625,114.1758957970711,112.5119251595629,112.86986894152375,4372100
2024-11-04,112.35714721679688,113.62447621040872,112.16366446602497,113.19881268253174,4366300
2024-11-05,113.97274017333984,114.05981256949077,112.30876210452166,112.30876210452166,4798400
2024-11-06,127.20716857910156,129.17104709568443,123.50191594979378,125.29164967421104,22798700
2024-11-07,124.25651550292969,127.26521864610007,123.90824066198503,126.48160394442132,7780000
2024-11-08,125.31100463867188,126.26876410841119,123.59865954765056,124.77891604437227,6979300
2024-11-11,129.17103576660156,129.6257282662056,126.29777242305461,126.29777242305461,6861300
2024-11-12,128.00045776367188,129.46128419246853,127.4200095421004,128.85179953612095,5683300
2024-11-13,128.43580627441406,130.26424560487177,128.155258496019,129.1130180545589,6134800
2024-11-14,128.1165313720703,130.5157643472685,127.6811915599029,128.7647213674001,7344200
2024-11-15,129.69346618652344,130.02238834342924,128.22297068970215,129.02593813988128,7281900
2024-11-18,129.4225616455078,131.09620853395836,129.07428685397855,130.3029249743436,6434100
2024-11-19,127.93274688720703,129.7224807094299,127.63283165996458,128.91951330352092,7244800
2024-11-20,127.4006576538086,129.2968091895632,126.78150402310284,128.82277868651803,5125600
2024-11-21,130.5931854248047,131.15429575584685,128.80343670058767,128.86148005176648,5547400
2024-11-22,130.3029327392578,131.2510084320015,129.59671414499468,130.2932490077757,6334100
2024-11-25,129.30648803710938,131.8024551683565,129.2290919909715,131.02850946876424,8012300
2024-11-26,127.00401306152344,127.49739628524199,124.3435846705516,126.49127713438823,8817300
2024-11-27,126.9363021850586,128.116551394715,126.31714852477545,127.20718098882075,5507800
2024-11-29,127.32325744628906,128.40677257418912,127.13944368099463,127.97143272899974,4068200
2024-12-02,126.76214599609375,128.6679811840485,126.56866326245996,127.9907842354371,5512100
2024-12-03,126.19136810302734,128.851796313608,125.77536619760757,128.851796313608,4791300
2024-12-04,125.75602722167969,126.92660735809493,125.41742136567963,125.94950995577128,6203700
2024-12-05,126.07528686523438,127.5651202323911,125.20459237432523,125.70765931828693,4991900
2024-12-06,125.72701263427734,126.31714460167132,124.97240483376174,126.26877022497597,5013200
2024-12-09,124.39195251464844,126.51062319297297,124.15009540089973,126.26876607922426,7753900
2024-12-10,122.6602554321289,124.42097493557199,122.4087219656675,123.47289179638261,6551300
2024-12-11,123.43419647216797,123.78247131614991,122.16686752266864,123.58898857211264,8835400
2024-12-12,123.74378967285156,124.63382216959131,123.211701016706,123.72443696850402,3610500
2024-12-13,123.25039672851562,124.61446712362027,122.58286867805725,123.8308523728345,6091500
2024-12-16,124.8272933959961,125.09817218468457,123.24071130719778,123.57930979305839,5659700
2024-12-17,123.57931518554688,124.50804566481622,123.03755758452986,123.92759741877835,7141400
2024-12-18,117.09754180908203,124.20813952149228,116.37197046330765,123.98563510875512,7858800
2024-12-19,116.57512664794922,120.8705112697263,116.38164391292402,120.71571917699156,8632400
2024-12-20,119.41937255859375,120.48354239816666,116.60415217136745,117.25232747409262,14884000
2024-12-23,120.39646911621094,120.60930455874556,118.79054170772008,119.09044216898612,5074100
2024-12-24,122.92144775390625,123.07623983772746,120.5318984713893,120.99626734196009,2902800
2024-12-26,123.85987091064453,123.99531031152523,122.37003012006308,122.40872814615666,3013500
2024-12-27,122.63123321533203,123.69540304132715,121.72184810431582,122.91178835343051,3088100
2024-12-30,121.65413665771484,122.05078589461677,119.98048206683846,120.49322538351765,2637900
2024-12-31,121.62511444091797,122.69896068616654,121.1220474783525,122.21524642725795,2970000
2025-01-02,120.7157211303711,123.13429226178867,120.16428720764362,122.38937560090514,5014300
2025-01-03,121.83794403076172,121.89598737715065,120.0385264837704,121.55738888839281,3988400
2025-01-06,124.45000457763672,125.71733358056895,123.47289970299678,123.47289970299678,6665200
2025-01-07,122.74732208251953,125.43677943928127,121.3735754213182,125.42709570700084,7268800
2025-01-08,123.69541931152344,123.83085872277994,121.66382076178171,122.77636510929806,5744500
2025-01-10,119.42904663085938,122.37970653930284,119.27426190729341,122.19589276048033,6873800
2025-01-13,119.95145416259766,120.25136200789015,118.46161343018473,118.46161343018473,5433000
2025-01-14,120.5609359741211,121.31552898341455,119.6612272212958,121.31552898341455,8999900
2025-01-15,126.29779815673828,127.15880896214496,124.27587606205567,125.48516173042393,11349500
2025-01-16,131.38645935058594,131.71538149056568,127.60381045545776,128.03916508036946,16235700
2025-01-17,133.37936401367188,133.5825304960555,130.14815633155666,131.72506952738232,12481500
2025-01-21,132.8279571533203,133.1375266464854,130.8834161111359,131.99596792036638,11213300
2025-01-22,131.57028198242188,133.87276664088645,131.39615193016226,132.78923663360354,7177500
2025-01-23,133.3116455078125,133.6986109893255,131.54124964440618,131.54124964440618,6911000
2025-01-24,133.3310089111328,134.5112581530064,132.02497447308141,132.02497447308141,6475500
2025-01-27,132.19908142089844,132.30549913252474,129.75148881527852,130.85435657132155,6460700
2025-01-28,134.0275421142578,134.31777362575235,131.22200528064909,131.63800722487508,5885100
2025-01-29,134.19200134277344,136.8717674119143,133.6792507042616,133.9598132099635,5719800
2025-01-30,135.3819580078125,135.91404667980194,134.3661550452488,135.25618756849082,4545700
2025-01-31,134.81222534179688,136.10746854081293,134.16948525612932,135.5036765457873,5502700
2025-02-03,133.575439453125,134.39348317561692,130.4103755377572,132.26071465196696,5307000
2025-02-04,133.19561767578125,134.27660921118942,132.72815143451558,134.1305204382896,5997300
2025-02-05,135.29916381835938,135.5815932122749,132.94241044643366,133.8773281207573,5871200
2025-02-06,137.39297485351562,137.70460415056905,136.34119811343916,136.3509314208432,4576600
2025-02-07,136.32171630859375,138.31814396242385,136.1659090904499,138.3084106550434,3529000
2025-02-10,133.72149658203125,136.64309367531578,132.06592786783892,136.5846641110519,5517700
2025-02-11,134.18893432617188,134.5979709544945,131.90035908489668,133.2345502001085,5096800
2025-02-12,133.52671813964844,133.69227351480686,132.05618637676346,132.52363772191723,4688900
2025-02-13,133.26377868652344,134.4908589776869,132.78659400441433,134.36425168161162,4699800
2025-02-14,135.3186492919922,135.93218949826726,132.88398480361516,132.88398480361516,5044500
2025-02-18,137.0326385498047,137.10080141630846,135.26019598056496,135.76661026606348,3797000
2025-02-19,137.01316833496094,137.24688659361874,135.62053265040893,136.3509319287373,3623100
2025-02-20,130.82911682128906,137.38324379419967,128.96902973590096,136.5846667736622,8860800
2025-02-21,128.2483673095703,132.0561854927546,127.48875330627655,131.64714885097158,6704100
2025-02-24,126.57332611083984,129.49492320837095,125.53128267991501,129.2904048731388,7784500
2025-02-25,126.21299743652344,127.85881794502752,123.07714134390606,127.60561821910635,7458500
2025-02-26,127.6250991821289,128.7840017084529,126.74861116204674,127.00182574696443,5493600
2025-02-27,125.8624038696289,129.39752612808135,125.44363390655508,128.3554975939404,5538700
2025-02-28,129.63125610351562,129.92341876789794,125.6189344166969,126.50514085664241,7424200
2025-03-03,125.75527954101562,130.48826732242952,124.39186610813823,129.84551240964234,5969400
2025-03-04,118.5389404296875,123.26218783719845,116.13349083532468,123.1648027480757,12996500
2025-03-05,120.51587677001953,121.12940946786495,118.26624944791423,118.81161184599905,7291900
2025-03-06,116.2503433227539,119.91207275438754,115.50046262430402,117.64297147558426,8611500
2025-03-07,116.17243957519531,116.36720974207076,112.43279144514086,115.62707716393959,8513500
2025-03-10,108.77105712890625,113.24109690844774,106.36560777790895,112.96841571448947,16765700
2025-03-11,109.1119155883789,110.54349937807473,107.45633941505483,108.79053811926235,13490400
2025-03-12,111.02069091796875,112.5788745676584,109.60858861075127,111.9945566277755,7925500
2025-03-13,108.76131439208984,111.8484666712167,108.3230778284302,111.02068236763449,7435500
2025-03-14,112.32566833496094,112.74443089085362,109.59884878287409,111.0109511018114,6879400
2025-03-17,114.877197265625,116.18218116933207,111.8387336019238,111.96534089833156,8374900
2025-03-18,115.02327728271484,116.09452805610876,114.21496697651544,115.18883266687456,7234900
2025-03-19,116.71780395507812,118.08121743621912,113.19241483713446,114.16628054794865,8430800
2025-03-20,117.32160949707031,118.62658605130389,115.71472950431517,115.71472950431517,7026000
2025-03-21,117.00022888183594,117.72088744578599,115.2083194947156,116.23087405910299,10989900
2025-03-24,121.02228546142578,121.55791456042442,118.81161362466116,119.11350960954829,6184400
2025-03-25,121.92798614501953,122.75577795763019,120.90543158886271,121.63583088469152,4326300
2025-03-26,119.00639343261719,123.03819710266126,118.43181619804857,122.4830939141771,5084600
2025-03-27,115.8900146484375,116.70805824425916,114.46817166283883,115.82184434878569,8239400
2025-03-28,112.3159408569336,116.30878902152025,111.63423036102465,115.6076044794453,7349400
2025-03-31,113.62091064453125,113.97150289466141,109.24825568541524,110.73826903346554,7616600
2025-04-01,112.71521759033203,113.82542392892479,110.57271595480358,112.95868402300599,6651000
2025-04-02,116.15296173095703,117.20473849697198,110.90382606853801,110.9914778473755,8415300
2025-04-03,105.10932922363281,108.4789037798729,104.08676722844176,107.23235682612003,15186100
2025-04-04,97.22102355957031,100.98987941014155,94.7668776089596,98.88633316819585,18876900
2025-04-07,98.28252410888672,101.61314300098205,91.86475274832884,93.75404714331555,20721400
2025-04-08,97.68846893310547,104.14520347387388,95.70178195363873,102.47015323059765,10710100
2025-04-09,108.78079986572266,110.9233089454182,95.33171641352166,95.63361241443091,16919500
2025-04-10,103.79460906982422,106.02476243549476,100.70745655485901,105.92736992057011,10956700
2025-04-11,105.29436492919922,106.34613426606799,100.2010439149865,100.2010439149865,10573200
2025-04-14,106.25848388671875,108.58602224446423,105.71312148892228,107.5926825299056,8224500
2025-04-15,107.5537338256836,109.2190433358958,107.18366009229916,107.21287487545986,6003800
2025-04-16,105.0411605834961,107.43686944132217,103.86278391541941,106.71621086539223,6520100
2025-04-17,106.32666778564453,107.85563678645543,105.32358720568665,105.68391279459985,5233100
2025-04-21,103.52192687988281,105.49887306204144,102.04164685510996,105.31383620144342,7784500
2025-04-22,107.49530029296875,107.80693704006717,105.14828766669761,105.1969764968656,6571300
2025-04-23,109.37486267089844,113.56248846997377,109.00479635168028,110.29029887581403,9243800
2025-04-24,112.5788803100586,112.87104300990548,108.33282500431882,108.94636518799607,6640700
2025-04-25,112.97815704345703,114.03966704407225,111.96533586772935,112.68599437411056,5013200
2025-04-28,112.80286407470703,114.81876574542028,110.85513270474233,112.85155290095284,4171200
2025-04-29,113.17293548583984,113.42614265580465,111.24468550304678,112.36462514749451,4689800
2025-04-30,113.30546569824219,113.69813906411225,109.97757221657152,111.03778805753426,6502400
2025-05-01,114.62091064453125,115.66148860979402,112.56919641364762,113.4232603503725,7743600
2025-05-02,118.01753234863281,118.30222035463733,116.28977401443584,117.11438884038364,6894400
2025-05-05,117.40887451171875,118.65561175383483,116.22104313646263,116.5646294863928,6540300
2025-05-06,116.16214752197266,116.96712448507742,115.06266368642578,115.65166994168912,5739600
2025-05-07,116.91803741455078,117.80155054153647,116.03452428756508,116.16214742734243,4680600
2025-05-08,119.64710998535156,121.00183266105755,117.79173609347882,117.79173609347882,6449300
2025-05-09,119.47040557861328,120.97238167366592,119.24462346243027,120.24593336951098,4240100
2025-05-12,124.73220825195312,126.8330020081122,124.1235716900284,125.08561350902858,9162100
2025-05-13,126.98026275634766,127.72633386278562,124.89909929981305,125.41938829154145,6086700
2025-05-14,128.63929748535156,129.15960149183815,126.76430069813564,126.9900828282572,6273400
2025-05-15,130.08236694335938,130.59284456305988,127.63799416560153,127.87358769835336,7209300
2025-05-16,129.75839233398438,130.54373894928491,129.37553791867097,129.85656627811224,6303800
2025-05-19,128.44296264648438,129.70933779159787,126.70540043973654,127.91286222290294,7703500
2025-05-20,126.76428985595703,128.00120074298454,125.7727838864248,127.49072316358387,5220100
2025-05-21,123.00445556640625,126.2832618004837,122.77866596537666,125.7433350303831,6371600
2025-05-22,123.94686126708984,124.74201930069559,122.3270885222903,122.3270885222903,5689200
2025-05-23,123.76034545898438,124.25118525337864,121.61046476285883,121.82643547073164,3361400
2025-05-27,126.84281921386719,127.15694887562825,124.49659823651153,125.20340869952507,5472400
2025-05-28,125.17396545410156,127.04896955896454,124.93835696216526,126.84282523535671,4050900
2025-05-29,125.81206512451172,126.04765864927502,124.60459588275131,125.75316674332089,4337500
2025-05-30,125.68444061279297,125.97894749478795,124.03521855078758,125.2721369696969,6436100
2025-06-02,126.04766082763672,126.116385593042,124.04504093632717,125.14452483849158,3607900
2025-06-03,126.32252502441406,126.8133648294127,124.80092612269091,125.77278683949433,4145600
2025-06-04,125.81206512451172,127.04897606724631,125.81206512451172,126.4796000836643,3123200
2025-06-05,128.22698974609375,128.6491197803769,125.00708172617101,126.0182105567371,6193300
2025-06-06,129.40499877929688,131.1229379029595,128.4233192800611,129.66023005657163,5004400
2025-06-09,129.53262329101562,130.46521593724765,128.70801600250996,129.80749238718417,4838600
2025-06-10,129.40499877929688,130.03327305963816,128.74726033307732,129.18902809112575,3816900
2025-06-11,129.3951873779297,131.00514134389434,129.01233292807353,129.61115809110416,5810200
2025-06-12,129.503173828125,129.58170999532823,127.42201782458787,128.26626289796954,4258700
2025-06-13,127.11770629882812,128.66876198028166,126.45015633172163,127.80487907434727,4367500
2025-06-16,128.50186157226562,130.36706191482685,127.90303638016988,127.90303638016988,6240500
2025-06-17,127.70669555664062,128.7669113220472,127.28458051871755,127.46127565666434,4767700
2025-06-18,130.09217834472656,130.52411974401787,127.54961692239658,127.63797946624521,6170400
2025-06-20,130.27871704101562,130.9266142461744,129.4933703004596,130.90699143761182,8904400
2025-06-23,131.54507446289062,131.64324842060483,128.50186152466392,129.64061352548038,5232400
2025-06-24,133.41024780273438,134.17595667032336,132.5365535830884,133.1942770986204,5599900
2025-06-25,135.19692993164062,135.363813683686,132.9292522137834,133.62623641472334,5736400
2025-06-26,137.18971252441406,137.63146531129212,135.3147010516029,135.48158477201278,6013200
2025-06-27,138.1125030517578,139.30032695986867,136.5516361084179,137.68056163817508,7249300
2025-06-30,138.27938842773438,139.25125661985166,136.99339055424824,138.91747417314232,8034400
2025-07-01,138.48553466796875,139.0156350086836,136.9148414715891,137.9750571322593,6166700
2025-07-02,140.2427520751953,140.26238986191797,138.3971895835672,139.0254639455109,5494500
2025-07-03,141.49929809570312,141.91160173354754,140.05622787362668,140.73358919981465,3974700
2025-07-07,141.1066436767578,142.50062703552805,139.88935547170453,141.46986036778264,5991600
2025-07-08,138.54443359375,141.42074735875707,138.43644824882793,140.978994576527,6620400
2025-07-09,138.95675659179688,140.32129069766685,138.31865583570757,140.28201512353448,4837000
2025-07-10,140.46852111816406,140.53724587567422,138.73095912564867,139.16288553864013,5622800
2025-07-11,139.67337036132812,139.84025409351509,138.5346184460317,139.26106673252943,3647500
2025-07-14,141.33241271972656,141.41094888496298,139.39850271610047,139.8402555387186,5376100
2025-07-15,138.9960174560547,141.36186899748924,138.95675686108882,140.6648698580932,7392200
2025-07-16,137.22898864746094,137.43514796026798,132.78198112965737,136.94430814612417,10610800
2025-07-17,138.3186492919922,139.0941845623699,136.58108718952238,136.70869535130913,7695800
2025-07-18,138.2499237060547,139.153067034981,137.6314608369868,138.8585601935563,5572300
2025-07-21,137.8965301513672,139.90897626214183,137.6118346881975,138.6524276131125,5853400
2025-07-22,137.4744110107422,138.30884470139216,136.38474600470454,138.22049712828598,5257200
2025-07-23,139.6046600341797,140.0169636613679,137.36641680492102,138.20085044183824,6612900
2025-07-24,139.8893280029297,141.08697818487295,139.25124232303352,139.8598788164262,3817900
2025-07-25,140.38999938964844,140.75323104095116,139.4475953272104,140.30165181740284,3463000
2025-07-28,139.9482421875,140.5176181562971,139.4181417913052,140.41944420403337,3729300
2025-07-29,140.92991638183594,141.41094476267068,139.49667260096743,140.87101800443605,5158700
2025-07-30,142.28465270996094,142.81475313695782,140.65506087484297,141.1949876851824,5236800
2025-07-31,140.82167053222656,143.03590015397666,140.36695404444114,141.55315063942268,5523700
2025-08-01,137.49041748046875,137.9649081889532,134.6040002120751,137.66835526697747,6678500
2025-08-04,139.73431396484375,140.14948201627743,138.10329554254656,138.56787651083755,3851500
2025-08-05,138.84466552734375,141.06878970863414,137.80673789274675,140.03086207403715,5331100
2025-08-06,139.6750030517578,140.21868087393457,138.8940798844564,139.52671905481455,3765800
2025-08-07,139.29937744140625,141.0688003704605,138.9830653772583,140.59430964927571,3728600
2025-08-08,141.5333709716797,142.27474570040403,139.65522769223435,139.99131394926226,3943500
2025-08-11,142.22532653808594,142.53175899916985,141.019355825667,141.91889407700202,4024700
2025-08-12,145.5961151123047,146.52530724960732,143.15453471425278,143.40165964084142,7111600
2025-08-13,146.06069946289062,147.36552621058388,143.7179601734409,146.44621371410776,5542000
2025-08-14,146.8020782470703,146.9503622452171,144.4889926757348,145.30944919889558,4188600
2025-08-15,142.9667205810547,147.09864220681612,142.79867743718157,146.9207194956477,4986000
2025-08-18,143.11497497558594,143.3917536648395,142.1660237790901,142.4526820346358,3548700
2025-08-19,142.41314697265625,143.3027905940804,141.77061317202134,142.82831500154134,4257700
2025-08-20,142.4625701904297,143.04579646959243,139.40810977487828,142.16603235071264,4619300
2025-08-21,142.38348388671875,142.7887723658808,141.25659488163225,141.76073935976814,3269400
2025-08-22,146.31773376464844,147.18760326746582,143.00625364698882,143.15453765597422,6759600
2025-08-25,145.9519805908203,146.90094697796172,145.8729138849251,146.27818731504675,2596500
2025-08-26,147.25680541992188,147.31611299016498,144.61751296094266,145.62578690500163,4453800
2025-08-27,147.66207885742188,148.39355892684432,146.3275983299128,146.6636845825289,3329200
2025-08-28,148.452880859375,148.66047243744026,147.46438113837777,148.11679457423003,3898100
2025-08-29,148.74942016601562,149.01631928956178,147.41495471489947,148.16620900404692,3629400
2025-09-02,147.13818359375,147.35565473029905,143.9848671970968,146.85151023952255,5330200
2025-09-03,146.8218536376953,147.8301275165877,145.25014279460072,147.09863233648025,4338900
2025-09-04,148.79885864257812,149.01632978325483,146.97012816415346,147.316109092496,3955000
2025-09-05,146.3869171142578,150.11356521068925,144.60761463563614,149.38207000189243,5697300
2025-09-08,147.078857421875,147.4841459014965,145.55657458578267,146.61427645943277,3820800
2025-09-09,150.46942138671875,151.0625272236685,146.6439324799861,146.7131196137557,6673200
2025-09-10,152.34756469726562,152.7528531829798,149.67861859820835,151.14159389016504,4945600
2025-09-11,154.680419921875,155.94569825832042,152.3080268118667,152.61445928788447,7399500
2025-09-12,154.5914764404297,155.0659521006059,153.83032740398397,154.24549549205184,4341600
2025-09-15,154.83859252929688,156.65742835876685,154.08733818668324,155.5404339535175,4829900
2025-09-16,154.01812744140625,155.68869425659994,153.4349162702166,155.2735262152459,7539500
2025-09-17,155.5997314453125,156.15328882857932,153.8599624312654,154.83858250166688,4604200
2025-09-18,157.40870666503906,158.2983504126218,155.6788320910543,156.08410552792995,4323700
2025-09-19,158.07098388671875,159.23740624284594,156.30156105273954,157.7151234066056,14902000
2025-09-22,158.86178588867188,159.1780979343485,156.01490206104393,157.49765154071554,4421200
2025-09-23,158.91119384765625,162.0941638380607,157.76454574912555,158.73327115563342,5335900
2025-09-24,156.0643310546875,159.61304121198413,156.02478262165863,159.24730116466003,5195200
2025-09-25,157.1220245361328,157.4185774632433,154.8287130719824,155.57996741512835,5351100
2025-09-26,158.2686767578125,159.94912311634693,157.4877686848179,157.7249989432935,5326800
2025-09-29,159.30661010742188,159.46477367428838,157.8831681722392,158.84201405681898,4186000
2025-09-30,157.1319122314453,160.36429525228257,155.03628270038138,159.5339591597725,5547100
2025-10-01,155.08570861816406,156.61788608375997,153.76112271456296,156.06432869618385,5467400
2025-10-02,153.5139923095703,155.20431819447583,151.9422815510983,154.88800616288415,5087400
2025-10-03,155.77764892578125,155.98524047921157,154.36410173248944,155.12523556735107,5182100
2025-10-06,156.27191162109375,156.90455081632106,153.2273307805284,156.18295026941524,4696300
2025-10-07,154.17628479003906,157.45809563939625,153.61283277450178,156.95396627021051,4589700
2025-10-08,153.85995483398438,154.7496135131401,152.24871076224417,154.6804113019951,4038600
2025-10-09,154.4728546142578,154.63100310526943,152.0609128974545,153.79078739789688,6092600
2025-10-10,150.11355590820312,156.13351509478554,150.0937816920804,155.04617454095495,5531700
2025-10-13,153.34596252441406,153.8303177216859,151.58643427383637,152.50573175027276,4735800
2025-10-14,153.5535430908203,155.31307138811627,150.1333425016845,152.7232069449004,8023800
2025-10-15,160.7794647216797,164.8520936042781,159.78108548851313,161.05624342163296,13673700
2025-10-16,158.17971801757812,162.85531713287722,157.14179036972072,161.21440409594516,10477500
2025-10-17,156.84523010253906,159.12866177075,156.03466827189206,158.85188308874302,7965000
2025-10-20,160.1072998046875,161.26384265950298,157.6657043056408,158.35765108843955,5741000
2025-10-21,157.3988037109375,160.19625968443364,157.35927035941657,159.59327426140715,4220600
2025-10-22,156.3015594482422,157.90293913396638,155.41191579874578,157.73489600387518,4360200
2025-10-23,157.47787475585938,158.2489032660485,156.08408664770693,157.07258628469887,3735600
2025-10-24,161.97557067871094,163.003603788658,158.67398511249885,158.67398511249885,5547500
2025-10-27,164.11073303222656,164.77302605599627,163.00360305345868,163.06292570855186,5056000
2025-10-28,163.31004333496094,165.20796096362227,162.48958676762723,164.20956660559392,3601000
2025-10-29,162.1436004638672,164.11072024686888,161.24406213973265,162.42037916616889,4963500
2025-10-30,163.3594512939453,165.0794461629998,161.52084129023467,161.93602442814733,4960500
2025-10-31,163.1008758544922,163.99593556656717,162.01685538261322,162.45444552634171,5323500
2025-11-03,162.75279235839844,163.75726480444507,160.68420919109118,163.39923787642388,4719200
2025-11-04,163.11082458496094,166.01481412874082,159.9781002443614,161.44004231667697,5739200
2025-11-05,164.27439880371094,165.05013644051135,160.74387370195046,162.97158326360668,4133000
2025-11-06,162.52406311035156,164.76172769299492,161.75828031525384,163.6677674465609,4292900
2025-11-07,161.46987915039062,161.7085688389281,157.1934504086838,161.32070757951368,6323300
2025-11-10,164.14512634277344,165.14958361550734,162.91191910510182,162.91191910510182,5015400
2025-11-11,165.58717346191406,165.8059685387573,163.87660204757609,164.393755426945,3237600
2025-11-12,168.98841857910156,170.82828209819104,166.60158255310805,166.60158255310805,6892900
2025-11-13,164.70205688476562,169.41607567283398,164.2644667219322,168.38176889247606,6090900
2025-11-14,162.96165466308594,163.89650363579628,159.06314748922938,163.29978700530287,6691200
2025-11-17,158.57582092285156,163.19038176560827,157.88960138268885,162.35499066242477,5727200
2025-11-18,158.95375061035156,160.78365936131422,156.9249261983037,157.7702722325127,4864900
2025-11-19,161.40025329589844,162.01686452190464,159.17254360235594,159.47090191492228,6413600
2025-11-20,157.82994079589844,166.02477131985935,157.6409800230258,163.29978762053668,5258600
2025-11-21,157.30284118652344,159.23220768759677,154.37895712202126,158.90401507064922,9021300
2025-11-24,161.9373016357422,163.55837016984202,158.12829743008933,160.44552524489228,10125700
2025-11-25,164.52304077148438,164.96063094746236,159.7394135002543,162.61356878323585,5561000
2025-11-26,167.019287109375,168.03369930395849,164.9606284064086,166.0645435423904,4844200
2025-11-28,168.7298583984375,169.3365147369141,166.84026586746305,167.07895555272952,2133700
2025-12-01,167.54637145996094,168.83924729916484,166.81042301607357,168.08340425540663,4393500
2025-12-02,168.1629638671875,169.18731569909616,167.7651629291167,167.96406339815212,4338700
2025-12-03,172.76759338378906,173.0460570892323,167.1784094993636,167.62593937060208,6223300
2025-12-04,173.93118286132812,175.03509800689974,172.76759908763927,173.36431571908017,4813200
2025-12-05,175.54229736328125,176.34786937213187,173.3444219497017,173.5134881218898,4641600
2025-12-08,175.8605499267578,177.97887728161453,175.094767121811,176.01967638560237,7271700
2025-12-09,177.84957885742188,179.65959294368417,175.81081480397185,175.81081480397185,4191200
2025-12-10,178.72476196289062,180.31598099457125,176.77550081829935,177.5213890074061,6591200
2025-12-11,179.3015594482422,180.98229650797774,178.51589727378945,179.14244817597407,7598700
2025-12-12,177.431884765625,180.15685321776013,176.7754995219922,180.15685321776013,4961500
2025-12-15,176.81527709960938,179.9082274368889,176.75560847174134,178.9236647267975,5219000
2025-12-16,175.54229736328125,177.6705644354348,174.71684592838574,177.1534262058481,6840500
2025-12-17,173.8416748046875,178.4661754493303,173.50354247188162,177.07385691710968,5796100
2025-12-18,172.0117645263672,176.09923232093414,171.63384299604863,175.58207893867723,7993400
2025-12-19,176.0097198486328,176.725773731591,172.50902883765292,172.50902883765292,10639400
2025-12-22,178.77447509765625,179.27173388871296,176.43736788477017,176.61637376548626,4574600
2025-12-23,178.51589965820312,179.5899804298089,178.14793302191416,178.84409226967713,3514800
2025-12-24,180.65411376953125,181.00220099534516,178.54574133925476,179.17229227566617,2648000
2025-12-26,180.87290954589844,181.3403340280068,180.10714192638832,180.8530301201611,2564700
2025-12-29,178.9534912109375,180.70383664406552,178.76453044753347,180.1966381542444,2464300
2025-12-30,178.09820556640625,179.39108142290385,177.28269388726048,179.29162359735267,2365500
2025-12-31,176.55670166015625,178.72475783751926,176.42740952098586,178.52584218490833,3098100
2026-01-02,180.90274047851562,180.96242428001463,176.16884229356387,177.54128140049744,4509900
2026-01-05,185.51730346679688,187.4765043215463,181.0618689389261,181.2011007936991,6787400
2026-01-06,186.72067260742188,187.7848136847747,184.73163747977955,185.6764261303829,3795600
2026-01-07,183.7769012451172,186.72068002807836,183.32937135863867,186.27315014159984,3532400
2026-01-08,183.66749572753906,185.1194980424414,182.65309874226517,182.90172813230686,3745900
2026-01-09,185.29852294921875,185.89522439265215,184.02552648459934,184.6819117299967,4630900
2026-01-12,185.54714965820312,186.24330891969723,182.91166900200818,183.61778315125247,5635400
2026-01-13,181.75802612304688,185.99468069482157,181.15136979669637,185.93501206848117,6594800
2026-01-14,179.78887939453125,181.35027921402732,177.94901587826814,181.19115276583665,8434000
2026-01-15,190.1815948486328,191.10650410016294,180.00768413260647,180.00768413260647,12957100
2026-01-16,188.05332946777344,191.62364401212972,187.9638265257458,189.5152715547622,8398100
2026-01-20,181.10165405273438,185.67642573140117,180.2861423680892,184.2343783019859,11302600
2026-01-21,182.31497192382812,185.39796734844037,181.0220960215108,181.46962590208454,11715800
2026-01-22,182.04644775390625,185.02004563378682,181.26077036029486,183.5183295370126,8966900
2026-01-23,178.01864624023438,180.87290682949583,176.97439974960844,180.87290682949583,8532800
2026-01-26,180.8828582763672,181.4397856807374,177.87941100264658,178.37666978156764,6389800
2026-01-27,181.65858459472656,182.9614001949983,180.15685333857772,181.24088903262574,5138100
2026-01-28,181.34033203125,182.00665698933395,179.39108607106226,181.4397898593782,5538800
2026-01-29,181.39999389648438,184.01557989239544,178.47612506518843,182.17571636654114,7473400
2026-01-30,182.8000030517578,183.14999389648438,179.97000122070312,180.2100067138672,7434900
2026-02-02,185.10000610351562,185.44000244140625,180.5500030517578,182.61000061035156,6827200
2026-02-03,182.91000366210938,188.67999267578125,178.4499969482422,185.27999877929688,7751300
2026-02-04,180.0800018310547,183.64999389648438,178.5,182.72999572753906,7571900
2026-02-05,175.83999633789062,179.4499969482422,173.25,178.0,9571800
2026-02-06,179.9600067138672,181.19000244140625,177.5,178.88999938964844,9139700
2026-02-09,182.35000610351562,183.82000732421875,179.4600067138672,179.99000549316406,6625900
2026-02-10,177.88999938964844,184.5800018310547,173.5500030517578,181.9199981689453,12854500
2026-02-11,176.67999267578125,181.0399932861328,174.3000030517578,179.77000427246094,7777800
2026-02-12,168.05999755859375,178.7899932861328,165.41000366210938,177.42999267578125,14436700
2026-02-13,171.14999389648438,171.49000549316406,163.58999633789062,167.1199951171875,9162400
2026-02-17,171.5399932861328,174.1999969482422,170.86000061035156,172.5500030517578,6376900
2026-02-18,176.58999633789062,177.30999755859375,173.4499969482422,173.49000549316406,6343300
2026-02-19,174.3699951171875,176.27999877929688,172.52999877929688,175.16000366210938,7259500
2026-02-20,175.41000366210938,175.42999267578125,171.55999755859375,173.4499969482422,4272600
2026-02-23,166.8000030517578,175.6199951171875,166.61000061035156,173.9600067138672,7795500
2026-02-24,168.7899932861328,170.32000732421875,164.11000061035156,165.47000122070312,7413800
2026-02-25,173.72999572753906,174.0399932861328,169.64999389648438,170.6999969482422,7098500
2026-02-26,177.49000549316406,177.8300018310547,174.4499969482422,174.8800048828125,6901600
2026-02-27,166.50999450683594,174.1300048828125,164.39999389648438,174.0,12400400
2026-03-02,167.0,169.60000610351562,162.14999389648438,162.63999938964844,9212600
2026-03-03,165.9499969482422,167.32000732421875,159.9499969482422,162.4600067138672,7495500
2026-03-04,167.5800018310547,169.1999969482422,166.52000427246094,167.5800018310547,5307800
2026-03-05,162.5500030517578,167.97000122070312,160.50999450683594,165.3800048828125,7274900
2026-03-06,160.27000427246094,160.35000610351562,155.35000610351562,159.50999450683594,8046000
2026-03-09,160.4499969482422,161.85000610351562,154.07000732421875,157.9199981689453,7480800
2026-03-10,160.75,163.47999572753906,159.86000061035156,161.83999633789062,4314600
2026-03-11,160.88999938964844,161.75999450683594,157.85000610351562,160.0,5463200
2026-03-12,154.3699951171875,156.25,152.8000030517578,154.3699951171875,11195700
2026-03-13,154.8699951171875,157.24000549316406,153.86000061035156,154.88999938964844,6001900
2026-03-16,155.6999969482422,159.08999633789062,154.7899932861328,156.4600067138672,5498100
2026-03-17,157.8300018310547,160.63999938964844,157.3000030517578,157.3000030517578,6528600
2026-03-18,158.92999267578125,160.63999938964844,156.52000427246094,157.02000427246094,9140900
2026-03-19,158.5500030517578,159.6199951171875,156.52999877929688,156.99000549316406,6418300
2026-03-20,161.47000122070312,163.13999938964844,157.25,158.36000061035156,14621300
2026-03-23,164.32000732421875,168.13999938964844,164.16000366210938,166.25999450683594,10128400
2026-03-24,165.8699951171875,167.1199951171875,162.22999572753906,162.44000244140625,6016200
2026-03-25,165.64999389648438,168.80999755859375,164.0,166.8000030517578,6444600
2026-03-26,163.22999572753906,166.3300018310547,162.47999572753906,164.64999389648438,6175700
2026-03-27,158.38999938964844,161.22999572753906,157.3300018310547,161.0,6368400
2026-03-30,158.3699951171875,161.24000549316406,157.22000122070312,160.14999389648438,6261600
2026-03-31,164.57000732421875,165.2899932861328,159.64999389648438,161.5,8081700
2026-04-01,166.1699981689453,169.2899932861328,163.1999969482422,168.91000366210938,7117000
2026-04-02,165.80999755859375,167.0,160.57000732421875,161.99000549316406,5107500
2026-04-06,166.5500030517578,167.6300048828125,165.44000244140625,165.8800048828125,3674800
2026-04-07,168.42999267578125,168.89999389648438,165.2899932861328,165.69000244140625,6036400
2026-04-08,176.02000427246094,181.25999450683594,174.49000549316406,176.89999389648438,7662600
2026-04-09,178.16000366210938,179.0,174.8000030517578,175.1699981689453,5298900
2026-04-10,177.63999938964844,178.66000366210938,174.6999969482422,178.66000366210938,4240100
2026-04-13,181.13999938964844,181.17999267578125,175.00999450683594,175.75999450683594,6282900
2026-04-14,183.33999633789062,184.58999633789062,181.75,182.8699951171875,8803600
2026-04-15,191.6199951171875,194.58999633789062,187.9199981689453,188.49000549316406,9853800
2026-04-16,187.32000732421875,192.50999450683594,186.6699981689453,190.92999267578125,9138100
2026-04-17,188.82000732421875,191.22000122070312,188.22999572753906,189.5,6846100
2026-04-20,190.6999969482422,192.1999969482422,188.02000427246094,188.9199981689453,4905200
2026-04-21,189.30999755859375,193.13999938964844,188.7100067138672,190.7899932861328,5154900
2026-04-22,191.0500030517578,192.22999572753906,189.82000732421875,191.67999267578125,4492100
2026-04-23,188.64999389648438,191.75999450683594,186.89999389648438,190.66000366210938,3814400
2026-04-24,188.07000732421875,189.0500030517578,187.1199951171875,188.7899932861328,4530600
2026-04-27,190.17999267578125,190.58999633789062,187.75,187.8699951171875,4163600
2026-04-28,190.36000061035156,192.64999389648438,188.66000366210938,191.30999755859375,4107100
2026-04-29,187.0800018310547,190.50999450683594,185.25,190.00999450683594,5107600
2026-04-30,190.58999633789062,190.72000122070312,184.89999389648438,185.60000610351562,3759269
