Price,Close,High,Low,Open,Volume
Ticker,ORCL,ORCL,ORCL,ORCL,ORCL
Date,,,,,
1986-03-12,0.0504123754799366,0.05102667550775202,0.0504123754799366,0.0504123754799366,393012000
1986-03-13,0.0516418032348156,0.05225610364608273,0.0516418032348156,0.0516418032348156,125290800
1986-03-14,0.053486280143260956,0.054100580379329376,0.053486280143260956,0.053486280143260956,57866400
1986-03-17,0.05225607752799988,0.05287117309631439,0.05225607752799988,0.05287117309631439,28285200
1986-03-18,0.051026683300733566,0.05164177888647008,0.051026683300733566,0.05164177888647008,32335200
1986-03-19,0.04979729652404785,0.051026692451898725,0.04979729652404785,0.051026692451898725,22712400
1986-03-20,0.04979729652404785,0.05041239222009608,0.04979729652404785,0.04979729652404785,17787600
1986-03-21,0.047952800989151,0.049182196816733185,0.047952800989151,0.049182196816733185,16232400
1986-03-24,0.047952800989151,0.04856789663503244,0.047952800989151,0.047952800989151,20736000
1986-03-25,0.047952800989151,0.04856789663503244,0.047952800989151,0.047952800989151,21675600
1986-03-26,0.04856789857149124,0.049797294448090876,0.04856789857149124,0.04856789857149124,23328000
1986-03-27,0.0504123754799366,0.051641770999548885,0.0504123754799366,0.0504123754799366,21513600
1986-03-31,0.051026683300733566,0.05164177888647008,0.051026683300733566,0.051026683300733566,9882000
1986-04-01,0.04856789857149124,0.049182198777684843,0.04856789857149124,0.049182198777684843,20314800
1986-04-02,0.047952800989151,0.049182196816733185,0.047952800989151,0.04856789663503244,12960000
1986-04-03,0.04979729652404785,0.051026692451898725,0.04979729652404785,0.04979729652404785,11955600
1986-04-04,0.04918219894170761,0.050412390286622366,0.04918219894170761,0.04979729461416499,10659600
1986-04-07,0.04979729652404785,0.05041239222009608,0.04979729652404785,0.04979729652404785,9007200
1986-04-08,0.04979729652404785,0.051026692451898725,0.04979729652404785,0.04979729652404785,15001200
1986-04-09,0.04979729652404785,0.05041239222009608,0.04979729652404785,0.04979729652404785,8942400
1986-04-10,0.04979729652404785,0.05041239222009608,0.04979729652404785,0.04979729652404785,9428400
1986-04-11,0.051026683300733566,0.05164177888647008,0.051026683300733566,0.051026683300733566,18273600
1986-04-14,0.051026683300733566,0.05164177888647008,0.051026683300733566,0.051026683300733566,46785600
1986-04-15,0.0516418032348156,0.0516418032348156,0.05102670735907049,0.05102670735907049,12020400
1986-04-16,0.05410056188702583,0.05410056188702583,0.051026675364626406,0.051641770854697976,22550400
1986-04-17,0.05901894345879555,0.059018943458795554,0.05410056559322364,0.05410056559322364,19699200
1986-04-18,0.06393732875585556,0.06516672449913379,0.059018950318616495,0.059018950318616495,27799200
1986-04-21,0.07008510828018188,0.07100695629189756,0.06332223798031095,0.0639373336309126,33534000
1986-04-22,0.06639610975980759,0.07008509187135267,0.06578180971721712,0.07008509187135267,38264400
1986-04-23,0.06455239653587341,0.06639609162404936,0.06455239653587341,0.06639609162404936,4114800
1986-04-24,0.0657818540930748,0.0657818540930748,0.06455245771455335,0.06455245771455335,10789200
1986-04-25,0.06701120734214783,0.06701120734214783,0.06578181175488439,0.06578181175488439,4633200
1986-04-28,0.06762632727622986,0.06885572330722044,0.06701123152857841,0.06701123152857841,46008000
1986-04-29,0.06701120734214783,0.06824060292941128,0.0663961118165035,0.06762630286779216,2786400
1986-04-30,0.06147772818803787,0.06578180553236049,0.06147772818803787,0.06578180553236049,9720000
1986-05-01,0.06270793825387955,0.06332223844480048,0.061477746943652385,0.061477746943652385,21546000
1986-05-02,0.05901894345879555,0.06332222579215833,0.059018943458795554,0.06270792572398291,10627200
1986-05-05,0.06024836376309395,0.06024836376309395,0.05901896765861445,0.05901896765861445,4924800
1986-05-06,0.06209283322095871,0.06209283322095871,0.0590189463380216,0.060248341998381943,7257600
1986-05-07,0.06332225352525711,0.06332225352525711,0.06209285738643682,0.06209285738643682,11826000
1986-05-08,0.06393732875585556,0.06516672449913379,0.06270793301257734,0.06332223315215336,21254400
1986-05-09,0.06516677141189575,0.06516677141189575,0.06393737478358992,0.06393737478358992,7581600
1986-05-12,0.06455239653587341,0.06516669641067097,0.06393730119729257,0.06516669641067097,11404800
1986-05-13,0.06639610975980759,0.06639610975980759,0.06393731866144457,0.06455241416803562,35510400
1986-05-14,0.06455239653587341,0.06639609162404936,0.06455239653587341,0.06639609162404936,2559600
1986-05-15,0.0657818540930748,0.0657818540930748,0.06455245771455335,0.06455245771455335,939600
1986-05-16,0.06639610975980759,0.06639610975980759,0.06516671421062607,0.06578180971721712,3985200
1986-05-19,0.06270793825387955,0.0663961257919831,0.06270793825387955,0.0663961257919831,8974800
1986-05-20,0.06270793825387955,0.06393733409991406,0.06270793825387955,0.06270793825387955,4438800
1986-05-21,0.06332225352525711,0.06332225352525711,0.06270795318803801,0.06270795318803801,874800
1986-05-22,0.06147772818803787,0.063322219126469,0.060863428184527474,0.063322219126469,11599200
1986-05-23,0.06024836376309395,0.06209285565199312,0.06024836376309395,0.061477759867573444,4600800
1986-05-27,0.06086345016956329,0.061477750394970616,0.05963405425451134,0.060248354479918664,2430000
1986-05-28,0.06086345016956329,0.06086345016956329,0.05963405425451134,0.06086345016956329,1198800
1986-05-29,0.058403849601745605,0.05963404070144863,0.058403849601745605,0.05963404070144863,5086800
1986-05-30,0.057789575308561325,0.05963406731729196,0.05717447948418059,0.0584038756685305,20574000
1986-06-02,0.05594506487250328,0.05778955627369066,0.05471566909309487,0.05778955627369066,8845200
1986-06-03,0.05748201534152031,0.05748201534152031,0.05164178809233382,0.055945071567300456,62175600
1986-06-04,0.057789575308561325,0.057789575308561325,0.056560179124211414,0.05748202739637096,22582800
1986-06-05,0.06147772818803787,0.06393731459392936,0.05656014630415481,0.057789541775125575,28447200
1986-06-06,0.06147772818803787,0.0627079191229586,0.06147772818803787,0.06147772818803787,4341600
1986-06-09,0.06086345016956329,0.062092846084615246,0.05901895856486671,0.061477750394970616,6091200
1986-06-10,0.05963405966758728,0.06086345569423341,0.05840386817663164,0.06086345569423341,17917200
1986-06-11,0.06147772818803787,0.06147772818803787,0.05963403271355671,0.05963403271355671,10432800
1986-06-12,0.06086345016956329,0.06178529823979293,0.06086345016956329,0.061477750394970616,12700800
1986-06-13,0.06147772818803787,0.0627079191229586,0.060863428184527474,0.060863428184527474,19213200
1986-06-16,0.06086345016956329,0.062092846084615246,0.06086345016956329,0.061477750394970616,5378400
1986-06-17,0.06024836376309395,0.06178530775978328,0.05963406344303413,0.060863459547513626,18500400
1986-06-18,0.05963405966758728,0.06086345569423341,0.05963405966758728,0.06024835994875559,8164800
1986-06-19,0.06055590137839317,0.06086344921840923,0.05963405332256987,0.05963405332256987,5670000
1986-06-20,0.05963405966758728,0.06086345569423341,0.059326511794848366,0.060555907821494497,21384000
1986-06-23,0.06086345016956329,0.06086345016956329,0.05901895856486671,0.05963405425451134,18079200
1986-06-24,0.06086345016956329,0.06086345016956329,0.05901895856486671,0.06086345016956329,10659600
1986-06-25,0.06024836376309395,0.060863459547513626,0.06024836376309395,0.060863459547513626,550800
1986-06-26,0.06086345016956329,0.061477750394970616,0.05901895856486671,0.060248354479918664,5670000
1986-06-27,0.05963405966758728,0.06086345569423341,0.05963405966758728,0.06086345569423341,13867200
1986-06-30,0.05994079262018204,0.060863435938923315,0.05963404031131959,0.05963404031131959,7549200
1986-07-01,0.06086345016956329,0.06086345016956329,0.05963405425451134,0.05994080663509635,2721600
1986-07-02,0.05963405966758728,0.06086345569423341,0.05963405966758728,0.06086345569423341,972000
1986-07-03,0.05963405966758728,0.06086345569423341,0.05963405966758728,0.05963405966758728,4050000
1986-07-07,0.05901894345879555,0.06086343459138923,0.05840384792658643,0.05963403899100468,10303200
1986-07-08,0.058403849601745605,0.05901894515159712,0.058403849601745605,0.05901894515159712,6577200
1986-07-09,0.05901894345879555,0.059018943458795554,0.05840384792658643,0.05840384792658643,3304800
1986-07-10,0.05901894345879555,0.0602483390591801,0.059018943458795554,0.059018943458795554,2170800
1986-07-11,0.058403849601745605,0.060248340787243615,0.058403849601745605,0.05901894515159712,5605200
1986-07-14,0.05963405966758728,0.05963405966758728,0.05778956789546332,0.05840386817663164,19083600
1986-07-15,0.05287116393446922,0.05840384123424139,0.05225606847274229,0.05840384123424139,30747600
1986-07-16,0.04364951327443123,0.05164177851026897,0.04242011757601707,0.05164177851026897,112492800
1986-07-17,0.04672339931130409,0.04795279498495292,0.04426460796400645,0.04426460796400645,131900400
1986-07-18,0.04610829800367355,0.04733848898829053,0.045493997975347165,0.04672339349598204,20379600
1986-07-21,0.045493993908166885,0.04610829388157462,0.044878898470848166,0.04610829388157462,8910000
1986-07-22,0.04426460340619087,0.04549399895325191,0.04426460340619087,0.04549399895325191,8067600
1986-07-23,0.04364951327443123,0.04487890897284539,0.04364951327443123,0.04426460885568687,7776000
1986-07-24,0.041190728545188904,0.04426461602084623,0.04057563286436708,0.04364952034002441,16783200
1986-07-25,0.040575627237558365,0.040575627237558365,0.03873113591510288,0.040575627237558365,8618400
1986-07-28,0.039960525929927826,0.039960525929927826,0.038116830335132655,0.039960525929927826,7192800
1986-07-29,0.03903867304325104,0.03996052072047189,0.038116825366030185,0.03996052072047189,28609200
1986-07-30,0.03934624791145325,0.03934624791145325,0.03811685167206815,0.03903869998549518,9169200
1986-07-31,0.03811683505773544,0.03934623076125262,0.03811683505773544,0.03934623076125262,3078000
1986-08-01,0.03811683505773544,0.03934623076125262,0.03811683505773544,0.03811683505773544,5896800
1986-08-04,0.036272358149290085,0.03811685016779903,0.035657262321648515,0.03811685016779903,12376800
1986-08-05,0.03565724194049835,0.037501732904723646,0.03565724194049835,0.03627233741656048,3272400
1986-08-06,0.03657909482717514,0.03750173817082864,0.03565724694759444,0.03565724694759444,2559600
1986-08-07,0.0375017449259758,0.0375017449259758,0.035657253370495405,0.036579101416127566,5378400
1986-08-08,0.0375017449259758,0.0375017449259758,0.035657253370495405,0.0375017449259758,5767200
1986-08-11,0.03565724194049835,0.037501732904723646,0.03319845096417202,0.037501732904723646,44874000
1986-08-12,0.0375017449259758,0.03811684059920796,0.03627234904372756,0.03627234904372756,40014000
1986-08-13,0.03903867304325104,0.03996052072047189,0.0375017299386175,0.0375017299386175,37810800
1986-08-14,0.03903867304325104,0.03903867304325104,0.0375017299386175,0.03903867304325104,21157200
1986-08-15,0.03903867304325104,0.03996052072047189,0.038731125329544695,0.03903867304325104,15487200
1986-08-18,0.03903867304325104,0.03934622075695738,0.038731125329544695,0.03903867304325104,29905200
1986-08-19,0.03934624791145325,0.03934624791145325,0.038731152059537116,0.03903869998549518,6901200
1986-08-20,0.0375017449259758,0.0393462364814562,0.0375017449259758,0.0393462364814562,8715600
1986-08-21,0.0375017449259758,0.03873114080822404,0.0375017449259758,0.0375017449259758,1555200
1986-08-22,0.0375017449259758,0.03811684059920796,0.0375017449259758,0.0375017449259758,388800
1986-08-25,0.03811683505773544,0.03811683505773544,0.03750173947392664,0.03750173947392664,7646400
1986-08-26,0.03565724194049835,0.038116828380785776,0.03381275097627306,0.038116828380785776,3855600
1986-08-27,0.0375017449259758,0.0375017449259758,0.035657253370495405,0.035657253370495405,5799600
1986-08-28,0.03873113542795181,0.03873113542795181,0.036886644128695904,0.03750173971648307,56862000
1986-08-29,0.040575627237558365,0.041805022964490166,0.03873113591510288,0.03873113591510288,40856400
1986-09-02,0.04180502891540527,0.04242012459848738,0.04057563301346987,0.04057563301346987,20736000
1986-09-03,0.04180502891540527,0.04180502891540527,0.04057563301346987,0.04180502891540527,19213200
1986-09-04,0.03934624791145325,0.041805040390223445,0.03811685167206815,0.041805040390223445,89877600
1986-09-05,0.03873113542795181,0.03996053113942056,0.03750173971648307,0.039346231015738975,30391200
1986-09-08,0.03811683505773544,0.038731135177443816,0.03688664389011784,0.038731135177443816,1944000
1986-09-09,0.03873113542795181,0.03873113542795181,0.03750173971648307,0.03811683530427023,14774400
1986-09-10,0.0375017449259758,0.03873114080822404,0.0375017449259758,0.03873114080822404,37843200
1986-09-11,0.033198460936546326,0.038116839830575414,0.033198460936546326,0.03750174416974676,8586000
1986-09-12,0.03565724194049835,0.03565724194049835,0.032583355488109894,0.03319845096417202,19504800
1986-09-15,0.03442785516381264,0.035657250963056865,0.03442785516381264,0.035657250963056865,1198800
1986-09-16,0.036886654794216156,0.036886654794216156,0.03442786266033598,0.03442786266033598,28058400
1986-09-17,0.03811683505773544,0.038731135177443816,0.03750173947392664,0.03750173947392664,8910000
1986-09-18,0.036886654794216156,0.038731146626794076,0.036886654794216156,0.038116846325491824,4762800
1986-09-19,0.0375017449259758,0.0375017449259758,0.03627234904372756,0.03688664925274364,680400
1986-09-22,0.03811683505773544,0.038731135177443816,0.03688664389011784,0.03750173947392664,9784800
1986-09-23,0.03934624791145325,0.03996054829892222,0.03811685167206815,0.03811685167206815,66970800
1986-09-24,0.03873113542795181,0.03996053113942056,0.03873113542795181,0.039346231015738975,8910000
1986-09-25,0.03873113542795181,0.039346231015738975,0.03750173971648307,0.03873113542795181,3207600
1986-09-26,0.03504215180873871,0.038731134299798534,0.03504215180873871,0.038731134299798534,4989600
1986-09-29,0.033812761306762695,0.036272348498504275,0.033812761306762695,0.03504215717053143,4503600
1986-09-30,0.03504215180873871,0.03565724737860948,0.031968264887549655,0.03381275613307957,29905200
1986-10-01,0.03504215180873871,0.03504215180873871,0.03381275613307957,0.03504215180873871,7030800
1986-10-02,0.03442785516381264,0.03504215533135357,0.033812759532109334,0.03504215533135357,37195200
1986-10-03,0.033812761306762695,0.03504215717053143,0.033812761306762695,0.03442785697074912,2462400
1986-10-06,0.03442785516381264,0.03504215533135357,0.033812759532109334,0.033812759532109334,874800
1986-10-07,0.036886654794216156,0.036886654794216156,0.03442786266033598,0.03442786266033598,8262000
1986-10-08,0.04242011159658432,0.04364950712170597,0.036886638537559406,0.036886638537559406,205513200
1986-10-09,0.044878918677568436,0.04733850607036086,0.04180503103477976,0.042420126749045155,132678000
1986-10-10,0.04364951327443123,0.04487890897284539,0.04303441769317558,0.04487890897284539,55242000
1986-10-13,0.04364951327443123,0.04364951327443123,0.04180502199476142,0.04364951327443123,10659600
1986-10-14,0.043034423142671585,0.044264614460963345,0.043034423142671585,0.043649518801817465,24008400
1986-10-15,0.04426460340619087,0.04549399895325191,0.04303441239513064,0.04303441239513064,20379600
1986-10-16,0.044878918677568436,0.044878918677568436,0.044264618427572185,0.044264618427572185,1393200
1986-10-17,0.044878918677568436,0.04549401439183383,0.044264618427572185,0.044878918677568436,18792000
1986-10-20,0.044878918677568436,0.04549401439183383,0.044264618427572185,0.044878918677568436,3175200
1986-10-21,0.04426460340619087,0.04487890344772179,0.04364950790066076,0.04487890344772179,7905600
1986-10-22,0.04364951327443123,0.04426460885568687,0.04364951327443123,0.04426460885568687,3045600
1986-10-23,0.04364951327443123,0.04426460885568687,0.04364951327443123,0.04364951327443123,16297200
1986-10-24,0.04426460340619087,0.04487890344772179,0.04364950790066076,0.04364950790066076,8359200
1986-10-27,0.043034423142671585,0.04395706663139041,0.042420122947723564,0.04395706663139041,6123600
1986-10-28,0.04426460340619087,0.04487890344772179,0.04242011235359972,0.04303441239513064,17366400
1986-10-29,0.04364951327443123,0.04487890897284539,0.04364951327443123,0.04426460885568687,1360800
1986-10-30,0.04426460340619087,0.04426460340619087,0.04364950790066076,0.04364950790066076,8294400
1986-10-31,0.04426460340619087,0.04426460340619087,0.04303441239513064,0.04426460340619087,6739200
1986-11-03,0.04364951327443123,0.04364951327443123,0.04303441769317558,0.04364951327443123,388800
1986-11-04,0.047338489443063736,0.047952789477291605,0.043649507381737555,0.043649507381737555,76852800
1986-11-05,0.047952800989151,0.05041238810849608,0.04733850080745026,0.04733850080745026,122569200
1986-11-06,0.047952800989151,0.049182196816733185,0.04672340516156881,0.047952800989151,5022000
1986-11-07,0.04856789857149124,0.04856789857149124,0.046723407024485575,0.04795280290108521,42087600
1986-11-10,0.047952800989151,0.04856789663503244,0.047952800989151,0.04856789663503244,4860000
1986-11-11,0.04979729652404785,0.051026692451898725,0.04795280490014875,0.04795280490014875,74584800
1986-11-12,0.0504123754799366,0.051641770999548885,0.04918218449634287,0.04979727998813974,27669600
1986-11-13,0.04918219894170761,0.050412390286622366,0.04918219894170761,0.050412390286622366,14644800
1986-11-14,0.04979729652404785,0.04979729652404785,0.04795280490014875,0.04918220082799962,12668400
1986-11-17,0.04918219894170761,0.04979729461416499,0.04795280306100794,0.04979729461416499,4309200
1986-11-18,0.047338489443063736,0.04979728050795469,0.047338489443063736,0.04918218500973708,7160400
1986-11-19,0.04672339931130409,0.04795279498495292,0.04672339931130409,0.04733849488016906,12150000
1986-11-20,0.047952800989151,0.047952800989151,0.04672340516156881,0.04672340516156881,3175200
1986-11-21,0.04979729652404785,0.04979729652404785,0.04795280490014875,0.04795280490014875,7743600
1986-11-24,0.0504123754799366,0.0504123754799366,0.04856788446852745,0.04979727998813974,70146000
1986-11-25,0.05317872017621994,0.054100568052403174,0.050412381083600376,0.050412381083600376,42573600
1986-11-26,0.05287116393446922,0.053486259396196154,0.05287116393446922,0.05317871166533269,14256000
1986-11-28,0.05287116393446922,0.053486259396196154,0.05164176847495791,0.05287116393446922,8683200
1986-12-01,0.051026683300733566,0.052871174593840164,0.04979728759336348,0.052871174593840164,4536000
1986-12-02,0.04979729652404785,0.051026692451898725,0.04979729652404785,0.051026692451898725,7030800
1986-12-03,0.047952800989151,0.049797292462614634,0.047952800989151,0.049797292462614634,17269200
1986-12-04,0.04918219894170761,0.04979729461416499,0.04795280306100794,0.04795280306100794,7192800
1986-12-05,0.04918219894170761,0.04979729461416499,0.04918219894170761,0.04918219894170761,9817200
1986-12-08,0.04979729652404785,0.04979729652404785,0.04918220082799962,0.04918220082799962,1296000
1986-12-09,0.04979729652404785,0.04979729652404785,0.04918220082799962,0.04979729652404785,7387200
1986-12-10,0.04979729652404785,0.04979729652404785,0.04918220082799962,0.04979729652404785,9817200
1986-12-11,0.04918219894170761,0.04979729461416499,0.04918219894170761,0.04979729461416499,7678800
1986-12-12,0.04918219894170761,0.04979729461416499,0.048567898733465314,0.04918219894170761,21546000
1986-12-15,0.04856789857149124,0.049797294448090876,0.04856789857149124,0.049182198777684843,2980800
1986-12-16,0.04918219894170761,0.04979729461416499,0.048567898733465314,0.048567898733465314,874800
1986-12-17,0.047952800989151,0.049182196816733185,0.047952800989151,0.049182196816733185,13964400
1986-12-18,0.04856789857149124,0.04856789857149124,0.048260350736288225,0.048260350736288225,972000
1986-12-19,0.04856789857149124,0.049182198777684843,0.04795280290108521,0.04856789857149124,16038000
1986-12-22,0.047952800989151,0.049182196816733185,0.04733850080745026,0.04856789663503244,55242000
1986-12-23,0.047952800989151,0.04856789663503244,0.04764525316621027,0.047952800989151,5054400
1986-12-24,0.047952800989151,0.04856789663503244,0.047952800989151,0.047952800989151,5961600
1986-12-26,0.04672339931130409,0.048567890553817876,0.04610830374243913,0.04795279498495292,14418000
1986-12-29,0.04672339931130409,0.04672339931130409,0.04610830374243913,0.04672339931130409,4147200
1986-12-30,0.047338489443063736,0.048567884975509214,0.04610829844662851,0.04672339394484613,122860800
1986-12-31,0.051026683300733566,0.05164177888647008,0.048260344093125136,0.048260344093125136,18565200
1987-01-02,0.051026683300733566,0.05256362680097191,0.04979728759336348,0.051026683300733566,6706800
1987-01-05,0.05410056188702583,0.055329957403189765,0.051641770854697976,0.051641770854697976,25401600
1987-01-06,0.05532997474074364,0.05840386222634051,0.05532997474074364,0.05532997474074364,27734400
1987-01-07,0.05410056188702583,0.05717444840942527,0.051026675364626406,0.055329957403189765,323870400
1987-01-08,0.05656015872955322,0.05656015872955322,0.05471566738591567,0.05471566738591567,68040000
1987-01-09,0.06332225352525711,0.0651667454656786,0.05778957316837474,0.05778957316837474,161838000
1987-01-12,0.06086345016956329,0.0633222419996672,0.06086345016956329,0.0633222419996672,32108400
1987-01-13,0.06147772818803787,0.06209282365549824,0.06024833271706711,0.060863428184527474,23976000
1987-01-14,0.06639610975980759,0.06762630077298966,0.06147773209908099,0.06147773209908099,93247200
1987-01-15,0.06762632727622986,0.07192961111685306,0.06639613578092696,0.06639613578092696,109965600
1987-01-16,0.0657818540930748,0.06824064685011769,0.0657818540930748,0.06762634639312556,16491600
1987-01-19,0.07070019841194153,0.07131449855040424,0.0633222330373913,0.06578181998361629,31298400
1987-01-20,0.0713144838809967,0.07315897484522199,0.07070018386889566,0.07070018386889566,131770800
1987-01-21,0.06885571032762527,0.0700851061268695,0.06639612326497445,0.0700851061268695,19213200
1987-01-22,0.07254388928413391,0.07254388928413391,0.06762630665936807,0.06885570231555953,25239600
1987-01-23,0.06885571032762527,0.07377408898876456,0.06762631452838104,0.07254389772535796,87804000
1987-01-26,0.06701120734214783,0.06946999851667472,0.0663961118165035,0.06885569845505561,11502000
1987-01-27,0.06762632727622986,0.06885572330722044,0.06578183549758783,0.06701123152857841,17204400
1987-01-28,0.06455239653587341,0.06762628230121104,0.06209281064533334,0.06762628230121104,74260800
1987-01-29,0.06639610975980759,0.06762630077298966,0.06455241416803562,0.06455241416803562,16394400
1987-01-30,0.06639610975980759,0.06639610975980759,0.06578180971721712,0.06639610975980759,6091200
1987-02-02,0.07254388928413391,0.07254388928413391,0.06578181544304598,0.0663961155391068,35186400
1987-02-03,0.07192959636449814,0.07500348354369382,0.07192959636449814,0.07254389652184777,98074800
1987-02-04,0.0713144838809967,0.07377407032128412,0.07070018386889566,0.07192957935705883,8877600
1987-02-05,0.07192959636449814,0.07192959636449814,0.0707002005856497,0.07131450074299933,8456400
1987-02-06,0.07070019841194153,0.07192959415299166,0.07070019841194153,0.07192959415299166,842400
1987-02-09,0.07254388928413391,0.07315898484426456,0.07070019353188163,0.07070019353188163,85082400
1987-02-10,0.07315899431705475,0.07315899431705475,0.07008510704652739,0.07254389867728014,50220000
1987-02-11,0.07684797793626785,0.07807737376298522,0.07131450351976945,0.07315899499193558,49312800
1987-02-12,0.08422515541315079,0.0848394556458564,0.07807738030061404,0.07807738030061404,129308400
1987-02-13,0.08729902654886246,0.08729902654886246,0.08299574387236432,0.08422513957077848,96292800
1987-02-17,0.08975783735513687,0.09098802878366766,0.08606964946235195,0.0872990454266136,75913200
1987-02-18,0.09221740812063217,0.09344680386322712,0.08914352103208197,0.08975782117131657,105008400
1987-02-19,0.09037290513515472,0.09221739624354991,0.08975780961101525,0.09221739624354991,83332800
1987-02-20,0.08975783735513687,0.09098802878366766,0.08852844139087523,0.09037293306940226,55857600
1987-02-23,0.08668392151594162,0.08914350810868367,0.08668392151594162,0.08914350810868367,25984800
1987-02-24,0.0879141166806221,0.0879141166806221,0.08729902113749412,0.08729902113749412,14450400
1987-02-25,0.08729902654886246,0.0879141221301181,0.08729902654886246,0.0879141221301181,24753600
1987-02-26,0.09098798781633377,0.09283168320046797,0.08729900612024341,0.08729900612024341,25758000
1987-02-27,0.0946761965751648,0.09529129215883544,0.09098800946544164,0.09098800946544164,34246800
1987-03-02,0.09406192600727081,0.09590562240932109,0.09406192600727081,0.0946762263198375,12344400
1987-03-03,0.09652069211006165,0.09652069211006165,0.09283170937388192,0.09406190059536534,15325200
1987-03-04,0.10205336660146713,0.10205336660146713,0.09652068818625027,0.09652068818625027,28414800
1987-03-05,0.10635744035243988,0.10820113610480635,0.10205336235939849,0.10205336235939849,63082800
1987-03-06,0.1032836064696312,0.107586891206413,0.10143911430687386,0.10635749491940076,17852400
1987-03-09,0.09713579714298248,0.10205338064938102,0.09652070147257645,0.10205338064938102,32950800
1987-03-10,0.09713579714298248,0.09897949322577572,0.09713579714298248,0.09713579714298248,31752000
1987-03-11,0.09713579714298248,0.09775009734917608,0.09652070147257645,0.09713579714298248,17463600
1987-03-12,0.09529131650924683,0.09744256067361504,0.09467622076839675,0.09713580826749353,27475200
1987-03-13,0.09406192600727081,0.09590562240932109,0.09375437811881238,0.09529132209675438,28738800
1987-03-16,0.09344679862260818,0.09467619429625701,0.09221740294895936,0.09406189419147315,17236800
1987-03-17,0.09344679862260818,0.09467619429625701,0.09344679862260818,0.09344679862260818,19731600
1987-03-18,0.09897948801517487,0.10020967929122568,0.09590560075338894,0.09590560075338894,25628400
1987-03-19,0.1032836064696312,0.10451300275664342,0.09959462214411652,0.09959462214411652,27054000
1987-03-20,0.10389789193868637,0.10758687573366499,0.10328359161576564,0.10328359161576564,28544400
1987-03-23,0.10266850888729095,0.10451300101938844,0.1020534130217702,0.1038979051538677,15033600
1987-03-24,0.09836514294147491,0.10266842405086138,0.09590555697624875,0.10266842405086138,18630000
1987-03-25,0.1008240133523941,0.10205340957747885,0.09590563298761719,0.0983652209022246,23198400
1987-03-26,0.10697174072265625,0.10697174072265625,0.10082396696149458,0.10082396696149458,24462000
1987-03-27,0.11066072434186935,0.1143497068234278,0.10451295051532551,0.1069717418603109,23992200
1987-03-30,0.1032836064696312,0.10943138336917034,0.09467624153158961,0.10943138336917034,29694600
1987-03-31,0.10820112377405167,0.10820112377405167,0.10205335072925281,0.10328354170939595,19990800
1987-04-01,0.10820112377405167,0.11066071027035874,0.10205335072925281,0.10820112377405167,17123400
1987-04-02,0.11619341373443604,0.1192673009422652,0.10697175211094857,0.10820114790124892,59761800
1987-04-03,0.12418566644191742,0.1266452532267106,0.11557910135532251,0.11619340145346642,88014600
1987-04-06,0.12910404801368713,0.13771140879544969,0.11926729153855677,0.12418566977612196,30731400
1987-04-07,0.12172690033912659,0.1340224504181207,0.11803791712973342,0.1291040712936756,17965800
1987-04-08,0.11680854111909866,0.1204975249571023,0.11680854111909865,0.1204975249571023,187628400
1987-04-09,0.1180378869175911,0.1204974735823939,0.11680849131720655,0.11680849131720655,65302200
1987-04-10,0.1180378869175911,0.1204974735823939,0.115579095716822,0.11803788691759111,35818200
1987-04-13,0.11189012974500656,0.11803790410619815,0.11189012974500656,0.11803790410619815,26163000
1987-04-14,0.10451298952102661,0.11311955790464684,0.09959460953136766,0.1118901617733264,36952200
1987-04-15,0.11434974521398544,0.11557914129922241,0.10820117385910583,0.10820117385910583,64119600
1987-04-16,0.11680854111909866,0.11926733336818585,0.11557914499455506,0.11557914499455506,30342600
1987-04-20,0.11926726996898651,0.1217268563749981,0.11680847902692494,0.11680847902692494,7759800
1987-04-21,0.12049749493598938,0.12049749493598938,0.11311952909815098,0.11926730365356654,37535400
1987-04-22,0.12049749493598938,0.12295628657248574,0.11926730365356654,0.12049749493598938,24283800
1987-04-23,0.11926726996898651,0.1217268563749981,0.11926726996898651,0.1204974609039673,31752000
1987-04-24,0.1180378869175911,0.12172686918277846,0.11680849131720655,0.11926728251797565,5475600
1987-04-27,0.11066072434186935,0.11803789384090588,0.11066072434186935,0.11803789384090588,24267600
1987-04-28,0.11680854111909866,0.11680854111909865,0.11189016115655143,0.11189016115655143,14985000
1987-04-29,0.12049749493598938,0.12418568239073391,0.11680851201707018,0.11680851201707018,24931800
1987-04-30,0.11557915061712265,0.12049753081893384,0.11434975443277273,0.12049753081893384,18808200
1987-05-01,0.11311950534582138,0.11557909193003937,0.10943131866550584,0.11557909193003937,9039600
1987-05-04,0.11434974521398544,0.11557914129922241,0.11189015757916411,0.11311955366440107,4017600
1987-05-05,0.1180378869175911,0.11926728251797565,0.115579095716822,0.115579095716822,7144200
1987-05-06,0.11680854111909866,0.11926733336818585,0.11557914499455506,0.11803793724364225,16848000
1987-05-07,0.12172690033912659,0.12172690033912659,0.11434972938457756,0.11680852121468147,32545800
1987-05-08,0.12910404801368713,0.12910404801368713,0.12049748269601847,0.1217268783893863,69368400
1987-05-11,0.13279300928115845,0.13709629125050052,0.12910402732802728,0.12910402732802728,49361400
1987-05-12,0.13279300928115845,0.13525180027393494,0.12910402732802728,0.13279300928115845,14936400
1987-05-13,0.13402241468429565,0.1352518102715591,0.13156282804574354,0.1327930190970322,8845200
1987-05-14,0.13771142065525055,0.14508859091487827,0.1340224377933555,0.1340224377933555,50835600
1987-05-15,0.13648122549057007,0.14139960401111903,0.13525182972646774,0.13771141671881204,42638400
1987-05-18,0.12541504204273224,0.13771138307181136,0.11926726926016533,0.13648119214414176,53492400
1987-05-19,0.11557915061712265,0.13094859158252542,0.11557915061712265,0.1254151155563335,25774200
1987-05-20,0.1180378869175911,0.1204974735823939,0.10943132225086553,0.115579095716822,36676800
1987-05-21,0.1180378869175911,0.12172686918277846,0.11803788691759111,0.11803788691759111,10708200
1987-05-22,0.1180378869175911,0.11926728251797565,0.11803788691759111,0.11803788691759111,10303200
1987-05-26,0.12049749493598938,0.12172689075423757,0.11926730365356654,0.11926730365356654,9703800
1987-05-27,0.12295635044574738,0.1254151433595354,0.12172695398885336,0.12172695398885336,12733200
1987-05-28,0.1266452670097351,0.12787466280389273,0.12172688836894552,0.12295628416310314,16767000
1987-05-29,0.13402241468429565,0.1352518102715591,0.1278746412839532,0.1278746412839532,28026000
1987-06-01,0.13402241468429565,0.1352518102715591,0.1327930190970322,0.13402241468429565,20023200
1987-06-02,0.12787465751171112,0.13525182743550665,0.1266452617684329,0.1340224316922284,11064600
1987-06-03,0.12910404801368713,0.1315628394004228,0.1278746523203193,0.1278746523203193,13705200
1987-06-04,0.1303335428237915,0.1303335428237915,0.12787474956717984,0.1291041461954857,11923200
1987-06-05,0.1266452670097351,0.13033345439220798,0.1254150757514184,0.13033345439220798,6706800
1987-06-08,0.12172690033912659,0.12664527946357168,0.12049750442407463,0.12664527946357168,36336600
1987-06-09,0.12295635044574738,0.12664533528101732,0.12172695398885336,0.12172695398885336,36369000
1987-06-10,0.12787465751171112,0.1340224316922284,0.12541507056102852,0.12541507056102852,126862200
1987-06-11,0.1180378869175911,0.12787464264873494,0.11803788691759111,0.12787464264873494,29970000
1987-06-12,0.11311950534582138,0.12049746963446771,0.11066071422561102,0.11803788305024972,40905000
1987-06-15,0.11066072434186935,0.11311951568685474,0.10943132866937666,0.11311951568685474,51856200
1987-06-16,0.12172690033912659,0.12172690033912659,0.11066074617518441,0.11066074617518441,25531200
1987-06-17,0.12295635044574738,0.12664533528101732,0.11926736561047743,0.12172695398885336,19342800
1987-06-18,0.11926726996898651,0.12295625184602887,0.11926726996898651,0.12295625184602887,10432800
1987-06-19,0.12049749493598938,0.12049749493598938,0.11803790783531837,0.11926730365356654,20039400
1987-06-22,0.11557915061712265,0.12172692700328376,0.11557915061712265,0.12049753081893384,25741800
1987-06-23,0.11189012974500656,0.11680850832678974,0.11066073396559814,0.11557911254738132,34149600
1987-06-24,0.11680854111909866,0.11803793724364225,0.11189016115655143,0.11189016115655143,6787800
1987-06-25,0.11557915061712265,0.11680854680147255,0.11434975443277273,0.11680854680147255,5508000
1987-06-26,0.10820112377405167,0.11557908779899367,0.10697172825788774,0.11557908779899367,33825600
1987-06-29,0.10574232786893845,0.11066070517092623,0.10082395056695066,0.10820111878796106,43675200
1987-06-30,0.10943135619163513,0.10943135619163513,0.10082399339125239,0.10574237278228818,42735600
1987-07-01,0.10881626605987549,0.1118901539041811,0.10697177426042787,0.10943136181446514,16378200
1987-07-02,0.11066072434186935,0.11189012001436205,0.1069717418603109,0.10881623310109012,19877400
1987-07-06,0.1032836064696312,0.11189017594319481,0.10082401843112875,0.11066077965618257,19909800
1987-07-07,0.10574232786893845,0.10758681879017667,0.10205334602646196,0.10328353694991582,50365800
1987-07-08,0.10635744035243988,0.10820113610480635,0.10574234479227115,0.10574234479227115,19715400
1987-07-09,0.10574232786893845,0.10820111878796106,0.10574232786893845,0.10635742333066538,63163800
1987-07-10,0.10205336660146713,0.10635744477341684,0.10205336660146713,0.10574234918768033,42687000
1987-07-13,0.1032836064696312,0.10574239904365566,0.09836522585710429,0.10205341471814099,78359400
1987-07-14,0.11557915061712265,0.11803794298582247,0.10205340619603898,0.10328359784480044,65464200
1987-07-15,0.11680854111909866,0.11680854111909865,0.11434974887001147,0.11557914499455506,19164600
1987-07-16,0.11557915061712265,0.11803794298582247,0.11434975443277273,0.11680854680147255,16183800
1987-07-17,0.11311950534582138,0.11680848749014454,0.11066071422561102,0.11557909193003937,20719800
1987-07-20,0.10697174072265625,0.11189011882439996,0.10697174072265625,0.11189011882439996,16621200
1987-07-21,0.10451298952102661,0.1118901617733264,0.10451298952102661,0.10697178178366747,15730200
1987-07-22,0.10574232786893845,0.10697172332844976,0.10328353694991582,0.10451293240942713,40743000
1987-07-23,0.1008240133523941,0.10574239371717102,0.0983652209022246,0.10574239371717102,25255800
1987-07-24,0.10451298952102661,0.10574238565234703,0.1008240056626881,0.1008240056626881,9898200
1987-07-27,0.10205336660146713,0.10451295348031024,0.09959457518672696,0.10451295348031024,6561000
1987-07-28,0.1032836064696312,0.10451300275664342,0.10205341471814099,0.10205341471814099,4552200
1987-07-29,0.10205336660146713,0.10328355777294015,0.10082397089409705,0.10328355777294015,34716600
1987-07-30,0.10451298952102661,0.10451298952102661,0.10205340179400851,0.10205340179400851,7824600
1987-07-31,0.11189012974500656,0.11311952552441497,0.10451295960440656,0.10451295960440656,20768400
1987-08-03,0.10943135619163513,0.11189014815501283,0.10943135619163513,0.11189014815501283,10400400
1987-08-04,0.11434974521398544,0.11557914129922241,0.1094313654086902,0.1094313654086902,15665400
1987-08-05,0.11557915061712265,0.11680854680147255,0.11434975443277273,0.11434975443277273,16313400
1987-08-06,0.12357136607170105,0.12664525294787024,0.11557910110084697,0.11557910110084697,45943200
1987-08-07,0.12418566644191742,0.1291040445474313,0.12049747946083639,0.12357136634377351,66177000
1987-08-10,0.12295635044574738,0.1254151433595354,0.12049755753195934,0.12418574690264138,30261600
1987-08-11,0.12787465751171112,0.13033344899826757,0.12172688333119383,0.12295627907447206,57704400
1987-08-12,0.12725956737995148,0.130333454602382,0.1266452672139616,0.12787466301010172,13899600
1987-08-13,0.12787465751171112,0.13033344899826757,0.1266452617684329,0.12725956190800894,26244000
1987-08-14,0.12787465751171112,0.12910405325498936,0.1260301661647307,0.12787465751171112,8424000
1987-08-17,0.1266452670097351,0.12910405859805035,0.1254150757514184,0.12787466280389273,10108800
1987-08-18,0.11926726996898651,0.12787462919410203,0.11803787449795572,0.12664523372307124,19132200
1987-08-19,0.11926726996898651,0.1198823654364769,0.11434968808486336,0.11926726996898651,29014200
1987-08-20,0.12418566644191742,0.1266452532267106,0.1180378926760432,0.11926728833640354,28155600
1987-08-21,0.12787465751171112,0.12910405325498936,0.12418567481775028,0.12418567481775028,20590200
1987-08-24,0.12234123796224594,0.1278747144678288,0.12234123796224594,0.1278747144678288,9833400
1987-08-25,0.12295635044574738,0.1254151433595354,0.12172695398885336,0.12234125448500642,22226400
1987-08-26,0.12172690033912659,0.12295629625417853,0.12049750442407463,0.12295629625417853,23376600
1987-08-27,0.12172690033912659,0.12295629625417853,0.11803791712973342,0.12172690033912659,18127800
1987-08-28,0.12541504204273224,0.12541504204273224,0.11926726926016533,0.12172685565155926,24899400
1987-08-31,0.13156282901763916,0.13156282901763916,0.1254150555718812,0.1254150555718812,23101200
1987-09-01,0.13279300928115845,0.13525180027393494,0.12910402732802728,0.13156281832080377,47887200
1987-09-02,0.1303335428237915,0.13279313154510197,0.1303335428237915,0.13279313154510197,42168600
1987-09-03,0.12418566644191742,0.13156283586815198,0.12295627078155708,0.13033344020779164,14369400
1987-09-04,0.12541504204273224,0.12664523297040184,0.12541504204273224,0.12541504204273224,4001400
1987-09-08,0.11680854111909866,0.12664530104419314,0.11434974887001147,0.12541510945527667,21870000
1987-09-09,0.12480078637599945,0.12480078637599945,0.11680851982676946,0.11680851982676946,16378200
1987-09-10,0.1266452670097351,0.13033345439220798,0.1266452670097351,0.1266452670097351,25255800
1987-09-11,0.13279300928115845,0.1340224047775467,0.12787463183163902,0.12787463183163902,15519600
1987-09-14,0.13156282901763916,0.13894079352377361,0.13156282901763916,0.13279302007801563,22404600
1987-09-15,0.1303335428237915,0.13279313154510197,0.12787474956717984,0.13156293945209732,22226400
1987-09-16,0.13525183498859406,0.13648123080052743,0.13279304336472733,0.13279304336472733,44566200
1987-09-17,0.1413995921611786,0.14262898782225186,0.13402242273066592,0.1352518183917392,38523600
1987-09-18,0.1426289677619934,0.14508855420228084,0.14017017678566707,0.14139957227383024,20493000
1987-09-21,0.13771142065525055,0.14262900385222746,0.13771142065525055,0.14262900385222746,28755000
1987-09-22,0.1413995921611786,0.14262898782225186,0.13771140517795874,0.13771140517795874,13203000
1987-09-23,0.1463179886341095,0.14754738444948587,0.14139960990843115,0.14139960990843115,31881600
1987-09-24,0.14816245436668396,0.14877675443563673,0.145088567629816,0.14631796323175625,12231000
1987-09-25,0.1524657905101776,0.1524657905101776,0.14754741090270165,0.14816250665275443,46267200
1987-09-28,0.15615469217300415,0.15861348295485853,0.1518506151089117,0.1524657105363244,52552800
1987-09-29,0.15615469217300415,0.16845023701007242,0.15615469217300415,0.15615469217300415,79299000
1987-09-30,0.15984289348125458,0.16476127097458101,0.1561547069592399,0.1561547069592399,50203800
1987-10-01,0.16353189945220947,0.16476129513986124,0.15861352123751224,0.159842916925164,51208200
1987-10-02,0.17705683410167694,0.17828622972792807,0.16476128691106467,0.16476128691106467,109900800
1987-10-05,0.18320460617542267,0.18689358848758858,0.17951641932730059,0.17951641932730059,93555000
1987-10-06,0.16722092032432556,0.18320465885717566,0.16599072889049107,0.18320465885717566,61300800
1987-10-07,0.1641470342874527,0.16722092197381502,0.15984295515512112,0.16722092197381502,52066800
1987-10-08,0.1659906953573227,0.17213846942744163,0.16353190391491987,0.16414699950757652,76221000
1987-10-09,0.16353189945220947,0.16722088197925492,0.16107231261281577,0.165990690827513,35105400
1987-10-12,0.15984289348125458,0.1635318754672428,0.15492451598792817,0.1635318754672428,26487000
1987-10-13,0.15492454171180725,0.16107231573325656,0.151236354577401,0.15984292002178782,47206800
1987-10-14,0.16107231378555298,0.16107231378555298,0.1549245398384432,0.1549245398384432,27556200
1987-10-15,0.16107231378555298,0.1623025049462517,0.1579984268119981,0.16107231378555298,22874400
1987-10-16,0.1487767994403839,0.16107235010724041,0.14508861151889216,0.16107235010724041,52147800
1987-10-19,0.12787465751171112,0.14631798005326302,0.12418567481775028,0.14631798005326302,135772200
1987-10-20,0.11926726996898651,0.12787462919410203,0.11557908355589415,0.12787462919410203,65610000
1987-10-21,0.13525183498859406,0.14017021370049812,0.1192673030409485,0.1192673030409485,101881800
1987-10-22,0.1180378869175911,0.13525181171507594,0.115579095716822,0.13525181171507594,55809000
1987-10-23,0.10451298952102661,0.11557914563166492,0.10451298952102661,0.11557914563166492,57218400
1987-10-26,0.08238066732883453,0.10328358088881387,0.0750034959694281,0.10328358088881387,48632400
1987-10-27,0.08606962114572525,0.09590558108808854,0.08115124344253989,0.08238063900233436,113140800
1987-10-28,0.09344679862260818,0.09467619429625701,0.07500347712563253,0.08606962911663414,68947200
1987-10-29,0.11680854111909866,0.12172692108164589,0.09344683289527893,0.09344683289527893,144374400
1987-10-30,0.12295635044574738,0.1327931130300753,0.12295635044574738,0.12295635044574738,65302200
1987-11-02,0.12418566644191742,0.1266452532267106,0.11311951457052931,0.12295627078155708,29111400
1987-11-03,0.11680854111909866,0.11926733336818585,0.11066076503200782,0.11926733336818585,77193000
1987-11-04,0.11680854111909866,0.12295631720618949,0.10943136890746423,0.11680854111909865,44274600
1987-11-05,0.1180378869175911,0.1204974735823939,0.115579095716822,0.11680849131720655,23878800
1987-11-06,0.10943135619163513,0.11803792352773747,0.10820116474566588,0.11803792352773747,21286800
1987-11-09,0.10820112377405167,0.11004561478028717,0.10205335072925281,0.1094313147541948,45716400
1987-11-10,0.10451298952102661,0.10943136951068555,0.10205340179400851,0.10820117791498789,29743200
1987-11-11,0.10943135619163513,0.11311954413670167,0.10697176876397703,0.10697176876397703,10044000
1987-11-12,0.11311950534582138,0.11680848749014454,0.11311950534582138,0.11311950534582138,39236400
1987-11-13,0.11311950534582138,0.11557909193003937,0.1118901097857162,0.11311950534582138,5832000
1987-11-16,0.11066072434186935,0.11680849816841318,0.11066072434186935,0.11311951568685474,12328200
1987-11-17,0.1008240133523941,0.10943137785686319,0.0983652209022246,0.10943137785686319,26989200
1987-11-18,0.10451298952102661,0.10758687758151629,0.09836521340004722,0.1008240056626881,46170000
1987-11-19,0.1008240133523941,0.10943137785686319,0.1008240133523941,0.10451299749208627,30682800
1987-11-20,0.1008240133523941,0.10205340957747885,0.09590563298761719,0.1008240133523941,29581200
1987-11-23,0.0995945930480957,0.10082398897594658,0.09713580119239396,0.10082398897594658,21189600
1987-11-24,0.10820112377405167,0.11066071027035874,0.10082395521308887,0.10082395521308887,37454400
1987-11-25,0.11066072434186935,0.11066072434186935,0.1057423461878182,0.1082011375328036,13057200
1987-11-27,0.11680854111909866,0.11803793724364225,0.1112750653620932,0.1112750653620932,28058400
1987-11-30,0.10697174072265625,0.11066072316498202,0.09590558885975085,0.11066072316498202,43059600
1987-12-01,0.10574232786893845,0.11189010063043754,0.10574232786893845,0.10697172332844976,24575400
1987-12-02,0.10389789193868637,0.10697177994638069,0.10205340004119705,0.10574238383617568,11696400
1987-12-03,0.1008240133523941,0.10697178994225577,0.09959461712730935,0.10389790164732494,27653400
1987-12-04,0.0995945930480957,0.10082398897594658,0.09467621387244662,0.10082398897594658,59259600
1987-12-07,0.10205336660146713,0.10328355777294015,0.09959457518672696,0.09959457518672696,13915800
1987-12-08,0.11557915061712265,0.11557915061712265,0.10082401001168907,0.10205340619603898,30504600
1987-12-09,0.12172690033912659,0.12541508808428245,0.11066074617518441,0.11557912529962952,35364600
1987-12-10,0.12418566644191742,0.13033344020779164,0.11557910135532251,0.12172687512119673,48016800
1987-12-11,0.12725956737995148,0.12787466301010172,0.12295628436138084,0.12418568015752098,30650400
1987-12-14,0.13648122549057007,0.13894081248291437,0.12787465967771414,0.12787465967771414,36239400
1987-12-15,0.1413995921611786,0.1413995921611786,0.1364812140528125,0.1364812140528125,58012200
1987-12-16,0.14385919272899628,0.14385919272899628,0.13894081414945336,0.14139960570715024,25903800
1987-12-17,0.14017021656036377,0.14385919953560006,0.13586693339871264,0.14385919953560006,30115800
1987-12-18,0.1475473791360855,0.1500069661424377,0.13894081327421326,0.14017020904531727,34506000
1987-12-21,0.1426289677619934,0.15492451357154724,0.13771138580934075,0.14754734517860715,29330100
1987-12-22,0.1524657905101776,0.15738417011765357,0.13525185961616945,0.1426290312952257,34919100
1987-12-23,0.15492454171180725,0.15738412859885031,0.15000695886593227,0.15246575028886974,21659400
1987-12-24,0.1524657905101776,0.15492458258175787,0.14754741090270165,0.15492458258175787,5880600
1987-12-28,0.1475473791360855,0.1475473791360855,0.1426290005875253,0.1475473791360855,20460600
1987-12-29,0.1426289677619934,0.14754734517860715,0.13771138580934075,0.14754734517860715,33396300
1987-12-30,0.1426289677619934,0.15000693161889458,0.14017017678566707,0.1426289677619934,26649000
1987-12-31,0.1426289677619934,0.1426289677619934,0.13771138580934075,0.1426289677619934,8934300
1988-01-04,0.1500069797039032,0.15246577146839968,0.14262901348198162,0.14262901348198162,58190400
1988-01-05,0.1475473791360855,0.16476130632397418,0.1450885875938775,0.1500069661424377,80052300
1988-01-06,0.1487767994403839,0.152465782826151,0.14262902410695566,0.14754740346655332,38029500
1988-01-07,0.1524657905101776,0.1524657905101776,0.1426290312952257,0.1487768069384918,28139400
1988-01-08,0.13279300928115845,0.15246572361526967,0.12910402732802728,0.15246572361526967,68007600
1988-01-11,0.13771142065525055,0.140170212253739,0.12541507627032114,0.13279304199411127,75394800
1988-01-12,0.1303335428237915,0.14017030677963574,0.1180379856113356,0.13771151352302408,61527600
1988-01-13,0.1303335428237915,0.13279313154510197,0.12295636758925772,0.1303335428237915,10254600
1988-01-14,0.12541504204273224,0.13525179668041742,0.12541504204273224,0.13033341936157483,10829700
1988-01-15,0.12541504204273224,0.13771138307181136,0.12295625111528359,0.12541504204273224,46226700
1988-01-18,0.12541504204273224,0.12787462843412617,0.12295625111528359,0.12541504204273224,11210400
1988-01-19,0.12295635044574738,0.1254151433595354,0.12049755753195934,0.1254151433595354,10376100
1988-01-20,0.11557915061712265,0.12172692700328376,0.11189016659966136,0.12172692700328376,29297700
1988-01-21,0.12049749493598938,0.1254150782089821,0.11311952909815098,0.11557911619882201,38653200
1988-01-22,0.1266452670097351,0.13033345439220798,0.1204974925747879,0.1204974925747879,38815200
1988-01-25,0.13156282901763916,0.13279302007801563,0.1254150555718812,0.12664524663225765,19350900
1988-01-26,0.12787465751171112,0.13033344899826757,0.12787465751171112,0.13033344899826757,9501300
1988-01-27,0.1303335428237915,0.13279313154510197,0.12787474956717984,0.12787474956717984,21821400
1988-01-28,0.13771142065525055,0.140170212253739,0.13033345493146042,0.13033345493146042,31954500
1988-01-29,0.13771142065525055,0.140170212253739,0.12541507627032114,0.13771142065525055,47206800
1988-02-01,0.13279300928115845,0.14262896871623085,0.13279300928115845,0.13771138673067784,40338000
1988-02-02,0.1303335428237915,0.1352519248017136,0.12787474956717984,0.13279313154510197,11259000
1988-02-03,0.12049749493598938,0.13033345694614948,0.11803790783531837,0.13033345694614948,17309700
1988-02-04,0.12295635044574738,0.1254151433595354,0.11803796915358342,0.12049755753195934,29338200
1988-02-05,0.12418566644191742,0.12787464888707095,0.12295627078155708,0.12295627078155708,12530700
1988-02-08,0.12295635044574738,0.12787473173791133,0.12049755753195934,0.12418574690264138,7865100
1988-02-09,0.12787465751171112,0.13033344899826757,0.12295627907447206,0.12295627907447206,17617500
1988-02-10,0.13402241468429565,0.13648120585882256,0.1278746412839532,0.1278746412839532,12060900
1988-02-11,0.13771142065525055,0.13771142065525055,0.13279304199411127,0.1340224377933555,20233800
1988-02-12,0.14017021656036377,0.14508859537261656,0.13525183774811098,0.13771142488633079,33995700
1988-02-16,0.1426289677619934,0.14754734517860715,0.13771138580934075,0.14017017678566707,21116700
1988-02-17,0.14508861303329468,0.14877680099328291,0.14262902559568555,0.14262902559568555,59324400
1988-02-18,0.14508861303329468,0.1500069924442293,0.14262902559568555,0.14508861303329468,28042200
1988-02-19,0.1475473791360855,0.1475473791360855,0.1426290005875253,0.1450885875938775,13964400
1988-02-22,0.1475473791360855,0.1500069661424377,0.1450885875938775,0.1475473791360855,25587900
1988-02-23,0.1426289677619934,0.15000693161889458,0.14017017678566707,0.14754734517860715,15422400
1988-02-24,0.1524657905101776,0.15369518654596775,0.1426290312952257,0.1426290312952257,47636100
1988-02-25,0.1524657905101776,0.15984296218923383,0.15000699843859733,0.1524657905101776,49985100
1988-02-26,0.1524657905101776,0.15492458258175787,0.15000699843859733,0.1524657905101776,26559900
1988-02-29,0.1487767994403839,0.152465782826151,0.14754740346655332,0.152465782826151,18743400
1988-03-01,0.1463179886341095,0.15000697154441145,0.1450885928187331,0.14877678026486224,20379600
1988-03-02,0.1475473791360855,0.1500069661424377,0.1450885875938775,0.1463179833649815,7784100
1988-03-03,0.1475473791360855,0.1500069661424377,0.1475473791360855,0.1475473791360855,12960000
1988-03-04,0.1475473791360855,0.1500069661424377,0.1450885875938775,0.1475473791360855,44007300
1988-03-07,0.1524657905101776,0.15984296218923383,0.14754741090270165,0.14754741090270165,39827700
1988-03-08,0.15984289348125458,0.16230247995990454,0.1524657249732517,0.1524657249732517,39681900
1988-03-09,0.16476133465766907,0.16722092208699185,0.15738416329826263,0.15984295526330447,94186800
1988-03-10,0.15738417208194733,0.1672209314196707,0.1549245845153538,0.1647613438530772,69287400
1988-03-11,0.15615469217300415,0.15984287834578573,0.1524657105363244,0.15738408756393132,24786000
1988-03-14,0.16107231378555298,0.1623025049462517,0.1549245398384432,0.15615473099914193,40410900
1988-03-15,0.16230250895023346,0.16476130040409706,0.1573841305783907,0.1610723177591861,29637900
1988-03-16,0.16230250895023346,0.16230250895023346,0.15984292203225428,0.16230250895023346,16961400
1988-03-17,0.16722092032432556,0.17213850420257323,0.16476133292092915,0.16476133292092915,65196900
1988-03-18,0.1721385270357132,0.17459811476535914,0.16722094250517752,0.16722094250517752,26365500
1988-03-21,0.1696796715259552,0.17213846287476084,0.16476129336426232,0.17213846287476084,18233100
1988-03-22,0.15984289348125458,0.16967964846790745,0.15738410246657814,0.16967964846790745,28908900
1988-03-23,0.15738417208194733,0.16230255175080902,0.15246579241308564,0.1598429641842155,44768700
1988-03-24,0.15369515120983124,0.15984292543965917,0.150006963950414,0.15738413393338102,27329400
1988-03-25,0.15492454171180725,0.15492454171180725,0.15000695886593227,0.1536951460003385,13284000
1988-03-28,0.15738417208194733,0.15738417208194733,0.14754741274422395,0.1549245845153538,33177600
1988-03-29,0.15984289348125458,0.16599066648191924,0.15492451598792817,0.15738410246657814,85487400
1988-03-30,0.15492454171180725,0.16230250690883088,0.15246575028886974,0.15984292002178782,57931200
1988-03-31,0.15984289348125458,0.15984289348125458,0.15000693395857523,0.15492451598792817,24826500
1988-04-04,0.15738417208194733,0.1598429641842155,0.1549245845153538,0.1598429641842155,17965800
1988-04-05,0.15738417208194733,0.1598429641842155,0.1549245845153538,0.15738417208194733,8910000
1988-04-06,0.16230250895023346,0.16230250895023346,0.15492454366041153,0.1573841305783907,29095200
1988-04-07,0.15738417208194733,0.16230255175080902,0.1549245845153538,0.16230255175080902,31533300
1988-04-08,0.15492454171180725,0.15984292002178782,0.15492454171180725,0.15738412859885031,10335600
1988-04-11,0.15738417208194733,0.1647613438530772,0.15738417208194733,0.15738417208194733,29581200
1988-04-12,0.16230250895023346,0.16230250895023346,0.1573841305783907,0.1573841305783907,19569600
1988-04-13,0.16722092032432556,0.16722092032432556,0.158613557608847,0.16230254098180533,46672200
1988-04-14,0.15492454171180725,0.1647612983317684,0.15492454171180725,0.1647612983317684,37754100
1988-04-15,0.15492454171180725,0.15492454171180725,0.14754737197888917,0.15492454171180725,34611300
1988-04-18,0.15492454171180725,0.15738412859885031,0.15246575028886974,0.15492454171180725,10999800
1988-04-19,0.15492454171180725,0.15984292002178782,0.15246575028886974,0.15492454171180725,13049100
1988-04-20,0.1524657905101776,0.15492458258175787,0.15000699843859733,0.15492458258175787,6293700
1988-04-21,0.1475473791360855,0.15246575768464574,0.1450885875938775,0.15246575768464574,27507600
1988-04-22,0.1500069797039032,0.1500069797039032,0.14754739247519064,0.14754739247519064,7038900
1988-04-25,0.1524657905101776,0.15492458258175787,0.14754741090270165,0.15000699843859733,15932700
1988-04-26,0.15738417208194733,0.15738417208194733,0.15246579241308564,0.15246579241308564,12425400
1988-04-27,0.15492454171180725,0.15738412859885031,0.15492454171180725,0.15738412859885031,23238900
1988-04-28,0.15984289348125458,0.15984289348125458,0.15492451598792817,0.15492451598792817,15705900
1988-04-29,0.16476133465766907,0.16476133465766907,0.15738416329826263,0.15984295526330447,39568500
1988-05-02,0.16230250895023346,0.16476130040409706,0.1573841305783907,0.16476130040409706,20160900
1988-05-03,0.16722092032432556,0.16722092032432556,0.16230254098180533,0.16230254098180533,25660800
1988-05-04,0.1721385270357132,0.17705690703062696,0.1647613547755316,0.16722094250517752,76180500
1988-05-05,0.1696796715259552,0.17213846287476084,0.16722088017714956,0.17213846287476084,24113700
1988-05-06,0.1721385270357132,0.1721385270357132,0.16722094250517752,0.16967973477044537,14126400
1988-05-09,0.16722092032432556,0.17213850420257323,0.16476133292092915,0.17213850420257323,21440700
1988-05-10,0.15984289348125458,0.16722085745323098,0.15738410246657814,0.16722085745323098,30561300
1988-05-11,0.15492454171180725,0.15984292002178782,0.15246575028886974,0.15984292002178782,17730900
1988-05-12,0.15492454171180725,0.15738412859885031,0.15246575028886974,0.15492454171180725,15236100
1988-05-13,0.16230250895023346,0.16476130040409706,0.1573841305783907,0.1573841305783907,28414800
1988-05-16,0.16476133465766907,0.16722092208699185,0.16230254269262726,0.16230254269262726,26033400
1988-05-17,0.16476133465766907,0.1721385060170755,0.16476133465766907,0.16476133465766907,23627700
1988-05-18,0.15738417208194733,0.1672209314196707,0.15246579241308564,0.1647613438530772,20695500
1988-05-19,0.15738417208194733,0.15738417208194733,0.15000700031081746,0.15738417208194733,14531400
1988-05-20,0.15492454171180725,0.15984292002178782,0.15246575028886974,0.15738412859885031,9169200
1988-05-23,0.15369515120983124,0.15984292543965917,0.150006963950414,0.1549245469629703,13186800
1988-05-24,0.15369515120983124,0.15738413393338102,0.15246575545669214,0.15369515120983124,12660300
1988-05-25,0.15738417208194733,0.15738417208194733,0.15246579241308564,0.15369518846421973,9493200
1988-05-26,0.15492454171180725,0.15738412859885031,0.15246575028886974,0.15738412859885031,16831800
1988-05-27,0.15492454171180725,0.15738412859885031,0.15246575028886974,0.15492454171180725,15527700
1988-05-31,0.16476133465766907,0.16476133465766907,0.15492457586893985,0.15492457586893985,27896400
1988-06-01,0.16845031082630157,0.16967970675595956,0.16476132757308082,0.16476132757308082,62823600
1988-06-02,0.1696796715259552,0.17459804968764805,0.16476129336426232,0.16845027585155237,34603200
1988-06-03,0.17459805309772491,0.17705684449455322,0.16967967483997112,0.16967967483997112,40491900
1988-06-06,0.17459805309772491,0.17951643135547868,0.17213846623679946,0.17459805309772491,22785300
1988-06-07,0.1795164942741394,0.18443407879135817,0.17459811429254468,0.17459811429254468,40556700
1988-06-08,0.18074581027030945,0.18197520585456514,0.17705682805351908,0.17951641468605375,44801100
1988-06-09,0.1893523931503296,0.19181198002091193,0.17459805378323648,0.18074582776354198,36207000
1988-06-10,0.18197523057460785,0.19181198751295356,0.1795164390720871,0.18935240054630148,45489600
1988-06-13,0.18689359724521637,0.18935238859251402,0.18074582341289117,0.18197521908653996,37146600
1988-06-14,0.1893523931503296,0.19427077142739402,0.18689360174384748,0.18689360174384748,78983100
1988-06-15,0.18443402647972107,0.1893524050662997,0.18197523491850692,0.1893524050662997,35105400
1988-06-16,0.18320460617542267,0.18689358848758858,0.17951641932730059,0.18443400179146335,24826500
1988-06-17,0.1795164942741394,0.18443407879135817,0.1795164942741394,0.18320468266205348,36409500
1988-06-20,0.18197523057460785,0.18197523057460785,0.17705685210543498,0.1795164390720871,29556900
1988-06-21,0.18197523057460785,0.18197523057460785,0.1795164390720871,0.18197523057460785,19278000
1988-06-22,0.18443402647972107,0.18689361350508554,0.18197523491850692,0.18197523491850692,22615200
1988-06-23,0.18443402647972107,0.18689361350508554,0.18197523491850692,0.18443402647972107,5540400
1988-06-24,0.18443402647972107,0.18689361350508554,0.18443402647972107,0.18443402647972107,11145600
1988-06-27,0.18689359724521637,0.19181197540389278,0.18443401043383761,0.18443401043383761,23514300
1988-06-28,0.1930413842201233,0.19427077997747144,0.18689360996924728,0.18689360996924728,24486300
1988-06-29,0.19795973598957062,0.20410752128310966,0.19181196256862898,0.19304135816001172,122901300
1988-06-30,0.1942707896232605,0.19918916836099204,0.1918119979864821,0.19795977254260283,32537700
1988-07-01,0.19673028588294983,0.19918907638436853,0.19427069991772367,0.19427069991772367,19197000
1988-07-05,0.20410753786563873,0.2065663055029697,0.19427076953474437,0.1967303563813646,55930500
1988-07-06,0.20410753786563873,0.20902590422218834,0.20410753786563873,0.20410753786563873,46583100
1988-07-07,0.21886184811592102,0.21886184811592102,0.20164793432973013,0.20410753299019724,43472700
1988-07-08,0.20902597904205322,0.21886193168439122,0.20902597904205322,0.21886193168439122,35721000
1988-07-11,0.20410753786563873,0.21148469560471608,0.19918914776389235,0.20902590422218834,31727700
1988-07-12,0.20041853189468384,0.20656630582467006,0.19918914807410376,0.2041075381835099,25247700
1988-07-13,0.20410753786563873,0.2065663055029697,0.19918914776389235,0.20041853158255782,20420100
1988-07-14,0.20410753786563873,0.2065663055029697,0.2016479391464201,0.20410753786563873,16378200
1988-07-15,0.1942707896232605,0.2041075589713232,0.1918119979864821,0.2041075589713232,45570600
1988-07-18,0.19673028588294983,0.20164786688578723,0.1893523234510788,0.19427069991772367,57591000
1988-07-19,0.19181203842163086,0.1991892103512937,0.18812305472462823,0.1967304181961869,41585400
1988-07-20,0.1893523931503296,0.19427077142739402,0.18689360174384748,0.19181198002091193,23230800
1988-07-21,0.18443402647972107,0.1893524050662997,0.1770568563319283,0.1893524050662997,46793700
1988-07-22,0.18812304735183716,0.1893524433812089,0.1819752717406672,0.18443406379941066,56367900
1988-07-25,0.18197523057460785,0.18935240054630148,0.18197523057460785,0.1881230047950411,33987600
1988-07-26,0.18689359724521637,0.18935238859251402,0.18074582341289117,0.18197521908653996,30026700
1988-07-27,0.17705683410167694,0.18935238129228918,0.17705683410167694,0.18689359003978692,32805000
1988-07-28,0.18689359724521637,0.18689359724521637,0.17705684092786358,0.17705684092786358,48138300
1988-07-29,0.18689359724521637,0.18935238859251402,0.18443401043383761,0.18689359724521637,29257200
1988-08-01,0.1942707896232605,0.19673037672421365,0.18689361924875053,0.18689361924875053,32367600
1988-08-02,0.1942707896232605,0.19673037672421365,0.1918119979864821,0.1942707896232605,23846400
1988-08-03,0.19673028588294983,0.19918907638436853,0.19181190941630497,0.19427069991772367,19723500
1988-08-04,0.1942707896232605,0.19918916836099204,0.1942707896232605,0.19673037672421365,30593700
1988-08-05,0.1893523931503296,0.1967303582979764,0.1893523931503296,0.19427077142739402,30545100
1988-08-08,0.18812304735183716,0.19181203090426366,0.18443406379941066,0.1893524433812089,30140100
1988-08-09,0.18566419184207916,0.18935237866975102,0.18197520955036786,0.18812298306052708,27329400
1988-08-10,0.17459805309772491,0.18689360101006078,0.17213846623679946,0.18566420531164662,25968600
1988-08-11,0.18074581027030945,0.18443399702307656,0.17705682805351908,0.17705682805351908,21683700
1988-08-12,0.17705683410167694,0.18197521207073192,0.17459804284917466,0.1807458164444808,13705200
1988-08-15,0.16722092032432556,0.1770568835450935,0.16722092032432556,0.1770568835450935,11574900
1988-08-16,0.17705683410167694,0.18197521207073192,0.16476128691106467,0.1672208736276174,32886000
1988-08-17,0.17705683410167694,0.17951642081822966,0.17459804284917466,0.17705683410167694,16467300
1988-08-18,0.18074581027030945,0.18197520585456514,0.17705682805351908,0.17705682805351908,7395300
1988-08-19,0.17705683410167694,0.18197521207073192,0.17705683410167694,0.1807458164444808,10716300
1988-08-22,0.17705683410167694,0.18197521207073192,0.17705683410167694,0.17705683410167694,18314100
1988-08-23,0.1696796715259552,0.1770568410364537,0.16722088017714956,0.1770568410364537,20889900
1988-08-24,0.1795164942741394,0.1795164942741394,0.16967973431094996,0.16967973431094996,40775400
1988-08-25,0.18197523057460785,0.1844340220771286,0.17459806060291422,0.1795164390720871,46996200
1988-08-26,0.19181203842163086,0.19181203842163086,0.179516486717412,0.18197527887251877,17625600
1988-08-29,0.1942707896232605,0.19918916836099204,0.1905826021680929,0.1918119979864821,39414600
1988-08-30,0.19181203842163086,0.19427083057673766,0.1893524508021816,0.19427083057673766,23514300
1988-08-31,0.18197523057460785,0.19181198751295356,0.1795164390720871,0.19181198751295356,27791100
1988-09-01,0.17705683410167694,0.18197521207073192,0.17459804284917466,0.18197521207073192,25053300
1988-09-02,0.18689359724521637,0.18935238859251402,0.17705684092786358,0.17705684092786358,21343500
1988-09-06,0.18443402647972107,0.18689361350508554,0.18197523491850692,0.18689361350508554,20371500
1988-09-07,0.18197523057460785,0.19181198751295356,0.18197523057460785,0.1844340220771286,29054700
1988-09-08,0.18689359724521637,0.18689359724521637,0.18197521908653996,0.18197521908653996,16491600
1988-09-09,0.19673028588294983,0.19918907638436853,0.18443394698443394,0.1868935329496601,33582600
1988-09-12,0.1991891860961914,0.20164797795189315,0.19427080692054233,0.19673039424048966,19836900
1988-09-13,0.19181203842163086,0.1967304181961869,0.1893524508021816,0.1967304181961869,15333300
1988-09-14,0.1991891860961914,0.1991891860961914,0.19181201506484058,0.19181201506484058,37462500
1988-09-15,0.18443402647972107,0.19918916223945693,0.18443402647972107,0.19918916223945693,21602700
1988-09-16,0.18689359724521637,0.18935238859251402,0.18443401043383761,0.18443401043383761,16078500
1988-09-19,0.1795164942741394,0.1868936665143435,0.17705690655115408,0.1868936665143435,18314100
1988-09-20,0.18197523057460785,0.1868936090437807,0.17705685210543498,0.1795164390720871,9711900
1988-09-21,0.19673028588294983,0.19673028588294983,0.1868935329496601,0.1868935329496601,30601800
1988-09-22,0.19673028588294983,0.19918907638436853,0.19427069991772367,0.19673028588294983,28641600
1988-09-23,0.19673028588294983,0.19918907638436853,0.19427069991772367,0.19673028588294983,35040600
1988-09-26,0.18689359724521637,0.19673035356256915,0.18689359724521637,0.19673035356256915,12312000
1988-09-27,0.1893523931503296,0.1893523931503296,0.18443401487326513,0.18689360174384748,5402700
1988-09-28,0.18689359724521637,0.18935238859251402,0.18443401043383761,0.18935238859251402,13122000
1988-09-29,0.1930413842201233,0.19427077997747144,0.18689360996924728,0.18689360996924728,33056100
1988-09-30,0.19795973598957062,0.20041851529973867,0.19181196256862898,0.19304135816001172,40945500
1988-10-03,0.19673028588294983,0.19918907638436853,0.19427069991772367,0.19795968113365917,28617300
1988-10-04,0.19673028588294983,0.19673028588294983,0.19181190941630497,0.19673028588294983,13162500
1988-10-05,0.1893523931503296,0.19550016713063506,0.1893523931503296,0.19550016713063506,16086600
1988-10-06,0.18689359724521637,0.1942707667511904,0.18689359724521637,0.18935238859251402,14418000
1988-10-07,0.18197523057460785,0.19181198751295356,0.17459806060291422,0.1868936090437807,98933400
1988-10-10,0.1795164942741394,0.18443407879135817,0.17705690655115408,0.18197528653274878,29629800
1988-10-11,0.18197523057460785,0.1844340220771286,0.17705685210543498,0.1795164390720871,51807600
1988-10-12,0.17705683410167694,0.1844340033232342,0.17705683410167694,0.18197521207073192,43561800
1988-10-13,0.17828629910945892,0.18197528288786013,0.17705690300477853,0.17705690300477853,50884200
1988-10-14,0.1721385270357132,0.18197528702554072,0.16722094250517752,0.17828630316326088,145605600
1988-10-17,0.17459805309772491,0.17951643135547868,0.16967967483997112,0.17213846623679946,74187900
1988-10-18,0.17459805309772491,0.17705684449455322,0.16845027914155697,0.17459805309772491,25855200
1988-10-19,0.17705683410167694,0.17951642081822966,0.17213845613262194,0.17459804284917466,36393300
1988-10-20,0.1795164942741394,0.18197528653274878,0.17705690655115408,0.17705690655115408,29403000
1988-10-21,0.1721385270357132,0.18197528702554072,0.16722094250517752,0.1795164947602729,40751100
1988-10-24,0.16230250895023346,0.17213847022980341,0.15984292203225428,0.17213847022980341,46931400
1988-10-25,0.16107231378555298,0.16476129633945724,0.1549245398384432,0.1623025049462517,134038800
1988-10-26,0.15738417208194733,0.1647613438530772,0.15738417208194733,0.16107236023534957,100464300
1988-10-27,0.1500069797039032,0.15738415046160872,0.14754739247519064,0.15738415046160872,129219300
1988-10-28,0.1487767994403839,0.15000699087848982,0.14262902410695566,0.15000699087848982,126189900
1988-10-31,0.15492454171180725,0.15738412859885031,0.14754737197888917,0.14877676769035794,64297800
1988-11-01,0.15492454171180725,0.15738412859885031,0.15246575028886974,0.15492454171180725,70008300
1988-11-02,0.1500069797039032,0.15492456323289616,0.14754739247519064,0.15492456323289616,64233000
1988-11-03,0.15738417208194733,0.15738417208194733,0.15000700031081746,0.15000700031081746,40726800
1988-11-04,0.15615469217300415,0.15984287834578573,0.1524657105363244,0.15738408756393132,29775600
1988-11-07,0.15492454171180725,0.15738412859885031,0.15246575028886974,0.15615473288738158,24186600
1988-11-08,0.16230250895023346,0.16476130040409706,0.15492454366041153,0.15492454366041153,40597200
1988-11-09,0.16230250895023346,0.16476130040409706,0.1573841305783907,0.16230250895023346,37025100
1988-11-10,0.16476133465766907,0.16722092208699185,0.16230254269262726,0.16230254269262726,25312500
1988-11-11,0.16230250895023346,0.16476130040409706,0.15984292203225428,0.16476130040409706,47490300
1988-11-14,0.16230250895023346,0.16476130040409706,0.15984292203225428,0.16230250895023346,22177800
1988-11-15,0.16230250895023346,0.16476130040409706,0.16230250895023346,0.16230250895023346,13988700
1988-11-16,0.15984289348125458,0.16476127097458101,0.15861349797391636,0.16230247995990454,25992900
1988-11-17,0.16230250895023346,0.16722088732207624,0.16230250895023346,0.16230250895023346,27305100
1988-11-18,0.16476133465766907,0.16722092208699185,0.16230254269262726,0.16230254269262726,13332600
1988-11-21,0.16230250895023346,0.16599069613102885,0.15984292203225428,0.16476130040409706,28795500
1988-11-22,0.16353189945220947,0.16476129513986124,0.159842916925164,0.1623025037645577,25920000
1988-11-23,0.16476133465766907,0.16722092208699185,0.16230254269262726,0.16353193867514815,25215300
1988-11-25,0.16476133465766907,0.16722092208699185,0.16230254269262726,0.16476133465766907,4997700
1988-11-28,0.16722092032432556,0.17213850420257323,0.16476133292092915,0.16476133292092915,39722400
1988-11-29,0.17459805309772491,0.17459805309772491,0.16722088344314281,0.16722088344314281,29192400
1988-11-30,0.1696796715259552,0.1770568410364537,0.1696796715259552,0.17459804968764805,79550100
1988-12-01,0.1721385270357132,0.17459811476535914,0.16722094250517752,0.16967973477044537,41115600
1988-12-02,0.17705683410167694,0.18197521207073192,0.16967966488011968,0.17213845613262194,77743800
1988-12-05,0.18689359724521637,0.19181197540389278,0.17705684092786358,0.17705684092786358,60021000
1988-12-06,0.18443402647972107,0.1893524050662997,0.18443402647972107,0.18689361350508554,48146400
1988-12-07,0.18689359724521637,0.18935238859251402,0.18443401043383761,0.18443401043383761,33720300
1988-12-08,0.18689359724521637,0.18935238859251402,0.18443401043383761,0.18689359724521637,54140400
1988-12-09,0.18566419184207916,0.18935237866975102,0.18443400076881578,0.1868935874513031,22242600
1988-12-12,0.18197523057460785,0.1868936090437807,0.1795164390720871,0.1856642132925203,26592300
1988-12-13,0.1795164942741394,0.18443407879135817,0.17705690655115408,0.18197528653274878,15778800
1988-12-14,0.17705683410167694,0.18197521207073192,0.17705683410167694,0.17951642081822966,33898500
1988-12-15,0.18197523057460785,0.1844340220771286,0.1795164390720871,0.1795164390720871,14701500
1988-12-16,0.18443402647972107,0.1893524050662997,0.17951644335729278,0.18197523491850692,15835500
1988-12-19,0.18074581027030945,0.1942707526251687,0.17336864130075197,0.18443399702307656,222733800
1988-12-20,0.18320460617542267,0.18689358848758858,0.17951641932730059,0.18074581494334127,122771700
1988-12-21,0.18443402647972107,0.18689361350508554,0.1770568563319283,0.183204630699114,104433300
1988-12-22,0.1893523931503296,0.19181198002091193,0.18689360174384748,0.18689360174384748,90549900
1988-12-23,0.1893523931503296,0.19181198002091193,0.1893523931503296,0.1893523931503296,16848000
1988-12-27,0.18566419184207916,0.19181196535223838,0.18443400076881578,0.18935237866975102,15940800
1988-12-28,0.18197523057460785,0.1868936090437807,0.1795164390720871,0.1856642132925203,15754500
1988-12-29,0.1893523931503296,0.19181198002091193,0.1832046191700241,0.1832046191700241,38053800
1988-12-30,0.19181203842163086,0.19427083057673766,0.1893524508021816,0.1893524508021816,35712900
1989-01-03,0.18689359724521637,0.1942707667511904,0.18443401043383761,0.19181197540389278,54229500
1989-01-04,0.19673028588294983,0.19918907638436853,0.18812292820036944,0.18812292820036944,84264300
1989-01-05,0.20410753786563873,0.2065663055029697,0.1967303563813646,0.1967303563813646,106725600
1989-01-06,0.1991891860961914,0.20410757714444117,0.19673039424048966,0.20410757714444117,49806900
1989-01-09,0.19673028588294983,0.20164786688578723,0.19673028588294983,0.19918907638436853,56853900
1989-01-10,0.1991891860961914,0.20410757714444117,0.1991891860961914,0.1991891860961914,55501200
1989-01-11,0.1991891860961914,0.20164797795189315,0.19427080692054233,0.1991891860961914,44266500
1989-01-12,0.20410753786563873,0.20902590422218834,0.19918914776389235,0.19918914776389235,53735400
1989-01-13,0.2016480267047882,0.20656639519696157,0.2016480267047882,0.20410762649199918,34214400
1989-01-16,0.20410753786563873,0.20410753786563873,0.2016479391464201,0.2016479391464201,25847100
1989-01-17,0.2016480267047882,0.20656639519696157,0.2016480267047882,0.20410762649199918,42695100
1989-01-18,0.20410753786563873,0.2065663055029697,0.2016479391464201,0.2016479391464201,23903100
1989-01-19,0.2114846557378769,0.2114846557378769,0.20410749938946265,0.20410749938946265,64022400
1989-01-20,0.22009214758872986,0.22132153185059486,0.20902597957715952,0.21148477184609488,90396000
1989-01-23,0.21886184811592102,0.22378023810018363,0.21640308053732174,0.2200920629870885,77849100
1989-01-24,0.22378025949001312,0.22378025949001312,0.21394430966319553,0.21886186903563068,56124900
1989-01-25,0.2286987602710724,0.2311575532713268,0.2213215976782995,0.22378039067855393,73418400
1989-01-26,0.2348463386297226,0.2360757459575267,0.22378020047756716,0.22869856588974283,84393900
1989-01-27,0.2360757738351822,0.2409941398281566,0.2336169826344131,0.23484636636220013,89456400
1989-01-30,0.23361708223819733,0.2360758744872845,0.23115748265213468,0.2360758744872845,42354900
1989-01-31,0.23238763213157654,0.2336170160351312,0.2262398577866598,0.2336170160351312,45360000
1989-02-01,0.24099425971508026,0.24345385947605266,0.23115749909046315,0.23238771451206922,53613900
1989-02-02,0.2360757738351822,0.2409941398281566,0.23607577383518222,0.2409941398281566,44971200
1989-02-03,0.23238763213157654,0.2385354064764933,0.23115741714607682,0.23607580758743893,49142700
1989-02-06,0.2286987602710724,0.23361715360880328,0.22378039067855393,0.23238776898128227,38847600
1989-02-07,0.24099425971508026,0.24345385947605266,0.22623993798779088,0.2286987066665236,54480600
1989-02-08,0.2360757738351822,0.24591252956632603,0.2336169826344131,0.2409941398281566,63949500
1989-02-09,0.23361708223819733,0.23853547407334713,0.23115748265213468,0.2360758744872845,28439100
1989-02-10,0.22500967979431152,0.23361705444339473,0.2237802956886376,0.23361705444339473,35907300
1989-02-13,0.22623977065086365,0.23115732811629325,0.2237801727091185,0.22500955613917858,31282200
1989-02-14,0.22378025949001312,0.23115741775801388,0.22132146793119628,0.22623985838557872,19431900
1989-02-15,0.22992806136608124,0.2311574454200075,0.22132149441614796,0.22378028626920182,19764000
1989-02-16,0.2360757738351822,0.23853537237258254,0.23115738409701278,0.23115738409701278,34303500
1989-02-17,0.23115746676921844,0.23607585826642374,0.2286986746890758,0.23607585826642374,34230600
1989-02-21,0.22746922075748444,0.2336169945366557,0.223780238304352,0.23115739587394452,28601100
1989-02-22,0.2213214486837387,0.22869860631017702,0.21640308240228578,0.22746922251028254,40257000
1989-02-23,0.2286987602710724,0.2286987602710724,0.21763261271330203,0.2213215976782995,84329100
1989-02-24,0.22378025949001312,0.2360758082123963,0.22132146793119628,0.22869862619919704,61713900
1989-02-27,0.22378025949001312,0.22623985838557872,0.21886186903563068,0.22378025949001312,22769100
1989-02-28,0.2213214486837387,0.22623983871038805,0.2213214486837387,0.2237802400287241,48348900
1989-03-01,0.22009214758872986,0.22623992372544754,0.21886193224467757,0.22132153185059486,37964700
1989-03-02,0.23115746676921844,0.23361706618628109,0.21886191543986874,0.2200921306894618,50252400
1989-03-03,0.23853541910648346,0.23853541910648346,0.23115742938541667,0.23115742938541667,49693500
1989-03-06,0.2422236055135727,0.2434537968736369,0.238535429698655,0.238535429698655,35923500
1989-03-07,0.24591270089149475,0.24837149380528276,0.23607593830716683,0.2422237160562248,87131700
1989-03-08,0.24591270089149475,0.25083109405626447,0.2422237160562248,0.24591270089149475,57923100
1989-03-09,0.23853541910648346,0.24591257774556116,0.23607582008719807,0.24591257774556116,58603500
1989-03-10,0.23730601370334625,0.24099418939040312,0.2336170306794921,0.23853542142916515,27240300
1989-03-13,0.23853541910648346,0.24099418704377976,0.23607582008719807,0.2373060113926356,13721400
1989-03-14,0.23853541910648346,0.24345378606306517,0.23361702840470205,0.23853541910648346,25863300
1989-03-15,0.23853541910648346,0.24099418704377976,0.23361702840470205,0.23853541910648346,39827700
1989-03-16,0.23853541910648346,0.24099418704377976,0.23607582008719807,0.23853541910648346,40694400
1989-03-17,0.2360757738351822,0.23853537237258254,0.23238759890662605,0.23853537237258254,34886700
1989-03-20,0.22623977065086365,0.23484630948809845,0.22255078927905844,0.23484630948809845,95952600
1989-03-21,0.2286987602710724,0.2311575532713268,0.2250097753060749,0.2262399910160304,43602300
1989-03-22,0.21886184811592102,0.22623983676065076,0.21148469055305913,0.22623983676065076,87585300
1989-03-23,0.21763253211975098,0.22132151571864622,0.21640314794749482,0.21886191629200716,46737000
1989-03-27,0.22378025949001312,0.22500964339682228,0.21640310122201237,0.21763248512882152,29735100
1989-03-28,0.22009214758872986,0.2311574845181129,0.21763254798281256,0.22378032411953022,53176500
1989-03-29,0.2397647649049759,0.2409941486779082,0.2200920600569013,0.2200920600569013,131479200
1989-03-30,0.24837133288383484,0.24837133288383484,0.23853538400947769,0.23976476779723993,48988800
1989-03-31,0.23730601370334625,0.25083097088974926,0.23607582238593,0.2483713718465141,37413900
1989-04-03,0.23730601370334625,0.24099418939040312,0.22869863992981906,0.23730601370334625,72333000
1989-04-04,0.2360757738351822,0.2409941398281566,0.2336169826344131,0.23730596489960046,54407700
1989-04-05,0.2360757738351822,0.23976475610036957,0.2336169826344131,0.23607577383518222,41229000
1989-04-06,0.2360757738351822,0.23853537237258254,0.23115738409701278,0.23607577383518222,38434500
1989-04-07,0.2422236055135727,0.2434537968736369,0.2336170387784723,0.23607583057015102,65367000
1989-04-10,0.24837133288383484,0.24837133288383484,0.24099415158500218,0.24222355911796062,22388400
1989-04-11,0.2594374716281891,0.2631264778007017,0.2459125403740743,0.24837133168290623,69611400
1989-04-12,0.25820809602737427,0.26312648613753786,0.2545191134831769,0.2594374798481437,34481700
1989-04-13,0.2532898187637329,0.2594375954336438,0.25083105002675526,0.258208211065155,36134100
1989-04-14,0.26558518409729004,0.26558518409729004,0.2532896394614154,0.2532896394614154,65277900
1989-04-17,0.260667085647583,0.26558545575289766,0.260667085647583,0.26558545575289766,25506900
1989-04-18,0.26435595750808716,0.26804494127400735,0.26066697374216696,0.26066697374216696,45084600
1989-04-19,0.2705036699771881,0.27542203681649263,0.2631265115140169,0.2643558954533507,63787500
1989-04-20,0.2705036699771881,0.27542203681649263,0.2631265115140169,0.2705036699771881,37017000
1989-04-21,0.28525879979133606,0.2877175675131804,0.2729632515278867,0.2729632515278867,68760900
1989-04-24,0.2791110575199127,0.28525883235340094,0.27788084243664624,0.28525883235340094,64257300
1989-04-25,0.28034043312072754,0.28279922479476055,0.2754220424358749,0.27911104915631085,32181300
1989-04-26,0.272963285446167,0.28034044435549593,0.27050368633677785,0.28034044435549593,47530800
1989-04-27,0.2815697491168976,0.2852587549468428,0.27296320861633155,0.27296320861633155,50592600
1989-04-28,0.28525879979133606,0.28525879979133606,0.2827992009875755,0.2827992009875755,40427100
1989-05-01,0.27788078784942627,0.28279917771548496,0.27788078784942627,0.28279917771548496,24948000
1989-05-02,0.2680448293685913,0.2827991673438031,0.26558523085744185,0.27788077765812674,42022800
1989-05-03,0.260667085647583,0.2705038496034272,0.260667085647583,0.2680450563468156,24980400
1989-05-04,0.2680448293685913,0.2680448293685913,0.2582080737424333,0.26066686491696023,31379400
1989-05-05,0.27542203664779663,0.28034042722928776,0.2680448781891439,0.2680448781891439,44444700
1989-05-08,0.28525879979133606,0.29017716631694096,0.2729632515278867,0.27542201924973103,55323000
1989-05-09,0.2877175509929657,0.29263594098136325,0.28525878341229927,0.28525878341229927,26106300
1989-05-10,0.27788078784942627,0.28771754383634807,0.2655852405978012,0.28771754383634807,89918100
1989-05-11,0.26558518409729004,0.28034032681126597,0.26066681902275846,0.27788072873316466,100780200
1989-05-12,0.272963285446167,0.2754220534735366,0.2680448945642077,0.2680448945642077,60361200
1989-05-15,0.27788078784942627,0.27788078784942627,0.27050363046385995,0.2729632290652154,41002200
1989-05-16,0.27788078784942627,0.28034038645078174,0.2741926128249692,0.27788078784942627,22923000
1989-05-17,0.27542203664779663,0.27788082827015737,0.27296326877063504,0.27788082827015737,15705900
1989-05-18,0.2864881753921509,0.2877175592176271,0.27296324365773394,0.27542201130868643,22639500
1989-05-19,0.295094758272171,0.2975543571511224,0.2852588085117939,0.28648819241029877,69838200
1989-05-22,0.2975543141365051,0.30247268010146444,0.2926359244263509,0.2950947156131147,24129900
1989-05-23,0.2877175509929657,0.29386532477169647,0.28525878341229927,0.29386532477169647,36158400
1989-05-24,0.2827991843223572,0.28771755055812515,0.2803403930002106,0.28771755055812515,26252100
1989-05-25,0.2877175509929657,0.2901771496555006,0.28279918474976434,0.28279918474976434,24875100
1989-05-26,0.2975543141365051,0.300013081578074,0.28771753471619665,0.28771753471619665,37916100
1989-05-30,0.295094758272171,0.3000131249481321,0.290177175187755,0.2975543571511224,17747100
1989-05-31,0.30001315474510193,0.30001315474510193,0.2938653798148476,0.29509478758065416,37527300
1989-06-01,0.3073903024196625,0.30984990126267214,0.29509475396000656,0.30001312056409646,32796900
1989-06-02,0.3123086988925934,0.3147682979708363,0.3073903318181166,0.3073903318181166,46396800
1989-06-05,0.30247271060943604,0.31230865993999546,0.3000131118379658,0.31230865993999546,27945000
1989-06-06,0.2963249087333679,0.3024726822071038,0.2926359264635125,0.3024726822071038,51329700
1989-06-07,0.3061608374118805,0.30984984318921815,0.29755429703404895,0.29755429703404895,34230600
1989-06-08,0.30984997749328613,0.3147683453074138,0.3049315859339546,0.30616097011695304,41318100
1989-06-09,0.3123086988925934,0.3123086988925934,0.30493154007668244,0.3098499308963595,18921600
1989-06-12,0.3123086988925934,0.3123086988925934,0.30493154007668244,0.3123086988925934,18459900
1989-06-13,0.3123086988925934,0.3172270897122704,0.30493154007668244,0.3123086988925934,32740200
1989-06-14,0.3184564411640167,0.31968665611841424,0.3147682658013986,0.3147682658013986,26932500
1989-06-15,0.3123086988925934,0.3196866887905133,0.30493154007668244,0.3184564737103874,41593500
1989-06-16,0.3123086988925934,0.3147682979708363,0.3073903318181166,0.3123086988925934,26576100
1989-06-19,0.30247271060943604,0.31230865993999546,0.2950947453769307,0.31230865993999546,30966300
1989-06-20,0.2975543141365051,0.307390262474992,0.2950947156131147,0.30247268010146444,27807300
1989-06-21,0.30001315474510193,0.3024727538683379,0.29017720400782926,0.2975543867038902,26414100
1989-06-22,0.30001315474510193,0.3024727538683379,0.2975543867038902,0.30001315474510193,24567300
1989-06-23,0.31476834416389465,0.31476834416389465,0.3000131932847077,0.3000131932847077,35356500
1989-06-26,0.31476834416389465,0.3196867357053582,0.30984997636763484,0.31476834416389465,30407400
1989-06-27,0.3246041536331177,0.3270637519923194,0.31230860759202045,0.3147682059512222,40767300
1989-06-28,0.3123086988925934,0.32952263934785836,0.3098499308963595,0.3246042485281813,125558100
1989-06-29,0.30001315474510193,0.3123087046056106,0.29017720400782926,0.3123087046056106,64735200
1989-06-30,0.292635977268219,0.30247273471957564,0.2901771856374662,0.30001313575205046,59121900
1989-07-03,0.3049315810203552,0.3049315810203552,0.2975544212139007,0.2975544212139007,18613800
1989-07-05,0.30247271060943604,0.3049315020441982,0.29755434414840093,0.3049315020441982,55999350
1989-07-06,0.30984997749328613,0.30984997749328613,0.30001319437462304,0.3024727938227539,30638250
1989-07-07,0.3221454620361328,0.32460422989119786,0.3073903141694611,0.3098499131064874,45740700
1989-07-10,0.331982284784317,0.331982284784317,0.3221455255165519,0.3221455255165519,54184950
1989-07-11,0.331982284784317,0.3393594446303792,0.3295226853626141,0.331982284784317,71660700
1989-07-12,0.3221454620361328,0.3319822193655143,0.3196866704358689,0.3319822193655143,65160450
1989-07-13,0.319686621427536,0.3319821684722597,0.31722702286756904,0.3221454126508643,60029100
1989-07-14,0.32706379890441895,0.32706379890441895,0.3172270424750245,0.3196866411870165,30500550
1989-07-17,0.3246041536331177,0.32952254301494843,0.3246041536331177,0.3270637519923194,16572600
1989-07-18,0.3221454620361328,0.32706382882822416,0.3172270714988426,0.32460422989119786,17621550
1989-07-19,0.3246041536331177,0.3270637519923194,0.3172269969738512,0.32214538635568196,35397000
1989-07-20,0.31476834416389465,0.3270638956038862,0.31476834416389465,0.32460429616469083,30541050
1989-07-21,0.3172270953655243,0.31968669448759934,0.3123087044581974,0.3147683035802724,18378900
1989-07-24,0.31476834416389465,0.3196867357053582,0.31230874472469927,0.31722713626616283,11809800
1989-07-25,0.3073903024196625,0.31968665821604986,0.30001312056409646,0.31476826786676204,27386100
1989-07-26,0.3123086988925934,0.3123086988925934,0.3024727483352483,0.3073903318181166,20918250
1989-07-27,0.3123086988925934,0.3172270897122704,0.3123086988925934,0.3123086988925934,11797650
1989-07-28,0.30984997749328613,0.3147683453074138,0.3073903780451553,0.312308745859283,8019000
1989-07-31,0.30247271060943604,0.31230865993999546,0.29755434414840093,0.3098498922504306,20201400
1989-08-01,0.30001315474510193,0.30739033744116284,0.29509478758065416,0.3024727538683379,32059800
1989-08-02,0.30247271060943604,0.3049315020441982,0.2901771625074064,0.3000131118379658,24899400
1989-08-03,0.3221454620361328,0.3319822193655143,0.3172270714988426,0.3172270714988426,171367650
1989-08-04,0.33690062165260315,0.33690062165260315,0.31722710492108813,0.3221454959765676,49081950
1989-08-07,0.3442777693271637,0.34673653718959907,0.3319822203606613,0.3369005871674958,86730750
1989-08-08,0.35657334327697754,0.3590321113116865,0.3442777934489874,0.3442777934489874,81579150
1989-08-09,0.35165494680404663,0.35903210561841453,0.3491961550631268,0.35657333762269494,35166150
1989-08-10,0.34919610619544983,0.35411368898910645,0.3467365074619259,0.35165489759227814,29281500
1989-08-11,0.35165494680404663,0.36149170469614295,0.34427778798967873,0.3491961550631268,53800200
1989-08-14,0.34673646092414856,0.35165485039437144,0.34427769360252447,0.35165485039437144,15159150
1989-08-15,0.3442777693271637,0.34919613613399825,0.33935937877513017,0.34673653718959907,51236550
1989-08-16,0.33690062165260315,0.3442778045673986,0.3344410224564397,0.3442778045673986,29581200
1989-08-17,0.34673646092414856,0.34919605932755365,0.33690051306548374,0.33690051306548374,21651300
1989-08-18,0.3541136682033539,0.3541136682033539,0.34673648710919885,0.34673648710919885,13522950
1989-08-21,0.34673646092414856,0.3541136414611893,0.34673646092414856,0.3541136414611893,15276600
1989-08-22,0.3541136682033539,0.3541136682033539,0.3418181210127416,0.34673648710919885,28799550
1989-08-23,0.3541136682033539,0.35657326679250434,0.35165487695085157,0.3541136682033539,13506750
1989-08-24,0.3614916205406189,0.36641001021426234,0.35165486493852677,0.35411365610703815,28366200
1989-08-25,0.36886876821517944,0.371327535417411,0.35903198975238676,0.36149158803635895,23433300
1989-08-28,0.37378719449043274,0.37378719449043274,0.3639504381730799,0.36886882820435457,17265150
1989-08-29,0.35903212428092957,0.3737872737586479,0.356573356157403,0.3737872737586479,18747450
1989-08-30,0.3664100468158722,0.3664100468158722,0.35657329023116197,0.3590320579000911,18553050
1989-08-31,0.36886876821517944,0.36886876821517944,0.3639503789837831,0.36640997726775526,9655200
1989-09-01,0.36886876821517944,0.371327535417411,0.3639503789837831,0.36886876821517944,11526300
1989-09-05,0.36886876821517944,0.371327535417411,0.36149158803635895,0.36886876821517944,8893800
1989-09-06,0.3664100468158722,0.3664100468158722,0.35657329023116197,0.3664100468158722,32975100
1989-09-07,0.3614916205406189,0.3688688013827737,0.35903202203548684,0.36641001021426234,17224650
1989-09-08,0.3639504611492157,0.36641005998846676,0.356573303050121,0.36149166964669494,18962100
1989-09-11,0.36886876821517944,0.37378713370138317,0.3639503789837831,0.3639503789837831,13454100
1989-09-12,0.3762460947036743,0.3836232544716144,0.36886893493573425,0.36886893493573425,39819600
1989-09-13,0.3910010755062103,0.39837823207018164,0.38362308786048377,0.38362308786048377,78618600
1989-09-14,0.4008370637893677,0.4082150763670198,0.38854153967459204,0.3910011383976412,55059750
1989-09-15,0.40575549006462097,0.4082151127520983,0.3983783316565129,0.4008370995168282,49495050
1989-09-18,0.4032967686653137,0.4057555368088866,0.39591958566213287,0.4057555368088866,55740150
1989-09-19,0.4008370637893677,0.4082150763670198,0.3959195047618505,0.40329668625761367,32015250
1989-09-20,0.4106740355491638,0.41313361167417806,0.3983784819544669,0.4008372507424125,56728350
1989-09-21,0.4229693114757538,0.4278877006503377,0.41067376595275557,0.41067376595275557,42460200
1989-09-22,0.4377245306968689,0.4377245306968689,0.42296940732001204,0.42296940732001204,41026500
1989-09-25,0.4377245306968689,0.44510173620733195,0.43526495562916373,0.4377245306968689,47514600
1989-09-26,0.4303464889526367,0.4426428424158804,0.42788772165808975,0.4377244529998212,39118950
1989-09-27,0.44510170817375183,0.44510170817375183,0.42051061310425497,0.4303465382358158,56047950
1989-09-28,0.4647744596004486,0.46723403475845554,0.4451017525489584,0.4451017525489584,55007100
1989-09-29,0.4647744596004486,0.47461119304937077,0.46231564428879585,0.4647744596004486,49389750
1989-10-02,0.4696926772594452,0.4696926772594452,0.4623155209368535,0.46477433559246173,23858550
1989-10-03,0.47707000374794006,0.47707000374794006,0.4672340302404821,0.4696927980379624,34546500
1989-10-04,0.4795295298099518,0.4795295298099518,0.47461113989117,0.4770699549274264,29544750
1989-10-05,0.47215238213539124,0.4869066973706149,0.47215238213539124,0.4795295397530031,42792300
1989-10-06,0.4819885194301605,0.4869069116150725,0.47215258988778314,0.47215258988778314,42893550
1989-10-09,0.5041205883026123,0.5041205883026123,0.4819882626741607,0.4819882626741607,28609200
1989-10-10,0.501662015914917,0.5114979440406157,0.496743624438406,0.5041207842395108,42403500
1989-10-11,0.49428391456604004,0.499202305179636,0.4869067560592328,0.499202305179636,38345400
1989-10-12,0.49428391456604004,0.5016619279000207,0.49182514667282873,0.49428391456604,14033250
1989-10-13,0.4598561227321625,0.5016619716932375,0.4524789635813568,0.4942839577151837,67420350
1989-10-16,0.47707000374794006,0.47707000374794006,0.4131334452516546,0.45985606468415763,119722050
1989-10-17,0.49428391456604004,0.499202305179636,0.46969281632523363,0.4770700223224394,50884200
1989-10-18,0.4918254017829895,0.4992025641163357,0.48198861545345,0.4942841709515659,23947650
1989-10-19,0.5065796375274658,0.5065796375274658,0.4918253154506663,0.4918253154506663,18289800
1989-10-20,0.496743381023407,0.5065793043292904,0.4918249919570129,0.5065793043292904,20213550
1989-10-23,0.5065796375274658,0.5090392610919102,0.49428408418764397,0.4967437077520884,27118800
1989-10-24,0.5041205883026123,0.5065793556715553,0.49428380917285797,0.5065793556715553,38053800
1989-10-25,0.5041205883026123,0.5090389778674894,0.49920219873773514,0.5041205883026123,13527000
1989-10-26,0.4844481647014618,0.5041208794975122,0.47952977229557797,0.5041208794975122,61531650
1989-10-27,0.4524787366390228,0.48444778747999934,0.44018319261213823,0.48444778747999934,54553500
1989-10-30,0.42788779735565186,0.45985605197508767,0.4254289821357293,0.4524788939593896,45052200
1989-10-31,0.4573975205421448,0.4598563372876116,0.4278880628338312,0.4278880628338312,75180150
1989-11-01,0.47215238213539124,0.47706996481947833,0.45739721207309714,0.45739721207309714,28459350
1989-11-02,0.44756051898002625,0.46969280112077727,0.43772454540801015,0.46969280112077727,35303850
1989-11-03,0.45002028346061707,0.45985626117077516,0.44510193842741075,0.44756070727546965,18281700
1989-11-06,0.4328061640262604,0.45493844420245366,0.43034654160382313,0.45002005418464897,21197700
1989-11-07,0.44510170817375183,0.4475604757498763,0.42296938068037937,0.4328061606390034,42849000
1989-11-08,0.4647744596004486,0.4721524252281152,0.4500200955282209,0.4500200955282209,30994650
1989-11-09,0.4623158276081085,0.46477464389474094,0.4573974351881883,0.46477464389474094,23032350
1989-11-10,0.4623158276081085,0.47461138124416535,0.4573974351881883,0.4623158276081085,21112650
1989-11-13,0.4696926772594452,0.4721522992515893,0.4524787901125022,0.4623155209368535,13745700
1989-11-14,0.4696926772594452,0.4696926772594452,0.4524787901125022,0.4696926772594452,12980250
1989-11-15,0.4918254017829895,0.4918254017829895,0.4672342907867576,0.46969305995533406,32776650
1989-11-16,0.4819885194301605,0.4942840724787172,0.4746113585665158,0.4918253037999845,32489100
1989-11-17,0.4844481647014618,0.4869069334906612,0.4770701961693094,0.4819885410847774,12575250
1989-11-20,0.47215238213539124,0.4869066973706149,0.4647744171811018,0.4844479297737678,14081850
1989-11-21,0.45002028346061707,0.4696929987276048,0.44510193842741075,0.4696929987276048,28710450
1989-11-22,0.4623158276081085,0.4672342200280287,0.42296959056665023,0.45002027397205174,52982100
1989-11-24,0.46723416447639465,0.47215255631154446,0.4623157726412448,0.4623157726412448,6475950
1989-11-27,0.4598561227321625,0.4721524802627667,0.44756057253840364,0.4672340892198135,17046450
1989-11-28,0.4573975205421448,0.4623159138798757,0.44756078135710786,0.4598563372876116,17852400
1989-11-29,0.46723416447639465,0.4672341644763946,0.45493861230221294,0.457397380806095,21209850
1989-11-30,0.47215238213539124,0.47706996481947833,0.4598560271603371,0.4672339921146266,22380300
1989-12-01,0.4795295298099518,0.48444791972873363,0.4696927499723882,0.47215237234530544,26981100
1989-12-04,0.48936641216278076,0.49182518022372207,0.479529630264552,0.479529630264552,18508500
1989-12-05,0.48936641216278076,0.49182518022372207,0.48444802121366637,0.48936641216278076,17609400
1989-12-06,0.4819885194301605,0.4893665351212518,0.4819885194301605,0.4893665351212518,16722450
1989-12-07,0.47707000374794006,0.4869067371017448,0.4721524206625828,0.4819883466796441,19435950
1989-12-08,0.4696926772594452,0.4795294555741809,0.4623155209368535,0.47706988107242126,25839000
1989-12-11,0.45493844151496887,0.4721523790620613,0.45247886659745395,0.46969275665415394,34429050
1989-12-12,0.44756051898002625,0.45493848458477576,0.44018336071202546,0.45493848458477576,57566700
1989-12-13,0.44018346071243286,0.4549385879372372,0.4377246448498264,0.4475606206563689,43140600
1989-12-14,0.42542901635169983,0.4475605396691608,0.4008371104333882,0.4401833810601402,111456000
1989-12-15,0.4229693114757538,0.43280608982492164,0.41559215512733955,0.4254288859861228,60571800
1989-12-18,0.4180511236190796,0.4401834581493568,0.4155923552611977,0.4229695151621784,48818700
1989-12-19,0.4180511236190796,0.4278879067052772,0.4106739637180989,0.4180511236190796,46368450
1989-12-20,0.4229693114757538,0.4254288859861228,0.41559215512733955,0.41805092230116986,28030050
1989-12-21,0.43526506423950195,0.44264303143729244,0.4229695128622796,0.4229695128622796,35145900
1989-12-22,0.45002028346061707,0.4549386759842403,0.43772472956531155,0.43772472956531155,23878800
1989-12-26,0.45493844151496887,0.45739720909581144,0.45002005152621893,0.45002005152621893,10854000
1989-12-27,0.4573975205421448,0.4623159138798757,0.4549387512871028,0.4549387512871028,19832850
1989-12-28,0.44756051898002625,0.45739725239839407,0.44264293586239256,0.45739725239839407,19699200
1989-12-29,0.4598561227321625,0.4598561227321625,0.44510180443055114,0.44756057253840364,22765050
1990-01-02,0.47461116313934326,0.4770699782960413,0.45247888232462397,0.45985604015063025,35510400
1990-01-03,0.4229693114757538,0.47952945725269946,0.4205105443019235,0.47461106807811554,179844300
1990-01-04,0.43526506423950195,0.43526506423950195,0.4131335371664926,0.4229695128622796,125278650
1990-01-05,0.4106740355491638,0.4352651427385576,0.40575564314578816,0.4352651427385576,51017850
1990-01-08,0.42542901635169983,0.4303465996966559,0.4008371104333882,0.4106738917968725,33161400
1990-01-09,0.40575549006462097,0.43034658797642256,0.40329672220430557,0.42542900476539397,64322100
1990-01-10,0.38362324237823486,0.40575555206647,0.36149174002688717,0.40575555206647,184303350
1990-01-11,0.3811643421649933,0.3959194881281078,0.376245976007419,0.3836231334480492,70457850
1990-01-12,0.37132757902145386,0.37624596883040407,0.36395042172154535,0.37624596883040407,55201500
1990-01-15,0.3614916205406189,0.3688688013827737,0.3565732546121702,0.3688688013827737,56218050
1990-01-16,0.388541579246521,0.39100117822007374,0.35165493190979646,0.36149168938525955,67456800
1990-01-17,0.3983783721923828,0.40575553135113296,0.38116443093713315,0.38854161384108465,54464400
1990-01-18,0.40821507573127747,0.4106738433686084,0.386082747686961,0.3983782955277847,77731650
1990-01-19,0.4008370637893677,0.4131334189860323,0.4008370637893677,0.4082150763670198,42071400
1990-01-22,0.38362324237823486,0.400837160767118,0.38362324237823486,0.400837160767118,35433450
1990-01-23,0.37870556116104126,0.39345987551766465,0.376245962628786,0.3836231198070977,37158750
1990-01-24,0.4008370637893677,0.4057554538987738,0.359032053845241,0.3787055905376688,50001300
1990-01-25,0.3983783721923828,0.4155923134476325,0.39345998114413305,0.4008371403028832,42642450
1990-01-26,0.4008370637893677,0.4082150763670198,0.3910011383976412,0.3983782961482075,22765050
1990-01-29,0.41313356161117554,0.41805114608157584,0.4032968254868433,0.4032968254868433,35328150
1990-01-30,0.4032967686653137,0.4155923190376991,0.3910012182929283,0.41313350340372285,44258400
1990-01-31,0.4229693114757538,0.4254288859861228,0.4032966096043413,0.4032966096043413,45080550
1990-02-01,0.4155924618244171,0.4229696236169964,0.4106740690201795,0.4229696236169964,29824200
1990-02-02,0.4180511236190796,0.4205107468042965,0.41313353941290826,0.4155923552611977,33477300
1990-02-05,0.4032967686653137,0.418051087181272,0.39591958566213287,0.418051087181272,37924200
1990-02-06,0.3910010755062103,0.39837823207018164,0.3860826861879134,0.39837823207018164,32148900
1990-02-07,0.42051059007644653,0.4254289322960301,0.3811643272236756,0.3910011066436224,114469200
1990-02-08,0.42788779735565186,0.43772453043759824,0.41805101678331014,0.42051063933995386,76731300
1990-02-09,0.4426428973674774,0.4426428973674774,0.4229693847512728,0.42788777477792217,41083200
1990-02-12,0.44756051898002625,0.45002009413039334,0.43280620244402473,0.44264293586239256,44959050
1990-02-13,0.4524787366390228,0.4573970777247616,0.44018319261213823,0.4475603480629051,34165800
1990-02-14,0.4647744596004486,0.46969280257971113,0.4500200955282209,0.4524789108398737,45538200
1990-02-15,0.4696926772594452,0.4721522992515893,0.4623155209368535,0.46477433559246173,34214400
1990-02-16,0.45002028346061707,0.47461139125122803,0.44510193842741075,0.4696929987276048,39762900
1990-02-20,0.44018346071243286,0.4426430364215638,0.4205107492528234,0.4426430364215638,27697950
1990-02-21,0.44018346071243286,0.45002019636549984,0.425429093334153,0.44018346071243286,33424650
1990-02-22,0.44018346071243286,0.45002019636549984,0.4377246448498264,0.44018346071243286,38268450
1990-02-23,0.42788779735565186,0.43772453043759824,0.42051063933995386,0.43772453043759824,46761300
1990-02-26,0.4328061640262604,0.4328061640262604,0.4205106163952837,0.42788777400845573,27843750
1990-02-27,0.4426428973674774,0.4426428973674774,0.42788777477792217,0.43280616480457157,27475200
1990-02-28,0.44018346071243286,0.4549385879372372,0.41559235768108604,0.4426430364215638,38965050
1990-03-01,0.4377245306968689,0.4475605039383155,0.43034656534007965,0.4401833459182478,58186350
1990-03-02,0.4623158276081085,0.46477464389474094,0.4377247203359949,0.4377247203359949,64091250
1990-03-05,0.46723416447639465,0.46969293298027665,0.45985619680038736,0.4623157726412448,40374450
1990-03-06,0.47707000374794006,0.4819883466796441,0.4647744551062583,0.4672340302404821,72576000
1990-03-07,0.4696926772594452,0.48444784473154884,0.4672339100942214,0.47706988107242126,50203800
1990-03-08,0.47215238213539124,0.4746111497322384,0.4696927597114737,0.4696927597114737,42213150
1990-03-09,0.4819885194301605,0.4819885194301605,0.46969296638160385,0.47215258988778314,45817650
1990-03-12,0.49428391456604004,0.499202305179636,0.4795295975524256,0.48198836544563683,60081750
1990-03-13,0.5041205883026123,0.5090389778674894,0.49428380917285797,0.49428380917285797,76067100
1990-03-14,0.5041205883026123,0.5090389778674894,0.489366274434972,0.5041205883026123,44420400
1990-03-15,0.5139576196670532,0.5164163882426847,0.504120835709706,0.504120835709706,44695800
1990-03-16,0.5237932801246643,0.5311712442315464,0.5188756980053937,0.5188756980053937,59741550
1990-03-19,0.5533028841018677,0.5582212746428128,0.5139574694286279,0.5237933956833575,61021350
1990-03-20,0.5262531638145447,0.5557626128985507,0.51641638001394,0.5533030370251119,61102350
1990-03-21,0.5164161920547485,0.5287117399166146,0.5114978019445849,0.5262529722750757,41565150
1990-03-22,0.4869067668914795,0.518875831687086,0.4721524495496248,0.5164162564023814,110840400
1990-03-23,0.496743381023407,0.501661770089801,0.48444783577087414,0.4869066028906189,79509600
1990-03-26,0.4844481647014618,0.5065796482867116,0.4647746425683423,0.4967437183024289,64220850
1990-03-27,0.49920231103897095,0.504120701710296,0.4721524445874583,0.48444799385217924,53707050
1990-03-28,0.3442777693271637,0.36886886726016854,0.33935937877513017,0.36886886726016854,834838650
1990-03-29,0.3639504611492157,0.3713276192483103,0.35411370421086996,0.35411370421086996,261771750
1990-03-30,0.37132757902145386,0.37624596883040407,0.35903203191259514,0.36395042172154535,128810250
1990-04-02,0.37378719449043274,0.3762459858377304,0.35903204814180534,0.37132759580645575,78780600
1990-04-03,0.3811643421649933,0.3860827320677634,0.3713275861046489,0.37378718472436306,108216000
1990-04-04,0.3639504611492157,0.38116437618665605,0.35903207080744387,0.38116437618665605,73458900
1990-04-05,0.34673646092414856,0.3614916055896235,0.34181809519911943,0.3614916055896235,92263050
1990-04-06,0.3172270953655243,0.3491961613591356,0.3123087044581974,0.34673656223706056,187782300
1990-04-09,0.331982284784317,0.3344410531238949,0.3147683419252862,0.3172271340100676,108078300
1990-04-10,0.33444103598594666,0.3393594272403951,0.32952266847670053,0.33198226777236484,59514750
1990-04-11,0.3221454620361328,0.3418181693581334,0.3147682798985787,0.33444098722057936,98099100
1990-04-12,0.3123086988925934,0.32214548053194747,0.3098499308963595,0.32214548053194747,102554100
1990-04-16,0.319686621427536,0.3221454126508643,0.30984986560614064,0.31230863308427376,59486400
1990-04-17,0.331982284784317,0.3393594446303792,0.31230874250358326,0.3196867334317705,46376550
1990-04-18,0.3246041536331177,0.33935929803341663,0.32214538635568196,0.33198214137415016,71749800
1990-04-19,0.3172270953655243,0.3246042543129024,0.3123087044581974,0.3246042543129024,40832100
1990-04-20,0.3123086988925934,0.3196866887905133,0.3098499308963595,0.3172270897122704,62722350
1990-04-23,0.31476834416389465,0.31722713626616283,0.3024727927239031,0.31230874472469927,39171600
1990-04-24,0.3123086988925934,0.3246042485281813,0.3098499308963595,0.3147682979708363,34911000
1990-04-25,0.3123086988925934,0.3172270897122704,0.3098499308963595,0.3123086988925934,27297000
1990-04-26,0.31476834416389465,0.31722713626616283,0.3049315848261713,0.31230874472469927,30767850
1990-04-27,0.3049315810203552,0.31476834023530714,0.30001318954027756,0.31476834023530714,41476050
1990-04-30,0.3123086988925934,0.3123086988925934,0.3000131492570054,0.30493154007668244,52722900
1990-05-01,0.29017722606658936,0.31722711963030426,0.287717626756379,0.3123087283467684,110147850
1990-05-02,0.3123086988925934,0.3147682979708363,0.2852588316251835,0.2901771986996603,82275750
1990-05-03,0.3393593430519104,0.341818134400716,0.32460419669423357,0.32460419669423357,234288450
1990-05-04,0.3541136682033539,0.35657326679250434,0.33935932976023936,0.33935932976023936,118458450
1990-05-07,0.35657334327697754,0.35657334327697754,0.34919616060042735,0.35411374416024655,86005800
1990-05-08,0.35165494680404663,0.35411373854496647,0.3418181889119503,0.35411373854496647,69141600
1990-05-09,0.35657334327697754,0.35657334327697754,0.34919616060042735,0.35165495238033695,39876300
1990-05-10,0.35657334327697754,0.3614917104284175,0.35165495238033695,0.35657334327697754,48757950
1990-05-11,0.3541136682033539,0.3614916328889616,0.35165487695085157,0.35657326679250434,46271250
1990-05-14,0.3664100468158722,0.3762459960638811,0.3541136914803345,0.3541136914803345,92295450
1990-05-15,0.36886876821517944,0.37378713370138317,0.3639503789837831,0.36640997726775526,43829100
1990-05-16,0.3664100468158722,0.3737872046497549,0.36395044806504473,0.36886883822999833,26697600
1990-05-17,0.35903212428092957,0.3713276745530693,0.35411375695182445,0.36641011456081474,33849900
1990-05-18,0.3541136682033539,0.35657326679250434,0.3491960856983493,0.35657326679250434,34542450
1990-05-21,0.3664100468158722,0.36886883822999833,0.34673650990125465,0.3541136914803345,60507000
1990-05-22,0.36886876821517944,0.38116429013501113,0.3639503789837831,0.36640997726775526,87463800
1990-05-23,0.388541579246521,0.388541579246521,0.3590320904117068,0.36886887163236914,126206100
1990-05-24,0.3811643421649933,0.3885415233508193,0.36886881856678877,0.3885415233508193,91943100
1990-05-25,0.3762460947036743,0.3811644624128709,0.36641014287699075,0.3811644624128709,46368450
1990-05-29,0.3910010755062103,0.39345984275188467,0.37378714030564514,0.37624593129651246,47259450
1990-05-30,0.3860827684402466,0.3983783169419986,0.37870561030462147,0.3910011588063735,62823600
1990-05-31,0.388541579246521,0.388541579246521,0.37870562910783223,0.3860827876097426,27540000
1990-06-01,0.3910010755062103,0.3959194410793143,0.38854147717878074,0.38854147717878074,50296950
1990-06-04,0.4032967686653137,0.4057555368088866,0.3910012182929283,0.3910012182929283,64423350
1990-06-05,0.3983783721923828,0.40575553135113296,0.39345998114413305,0.40329676324063257,46210500
1990-06-06,0.4155924618244171,0.4155924618244171,0.39346012161912497,0.3983785144233626,57246750
1990-06-07,0.40575549006462097,0.41805103902052176,0.39591954005099855,0.4155922711602064,90610650
1990-06-08,0.3983783721923828,0.40329676324063257,0.39345998114413305,0.40329676324063257,33712200
1990-06-11,0.4155924618244171,0.4155924618244171,0.39591972168981104,0.3983785144233626,34368300
1990-06-12,0.4180511236190796,0.4254290908569878,0.4008371806319012,0.4155923552611977,50981400
1990-06-13,0.41313356161117554,0.4205107693989519,0.4057555939768384,0.41805114608157584,55339200
1990-06-14,0.44756051898002625,0.44756051898002625,0.4106738728128767,0.4131334479632438,206906400
1990-06-15,0.44018346071243286,0.45247901222810627,0.4352650691406955,0.4475606206563689,89739900
1990-06-18,0.4426428973674774,0.4475604800574482,0.4352649324043605,0.4401833224310099,62669700
1990-06-19,0.45493844151496887,0.4598560241670465,0.4401833190391115,0.4426428939566264,66837150
1990-06-20,0.4524787366390228,0.46231546630087933,0.4426427668232279,0.45493831085011244,56448900
1990-06-21,0.4524787366390228,0.4573970777247616,0.44510158118825593,0.4524787366390228,24802200
1990-06-22,0.4377245306968689,0.45247889422739956,0.43526495562916373,0.45247889422739956,31112100
1990-06-25,0.44018346071243286,0.4426430364215638,0.4328063007684968,0.4377246448498264,41747400
1990-06-26,0.42542901635169983,0.4549385056149675,0.42542901635169983,0.4401833810601402,40649850
1990-06-27,0.44018346071243286,0.44018346071243286,0.425429093334153,0.425429093334153,36514800
1990-06-28,0.4524787366390228,0.45493831085011244,0.4352648040360205,0.44018319261213823,49389750
1990-06-29,0.45493844151496887,0.4721523790620613,0.45002005152621893,0.45247886659745395,62050050
1990-07-02,0.4623158276081085,0.46477464389474094,0.4524790902586841,0.45493866639197195,14810850
1990-07-03,0.44510170817375183,0.4573972082181079,0.437724503127923,0.4573972082181079,51451200
1990-07-05,0.45002028346061707,0.45247909979909295,0.4426431220889348,0.44510193842741075,20051550
1990-07-06,0.4426428973674774,0.4549384450205651,0.4426428973674774,0.45002005499391573,29188350
1990-07-09,0.4229693114757538,0.44510163534791986,0.4229693114757538,0.4426428206837049,56104650
1990-07-10,0.44018346071243286,0.45002019636549984,0.4229695176250221,0.4229695176250221,59065200
1990-07-11,0.3910010755062103,0.39345984275188467,0.35411363052284334,0.39345984275188467,379412100
1990-07-12,0.37378719449043274,0.3910011321863578,0.36886882820435457,0.3910011321863578,123379200
1990-07-13,0.36886876821517944,0.37870552293277954,0.36640997726775526,0.37378713370138317,90229950
1990-07-16,0.3614916205406189,0.37624595847973386,0.35411365610703815,0.3688688013827737,116202600
1990-07-17,0.3442777693271637,0.36149168510050067,0.3442777693271637,0.36149168510050067,78079950
1990-07-18,0.34919610619544983,0.35657328772263036,0.3418181410767706,0.3442777398102945,48381300
1990-07-19,0.35657334327697754,0.35657334327697754,0.3418181943322564,0.34919616060042735,65176650
1990-07-20,0.35165494680404663,0.35903210561841453,0.3491961550631268,0.35657333762269494,47684700
1990-07-23,0.3418181836605072,0.3516549414014788,0.33198223325633175,0.3516549414014788,74200050
1990-07-24,0.3418181836605072,0.34673655065839304,0.327063842513246,0.3418181836605072,51021900
1990-07-25,0.34673646092414856,0.3541136414611893,0.3393593041323016,0.34181809519911943,45501750
1990-07-26,0.33690062165260315,0.3442778045673986,0.3319822543423251,0.3442778045673986,36373050
1990-07-27,0.33444103598594666,0.3393594272403951,0.32952266847670053,0.3369006352816109,26746200
1990-07-30,0.33444103598594666,0.3393594272403951,0.32706387651791635,0.33444103598594666,23931450
1990-07-31,0.331982284784317,0.3393594446303792,0.3295226853626141,0.3344410531238949,20788650
1990-08-01,0.33690062165260315,0.34181820537123514,0.32952265514616164,0.3319822543423251,39086550
1990-08-02,0.32706379890441895,0.32952259027972247,0.3172270424750245,0.32952259027972247,49547700
1990-08-03,0.3221454620361328,0.32706382882822416,0.2926359736395518,0.32706382882822416,90841500
1990-08-06,0.292635977268219,0.3147682838016851,0.28771758666994107,0.3147682838016851,109402650
1990-08-07,0.292635977268219,0.3073903179810812,0.2901771856374662,0.292635977268219,60474600
1990-08-08,0.31476834416389465,0.3196867357053582,0.2975544249276433,0.2975544249276433,37746000
1990-08-09,0.30984997749328613,0.32214552897794607,0.3049315859339546,0.3147683453074138,37033200
1990-08-10,0.30001315474510193,0.3123087046056106,0.29509478758065416,0.3098499365643988,25174800
1990-08-13,0.30001315474510193,0.3049315456547504,0.29017720400782926,0.30001315474510193,24530850
1990-08-14,0.2975543141365051,0.307390262474992,0.2926359244263509,0.300013081578074,18589500
1990-08-15,0.3073903024196625,0.30984990126267214,0.29755435280301623,0.29755435280301623,18387000
1990-08-16,0.30001315474510193,0.30739033744116284,0.2975543867038902,0.30739033744116284,19921950
1990-08-17,0.295094758272171,0.3000131249481321,0.290177175187755,0.3000131249481321,30889350
1990-08-20,0.26558518409729004,0.2975542602668628,0.2582080282811376,0.29509466218876146,68643450
1990-08-21,0.2680448293685913,0.27296321905426774,0.2508309166274248,0.26558523085744185,59559300
1990-08-22,0.26312658190727234,0.2803405023994265,0.26312658190727234,0.2680449500623692,31257900
1990-08-23,0.2508310079574585,0.2606669598283606,0.24099422500443643,0.2606669598283606,86009850
1990-08-24,0.25820809602737427,0.2705036438892403,0.2508309382756719,0.2508309382756719,59211000
1990-08-27,0.28034043312072754,0.28034043312072754,0.268044883822189,0.268044883822189,46267200
1990-08-28,0.24345380067825317,0.2803404509152355,0.23361704242936293,0.2803404509152355,139688550
1990-08-29,0.2286987602710724,0.24591270953930705,0.22378039067855393,0.24345391653905263,134630100
1990-08-30,0.2114846557378769,0.23361695586485065,0.20656626656329294,0.2286985666902667,75739050
1990-08-31,0.2286987602710724,0.23361715360880328,0.20902604174779574,0.21148483474805016,58129650
1990-09-04,0.21886184811592102,0.23853538430777527,0.21394428921352626,0.22869860433925004,46615500
1990-09-05,0.20902597904205322,0.22132153128401197,0.2041076109249969,0.21886193168439122,94450050
1990-09-06,0.1942707896232605,0.20656632686290238,0.1918119979864821,0.20656632686290238,87309900
1990-09-07,0.15984289348125458,0.15984289348125458,0.1327930104639195,0.15984289348125458,400561200
1990-09-10,0.16722092032432556,0.1696797122634494,0.15984295357840891,0.15984295357840891,105624000
1990-09-11,0.16722092032432556,0.1696797122634494,0.15984295357840891,0.16722092032432556,53330400
1990-09-12,0.16230250895023346,0.16967967877593984,0.16230250895023346,0.16722088732207624,30281850
1990-09-13,0.15492454171180725,0.16967967664174896,0.15000695886593227,0.16230250690883088,67144950
1990-09-14,0.1475473791360855,0.15492454922685375,0.1475473791360855,0.15492454922685375,60543450
1990-09-17,0.13525183498859406,0.15000697112430625,0.13525183498859406,0.1475473840362689,146488500
1990-09-18,0.14017021656036377,0.14017021656036377,0.1278746672618252,0.13525183774811098,119892150
1990-09-19,0.1426289677619934,0.14508855420228084,0.13771138580934075,0.14017017678566707,93469950
1990-09-20,0.13771142065525055,0.14262900385222746,0.1352518335925997,0.14262900385222746,68546250
1990-09-21,0.1475473791360855,0.1500069661424377,0.13525183049675707,0.13771141750310925,69076800
1990-09-24,0.1426289677619934,0.14754734517860715,0.13525179936905332,0.14754734517860715,32448600
1990-09-25,0.14508861303329468,0.1524657844175548,0.14017023362236009,0.14262902559568555,32436450
1990-09-26,0.12295635044574738,0.1327931130300753,0.11803796915358342,0.1327931130300753,214751250
1990-09-27,0.11066072434186935,0.12787465014900815,0.1057423461878182,0.12295627199495701,193249800
1990-09-28,0.12787465751171112,0.12787465751171112,0.10082397383895933,0.11066073071343747,122585400
1990-10-01,0.12541504204273224,0.13279300575296876,0.118037873796441,0.12787462843412617,68181750
1990-10-02,0.12295635044574738,0.13525190594386333,0.12049755753195934,0.1254151433595354,49171050
1990-10-03,0.11066072434186935,0.12295627199495701,0.1057423461878182,0.12295627199495701,57109050
1990-10-04,0.1180378869175911,0.12541505598393213,0.10574233998567817,0.11066071785125009,40937400
1990-10-05,0.12541504204273224,0.13279300575296876,0.11311949647759842,0.118037873796441,61150950
1990-10-08,0.1303335428237915,0.13279313154510197,0.12295636758925772,0.12541516084586937,35907300
1990-10-09,0.1303335428237915,0.1303335428237915,0.12541516084586937,0.1303335428237915,33404400
1990-10-10,0.1180378869175911,0.12787464264873494,0.11311950905201919,0.12787464264873494,28252800
1990-10-11,0.11557915061712265,0.12049753081893384,0.11311956278401128,0.11803794298582247,35182350
1990-10-12,0.11066072434186935,0.12049748064997162,0.1082011375328036,0.11557910249592049,45598950
1990-10-15,0.12295635044574738,0.1254151433595354,0.11066079494763142,0.11066079494763142,28297350
1990-10-16,0.1180378869175911,0.12295626478316302,0.11311950905201919,0.12295626478316302,14766300
1990-10-17,0.12049749493598938,0.1254150782089821,0.11803790783531837,0.11803790783531837,23024250
1990-10-18,0.12541504204273224,0.12787462843412617,0.118037873796441,0.12049746018783493,46307700
1990-10-19,0.12541504204273224,0.13033341936157483,0.12295625111528359,0.12541504204273224,37681200
1990-10-22,0.12295635044574738,0.1254151433595354,0.12049755753195934,0.1254151433595354,22684050
1990-10-23,0.12295635044574738,0.1254151433595354,0.12049755753195934,0.12295635044574738,24295950
1990-10-24,0.1180378869175911,0.12295626478316302,0.115579095716822,0.12295626478316302,35587350
1990-10-25,0.11311950534582138,0.12049746963446771,0.11066071422561102,0.11803788305024972,46161900
1990-10-26,0.11066072434186935,0.11557910249592049,0.1082011375328036,0.11311951568685474,52066800
1990-10-29,0.10574232786893845,0.11557908247291401,0.10328353694991582,0.11066070517092623,43298550
1990-10-30,0.10574232786893845,0.11066070517092623,0.10328353694991582,0.10574232786893845,31942350
1990-10-31,0.10574232786893845,0.10820111878796106,0.09590557326496288,0.10574232786893845,73742400
1990-11-01,0.10820112377405167,0.11311950130268661,0.10082395521308887,0.10574233274172382,50325300
1990-11-02,0.11066072434186935,0.11311951568685474,0.1057423461878182,0.1082011375328036,25381350
1990-11-05,0.11557915061712265,0.12049753081893384,0.11066077041531146,0.11066077041531146,46919250
1990-11-06,0.11557915061712265,0.12049753081893384,0.11311956278401128,0.11557915061712265,32894100
1990-11-07,0.11066072434186935,0.11803789384090588,0.1082011375328036,0.11557910249592049,27892350
1990-11-08,0.11311950534582138,0.11557909193003937,0.10820112764139303,0.11066071422561102,23660100
1990-11-09,0.11557915061712265,0.11557915061712265,0.11311956278401128,0.11311956278401128,27993600
1990-11-12,0.11557915061712265,0.12049753081893384,0.11311956278401128,0.11557915061712265,37523250
1990-11-13,0.11557915061712265,0.12049753081893384,0.11557915061712265,0.11557915061712265,27993600
1990-11-14,0.1180378869175911,0.12541505598393213,0.11311950905201919,0.115579095716822,44003250
1990-11-15,0.1303335428237915,0.13279313154510197,0.1180379856113356,0.1180379856113356,76905450
1990-11-16,0.13279300928115845,0.13771138673067784,0.12787463183163902,0.13033342282441554,59992650
1990-11-19,0.13279300928115845,0.13771138673067784,0.12787463183163902,0.13279300928115845,33764850
1990-11-20,0.12541504204273224,0.13279300575296876,0.12049746018783493,0.13279300575296876,38070000
1990-11-21,0.12049749493598938,0.1278746653096531,0.11557911619882201,0.1254150782089821,46980000
1990-11-23,0.1180378869175911,0.1204974735823939,0.115579095716822,0.1204974735823939,14268150
1990-11-26,0.11557915061712265,0.11803794298582247,0.11311956278401128,0.11803794298582247,22295250
1990-11-27,0.12049749493598938,0.12295628657248574,0.11557911619882201,0.11557911619882201,25494750
1990-11-28,0.1303335428237915,0.14017030677963574,0.12295636758925772,0.12295636758925772,106235550
1990-11-29,0.14508861303329468,0.14508861303329468,0.12541509538955622,0.13033347480049084,114951150
1990-11-30,0.15492454171180725,0.15738412859885031,0.1450885805559517,0.1450885805559517,151838550
1990-12-03,0.16722092032432556,0.16722092032432556,0.15492457423588865,0.15492457423588865,115182000
1990-12-04,0.16476133465766907,0.16722092208699185,0.15738416329826263,0.16722092208699185,64642050
1990-12-05,0.15984289348125458,0.16722085745323098,0.15492451598792817,0.16476127097458101,46259100
1990-12-06,0.15492454171180725,0.16722088521881145,0.15246575028886974,0.15984292002178782,60223500
1990-12-07,0.1524657905101776,0.15492458258175787,0.14508861883112137,0.15492458258175787,32979150
1990-12-10,0.15492454171180725,0.15738412859885031,0.14754737197888917,0.15246575028886974,17589150
1990-12-11,0.1500069797039032,0.15492456323289616,0.1500069797039032,0.15492456323289616,26742150
1990-12-12,0.15492454171180725,0.15492454171180725,0.14754737197888917,0.15000695886593227,25555500
1990-12-13,0.1524657905101776,0.16230254972512953,0.1524657905101776,0.15492458258175787,55809000
1990-12-14,0.1524657905101776,0.15492458258175787,0.14754741090270165,0.1524657905101776,21051900
1990-12-17,0.1524657905101776,0.1524657905101776,0.14508861883112137,0.1524657905101776,23518350
1990-12-18,0.1500069797039032,0.15246577146839968,0.14754739247519064,0.15246577146839968,28856250
1990-12-19,0.14508861303329468,0.1524657844175548,0.14262902559568555,0.1500069924442293,38414250
1990-12-20,0.1500069797039032,0.15246577146839968,0.14017022171748514,0.14508860071069418,50993550
1990-12-21,0.15984289348125458,0.16476127097458101,0.1524657249732517,0.1524657249732517,100545300
1990-12-24,0.15984289348125458,0.16230247995990454,0.15492451598792817,0.15984289348125458,20756250
1990-12-26,0.15492454171180725,0.1647612983317684,0.15492454171180725,0.15984292002178782,23562900
1990-12-27,0.1500069797039032,0.15738415046160872,0.1500069797039032,0.15492456323289616,31124250
1990-12-28,0.15738417208194733,0.1598429641842155,0.15000700031081746,0.15000700031081746,77893650
1990-12-31,0.15492454171180725,0.15984292002178782,0.15000695886593227,0.15738412859885031,45554400
1991-01-02,0.15738417208194733,0.1672209314196707,0.15000700031081746,0.1549245845153538,62143200
1991-01-03,0.13771142065525055,0.14754738251336674,0.13771142065525055,0.14754738251336674,146585700
1991-01-04,0.14017021656036377,0.14508859537261656,0.13771142488633079,0.13771142488633079,44959050
1991-01-07,0.13279300928115845,0.14262896871623085,0.13279300928115845,0.14017017772345436,35316000
1991-01-08,0.13279300928115845,0.13525180027393494,0.12787463183163902,0.13279300928115845,25624350
1991-01-09,0.1303335428237915,0.13771151352302408,0.12541516084586937,0.13279313154510197,40799700
1991-01-10,0.12541504204273224,0.13279300575296876,0.118037873796441,0.13033341936157483,46575000
1991-01-11,0.12295635044574738,0.12787473173791133,0.12049755753195934,0.1254151433595354,34655850
1991-01-14,0.11557915061712265,0.11803794298582247,0.11066077041531146,0.11803794298582247,51410700
1991-01-15,0.1180378869175911,0.12541505598393213,0.11311950905201919,0.115579095716822,28925100
1991-01-16,0.12787465751171112,0.12787465751171112,0.11803790063723299,0.11803790063723299,45112950
1991-01-17,0.11066072434186935,0.14262898914708122,0.1082011375328036,0.12787465014900815,251529300
1991-01-18,0.11066072434186935,0.11557910249592049,0.1082011375328036,0.11066072434186935,216715500
1991-01-21,0.11557915061712265,0.12049753081893384,0.10820118258220009,0.11066077041531146,53974350
1991-01-22,0.12049749493598938,0.12049749493598938,0.11311952909815098,0.11557911619882201,35599500
1991-01-23,0.12049749493598938,0.1254150782089821,0.11557911619882201,0.12049749493598938,50855850
1991-01-24,0.13279300928115845,0.13771138673067784,0.12295625438211963,0.12295625438211963,130102200
1991-01-25,0.1500069797039032,0.15738415046160872,0.1327930509597796,0.1327930509597796,207052200
1991-01-28,0.15984289348125458,0.16722085745323098,0.15000693395857523,0.15000693395857523,156297600
1991-01-29,0.17459805309772491,0.17705684449455322,0.16230250518538902,0.16230250518538902,186737400
1991-01-30,0.18443402647972107,0.19181199209166416,0.1770568563319283,0.1770568563319283,196732800
1991-01-31,0.17705683410167694,0.18689359003978692,0.16967966488011968,0.1844340033232342,90072000
1991-02-01,0.17459805309772491,0.18197522275230701,0.16722088344314281,0.17705684449455322,67047750
1991-02-04,0.17459805309772491,0.18443401414913532,0.16967967483997112,0.17459805309772491,55233900
1991-02-05,0.18443402647972107,0.1893524050662997,0.1770568563319283,0.1770568563319283,92761200
1991-02-06,0.1991891860961914,0.20656634525494155,0.17951646485784067,0.18443404856924417,144354150
1991-02-07,0.1991891860961914,0.21886189546194146,0.19427080692054233,0.1991891860961914,270535950
1991-02-08,0.1991891860961914,0.20164797795189315,0.19181201506484058,0.1991891860961914,100338750
1991-02-11,0.1942707896232605,0.20164795999777044,0.18935241088552893,0.19918916836099204,88804350
1991-02-12,0.18443402647972107,0.19181199209166416,0.17951644335729278,0.19181199209166416,71138250
1991-02-13,0.1893523931503296,0.19181198002091193,0.18197522346678302,0.18443401487326513,45198000
1991-02-14,0.18443402647972107,0.1942707836528783,0.17951644335729278,0.1893524050662997,69502050
1991-02-15,0.18443402647972107,0.1893524050662997,0.18443402647972107,0.18443402647972107,29488050
1991-02-19,0.18197523057460785,0.1868936090437807,0.17705685210543498,0.1844340220771286,43407900
1991-02-20,0.1795164942741394,0.18197528653274878,0.17459811429254468,0.18197528653274878,49960800
1991-02-21,0.17705683410167694,0.18197521207073192,0.17459804284917466,0.17951642081822966,29208600
1991-02-22,0.16476133465766907,0.1795164728407629,0.16230254269262726,0.1770568854114401,76362750
1991-02-25,0.17705683410167694,0.17951642081822966,0.16476128691106467,0.16476128691106467,62552250
1991-02-26,0.18443402647972107,0.18443402647972107,0.17213847774534968,0.1770568563319283,58469850
1991-02-27,0.18689359724521637,0.18935238859251402,0.18197521908653996,0.18443401043383761,49855500
1991-02-28,0.17705683410167694,0.1918119680088419,0.16967966488011968,0.18689359003978692,64443600
1991-03-01,0.1721385270357132,0.17459811476535914,0.16722094250517752,0.17459811476535914,79764750
1991-03-04,0.1721385270357132,0.17705690703062696,0.16967973477044537,0.1721385270357132,40366350
1991-03-05,0.18443402647972107,0.19181199209166416,0.17213847774534968,0.17213847774534968,66885750
1991-03-06,0.18689359724521637,0.1942707667511904,0.18443401043383761,0.18443401043383761,132143400
1991-03-07,0.1795164942741394,0.1868936665143435,0.17213852656955936,0.1868936665143435,48838950
1991-03-08,0.17459805309772491,0.18935239240688911,0.17459805309772491,0.17951643135547868,38171250
1991-03-11,0.1696796715259552,0.17951642784934094,0.1696796715259552,0.17459804968764805,34376400
1991-03-12,0.1696796715259552,0.1770568410364537,0.16476129336426232,0.1696796715259552,26053650
1991-03-13,0.18443402647972107,0.18443402647972107,0.16967968618413554,0.16967968618413554,48057300
1991-03-14,0.18689359724521637,0.18935238859251402,0.18197521908653996,0.18443401043383761,71182800
1991-03-15,0.1795164942741394,0.1893524587729529,0.17459811429254468,0.1868936665143435,66541500
1991-03-18,0.1795164942741394,0.18197528653274878,0.17213852656955936,0.1795164942741394,19800450
1991-03-19,0.17459805309772491,0.18197522275230701,0.17213846623679946,0.17951643135547868,25450200
1991-03-20,0.1795164942741394,0.18197528653274878,0.1672209420523406,0.17459811429254468,44064000
1991-03-21,0.1721385270357132,0.18689366702045448,0.1721385270357132,0.1795164947602729,48312450
1991-03-22,0.17705683410167694,0.17705683410167694,0.1672208736276174,0.17213845613262194,35793900
1991-03-25,0.17705683410167694,0.18197521207073192,0.16967966488011968,0.17705683410167694,37612350
1991-03-26,0.1795164942741394,0.18197528653274878,0.1672209420523406,0.17705690655115408,71559450
1991-03-27,0.17459805309772491,0.18443401414913532,0.15738412692763526,0.17951643135547868,214180200
1991-03-28,0.17705683410167694,0.17951642081822966,0.17213845613262194,0.17459804284917466,48195000
1991-04-01,0.18443402647972107,0.18443402647972107,0.17459806477071416,0.1770568563319283,47976300
1991-04-02,0.2114846557378769,0.21394425399343822,0.18197518738989274,0.18443397830891534,223511400
1991-04-03,0.21394433081150055,0.22623988074929355,0.21148473167280463,0.21148473167280463,161534250
1991-04-04,0.2164030820131302,0.22132144828573846,0.2090259006547618,0.21394429067256643,95033250
1991-04-05,0.20902597904205322,0.21886193168439122,0.19918921906273532,0.21640316316695565,54006750
1991-04-08,0.20902597904205322,0.21148477130469406,0.2041076109249969,0.20902597904205322,23562900
1991-04-09,0.2016480267047882,0.21148478743434204,0.1991892342546187,0.20902599498417254,32003100
1991-04-10,0.20410753786563873,0.20902590422218834,0.19918914776389235,0.2016479391464201,28058400
1991-04-11,0.2164030820131302,0.22132144828573846,0.2090259006547618,0.2090259006547618,83114100
1991-04-12,0.2164030820131302,0.21886184960849758,0.21148469199532555,0.2164030820131302,91566450
1991-04-15,0.2114846557378769,0.21640304491246082,0.20902586481885427,0.21640304491246082,29897100
1991-04-16,0.2164030820131302,0.21886184960849758,0.2090259006547618,0.21148469199532555,30237300
1991-04-17,0.2114846557378769,0.21886181208629113,0.20656626656329294,0.21640304491246082,61717950
1991-04-18,0.20902597904205322,0.2139443709043148,0.20656637944243247,0.21148477130469406,22732650
1991-04-19,0.20410753786563873,0.21148469560471608,0.2016479391464201,0.20902590422218834,24980400
1991-04-22,0.20410753786563873,0.2065663055029697,0.19918914776389235,0.20410753786563873,25826850
1991-04-23,0.20656634867191315,0.21148473980152177,0.20656634867191315,0.20656634867191315,22655700
1991-04-24,0.20656634867191315,0.20902594790514728,0.20164798128750627,0.20656634867191315,17844300
1991-04-25,0.1991891860961914,0.20656634525494155,0.19673039424048966,0.20656634525494155,30646350
1991-04-26,0.1942707896232605,0.19918916836099204,0.1918119979864821,0.19918916836099204,40350150
1991-04-29,0.18689359724521637,0.1991891449098668,0.18689359724521637,0.1942707667511904,46113300
1991-04-30,0.18197523057460785,0.19181198751295356,0.18197523057460785,0.1868936090437807,37397700
1991-05-01,0.18197523057460785,0.1868936090437807,0.1721384736362621,0.18197523057460785,50993550
1991-05-02,0.1942707896232605,0.19673037672421365,0.18443403214779738,0.18443403214779738,28009800
1991-05-03,0.18443402647972107,0.19673037067824278,0.18197523491850692,0.1942707836528783,20221650
1991-05-06,0.1795164942741394,0.18443407879135817,0.17459811429254468,0.18443407879135817,22270950
1991-05-07,0.17459805309772491,0.18443401414913532,0.17459805309772491,0.17951643135547868,31914000
1991-05-08,0.18443402647972107,0.18443402647972107,0.17213847774534968,0.17459806477071416,29479950
1991-05-09,0.1795164942741394,0.1868936665143435,0.17459811429254468,0.18443407879135817,14494950
1991-05-10,0.17705683410167694,0.1844340033232342,0.17459804284917466,0.17951642081822966,15078150
1991-05-13,0.17459805309772491,0.17951643135547868,0.17459805309772491,0.17705684449455322,12935700
1991-05-14,0.1721385270357132,0.17705690703062696,0.1721385270357132,0.17459811476535914,18601650
1991-05-15,0.16722092032432556,0.17459809160596965,0.16476133292092915,0.17213850420257323,57364200
1991-05-16,0.15984289348125458,0.1721384394825839,0.15492451598792817,0.16722085745323098,49981050
1991-05-17,0.15738417208194733,0.1598429641842155,0.15246579241308564,0.1598429641842155,39580650
1991-05-20,0.1426289677619934,0.15492451357154724,0.14017017678566707,0.15492451357154724,77727600
1991-05-21,0.1524657905101776,0.15492458258175787,0.13771144715206515,0.1426290312952257,49410000
1991-05-22,0.16476133465766907,0.16722092208699185,0.15246578390389803,0.15246578390389803,36980550
1991-05-23,0.15984289348125458,0.16722085745323098,0.15492451598792817,0.16476127097458101,25843050
1991-05-24,0.16722092032432556,0.16722092032432556,0.15738416163928506,0.15984295357840891,25587900
1991-05-28,0.16230250895023346,0.16722088732207624,0.15984292203225428,0.16722088732207624,11583000
1991-05-29,0.15492454171180725,0.16230250690883088,0.15000695886593227,0.16230250690883088,39054150
1991-05-30,0.1524657905101776,0.15492458258175787,0.15000699843859733,0.15492458258175787,24943950
1991-05-31,0.1475473791360855,0.15492454922685375,0.1426290005875253,0.15246575768464574,68246550
1991-06-03,0.16476133465766907,0.16722092208699185,0.1450886125444916,0.1475474045095334,54168750
1991-06-04,0.1893523931503296,0.19181198002091193,0.17213846691265414,0.17213846691265414,189475200
1991-06-05,0.1893523931503296,0.19427077142739402,0.18443401487326513,0.1893523931503296,99828450
1991-06-06,0.19181203842163086,0.1967304181961869,0.18689365864707483,0.1893524508021816,86657850
1991-06-07,0.18197523057460785,0.18935240054630148,0.18197523057460785,0.18935240054630148,43825050
1991-06-10,0.17705683410167694,0.18689359003978692,0.17705683410167694,0.18197521207073192,49887900
1991-06-11,0.18197523057460785,0.1844340220771286,0.1795164390720871,0.1795164390720871,32886000
1991-06-12,0.1795164942741394,0.18197528653274878,0.17459811429254468,0.18197528653274878,21732300
1991-06-13,0.17705683410167694,0.17951642081822966,0.17705683410167694,0.17951642081822966,17540550
1991-06-14,0.17705683410167694,0.18197521207073192,0.17705683410167694,0.17705683410167694,13875300
1991-06-17,0.17705683410167694,0.18197521207073192,0.17459804284917466,0.17705683410167694,16155450
1991-06-18,0.17459805309772491,0.17705684449455322,0.17213846623679946,0.17705684449455322,14008950
1991-06-19,0.16722092032432556,0.17459809160596965,0.16722092032432556,0.17459809160596965,24012450
1991-06-20,0.16476133465766907,0.16967971405203366,0.16230254269262726,0.16722092208699185,29168100
1991-06-21,0.1721385270357132,0.17705690703062696,0.16230256251026376,0.1647613547755316,24405300
1991-06-24,0.15984289348125458,0.1721384394825839,0.15738410246657814,0.1721384394825839,36757800
1991-06-25,0.16476133465766907,0.16967971405203366,0.15984295526330447,0.15984295526330447,23121450
1991-06-26,0.16476133465766907,0.16722092208699185,0.16230254269262726,0.16476133465766907,26551800
1991-06-27,0.1696796715259552,0.1696796715259552,0.16476129336426232,0.16476129336426232,12024450
1991-06-28,0.16722092032432556,0.1696797122634494,0.16476133292092915,0.1696797122634494,25417800
1991-07-01,0.16722092032432556,0.17213850420257323,0.16230254098180533,0.16722092032432556,14304600
1991-07-02,0.15984289348125458,0.17459802596123386,0.15984289348125458,0.16722085745323098,25600050
1991-07-03,0.15984289348125458,0.16230247995990454,0.15738410246657814,0.15984289348125458,23959800
1991-07-05,0.15984289348125458,0.16476127097458101,0.15738410246657814,0.15984289348125458,9019350
1991-07-08,0.17459805309772491,0.17705684449455322,0.1549245400667098,0.15984291832446357,34534350
1991-07-09,0.17705683410167694,0.18689359003978692,0.17459804284917466,0.17459804284917466,51179850
1991-07-10,0.16722092032432556,0.18197526288761373,0.16230254098180533,0.1770568835450935,130150800
1991-07-11,0.17459805309772491,0.17459805309772491,0.15984291832446357,0.16722088344314281,51779250
1991-07-12,0.17459805309772491,0.17951643135547868,0.16967967483997112,0.17459805309772491,59190750
1991-07-15,0.16722092032432556,0.1770568835450935,0.16476133292092915,0.17459809160596965,23583150
1991-07-16,0.17705683410167694,0.18197521207073192,0.17213845613262194,0.17213845613262194,69238800
1991-07-17,0.17705683410167694,0.17705683410167694,0.16967966488011968,0.17705683410167694,43614450
1991-07-18,0.17705683410167694,0.17705683410167694,0.17213845613262194,0.17705683410167694,28682100
1991-07-19,0.1696796715259552,0.1770568410364537,0.1696796715259552,0.1770568410364537,25596000
1991-07-22,0.17459805309772491,0.17459805309772491,0.16967967483997112,0.16967967483997112,18650250
1991-07-23,0.17459805309772491,0.17705684449455322,0.17213846623679946,0.17459805309772491,21400200
1991-07-24,0.17705683410167694,0.18197521207073192,0.17213845613262194,0.17459804284917466,25802550
1991-07-25,0.17705683410167694,0.17951642081822966,0.17459804284917466,0.17705683410167694,36344700
1991-07-26,0.18197523057460785,0.1844340220771286,0.17705685210543498,0.17705685210543498,43302600
1991-07-29,0.17705683410167694,0.1844340033232342,0.17705683410167694,0.18197521207073192,18958050
1991-07-30,0.1795164942741394,0.18443407879135817,0.17705690655115408,0.17705690655115408,24603750
1991-07-31,0.1795164942741394,0.18197528653274878,0.17705690655115408,0.1795164942741394,18597600
1991-08-01,0.17705683410167694,0.18935238129228918,0.17705683410167694,0.17951642081822966,30869100
1991-08-02,0.18197523057460785,0.1844340220771286,0.17705685210543498,0.17705685210543498,40864500
1991-08-05,0.18443402647972107,0.1893524050662997,0.18197523491850692,0.18197523491850692,27491400
1991-08-06,0.18197523057460785,0.1868936090437807,0.1795164390720871,0.1844340220771286,21841650
1991-08-07,0.1893523931503296,0.19181198002091193,0.17951643206030093,0.18197522346678302,26673300
1991-08-08,0.1991891860961914,0.20410757714444117,0.18935242774489325,0.18935242774489325,83673000
1991-08-09,0.2016480267047882,0.20656639519696157,0.1967304418044492,0.1991892342546187,57631500
1991-08-12,0.20410753786563873,0.2065663055029697,0.19918914776389235,0.2016479391464201,21720150
1991-08-13,0.1991891860961914,0.2114847363031913,0.1991891860961914,0.20410757714444117,49357350
1991-08-14,0.20410753786563873,0.2065663055029697,0.2016479391464201,0.2016479391464201,34951500
1991-08-15,0.1942707896232605,0.2041075589713232,0.1918119979864821,0.2041075589713232,20027250
1991-08-16,0.1942707896232605,0.20164795999777044,0.1918119979864821,0.1942707896232605,31002750
1991-08-19,0.18197523057460785,0.1868936090437807,0.17459806060291422,0.1868936090437807,77630400
1991-08-20,0.18443402647972107,0.1893524050662997,0.18197523491850692,0.18197523491850692,66209400
1991-08-21,0.2016480267047882,0.2016480267047882,0.18689368107489537,0.18689368107489537,41569200
1991-08-22,0.1991891860961914,0.20164797795189315,0.19427080692054233,0.20164797795189315,19905750
1991-08-23,0.2016480267047882,0.20410762649199918,0.1942708538898418,0.1991892342546187,29273400
1991-08-26,0.1991891860961914,0.20410757714444117,0.1991891860961914,0.20164797795189315,20869650
1991-08-27,0.1991891860961914,0.20410757714444117,0.19427080692054233,0.1991891860961914,13761900
1991-08-28,0.20902597904205322,0.21148477130469406,0.19673042680009445,0.19918921906273532,47235150
1991-08-29,0.2213214486837387,0.2213214486837387,0.2114846923756364,0.2114846923756364,98305650
1991-08-30,0.2213214486837387,0.22623983871038805,0.2041075347491981,0.2213214486837387,55922400
1991-09-03,0.20410753786563873,0.2237802434455398,0.20410753786563873,0.22132145206301204,58482000
1991-09-04,0.20902597904205322,0.2139443709043148,0.2041076109249969,0.2041076109249969,31205250
1991-09-05,0.2164030820131302,0.2164030820131302,0.20656630197752088,0.2090259006547618,25672950
1991-09-06,0.21394433081150055,0.22378028161059763,0.21148473167280463,0.2164031226133679,48288150
1991-09-09,0.2114846557378769,0.21640304491246082,0.2114846557378769,0.21394425399343822,10785150
1991-09-10,0.20410753786563873,0.21394429432393472,0.2016479391464201,0.21148469560471608,27345600
1991-09-11,0.2164030820131302,0.21886184960849758,0.2041075343821535,0.2041075343821535,33772950
1991-09-12,0.22378025949001312,0.22378025949001312,0.21394430966319553,0.21640310122201237,67497300
1991-09-13,0.20902597904205322,0.22132153128401197,0.20902597904205322,0.22132153128401197,49932450
1991-09-16,0.21394433081150055,0.21394433081150055,0.20164797353687897,0.2090259398709373,34339950
1991-09-17,0.21394433081150055,0.2164031226133679,0.21148473167280463,0.21394433081150055,23963850
1991-09-18,0.21394433081150055,0.2164031226133679,0.21148473167280463,0.21394433081150055,17406900
1991-09-19,0.21394433081150055,0.22378028161059763,0.21394433081150055,0.21394433081150055,38786850
1991-09-20,0.21394433081150055,0.21886189067003436,0.2090259398709373,0.21394433081150055,16596900
1991-09-23,0.2164030820131302,0.21886184960849758,0.21148469199532555,0.21394429067256643,32529600
1991-09-24,0.22623977065086365,0.2286985375109838,0.2164030173019438,0.2164030173019438,76415400
1991-09-25,0.2680448293685913,0.2705036205431182,0.2360757713155904,0.2360757713155904,411354450
1991-09-26,0.260667085647583,0.27788101296535356,0.2557494991343597,0.2680450563468156,183999600
1991-09-27,0.26558518409729004,0.2705035729170122,0.26066681902275846,0.26066681902275846,47547000
1991-09-30,0.26312658190727234,0.2680449500623692,0.2606669822886281,0.26558535044372494,39997800
1991-10-01,0.27542203664779663,0.27788082827015737,0.2631265113528519,0.2631265113528519,99188550
1991-10-02,0.292635977268219,0.2975543678664969,0.2754220375878316,0.2754220375878316,158670900
1991-10-03,0.27788078784942627,0.28771754383634807,0.27788078784942627,0.28771754383634807,74244600
1991-10-04,0.2705036699771881,0.28034042740099624,0.26804487835332136,0.2778808284403594,35866800
1991-10-07,0.26312658190727234,0.2705037423440273,0.26312658190727234,0.2705037423440273,42990750
1991-10-08,0.272963285446167,0.272963285446167,0.2606669283180598,0.26312652742744896,32213700
1991-10-09,0.26558518409729004,0.28279911755288684,0.26558518409729004,0.2729631709951135,44108550
1991-10-10,0.2680448293685913,0.27296321905426774,0.26558523085744185,0.26558523085744185,35797950
1991-10-11,0.27542203664779663,0.27788082827015737,0.27050366981150464,0.27050366981150464,32242050
1991-10-14,0.27542203664779663,0.27788082827015737,0.27050366981150464,0.27542203664779663,16123050
1991-10-15,0.27788078784942627,0.27788078784942627,0.26804483919915667,0.275421996584723,24891300
1991-10-16,0.28525879979133606,0.29017716631694096,0.2729632515278867,0.27788081071677295,79452900
1991-10-17,0.27788078784942627,0.29017714243770354,0.27788078784942627,0.28525877631684043,64253250
1991-10-18,0.27788078784942627,0.28034038645078174,0.2729632290652154,0.27788078784942627,36235350
1991-10-21,0.295094758272171,0.2975543571511224,0.2778808192116832,0.2778808192116832,107163000
1991-10-22,0.292635977268219,0.30001313575205046,0.28771758666994107,0.29509476889897174,103692150
1991-10-23,0.30984997749328613,0.3147683453074138,0.27296332303930626,0.29263603444929465,117433800
1991-10-24,0.3049315810203552,0.3172271323068874,0.30247278894877494,0.3098499725004329,103720500
1991-10-25,0.30247271060943604,0.3073902934789604,0.29755434414840093,0.3049315020441982,43444350
1991-10-28,0.30247271060943604,0.3073902934789604,0.29755434414840093,0.30247271060943604,20857500
1991-10-29,0.30247271060943604,0.30247271060943604,0.2950947453769307,0.30247271060943604,24389100
1991-10-30,0.30984997749328613,0.3147683453074138,0.30001319437462304,0.3024727938227539,58218750
1991-10-31,0.30984997749328613,0.3147683453074138,0.30001319437462304,0.30984997749328613,40196250
1991-11-01,0.319686621427536,0.319686621427536,0.3073902670461737,0.30984986560614064,86532300
1991-11-04,0.31476834416389465,0.3270638956038862,0.31476834416389465,0.3196867357053582,78983100
1991-11-05,0.31476834416389465,0.3196867357053582,0.30984997636763484,0.31476834416389465,35862750
1991-11-06,0.31476834416389465,0.3221455278076264,0.30984997636763484,0.31476834416389465,38410200
1991-11-07,0.3073903024196625,0.3172270593730402,0.3024727194071061,0.31476826786676204,22351950
1991-11-08,0.30984997749328613,0.3147683453074138,0.3049315859339546,0.3073903780451553,26025300
1991-11-11,0.3123086988925934,0.3147682979708363,0.3098499308963595,0.3098499308963595,9161100
1991-11-12,0.3073903024196625,0.3172270593730402,0.3049315109133843,0.3123086690237523,23485950
1991-11-13,0.3049315810203552,0.3073903730919355,0.2975544212139007,0.3049315810203552,65869200
1991-11-14,0.2975543141365051,0.30984986099838246,0.2852587672746278,0.30493147128822823,46526400
1991-11-15,0.2705036699771881,0.2950947680725378,0.2705036699771881,0.2926359764486711,77205150
1991-11-18,0.30001315474510193,0.30001315474510193,0.2680448960732244,0.27050368785963685,78181200
1991-11-19,0.29017722606658936,0.29755440932345073,0.27050370842285093,0.29509481001324034,53488350
1991-11-20,0.2877175509929657,0.29755433096976086,0.28525878341229927,0.2901771496555006,28961550
1991-11-21,0.2975543141365051,0.300013081578074,0.28771753471619665,0.28771753471619665,35822250
1991-11-22,0.2827991843223572,0.2950947318612359,0.27788079434139296,0.29263594053908937,29208600
1991-11-25,0.2680448293685913,0.28525876585495263,0.2680448293685913,0.2827991673438031,45254700
1991-11-26,0.272963285446167,0.2754220534735366,0.2606669283180598,0.272963285446167,37361250
1991-11-27,0.2680448293685913,0.27296321905426774,0.2680448293685913,0.2705036205431182,21193650
1991-11-29,0.26558518409729004,0.2705035729170122,0.26312641710085977,0.2705035729170122,8403750
1991-12-02,0.2827991843223572,0.2827991843223572,0.26066688056674625,0.2655852468025142,61523550
1991-12-03,0.2532898187637329,0.28279931774479866,0.25083105002675526,0.2803405252626136,118741950
1991-12-04,0.24345380067825317,0.2606669344174551,0.23607583425946685,0.2557493507572473,96114600
1991-12-05,0.23853541910648346,0.24345378606306517,0.23607582008719807,0.24099418704377976,62483400
1991-12-06,0.2360757738351822,0.24345373836555692,0.23607577383518222,0.23607577383518222,41492250
1991-12-09,0.24345380067825317,0.2557493507572473,0.23853543342640862,0.2409942015113114,47721150
1991-12-10,0.24591270089149475,0.2532898632248409,0.24345390797770672,0.24591270089149475,48413700
1991-12-11,0.24345380067825317,0.25328975159030553,0.23853543342640862,0.24591259250835706,43104150
1991-12-12,0.24591270089149475,0.24591270089149475,0.240994307726725,0.240994307726725,38608650
1991-12-13,0.25574931502342224,0.2582081065099787,0.2459125581489441,0.2459125581489441,34141500
1991-12-16,0.26558518409729004,0.26804478217539135,0.2532896394614154,0.2582080282811376,19954350
1991-12-17,0.25574931502342224,0.2680448633844568,0.25574931502342224,0.2680448633844568,17702550
1991-12-18,0.26312658190727234,0.26558535044372494,0.250831029570215,0.2532897981066677,41220900
1991-12-19,0.25820809602737427,0.26312648613753786,0.2508309382756719,0.25820809602737427,27301050
1991-12-20,0.24591270089149475,0.26066704930339873,0.24345390797770672,0.26066704930339873,27159300
1991-12-23,0.25574931502342224,0.25574931502342224,0.24345376666238766,0.24837134963550056,19464300
1991-12-24,0.26558518409729004,0.2705035729170122,0.2532896394614154,0.2557492375395167,55266300
1991-12-26,0.2705036699771881,0.2778808284403594,0.26804487835332136,0.2705036699771881,18593550
1991-12-27,0.27542203664779663,0.27788082827015737,0.2680448781891439,0.27296326877063504,22947300
1991-12-30,0.27788078784942627,0.28034038645078174,0.2729632290652154,0.275421996584723,36895500
1991-12-31,0.28525879979133606,0.2975543480547854,0.27788081071677295,0.27788081071677295,54828900
1992-01-02,0.292635977268219,0.2975543678664969,0.2754220375878316,0.28525881878438747,33728400
1992-01-03,0.30001315474510193,0.30739033744116284,0.29509478758065416,0.30001315474510193,38722050
1992-01-06,0.30001315474510193,0.30739033744116284,0.2975543867038902,0.2975543867038902,43695450
1992-01-07,0.30247271060943604,0.3073902934789604,0.28771756373593615,0.29755434414840093,58733100
1992-01-08,0.33690062165260315,0.3516549637369926,0.3246042640906822,0.3319822543423251,288481500
1992-01-09,0.3541136682033539,0.35657326679250434,0.33690053850773705,0.33935932976023936,166220100
1992-01-10,0.34919610619544983,0.35411368898910645,0.33690055828311394,0.35411368898910645,96697800
1992-01-13,0.34919610619544983,0.34919610619544983,0.33935934967994225,0.34919610619544983,56570400
1992-01-14,0.35657334327697754,0.35657334327697754,0.34673656148369636,0.34673656148369636,104919300
1992-01-15,0.3639504611492157,0.36641005998846676,0.3516549127083492,0.35411370421086996,116640000
1992-01-16,0.35903212428092957,0.36641011456081474,0.3516549650830964,0.36641011456081474,54662850
1992-01-17,0.3541136682033539,0.36395042414146384,0.3491960856983493,0.36395042414146384,65784150
1992-01-20,0.3664100468158722,0.3737872046497549,0.3516549000662083,0.3516549000662083,105300000
1992-01-21,0.36886876821517944,0.37870552293277954,0.36640997726775526,0.36886876821517944,134403300
1992-01-22,0.3860827684402466,0.3860827684402466,0.37132762108706396,0.37378721993849456,84677400
1992-01-23,0.3664100468158722,0.38854154406271746,0.36149165665091854,0.3860827526485913,102424500
1992-01-24,0.3639504611492157,0.38116437618665605,0.36149166964669494,0.3688688514909875,83839050
1992-01-27,0.37378719449043274,0.3762459858377304,0.36149164682578233,0.36149164682578233,43290450
1992-01-28,0.37132757902145386,0.37624596883040407,0.3614916304853916,0.3737871775942504,53415450
1992-01-29,0.3639504611492157,0.3762460095900822,0.36149166964669494,0.36641005998846676,72535500
1992-01-30,0.3762460947036743,0.3762460947036743,0.3639505434813344,0.3639505434813344,47636100
1992-01-31,0.3639504611492157,0.3762460095900822,0.356573303050121,0.3737872180875614,31124250
1992-02-03,0.37378719449043274,0.3787055845217074,0.36149164682578233,0.3639504381730799,27544050
1992-02-04,0.39345988631248474,0.3959194849122206,0.3713275830885114,0.3737871816882473,90059850
1992-02-05,0.39591947197914124,0.403296652864063,0.388541507502789,0.39591947197914124,95758200
1992-02-06,0.39345988631248474,0.403296666038125,0.39345988631248474,0.39345988631248474,48138300
1992-02-07,0.3860827684402466,0.3959195254273023,0.3811643780741197,0.3934599265758717,41224950
1992-02-10,0.3983783721923828,0.3983783721923828,0.3836232227928349,0.38854161384108465,32553900
1992-02-11,0.39345988631248474,0.4057554335560135,0.3910011187945962,0.3959194849122206,46178100
1992-02-12,0.40821507573127747,0.40821507573127747,0.3910011377887074,0.3934599054260383,42897600
1992-02-13,0.40575549006462097,0.4155922711602064,0.39591954005099855,0.40575549006462097,40491900
1992-02-14,0.3983783721923828,0.40329676324063257,0.39591958033668107,0.3983783721923828,29241000
1992-02-18,0.388541579246521,0.40083710461356326,0.388541579246521,0.39591954508520566,33578550
1992-02-19,0.3860827684402466,0.3910011588063735,0.37870561030462147,0.3860827684402466,58417200
1992-02-20,0.41313356161117554,0.41559237759158074,0.3885416738099348,0.39100127338210583,58510350
1992-02-21,0.40821507573127747,0.4155922334703548,0.39591950414525695,0.4106738433686084,32391900
1992-02-24,0.39591947197914124,0.4082150425662193,0.3934598734597504,0.4082150425662193,16641450
1992-02-25,0.3910010755062103,0.400836999315856,0.3860826861879134,0.39837823207018164,25357050
1992-02-26,0.4032967686653137,0.4032967686653137,0.3910012182929283,0.3910012182929283,24522750
1992-02-27,0.4032967686653137,0.41313350340372285,0.4032967686653137,0.4032967686653137,19654650
1992-02-28,0.39345988631248474,0.41067382341883363,0.3910011187945962,0.40083704369319345,36304200
1992-03-02,0.388541579246521,0.3934599461116529,0.38362318863618977,0.39100117822007374,30541050
1992-03-03,0.39591947197914124,0.40083703059947734,0.388541507502789,0.39100110602217975,36126000
1992-03-04,0.3910010755062103,0.3959194410793143,0.38854147717878074,0.39345984275188467,18095400
1992-03-05,0.38362324237823486,0.3934600012317363,0.38362324237823486,0.3885416336775869,30816450
1992-03-06,0.38362324237823486,0.3910012329957066,0.3787056821609729,0.38362324237823486,28135350
1992-03-09,0.3442777693271637,0.3836231840891064,0.3295226214162621,0.38116439248147205,68704200
1992-03-10,0.3393593430519104,0.34427773308620147,0.3196866377418187,0.341818134400716,254623500
1992-03-11,0.3393593430519104,0.3516548907241018,0.3319821854140101,0.3393593430519104,75844350
1992-03-12,0.33444103598594666,0.34427781849484357,0.32952266847670053,0.3369006352816109,26640900
1992-03-13,0.33444103598594666,0.3418182191991793,0.32952266847670053,0.3393594272403951,23765400
1992-03-16,0.331982284784317,0.3369006525455978,0.3295226853626141,0.3369006525455978,19561500
1992-03-17,0.3418181836605072,0.349196149698334,0.33198223325633175,0.33198223325633175,42727500
1992-03-18,0.33444103598594666,0.3467365867084254,0.33198226777236484,0.3418182191991793,33615000
1992-03-19,0.31476834416389465,0.3344410555024142,0.30739037692843946,0.3319822871453498,94308300
1992-03-20,0.3123086988925934,0.32214548053194747,0.3073903318181166,0.3123086988925934,87188400
1992-03-23,0.3172270953655243,0.32706385343497746,0.3098499364181462,0.3123087044581974,42962400
1992-03-24,0.3393593430519104,0.34427773308620147,0.3196866377418187,0.3221454290906244,91011600
1992-03-25,0.295094758272171,0.31476827246641187,0.28034041809063454,0.3123086735874605,446868900
1992-03-26,0.2877175509929657,0.30001309855042724,0.28525878341229927,0.29755433096976086,70008300
1992-03-27,0.272963285446167,0.29017720237421396,0.2606669283180598,0.29017720237421396,93984300
1992-03-30,0.27542203664779663,0.2827992188516485,0.27296326877063504,0.27788082827015737,29192400
1992-03-31,0.26558518409729004,0.28034032681126597,0.26558518409729004,0.2754219379915438,60045300
1992-04-01,0.2680448293685913,0.2705036205431182,0.2582080737424333,0.2631264634281097,48247650
1992-04-02,0.272963285446167,0.28034044435549593,0.26558529545481857,0.27050368633677785,54946350
1992-04-03,0.27542203664779663,0.28034042722928776,0.27050366981150464,0.27050366981150464,19245600
1992-04-06,0.27542203664779663,0.27788082827015737,0.27050366981150464,0.27542203664779663,20748150
1992-04-07,0.25820809602737427,0.2754220102542071,0.2557493046406386,0.2754220102542071,47672550
1992-04-08,0.24591270089149475,0.2582082563896107,0.23607593830716683,0.2582082563896107,55213650
1992-04-09,0.2680448293685913,0.2705036205431182,0.2434537357672215,0.2508309166274248,51572700
1992-04-10,0.260667085647583,0.27788101296535356,0.260667085647583,0.27296345019734514,36320400
1992-04-13,0.25820809602737427,0.26312648613753786,0.2508309382756719,0.26312648613753786,38977200
1992-04-14,0.272963285446167,0.2778808452461068,0.25083097763616075,0.2582081365454897,91048050
1992-04-15,0.27788078784942627,0.28525877631684043,0.26804483919915667,0.2729632290652154,70611750
1992-04-16,0.27788078784942627,0.28034038645078174,0.2729632290652154,0.275421996584723,46068750
1992-04-20,0.272963285446167,0.2778808452461068,0.26558529545481857,0.2754220534735366,22072500
1992-04-21,0.2680448293685913,0.27788077765812674,0.26558523085744185,0.27542198648359983,28402650
1992-04-22,0.272963285446167,0.28034044435549593,0.2680448945642077,0.2680448945642077,36960300
1992-04-23,0.260667085647583,0.2754222197087419,0.2557494991343597,0.2754222197087419,53536950
1992-04-24,0.25820809602737427,0.2655852537790767,0.2532897059172107,0.2606668874141099,46238850
1992-04-27,0.260667085647583,0.26558545575289766,0.25328989854044176,0.2557494991343597,27070200
1992-04-28,0.2532898187637329,0.26312660336657706,0.24591265772533316,0.26312660336657706,36583650
1992-04-29,0.26312658190727234,0.26558535044372494,0.2360758776145135,0.2532897981066677,90104400
1992-04-30,0.272963285446167,0.272963285446167,0.2606669283180598,0.26312652742744896,58113450
1992-05-01,0.27788078784942627,0.28525877631684043,0.27050363046385995,0.2729632290652154,47283750
1992-05-04,0.292635977268219,0.292635977268219,0.2754220375878316,0.27788082921858437,36599850
1992-05-05,0.3172270953655243,0.3172270953655243,0.29509478744136614,0.2975543865634412,113128650
1992-05-06,0.3123086988925934,0.32214548053194747,0.3000131492570054,0.3172270897122704,57631500
1992-05-07,0.3073903024196625,0.32214544972232806,0.3024727194071061,0.31476826786676204,35907300
1992-05-08,0.3049315810203552,0.3172271323068874,0.2950948218054033,0.3049315810203552,37446300
1992-05-11,0.3049315810203552,0.3098499725004329,0.30247278894877494,0.3049315810203552,11214450
1992-05-12,0.3073903024196625,0.30984990126267214,0.30001312056409646,0.30984990126267214,23842350
1992-05-13,0.2975543141365051,0.30493147128822823,0.2950947156131147,0.30493147128822823,41062950
1992-05-14,0.2975543141365051,0.30247268010146444,0.28771753471619665,0.300013081578074,29913300
1992-05-15,0.30247271060943604,0.30247271060943604,0.2901771625074064,0.2950947453769307,16285050
1992-05-18,0.30001315474510193,0.3098499365643988,0.29509478758065416,0.3024727538683379,21797100
1992-05-19,0.295094758272171,0.3000131249481321,0.2877175763088036,0.2975543571511224,16860150
1992-05-20,0.30001315474510193,0.3049315456547504,0.29509478758065416,0.29509478758065416,16592850
1992-05-21,0.292635977268219,0.30247273471957564,0.2901771856374662,0.2975543678664969,12348450
1992-05-22,0.29017722606658936,0.29509481001324034,0.29017722606658936,0.29509481001324034,7703100
1992-05-26,0.28034043312072754,0.2901771907452331,0.27788083410990794,0.2901771907452331,23639850
1992-05-27,0.295094758272171,0.2975543571511224,0.28034041809063454,0.2852588085117939,24125850
1992-05-28,0.2975543141365051,0.2975543141365051,0.2901771332395871,0.2975543141365051,17159850
1992-05-29,0.292635977268219,0.3073903179810812,0.2901771856374662,0.2975543678664969,19707300
1992-06-01,0.292635977268219,0.29509476889897174,0.2901771856374662,0.2901771856374662,14098050
1992-06-02,0.30984997749328613,0.30984997749328613,0.2877176428899631,0.29017724233809394,52038450
1992-06-03,0.30984997749328613,0.3172271374186145,0.3024727938227539,0.30984997749328613,63244800
1992-06-04,0.30984997749328613,0.3147683453074138,0.3073903780451553,0.30984997749328613,24364800
1992-06-05,0.3049315810203552,0.3123087408268097,0.30001318954027756,0.3098499725004329,14037300
1992-06-08,0.3073903024196625,0.3073903024196625,0.3024727194071061,0.3049315109133843,13932000
1992-06-09,0.30001315474510193,0.3098499365643988,0.29509478758065416,0.3049315456547504,16430850
1992-06-10,0.2975543141365051,0.30247268010146444,0.2950947156131147,0.300013081578074,9472950
1992-06-11,0.3049315810203552,0.3073903730919355,0.2975544212139007,0.30001318954027756,28426950
1992-06-12,0.3073903024196625,0.31476826786676204,0.3049315109133843,0.3049315109133843,20873700
1992-06-15,0.331982284784317,0.331982284784317,0.30493158265752107,0.3073903747423025,77201100
1992-06-16,0.3246041536331177,0.34181808905604566,0.31968659533305294,0.3344409086515859,71810550
1992-06-17,0.30984997749328613,0.32214552897794607,0.3073903780451553,0.31968673686674537,33849900
1992-06-18,0.30247271060943604,0.3147682587114657,0.30247271060943604,0.3098498922504306,31245750
1992-06-19,0.3172270953655243,0.31968669448759934,0.30247275372556737,0.30247275372556737,57080700
1992-06-22,0.3123086988925934,0.3246042485281813,0.30493154007668244,0.3147682979708363,45283050
1992-06-23,0.3049315810203552,0.3172271323068874,0.3049315810203552,0.31476834023530714,29087100
1992-06-24,0.2975543141365051,0.30984986099838246,0.2926359244263509,0.30493147128822823,60984900
1992-06-25,0.29017722606658936,0.29755440932345073,0.2754220759611843,0.29755440932345073,50580450
1992-06-26,0.28034043312072754,0.2901771907452331,0.2754220424358749,0.2901771907452331,52038450
1992-06-29,0.3049315810203552,0.3049315810203552,0.2827992705188711,0.2827992705188711,36283950
1992-06-30,0.30001315474510193,0.3098499365643988,0.29509478758065416,0.3049315456547504,26620650
1992-07-01,0.3418181836605072,0.3541137331046236,0.3221454755153601,0.3295226342163908,284658300
1992-07-02,0.331982284784317,0.3491962038981443,0.3295226853626141,0.3442778361368635,95122350
1992-07-06,0.331982284784317,0.3344410531238949,0.32460429385612977,0.3295226853626141,73280700
1992-07-07,0.3221454620361328,0.33444098722057936,0.3221454620361328,0.33444098722057936,49632750
1992-07-08,0.32706379890441895,0.32706379890441895,0.3172270424750245,0.32460420019242686,51094800
1992-07-09,0.3418181836605072,0.34673655065839304,0.324604243473305,0.324604243473305,58283550
1992-07-10,0.35165494680404663,0.35411373854496647,0.3369006054301106,0.3393593971710304,50151150
1992-07-13,0.35165494680404663,0.35411373854496647,0.3467365559853983,0.3491961550631268,35028450
1992-07-14,0.35657334327697754,0.35657334327697754,0.34673656148369636,0.35165495238033695,48519000
1992-07-15,0.37378719449043274,0.37378719449043274,0.35411368185572717,0.35657328053970416,81275400
1992-07-16,0.37378719449043274,0.37378719449043274,0.35903204814180534,0.36886882820435457,52378650
1992-07-17,0.36886876821517944,0.36886876821517944,0.3516548333187588,0.3639503789837831,75111300
1992-07-20,0.3614916205406189,0.36641001021426234,0.35411365610703815,0.3614916205406189,40581000
1992-07-21,0.37132757902145386,0.37624596883040407,0.36395042172154535,0.3737871775942504,50422500
1992-07-22,0.3664100468158722,0.37132760589892744,0.36149165665091854,0.36395044806504473,33805350
1992-07-23,0.3639504611492157,0.3713276192483103,0.36149166964669494,0.36641005998846676,11745000
1992-07-24,0.37132757902145386,0.37132757902145386,0.3614916304853916,0.3614916304853916,35644050
1992-07-27,0.3614916205406189,0.3688688013827737,0.3614916205406189,0.36641001021426234,12891150
1992-07-28,0.35903212428092957,0.3688689064295428,0.356573356157403,0.36641011456081474,20950650
1992-07-29,0.34673646092414856,0.3590320071862184,0.34673646092414856,0.3565732398645944,61661250
1992-07-30,0.3639504611492157,0.36641005998846676,0.34673652236657737,0.34673652236657737,41962050
1992-07-31,0.3664100468158722,0.3664100468158722,0.3590320579000911,0.36395044806504473,30083400
1992-08-03,0.3664100468158722,0.36886883822999833,0.3590320579000911,0.36149165665091854,18399150
1992-08-04,0.3614916205406189,0.3688688013827737,0.35903202203548684,0.3639504117091303,12538800
1992-08-05,0.3639504611492157,0.36641005998846676,0.356573303050121,0.36149166964669494,33376050
1992-08-06,0.35657334327697754,0.3664101013250581,0.35657334327697754,0.3614917104284175,17410950
1992-08-07,0.35165494680404663,0.36149170469614295,0.3491961550631268,0.35657333762269494,46971900
1992-08-10,0.34673646092414856,0.35165485039437144,0.34181809519911943,0.34919605932755365,31237650
1992-08-11,0.3418181836605072,0.34673655065839304,0.33444100121427667,0.34673655065839304,47575350
1992-08-12,0.34673646092414856,0.35165485039437144,0.33690051306548374,0.34181809519911943,32622750
1992-08-13,0.34673646092414856,0.35165485039437144,0.34673646092414856,0.34673646092414856,29893050
1992-08-14,0.35165494680404663,0.35165494680404663,0.3418181889119503,0.34427778798967873,18269550
1992-08-17,0.35165494680404663,0.35411373854496647,0.34427778798967873,0.3467365559853983,25073550
1992-08-18,0.3442777693271637,0.35411371934926694,0.3418181703827645,0.3516549277416326,10311300
1992-08-19,0.33690062165260315,0.3516549637369926,0.33690062165260315,0.34181820537123514,19840950
1992-08-20,0.3418181836605072,0.3418181836605072,0.327063842513246,0.3369006002542176,35141850
1992-08-21,0.3442777693271637,0.3516549277416326,0.3369005871674958,0.3418181703827645,62321400
1992-08-24,0.3221454620361328,0.3418181693581334,0.3196866704358689,0.3418181693581334,43687350
1992-08-25,0.331982284784317,0.3344410531238949,0.3098499741640054,0.3172271340100676,41840550
1992-08-26,0.33444103598594666,0.34427781849484357,0.33198226777236484,0.33198226777236484,24040800
1992-08-27,0.3418181836605072,0.3442777827004482,0.3369006002542176,0.3393593919573624,30144150
1992-08-28,0.3418181836605072,0.3442777827004482,0.3393593919573624,0.3442777827004482,8326800
1992-08-31,0.3442777693271637,0.34673653718959907,0.33935937877513017,0.33935937877513017,27122850
1992-09-01,0.35657334327697754,0.35657334327697754,0.3418181943322564,0.3442777934489874,46700550
1992-09-02,0.37378719449043274,0.37378719449043274,0.35411368185572717,0.35657328053970416,79813350
1992-09-03,0.36886876821517944,0.37378713370138317,0.36640997726775526,0.371327535417411,58364550
1992-09-04,0.3639504611492157,0.3713276192483103,0.356573303050121,0.3713276192483103,29467800
1992-09-08,0.3614916205406189,0.3639504117091303,0.35903202203548684,0.35903202203548684,32813100
1992-09-09,0.38362324237823486,0.3860828416963546,0.36149174002688717,0.36149174002688717,56404350
1992-09-10,0.3811643421649933,0.3885415233508193,0.37870557462713317,0.3811643421649933,66023100
1992-09-11,0.388541579246521,0.3934599461116529,0.3811643969994114,0.3811643969994114,82000350
1992-09-14,0.4106740355491638,0.4155924279525395,0.3885417208929235,0.39346008955109124,134119800
1992-09-15,0.39591947197914124,0.4082150425662193,0.38608271632002344,0.4082150425662193,125230050
1992-09-16,0.3811643421649933,0.3983782794111637,0.37870557462713317,0.3910011219705335,50248350
1992-09-17,0.39591947197914124,0.40083703059947734,0.38116432661786714,0.38116432661786714,43059600
1992-09-18,0.3983783721923828,0.40575553135113296,0.38854161384108465,0.4008371403028832,48713400
1992-09-21,0.388541579246521,0.39591954508520566,0.3860827876097426,0.3934599461116529,14790600
1992-09-22,0.3983783721923828,0.40575553135113296,0.37624606363408475,0.39100121303363267,79614900
1992-09-23,0.39345988631248474,0.4082150559009451,0.3787055715510674,0.40083704369319345,181800450
1992-09-24,0.39591947197914124,0.40083703059947734,0.388541507502789,0.39591947197914124,62912700
1992-09-25,0.37378719449043274,0.39345989978845897,0.3664100368570569,0.39345989978845897,35862750
1992-09-28,0.3811643421649933,0.3836231334480492,0.36886881856678877,0.36886881856678877,18630000
1992-09-29,0.4008370637893677,0.4008370637893677,0.3787055905376688,0.3787055905376688,87921450
1992-09-30,0.39345988631248474,0.4082150559009451,0.3910011187945962,0.403296666038125,37762200
1992-10-01,0.3860827684402466,0.3983783169419986,0.383623169588816,0.3910011588063735,45469350
1992-10-02,0.3811643421649933,0.3885415233508193,0.3713275861046489,0.3836231334480492,77407650
1992-10-05,0.37378719449043274,0.38116435212380856,0.3664100368570569,0.38116435212380856,66314700
1992-10-06,0.3910010755062103,0.3959194410793143,0.37624593129651246,0.37624593129651246,70575300
1992-10-07,0.38362324237823486,0.3983783925310883,0.3787056821609729,0.3910012329957066,67485150
1992-10-08,0.38362324237823486,0.3910012329957066,0.3787056821609729,0.3860828416963546,38219850
1992-10-09,0.37378719449043274,0.3860827421550832,0.37378719449043274,0.3836231434711062,33651450
1992-10-12,0.3910010755062103,0.3910010755062103,0.37132754197821555,0.3787055296239421,37409850
1992-10-13,0.39591947197914124,0.39591947197914124,0.388541507502789,0.39100110602217975,52382700
1992-10-14,0.388541579246521,0.3983783367219841,0.388541579246521,0.3934599461116529,30569400
1992-10-15,0.39345988631248474,0.39345988631248474,0.3860827289317761,0.3860827289317761,21987450
1992-10-16,0.40575549006462097,0.41067388061241367,0.38854157430612635,0.3910011732484048,95511150
1992-10-19,0.43526506423950195,0.440183455755857,0.40329680162418974,0.4082151931405448,127805850
1992-10-20,0.44018346071243286,0.45247901222810627,0.4377246448498264,0.4377246448498264,131523750
1992-10-21,0.4426428973674774,0.45247887008409754,0.4401833224310099,0.4401833224310099,86945400
1992-10-22,0.4524787366390228,0.45985589208978966,0.44510158118825593,0.44510158118825593,94547250
1992-10-23,0.45493844151496887,0.45493844151496887,0.44510170902786145,0.45247886659745395,61665300
1992-10-26,0.4426428973674774,0.45247887008409754,0.42542895968774036,0.45002005499391573,84649050
1992-10-27,0.42542901635169983,0.44264295632420475,0.42051067316035684,0.4401833810601402,46915200
1992-10-28,0.4303464889526367,0.4377244529998212,0.4254289068731558,0.4254289068731558,22943250
1992-10-29,0.44756051898002625,0.44756051898002625,0.42788781198964226,0.43280620244402473,50710050
1992-10-30,0.4377245306968689,0.45247889422739956,0.43526495562916373,0.44510173620733195,35761500
1992-11-02,0.44756051898002625,0.45002009413039334,0.43526497025764305,0.43772454540801015,28876500
1992-11-03,0.43526506423950195,0.45002019129815984,0.4303466727231469,0.4451018472722121,34676100
1992-11-04,0.4303464889526367,0.44018326778475514,0.42788772165808975,0.4303464889526367,27702000
1992-11-05,0.4623158276081085,0.4623158276081085,0.43280637540649064,0.43280637540649064,40828050
1992-11-06,0.47461116313934326,0.4770699782960413,0.45247888232462397,0.45985604015063025,75722850
1992-11-09,0.4647744596004486,0.47952958351903047,0.46231564428879585,0.47707000836102353,44821350
1992-11-10,0.47707000374794006,0.4795295788821638,0.46231563981838136,0.4672340302404821,44396100
1992-11-11,0.47461116313934326,0.48690671112505196,0.47461116313934326,0.47461116313934326,61487100
1992-11-12,0.45493844151496887,0.4795295366316539,0.4426428939566264,0.4746111466429039,52860600
1992-11-13,0.4573975205421448,0.4598563372876116,0.44510201210206585,0.4549387512871028,18565200
1992-11-16,0.42788779735565186,0.4524788939593896,0.41805101678331014,0.44756050367321876,108831600
1992-11-17,0.4032967686653137,0.42296947829567827,0.39837837755090744,0.4205107101521054,95486850
1992-11-18,0.42788779735565186,0.4328061876418227,0.4032967007519141,0.4057554684814413,34834050
1992-11-19,0.4426428973674774,0.4475604800574482,0.42788777477792217,0.43034654237771114,46453500
1992-11-20,0.43526506423950195,0.4451018472722121,0.4303466727231469,0.44264303143729244,19751850
1992-11-23,0.41313356161117554,0.4303466981863133,0.40821521729421445,0.4303466981863133,55476900
1992-11-24,0.4229693114757538,0.4254288859861228,0.4131333404631246,0.4131333404631246,55177200
1992-11-25,0.40821507573127747,0.425428966183454,0.3983782955277847,0.425428966183454,48251700
1992-11-27,0.4106740355491638,0.41313361167417806,0.4008372507424125,0.4082152667612182,15969150
1992-11-30,0.4377245306968689,0.4377245306968689,0.4131334340785655,0.4155922492999444,42176700
1992-12-01,0.44756051898002625,0.45002009413039334,0.43034657980326063,0.43772454540801015,36616050
1992-12-02,0.4328061640262604,0.4475604792526045,0.4254289589226956,0.4475604792526045,19367100
1992-12-03,0.4426428973674774,0.4475604800574482,0.43280616480457157,0.43280616480457157,16232400
1992-12-04,0.45002028346061707,0.45247909979909295,0.44018354590378744,0.44756070727546965,22947300
1992-12-07,0.47215238213539124,0.47215238213539124,0.44756047952196054,0.45247886954272526,36000450
1992-12-08,0.4623158276081085,0.47461138124416535,0.4573974351881883,0.4721526124479489,37118250
1992-12-09,0.45002028346061707,0.45985626117077516,0.44510193842741075,0.45739744483229927,28256850
1992-12-10,0.45002028346061707,0.45002028346061707,0.44018354590378744,0.44756070727546965,27471150
1992-12-11,0.43526506423950195,0.4549385828145149,0.4229695128622796,0.4475606156167244,64435500
1992-12-14,0.4155924618244171,0.43526517821381333,0.4131336453456557,0.43526517821381333,51649650
1992-12-15,0.39345988631248474,0.41805098079954234,0.39345988631248474,0.41805098079954234,53310150
1992-12-16,0.41313356161117554,0.41559237759158074,0.3811644897673635,0.39346004187210093,99184500
1992-12-17,0.4106740355491638,0.42051082035591514,0.40575564314578816,0.4155924279525395,68635350
1992-12-18,0.4032967686653137,0.4155923190376991,0.39837837755090744,0.4106739279232928,88034850
1992-12-21,0.3983783721923828,0.40329676324063257,0.3860828219853829,0.40329676324063257,93704850
1992-12-22,0.3811643421649933,0.4032966693139338,0.3713275861046489,0.40083704694902383,114647400
1992-12-23,0.5483852624893188,0.5508440301740013,0.48936633727632395,0.5213345913127011,351661500
1992-12-24,0.5483852624893188,0.5508440301740013,0.5336301393903156,0.543466872292853,72794700
1992-12-28,0.5459257960319519,0.5483853715424575,0.5410074048574037,0.5459257960319519,55715850
1992-12-29,0.5557622909545898,0.5606806800057502,0.5459255603426525,0.5459255603426525,91100700
1992-12-30,0.5533028841018677,0.560680849836468,0.5508440687545777,0.5533028841018677,45064350
1992-12-31,0.5582212805747986,0.5631396236776111,0.5533028899815877,0.5533028899815877,29366550
1993-01-04,0.5631394982337952,0.5680578877313955,0.5557623414008844,0.5557623414008844,60976800
1993-01-05,0.5778946876525879,0.585271844752631,0.5631395186254913,0.5631395186254913,86508000
1993-01-06,0.5901903510093689,0.5926491189193965,0.5778948018048716,0.5778948018048716,62082450
1993-01-07,0.592648983001709,0.6049445293863545,0.5852718261363183,0.5901902156555732,99577350
1993-01-08,0.5877307653427124,0.5975675472576274,0.5778948382550306,0.5926491563001699,100006650
1993-01-11,0.5803534984588623,0.5926490461537072,0.5778947308507231,0.5901902785455679,47952000
1993-01-12,0.5631394982337952,0.5778946667265963,0.5483851845679736,0.5754350445643064,66120300
1993-01-13,0.5803534984588623,0.5803534984588623,0.5533028281243519,0.5655991831558782,34975800
1993-01-14,0.6000263094902039,0.6000263094902039,0.5705168663499395,0.580353600678835,63593100
1993-01-15,0.585271954536438,0.6000262715041009,0.5754351733398821,0.5975675036185474,51058350
1993-01-18,0.5606808662414551,0.5803535741536796,0.5557624755566025,0.5803535741536796,46651950
1993-01-19,0.5680582523345947,0.5778950376434497,0.5459259602938533,0.5631398596801672,61604550
1993-01-20,0.5778946876525879,0.5926490018526741,0.5631395186254913,0.5655991408768459,91027800
1993-01-21,0.631995439529419,0.6369137830773852,0.5803536158674164,0.5828124314633798,99889200
1993-01-22,0.6590453386306763,0.6639637298976421,0.6319954689032948,0.6319954689032948,110848500
1993-01-25,0.6885555386543274,0.6934730743791981,0.6590452428325242,0.6615048180317243,107839350
1993-01-26,0.6910142302513123,0.7156053254702617,0.6762591077140943,0.6959326202605158,107798850
1993-01-27,0.6541275978088379,0.688555473592825,0.634454084950049,0.6836370835055294,114578550
1993-01-28,0.6442909240722656,0.6565864255115132,0.6344541429976852,0.6541276576564483,82024650
1993-01-29,0.6393724083900452,0.6467495653384628,0.6147813153439908,0.6442907979646546,68278950
1993-02-01,0.6639636754989624,0.6688820188725625,0.624618210750987,0.6418321513613822,54824850
1993-02-02,0.6516681909561157,0.6615049261779449,0.6393726399794736,0.6615049261779449,53860950
1993-02-03,0.6565864682197571,0.6787187996635998,0.6492093093475481,0.6541277002047593,77314500
1993-02-04,0.6418320536613464,0.6590451843147331,0.6246181156712666,0.6565863691802224,64374750
1993-02-05,0.6295357942581177,0.6492093102230942,0.5975675358839547,0.6369137604770918,62365950
1993-02-08,0.6172405481338501,0.6319957279834827,0.6098633856228525,0.6246185179820608,33129000
1993-02-09,0.5877307653427124,0.6196998791525695,0.5803536063201428,0.6172402562602242,92522250
1993-02-10,0.6196999549865723,0.622158723352569,0.5901904604579208,0.5926492288239177,102971250
1993-02-11,0.6000263094902039,0.6319954229893063,0.5951087734077803,0.6270770320796578,40888800
1993-02-12,0.585271954536438,0.6024858942168253,0.5754351733398821,0.5951087357329938,58749300
1993-02-16,0.5557622909545898,0.5828121959860026,0.5237932370258817,0.5803533813834899,107430300
1993-02-17,0.5606808662414551,0.5631396341702885,0.5311713769595253,0.5557624755566025,65658600
1993-02-18,0.5778946876525879,0.5951086241040288,0.5655991408768459,0.5680579083011902,92753100
1993-02-19,0.6000263094902039,0.6000263094902039,0.5778948326376232,0.5852719915884834,97544250
1993-02-22,0.5828125476837158,0.6123228048178497,0.5754353395782731,0.5975676762507828,79007400
1993-02-23,0.5828125476837158,0.5951089076549119,0.5729765709824022,0.5877308922124634,62386200
1993-02-24,0.6221583485603333,0.6246179227815968,0.5729761722493564,0.5729761722493564,49896000
1993-02-25,0.6492090821266174,0.6516678967714394,0.6147812604933737,0.6196996496291658,57238650
1993-02-26,0.6442909240722656,0.659045240856976,0.62707698460533,0.6516680824646208,60474600
1993-03-01,0.6196999549865723,0.649209402024816,0.6147815634272407,0.649209402024816,38628900
1993-03-02,0.6270769238471985,0.6319953139079408,0.6147813761088814,0.6196997661696237,48790350
1993-03-03,0.6713415384292603,0.6738003060693598,0.6295356974212771,0.6319953198884622,81000000
1993-03-04,0.6541275978088379,0.6713415357008314,0.6369136599168442,0.6713415357008314,72648900
1993-03-05,0.6688820719718933,0.6787188544807902,0.6418322023133539,0.6541277530358327,42484500
1993-03-08,0.6762592792510986,0.6910144055310382,0.6615049128176349,0.6664233040744163,42063300
1993-03-09,0.6664234399795532,0.6787189932153223,0.6516683106905691,0.6738006009555227,29443500
1993-03-10,0.6639636754989624,0.6664232508541704,0.6492093102437753,0.6615048599901694,36146250
1993-03-11,0.686095654964447,0.6910140436454574,0.6565861777052221,0.6615045663862326,51609150
1993-03-12,0.6787186861038208,0.6836370761381119,0.6688819060352386,0.6787186861038208,29131650
1993-03-15,0.7106871604919434,0.7131467836888906,0.6811776659199497,0.6836372891168969,46327950
1993-03-16,0.698391318321228,0.7254420332652016,0.6959325509749501,0.7180648289089966,96896250
1993-03-17,0.6885555386543274,0.7156054044497676,0.6836371481022938,0.6983914649312317,113071950
1993-03-18,0.698391318321228,0.7082280973603063,0.6836370045895939,0.691014161455411,63240750
1993-03-19,0.6811776757240295,0.7033100106784067,0.6738005156816876,0.7008512422734099,61215750
1993-03-22,0.686095654964447,0.686095654964447,0.6541274107781357,0.6738001106753397,71126100
1993-03-23,0.686095654964447,0.7106867435426615,0.6688817219943294,0.6934728105725438,78578100
1993-03-24,0.7033098936080933,0.7082282844267416,0.6885555759793575,0.6959327347937254,157779900
1993-03-25,0.7254421710968018,0.7352789045144387,0.7033098414672981,0.7057686092807338,126809550
1993-03-26,0.7205238938331604,0.7303606287960949,0.715605502606491,0.7303606287960949,55161000
1993-03-29,0.7180651426315308,0.7377379019681171,0.7156055668740693,0.7205239585424529,51520050
1993-03-30,0.7229824066162109,0.730360370772949,0.7205236392851544,0.7254420287742455,33619050
1993-03-31,0.7229824066162109,0.7328191855943932,0.7205236392851544,0.7279007961053021,43395750
1993-04-01,0.7254421710968018,0.7352789045144387,0.7205237806427848,0.7205237806427848,40451400
1993-04-02,0.6836370825767517,0.7229824935674986,0.6787186924961383,0.7229824935674986,68031900
1993-04-05,0.6959328651428223,0.6959328651428223,0.6639637937377664,0.6836373132068339,59239350
1993-04-06,0.6811776757240295,0.7057687790834036,0.6787189073190327,0.7008512422734099,47777850
1993-04-07,0.7033098936080933,0.7106870524224611,0.6738004035234126,0.6787187943420608,48105900
1993-04-08,0.7057687640190125,0.7156055470837399,0.6983916041341335,0.7106871555513762,36798300
1993-04-12,0.7057687640190125,0.7131467787312246,0.6983916041341335,0.7057687640190125,45655650
1993-04-13,0.6787186861038208,0.7057685490518126,0.6738002960695296,0.7033097814482036,43744050
1993-04-14,0.6811776757240295,0.6836372989563778,0.6639637798974058,0.6787189073190327,54387450
1993-04-15,0.6836370825767517,0.7008510204453587,0.6738003024155247,0.6762591175326844,61503300
1993-04-16,0.6516681909561157,0.6860960281312293,0.6467497995999983,0.6836372598668218,108669600
1993-04-19,0.6418320536613464,0.6516680265552952,0.6246181156712666,0.6492092114207845,54715500
1993-04-20,0.6590453386306763,0.6590453386306763,0.6246182619260847,0.6467497878769052,49482900
1993-04-21,0.6664234399795532,0.6713418322393527,0.6516683106905691,0.6590454716665386,63828000
1993-04-22,0.6836370825767517,0.6910142402841317,0.6615047546275312,0.663963569744691,48766050
1993-04-23,0.6664234399795532,0.6836373854751218,0.6590454716665386,0.6811777619314923,31865400
1993-04-26,0.6442909240722656,0.6688819744411587,0.6393725335349755,0.6639636313942663,44975250
1993-04-27,0.6590453386306763,0.6639637298976421,0.6319954689032948,0.6393726283901,45445050
1993-04-28,0.6688820719718933,0.67134169501276,0.6541277530358327,0.6565865212494145,19537200
1993-04-29,0.686095654964447,0.686095654964447,0.6639633808036989,0.6664229550672429,34473600
1993-04-30,0.7008508443832397,0.7106867672464845,0.6836369108389788,0.6860956778480735,52722900
1993-05-03,0.7279009222984314,0.7303604973924845,0.6959326673176037,0.7033098254166984,40095000
1993-05-04,0.7500331997871399,0.7623287481600509,0.7254421505317133,0.7254421505317133,98625600
1993-05-05,0.7574104070663452,0.7598699821524241,0.7426560434255949,0.7451148586653419,66646800
1993-05-06,0.7647882103919983,0.7697057923388833,0.754951431825115,0.754951431825115,57165750
1993-05-07,0.7820013761520386,0.7844609508364203,0.7623286253984122,0.7697058297591416,67886100
1993-05-10,0.7746241688728333,0.7918381047234305,0.7647882446917638,0.7844609478808833,86285250
1993-05-11,0.7820013761520386,0.7869197181842061,0.7721654044435233,0.7746241717913092,36012600
1993-05-12,0.7770839929580688,0.7820015764033,0.7697060268618169,0.7746243701534505,36855000
1993-05-13,0.7500331997871399,0.774624296532962,0.7451148569629468,0.7721655287892284,65472300
1993-05-14,0.7746241688728333,0.777083791038336,0.7426559193371415,0.7475743088411665,43055550
1993-05-17,0.7795426249504089,0.7820014399893037,0.7672470775537873,0.7746242350263496,37936350
1993-05-18,0.7992152571678162,0.8016748793197834,0.7820013689023364,0.7844609435639162,71583750
1993-05-19,0.8434803485870361,0.8434803485870361,0.779542961615421,0.8016752984185614,125886150
1993-05-20,0.8557755947113037,0.8582343624408308,0.8336432658370931,0.8434800464094349,90209700
1993-05-21,0.8287248611450195,0.8533168121483866,0.8188889355707744,0.8508571896344991,84742200
1993-05-24,0.8262662291526794,0.8434801702684633,0.8188890700536984,0.8238074610620998,59012550
1993-05-25,0.8188888430595398,0.8287247675226042,0.8041336741244355,0.8238072327045746,37162800
1993-05-26,0.8533170819282532,0.8582346188565254,0.8139708027104721,0.8139708027104721,76950000
1993-05-27,0.8582342267036438,0.8779077847367833,0.8508570698547071,0.8606938488712769,66249900
1993-05-28,0.8213480710983276,0.8557759630944728,0.818889302310382,0.8533171943065272,32671350
1993-06-01,0.870530903339386,0.870530903339386,0.821347937135732,0.821347937135732,39779100
1993-06-02,0.8754482865333557,0.8828262042732173,0.8508571903367929,0.8705306561749359,54399600
1993-06-03,0.892661988735199,0.8975803776390618,0.8680708990427611,0.8754480549851172,41589450
1993-06-04,0.8656123280525208,0.8951217183514933,0.8631527056300835,0.8828261707205166,55501200
1993-06-07,0.8164293169975281,0.868071132113205,0.8139705492988746,0.868071132113205,97001550
1993-06-08,0.8041334748268127,0.8188886401049752,0.7820012018133431,0.8090518632528669,84555900
1993-06-09,0.8188888430595398,0.8361027794036588,0.7893793600163362,0.8016749067154206,62892450
1993-06-10,0.8090521693229675,0.8213477176261983,0.7992153887495362,0.8164293273394827,35530650
1993-06-11,0.8410211801528931,0.8434799475943715,0.811511696720069,0.8164292316030259,35251200
1993-06-14,0.8729897737503052,0.8828264620512134,0.8410215103257265,0.8410215103257265,47814300
1993-06-15,0.8631526827812195,0.8877445372384764,0.8606939152509392,0.8852850098619317,34607250
1993-06-16,0.8606936931610107,0.8656120817794976,0.8385613717912335,0.8606936931610107,39884400
1993-06-17,0.870530903339386,0.8852853182964016,0.8557758235166575,0.8557758235166575,44562150
1993-06-18,0.8557755947113037,0.8779079235855143,0.8508572044251329,0.8705306705890256,49802850
1993-06-21,0.8483982682228088,0.860693814083059,0.8336431002943404,0.8533166575322982,37365300
1993-06-22,0.8582342267036438,0.8680710057202136,0.8459386803464222,0.8508570698547071,49867650
1993-06-23,0.8483982682228088,0.860693814083059,0.8385614896038298,0.858234192014841,48778200
1993-06-24,0.870530903339386,0.8779081583083018,0.841021503540458,0.8459390403142945,58891050
1993-06-25,0.9074169397354126,0.9147940946962481,0.8729891717965815,0.8754479385079391,106466400
1993-06-28,0.9565994143486023,0.9590590366626428,0.907417225992177,0.912335615793226,90063900
1993-06-29,0.9098760485649109,0.9738133085402642,0.8828260931049596,0.9664361515756708,130839300
1993-06-30,0.9688953161239624,1.0107012173233672,0.9590593877482305,0.9984048109058483,169751700
1993-07-01,0.983650803565979,0.9861095727345554,0.9590596925697471,0.9688956240716697,67505400
1993-07-02,0.983650803565979,0.983650803565979,0.9664368549030933,0.9787324104012092,50657400
1993-07-06,0.9664362072944641,0.9910273018122105,0.963977439773507,0.9811905220742944,55464750
1993-07-07,0.9418452978134155,0.9639776291583644,0.9393856749821924,0.9615180063271411,82437750
1993-07-08,0.9565994143486023,0.9615178041496513,0.9369267099714386,0.9418450997724875,54209250
1993-07-09,0.9615176916122437,0.971354470063031,0.9393853675114383,0.9541405351876193,43671150
1993-07-12,0.9861090779304504,0.9885687006924685,0.9590592113385676,0.9615179792733977,57113100
1993-07-13,0.9984046220779419,0.9984046220779419,0.9787319142198251,0.9836503048911501,52763400
1993-07-14,0.9811904430389404,1.0033227682529604,0.9787316757160383,0.9984043787801811,40645800
1993-07-15,0.971354603767395,0.9836501511098622,0.9664362138649981,0.9787317612074653,41763600
1993-07-16,0.9098760485649109,0.9688949189548703,0.9000400292403407,0.9688949189548703,98909100
1993-07-19,0.9172539114952087,0.9344678466194242,0.9098759951177848,0.9123355221987266,51058350
1993-07-20,0.9639774560928345,0.9639774560928345,0.91479441139767,0.9221716638932584,93344400
1993-07-21,0.9664362072944641,0.9762729870323803,0.9516810376875898,0.963977439773507,51309450
1993-07-22,0.971354603767395,0.9885685410122591,0.9664362138649981,0.9664362138649981,37025100
1993-07-23,0.9861090779304504,0.9934870913893166,0.9713547606670939,0.9762731513639421,40552650
1993-07-26,1.013160228729248,1.0156189977061103,0.9836507268691497,0.9885691196504245,72814950
1993-07-27,1.013160228729248,1.0352925688312093,1.0008646741898362,1.013160228729248,81530550
1993-07-28,1.000864863395691,1.0131604202594837,0.9934877002429575,1.01070165081781,56120850
1993-07-29,1.0205366611480713,1.0303734396806437,0.9959455696435794,0.9959455696435794,64192500
1993-07-30,0.991027295589447,1.005782465103672,0.9787317484077788,1.0033228427711152,48065400
1993-08-02,1.0229963064193726,1.0254550736948664,0.986108813498253,0.986108813498253,52556850
1993-08-03,1.0229963064193726,1.0328322303483068,1.02053668431692,1.0254550736948664,40730850
1993-08-04,1.0229963064193726,1.0377506197262534,1.0131595276634795,1.02053668431692,54326700
1993-08-05,1.0451282262802124,1.0475878494414688,1.022996746792865,1.0254555151267946,34368300
1993-08-06,1.0574238300323486,1.0574238300323486,1.0377511179035435,1.042669509642587,40844250
1993-08-09,1.0229963064193726,1.0574233224110807,1.0229963064193726,1.0500461657576403,36425700
1993-08-10,1.013160228729248,1.0426697305893464,1.013160228729248,1.0205373904873851,31966650
1993-08-11,1.0156183242797852,1.022996335973332,1.000864010546658,1.0156183242797852,25276050
1993-08-12,1.013160228729248,1.0180786215105229,1.0008646741898362,1.013160228729248,35648100
1993-08-13,0.9984046220779419,1.0279141112787087,0.9934870862338002,1.018078184763242,47567250
1993-08-16,1.032832384109497,1.035292006578122,0.9934869728823602,0.9934869728823602,39977550
1993-08-17,1.0525063276290894,1.0648018799661467,1.025455599591125,1.0303739914914274,38653200
1993-08-18,1.0623418092727661,1.0820152736090765,1.0549646519423752,1.0549646519423752,54837000
1993-08-19,1.0451282262802124,1.0672605605948866,1.0451282262802124,1.0623421690997006,49053600
1993-08-20,1.0525063276290894,1.0574238647019947,1.0426695438284848,1.0500467042652397,39199950
1993-08-23,1.0770974159240723,1.086934104594271,1.052506311623908,1.0574238486220335,39430800
1993-08-24,1.1090657711029053,1.1090657711029053,1.077097503867992,1.077097503867992,45457200
1993-08-25,1.0770974159240723,1.1189023692190079,1.0721790240985627,1.109065680548809,65063250
1993-08-26,0.991027295589447,1.077096980688163,0.9172540124994378,1.077096980688163,400678650
1993-08-27,0.983650803565979,1.0180787008917502,0.9738140172364395,0.9984051282326714,122002200
1993-08-30,0.991027295589447,1.00824123260919,0.986108905751372,0.9934869179220038,65893500
1993-08-31,1.013160228729248,1.0156189977061103,0.9910278886272867,0.9910278886272867,34724700
1993-09-01,1.0451282262802124,1.0475878494414688,1.0107011954685627,1.0131599638024926,65103750
1993-09-02,1.0303741693496704,1.0746379944382063,1.0279145455612524,1.0525065093077106,66610350
1993-09-03,1.0500460863113403,1.0525057082276983,1.0131594510080157,1.027913763198588,32553900
1993-09-07,1.0033230781555176,1.0525061332478094,0.9861091370973013,1.0475877422558564,78432300
1993-09-08,1.0033230781555176,1.0033230781555176,0.9516812549808689,0.9959459190812076,119762550
1993-09-09,1.000864863395691,1.030374370834336,0.9959464696846314,1.0033236328373647,69400800
1993-09-10,1.005782127380371,1.0131592822468503,0.9885681961407522,1.0033225058737103,50503500
1993-09-13,0.971354603767395,1.0131596356971937,0.9688949814026716,1.0131596356971937,64686600
1993-09-14,0.9590590596199036,0.9639774495386855,0.9369267323989118,0.9516810473282046,82806300
1993-09-15,0.9959456920623779,1.0057824718040593,0.9467635030080601,0.956599427922697,72669150
1993-09-16,1.0082411766052246,1.0131595661701016,0.9787316940429528,0.9959456301065273,40293450
1993-09-17,1.035292387008667,1.0377511555537098,0.9836505541161702,0.9885689460336556,97021800
1993-09-20,1.074637770652771,1.0795561623778436,1.0451282751297015,1.0525062901309938,77776200
1993-09-21,1.0770974159240723,1.0918517365732172,1.0303739758228065,1.0844745762486447,80704350
1993-09-22,1.1533300876617432,1.160707246902072,1.1262793640108597,1.1508704646967947,153806850
1993-09-23,1.1656255722045898,1.1730027310284745,1.1434932409057257,1.153330022555712,54861300
1993-09-24,1.1754623651504517,1.1754623651504517,1.1434932518943866,1.163166815383417,58328100
1993-09-27,1.1877588033676147,1.204972756883039,1.175463244403434,1.1803807841268201,53050950
1993-09-28,1.2098902463912964,1.2221857961579476,1.1754623651137857,1.187757914880437,45242550
1993-09-29,1.2369401454925537,1.259072477567851,1.2148078134172564,1.2197262044147936,109949400
1993-09-30,1.2074306011199951,1.239399713781406,1.1877578928241135,1.236940090977419,65743650
1993-10-01,1.1951348781585693,1.2074304259127189,1.1926761105385708,1.2074304259127189,51240600
1993-10-04,1.1730029582977295,1.1951352938847324,1.168084566519798,1.1926765254094547,61296750
1993-10-05,1.1557884216308594,1.1828391351202208,1.1410341086926168,1.1730023566101009,79643250
1993-10-06,1.1508702039718628,1.1730025315061194,1.1434930464027988,1.1557885939602603,59474250
1993-10-07,1.1508702039718628,1.1656253739370555,1.1385746564144013,1.1484114363911964,49559850
1993-10-08,1.1730029582977295,1.175462581600383,1.1287391419510993,1.1508706227107264,55177200
1993-10-11,1.200053334236145,1.204971724573763,1.1730026147928088,1.1754622373751806,37231650
1993-10-12,1.2418583631515503,1.2492355212045327,1.2197260341654825,1.2246444244765111,54132300
1993-10-13,1.254153847694397,1.2639906278158817,1.2344811422785051,1.2418582999560799,77857200
1993-10-14,1.2492356300354004,1.2689090980126356,1.2393997033835782,1.2639908022539263,57376350
1993-10-15,1.2566125392913818,1.266449318817782,1.2492353820600945,1.2566125392913818,50762700
1993-10-18,1.263990879058838,1.2713680382027677,1.2492357059437311,1.2541540969821001,40917150
1993-10-19,1.2098902463912964,1.25661282260824,1.1902166829028797,1.25661282260824,123039000
1993-10-20,1.202512502670288,1.2492359442052887,1.2000537340957766,1.2443175522288554,139064850
1993-10-21,1.2049720287322998,1.2123491886873037,1.1705441425058267,1.202512405529071,82251450
1993-10-22,1.200053334236145,1.2344812117723454,1.200053334236145,1.204971724573763,89039250
1993-10-25,1.185297966003418,1.2025119019073183,1.1705436522726367,1.2025119019073183,79177500
1993-10-26,1.1607069969177246,1.190216482350767,1.1557886068743717,1.1852980923074143,67019400
1993-10-27,1.1730029582977295,1.1803801185509384,1.1557890144886578,1.1557890144886578,70571250
1993-10-28,1.1459527015686035,1.1902165030753722,1.1361159213106153,1.1754621875154792,70798050
1993-10-29,1.1656255722045898,1.1656255722045898,1.1311976912568478,1.1434932409057257,72077850
1993-11-01,1.1754623651504517,1.1754623651504517,1.163166815383417,1.168084351428456,33744600
1993-11-02,1.1975932121276855,1.2074299886999202,1.1582478154922846,1.1730021255238678,71462250
1993-11-03,1.1607069969177246,1.2098900425241785,1.1557886068743717,1.2049716524808256,57210300
1993-11-04,1.0943111181259155,1.1607072617953338,1.0820155676251815,1.1582484936260946,108726300
1993-11-05,1.1557884216308594,1.1557884216308594,1.0820151472857713,1.0918511659497248,106340850
1993-11-08,1.202512502670288,1.214808055197666,1.1459531320098313,1.1607074531117207,83587950
1993-11-09,1.200053334236145,1.249235527958074,1.195134943898527,1.2197260407594914,46919250
1993-11-10,1.2393999099731445,1.2492358382644697,1.2148079521764867,1.234481518413813,48128175
1993-11-11,1.2590725421905518,1.2787452523631748,1.2393998320179287,1.2393998320179287,61831350
1993-11-12,1.2393999099731445,1.2689093095209807,1.234481518413813,1.2689093095209807,30763800
1993-11-15,1.2393999099731445,1.2541542298238013,1.2197263437358183,1.2541542298238013,25344900
1993-11-16,1.2836631536483765,1.28858154302104,1.2344809695756545,1.239399358948318,26873775
1993-11-17,1.2393999099731445,1.298418804049632,1.2295631268544813,1.2836637243524527,30954150
1993-11-18,1.2492356300354004,1.2492356300354004,1.2049718230342128,1.2393997033835782,32679450
1993-11-19,1.2148077487945557,1.2443172383827572,1.180379868470455,1.2443172383827572,35536725
1993-11-22,1.1754623651504517,1.2098902464290364,1.141034483871867,1.190216682940006,51507900
1993-11-23,1.2393999099731445,1.2393999099731445,1.1607073546785154,1.190216849207167,35249175
1993-11-24,1.2590725421905518,1.2738268611131982,1.2393998320179287,1.2443173684406215,35619750
1993-11-26,1.254153847694397,1.2590722377551393,1.2344811422785051,1.2590722377551393,7528950
1993-11-29,1.2098902463912964,1.2590724454579014,1.2000534646470882,1.2590724454579014,33864075
1993-11-30,1.2443166971206665,1.2492350857171288,1.1902161322132274,1.2246439975616403,36676800
1993-12-01,1.2836631536483765,1.318090929449292,1.2590720616120155,1.2689087453765697,63321750
1993-12-02,1.3377641439437866,1.342682535198235,1.288582036034681,1.2984187235627684,36176625
1993-12-03,1.3820284605026245,1.3820284605026245,1.3426821952560644,1.3623557552928787,42448050
1993-12-06,1.396782636642456,1.4066194156815344,1.347600451101031,1.3672731543522043,46558800
1993-12-07,1.421375036239624,1.421375036239624,1.3771103713145225,1.3967830808216481,43446375
1993-12-08,1.4754750728607178,1.48531175634274,1.401700944043639,1.416456111737828,55596375
1993-12-09,1.421375036239624,1.4803939246074496,1.4066198629888385,1.4803939246074496,45983700
1993-12-10,1.4017009735107422,1.4262920653577542,1.3820282709985228,1.4164561415151202,26977050
1993-12-13,1.4164565801620483,1.4558019973709384,1.3869470898417726,1.391865480699688,47461950
1993-12-14,1.3574373722076416,1.4312106582407897,1.3279278868289677,1.4312106582407897,78930450
1993-12-15,1.3426822423934937,1.3672733384757605,1.3082544609282694,1.362355803120986,72537525
1993-12-16,1.3869467973709106,1.3967827221853855,1.3279278291759187,1.3476005336319041,43810875
1993-12-17,1.372191309928894,1.4115375645501396,1.3476002213506795,1.4017007871881189,79294950
1993-12-20,1.372191309928894,1.3967823985071084,1.3623553873937106,1.3623553873937106,38612700
1993-12-21,1.4017009735107422,1.4213745308499128,1.3525187898167181,1.3967825841759496,58654125
1993-12-22,1.2295626401901245,1.2443169542009822,1.1607068952674564,1.1902163781161714,321584175
1993-12-23,1.2098902463912964,1.249235663713693,1.2049718555191924,1.2393997367967031,76223025
1993-12-27,1.1754623651504517,1.2148077824740755,1.1557888016614213,1.2049718555567788,53109675
1993-12-28,1.1410342454910278,1.180379654594748,1.1213607810929103,1.170543729732338,110155950
1993-12-29,1.1607069969177246,1.1705437770044302,1.131197511484682,1.131197511484682,55883925
1993-12-30,1.1459527015686035,1.1902165030753722,1.1459527015686035,1.1557886269995026,45392400
1993-12-31,1.1311975717544556,1.1705438393705578,1.1311975717544556,1.1508702781489468,20126475
1994-01-03,1.1213608980178833,1.1410343644673653,1.0721787040964563,1.1311975837522283,82850850
1994-01-04,1.185297966003418,1.1951347450419276,1.1213607068878473,1.1213607068878473,67436550
1994-01-05,1.2295626401901245,1.2295626401901245,1.1902163781161714,1.1951347677287905,59338575
1994-01-06,1.263990879058838,1.2689091751164017,1.2295629966175028,1.2344813876558718,57315600
1994-01-07,1.2492356300354004,1.2885819011242745,1.2246445311650522,1.254154020774909,60875550
1994-01-10,1.3033363819122314,1.3230098523558897,1.288582062671182,1.293500359046488,113570100
1994-01-11,1.372191309928894,1.3820280872909148,1.3230091327724651,1.3426818326696692,74819700
1994-01-12,1.3771101236343384,1.3918652942313323,1.323009541099564,1.3869469040323343,82937925
1994-01-13,1.268909215927124,1.337764128197062,1.263990919711378,1.3230098094346734,210958425
1994-01-14,1.3033363819122314,1.313173069643655,1.2295630760523781,1.2738268886028297,93530700
1994-01-17,1.3328468799591064,1.3476012019110455,1.2590728006978618,1.2935005967081699,41014350
1994-01-18,1.3131729364395142,1.3574375993271997,1.3082546405631046,1.3377640358983547,49511250
1994-01-19,1.2885818481445312,1.3131728510230265,1.2639907502852405,1.3033361649292416,46811925
1994-01-20,1.3279283046722412,1.3328466962541434,1.2836637302432772,1.2885821218251794,30917700
1994-01-21,1.3328468799591064,1.352519594170845,1.3082550136409377,1.342682809651246,41583375
1994-01-24,1.308254599571228,1.3476007753880568,1.293500187308312,1.3328464581059396,35273475
1994-01-25,1.293500304222107,1.3131730139854558,1.2541541248489505,1.3131730139854558,45787275
1994-01-26,1.3131729364395142,1.3180913272967254,1.283663541104264,1.2984186186950961,21325275
1994-01-27,1.3279283046722412,1.337764233008704,1.2984188100081686,1.303336441743545,27637200
1994-01-28,1.2787448167800903,1.3377636870406406,1.2541537237340359,1.3328461522930242,77490675
1994-01-31,1.263990879058838,1.3033362977112946,1.2590724880204691,1.2836635883850662,33191775
1994-02-01,1.2492356300354004,1.2738267289057483,1.2393997033835782,1.2639908022539263,29293650
1994-02-02,1.3033363819122314,1.3230098523558897,1.2541541780056626,1.2590725693617801,56299050
1994-02-03,1.2885818481445312,1.3180912415603168,1.2689090458417351,1.2935001437010258,25249725
1994-02-04,1.2295626401901245,1.3082543095110313,1.2246442505775055,1.298418290132015,41808150
1994-02-07,1.2590725421905518,1.268909229709696,1.2000535568453987,1.214807875768045,48753900
1994-02-08,1.2885818481445312,1.3131728510230265,1.2590723597479503,1.308254555466532,32620725
1994-02-09,1.2738263607025146,1.293499822993078,1.2590720475759614,1.2885815286560163,30488400
1994-02-10,1.2738263607025146,1.293499822993078,1.263990436893795,1.268908731230857,29153925
1994-02-11,1.2492356300354004,1.2689090980126356,1.2197261404255435,1.2590724115144176,33185700
1994-02-14,1.2885818481445312,1.2935001437010258,1.24923557867337,1.24923557867337,38841525
1994-02-15,1.3230096101760864,1.3230096101760864,1.293500122268461,1.2984185127242562,56831625
1994-02-16,1.3525193929672241,1.3820288873086675,1.3377642183828362,1.3426826099109657,98157825
1994-02-17,1.3377641439437866,1.3771104191520895,1.323009825007726,1.3672736366431926,45301275
1994-02-18,1.3426822423934937,1.3426822423934937,1.29350005022896,1.3426822423934937,45434925
1994-02-22,1.3476006984710693,1.3525190888934444,1.3082545249000015,1.337763917626319,22981725
1994-02-23,1.3180913925170898,1.3623560575950313,1.3082547052967408,1.3574376664944536,32537700
1994-02-24,1.268909215927124,1.298418708279176,1.2590725285148234,1.298418708279176,56167425
1994-02-25,1.263990879058838,1.2935002754809988,1.2443173149053623,1.2787451973466974,40224600
1994-02-28,1.2984181642532349,1.3180908659694868,1.2639903901103755,1.268908684265399,27114750
1994-03-01,1.3131729364395142,1.3328464998683591,1.283663541104264,1.3082546405631046,22965525
1994-03-02,1.3328468799591064,1.342682809651246,1.2689094902366318,1.2836639071693996,45453150
1994-03-03,1.3574373722076416,1.3869468575863153,1.3525189821733503,1.3574373722076416,41810175
1994-03-04,1.3426822423934937,1.3672733384757605,1.3377638522116206,1.362355803120986,23510250
1994-03-07,1.3869467973709106,1.406619501826896,1.3476005336319041,1.3525189234526593,26284500
1994-03-08,1.3574373722076416,1.3820284675520242,1.3476005921390593,1.3721916874834421,25861275
1994-03-09,1.362356185913086,1.3672737226495801,1.323009908229762,1.362356185913086,30344625
1994-03-10,1.3476006984710693,1.3721917957558047,1.3230096011863337,1.3623558697381948,29546775
1994-03-11,1.3574373722076416,1.3721916874834421,1.3180911067603855,1.3476005921390593,24273675
1994-03-14,1.3918657302856445,1.4017016589380138,1.3574378429339293,1.3574378429339293,28574775
1994-03-15,1.3426822423934937,1.4115379952855196,1.3328463168568458,1.4066196051036466,24435675
1994-03-16,1.3180913925170898,1.3623560575950313,1.3180913925170898,1.3525192753938757,36425700
1994-03-17,1.3672733306884766,1.3672733306884766,1.3230095289579196,1.32792791911178,24480225
1994-03-18,1.3672733306884766,1.3721917208423369,1.342682234746268,1.3672733306884766,32179275
1994-03-21,1.3426822423934937,1.3721917286576335,1.3230095364930998,1.3721917286576335,28457325
1994-03-22,1.308254599571228,1.3426823846849547,1.303336208868126,1.3377639939818526,46682325
1994-03-23,1.3820284605026245,1.386946850511828,1.3623557552928787,1.3820284605026245,69603300
1994-03-24,1.3525193929672241,1.3820288873086675,1.3230098986257808,1.3820288873086675,38363625
1994-03-25,1.308254599571228,1.3623559474973628,1.2984185780114141,1.3574375567942607,25948350
1994-03-28,1.263990879058838,1.318091375845596,1.219726214540765,1.3082546887496636,63457425
1994-03-29,1.2295626401901245,1.2689088072833,1.2098899365666476,1.2639905126514586,44748450
1994-03-30,1.2738263607025146,1.293499822993078,1.1902163067801836,1.209889864051519,80732700
1994-03-31,1.263990879058838,1.2935002754809988,1.2049718962529057,1.2885819794234352,49389750
1994-04-04,1.2098902463912964,1.244317272841589,1.2000534646470882,1.234481345924599,38558025
1994-04-05,1.3107138872146606,1.313172654702137,1.2344810773322552,1.244317002109193,70498350
1994-04-06,1.305795431137085,1.3180909776044714,1.2738264214410655,1.313172588052119,27039825
1994-04-07,1.3156324625015259,1.3279280113264642,1.2885818371711646,1.3082545443256353,25681050
1994-04-08,1.2885818481445312,1.3131728510230265,1.2639907502852405,1.3033361649292416,35516475
1994-04-11,1.3279283046722412,1.3303870730495215,1.2738269470794723,1.2885821218251794,25241625
1994-04-12,1.2492356300354004,1.3279280772323492,1.2393997033835782,1.3180912957533317,42735600
1994-04-13,1.170543909072876,1.2541539847620884,1.1311976391138232,1.2541539847620884,108811350
1994-04-14,1.1902165412902832,1.214807637897724,1.1508702738221082,1.160707054395931,64099350
1994-04-15,1.1803797483444214,1.2000533092858607,1.1656254324654496,1.195134919050501,32100300
1994-04-18,1.1656255722045898,1.1902166715023457,1.1410344729068342,1.1803798898523592,37940400
1994-04-19,1.0967698097229004,1.180379787,1.0820153983799552,1.1754622514307063,71213175
1994-04-20,1.0574238300323486,1.1311979014824447,1.0328327261645,1.1066067976145961,140775975
1994-04-21,1.1902165412902832,1.1902165412902832,1.0820153742866974,1.0869337645736088,91359900
1994-04-22,1.1902165412902832,1.2049717121510177,1.160707054395931,1.1902165412902832,52897050
1994-04-25,1.2148077487945557,1.2393997024740524,1.1656255510899516,1.195135040678153,32616675
1994-04-26,1.185297966003418,1.2344810063689833,1.1656252627533819,1.2295626168497285,43308675
1994-04-28,1.1754623651504517,1.190216682940006,1.1656255834059366,1.1852982920677484,34672050
1994-04-29,1.1754623651504517,1.190216682940006,1.1656255834059366,1.180379901195491,37296450
1994-05-02,1.2492356300354004,1.2590724115144176,1.1656255519453387,1.1803798693366694,55116450
1994-05-03,1.2148077487945557,1.2541540198545558,1.1852982592063543,1.2443172383827572,30929850
1994-05-04,1.1902165412902832,1.2295628087584585,1.1902165412902832,1.2197260281846354,22248675
1994-05-05,1.177921175956726,1.2098902903739543,1.1557888436412986,1.2000535082721535,64631925
1994-05-06,1.1754623651504517,1.1852982920677484,1.141034483871867,1.1557888016614213,44047800
1994-05-09,1.1484118700027466,1.175462597739078,1.1361163178027924,1.1705442058936188,55493100
1994-05-10,1.2148077487945557,1.2148077487945557,1.1656255510899516,1.1656255510899516,51473475
1994-05-11,1.200053334236145,1.2148076504218734,1.190216553560909,1.2148076504218734,46390725
1994-05-12,1.2443166971206665,1.2443166971206665,1.2049712980026142,1.2049712980026142,40005900
1994-05-13,1.2246439456939697,1.2492350328079453,1.1852976934155368,1.2492350328079453,50086350
1994-05-16,1.1951348781585693,1.2443170691751675,1.1951348781585693,1.2197259736668684,38560050
1994-05-17,1.177921175956726,1.2000535082721535,1.0967699556657975,1.195135117221253,90691650
1994-05-18,1.2074306011199951,1.2148077598775504,1.1656255617242448,1.1951350515816688,44371800
1994-05-19,1.2443166971206665,1.2787445624690794,1.185297743616765,1.2148072203687157,61981200
1994-05-20,1.254153847694397,1.2639906278158817,1.2295627522177628,1.2443170675729123,35793900
1994-05-23,1.268909215927124,1.2885820208668755,1.254154137318269,1.254154137318269,40167900
1994-05-24,1.3279283046722412,1.337764233008704,1.2689093153440958,1.2689093153440958,62801325
1994-05-25,1.3328468799591064,1.3476012019110455,1.3082550136409377,1.318091703179708,34599150
1994-05-26,1.3377641439437866,1.352519317707132,1.2984187235627684,1.332846607516623,41575275
1994-05-27,1.3426822423934937,1.3525190227572397,1.3230095364930998,1.3426822423934937,21722175
1994-05-31,1.3476006984710693,1.3525190888934444,1.3082545249000015,1.342682308048694,27750600
1994-06-01,1.372191309928894,1.3795684655369909,1.3230091327724651,1.3426818326696692,35656200
1994-06-02,1.460720419883728,1.4754755927772292,1.3771103379689251,1.3820287289334254,141877575
1994-06-03,1.4902297258377075,1.5049848019186238,1.4459659223068393,1.4558018481875163,72766350
1994-06-06,1.4312102794647217,1.5000659170869197,1.4262918907321038,1.4951476233350625,44782875
1994-06-07,1.4631799459457397,1.4656387138516505,1.4115381264770146,1.4262924435668345,36668700
1994-06-08,1.4312102794647217,1.465638145766201,1.4066191906284784,1.4558013683009652,51953400
1994-06-09,1.3598960638046265,1.4164562637971307,1.3476005168196517,1.4115378740377358,75696525
1994-06-10,1.4459657669067383,1.455801691730334,1.3721916291810703,1.3820284088317023,49616550
1994-06-13,1.4066197872161865,1.4459660589381638,1.4017013963975382,1.4312108864822188,36302175
1994-06-14,1.4262925386428833,1.4361293205765973,1.3820287295956393,1.4115382205695468,39957300
1994-06-15,1.4828526973724365,1.4853122251972068,1.4164565588572775,1.4213749496412158,50823450
1994-06-16,1.460720419883728,1.4754755927772292,1.421375001822194,1.4754755927772292,36668700
1994-06-17,1.4262925386428833,1.475475593484219,1.416456611536404,1.4558020296167908,26397900
1994-06-20,1.4115384817123413,1.4361295862688885,1.382028985279006,1.401701697958765,28919025
1994-06-21,1.3869467973709106,1.406619501826896,1.3377637539903935,1.3820284075501552,50108625
1994-06-22,1.438589096069336,1.4508846473770893,1.3967831958301844,1.4017015873187508,50778900
1994-06-23,1.362356185913086,1.450884669580061,1.357437794349253,1.4410478864523952,81469800
1994-06-24,1.4410477876663208,1.4803939676715874,1.3771104113741783,1.386947193827517,184738725
1994-06-27,1.4853119850158691,1.5000663001546446,1.4262922549603576,1.4262922549603576,89770275
1994-06-28,1.5049852132797241,1.524657925245395,1.4853125013140533,1.5000668215814659,80125200
1994-06-29,1.4951480627059937,1.5246574539658566,1.480393652018428,1.5049847480811214,73855800
1994-06-30,1.4754750728607178,1.5197388662894185,1.450883981530669,1.5099028476727887,42559425
1994-07-01,1.4951480627059937,1.5000663579031632,1.4754753568212584,1.4754753568212584,35591400
1994-07-05,1.4853119850158691,1.4951480051468162,1.4754753000194272,1.4803935950272558,27550125
1994-07-06,1.4902297258377075,1.5049848019186238,1.485312095330141,1.485312095330141,36381150
1994-07-07,1.5197393894195557,1.544331249060865,1.4902298987002482,1.4902298987002482,47553075
1994-07-08,1.4926890134811401,1.544330821654434,1.4803934669865926,1.5099029495389047,53966250
1994-07-11,1.4951480627059937,1.5049847480811214,1.4705569666433,1.5000663579031632,39627225
1994-07-12,1.5344948768615723,1.5418720378040032,1.4803942719046541,1.495148688770344,42723450
1994-07-13,1.5590852499008179,1.5787579547700017,1.5344941551075746,1.5344941551075746,73019475
1994-07-14,1.5148212909698486,1.5689218647922518,1.5099029015629095,1.5640034753853127,37547550
1994-07-15,1.5394129753112793,1.5443313666100729,1.5099034823458104,1.5197395050969154,19930050
1994-07-18,1.556626796722412,1.5640039556848357,1.524657683173199,1.5394128559252727,21762675
1994-07-19,1.5148212909698486,1.5689218647922518,1.5049845121559702,1.5541666965714345,39833775
1994-07-20,1.460720419883728,1.495148301807996,1.4558020289192277,1.495148301807996,64259325
1994-07-21,1.4558018445968628,1.47547540596395,1.4361291380569017,1.4656386252804063,32355450
1994-07-22,1.4459657669067383,1.4853119357014486,1.4410473770814223,1.4754752510315983,32434425
1994-07-25,1.421375036239624,1.4410477457467494,1.4017014719052432,1.4410477457467494,45110925
1994-07-26,1.4410477876663208,1.4459661788929903,1.396783121453576,1.406619903906915,48628350
1994-07-27,1.4115384817123413,1.4558022989486477,1.4066200898355532,1.4410479781456766,47836575
1994-07-28,1.4484245777130127,1.4508842001127304,1.4066195451884322,1.4066195451884322,24099525
1994-07-29,1.5049852132797241,1.5099036049779824,1.450884709234426,1.4558022461053222,44517600
1994-08-01,1.4656387567520142,1.5148217147736538,1.4656387567520142,1.5099033239906894,39880350
1994-08-02,1.4926890134811401,1.5000661704124705,1.470556782840935,1.470556782840935,30381075
1994-08-03,1.4705568552017212,1.495147949400855,1.4705568552017212,1.4902295595956216,17496000
1994-08-04,1.4656387567520142,1.4902298558396327,1.4410476576643956,1.485312224903071,27570375
1994-08-05,1.460720419883728,1.4656388108482283,1.4312109289239603,1.441047710852961,41856750
1994-08-08,1.4558018445968628,1.4803937013249302,1.4459659187404452,1.4459659187404452,33205950
1994-08-09,1.4877711534500122,1.4902299215362873,1.4607204303647814,1.4607204303647814,20209500
1994-08-10,1.5099033117294312,1.5148217024724553,1.4803938220984818,1.495148234481158,34777350
1994-08-11,1.5320355892181396,1.5394127476617439,1.4902297917551242,1.5049848684887026,43035300
1994-08-12,1.5049852132797241,1.5394131003401694,1.4951485248640257,1.5295763169436531,16515900
1994-08-15,1.5197393894195557,1.5394128581364426,1.5049849764927126,1.5148217583415575,25768125
1994-08-16,1.5246573686599731,1.5295757585627432,1.4902295891484156,1.5148214436814829,34659900
1994-08-17,1.5689226388931274,1.5738410307267838,1.5295763590512628,1.5344947508849192,52743150
1994-08-18,1.5787583589553833,1.6131863373915984,1.554167257866456,1.564004040232936,53869050
1994-08-19,1.5935134887695312,1.618104589183531,1.5689223883555314,1.5935134887695312,48506850
1994-08-22,1.5640034675598145,1.593512949026835,1.5590850781774845,1.593512949026835,31950450
1994-08-23,1.5443310737609863,1.5836764870357407,1.5443310737609863,1.5640037803983635,17680275
1994-08-24,1.6377776861190796,1.642695220937109,1.5738403303876378,1.5935130341407717,82812375
1994-08-25,1.701714277267456,1.7066325721925357,1.6279409931606648,1.6328592880857442,61796925
1994-08-26,1.7115511894226074,1.745979066598687,1.7017144088502658,1.7115511894226074,78565950
1994-08-29,1.7115511894226074,1.7361422860263451,1.6967968733912113,1.7164694847279875,30198825
1994-08-30,1.7066329717636108,1.7164697538784057,1.6771235752272828,1.706632971763611,50367825
1994-08-31,1.679582953453064,1.7066327231058958,1.677123330869109,1.7066327231058958,28315575
1994-09-01,1.667288064956665,1.6869608753810177,1.6525329822342265,1.667288064956665,29388825
1994-09-02,1.632859230041504,1.69679668187158,1.6279409352912582,1.6722046382356708,37266075
1994-09-06,1.6820414066314697,1.6869598913109165,1.6328592192988238,1.6377777039782706,24972300
1994-09-07,1.7115511894226074,1.7164694847279875,1.6869600928188697,1.706632704155646,31318650
1994-09-08,1.6967965364456177,1.731224406785097,1.6918780521553562,1.7017140709281602,31879575
1994-09-09,1.6771236658096313,1.711551550243631,1.6672876430100325,1.682041962151863,25928100
1994-09-12,1.6525324583053589,1.6869603405369267,1.642695676288556,1.6869603405369267,20750175
1994-09-13,1.701714277267456,1.7066325721925357,1.657450382788008,1.6623688676746542,20126475
1994-09-14,1.7213873863220215,1.731224163558995,1.7017138318480742,1.7066321254858026,27072225
1994-09-15,1.7558159828186035,1.7607342785039521,1.7164696173358138,1.7213881029827587,30105675
1994-09-16,1.7312246561050415,1.755815751366995,1.7213878760694323,1.7508972663684048,31622400
1994-09-19,1.7558159828186035,1.7656518143429163,1.7361424201540163,1.7361424201540163,16983675
1994-09-20,1.7312246561050415,1.770570066593339,1.7263061711064513,1.7508972663684048,35771625
1994-09-21,1.6967965364456177,1.7459787198866186,1.662368666106138,1.731224406785097,52992225
1994-09-22,1.7263058423995972,1.7361418607160404,1.682041195494881,1.7017139919739073,47729250
1994-09-23,1.701714277267456,1.765651541408789,1.6820414774902719,1.6918782573019975,64538775
1994-09-26,1.6722054481506348,1.7213886094359956,1.6525328295061072,1.706633338115579,46060650
1994-09-27,1.691878080368042,1.691878080368042,1.6476134306714543,1.682041301585031,32651100
1994-09-28,1.691878080368042,1.7263059512816188,1.662368693826744,1.7017140993048652,53391150
1994-09-29,1.7066329717636108,1.7213882399166087,1.6722050891890798,1.6820418713038745,27663525
1994-09-30,1.691878080368042,1.741060264629174,1.691878080368042,1.7213876568708868,35587350
1994-10-03,1.7238465547561646,1.7312246622031808,1.6765088909207704,1.696796786784348,25766100
1994-10-04,1.6722054481506348,1.7508980123069169,1.667287910864872,1.7213886094359956,37371375
1994-10-05,1.6869606971740723,1.6967974812704507,1.6328599993180108,1.6574511047315346,60760125
1994-10-06,1.6377776861190796,1.7115509663135857,1.6377776861190796,1.7017141870235162,29670300
1994-10-07,1.6574506759643555,1.69679704232473,1.632859576912322,1.6426955986176146,62677800
1994-10-10,1.6771236658096313,1.6771236658096313,1.6476140777178632,1.6623693466678011,48438000
1994-10-11,1.7508974075317383,1.7508974075317383,1.6771233559516776,1.6771233559516776,52534575
1994-10-12,1.7459795475006104,1.7705706508775712,1.7361427642188851,1.750897844160656,36774000
1994-10-13,1.7459795475006104,1.7754889475376168,1.7115516608419243,1.7705706508775712,39596850
1994-10-14,1.7582746744155884,1.768111455852267,1.7410607343149966,1.7508975157516753,19978650
1994-10-17,1.8074575662612915,1.8099164290985177,1.750897452272573,1.7607342333526175,37705500
1994-10-18,1.7804068326950073,1.8295888328724317,1.7754883477349106,1.8099162227630314,30824550
1994-10-19,1.7754894495010376,1.8000805598303562,1.7656526634382728,1.7853262355638027,34670025
1994-10-20,1.7508974075317383,1.790243581038543,1.7263063102871665,1.7804069901714454,35759475
1994-10-21,1.7607345581054688,1.7754888776196862,1.7361426958503892,1.7410609923167546,23741100
1994-10-24,1.7558159828186035,1.7656518143429163,1.7459792014863098,1.7656518143429163,14330925
1994-10-25,1.7361421585083008,1.7558157182079792,1.7213878435605956,1.7361421585083008,27355725
1994-10-26,1.7558159828186035,1.7558159828186033,1.7263063986681073,1.7459792014863098,19178775
1994-10-27,1.7386022806167603,1.7656520557574644,1.7263066347030243,1.7508977365688743,29394900
1994-10-28,1.7902435064315796,1.795161231775427,1.7263062383447376,1.7263062383447376,34186050
1994-10-31,1.809915542602539,1.8295881453190377,1.7804061636240456,1.795160473190296,35216775
1994-11-01,1.7951619625091553,1.8049985569703784,1.7607348317031537,1.800080259739767,20608425
1994-11-02,1.7656524181365967,1.8246714166585032,1.7607348806160001,1.7902442848961229,40034250
1994-11-03,1.7410609722137451,1.7976210959814416,1.731225139241088,1.7558162413657235,33112800
1994-11-04,1.6967965364456177,1.7607337928343152,1.6967965364456177,1.7459787198866186,28923075
1994-11-07,1.691878080368042,1.7066323937155972,1.677123007174299,1.7017140993048652,37108125
1994-11-08,1.7558159828186035,1.7607342785039521,1.6869602231469139,1.6967970044792073,32250150
1994-11-09,1.716469407081604,1.790243453401893,1.7115511119987084,1.7804068632361016,43934400
1994-11-10,1.6992557048797607,1.7410607439768506,1.686960250410075,1.711551349311046,32448600
1994-11-11,1.6967965364456177,1.7115508495471392,1.6869597578266387,1.7017140709281602,21882150
1994-11-14,1.7361421585083008,1.7361421585083008,1.696796748763051,1.701714283860917,38566125
1994-11-15,1.7459795475006104,1.7730300841500446,1.7312252274053748,1.7361427642188851,45835875
1994-11-16,1.7361421585083008,1.74597893835814,1.7115510637107563,1.74597893835814,23704650
1994-11-17,1.701714277267456,1.7410604467065252,1.686959962376918,1.7410604467065252,37233675
1994-11-18,1.7115511894226074,1.7312247505672909,1.7017144088502658,1.7017144088502658,20478825
1994-11-21,1.6574506759643555,1.7312249229284575,1.6574506759643555,1.7213881413767635,36283950
1994-11-22,1.5640034675598145,1.682041298447123,1.5590850781774845,1.6525319119608757,72885825
1994-11-23,1.5344948768615723,1.5713815364011816,1.5197397951300835,1.5492491987464339,147908025
1994-11-25,1.6033490896224976,1.6033490896224976,1.5295749879052185,1.5295749879052185,38284650
1994-11-28,1.6131864786148071,1.6377783417030445,1.5885952803922843,1.6033504552337166,33106725
1994-11-29,1.6771236658096313,1.6771236658096313,1.6033503604458865,1.6279414622338013,39519900
1994-11-30,1.6230227947235107,1.6918785559039364,1.6230227947235107,1.6918785559039364,35388900
1994-12-01,1.6033490896224976,1.6426944793668685,1.5935123147730952,1.6131851046260162,34254900
1994-12-02,1.5910543203353882,1.6082681622786743,1.534494119752447,1.6033498674487174,46656000
1994-12-05,1.6082676649093628,1.6082676649093628,1.5689215083993762,1.6033493716004263,37901925
1994-12-06,1.5640034675598145,1.6525319119608757,1.5640034675598145,1.5984312434283916,80617275
1994-12-07,1.5541671514511108,1.5836766417027341,1.544331224585379,1.5590855422975838,36439875
1994-12-08,1.4951480627059937,1.5640037205624246,1.4951480627059937,1.5590853303844665,40850325
1994-12-09,1.5295757055282593,1.571380736011738,1.4558016641795342,1.5049846116940977,58542750
1994-12-12,1.5689226388931274,1.5738410307267838,1.5000668628767106,1.5295763590512628,38699775
1994-12-13,1.5689226388931274,1.5935137432340234,1.5541674633921587,1.5787585677330545,41589450
1994-12-14,1.5640034675598145,1.6082680221930516,1.5492482994128245,1.5738402463244745,49195350
1994-12-15,1.566462516784668,1.588594845575265,1.529575872018415,1.5689221393320194,45617175
1994-12-16,1.5148212909698486,1.5836761781861057,1.5148212909698486,1.5640034753853127,85017600
1994-12-19,1.5295757055282593,1.5443308747249684,1.5148213911585704,1.5148213911585704,60681150
1994-12-20,1.5492483377456665,1.588594598950886,1.539412413564597,1.5492483377456665,63931275
1994-12-21,1.667288064956665,1.6820423878324253,1.6230233866743582,1.662369767369742,103566600
1994-12-22,1.716469407081604,1.7213878921260726,1.657450435971575,1.6672872160989392,68197950
1994-12-23,1.7041736841201782,1.731224397768003,1.701714062064771,1.721387619200259,21527775
1994-12-27,1.7705703973770142,1.7754886933328853,1.7017146339180327,1.7066329298739038,45469350
1994-12-28,1.7410609722137451,1.7754888571191583,1.7355283399118284,1.7754888571191583,34582950
1994-12-29,1.7804068326950073,1.7804068326950073,1.7164693776372928,1.7410604727067895,33671700
1994-12-30,1.7361421585083008,1.7804068130055237,1.731224623410435,1.7804068130055237,26422200
1995-01-03,1.6869606971740723,1.745979692097498,1.6869606971740723,1.7361429080011195,36302175
1995-01-04,1.701714277267456,1.7115510570791819,1.6672871625997336,1.6918782573019975,46052550
1995-01-05,1.667288064956665,1.7115519833922936,1.662369767369742,1.706633495843701,37764225
1995-01-06,1.6869606971740723,1.7164700996549604,1.6426960235677914,1.667287888827913,41864850
1995-01-09,1.7361421585083008,1.7361421585083008,1.696796748763051,1.701714283860917,34639650
1995-01-10,1.7410609722137451,1.7656520743383806,1.7410609722137451,1.745979458584946,42089625
1995-01-11,1.6894190311431885,1.765651955494812,1.6722050898491283,1.7558161231841911,46763325
1995-01-12,1.6771236658096313,1.6967972311018007,1.6623693466678011,1.6918787447979475,41295825
1995-01-13,1.6574506759643555,1.7090924968699466,1.6525323801693086,1.69679704232473,55039500
1995-01-16,1.6476141214370728,1.6574509043441752,1.5738409090965768,1.6131864260511606,54575775
1995-01-17,1.7066329717636108,1.706632971763611,1.6476139887293435,1.6476139887293435,39588750
1995-01-18,1.701714277267456,1.7213878368909077,1.6967967421886438,1.701714277267456,28842075
1995-01-19,1.7607345581054688,1.7656520947253291,1.6869604910332399,1.6967972739275972,55819125
1995-01-20,1.7287651300430298,1.7656516800112105,1.6967968753860112,1.760734144546375,48519000
1995-01-23,1.691878080368042,1.7164691724986079,1.6722045228020204,1.7164691724986079,37551600
1995-01-24,1.6869606971740723,1.7017150184912173,1.6623695917605485,1.6918789942414367,28961550
1995-01-25,1.7213873863220215,1.7508967682253571,1.6623684325538333,1.677122743582467,67278600
1995-01-26,1.6869606971740723,1.7213885866839744,1.6869606971740723,1.7164700996549604,27544050
1995-01-27,1.6820414066314697,1.7017142055799046,1.6623687976445936,1.6918781860288046,35708850
1995-01-30,1.6426961421966553,1.6869608189995517,1.637778604620764,1.6820423316153443,44440650
1995-01-31,1.6771236658096313,1.6967972311018007,1.6426957813756318,1.6525325640217163,37910025
1995-02-01,1.667288064956665,1.706633495843701,1.6574512798211494,1.6967976605165334,24385050
1995-02-02,1.6869606971740723,1.6918789942414367,1.6574511047315346,1.667287888827913,24166350
1995-02-03,1.7312246561050415,1.7508972663684048,1.6918782958088887,1.7017143159982138,53943975
1995-02-06,1.7484380006790161,1.755816109605396,1.7213882272835273,1.731225009326131,24820425
1995-02-07,1.7459795475006104,1.7558163307823356,1.7213884441236496,1.750897844160656,18530775
1995-02-08,1.7263058423995972,1.7558154170412061,1.7164690642370142,1.7508969329791473,26294625
1995-02-09,1.7115511894226074,1.7656516779354632,1.7115511894226074,1.7410605813317253,48529125
1995-02-10,1.7410609722137451,1.7558162413657235,1.7115515736795328,1.7213883564603103,36316350
1995-02-13,1.7508974075317383,1.7853252856049941,1.731224795682302,1.7459791120981893,33374025
1995-02-14,1.7361421585083008,1.7754883280998204,1.7213878435605956,1.765651548249981,28030050
1995-02-15,1.800080418586731,1.800080418586731,1.7410614164962652,1.7410614164962652,44547975
1995-02-16,1.8148338794708252,1.8197523627010543,1.7804062065127455,1.8000788097031428,45473400
1995-02-17,1.7951619625091553,1.8148353413932572,1.7902442351635113,1.8099170441626458,20790675
1995-02-21,1.8148338794708252,1.8295881893924961,1.8000788097031428,1.8099155862020986,27060075
1995-02-22,1.854179859161377,1.8590983439390234,1.7951610812146224,1.8049976708467899,40435200
1995-02-23,1.8517216444015503,1.8959863086884983,1.8295892172772714,1.8738538815642194,42391350
1995-02-24,1.800080418586731,1.85172225912277,1.7927032570323043,1.85172225912277,34298100
1995-02-27,1.7927026748657227,1.859098816948972,1.7927026748657227,1.8074577530296665,31062150
1995-02-28,1.8517216444015503,1.8590988035069607,1.7927026619037814,1.8148348990664507,23047200
1995-03-01,1.8443444967269897,1.8738538931779622,1.8369673375758573,1.8664767340268298,24347250
1995-03-02,1.8664765357971191,1.8664765357971191,1.814834717569331,1.859098617583118,14650200
1995-03-03,1.9402496814727783,1.947626839279008,1.8443441604913047,1.8664763937562978,44343450
1995-03-06,1.9181171655654907,1.9328722388500348,1.8812304321618714,1.925495082130859,27614250
1995-03-07,1.9033632278442383,1.9328726203921824,1.8886079616855094,1.9107403860196386,30264300
1995-03-08,1.9181171655654907,1.918117165565491,1.8959856954079635,1.9033628521271393,17986050
1995-03-09,1.9328724145889282,1.9476267293687584,1.9033630251830065,1.9254952571990132,45534150
1995-03-10,1.947627067565918,1.947627067565918,1.9181176730358154,1.925495591553136,26088750
1995-03-13,1.955005168914795,1.9845145633372747,1.9476270604627843,1.955005168914795,30138750
1995-03-14,1.9623819589614868,1.9992685050995305,1.9623819589614868,1.984514190582812,24873750
1995-03-15,1.9328724145889282,1.9771363087362457,1.9254952571990132,1.9771363087362457,24436350
1995-03-16,1.9623819589614868,1.9623819589614868,1.9328723801202405,1.9328723801202405,19735650
1995-03-17,1.9697589874267578,1.9918912176009627,1.9476265672910034,1.9697589874267578,29170800
1995-03-20,1.9845150709152222,2.043534064817024,1.9550056689451445,1.9771371505377642,20464650
1995-03-21,2.0214009284973145,2.043533352179972,1.9679147761553686,2.014023770539062,46642500
1995-03-22,1.947627067565918,1.9697594933866918,1.925495591553136,1.955005176044837,87223500
1995-03-23,1.8812307119369507,1.9550049495620256,1.8590984786417435,1.9550049495620256,53838000
1995-03-24,1.8959864377975464,1.9181179166208424,1.866476849558373,1.8812311687739036,59328450
1995-03-27,1.910740613937378,1.9181177729927439,1.8812310279078739,1.8959862958266465,55688850
1995-03-28,1.9328724145889282,1.9328724145889282,1.8959858677930912,1.9107401825729216,43761600
1995-03-29,1.8886077404022217,1.9550048156634503,1.8590983513118164,1.9328723939225196,42786900
1995-03-30,1.8517216444015503,1.910740626899319,1.822212058171861,1.9033634677939086,42184800
1995-03-31,1.8443444967269897,1.8812310523290947,1.8074577511632741,1.8148349103144066,21331350
1995-04-03,1.8959864377975464,1.910740757013077,1.8222121822571793,1.836967451280822,34187400
1995-04-04,1.859098196029663,1.962381809065517,1.8295886194424973,1.859098196029663,62237700
1995-04-05,1.8443444967269897,1.8590988150292547,1.8148349103144066,1.8590988150292547,42781500
1995-04-06,1.7336841821670532,1.8443450201483529,1.7263070209222973,1.8295897478505183,51304050
1995-04-07,1.8074575662612915,1.8369671496550595,1.7558159377933908,1.7705702545862967,74368800
1995-04-10,1.8074575662612915,1.8148347246577443,1.7779474129827497,1.8000796480184735,33039900
1995-04-11,1.83696711063385,1.83696711063385,1.8148346861066762,1.829589002586168,27496800
1995-04-12,1.8886077404022217,1.8959858475210762,1.8443440366897403,1.8590983513118164,20217600
1995-04-13,1.8886077404022217,1.9254952366114817,1.8443440366897403,1.9033630048321144,23033700
1995-04-17,1.8406555652618408,1.903363606795885,1.8369674603438184,1.8959864471517232,35958600
1995-04-18,1.8222119808197021,1.8664766432276334,1.8074576632351962,1.8517215657967214,38098350
1995-04-19,1.7853249311447144,1.8222114747072857,1.7484374377743996,1.8148343179640105,52084350
1995-04-20,1.763193130493164,1.8148347599657642,1.748437863605235,1.80007968303943,34001100
1995-04-21,1.7705703973770142,1.7779475563684108,1.7558160793942208,1.7705703973770142,62858700
1995-04-24,1.7963924407958984,1.8074584688590516,1.7558168146026516,1.7779483008438992,55102950
1995-04-25,1.7558159828186035,1.822211929782032,1.748437874424994,1.8000796941787611,56012850
1995-04-26,1.7115511894226074,1.7705701632024247,1.7041740314069094,1.7558158471710286,53532900
1995-04-27,1.8443444967269897,1.8812310523290947,1.6525324699876147,1.7115514528511706,150140250
1995-04-28,1.800080418586731,1.87385450363274,1.7705710125223344,1.85172225912277,66035250
1995-05-01,1.7742589712142944,1.8148345737716567,1.7631929495972618,1.8074574159885437,49532850
1995-05-02,1.7595044374465942,1.7779478124859134,1.7558163323236322,1.7779478124859134,43858800
1995-05-03,1.859098196029663,1.8886075826552813,1.7631926894964034,1.7705698461912607,91555650
1995-05-04,1.8148338794708252,1.925494623190408,1.8148338794708252,1.8812299837718698,68866200
1995-05-05,1.8074575662612915,1.8590986248444181,1.8000796480184735,1.8443443080515123,30327750
1995-05-08,1.8222119808197021,1.8480325114965914,1.8074576632351962,1.8222119808197021,24262200
1995-05-09,1.829590082168579,1.8590996823481671,1.8000806719506903,1.8443453571626214,35996400
1995-05-10,1.83696711063385,1.8590985853530877,1.8074575278669303,1.83696711063385,22288500
1995-05-11,1.8959864377975464,1.8959864377975464,1.8148350226494139,1.8295893418649445,38153700
1995-05-12,1.9181171655654907,1.9623818155344783,1.8812304321618714,1.8886075888810472,72420750
1995-05-15,2.0029568672180176,2.014022884227944,1.9181166436292636,1.9402488676106127,56471850
1995-05-16,2.025090456008911,2.0656660690194015,1.9992691623656684,2.00664708189579,88011900
1995-05-17,2.0361554622650146,2.073041998642634,2.028777357151142,2.043532617571329,48359700
1995-05-18,1.9697589874267578,2.043533024686924,1.9697589874267578,2.0361558679109217,37798650
1995-05-19,2.0066471099853516,2.0066471099853516,1.9476273621890687,1.9550054717840954,31641300
1995-05-22,1.9845150709152222,2.0287787939470463,1.969759990006891,2.0287787939470463,35698050
1995-05-23,2.058288335800171,2.058288335800171,1.9808259675517468,1.9918921829829286,34003800
1995-05-24,2.220590591430664,2.2279677510807323,2.1468165254288754,2.1615717945371298,121258350
1995-05-25,2.183703899383545,2.2722322792550624,2.15419450274691,2.2353457234208802,56305800
1995-05-26,2.1320619583129883,2.183703779515599,2.1099297220887836,2.183703779515599,33050700
1995-05-30,2.0214009284973145,2.139438875137795,2.0214009284973145,2.139438875137795,64639350
1995-05-31,2.0509109497070312,2.0582881092464196,1.9550054061939104,2.028778521280762,49482900
1995-06-01,2.102552652359009,2.117306970569192,2.0656659070255037,2.0656659070255037,38859750
1995-06-02,2.1246845722198486,2.146816046230004,2.0361562066786725,2.0951751803599836,41283000
1995-06-05,2.102552652359009,2.1837038720159394,2.0804202252356867,2.1837038720159394,43310700
1995-06-06,2.0509109497070312,2.109929935676726,2.006647042662596,2.1025527761373377,33983550
1995-06-07,2.0804193019866943,2.102551719288087,2.043532762984316,2.0656649903241835,30613950
1995-06-08,2.102552652359009,2.117306970569192,2.0804202252356867,2.0951754932539175,19055250
1995-06-09,2.1689484119415283,2.1763255697472776,2.073042701004718,2.102552282035597,37539450
1995-06-12,2.1984572410583496,2.2353447303123906,2.146815439964192,2.1984572410583496,41046750
1995-06-13,2.205836772918701,2.2353463680266157,2.1689494466008914,2.227968256893387,43447050
1995-06-14,2.205836772918701,2.2132139342435964,2.1763266079257866,2.205836772918701,30049650
1995-06-15,2.205836772918701,2.2353463680266157,2.1837045290973487,2.205836772918701,19678950
1995-06-16,2.220590591430664,2.235345860538918,2.1837040333338287,2.2279677510807323,26306100
1995-06-19,2.279609441757202,2.3091190283982272,2.227967617645005,2.235345726661307,39505050
1995-06-20,2.301741361618042,2.3238735942086914,2.2574767064751726,2.294364204036586,41229000
1995-06-21,2.2943644523620605,2.34600532086777,2.25747695080821,2.3386281624878635,47906100
1995-06-22,2.3681373596191406,2.390269590995895,2.3017412353735565,2.3164955497272333,71227350
1995-06-23,2.3164961338043213,2.375515115754005,2.250099992817736,2.3607607976802014,78651000
1995-06-26,2.2500996589660645,2.331250865832321,2.2132129194464745,2.3164957901013263,40347450
1995-06-27,2.2279670238494873,2.3017412557322348,2.2132127093653104,2.235345130899384,36228600
1995-06-28,2.2242794036865234,2.2722321709350912,2.168948717745675,2.2205903493595818,42115950
1995-06-29,2.279609441757202,2.3017418691899865,2.213213299228523,2.235345726661307,42813900
1995-06-30,2.279609441757202,2.323874106661158,2.25747720428603,2.2869866009654434,27302400
1995-07-03,2.3091189861297607,2.331251223195802,2.272232240955707,2.286986559102111,12094650
1995-07-05,2.2869856357574463,2.346004594169302,2.279608479662688,2.31649520994414,38658600
1995-07-06,2.323873996734619,2.3312511555938977,2.2574770975002734,2.294364601451093,39179700
1995-07-07,2.3828916549682617,2.3902688097338687,2.3164947925783266,2.3164947925783266,52281450
1995-07-10,2.4050252437591553,2.449289147276302,2.3828930070581733,2.390270166009693,36128700
1995-07-11,2.301741361618042,2.4050247971051224,2.301741361618042,2.4050247971051224,36520200
1995-07-12,2.4124021530151367,2.427156469391032,2.32387378525915,2.3312509434470976,36703800
1995-07-13,2.4050252437591553,2.4861757018803234,2.3681379293087117,2.412402402710675,32470200
1995-07-14,2.4087135791778564,2.419779602735378,2.3460055424670716,2.382893047505247,29301750
1995-07-17,2.493553876876831,2.493553876876831,2.419779625939469,2.42715678508695,41150700
1995-07-18,2.3681373596191406,2.4935532107797096,2.360760202442302,2.4935532107797096,53179200
1995-07-19,2.257476806640625,2.353383278763241,2.1541941264171176,2.2427224908230556,98180100
1995-07-20,2.26485538482666,2.286986865006545,2.2279678748721454,2.257477464920162,55798200
1995-07-21,2.268542766571045,2.309118365315221,2.2427222418527544,2.2427222418527544,31044600
1995-07-24,2.3128082752227783,2.323874490768276,2.2648554976927433,2.286986978975521,27229500
1995-07-25,2.375516891479492,2.4050270693791496,2.3164978654124257,2.346007283465084,43366050
1995-07-26,2.493553876876831,2.493553876876831,2.390270229503101,2.4050253076445065,49709700
1995-07-27,2.559950113296509,2.5968366702411214,2.5009311282849223,2.508308287704551,40501350
1995-07-28,2.4861745834350586,2.552571643591439,2.4787974278022697,2.552571643591439,28096200
1995-07-31,2.471421480178833,2.4935539077029385,2.4345349241389806,2.4935539077029385,17105850
1995-08-01,2.39764666557312,2.4787978612229384,2.3533829641907476,2.4787978612229384,30454650
1995-08-02,2.338628053665161,2.4935535013970513,2.316495819708951,2.4271564196052564,48919950
1995-08-03,2.3201847076416016,2.3386280778276807,2.2298118138066467,2.2869862613834915,71761950
1995-08-04,2.3828916549682617,2.3902688097338687,2.3017404830471127,2.3164947925783266,22397850
1995-08-07,2.3792033195495605,2.4345341815203496,2.3681372991246468,2.3828923729476417,15670800
1995-08-08,2.357072114944458,2.3976477307962374,2.346005899740055,2.390270570596031,12748050
1995-08-09,2.4197793006896973,2.4271564588455927,2.375514832061644,2.397647066375671,23404950
1995-08-10,2.4345345497131348,2.456666024025405,2.412402125592946,2.4197792836970358,22918950
1995-08-11,2.4124021530151367,2.449288893762804,2.3607605260068167,2.4419117355748563,18045450
1995-08-14,2.471421480178833,2.4787986394175134,2.3828930998137032,2.405025337376195,28755000
1995-08-15,2.4566664695739746,2.4935539764387102,2.405025403671643,2.4787987077465505,24783300
1995-08-16,2.523062229156494,2.523062229156494,2.449288198711757,2.456665354806239,31606200
1995-08-17,2.548884630203247,2.552573685875011,2.5083090070089593,2.523064089925982,26642250
1995-08-18,2.5525729656219482,2.589459522736286,2.515685458699518,2.5747044439826663,38807100
1995-08-21,2.497241258621216,2.618968053567426,2.493553155019169,2.5968358226855894,31201200
1995-08-22,2.523062229156494,2.5304393852509763,2.4419110426172748,2.5009300010269198,32066550
1995-08-23,2.530440092086792,2.5599496745153854,2.4935535414646166,2.523062933931625,25450200
1995-08-24,2.508307695388794,2.537817085945384,2.4640437995154816,2.537817085945384,35104050
1995-08-25,2.523062229156494,2.5525718033420826,2.508307157121402,2.523062229156494,21134250
1995-08-28,2.445599317550659,2.5378167196131995,2.4345340575354917,2.5230624063878255,28777950
1995-08-29,2.39764666557312,2.427156053110106,2.2943639991552223,2.419778896187413,68793300
1995-08-30,2.353383779525757,2.4271568940039736,2.316496272478553,2.4050254155683946,48201750
1995-08-31,2.3681373596191406,2.3976467481727335,2.346004938280826,2.360760202442302,28209600
1995-09-01,2.3164961338043213,2.3681379567171033,2.301741815730518,2.3681379567171033,41072400
1995-09-05,2.61159086227417,2.626345176104238,2.3164954675182585,2.3164954675182585,98297550
1995-09-06,2.567326307296753,2.6189679235077397,2.4787977680889055,2.4935530311876697,67088250
1995-09-07,2.589459180831909,2.626345733075858,2.5451945203004787,2.5747041040265057,32711850
1995-09-08,2.589459180831909,2.611591416116828,2.5451945203004787,2.589459180831909,24305400
1995-09-11,2.670610189437866,2.7074969288233994,2.5820818249510076,2.5820818249510076,59000400
1995-09-12,2.648477554321289,2.7148736751492337,2.618967977325097,2.700119361555013,28702350
1995-09-13,2.714874505996704,2.7665163290346495,2.641101205794414,2.648478364849195,40741650
1995-09-14,2.648477554321289,2.7738926391800685,2.618967977325097,2.7370059053867655,51487650
1995-09-15,2.220590591430664,2.3312514054909115,2.1541946348870615,2.28698673793589,384968700
1995-09-18,2.346005916595459,2.346005916595459,2.2427232035492244,2.2722326044086167,111746250
1995-09-19,2.3681373596191406,2.4124018223726496,2.346004938280826,2.353383045265464,71099100
1995-09-20,2.3496947288513184,2.4271568981036875,2.346005674201776,2.397647500293261,56150550
1995-09-21,2.2943644523620605,2.353383429055631,2.2722320274143866,2.34600532086777,43667100
1995-09-22,2.323873996734619,2.3312511555938977,2.2574770975002734,2.2796093339245207,28745550
1995-09-25,2.3091189861297607,2.3460055413422056,2.2574771629628683,2.338628382269004,29099250
1995-09-26,2.26485538482666,2.3607611250690375,2.26485538482666,2.338628695080982,39081150
1995-09-27,2.279609441757202,2.2943647099817452,2.146816396853395,2.242722885869548,83974050
1995-09-28,2.3164961338043213,2.3238740526876542,2.250099992817736,2.301741815730518,49927050
1995-09-29,2.26485538482666,2.3533839650090758,2.2501003048602004,2.3164964550545615,44082900
1995-10-02,2.2224345207214355,2.2943642299634774,2.2058356785236253,2.2796089648259756,22100850
1995-10-03,2.279609441757202,2.2943647099817452,2.213213299228523,2.242722885869548,52654050
1995-10-04,2.242722511291504,2.2943643267785188,2.2132129295791496,2.250099669267617,38646450
1995-10-05,2.272233009338379,2.272233009338379,2.1910817625899823,2.2427236032201785,56722950
1995-10-06,2.2279670238494873,2.316495570216412,2.2205898666073987,2.28698599144025,49299300
1995-10-09,2.176326036453247,2.2132133530849676,2.0951755735333664,2.2132133530849676,61938000
1995-10-10,2.183703899383545,2.183703899383545,2.06566593291378,2.1394392345437563,78255450
1995-10-11,2.272233009338379,2.3164969285540065,2.198458924157859,2.286987332474133,68327550
1995-10-12,2.3496947288513184,2.3607609429918477,2.286986688619304,2.294364797918388,60049350
1995-10-13,2.3312511444091797,2.4124023609727407,2.301741749267232,2.3681378883366144,75654000
1995-10-16,2.3607606887817383,2.3755150061749464,2.3312511041873267,2.338628262883931,37396350
1995-10-17,2.4087135791778564,2.412402443658639,2.301741828160201,2.3681379695053333,69709950
1995-10-18,2.5378174781799316,2.5525727456234577,2.408713494617928,2.441911944048252,146954250
1995-10-19,2.61159086227417,2.6189680191892037,2.5156845930323244,2.523062509793571,75375900
1995-10-20,2.5156853199005127,2.626345934946092,2.493553842760864,2.618968775899542,66594150
1995-10-23,2.523062229156494,2.5304393852509763,2.4714204268413313,2.4861747390302957,40321800
1995-10-24,2.567326307296753,2.582081380433971,2.5230624176159213,2.545193887552472,45974250
1995-10-25,2.5378174781799316,2.5894592995586554,2.5156852418802496,2.5894592995586554,29930850
1995-10-26,2.5009307861328125,2.559949763070018,2.434534650785247,2.5230630212102594,32055750
1995-10-27,2.5525729656219482,2.5673272845290938,2.4787987116235617,2.4861758710771347,32741550
1995-10-30,2.6042139530181885,2.641100690909029,2.5673266452426344,2.5894588779387098,41168250
1995-10-31,2.57470440864563,2.6558556310221944,2.57470440864563,2.6411013123175473,31108050
1995-11-01,2.6042139530181885,2.641100690909029,2.5673266452426344,2.582081720322113,37859400
1995-11-02,2.7074973583221436,2.714874517407933,2.611591630744354,2.6189687898301433,56992950
1995-11-03,2.7296295166015625,2.7443838343470763,2.677066001137546,2.7148744390096344,37719000
1995-11-06,2.663233518600464,2.8034037237859213,2.655855599489275,2.70749742399694,39363300
1995-11-07,2.6042139530181885,2.655855006142223,2.5451942225849877,2.648477848525626,52207200
1995-11-08,2.6411008834838867,2.7222520926839877,2.6042141429034635,2.6263456173669626,38385900
1995-11-09,2.7812705039978027,2.7812705039978027,2.7001193112415898,2.7001193112415898,56284200
1995-11-10,2.7812705039978027,2.847666623588537,2.7296286977263606,2.759138274172678,42309000
1995-11-13,2.714874505996704,2.8402903890833726,2.700120187887141,2.7738934880894313,37777050
1995-11-14,2.6927425861358643,2.7886481075817224,2.6779873206440783,2.685364478486029,43622550
1995-11-15,2.7665162086486816,2.7738933673824437,2.685364803114902,2.7296294651718727,50059350
1995-11-16,2.8034024238586426,2.8550434645740945,2.7370055517630365,2.759137969102589,56000700
1995-11-17,2.840290069580078,2.8771766205510634,2.7960254105762314,2.8181576450973616,50357700
1995-11-20,2.6853644847869873,2.869799320077397,2.6853644847869873,2.8624221622181367,30149550
1995-11-21,2.7074973583221436,2.729629595425948,2.6632334539993616,2.6853649312567303,48174750
1995-11-22,2.644788980484009,2.722252085300728,2.626345610243819,2.722252085300728,34026750
1995-11-24,2.663233518600464,2.6779878371299333,2.6042145348280643,2.6706106778651986,19989450
1995-11-27,2.6816768646240234,2.7443839524924116,2.663233491744138,2.7074973966942517,54460350
1995-11-28,2.773892879486084,2.7812707967685535,2.6706100159173047,2.6853643307897115,49608450
1995-11-29,2.759138345718384,2.825534277069248,2.737005925357809,2.8034028065164307,34668000
1995-11-30,2.6779873371124268,2.7665158912223196,2.6632330213377937,2.759138733335003,34888050
1995-12-01,2.6337244510650635,2.70012060240561,2.589459780286454,2.6853653322227986,45725850
1995-12-04,2.6816768646240234,2.7296296341117263,2.5599500337319427,2.62634598613792,59077350
1995-12-05,2.655855655670166,2.7591393068703165,2.6115917493373497,2.6632335749374247,57187350
1995-12-06,2.582082509994507,2.663233738095793,2.523063521357948,2.648478658503802,50564250
1995-12-07,2.61159086227417,2.6853641410784883,2.5525720872614723,2.677986984163454,44254350
1995-12-08,2.7517623901367188,2.7591395502081233,2.6337244096848256,2.670610969888386,67216500
1995-12-11,2.737006187438965,2.810780232512736,2.737006187438965,2.7960251575517843,44805150
1995-12-12,2.6263458728790283,2.7517619428234616,2.618968714006819,2.7517619428234616,34990650
1995-12-13,2.5525729656219482,2.6484785080194344,2.53781769690671,2.6189689203970508,51725250
1995-12-14,2.471421480178833,2.6042145256305607,2.368138021489891,2.5673272097442563,109447200
1995-12-15,2.559950113296509,2.6115917489268488,2.5304405258099067,2.545194844649164,122081850
1995-12-18,2.4345345497131348,2.5599496567911735,2.353383341067555,2.5599496567911735,83242350
1995-12-19,2.6411008834838867,2.6411008834838867,2.456666040812261,2.4787982751221,80933850
1995-12-20,2.5378174781799316,2.7001201011338614,2.5304403193621736,2.7001201011338614,51555150
1995-12-21,2.523062229156494,2.582081187566139,2.4935528449324376,2.5525718033420826,56763450
1995-12-22,2.61159086227417,2.6411004397420714,2.523062509793571,2.523062509793571,41440950
1995-12-26,2.6189682483673096,2.6411006708569196,2.596836015839269,2.6337235132963324,16459200
1995-12-27,2.567326307296753,2.633723186606504,2.5525719940057194,2.626345080153256,30029400
1995-12-28,2.5009307861328125,2.552572604659658,2.4935536277224526,2.552572604659658,51989850
1995-12-29,2.5009307861328125,2.5230630212102594,2.464044044273054,2.508307944543173,45870300
1996-01-02,2.5525729656219482,2.5599501250755208,2.5009311397923724,2.5230633779995646,45603000
1996-01-03,2.4345345497131348,2.5599496567911735,2.4345345497131348,2.5083078404082895,55518750
1996-01-04,2.4050252437591553,2.456666306227822,2.3386283436946047,2.456666306227822,129803850
1996-01-05,2.530440092086792,2.5378172502419587,2.3460052493984804,2.3681376736719066,83783700
1996-01-08,2.493553876876831,2.574704337153621,2.4861757679212966,2.5673271780061397,12594150
1996-01-09,2.375516891479492,2.5009328680120393,2.331252954362254,2.5009328680120393,96068700
1996-01-10,2.4197793006896973,2.5083078580226337,2.331250933318346,2.3386280914742414,124564500
1996-01-11,2.471421480178833,2.4935539077029385,2.405025337376195,2.456666401855021,61105050
1996-01-12,2.5156853199005127,2.5156853199005127,2.4566663378736444,2.478798574859725,61249500
1996-01-15,2.3607606887817383,2.5378174365018102,2.3312511041873267,2.530440277805206,69793650
1996-01-16,2.4640440940856934,2.4714212526451886,2.346005377978668,2.3828928804305036,78514650
1996-01-17,2.523062229156494,2.6115905717901957,2.4197786245261685,2.4271557806206507,79512300
1996-01-18,2.6263458728790283,2.6263458728790283,2.5525727644641103,2.5525727644641103,56856600
1996-01-19,2.6853644847869873,2.714874066031916,2.6263455122587076,2.6484779356443755,63830700
1996-01-22,2.714874505996704,2.737006743007482,2.6706106018599733,2.6706106018599733,51493050
1996-01-23,2.7296295166015625,2.7886484972380496,2.685364853710589,2.7001201212641206,67290750
1996-01-24,2.899308681488037,2.899308681488037,2.729628934628086,2.7738928282353137,88524900
1996-01-25,2.8181583881378174,2.921442049827313,2.7886489876112606,2.914064129810763,57435750
1996-01-26,2.7960262298583984,2.8476680622190886,2.7443843974977087,2.7960262298583984,54751950
1996-01-29,2.7812705039978027,2.840289466928891,2.7812705039978027,2.8034027338229275,22009050
1996-01-30,2.7960262298583984,2.818158470864643,2.766516828465596,2.7960262298583984,25807950
1996-01-31,2.8181583881378174,2.8402908184560087,2.759139587084704,2.8181583881378174,49115700
1996-02-01,2.8107805252075195,2.8329129499920915,2.7738932138870958,2.8107805252075195,33097950
1996-02-02,2.906686544418335,2.9288187815371396,2.8107808167755457,2.8181579758663347,62912700
1996-02-05,2.995213508605957,3.0099685796663174,2.8919308606062244,2.906685171820507,61314300
1996-02-06,2.9583280086517334,3.009969635712312,2.914063349824982,3.0025924775168993,71672850
1996-02-07,2.8845536708831787,2.9583279098352446,2.8587333331193268,2.95095075188625,50296950
1996-02-08,2.965705394744873,2.965705394744873,2.840290276476861,2.877176830134793,61416900
1996-02-09,2.899308681488037,3.039478849340565,2.891931524188135,2.9583276495413218,91428750
1996-02-12,2.9472618103027344,2.9730823390119654,2.8919318888268535,2.899309047056929,41428800
1996-02-13,2.965705394744873,2.995214789640499,2.877176830134793,2.884553988897099,56459700
1996-02-14,3.02103590965271,3.0321021220759636,2.93619564426693,2.9730823858058084,55507950
1996-02-15,3.1206300258636475,3.1353843403534025,3.0099692478823776,3.0099692478823776,79474500
1996-02-16,3.0984978675842285,3.14276157194689,3.0763654455181992,3.1132521824230275,60269400
1996-02-20,3.0616114139556885,3.1132524704774163,3.017346755689599,3.0247239137915716,41756850
1996-02-21,3.128006935119629,3.128006935119629,3.0468557423593565,3.0837422855056187,33825600
1996-02-22,3.194404363632202,3.223913760455195,3.157517617603461,3.157517617603461,62515800
1996-02-23,3.164893627166748,3.216535242809239,3.0948084552480886,3.2091582762064776,53785350
1996-02-26,3.201781988143921,3.2460457020088804,3.157517514432534,3.187026910291316,50557500
1996-02-27,3.1243185997009277,3.2165360235421305,3.113252577226156,3.2165360235421305,54657450
1996-02-28,3.113253116607666,3.201782261551762,3.0984987973415823,3.1353853553532844,40702500
1996-02-29,3.0689897537231445,3.128008750917502,3.017347917471218,3.0689897537231445,44960400
1996-03-01,2.899308681488037,3.0763653956863277,2.8845534170804177,3.0763653956863277,79751250
1996-03-04,2.8550446033477783,2.9509510868805275,2.832913126988411,2.943572978286065,47478150
1996-03-05,3.054234504699707,3.068989585623004,2.81815852885305,2.8402909602763495,65632950
1996-03-06,2.928818464279175,3.009969674988246,2.8550444118617784,2.9804602819751937,117100350
1996-03-07,2.9361960887908936,2.9657056764511758,2.9288189293278464,2.9657056764511758,59216400
1996-03-08,2.773892879486084,2.9361952820832884,2.773892879486084,2.8624219980671555,71003250
1996-03-11,2.943572998046875,2.9509511066908685,2.803403560854405,2.8329131460063386,56099250
1996-03-12,2.8476674556732178,2.9361958309569514,2.8034035529737538,2.921441513326467,68634000
1996-03-13,2.928818464279175,2.958328047253816,2.8771766465831563,2.891931912974448,60023700
1996-03-14,2.840290069580078,2.9509508622625544,2.825534803322289,2.943572754229693,74818350
1996-03-15,2.8845536708831787,2.936195486180361,2.8402899633428897,2.8624221970361936,106088400
1996-03-18,2.965705394744873,2.9804604721158876,2.92881865112534,2.92881865112534,45759600
1996-03-19,2.943572998046875,3.024724214743491,2.914063602856544,3.0025927382355504,40910400
1996-03-20,2.943572998046875,2.954639211204852,2.8771768588686304,2.943572998046875,33072300
1996-03-21,2.8697991371154785,2.96570484263355,2.855044062491347,2.95095052785568,41195250
1996-03-22,2.8845536708831787,2.9066860945380624,2.7591387564034084,2.9066860945380624,87752700
1996-03-25,2.8107805252075195,2.921441319399253,2.8107805252075195,2.906686242901812,68667750
1996-03-26,2.8329131603240967,2.8845540322833654,2.773893419837131,2.7960256563033403,48683700
1996-03-27,2.8476674556732178,2.884554009595837,2.825535029419481,2.8402902968579755,24835950
1996-03-28,2.840290069580078,2.8771766205510634,2.8034033286475064,2.8181576450973616,38156400
1996-03-29,2.7812705039978027,2.8624216967540153,2.766515430832324,2.855043780248183,29841750
1996-04-01,2.7665162086486816,2.8107806807440525,2.714874387857949,2.803403522010291,50288850
1996-04-02,2.773892879486084,2.810780186359633,2.7517614071774736,2.8034030289234297,28575450
1996-04-03,2.6927425861358643,2.7517615585256614,2.6706101628021277,2.7517615585256614,88381800
1996-04-04,2.6853644847869873,2.7296291415967464,2.677987326927727,2.7001197503133954,70027200
1996-04-08,2.5525729656219482,2.6042146014899052,2.53781769690671,2.5968366821898585,193920750
1996-04-09,2.4492878913879395,2.5968351739178255,2.3450824165180673,2.5894580187489904,388102050
1996-04-10,2.5525729656219482,2.589459522736286,2.4935539803388,2.4935539803388,146442600
1996-04-11,2.589459180831909,2.626345733075858,2.497241755433274,2.5673269455469905,92761200
1996-04-12,2.5968356132507324,2.6115906859307003,2.5378166522616428,2.604213529513797,51096150
1996-04-15,2.56363844871521,2.6263455255874146,2.552572426927793,2.5968361341543034,36983250
1996-04-16,2.7038087844848633,2.729629313522525,2.6484781024588426,2.663233178953022,82638900
1996-04-17,2.755448818206787,2.7886472530730146,2.700118916596322,2.711184934910719,56881800
1996-04-18,2.8107805252075195,2.8329129499920915,2.777582077992251,2.7997145027768227,39339000
1996-04-19,2.8329131603240967,2.910375323090215,2.810780733896284,2.899309299837913,50414400
1996-04-22,2.932507276535034,2.954638749585252,2.874410188926894,2.8882426207804426,54228600
1996-04-23,3.0099704265594482,3.032102856768747,2.9435735158548235,2.954639730959473,41809500
1996-04-24,3.0652992725372314,3.104030344367874,3.0196522703124127,3.054233062052634,58420800
1996-04-25,3.043168306350708,3.076366763713423,2.965706125658728,3.076366763713423,33487200
1996-04-26,3.02103590965271,3.109564279307608,3.0099696972294567,3.0099696972294567,27234000
1996-04-29,3.03210186958313,3.076365575820623,2.9989034250395004,3.021035658081395,19857600
1996-04-30,2.9878385066986084,3.065300880967652,2.954640047786415,3.0542346646763687,23940000
1996-05-01,3.02103590965271,3.0431673846912672,2.9546390150363693,2.9878374623445394,21137400
1996-05-02,2.910374641418457,3.021035417907183,2.8993086207580525,3.021035417907183,29428200
1996-05-03,2.949105978012085,2.998903262200411,2.8993086938237584,2.960171998951365,29212200
1996-05-06,3.02103590965271,3.0321021220759636,2.9546390150363693,2.9546390150363693,26137800
1996-05-07,2.965705394744873,3.0321022931064348,2.943572968649952,3.0321022931064348,29140200
1996-05-08,2.910374641418457,2.9657047447204814,2.832912496795623,2.9657047447204814,45999900
1996-05-09,2.9767708778381348,2.9767708778381348,2.9214409624074014,2.9435724346796226,18920700
1996-05-10,2.998903512954712,3.0210357466454307,2.965705067437844,3.0085864245573952,28980900
1996-05-13,3.0874321460723877,3.0984983588599815,2.9878375607152137,3.009969796328806,31299300
1996-05-14,3.1095640659332275,3.1538279627809587,3.0984980442309005,3.1095640659332275,39534300
1996-05-15,3.054234504699707,3.1316976347579626,3.043168288988057,3.109565203334663,29283300
1996-05-16,3.0984978675842285,3.1206300996886913,2.9989032980180603,3.021035530122523,36248400
1996-05-17,3.1095640659332275,3.1759601961471895,3.0874318325669967,3.1316964892610355,27947700
1996-05-20,3.1427621841430664,3.187026846936119,3.1316969207624177,3.1316969207624177,30397500
1996-05-21,3.1427621841430664,3.187026846936119,3.1316969207624177,3.174577523315275,28045800
1996-05-22,3.0099704265594482,3.1648951584849083,2.954639730959473,3.13169746297914,57283200
1996-05-23,2.998903512954712,3.076365666006699,2.965705067437844,3.076365666006699,60604200
1996-05-24,2.943572998046875,3.043167586737448,2.943572998046875,3.043167586737448,31229100
1996-05-28,2.932507276535034,2.9767709824817614,2.921441065105993,2.9767709824817614,30819600
1996-05-29,2.899308681488037,2.954638595987463,2.8771762597805157,2.954638595987463,29542500
1996-05-30,2.943572998046875,2.9878376607171795,2.8771768588686304,2.910375308380958,28426500
1996-05-31,2.932507276535034,2.998903405339844,2.8993088322094835,2.987837193910803,44240400
1996-06-03,2.8771774768829346,2.9325083645962247,2.855045235774605,2.9325083645962247,47610000
1996-06-04,2.9214417934417725,2.9325080076296977,2.866111102425386,2.9103755792538473,40733100
1996-06-05,3.0099704265594482,3.0099704265594482,2.899309795206042,2.932508250558354,33570900
1996-06-06,2.910374641418457,3.054233099965279,2.8993086207580525,3.021035417907183,35834400
1996-06-07,2.998903512954712,2.998903512954712,2.8329128050630095,2.8661104907335586,33907500
1996-06-10,2.938040256500244,3.0431674729344365,2.92144141228802,3.0099697845099875,24889500
1996-06-11,2.998903512954712,3.043167220489831,2.9435726437855454,2.965705067437844,31121100
1996-06-12,3.054234504699707,3.08743296187301,3.02103680737299,3.043168288988057,40072500
1996-06-13,3.043168306350708,3.065300737900283,2.9878383672466553,3.0542345221254954,25838100
1996-06-14,2.998903512954712,3.043167220489831,2.9546388556116945,3.043167220489831,27813600
1996-06-17,2.998903512954712,3.043167220489831,2.965705067437844,3.043167220489831,24302700
1996-06-18,2.965705394744873,3.021036080058974,2.9325077054104947,3.0099698670115136,28930500
1996-06-19,3.043168306350708,3.0542345221254954,2.9546399098839404,2.976772151471868,45620100
1996-06-20,3.0874321460723877,3.1538282830283753,2.9657053251016214,3.0763659332847935,62536500
1996-06-21,3.3640828132629395,3.386215234474215,3.2202245448899105,3.375149213830136,140348700
1996-06-24,3.3530173301696777,3.375149754929191,3.3087536204201857,3.3530173301696777,41876100
1996-06-25,3.375150203704834,3.4304807030758506,3.330886108146604,3.35301777600249,41244300
1996-06-26,3.30875301361084,3.375149135943117,3.2976866132990184,3.375149135943117,34527600
1996-06-27,3.4968764781951904,3.4968764781951904,3.2755552638625103,3.3087537119586448,50741100
1996-06-28,3.4913432598114014,3.5743389997229995,3.4415459678337177,3.5079428637015457,53573400
1996-07-01,3.4636781215667725,3.5411406626057733,3.452612098550229,3.4968765705396008,27046800
1996-07-02,3.386216163635254,3.474744733002808,3.3751501399547124,3.4415462820379616,32082300
1996-07-03,3.386216163635254,3.386216163635254,3.341951688989866,3.3751501399547124,23870700
1996-07-05,3.2866218090057373,3.3419519314222104,3.2644893801158985,3.330886286862165,14093100
1996-07-08,3.3419511318206787,3.3862155990863068,3.242356555376964,3.2866210226425916,49334400
1996-07-09,3.319819688796997,3.419414271862443,3.2976872637310883,3.397281846796534,29492100
1996-07-10,3.3972818851470947,3.3972818851470947,3.2866212782610824,3.341951391742495,35837100
1996-07-11,3.330885171890259,3.3751492550065922,3.2534222665904307,3.353016833525303,62100900
1996-07-12,3.2976861000061035,3.3862146292592326,3.242355626751754,3.3640822120036633,29214900
1996-07-15,3.175959587097168,3.3198187914475934,3.1427611484334586,3.2990696723020045,50607900
1996-07-16,3.2091588973999023,3.2534226051999897,2.9435726614061792,3.1427618160071242,104453100
1996-07-17,3.319819688796997,3.3530173765879008,3.1870266580942794,3.2976872637310883,66102300
1996-07-18,3.3640828132629395,3.375149213830136,3.2976866893984647,3.3308851312538192,38337300
1996-07-19,3.2866218090057373,3.3419519314222104,3.2644893801158985,3.330886286862165,31993200
1996-07-22,3.275554656982422,3.286620677656474,3.2312905742862124,3.275554656982422,24929100
1996-07-23,3.1870269775390625,3.341951688989866,3.17596076389691,3.2976875942676998,42314400
1996-07-24,3.2312910556793213,3.2644887427241036,3.0542335587473555,3.0542335587473555,49374900
1996-07-25,3.375150203704834,3.3862162275943914,3.231291513217357,3.231291513217357,52945200
1996-07-26,3.375150203704834,3.4083486552967357,3.330886108146604,3.3640837998920476,29223900
1996-07-29,3.3419511318206787,3.430480066351935,3.3419511318206787,3.3419511318206787,22145400
1996-07-30,3.386216163635254,3.386216163635254,3.286621570587158,3.364083736350949,16803000
1996-07-31,3.4636781215667725,3.4636781215667725,3.3862159604509703,3.3972819834675136,31266900
1996-08-01,3.4747445583343506,3.5300750538789267,3.441546109038324,3.4636781552868734,33699600
1996-08-02,3.5079426765441895,3.5411403628605513,3.485810252461337,3.5079426765441895,37225800
1996-08-05,3.419415235519409,3.5300758723425134,3.3972828042161556,3.519009846652532,20058300
1996-08-06,3.53007435798645,3.5411399990061243,3.3751493049409658,3.4083477476925,28454400
1996-08-07,3.7015984058380127,3.718198009528355,3.53007486655221,3.5522065317031193,60687900
1996-08-08,3.6075375080108643,3.729264139343198,3.6075375080108643,3.6628672423645527,36591300
1996-08-09,3.662868022918701,3.7071328836193986,3.552207390860054,3.5964718716374775,42211800
1996-08-12,3.651798725128174,3.718195576754088,3.596468648644802,3.6739311356444566,27784800
1996-08-13,3.596470594406128,3.6518007008241753,3.5411401080649405,3.6186030168964862,32004000
1996-08-14,3.596470594406128,3.6518007008241753,3.5632721506321596,3.6075369956128767,22608000
1996-08-15,3.53007435798645,3.5964704836432624,3.519008337043648,3.5964704836432624,27615600
1996-08-16,3.519009828567505,3.563273551176658,3.4968773973779954,3.563273551176658,28794600
1996-08-19,3.5079426765441895,3.5411403628605513,3.474744230381494,3.5411403628605513,23042700
1996-08-20,3.452611207962036,3.507942068618761,3.3862150869894094,3.4968756685335554,37595700
1996-08-21,3.3530173301696777,3.364083352587845,3.275555173242504,3.3530173301696777,66442500
1996-08-22,3.375150203704834,3.375150203704834,3.3198200842570462,3.35301777600249,31723200
1996-08-23,3.4415459632873535,3.4747444111774115,3.3530174021191765,3.3751498273536105,35185500
1996-08-26,3.375150203704834,3.4304807030758506,3.375150203704834,3.4304807030758506,17714700
1996-08-27,3.386216163635254,3.430480638280642,3.364083736350949,3.3972821873157955,21181500
1996-08-28,3.30875301361084,3.3972811767205426,3.275554572521593,3.3972811767205426,37978200
1996-08-29,3.2202253341674805,3.319819924297955,3.2202253341674805,3.297687497662019,36720000
1996-08-30,3.1206300258636475,3.2091585722640388,3.1095638150924274,3.1870261507215987,59006700
1996-09-03,3.2976861000061035,3.308752498595413,3.0542325495792357,3.0763647768732802,42780600
1996-09-04,3.330885171890259,3.34195081274622,3.231290604955386,3.286620708850803,36766800
1996-09-05,3.275554656982422,3.386215243646064,3.264488256385251,3.31981911960175,45176400
1996-09-06,3.319819688796997,3.341951354016538,3.275555218588363,3.2976872637310883,28923300
1996-09-09,3.319819688796997,3.341951354016538,3.2534227935224544,3.330885711368359,21618900
1996-09-10,3.319819688796997,3.3530173765879008,3.275555218588363,3.341951354016538,21915000
1996-09-11,3.2423577308654785,3.2976882400263174,3.187027601627936,3.2976882400263174,36380700
1996-09-12,3.319819688796997,3.3530173765879008,3.198092680665642,3.264488816093817,72135900
1996-09-13,3.729264974594116,3.729264974594116,3.5411414041487257,3.5964719107412852,137418300
1996-09-16,3.684999465942383,3.7403295771854004,3.6407349970247957,3.718197912611366,65257200
1996-09-17,3.684999465942383,3.7403295771854004,3.673933443693779,3.7403295771854004,47449800
1996-09-18,3.8399240970611572,3.8952545873586875,3.6518009619419884,3.6739333860149004,70453800
1996-09-19,3.850990056991577,3.88418850260363,3.7679950827309274,3.83992403509528,41037300
1996-09-20,3.9395179748535156,3.9395179748535156,3.784593313441829,3.8620554541861227,51914700
1996-09-23,3.7956600189208984,3.9173870219166385,3.7956600189208984,3.9063209998121473,26159400
1996-09-24,3.828857660293579,3.8509893199270993,3.7735271814789715,3.8067256207369713,32219100
1996-09-25,3.8343915939331055,3.873122864368341,3.7956603234978705,3.862056461452675,25498800
1996-09-26,3.7513959407806396,3.895255002948841,3.729264274192803,3.8509905300035454,42945300
1996-09-27,3.8011932373046875,3.8177928420811336,3.7181982528081163,3.751395942668179,31671000
1996-09-30,3.7679951190948486,3.817792408070347,3.762461538208556,3.7956599841409977,19625400
1996-10-01,3.773528814315796,3.8122597103374916,3.7403303606925533,3.756929967427427,28845000
1996-10-02,3.917386293411255,3.917386293411255,3.7735272729595923,3.784593293006167,69027300
1996-10-03,3.917386293411255,3.983782413690702,3.8952538733950086,3.9505839736278814,47147400
1996-10-04,4.005913734436035,4.028045768455888,3.9395168725304917,3.950582889540418,44637300
1996-10-07,4.072310447692871,4.105508883628267,3.994847937074346,4.028046373009742,40375800
1996-10-08,3.961650848388672,4.083377855009419,3.9505848259546363,4.083377855009419,27200700
1996-10-09,3.9063198566436768,4.016980425227397,3.8952534578545537,4.00591440636133,27216000
1996-10-10,3.9727158546447754,3.994847891735154,3.8841873263602156,3.895253344905405,24118200
1996-10-11,3.99484920501709,4.028047651489487,3.961650758544693,3.99484920501709,20200500
1996-10-14,4.028048038482666,4.050179705051939,3.9727175423282617,4.005915991990187,20278800
1996-10-15,3.961650848388672,4.072311832575385,3.9505848259546363,4.06124543021817,29951100
1996-10-16,3.9395179748535156,3.9727164150955976,3.9173863145639594,3.950583994959843,17309700
1996-10-17,3.8731207847595215,3.994847352240773,3.8620543877857765,3.972715318139272,25299000
1996-10-18,3.9395179748535156,3.9616500150661706,3.8620554541861227,3.884187874321877,32248800
1996-10-21,3.817793130874634,3.9948498963685792,3.795660702755059,3.9395193959544965,25776900
1996-10-22,3.7181968688964844,3.795659002892734,3.6739324124041333,3.7845929837504126,41041800
1996-10-23,3.7513959407806396,3.795660413725935,3.6739337779919854,3.718198250937281,39315600
1996-10-24,3.8067264556884766,3.88418861112683,3.696065473787343,3.784594031354347,24696000
1996-10-25,3.745861530303955,3.8288572394024767,3.7403283310615016,3.7956588037938492,14219100
1996-10-28,3.7624614238739014,3.839923955464762,3.7403293805402704,3.784593847130685,22207500
1996-10-29,3.673933744430542,3.8067267821301547,3.6628673413529045,3.7735283327436497,21115800
1996-10-30,3.640735149383545,3.71819806821181,3.629669506595035,3.696065642865225,25898400
1996-10-31,3.745861530303955,3.7735267666701287,3.6186021268810378,3.662865821205433,34004700
1996-11-01,3.9063198566436768,3.9284518943758093,3.784592889270834,3.7956589081369003,44876700
1996-11-04,3.961650848388672,3.972717250745886,3.895254713784459,3.939518803520601,27158400
1996-11-05,3.9063198566436768,4.00591440636133,3.8177913257920895,3.9948480075722075,71874000
1996-11-06,3.9837827682495117,4.028047232298468,3.9063206210293178,3.950584325232012,61611300
1996-11-07,3.99484920501709,4.028047651489487,3.9173870497355607,3.99484920501709,52985700
1996-11-08,4.070929050445557,4.083378374758846,3.9837837802525327,3.994849804095098,45939600
1996-11-11,4.039112567901611,4.138707129574844,4.005914887241336,4.094443048797008,29286000
1996-11-12,3.9727158546447754,4.072310401474525,3.9505834376313516,4.06124400300629,22623300
1996-11-13,4.028048038482666,4.061245728298178,3.9284534493433036,3.994849588820741,23460300
1996-11-14,4.194038391113281,4.238302480130063,4.005915632868788,4.039113319708202,41656500
1996-11-15,4.160838603973389,4.271499550711201,4.094442491838362,4.238301114720636,39432600
1996-11-18,4.116577625274658,4.182973781218142,4.028049037426712,4.16084134931368,23641200
1996-11-19,4.083377838134766,4.13870795007629,4.072311815746461,4.116576285222858,26652600
1996-11-20,4.238302707672119,4.238302707672119,4.083378007872759,4.127642479189142,31980600
1996-11-21,4.182973861694336,4.38216309320359,4.160841429364068,4.249370018915215,53435700
1996-11-22,4.404294490814209,4.437492181702065,4.194038902574406,4.194038902574406,39298500
1996-11-25,4.404294490814209,4.437492181702065,4.3268319456651465,4.415360514417901,44185500
1996-11-26,4.382162094116211,4.437492212518919,4.282567501068115,4.404294521400516,35476200
1996-11-27,4.360030174255371,4.404295033975558,4.337898124318544,4.404295033975558,21384000
1996-11-29,4.337896823883057,4.393227312061152,4.337896823883057,4.376628469546245,9449100
1996-12-02,4.393228054046631,4.40429445748981,4.271501415403827,4.326831912926856,25705800
1996-12-03,4.404294490814209,4.514955106774346,4.38354536412447,4.415360514417901,37220400
1996-12-04,4.138709545135498,4.404295704504466,4.116577871752516,4.393229297927989,77348700
1996-12-05,4.149773597717285,4.160839619106268,4.0612450466822825,4.1387075763283026,45355500
1996-12-06,4.039112567901611,4.138707129574844,3.9727164467348577,4.028046927630254,44388000
1996-12-09,4.315767288208008,4.315767288208008,4.050181117955815,4.072313552092391,39070800
1996-12-10,4.371094226837158,4.448556359929708,4.326830150784273,4.415358682813105,42397200
1996-12-11,4.249368190765381,4.37109518648127,4.1608396393007085,4.3046990578251245,51597000
1996-12-12,4.182973861694336,4.37109706700011,4.160841429364068,4.315766935982711,39253500
1996-12-13,3.8952550888061523,3.9505852063033218,3.8011933191761402,3.8841890653067184,226649700
1996-12-16,3.7679951190948486,3.961650694110551,3.7513955162054633,3.9505846721074582,67174200
1996-12-17,3.828857660293579,3.8399233001487953,3.6739326235511487,3.740328742220972,69094800
1996-12-18,3.740330219268799,3.8509908406745517,3.7181985508955337,3.8399248165263002,67949100
1996-12-19,3.729264974594116,3.806727531854388,3.6960665186692694,3.7956611265972535,70351200
1996-12-20,3.828857660293579,3.8952537789634025,3.651800204071453,3.751394761999276,67197600
1996-12-23,3.7513959407806396,3.8620565532590674,3.718198250937281,3.8399245067480234,25519500
1996-12-24,3.828857660293579,3.8399233001487953,3.718197082587452,3.76246078177758,9664200
1996-12-26,3.9007866382598877,3.9063202180895193,3.8288576989365097,3.8399233389034064,26187300
1996-12-27,3.7956600189208984,3.9063209998121473,3.762461572684257,3.9063209998121473,26540100
1996-12-30,3.690532684326172,3.839924570646494,3.684999862567945,3.8177929036903735,27697500
1996-12-31,3.6960649490356445,3.7513950522075055,3.6849989284012725,3.707131349593134,31612500
1997-01-02,3.7181968688964844,3.762460565542704,3.607536297550205,3.729262888038806,54342000
1997-01-03,3.9505844116210938,3.9505844116210938,3.7735276913228883,3.7845937125963296,47344500
1997-01-06,3.9727158546447754,3.994847891735154,3.9492001378228223,3.983781873189965,35468100
1997-01-07,3.961650848388672,3.972717250745886,3.8841886913504236,3.961650848388672,32473800
1997-01-08,3.8399240970611572,3.9948491659557086,3.823325253910432,3.96718430073011,41618700
1997-01-09,3.6960649490356445,3.895254080300578,3.6849989284012725,3.884188059666206,81560700
1997-01-10,3.618603467941284,3.70713202916804,3.5854050200292593,3.684999603918961,120012300
1997-01-13,3.6296677589416504,3.662865431169167,3.5964693268681223,3.6517994137856595,53683200
1997-01-14,3.828857660293579,3.8731217394067947,3.6628662238497567,3.6739326235511487,65166300
1997-01-15,3.651798725128174,3.8620537756108555,3.651798725128174,3.8620537756108555,52612200
1997-01-16,3.651798725128174,3.7845916685341345,3.6351998921446294,3.707129561457414,61376400
1997-01-17,3.673933744430542,3.7513959065115783,3.629669651812807,3.651801318198471,54756900
1997-01-20,3.773528814315796,3.7956608634491227,3.6850002378592364,3.7071326669158156,38762100
1997-01-21,3.6960649490356445,3.8509896178399723,3.6739329077669005,3.7956595146681114,64057500
1997-01-22,3.7513959407806396,3.784594390470413,3.6849998012475074,3.6960658245030293,57422700
1997-01-23,3.5854053497314453,3.7956605595081783,3.5743393260509038,3.7956605595081783,85063500
1997-01-24,3.5079426765441895,3.5964708531829324,3.4636778283784846,3.5964708531829324,106879500
1997-01-27,3.375150203704834,3.541140941971426,3.3198200842570462,3.51900927411554,105248700
1997-01-28,3.330885171890259,3.5079422642018376,3.2976867296298864,3.5079422642018376,136550700
1997-01-29,3.3364193439483643,3.4083490780368306,3.319820496016875,3.3751506223272996,85716900
1997-01-30,3.319819688796997,3.386215824225172,3.275555218588363,3.3751498016538095,96756300
1997-01-31,3.4415459632873535,3.5190088817230936,3.3198197140754915,3.3530174021191765,85518000
1997-02-03,3.4858105182647705,3.563272678730391,3.4636780924942547,3.4858105182647705,59693400
1997-02-04,3.53007435798645,3.563272040891728,3.474743873349312,3.519008337043648,50998500
1997-02-05,3.419415235519409,3.58540600079242,3.3308866500762675,3.58540600079242,71854200
1997-02-06,3.4968764781951904,3.5522065918167662,3.4304803418492997,3.441545984650426,70651800
1997-02-07,3.5411407947540283,3.5743392449657563,3.474744654176999,3.5522068181835333,34070400
1997-02-10,3.5522053241729736,3.6186021966707833,3.530073666545459,3.563271342948257,48582900
1997-02-11,3.4636781215667725,3.574339111578602,3.430480432440342,3.5522066856223167,68290200
1997-02-12,3.6684017181396484,3.6739345409548023,3.5300758288347938,3.541141474465102,79970400
1997-02-13,3.6573352813720703,3.7403302737308066,3.618604006327615,3.707132580725907,49575600
1997-02-14,3.618603467941284,3.70713202916804,3.6075374452783384,3.662867178669882,36990900
1997-02-18,3.6075375080108643,3.6407351966537997,3.5300749681000356,3.6407351966537997,36747900
1997-02-19,3.662868022918701,3.7071328836193986,3.5632734160735917,3.607538276774289,36259200
1997-02-20,3.6960649490356445,3.7735274733993673,3.679466108045645,3.6849989284012725,59025600
1997-02-21,3.618603467941284,3.718198051830986,3.574338997366313,3.70713202916804,53787600
1997-02-24,3.5688064098358154,3.618603705043541,3.5300751380161164,3.5854052549562496,35872200
1997-02-25,3.618603467941284,3.64073513334399,3.5466737507473547,3.5964710426922055,33201000
1997-02-26,3.6075375080108643,3.6739336451431224,3.5522066338875953,3.6186035308662405,27000000
1997-02-27,3.5411407947540283,3.607537695177484,3.5300751512477366,3.607537695177484,32757300
1997-02-28,3.4747445583343506,3.5522067202042735,3.441546109038324,3.519009030754652,45770400
1997-03-03,3.4858105182647705,3.496876541188431,3.3751499091049744,3.4747444953411106,55296900
1997-03-04,3.4968764781951904,3.541140569092451,3.4304803418492997,3.5079428808426947,68404500
1997-03-05,3.519009828567505,3.5854059823661673,3.4415468892891545,3.519009828567505,38627100
1997-03-06,3.2368245124816895,3.5190094668520033,3.15382875887948,3.5190094668520033,170810100
1997-03-07,3.1704277992248535,3.3308856956365407,3.120630507927324,3.2866212256369685,119399400
1997-03-10,3.1870269775390625,3.253423119622312,3.0763661708488144,3.198093001219604,86598900
1997-03-11,3.164893627166748,3.2423559556497126,3.109563528222876,3.2312903157840265,56134800
1997-03-12,3.02103590965271,3.1648943916159253,2.976771249921286,3.1538281791926717,77609700
1997-03-13,3.1980926990509033,3.2755552374189425,3.021035956968052,3.0321021695646238,120248100
1997-03-14,3.6296677589416504,3.640733396402152,3.4968747904935498,3.507941187800063,155835000
1997-03-17,3.7181968688964844,3.729262888038806,3.5300737836308893,3.585403879342496,84921300
1997-03-18,3.5854053497314453,3.762462108543332,3.5300752313287376,3.729264417424929,65855700
1997-03-19,3.4858105182647705,3.541140632883071,3.3862159320286342,3.5190089669589466,72075600
1997-03-20,3.53007435798645,3.58540446270046,3.441545430597778,3.474743873349312,53210700
1997-03-21,3.53007435798645,3.58540446270046,3.519008337043648,3.563272040891728,46665000
1997-03-24,3.53007435798645,3.5411399990061243,3.441545430597778,3.496875915234916,43705800
1997-03-25,3.452611207962036,3.5854042097534924,3.4194135273988238,3.5522057693440776,52730100
1997-03-26,3.5854053497314453,3.60753777701575,3.452612305718503,3.474744733002808,44325000
1997-03-27,3.4858105182647705,3.607537530271423,3.4194143807228103,3.596471127424567,48681000
1997-03-31,3.4138803482055664,3.4858100575880844,3.3640830616685937,3.463677634742539,40222800
1997-04-01,3.275554656982422,3.41941368559134,3.2091585329381074,3.2312905742862124,71018100
1997-04-02,3.2534220218658447,3.330884921338862,3.2091583220021787,3.2866204616290084,42739200
1997-04-03,3.419415235519409,3.4304812612093905,3.19809358194991,3.264489736089798,71208900
1997-04-04,3.4415459632873535,3.5190088817230936,3.3530174021191765,3.3640834247748,54000000
1997-04-07,3.519009828567505,3.530075854200615,3.4415468892891545,3.4968773973779954,37730700
1997-04-08,3.4968764781951904,3.5190089035670096,3.4304803418492997,3.4968764781951904,27486000
1997-04-09,3.3972818851470947,3.541140560121954,3.386215862450812,3.507942871956295,39940200
1997-04-10,3.319819688796997,3.4083482492910804,3.2976872637310883,3.397281846796534,34047900
1997-04-11,3.2312910556793213,3.2976871896152367,3.2312910556793213,3.2644887427241036,42588000
1997-04-14,3.4415459632873535,3.4526119859429776,3.1870266823616324,3.2423567956397514,41932800
1997-04-15,3.303220272064209,3.5079430309557647,3.198092861722974,3.4747445814389915,67640400
1997-04-16,3.319819688796997,3.330885711368359,3.2312911283029133,3.275555218588363,31331700
1997-04-17,3.281088352203369,3.4526118884855075,3.2644887488037133,3.3419512851297184,37100700
1997-04-18,3.2866218090057373,3.3419519314222104,3.1980932332161305,3.3087542378955757,53865000
1997-04-21,3.1980926990509033,3.2866212600539217,3.175960463819352,3.2534228122257987,30331800
1997-04-22,3.1206300258636475,3.2202245930736977,3.087431583511549,3.2202245930736977,48249000
1997-04-23,3.3419511318206787,3.3640831754919134,3.109564103387976,3.1427617889716695,69930900
1997-04-24,3.4968764781951904,3.530074926291325,3.3751498483045355,3.3862158710288504,66723300
1997-04-25,3.3530173301696777,3.485810359034046,3.3530173301696777,3.4636779342745325,32589900
1997-04-28,3.3640828132629395,3.441545337694611,3.2534222268990303,3.3640828132629395,30512700
1997-04-29,3.4083473682403564,3.530073964982455,3.364082529550908,3.4526110671605483,55114200
1997-04-30,3.519009828567505,3.541141499910437,3.364084329934093,3.375150735490492,80145900
1997-05-01,3.5798721313476562,3.640735064887871,3.5079427954293885,3.5300748403391355,81002700
1997-05-02,3.7624614238739014,3.7735278254638693,3.563272274024918,3.5743386756148863,65894400
1997-05-05,3.961650848388672,3.994849295613957,3.7845941095209255,3.795660131954961,123752700
1997-05-06,3.889721155166626,3.983782907097053,3.8288582273339147,3.9505844629224818,62184600
1997-05-07,3.8067264556884766,3.9395187221542254,3.795660053559826,3.8288585000994346,45734400
1997-05-08,3.8841898441314697,3.939519972722967,3.740330749946994,3.773529207025184,60463800
1997-05-09,3.8841898441314697,3.961652024159566,3.7845952327434835,3.9063222754913602,42534000
1997-05-12,3.8731207847595215,3.950582904114776,3.806724682455017,3.8620543877857765,37386900
1997-05-13,3.9671857357025146,4.0501807413226345,3.90632240231423,3.9173884283917992,93183300
1997-05-14,3.9229209423065186,4.083378877670666,3.8841896641257554,4.072312852465202,74369700
1997-05-15,4.066779613494873,4.083378459642156,3.917387718629916,3.9284537427025166,64282500
1997-05-16,3.928452730178833,4.061244984824016,3.9173867089584014,3.972716815060561,69361200
1997-05-19,3.917386293411255,3.9395179535813067,3.850989413285614,3.917386293411255,35838000
1997-05-20,4.005913734436035,4.005913734436035,3.873120770470934,3.9284512354435583,44722800
1997-05-21,4.155308723449707,4.171907571743898,4.061246556858444,4.061246556858444,80141400
1997-05-22,4.138709545135498,4.216172491554217,4.116577871752516,4.194040058324587,43659900
1997-05-23,4.160838603973389,4.194037039963952,4.094442491838362,4.138706566595046,22555800
1997-05-27,4.194038391113281,4.238302480130063,4.07231176639396,4.116576235333914,39391200
1997-05-28,4.171907901763916,4.22723841358358,4.116577769867567,4.182973928143186,40014000
1997-05-29,4.171907901763916,4.260436112798074,4.138709442702792,4.194039954522456,48439800
1997-05-30,4.127641677856445,4.171905760656289,3.895254103387907,3.895254103387907,69277500
1997-06-02,4.337896823883057,4.337896823883057,4.072311544413027,4.138707674318958,55036800
1997-06-03,4.116577625274658,4.326832878942293,4.111044042394416,4.315766852951712,59567400
1997-06-04,4.133176326751709,4.199572480324966,4.072312996014579,4.127643503915581,51327000
1997-06-05,4.205105304718018,4.282567469918379,4.160840450471373,4.171906853994644,49992300
1997-06-06,4.337896823883057,4.337896823883057,4.194038162497053,4.205104564071194,60370200
1997-06-09,4.337896823883057,4.393227312061152,4.315765160504231,4.332364003019138,44697600
1997-06-10,4.216170310974121,4.365562163412028,4.199570709694628,4.332363720699297,41639400
1997-06-11,4.310232162475586,4.332364588692702,4.177439884712111,4.21617115568806,31883400
1997-06-12,4.39046049118042,4.420891951578245,4.288098950079971,4.30469855017113,52849800
1997-06-13,4.603482723236084,4.603482723236084,4.348962713309111,4.3821611571758705,95150700
1997-06-16,4.631150245666504,4.692013587804448,4.526022792854913,4.603485366457154,85806000
1997-06-17,4.714144706726074,4.736276375959676,4.59241767651687,4.609016523422885,67364100
1997-06-18,4.454091548919678,4.59241702653389,4.426426301427556,4.481756416488601,99493200
1997-06-19,4.387692928314209,4.49282067553998,4.371094090274492,4.448556220946953,63288000
1997-06-20,4.271501064300537,4.415360118081742,4.271501064300537,4.393227692937813,79125300
1997-06-23,4.271501064300537,4.393227692937813,4.271501064300537,4.31576553466521,64331100
1997-06-24,4.437491416931152,4.459623460324232,4.260434309940211,4.337896841739142,51371100
1997-06-25,4.5094218254089355,4.603483982112773,4.393228379870239,4.4706909301782,73665900
1997-06-26,4.487288951873779,4.586883532555603,4.4596237061459005,4.492822152988625,45954000
1997-06-27,4.459622859954834,4.548151401532295,4.45409041973609,4.503887700628218,34057800
1997-06-30,4.459622859954834,4.503887700628218,4.348962277963783,4.459622859954834,30345300
1997-07-01,4.299166679382324,4.459624605054434,4.260435403541021,4.420893709136383,46398600
1997-07-02,4.260435581207275,4.315766466046408,4.194039431216158,4.310232883662247,52347600
1997-07-03,4.404294490814209,4.415360514417901,4.271501447723469,4.282567471327161,22314600
1997-07-07,4.365560054779053,4.481753408381043,4.3378944459326085,4.415357314872176,28595700
1997-07-08,4.5094218254089355,4.514955407464139,4.360029926924973,4.365563508980176,30799800
1997-07-09,4.5647501945495605,4.63114630404961,4.514952922463006,4.537084579039987,57402900
1997-07-10,4.609017372131348,4.664348265058667,4.437493389696273,4.559220062397079,48904200
1997-07-11,4.631150245666504,4.680947560136036,4.592418958865383,4.603485366457154,29150100
1997-07-14,4.758406639099121,4.763940219196242,4.631147214251056,4.631147214251056,35348400
1997-07-15,4.999095916748047,5.023994567191387,4.835871008371421,4.8690694622447115,72235800
1997-07-16,5.084856986999512,5.223183230629018,5.07379134341701,5.101456592142911,75413700
1997-07-17,4.946530342102051,5.101455786484816,4.935464320343958,5.095922205721036,54171900
1997-07-18,4.946530342102051,5.007393651733138,4.780539635807505,4.929931499426489,73792800
1997-07-21,4.885668754577637,4.946532085661908,4.813739777757996,4.946532085661908,27926100
1997-07-22,5.035057067871094,5.046123085611138,4.824802350887232,4.902264854990561,36589500
1997-07-23,5.012928485870361,5.112523086517808,4.86906940720002,5.084857455320655,51560100
1997-07-24,4.846935749053955,5.018460035499991,4.824804085539928,4.968662747804757,45485100
1997-07-25,4.846935749053955,4.968662747804757,4.813738063821338,4.858001770772545,39303900
1997-07-28,4.824804306030273,4.924398885972146,4.769473814985601,4.86353557377691,29468700
1997-07-29,4.824804306030273,4.846935970555702,4.741808569463265,4.819271104956537,30496500
1997-07-30,4.902266025543213,4.979728168219769,4.7916050618733435,4.835869143402805,32689800
1997-07-31,4.819270133972168,4.968661973785577,4.80267129394163,4.91333187381196,28381500
1997-08-01,4.858000755310059,4.935463271071441,4.813737057611243,4.835868716499113,39107700
1997-08-04,4.968663215637207,4.990795261158266,4.858002228185533,4.880134653629781,28911600
1997-08-05,5.029524803161621,5.046123641639191,4.946529091081535,5.012925964684052,37244700
1997-08-06,5.134652614593506,5.1457186345041,5.001860375666373,5.046124075385658,44258400
1997-08-07,5.035057067871094,5.167850040597663,5.023991430054068,5.1567836429346,49798800
1997-08-08,5.079324245452881,5.123588720098269,4.913333510321536,4.979729652404785,59588100
1997-08-11,5.04612398147583,5.123586879254568,4.918864564910783,5.112520859549916,38808900
1997-08-12,4.97973108291626,5.090391731434028,4.97973108291626,5.084858528042641,25629300
1997-08-13,5.023993968963623,5.057191659037417,4.913333355717066,5.046125635705082,33688800
1997-08-14,5.1235880851745605,5.1346537275606075,5.0295263256614176,5.046125169163662,37004400
1997-08-15,4.935462951660156,5.189982521283357,4.9243973128939,5.123586409147517,46280700
1997-08-18,5.112521171569824,5.129120012178297,4.797137881085331,4.946529726100233,30523800
1997-08-19,5.4611029624938965,5.469402004119967,5.178918070741876,5.237015161356027,60157200
1997-08-20,5.444504261016846,5.593896153177489,5.3864079206297895,5.560698461483873,54691200
1997-08-21,5.311712265014648,5.49430185885362,5.295112658413653,5.486002815399621,36745200
1997-08-22,5.427905559539795,5.427905559539795,5.112522920983251,5.228716364694298,41149200
1997-08-25,5.261916160583496,5.452805601099269,5.253616355397012,5.444505795912784,27442200
1997-08-26,5.129119873046875,5.278511714009405,5.104221232886453,5.26191287385119,50061000
1997-08-27,5.095922470092773,5.212116654388683,5.021226534408125,5.162319363932251,33187200
1997-08-28,4.822037696838379,5.129121261918205,4.797139049935864,5.095922812766051,48157200
1997-08-29,5.062723159790039,5.112520434280282,4.830335625553538,4.896731738258492,50159400
1997-09-02,5.162320613861084,5.203818112673591,5.062726008833838,5.129122158903157,37926000
1997-09-03,5.112521171569824,5.228714575521565,5.095921571115135,5.212115734913092,30378000
1997-09-04,5.187216281890869,5.2204139579099005,5.112520371078902,5.145718047097933,23112600
1997-09-05,5.2453155517578125,5.303412657311,5.187219206051151,5.228716704391127,21586800
1997-09-08,5.303412437438965,5.311712240701472,5.203817837674853,5.270213984235429,25389000
1997-09-09,5.286811828613281,5.320009510905203,5.195516302694892,5.303410669759242,27785400
1997-09-10,5.037827968597412,5.261915857087545,4.996329704905191,5.261915857087545,50615400
1997-09-11,5.170620441436768,5.203818901426651,4.938233501047539,5.04612716628302,34527000
1997-09-12,5.137420654296875,5.228715432373667,5.029526273045146,5.2121165890450705,23408400
1997-09-15,5.04612398147583,5.237014056131113,5.0378249416011975,5.162318138182395,31686600
1997-09-16,5.253614902496338,5.261914705387491,5.04612590898921,5.095923206643204,41925000
1997-09-17,4.788841247558594,4.996329518909116,4.74734298541121,4.963131821007128,164461200
1997-09-18,4.8718342781066895,4.988028453221894,4.805438149359637,4.88843388017817,84763800
1997-09-19,4.97973108291626,5.004629738330841,4.830339150428772,4.896735311585434,61997400
1997-09-22,4.93408203125,5.062725557848371,4.929932509692348,5.029527105847749,32969400
1997-09-23,4.963130474090576,5.03782641386863,4.905033378758849,4.938231827497892,30796200
1997-09-24,5.037827968597412,5.195518939118643,5.029528163889642,5.112523931427456,64599600
1997-09-25,5.079324245452881,5.129121541976929,4.921632553177915,5.0212271462260105,35757000
1997-09-26,4.996328353881836,5.112522548984814,4.963130663720775,5.104222746521338,37310400
1997-09-29,4.963130474090576,5.029526611722271,4.8967335766124895,5.012927767275945,30647400
1997-09-30,4.838634967803955,4.979726978924813,4.838634967803955,4.963128142277076,26589000
1997-10-01,4.780539512634277,4.913332530156216,4.730742226044337,4.913332530156216,37809600
1997-10-02,4.780539512634277,4.880134085814158,4.714143383796454,4.813737956976335,32830800
1997-10-03,4.89673376083374,5.012927955868567,4.822037818245532,4.863536070692151,32593200
1997-10-06,4.921633243560791,5.012928806559007,4.880135743918498,4.946531895315477,21720000
1997-10-07,4.9838786125183105,5.012927538783301,4.886359551013942,4.92993180064189,25854600
1997-10-08,4.946530342102051,5.012927232496918,4.880134211553495,5.012927232496918,22747200
1997-10-09,4.938229084014893,4.9797265519995655,4.880132020959574,4.913330451254895,17358000
1997-10-10,4.797137260437012,4.913331409201898,4.780538421976079,4.863534133972981,38638200
1997-10-13,4.830336570739746,4.871834054319686,4.797138127968041,4.8469354122024715,21827400
1997-10-14,4.780539512634277,4.863535243566275,4.730742226044337,4.822036998177131,23269800
1997-10-15,4.639448165893555,4.772240443947855,4.597949914135977,4.730742952036688,53673000
1997-10-16,4.573052883148193,4.714145773232277,4.514956525910443,4.680947312063078,36670800
1997-10-17,4.539853572845459,4.5896508670271405,4.431959182169679,4.481756476351361,45437400
1997-10-20,4.581350803375244,4.63944789655524,4.53985331387317,4.581350803375244,29237400
1997-10-21,4.739041805267334,4.74734084607967,4.6311474360906635,4.647746277561591,38733600
1997-10-22,4.656045436859131,4.830335907757601,4.6311467981593495,4.755639991658256,27979800
1997-10-23,4.531554222106934,4.6145499739624825,4.415360777386353,4.448558470251386,30819600
1997-10-24,4.506655216217041,4.664346904320773,4.456857921010223,4.614549609113954,34748400
1997-10-27,4.149773597717285,4.514954203169421,4.116575913473481,4.431958472867338,43253400
1997-10-28,4.614550590515137,4.631149439165434,3.817793697755492,3.850991395056087,80150400
1997-10-29,4.656045436859131,4.763939791173568,4.5149534041757535,4.6311467981593495,62920200
1997-10-30,4.48175573348999,4.763940607028862,4.448557289589452,4.448557289589452,49981200
1997-10-31,4.751492977142334,4.763942303056378,4.581351936368215,4.656047891852479,55548000
1997-11-03,4.763940334320068,4.88013374155111,4.647746167242787,4.797138016473944,49341000
1997-11-04,4.8718342781066895,4.8967329213676205,4.747341061802035,4.780539506098707,42405000
1997-11-05,4.830336570739746,4.946529980671332,4.813737729277022,4.896732696436901,24966600
1997-11-06,4.697542190551758,4.830335163094088,4.672643555690448,4.822035364858307,29761200
1997-11-07,4.639448165893555,4.664346813009537,4.481756480876862,4.5315537751088275,32662200
1997-11-10,4.597949504852295,4.7805398207318035,4.581350661534645,4.6975440844508745,24766800
1997-11-11,4.639448165893555,4.664346813009537,4.5481526199040125,4.647747208367943,23399400
1997-11-12,4.315767288208008,4.6477488612532305,4.216172664325105,4.548154237370328,50317800
1997-11-13,4.4319610595703125,4.465159523036603,4.241071604294284,4.4153622077605315,44474400
1997-11-14,4.573052883148193,4.63115000023262,4.448559603572048,4.465159214079985,30315600
1997-11-17,4.680944919586182,4.797138334520763,4.647746475385035,4.672645118574323,44148000
1997-11-18,4.614550590515137,4.70584539786165,4.597950982018254,4.697545593613209,20984400
1997-11-19,4.622847557067871,4.647746198775321,4.514953949566415,4.6145485163962165,18663600
1997-11-20,4.672645568847656,4.755641307425155,4.597949632081816,4.66434652688236,24085200
1997-11-21,4.647747039794922,4.763941228686102,4.5647520589827995,4.747341624646572,31270800
1997-11-24,4.315767288208008,4.548154237370328,4.24937036572162,4.53155538667207,63726000
1997-11-25,4.440258979797363,4.5149549209910775,4.332364589235418,4.465157626861934,46028400
1997-11-26,4.365560054779053,4.5398504651049825,4.332361628101675,4.49005320501186,29482800
1997-11-28,4.423659324645996,4.448557971426079,4.3157656951632335,4.365562988723401,13800600
1997-12-01,4.232770919799805,4.2991670731027085,4.149775158286245,4.282568224738625,73719000
1997-12-02,4.033581256866455,4.20787180500266,3.983783957398968,4.1995720018092495,60875400
1997-12-03,4.0169830322265625,4.066780339403558,3.9339872669827,4.008683227748194,73313400
1997-12-04,4.0169830322265625,4.1663749537575505,4.008683227748194,4.083379188513688,41658000
1997-12-05,4.141473770141602,4.18297124748941,4.008680778844018,4.016980578252036,46664400
1997-12-08,4.299166679382324,4.315766286072777,4.158074581592491,4.23277053216002,49045800
1997-12-09,3.045933961868286,3.1870260057141873,2.97123803985936,3.0542330021940254,1030963200
1997-12-10,3.1123299598693848,3.1704270390690072,3.021035200995277,3.13722859954834,397717800
1997-12-11,2.913142442703247,3.1123316695547514,2.8882437893468094,3.0874330161983132,197842200
1997-12-12,3.02103590965271,3.050084076143384,2.913141525785926,2.971238618613634,110835000
1997-12-15,3.079132318496704,3.112330766622807,3.029335026230739,3.095731922482945,90271200
1997-12-16,3.095731496810913,3.1289291805258594,3.0708328541015657,3.1123303386683863,84283200
1997-12-17,3.004436731338501,3.1538286256014065,2.9712390391777226,3.137229779521017,79088400
1997-12-18,2.9214417934417725,3.054234084157434,2.9214417934417725,3.054234084157434,72075000
1997-12-19,2.8716447353363037,2.946340690071816,2.7886489767924423,2.8716447353363037,105211800
1997-12-22,2.888242483139038,3.021035494266596,2.8716436416904387,2.913141125235064,58378200
1997-12-23,2.8052470684051514,2.9048416478733383,2.7803484235381046,2.9048416478733383,62624400
1997-12-24,2.796948194503784,2.838445685156695,2.7886483924346477,2.8052472367265353,28986000
1997-12-26,2.846745252609253,2.846745252609253,2.7969479639912853,2.821846608300269,22574400
1997-12-29,2.888242483139038,2.921440925882491,2.8467449995944127,2.913141125235064,45751200
1997-12-30,2.971238374710083,2.971238374710083,2.8882426431758055,2.8965424442831225,43931400
1997-12-31,2.9629387855529785,2.987837430809726,2.921441296740516,2.9712385872540117,51522000
1998-01-02,3.054234504699707,3.1123316147913407,2.9380410443630254,2.971239501536328,29169000
1998-01-05,3.1040308475494385,3.1206304509095624,3.0376347136479924,3.0708331605218904,66106800
1998-01-06,3.0127360820770264,3.1040308615851213,2.979537635053013,3.0957318197138832,41610000
1998-01-07,2.8052470684051514,2.987837384045607,2.7886482251092333,2.987837384045607,98762400
1998-01-08,2.6973540782928467,2.855045026113741,2.6724554276004406,2.830146375421335,97678800
1998-01-09,2.48986554145813,2.6890547847747803,2.47326669113063,2.6890547847747803,149899800
1998-01-12,2.398569107055664,2.4898638620487348,2.357070869457419,2.44006658480776,150830400
1998-01-13,2.5313611030578613,2.556259739349729,2.440066356603039,2.5064624667659934,129453000
1998-01-14,2.5977590084075928,2.639256498817566,2.5396619139565257,2.572860362192333,99942600
1998-01-15,2.556260108947754,2.6226569885568094,2.506462829164056,2.6143571886441306,59463600
1998-01-16,2.581160068511963,2.6309573737555803,2.564561220046283,2.5894598726680913,71509800
1998-01-20,2.689053535461426,2.689053535461426,2.6226574051518883,2.6724546928456183,60654600
1998-01-21,2.672455072402954,2.7222523671691805,2.6558554675832675,2.705652762349494,45778800
1998-01-22,2.647557497024536,2.6807552004129347,2.622658839559875,2.6724561544891974,40696200
1998-01-23,2.581160068511963,2.6890544831553256,2.5479623715806023,2.6890544831553256,54330000
1998-01-26,2.5147624015808105,2.5894583144990526,2.5064626024189662,2.5894583144990526,45301200
1998-01-27,2.523062229156494,2.547960867076308,2.489863791981367,2.5064626306458666,53340000
1998-01-28,2.813546895980835,2.8550443845273454,2.722252117239974,2.7305511590414677,153802200
1998-01-29,2.9670891761779785,3.0376356116990832,2.855045239680881,2.8633450438147094,125407200
1998-01-30,3.0874321460723877,3.1704278871521607,3.0210360091164,3.0376348533938007,128443800
1998-02-02,3.270022392272949,3.3032200800131806,3.245123746544593,3.286621236143065,100587600
1998-02-03,3.2783210277557373,3.3032196703965306,3.2036250998333564,3.294920629413781,67231200
1998-02-04,3.245124578475952,3.2866220787128673,3.211926122378484,3.236824774489945,50851800
1998-02-05,3.1704277992248535,3.353017360751554,3.137229351744379,3.278321423805259,70332000
1998-02-06,3.5854053497314453,3.5854053497314453,3.153828526574216,3.170428131979861,133721400
1998-02-09,3.6767003536224365,3.815718447698389,3.585405557974688,3.7679959091166726,161128800
1998-02-10,3.618603467941284,3.709898249891386,3.5605063740568337,3.709898249891386,99507000
1998-02-11,3.5771052837371826,3.635202378687839,3.527307990878445,3.5771052837371826,58904400
1998-02-12,3.5688064098358154,3.5854052549562496,3.427713566849644,3.5024095096612324,65746800
1998-02-13,3.519009828567505,3.5522075255435475,3.469212523256864,3.5107100244002054,35910600
1998-02-17,3.4028148651123047,3.585405197918046,3.3779162179045406,3.5688063530616736,43597200
1998-02-18,3.444312810897827,3.477510497660014,3.336418429304859,3.3862157192944835,37574400
1998-02-19,3.3613169193267822,3.4692112959453003,3.3364182754799168,3.4609114947142423,54198600
1998-02-20,3.3364193439483643,3.402815495520874,3.2285249327773027,3.402815495520874,59091000
1998-02-23,3.5024096965789795,3.510709499505355,3.3862162548420445,3.4028151008483314,67914000
1998-02-24,3.477510929107666,3.5605066760029342,3.419414590142773,3.552206873359476,50905200
1998-02-25,3.4609129428863525,3.494111401855721,3.361318325824875,3.4775117924477237,55740000
1998-02-26,3.394515037536621,3.4360125200033753,3.3364179542061763,3.419413678985921,53124600
1998-02-27,3.270022392272949,3.3779160171982503,3.236823944686352,3.3696169751863754,79120200
1998-03-02,3.203625440597534,3.2783213764651946,3.203625440597534,3.2617225328878323,41014800
1998-03-03,3.4609129428863525,3.4775117924477237,3.2036265955286596,3.278322558324768,105721800
1998-03-04,3.4609129428863525,3.552207755243832,3.411115634355614,3.452613138182354,57533400
1998-03-05,3.3613169193267822,3.4443126520984353,3.3156691523254262,3.3364182754799168,50005800
1998-03-06,3.5688064098358154,3.5854052549562496,3.336418778917621,3.3945158766087755,73587600
1998-03-09,3.394515037536621,3.595778929277422,3.3696163960873213,3.5605057272498746,79209000
1998-03-10,3.5854053497314453,3.6020041952906467,3.4629868691354204,3.552206898766599,83075400
1998-03-11,3.709897756576538,3.7264965984021723,3.602003385094235,3.610303185930188,110964600
1998-03-12,3.6767003536224365,3.751396302746909,3.552207105081649,3.6850001568073183,94375200
1998-03-13,3.8758888244628906,4.1165762330712425,3.8509901794238433,4.1165762330712425,264699600
1998-03-16,3.9339852333068848,3.9754827145533675,3.900786792401971,3.900786792401971,64366800
1998-03-17,3.817793130874634,3.942286376883084,3.7845946786568896,3.93398657386703,57643200
1998-03-18,3.9007866382598877,3.925685277993134,3.751394799860409,3.7679943995800285,61584000
1998-03-19,3.8841898441314697,3.9090884969784665,3.8343925384374766,3.9007886927472732,38823600
1998-03-20,3.8426907062530518,3.8841881900440858,3.7762938203718854,3.8841881900440858,56153400
1998-03-23,3.992081642150879,4.000380681093826,3.7845927511937543,3.817791186503798,83642400
1998-03-24,4.025280475616455,4.066778721653838,3.967184146918204,3.9754831882486377,86273400
1998-03-25,4.075079441070557,4.116577704196605,4.0335819377911255,4.099978095007539,83322600
1998-03-26,4.182973861694336,4.185048622881455,4.033581938062396,4.033581938062396,65593800
1998-03-27,4.124875545501709,4.216171089866017,4.050179605483491,4.191272443193278,45736200
1998-03-30,4.158071994781494,4.166371792963267,4.066777254166106,4.083376090683624,42528000
1998-03-31,4.191272258758545,4.207871102527816,4.149774009565824,4.158073811373641,42608400
1998-04-01,4.1663737297058105,4.232769866486212,4.066779144612018,4.216171022252707,51238800
1998-04-02,4.000381946563721,4.1414747713797615,3.967184260598097,4.124875168550624,42534600
1998-04-03,3.7347960472106934,3.8924876891527673,3.6849987665812174,3.8675890488380293,135210600
1998-04-06,3.602003335952759,3.709897705963079,3.53560720970978,3.6849990636411794,75051000
1998-04-07,3.602003335952759,3.6103031366754794,3.4858099250659804,3.5439070104325006,60317400
1998-04-08,3.5937047004699707,3.6518010325438794,3.535607608549714,3.5854048988109772,35712000
1998-04-09,3.5771052837371826,3.618603534350389,3.5356077929703638,3.61030373225847,27467400
1998-04-13,3.7762930393218994,3.8011916764159914,3.5273066683809806,3.5688049034352023,49784400
1998-04-14,3.784595012664795,3.834392315463016,3.7181988622160134,3.7513965575171344,32473800
1998-04-15,3.7513959407806396,3.8094930377761393,3.709898448553234,3.8011932353920925,26488200
1998-04-16,3.651798725128174,3.7347944097376327,3.618601059161085,3.718195576754088,25158600
1998-04-17,3.618603467941284,3.668400759886135,3.5854050200292593,3.618603467941284,31989000
1998-04-20,3.651798725128174,3.6932969473558375,3.5937024297628337,3.5937024297628337,36512400
1998-04-21,3.6601006984710693,3.6601006984710693,3.602003608705295,3.643501855614985,24115200
1998-04-22,3.651798725128174,3.676697354526425,3.626900095729923,3.6351998921446294,30639000
1998-04-23,3.4609129428863525,3.635203522743939,3.460912942886353,3.62690371803994,54849000
1998-04-24,3.5439085960388184,3.585406098526601,3.4692126356528474,3.4775116802424426,29288400
1998-04-27,3.494110345840454,3.510709190385202,3.4277134479686677,3.460911896904561,37527000
1998-04-28,3.4858105182647705,3.5854051045009068,3.4692116738408783,3.535607811382839,41070600
1998-04-29,3.5024096965789795,3.5190093024317304,3.4277137497809935,3.5024096965789795,40535400
1998-04-30,3.4360122680664062,3.568805266008037,3.4360122680664062,3.560505466184754,46720200
1998-05-01,3.394515037536621,3.47751000247013,3.361316595655476,3.4692109618845204,52196400
1998-05-04,3.494110345840454,3.535607837125523,3.4028148012283475,3.4277134479686677,40241400
1998-05-05,3.4277138710021973,3.4692121272551972,3.357168203095781,3.4360136742220955,65786400
1998-05-06,3.494110345840454,3.516934231993481,3.4277134479686677,3.477510741449309,43002000
1998-05-07,3.4609129428863525,3.5107102514170916,3.444314093324982,3.4858115971517223,34075200
1998-05-08,3.5688064098358154,3.5688064098358154,3.4526122144535067,3.4526122144535067,28894200
1998-05-11,3.452611207962036,3.5854042097534924,3.4526112079620366,3.5771044096895883,27403200
1998-05-12,3.4609129428863525,3.4775117924477237,3.3862169800902446,3.460912942886353,34554000
1998-05-13,3.452611207962036,3.485809648371451,3.427712567616526,3.4526112079620366,26074200
1998-05-14,3.4858105182647705,3.527308009247697,3.4194143807228103,3.4194143807228103,31849200
1998-05-15,3.4360122680664062,3.469210707513359,3.402813828619453,3.4443120678896895,33055800
1998-05-18,3.4111149311065674,3.4526124263780185,3.3862162819744026,3.402815128113689,32785800
1998-05-19,3.4609129428863525,3.4692127475903516,3.411115634355614,3.444314093324982,27483000
1998-05-20,3.3364193439483643,3.4858112548714253,3.319820496016875,3.4775114509824046,36439200
1998-05-21,3.270022392272949,3.386215819056491,3.2202251008162364,3.3613171733281346,33985800
1998-05-22,3.2368245124816895,3.2700229658918736,3.162128562193651,3.261723162577703,31108200
1998-05-26,3.1870269775390625,3.2700227250279568,3.170428131979861,3.2617229223251343,27080400
1998-05-27,3.1704277992248535,3.211925288690674,3.112330706095614,3.120630507927324,31188000
1998-05-28,3.270022392272949,3.270022392272949,3.1455291636311666,3.1621280075012823,28081200
1998-05-29,3.1372294425964355,3.3115199671851263,3.128929640524369,3.286621320815313,60899400
1998-06-01,3.029334545135498,3.1953259995581678,2.9878370614529595,3.128929113850597,39799200
1998-06-02,3.2368245124816895,3.261723162577703,2.9297409080153627,3.0459351150277567,83485200
1998-06-03,3.128929376602173,3.270022200694326,3.1206303350765086,3.253422597950354,48964200
1998-06-04,3.2949211597442627,3.3115200042276833,3.137229477689384,3.17042792650262,46338600
1998-06-05,3.444312810897827,3.5190087458822643,3.3115197843100463,3.3115197843100463,61518600
1998-06-08,3.4360122680664062,3.477509747490462,3.402813828619453,3.4111136284427364,33981600
1998-06-09,3.4609129428863525,3.502410446713093,3.4277144839169846,3.4360142886209832,25986000
1998-06-10,3.303220272064209,3.46091195746087,3.2866214272290275,3.419414465449711,35389200
1998-06-11,3.2368245124816895,3.3281193095515706,3.1953270156038345,3.3281193095515706,38994600
1998-06-12,3.3281185626983643,3.3613170086585833,3.2119251416070904,3.2202249430587275,52746000
1998-06-15,3.2617218494415283,3.3862150498018924,3.245123009342211,3.2866204895136013,29586600
1998-06-16,3.2202253341674805,3.303220319378595,3.170428039102243,3.2866214743056563,38971800
1998-06-17,3.2285242080688477,3.3986652105995483,3.2036255618373493,3.2700224583522663,65968200
1998-06-18,3.270022392272949,3.3779160171982503,3.236823944686352,3.336418527599778,112911000
1998-06-19,3.2202253341674805,3.2866214743056563,3.178727081715502,3.2700226292327175,43827000
1998-06-22,3.211925506591797,3.2617228012676387,3.1538284095211764,3.203625704197018,39698400
1998-06-23,3.245124578475952,3.3198205348103356,3.2285249705039374,3.2285249705039374,33183600
1998-06-24,3.319819688796997,3.3530173765879008,3.211925303860641,3.270022397264274,44262600
1998-06-25,3.2783210277557373,3.369616557336162,3.2534223851149435,3.344717914695368,32257200
1998-06-26,3.270022392272949,3.294921038001306,3.228524142828111,3.286621236143065,15721800
1998-06-29,3.2534220218658447,3.3032193015874967,3.211924542046531,3.2866204616290084,22618200
1998-06-30,3.2617218494415283,3.2949202894863565,3.1787261292525546,3.2202243692701384,30382800
1998-07-01,3.195326805114746,3.2617229477148317,3.1870270023473166,3.2617229477148317,37561200
1998-07-02,3.037635087966919,3.1870269775390625,3.0210362424077175,3.170428131979861,61005600
1998-07-06,3.0625340938568115,3.0791329413543456,3.037635442687244,3.0708338975288445,30358800
1998-07-07,3.037635087966919,3.062533736228943,3.0044366370020725,3.0542339335261204,25014000
1998-07-08,3.128929376602173,3.137229177974159,3.029334799523628,3.0791320880629005,48232800
1998-07-09,3.245124578475952,3.2949218826988744,3.145529970030108,3.1538290141695544,61575000
1998-07-10,3.3281185626983643,3.336418364150001,3.1704276540415632,3.24512358756731,41154600
1998-07-13,3.4028148651123047,3.4194144698150883,3.328118923489012,3.328118923489012,41445000
1998-07-14,3.452611207962036,3.4609110080259406,3.4028139272710156,3.4028139272710156,56885400
1998-07-15,3.5937047004699707,3.635202189072241,3.452611871498825,3.452611871498825,74725200
1998-07-16,3.6767003536224365,3.701599003330594,3.5937053611595697,3.618604010867727,48816600
1998-07-17,3.595778226852417,3.684998214642499,3.5605050317153877,3.684998214642499,39223800
1998-07-20,3.6601006984710693,3.734796631092928,3.5605061216419247,3.5854047658492108,50903400
1998-07-21,3.684999465942383,3.7845940461029874,3.651801019273399,3.6684006225310637,51199200
1998-07-22,3.444312810897827,3.5937046808667015,3.402814562675577,3.5854048792529825,53298600
1998-07-23,3.3364193439483643,3.4111152994098948,3.319820496016875,3.402815495520874,31864200
1998-07-24,3.270022392272949,3.3779160171982503,3.1870266532296387,3.3613171733281346,38740800
1998-07-27,3.5439085960388184,3.5522076406284135,3.2202261010329445,3.2285251456225397,45499800
1998-07-28,3.5771052837371826,3.59370488792102,3.4775106980197075,3.527307990878445,45169200
1998-07-29,3.535609483718872,3.585406800390969,3.5024110193218907,3.5771069943300358,41415000
1998-07-30,3.5439085960388184,3.5771062940904037,3.527308987166423,3.5688072495008085,43102200
1998-07-31,3.519009828567505,3.6186044391887875,3.519009828567505,3.5273088728882267,37299600
1998-08-03,3.535609483718872,3.5771069943300358,3.460913508710727,3.5107108253828234,34653600
1998-08-04,3.386216163635254,3.6186038006962917,3.3530177126704075,3.6103039979934692,53547000
1998-08-05,3.3447184562683105,3.4028147919395395,3.245123869578896,3.3696171029406643,36434400
1998-08-06,3.4028148651123047,3.4111146674636963,3.261722784217111,3.2783216290734836,27672600
1998-08-07,3.3364193439483643,3.4111152994098948,3.3281195400593435,3.4111152994098948,25819200
1998-08-10,3.270022392272949,3.3613171733281346,3.270022392272949,3.3198196837296625,19776600
1998-08-11,3.2534220218658447,3.2700216216705202,3.162127262324879,3.2202243419488683,31141800
1998-08-12,3.3613169193267822,3.4028144057894543,3.2534225427082637,3.2534225427082637,32503800
1998-08-13,3.2534220218658447,3.377915221169974,3.2534220218658447,3.3198189013921717,25808400
1998-08-14,3.1621291637420654,3.31982089763084,3.0957330041373075,3.3115210927377534,43505400
1998-08-17,3.1621291637420654,3.1953276234677666,3.1040320491837496,3.1621291637420654,34530600
1998-08-18,3.095731496810913,3.2119249095057745,3.062533053249692,3.1787264659445538,50109000
1998-08-19,3.245124578475952,3.2700232305874133,3.104031709946632,3.104031709946632,70491000
1998-08-20,3.2617218494415283,3.2866204895136013,3.153827489180482,3.2202243692701384,34464600
1998-08-21,3.3115193843841553,3.328118225760638,3.153827731845683,3.2036250158213844,47086800
1998-08-24,3.2202253341674805,3.3447185718305734,3.195326686634862,3.319819924297955,22714800
1998-08-25,3.203625440597534,3.2700223345996897,3.1455291081535894,3.2700223345996897,25384800
1998-08-26,3.1621291637420654,3.2368251282399094,3.120631658969922,3.1289307040163643,19456800
1998-08-27,3.004436731338501,3.1123311304771994,2.9878378852581116,3.0957322843968105,36361800
1998-08-28,2.8301448822021484,3.0293339826467833,2.7886474062248885,3.0127351442251027,42436800
1998-08-31,2.647557497024536,2.921442729135808,2.6309578854836126,2.8799444601302233,61621800
1998-09-01,2.73055100440979,2.7554496480969504,2.41516843765453,2.65585507334831,76397400
1998-09-02,2.6973540782928467,2.7886488775494973,2.6641556240874658,2.763750226857091,76332600
1998-09-03,2.5313611030578613,2.7471497908181006,2.514762265478642,2.6558542845171997,57826200
1998-09-04,2.747150182723999,2.763749022671193,2.5894585437640005,2.6143571836078854,51078000
1998-09-08,2.8716447353363037,2.9131422346849623,2.772050129022288,2.9048424308766125,44079600
1998-09-09,2.89654278755188,3.0044364155019676,2.8550445369436424,2.8550445369436424,35885400
1998-09-10,2.938040256500244,2.946340058529547,2.772049534838855,2.871644119804965,47487000
1998-09-11,3.386216163635254,3.4028150091944553,3.253423119622312,3.2700227250279568,146108400
1998-09-14,3.5273075103759766,3.5273075103759766,3.4194138971106254,3.4194138971106254,60785400
1998-09-15,3.5854053497314453,3.6020041952906467,3.411114811897278,3.469211911124148,64830600
1998-09-16,3.618603467941284,3.6601009579465353,3.5688061759964333,3.5771052180896596,56800800
1998-09-17,3.5605053901672363,3.5937038289053955,3.4692106334450026,3.4858094728910003,53653800
1998-09-18,3.6103036403656006,3.626902484280561,3.535607702978726,3.568806150655015,47238600
1998-09-21,3.6932992935180664,3.7347967822610726,3.510708975325408,3.5190087770125498,54644400
1998-09-22,3.8011932373046875,3.826091884622942,3.7098984504198933,3.7098984504198933,52411200
1998-09-23,3.8011932373046875,3.842691489399388,3.7015986480316703,3.826091884622942,75694200
1998-09-24,3.7679951190948486,3.8260914496687115,3.7181978301193497,3.7347966731624065,48895200
1998-09-25,3.8426907062530518,3.850989747103503,3.693298852789818,3.693298852789818,46425000
1998-09-28,3.7347960472106934,3.9007867293602123,3.734796047210693,3.8426904085232914,44779200
1998-09-29,3.859290361404419,3.9173874588367332,3.7347971239397606,3.7347971239397606,72210000
1998-09-30,3.867589235305786,3.9173865183361345,3.76799466924509,3.7845935103064603,58888200
1998-10-01,3.5854053497314453,3.8343918323516846,3.568806504172244,3.7762947331248142,66616800
1998-10-02,3.452611207962036,3.5190080887808652,3.3364178062983885,3.477509848307547,88020600
1998-10-05,3.1538286209106445,3.3198201208535236,2.9795380778631477,3.2866216688956547,104928000
1998-10-06,3.079132318496704,3.2534228414275814,3.062533474356842,3.2534228414275814,49108200
1998-10-07,3.2368245124816895,3.2700229658918736,3.054234158495428,3.062533961809599,49443600
1998-10-08,3.1704277992248535,3.2202250905223835,2.9629388322030246,3.1040309042639045,63256800
1998-10-09,3.386216163635254,3.4028150091944553,3.0957321871937893,3.228524471360288,61496400
1998-10-12,3.2949211597442627,3.4443130396342334,3.286621357579355,3.411114590820997,30629400
1998-10-13,3.2866218090057373,3.4028152560419556,3.2202256621059693,3.253423355632604,26618400
1998-10-14,3.4111149311065674,3.4941106814959397,3.2534232333207007,3.2534232333207007,49360800
1998-10-15,3.5522053241729736,3.5854037604218782,3.369615824419264,3.386214662620663,29899800
1998-10-16,3.510709047317505,3.643502077803126,3.452611954008852,3.6020038283627884,40399800
1998-10-19,3.7015984058380127,3.714047728682587,3.469211552636866,3.485810396480844,45282600
1998-10-20,3.477510929107666,3.743097015233949,3.4443132382267097,3.7181983671500123,51039600
1998-10-21,3.602003335952759,3.6352017789973794,3.3696165141792016,3.4858099250659804,39889800
1998-10-22,3.6103036403656006,3.7098982235481,3.5024092553024366,3.535607702978726,28379400
1998-10-23,3.597853660583496,3.676699104592177,3.485809774959789,3.58540433995864,31597200
1998-10-26,3.6684017181396484,3.7181990230924646,3.593705760710424,3.602004804971512,44818800
1998-10-27,3.5937047004699707,3.7181979261231297,3.5937047004699707,3.7015983228051432,32759400
1998-10-28,3.738945722579956,3.751395043254303,3.5854043542117617,3.5854043542117617,38326800
1998-10-29,3.8094935417175293,3.83439219231699,3.718198742801677,3.718198742801677,39097800
1998-10-30,3.925687074661255,3.95058572578986,3.817793426334986,3.817793426334986,62119800
1998-11-02,3.9754831790924072,3.9837829802500293,3.925685891839282,3.925685891839282,49954200
1998-11-03,3.9588871002197266,3.983785761227398,3.9339884392120554,3.9671869071712282,44732400
1998-11-04,4.066779613494873,4.083378459642156,3.950585410924482,3.983783863065518,79275000
1998-11-05,4.224470138549805,4.241069742920874,3.9837834736332605,3.9837834736332605,69805800
1998-11-06,4.174671649932861,4.249367568678258,4.13317417057859,4.174671649932861,52956000
1998-11-09,4.224470138549805,4.224470138549805,4.016981922529003,4.1165765093698345,59396400
1998-11-10,4.182973861694336,4.216172320228084,4.083379245939709,4.182973861694336,31307400
1998-11-11,4.448558330535889,4.514955233873598,4.340664692343414,4.348963735375783,113314200
1998-11-12,4.373861789703369,4.415360038610923,4.365562747798943,4.382161591454151,43410600
1998-11-13,4.407060623168945,4.423659468279154,4.348963525513579,4.373862173102104,28083600
1998-11-16,4.307464599609375,4.44855663571722,4.224468881980316,4.407059156825777,42249600
1998-11-17,4.39046049118042,4.4983540925419545,4.257667489682146,4.307464770263223,47075400
1998-11-18,4.456857204437256,4.473456046888628,4.390461074785468,4.40705991723684,33895200
1998-11-19,4.48175573348999,4.48175573348999,4.33236387570699,4.448557289589452,44346600
1998-11-20,4.622847557067871,4.647746198775321,4.481755507341067,4.573050273652971,55476600
1998-11-23,4.89673376083374,4.913333365750956,4.639448242927525,4.647747285539712,60821400
1998-11-24,4.647747039794922,4.863535813537752,4.597949747369096,4.805438719092162,47662800
1998-11-25,4.597949504852295,4.672645439551229,4.539853173317351,4.647746794651584,24115800
1998-11-27,4.763940334320068,4.772239374935418,4.597948884165736,4.606248684627324,12776400
1998-11-30,4.548151969909668,4.730742275947642,4.539852928621328,4.714143433524662,33556800
1998-12-01,4.905032634735107,4.913332435622505,4.473455905977168,4.473455905977168,78979800
1998-12-02,4.822037696838379,4.896733637545926,4.7888400075326265,4.855236145990534,45706200
1998-12-03,4.647747039794922,4.855236011517988,4.647747039794922,4.822037563285311,41251200
1998-12-04,4.855234146118164,4.863533944949113,4.7141421250685545,4.730740962884365,46182600
1998-12-07,4.863537311553955,4.91333461931783,4.714145388262331,4.880136160859708,28266000
1998-12-08,4.689245223999023,4.8801345889938705,4.59794968260666,4.863535745034518,39116400
1998-12-09,4.863537311553955,4.863537311553955,4.63944942661652,4.739044042144268,39831600
1998-12-10,4.639448165893555,4.946530973759733,4.622848561251961,4.8635359899373976,64810200
1998-12-11,4.946530342102051,5.023301794111511,4.788839437068441,4.938231300687426,124789200
1998-12-14,4.929931640625,5.087623310021379,4.9216318391263485,5.021226417724833,76788600
1998-12-15,5.253614902496338,5.261914705387491,4.938232270636531,5.054425711880363,69344400
1998-12-16,5.129119873046875,5.303410354169827,5.062723752567816,5.303410354169827,57210600
1998-12-17,5.203816890716553,5.22871553612668,5.1125221108282055,5.145719798144138,38235600
1998-12-18,5.220416069030762,5.253614518321245,5.112522438567897,5.17891857730246,53547600
1998-12-21,5.187216281890869,5.3034096676496745,5.129119209088418,5.270211231784545,48190200
1998-12-22,5.303412437438965,5.3366108906425005,5.112523041173248,5.187218990996333,50949600
1998-12-23,5.5357985496521,5.593894876782948,5.378106890626332,5.386406691579146,74973600
1998-12-24,5.4694037437438965,5.560699309439214,5.461104699478193,5.5440997012146624,10801800
1998-12-28,5.826284885406494,5.8926810410747965,5.46940393401535,5.527501045129238,58003200
1998-12-29,5.90927791595459,5.9590751996287965,5.8013835480450595,5.87607947355637,37177200
1998-12-30,5.809684753417969,5.9590766405643185,5.776486302992192,5.867781091855039,33391800
1998-12-31,5.726688385009766,5.892679099409092,5.710089541523738,5.801384320466415,20972400
1999-01-04,5.710090160369873,5.9009795406095575,5.627094414252152,5.793085146641164,43098000
1999-01-05,5.884379863739014,5.8926789052854565,5.519199240305823,5.610494776087282,67004400
1999-01-06,6.158265590667725,6.241260573825634,5.884380474584538,5.925877966163492,75255600
1999-01-07,6.0586700439453125,6.257859187747939,6.008872757994657,6.008872757994657,48528000
1999-01-08,6.141665458679199,6.166564103457421,5.975674746773168,6.0918681691227565,50915400
1999-01-11,6.266158580780029,6.382352761088445,6.208062250472147,6.3076568279671745,55628400
1999-01-12,6.100168228149414,6.3740533322704085,5.992273842940839,6.357454488333078,43664400
1999-01-13,6.075270175933838,6.20806321994678,5.793085242348752,5.96737578018292,63853800
1999-01-14,5.925877571105957,6.125066733159938,5.809684146523251,6.125066733159938,59686200
1999-01-15,6.257859706878662,6.282758351919497,5.917577718089686,6.008873256470312,69376800
1999-01-19,6.863724708557129,6.91352198760312,6.546267814485109,6.689434231896158,95794800
1999-01-20,6.755833625793457,7.154212006482084,6.755833625793457,7.104414708896006,81503400
1999-01-21,6.4653472900390625,6.91352285786877,6.3906513620674446,6.739232359268328,92055000
1999-01-22,6.6230387687683105,6.913522672011152,6.274457780938399,6.2910566223148825,61857600
1999-01-25,6.780733585357666,6.905226853388427,6.6064430101146,6.697737820054956,32653200
1999-01-26,7.02141809463501,7.02971789649235,6.813929126972421,6.882401162564341,40450200
1999-01-27,6.772432327270508,7.129313205641665,6.772432327270508,7.0546172608555935,54046200
1999-01-28,7.12931489944458,7.2123099068052205,6.8969272071722125,6.905227011846927,55992000
1999-01-29,7.3534016609191895,7.452996262377027,7.187410151925121,7.23720745265404,68132400
1999-02-01,7.85137414932251,8.017364887499983,7.635585353860689,7.735179948736465,88941600
1999-02-02,7.809875965118408,8.199955305120366,7.585788124632951,8.083761103489522,105376800
1999-02-03,8.06716251373291,8.075462316926322,7.7849775634683205,7.851374469322629,56942400
1999-02-04,7.743478775024414,8.150156906094526,7.735178973216008,8.133557302477714,49137000
1999-02-05,7.461294651031494,7.768378231854914,7.378299663665714,7.743479583675892,81045600
1999-02-08,7.618987083435059,7.826476091712738,7.552590935118667,7.602388236317589,56399400
1999-02-09,7.253808498382568,7.685384683746297,7.137614267068239,7.660486028442748,52063800
1999-02-10,7.12931489944458,7.469596253255104,6.963323365030051,7.320204328190002,74451600
1999-02-11,7.909469127655029,7.9260687305066275,7.170809596148675,7.228906686436618,77552400
1999-02-12,7.527690410614014,7.768377053211315,7.444694675994177,7.701980921423242,65795400
1999-02-16,7.096113204956055,7.784975403149228,6.996518633658425,7.718579275566235,61094400
1999-02-17,6.805630683898926,7.519391670900981,6.672837641726698,7.021418712563167,84750600
1999-02-18,6.747534275054932,6.996520779669504,6.57324372182473,6.905225981259664,94698600
1999-02-19,7.195707321166992,7.204007121532307,6.755831579037476,6.830527502786615,51931200
1999-02-22,7.245509147644043,7.320205118238311,7.129315668890749,7.295306461373555,59874600
1999-02-23,7.7683796882629395,7.784978536878743,7.287005479938811,7.328503741248194,60813600
1999-02-24,7.394897937774658,7.834773768333223,7.378299093553363,7.826474726145767,45501600
1999-02-25,7.701981067657471,7.826474292027762,7.23720585677749,7.369998882721247,87832800
1999-02-26,7.419795513153076,7.6604821389329985,7.262103856347598,7.6604821389329985,55968000
1999-03-01,7.295300006866455,7.5816343074772545,7.133458880434264,7.457141133298646,46918400
1999-03-02,7.03386926651001,7.531842311926647,6.959173309697514,7.4073490505724875,41852800
1999-03-03,6.971621036529541,7.1583608857222965,6.448749458789826,7.121012915883746,67898400
1999-03-04,7.245509147644043,7.407350417264958,6.996522578996482,7.033870564293616,53987600
1999-03-05,7.457147121429443,7.594089722991587,7.332653847282041,7.457147121429443,30049200
1999-03-08,7.63143253326416,7.706128447129715,7.27040228291398,7.581635257353791,79701600
1999-03-09,7.718580722808838,7.892871255259361,7.469594247879521,7.531840866611851,60371200
1999-03-10,7.556738376617432,7.892870067175374,7.35754922665717,7.892870067175374,101269600
1999-03-11,7.345098972320557,7.668781299914344,6.946720722974357,7.668781299914344,96672400
1999-03-12,5.689339637756348,6.075268584737632,5.5772957499230715,6.000572659515448,403753600
1999-03-15,5.975677013397217,6.000575667619705,5.776487779617309,5.85740878576371,120536000
1999-03-16,5.938327312469482,6.075269871037961,5.863631371432131,6.05037122402551,80118000
1999-03-17,5.788934707641602,5.975674536920363,5.788934707641602,5.975674536920363,47204000
1999-03-18,5.91342830657959,5.9507762748316715,5.776485756321957,5.813833724574039,52340400
1999-03-19,5.4901509284973145,5.9756744799970765,5.46525228483066,5.9756744799970765,112506800
1999-03-22,5.415457248687744,5.689342442874251,5.403007921679267,5.602197153814908,48056800
1999-03-23,5.191367149353027,5.427904261673669,5.178917827651941,5.415454939972583,59231200
1999-03-24,5.166469573974609,5.2411655196224345,5.141570925425334,5.228716195347797,57314400
1999-03-25,5.315860271453857,5.40300552180556,5.203816378144525,5.328309592932672,61482800
1999-03-26,5.477701187133789,5.602194395932284,5.228714769536799,5.365657299215144,48299600
1999-03-29,5.6768903732299805,5.689339694223905,5.477701237327174,5.627093089254278,46350400
1999-03-30,5.353209018707275,5.726688717686852,5.353209018707275,5.664442101190256,38966400
1999-03-31,5.253614902496338,5.589746661660795,5.228716253669341,5.527500039593304,62015200
1999-04-01,5.141570091247559,5.378107214089456,5.104222124483049,5.353208569579783,73686400
1999-04-05,5.041977405548096,5.3158625979482395,4.979730770911699,5.303413271020959,82389200
1999-04-06,4.718293190002441,5.0793235396332355,4.680945222799256,5.0544248948311115,99907600
1999-04-07,4.270117282867432,4.830336751465199,4.182972032196668,4.792988786892015,194831200
1999-04-08,4.643599033355713,4.680947014857233,4.270119218340509,4.332365854176376,137565600
1999-04-09,5.154017925262451,5.178916562582559,4.705842453500499,4.9050315520613665,152150000
1999-04-12,4.97973108291626,5.278514947891235,4.97973108291626,5.054427049160004,90573200
1999-04-13,4.705846309661865,5.104224833231124,4.668498323077247,5.0917755043695845,86128000
1999-04-14,4.8054399490356445,5.066875801185252,4.768091970157129,4.867686580499837,62267600
1999-04-15,4.954830169677734,5.104222034090128,4.8801342374715375,4.954830169677734,62860800
1999-04-16,4.880136013031006,5.017078605233407,4.8676866864671515,5.017078605233407,50318000
1999-04-19,4.656045436859131,4.97972773995629,4.656045436859131,4.967278420606399,70212800
1999-04-20,4.631150245666504,4.805440846309867,4.556454273962205,4.631150245666504,89227200
1999-04-21,4.8054399490356445,4.830338601621321,4.631149380935906,4.721406616635697,60174000
1999-04-22,5.141570091247559,5.191367380266906,4.830337034876641,4.954830257425009,64498800
1999-04-23,5.446579456329346,5.515050356223817,5.129121324524182,5.1540199717306105,71249600
1999-04-26,5.714240074157715,5.826283997180415,5.527500202453214,5.552398852013814,70492400
1999-04-27,5.58974552154541,5.801383993407931,5.452802980928485,5.801383993407931,52992800
1999-04-28,5.440351486206055,5.6270912397371555,5.303409000283248,5.577293972128862,40228400
1999-04-29,5.427905559539795,5.5150508322847,5.328310962117047,5.452804208895483,38068800
1999-04-30,5.3905558586120605,5.639542272404766,5.253613331026073,5.527498386198048,39295200
1999-05-03,5.191367149353027,5.340759009766064,5.07932325404325,5.340759009766064,77500000
1999-05-04,5.01707649230957,5.1166710628765095,4.954829885705234,5.104221741555643,77888800
1999-05-05,4.97973108291626,5.004629738330841,4.8054404950141905,5.004629738330841,84511600
1999-05-06,4.817887783050537,5.0544249093501765,4.792989138176891,4.967279652292414,56171600
1999-05-07,4.880136013031006,4.9921799521056975,4.7089573928547095,4.855237359903297,58082000
1999-05-10,4.855234146118164,4.917480737735064,4.755639599531125,4.905031419411683,62537600
1999-05-11,4.942381381988525,5.166469202834352,4.827225520643729,4.929932058608202,83342000
1999-05-12,5.041977405548096,5.228717309457284,4.8054401939297895,5.004629424766258,100062800
1999-05-13,4.581350803375244,5.079323716785597,4.568901480539985,4.755641323068867,229328400
1999-05-14,4.755641460418701,4.9050333387564615,4.656046874860195,4.705844167639448,159232400
1999-05-17,4.880136013031006,4.979730625541843,4.7431934208286055,4.842788033339442,55369200
1999-05-18,4.942381381988525,4.979729352129496,4.880134765086907,4.954830705368849,42034400
1999-05-19,5.253614902496338,5.278513551323335,4.979729765399372,5.004628414226369,68676000
1999-05-20,5.041977405548096,5.378109232584635,5.041977405548096,5.3158625979482395,82693200
1999-05-21,5.129119873046875,5.34075831441046,5.0046266722447665,5.029525312405188,47640000
1999-05-24,4.929931640625,5.266063343394887,4.892583673650568,5.216266054095644,51160400
1999-05-25,4.780539512634277,5.05442458887895,4.780539512634277,5.017076623936495,49319600
1999-05-26,4.6684956550598145,4.78053955078125,4.494205150604248,4.705843620300293,91702000
1999-05-27,4.693395137786865,4.81788837751596,4.568901898057771,4.680945813813955,51938000
1999-05-28,4.942381381988525,4.954830705368849,4.718293561142698,4.743192207903346,37284800
1999-06-01,5.079324245452881,5.178918838500977,4.954831004142761,4.967280328273773,59201600
1999-06-02,5.216266632080078,5.228715955784327,5.017077452812104,5.054425423924848,52914800
1999-06-03,5.477701187133789,5.490150508013639,5.278512053056197,5.290961373936047,97686000
1999-06-04,5.714240074157715,5.739138723718315,5.477702903332014,5.527500202453214,95625600
1999-06-07,5.6768903732299805,5.7764849411813834,5.602194447266427,5.751586299193533,54590800
1999-06-08,5.403003692626953,5.627091403381066,5.328307789042248,5.614642086116949,47042400
1999-06-09,5.315860271453857,5.440353486242004,5.228715021102155,5.427904164763189,43354000
1999-06-10,5.191367149353027,5.266063079559546,5.07932325404325,5.253613757858459,50374000
1999-06-11,5.041977405548096,5.228717309457284,4.979730770911699,5.178920001748168,55334800
1999-06-14,5.2660627365112305,5.303410699181523,5.0793229231597685,5.104221564939963,68968000
1999-06-15,5.004626750946045,5.490150241709467,4.9672787901180895,5.328309078121659,114050800
1999-06-16,6.560792446136475,6.64793769684417,6.224660764835365,6.510995160017792,405908000
1999-06-17,6.94672155380249,6.971620197364507,6.324255464752088,6.324255464752088,202552400
1999-06-18,6.984067440032959,7.158357893081909,6.610587897785207,6.623037215860132,124886400
1999-06-21,6.797330379486084,7.0463168402731196,6.784881056446732,6.921823609879602,62167600
1999-06-22,6.797330379486084,6.921823609879602,6.573242564777751,6.647938503013862,62997600
1999-06-23,6.996520042419434,7.008969366338329,6.672837620528143,6.685286944447038,75558800
1999-06-24,7.108565330505371,7.220609267413511,6.95917341462785,6.95917341462785,85113600
1999-06-25,7.121010780334473,7.217493006816277,7.0338655435121975,7.145909419426551,34084800
1999-06-28,7.30775785446167,7.3202071864113485,7.121017875216482,7.121017875216482,43406000
1999-06-29,7.394897937774658,7.394897937774658,7.19570876773359,7.257955383371423,45924000
1999-06-30,7.394897937774658,7.432245907157358,7.183259444606023,7.3202019990092575,47386800
1999-07-01,7.519392013549805,7.569189311652783,7.2455068739834205,7.345101470189379,48526800
1999-07-02,7.6563334465026855,7.693681414534407,7.482042929021324,7.506941574375804,41040800
1999-07-06,7.706131935119629,7.768378558181984,7.556740039769975,7.618986662832331,47408000
1999-07-07,7.706131935119629,7.731030584344571,7.594088013607388,7.631435987444802,43384000
1999-07-08,7.755929946899414,7.793277924171803,7.594088712052396,7.606538037809859,41420800
1999-07-09,7.830625057220459,7.830625057220458,7.6438851909910355,7.768378435143984,40340000
1999-07-12,7.743478775024414,7.780826743392699,7.668782838287844,7.743478775024414,42054000
1999-07-13,7.706131935119629,7.768378558181984,7.618986662832331,7.618986662832331,57056800
1999-07-14,7.581639766693115,7.743481009660292,7.506943808400573,7.731031683278202,63491200
1999-07-15,7.7683796882629395,7.805727667533435,7.5193931597929735,7.531842486216472,66302000
1999-07-16,7.917774200439453,7.930223530943289,7.7932808954010975,7.818179556408769,60138000
1999-07-19,7.8679704666137695,7.917767748048035,7.80572386482094,7.892869107330902,41648000
1999-07-20,7.469592094421387,7.793274418512979,7.357548213005066,7.793274418512979,57625200
1999-07-21,7.59408712387085,7.63143509333251,7.40734727656255,7.457144569178097,31700400
1999-07-22,7.220607280731201,7.556738998972136,7.0214181143662024,7.556738998972136,44054800
1999-07-23,7.20815896987915,7.332652216336476,7.046317749484627,7.233057619170616,27679600
1999-07-26,6.971621036529541,7.245506148678916,6.93427306669099,7.058766299486161,29542000
1999-07-27,7.382448673248291,7.482043259059398,7.027643721142612,7.08366491581497,46239200
1999-07-28,7.5069403648376465,7.6065349302086265,7.220605989396078,7.369997837452548,33699200
1999-07-29,7.581639766693115,7.643886398603568,7.3326532390513055,7.357551891815486,46836800
1999-07-30,7.581639766693115,7.6563357249856585,7.482045155636391,7.556741113928934,29497200
1999-08-02,7.59408712387085,7.768377648025263,7.48204321548587,7.531840508101417,32924400
1999-08-03,7.394897937774658,7.65633372345356,7.1583607983508895,7.606536430943293,44406800
1999-08-04,7.320201396942139,7.482042584289498,7.270404108527567,7.345100041149425,34460400
1999-08-05,7.394897937774658,7.4820431996676255,7.083664859585489,7.245506060243857,42011600
1999-08-06,7.270403861999512,7.407346400496078,7.245505218636499,7.257954540318005,18963200
1999-08-09,7.245509147644043,7.419799745697336,7.1957118339145305,7.25795847607642,17804800
1999-08-10,7.170810699462891,7.270405292510986,6.984070837497711,7.270405292510986,24823200
1999-08-11,7.320201396942139,7.320201396942139,7.071214954869276,7.295302752734853,24944400
1999-08-12,7.071218967437744,7.357553538302301,7.046320309101696,7.2455095757900825,29526000
1999-08-13,7.69368314743042,7.731031123874256,7.220608779141818,7.257956755585655,48884000
1999-08-16,7.830625057220459,7.867973030466343,7.482043973592202,7.618986542160446,47812800
1999-08-17,7.432246685028076,7.9177703378188555,7.295304116292216,7.855523715666191,46906000
1999-08-18,7.058762073516846,7.170805915953621,6.909370283601145,7.071211389343154,104588800
1999-08-19,7.170810699462891,7.29530394077301,6.984070837497711,7.008969485759735,37891200
1999-08-20,7.369998931884766,7.369998931884765,7.15836044904348,7.233056384163933,22706000
1999-08-23,7.48204231262207,7.506940955925304,7.357549096105895,7.457143669318835,26333200
1999-08-24,7.357548713684082,7.65633241779308,7.320200750670457,7.394896676697707,35510400
1999-08-25,7.357548713684082,7.432244639711332,7.307751429665916,7.394896676697707,28866400
1999-08-26,7.394897937774658,7.569188461560593,7.357549968391957,7.357549968391957,28053600
1999-08-27,7.369998931884766,7.444694867005219,7.183259094083631,7.38244825440484,23192400
1999-08-30,7.270403861999512,7.382447757133066,7.220606575273488,7.3575491137700535,17385200
1999-08-31,7.270403861999512,7.282853183681017,7.058765393413909,7.270403861999511,24392400
1999-09-01,7.5069403648376465,7.6065349302086265,7.28285259275294,7.295301913424313,39725600
1999-09-02,7.6563334465026855,7.7434787052433665,7.394897670280643,7.419796315635123,48401600
1999-09-03,8.266352653503418,8.29125130607421,7.743480949516756,7.743480949516756,102798800
1999-09-07,8.726978302001953,8.926167535713837,8.210331986908377,8.26635319904322,97488400
1999-09-08,8.826569557189941,8.926164136114512,8.57758310987852,8.639829721706375,71019200
1999-09-09,8.776774406433105,8.863919684227476,8.590034525445168,8.814122382630693,51350000
1999-09-10,9.237398147583008,9.34944206042431,8.814121143515862,8.863918438111996,64388000
1999-09-13,9.112900733947754,9.299640503086028,8.863914375096723,9.249843231315822,59682800
1999-09-14,9.050660133361816,9.24984935225286,8.70207900030249,9.16270406898803,80645200
1999-09-15,8.502888679504395,8.652280574312671,7.9426690739733585,7.992466372242784,256649600
1999-09-16,8.403291702270508,8.558908975121772,8.303697133947301,8.502886270593713,61758400
1999-09-17,8.677178382873535,8.71452635295764,8.434417337173254,8.440641239007542,64400000
1999-09-20,8.988410949707031,9.063106885577172,8.63982991564637,8.714525851516512,42020800
1999-09-21,8.863922119140625,9.16270601079705,8.739428830950446,8.926168763235713,53644800
1999-09-22,9.100455284118652,9.11290460735274,8.739424910330087,8.863918142670972,38004800
1999-09-23,8.664729118347168,9.187600703075015,8.56513453077996,9.112904762399609,40246000
1999-09-24,8.403291702270508,8.677176765159324,8.179203923543295,8.565132875795717,50765600
1999-09-27,8.428194046020508,8.68962990269175,8.4032953930042,8.60248461713467,41769600
1999-09-28,8.540234565734863,8.565133208783653,8.204102884576203,8.365944064393336,37798400
1999-09-29,8.627381324768066,8.97596238839506,8.51533741145939,8.51533741145939,45801600
1999-09-30,9.063108444213867,9.137804392929915,8.46554085448548,8.639831401489594,58577200
1999-10-01,9.013310432434082,9.137803670451127,8.851469223011923,8.90126651821874,34570800
1999-10-04,9.262300491333008,9.287199148567774,8.975965933133196,9.050661904837495,40801600
1999-10-05,9.212499618530273,9.33699285661852,9.063107732824376,9.299644885192045,46292000
1999-10-06,9.137804985046387,9.312095543344274,9.100457008268268,9.249848915380744,31310000
1999-10-07,8.90126895904541,9.050660885630787,8.83902232296817,9.000863576768996,38359600
1999-10-08,9.013310432434082,9.088006375244309,8.639830718382946,8.888817194417037,28551200
1999-10-11,9.175151824951172,9.312094389502683,8.9510639920487,8.975962640148976,25299600
1999-10-12,9.361889839172363,9.523731019902737,9.13780205046877,9.150251372063414,45535600
1999-10-13,9.449034690856934,9.585977222608484,9.187598948422156,9.20004826949048,57057200
1999-10-14,9.318319320678711,9.461485779869816,9.187600665189374,9.436587133080685,47554400
1999-10-15,8.96351146697998,9.26229518254598,8.913714181052313,9.22494721810023,56845600
1999-10-18,8.739425659179688,8.975962820895377,8.502888497464,8.9386148479929,47037600
1999-10-19,8.726978302001953,8.926167535713837,8.577586376718038,8.888819554392859,39418800
1999-10-20,8.913714408874512,8.926163730674617,8.75187322547316,8.851467799873992,45197200
1999-10-21,9.000858306884766,9.11290218622358,8.365942990631485,8.403290950411089,55295200
1999-10-22,8.789220809936523,9.150251126491991,8.677176918591725,9.03820723514719,40710400
1999-10-25,8.627381324768066,8.826570503983492,8.590033353665175,8.689627943272887,41902800
1999-10-26,8.652281761169434,8.739427045094882,8.515339172143731,8.664731087444498,42569200
1999-10-27,8.92616081237793,8.975958083297751,8.614927869129048,8.658501241029944,39112800
1999-10-28,9.137804985046387,9.150254310639093,8.714527914894374,9.025761054712031,39646400
1999-10-29,9.4739351272583,9.710472272354107,9.162702041605925,9.17515136503202,53908400
1999-11-01,10.195998191833496,10.444984716664596,9.536183901031086,9.585981205997305,90335200
1999-11-02,10.557024955749512,10.731315462094432,10.233342586823229,10.233342586823229,83764800
1999-11-03,11.41602897644043,11.503174235802572,10.955404034097686,11.030099970693808,87264000
1999-11-04,11.590319633483887,11.752160831373565,11.478275727252571,11.590319633483887,83700800
1999-11-05,11.68991470336914,12.225235610978164,11.652566733070836,11.901553201726196,84155600
1999-11-08,11.839303016662598,12.088289410283261,11.714809819852265,11.876650975705697,54326400
1999-11-09,11.64011287689209,11.92644720434505,11.503170372458065,11.92644720434505,55569200
1999-11-10,11.727263450622559,11.951351287258658,11.440928992698653,11.590320883789387,50972000
1999-11-11,12.362175941467285,12.52401711693463,11.851753772685655,11.876652415065246,47960400
1999-11-12,12.972189903259277,13.295872184914499,12.299926702898432,12.598710347503252,69733600
1999-11-15,12.760554313659668,13.19628055851634,12.74810499237805,13.034439381855291,42568400
1999-11-16,12.847702026367188,13.034441881401595,12.748107437015504,12.810354055360307,58097600
1999-11-17,14.142437934875488,14.416323176572021,13.669363426490568,13.893451351515004,100242400
1999-11-18,14.777341842651367,14.876936395929556,13.756497671549925,14.291818395420194,64814800
1999-11-19,15.16327953338623,15.574107303995218,14.61550917257425,14.764901089159334,60086000
1999-11-22,15.424714088439941,15.51185936577576,14.914291749758716,15.076132979096666,40570400
1999-11-23,14.640402793884277,15.511855341139293,14.578156183366062,15.511855341139293,64967600
1999-11-24,14.304274559020996,14.528362411120543,13.694257628305568,14.528362411120543,73022400
1999-11-26,14.665299415588379,14.715096697135369,14.105079998184749,14.14242795934499,18470000
1999-11-29,14.453656196594238,14.939179531363553,14.154872605966967,14.503453461698783,35636400
1999-11-30,13.50751781463623,14.491014503443845,13.392361556769517,14.478565178269065,63926800
1999-12-01,14.080183029174805,14.105081672904557,13.445267614066127,13.632007442039267,40256400
1999-12-02,15.125923156738281,15.138372476208849,14.117528279622396,14.129977599092962,49338400
1999-12-03,15.673690795898438,16.296156673416245,15.33755922203882,15.462052397542383,74702800
1999-12-06,15.623899459838867,15.910233872250256,15.449608947936282,15.686146071232647,38683200
1999-12-07,15.785741806030273,15.960032330702532,15.20062361605912,15.59900195816714,51888800
1999-12-08,15.16327953338623,15.735948546962394,15.113482227857869,15.636353935905671,42925600
1999-12-09,15.648801803588867,15.823092356691689,15.33756867304812,15.350017998269749,66600400
1999-12-10,16.856388092041016,16.881286745057324,15.424715543603265,15.835543318372357,49635600
1999-12-13,15.897788047790527,16.74434214900412,15.84799074771914,16.73189282398627,60372000
1999-12-14,15.325115203857422,16.557598067530765,15.213071307159845,16.059625193319313,75655200
1999-12-15,18.00171661376953,18.213355052520626,16.50779822258534,16.980872379793666,148169600
1999-12-16,17.839874267578125,18.051512692245833,17.404148099144603,17.852323586676224,59600000
1999-12-17,18.063962936401367,18.885618038953048,17.979930028185855,18.32539865084963,81975200
1999-12-20,19.18440055847168,19.570329447058715,18.773573031911287,18.79847166988464,70350400
1999-12-21,19.45829200744629,19.794423731183365,18.94786976028999,19.38359606883805,60357200
1999-12-22,20.927309036254883,20.989555642549515,19.719724874139043,19.881566050505086,54652800
1999-12-23,21.250995635986328,22.01040438454823,20.96466118980725,21.06425577978258,56016000
1999-12-27,20.790369033813477,21.64937230527044,20.342193413922885,21.6369229824957,38805600
1999-12-28,21.138948440551758,21.62447199130648,20.317293200812998,20.728120820682378,34231600
1999-12-29,21.910804748535156,21.948152711174707,21.03935228694569,21.051801607825542,22750000
1999-12-30,22.1846923828125,22.495925440932766,21.674270167495266,22.296736283735797,27397600
1999-12-31,22.321638107299805,22.583073913352955,22.072651625344427,22.184695542224347,10714800
2000-01-03,23.529218673706055,24.935992065308586,22.23448918054974,24.823948166862365,98114800
2000-01-04,21.450176239013672,23.62880702359138,20.914855531946007,23.00634108514061,116824800
2000-01-05,20.317296981811523,21.18874967098236,19.122161865234375,20.24260103702545,166054000
2000-01-06,19.12215805053711,20.914860367774963,18.860722295939922,19.95003794009487,109880000
2000-01-07,20.5911808013916,20.616079448068014,18.636637037293365,18.92297147407209,91755600
2000-01-10,23.0561466217041,23.10594391462355,21.014457612006762,21.512430541201233,91518000
2000-01-11,22.383886337280273,22.856960687011448,21.811217387605694,22.433683637251978,86585200
2000-01-12,21.039352416992188,22.358980438413,20.653423467331386,22.358980438413,83443600
2000-01-13,20.927309036254883,21.885906773192197,20.61607600478173,21.61202170549582,55779200
2000-01-14,21.275890350341797,22.18469081586254,20.86506274264064,21.711616600933933,57078000
2000-01-18,22.159793853759766,22.807158618026904,21.039354838682023,21.48753044471312,66780000
2000-01-19,22.75735855102539,23.205534102358495,21.51242646398899,22.358980283173743,49198400
2000-01-20,23.603918075561523,24.002296439706022,23.155742415898963,23.5043234845254,54526800
2000-01-21,23.77821159362793,24.50027246924595,23.504326433910748,24.50027246924595,50891000
2000-01-24,21.587114334106445,24.052078946651474,21.512418436756597,24.002281681751573,50022400
2000-01-25,22.483474731445312,22.906751664373964,21.861008653609066,21.935704582949413,53059200
2000-01-26,21.935712814331055,23.47942926664493,21.910814161874377,22.607976430661292,47569200
2000-01-27,20.64097785949707,22.58307227812285,19.918917114110563,22.234491228625917,61054000
2000-01-28,18.873172760009766,20.690773830564797,18.57438902238428,20.51648331694993,86394000
2000-01-31,19.90024185180664,19.96871312499084,18.748679530072444,19.097260557191987,68148000
2000-02-01,21.512428283691406,21.63692150292573,19.91891507749204,20.416887954429342,57105600
2000-02-02,21.636924743652344,22.30918822820771,21.51243150577172,21.88591121941359,63933000
2000-02-03,22.58306884765625,22.70756206070838,21.61202178584964,22.060197352837307,55533200
2000-02-04,23.0312442779541,23.20553477519267,22.63286599855165,22.95654835056614,40916000
2000-02-07,23.877809524536133,23.902708178889142,23.454532400534973,23.62882298100604,44691200
2000-02-08,23.728404998779297,24.47536423273877,23.504317228591454,24.201479180286963,55718000
2000-02-09,23.877809524536133,24.425579920302344,23.429633746181963,23.92760683324215,52471600
2000-02-10,24.82395362854004,24.9484468764264,23.105946807708282,23.90270359418098,45288600
2000-02-11,23.77821159362793,25.795002315181712,23.40473183037723,24.89865088338003,55774000
2000-02-14,24.77414894104004,24.799047583191836,23.354926338387493,24.251277455852257,37599800
2000-02-15,24.45046615600586,25.17252676550094,23.554115054563688,24.550060722832765,47971400
2000-02-16,24.400672912597656,24.923544475010466,23.952497287672394,24.301078329280934,33489200
2000-02-17,24.550065994262695,24.998241641216783,23.902701170884573,24.599863288368706,40392600
2000-02-18,23.330034255981445,24.699459959374167,23.25533830852366,24.57496671361119,63888400
2000-02-22,23.628814697265625,24.475368648484835,22.43367970730909,23.55411876039334,75546200
2000-02-23,25.12273597717285,25.203656583640456,23.753310329259566,23.977398162554465,69664400
2000-02-24,24.674564361572266,25.919496973155123,24.00230075131752,25.172537406205407,70963200
2000-02-25,28.13547706604004,28.284868979665028,24.649665748123574,24.649665748123574,103186600
2000-02-28,27.33870506286621,30.475933512703318,27.189313231921588,28.384447879478582,122316600
2000-02-29,29.579591751098633,29.654287689864034,28.334659438341955,29.231010703526763,55586400
2000-03-01,28.48404312133789,29.67917779775766,28.185259452232945,29.380394128652718,44934400
2000-03-02,27.28891944885254,29.305710028557883,27.03993295753089,29.280811379425717,52311000
2000-03-03,29.878368377685547,29.92816565831502,27.954948413372037,28.334652678171793,47974400
2000-03-06,30.177169799804688,30.65024424386103,28.832642432486658,29.80368997554968,45520600
2000-03-07,29.85347557067871,31.870265830249167,29.62938776405977,30.52573899053553,53982200
2000-03-08,33.11520767211914,33.28949823881451,29.878382862062384,30.82453165269436,62781200
2000-03-09,33.46379089355469,33.8621693565732,31.92007434935797,33.58828416324798,56476400
2000-03-10,32.51763916015625,33.48868657764943,31.96986882208317,33.46378792591884,44699800
2000-03-13,31.372304916381836,33.31439998263405,30.59422195714618,31.272710297599673,65803200
2000-03-14,30.675132751464844,33.36418659656079,30.475943577754034,32.61722719514525,72364000
2000-03-15,31.322500228881836,33.862162409601986,30.675135359286504,33.463784028312546,144810400
2000-03-16,32.64213562011719,32.891122161841956,30.55064866962913,32.14416253666765,95532400
2000-03-17,31.795576095581055,32.66702884683034,31.671082845402584,32.56743424668756,66055200
2000-03-20,31.123306274414062,32.11925207519531,30.899218469238278,32.069454785156246,47183600
2000-03-21,32.144161224365234,32.218857183833165,30.276762237667022,31.023721832346308,52621400
2000-03-22,33.48867416381836,33.61316737632326,31.422086836237003,32.268640681270334,53197600
2000-03-23,34.609127044677734,35.05730279058004,32.891120018718915,33.11520789167006,50803800
2000-03-24,34.65891647338867,35.72955828973617,34.43482865136245,34.58422053271327,52821600
2000-03-27,35.231571197509766,35.580152113951556,34.63400391218098,35.48055756639676,32597200
2000-03-28,34.484619140625,35.854044449458485,34.06134222698556,34.90789605426444,36039200
2000-03-29,32.866214752197266,34.31033630949078,32.69192421942046,34.285437661951235,51966200
2000-03-30,31.247798919677734,33.66296744175641,31.073508407775147,31.272697564235244,70986000
2000-03-31,31.09840965270996,32.492733864520815,30.276754313607135,31.944963638452265,79842000
2000-04-03,30.625333786010742,32.11925250727956,29.878374425376336,31.32249585593619,71598000
2000-04-04,30.251846313476562,31.12329867641622,25.92570779745471,31.12329867641622,123633800
2000-04-05,31.173099517822266,32.26863975646778,28.9010984547222,29.181208174830427,73736800
2000-04-06,32.74172592163086,33.23969893945034,31.920070442228717,32.11925964935651,62408200
2000-04-07,34.70871353149414,34.75851082493961,33.06540284779356,33.33928796174366,46764600
2000-04-10,32.866214752197266,34.90790385043982,32.76662016203909,34.858106555360735,56241200
2000-04-11,30.824527740478516,32.51763588777459,30.600439897454034,31.944966955600915,70983800
2000-04-12,29.131427764892578,31.870279947916668,29.05673179626465,31.048624293009443,67133000
2000-04-13,28.658336639404297,30.874315754006368,28.583640714192992,29.82857280104809,63206800
2000-04-14,24.898639678955078,28.396898553848267,24.002288650512696,27.855353140830996,109951400
2000-04-17,29.80368423461914,29.82858288477338,23.971175435989625,24.101893349299356,115304800
2000-04-18,31.446983337402344,31.496780619013432,29.380396150542172,30.102456733902955,78738800
2000-04-19,29.70408058166504,31.695971986973678,29.579587368833252,31.32249234847831,46184200
2000-04-20,28.21015739440918,30.07755528018207,27.8366778172546,29.40529204130383,50397800
2000-04-24,28.857528686523438,28.957123263526107,26.69134663671538,26.840738502219384,59725600
2000-04-25,30.10247039794922,30.42615287534652,28.932233748897428,29.828585224766886,61764200
2000-04-26,28.757932662963867,30.998810532805205,28.309757088995596,30.326547171852805,47788800
2000-04-27,30.79962921142578,30.89922380871414,27.861588591419117,27.911385890063297,52101000
2000-04-28,31.84537124633789,31.870269894693124,31.123310444036253,31.272702334167626,41696600
2000-05-01,31.745777130126953,32.61722983565985,31.372297399184284,31.820473076315487,37093400
2000-05-02,30.99881362915039,31.67107705725245,30.824523110753564,31.446989247885096,35341000
2000-05-03,30.202049255371094,30.72492067693976,28.733029547154363,30.62532612045049,49603200
2000-05-04,29.579591751098633,30.650233540069372,29.08161882599596,30.002868737435904,39899800
2000-05-05,30.600440979003906,30.675136929318807,29.380407123860547,29.480001724280413,35289600
2000-05-08,28.807729721069336,30.27674964634426,28.708135149864255,30.002864575530293,36528400
2000-05-09,28.683242797851562,29.579594135284424,28.384459018707275,29.35550630092621,43535200
2000-05-10,26.940324783325195,29.13140480267142,26.890527510158233,28.259952522249627,71169800
2000-05-11,28.8326358795166,28.8326358795166,27.089730429114045,27.46321016848602,46590200
2000-05-12,29.554683685302734,30.45103466480644,29.10650819555088,29.20610274882907,39038200
2000-05-15,30.675132751464844,30.675132751464844,28.13547078665201,29.65428823619694,41971800
2000-05-16,31.54657745361328,31.770665217687885,30.700023678220344,30.924111442294947,38261400
2000-05-17,31.14820098876953,31.8204643194624,30.376343090566607,30.973910495626935,33993600
2000-05-18,29.10650634765625,31.372282290886975,28.857519980268258,31.19799183371538,46444600
2000-05-19,27.91136932373047,29.479983299997212,27.687281612835218,28.68322699459188,52228800
2000-05-22,27.01503562927246,27.986082992905295,24.99824495095811,27.911387041856617,91156000
2000-05-23,24.948442459106445,27.288915104970723,24.84884787843137,26.691347620920272,58574000
2000-05-24,25.595809936523438,25.695404527716136,23.15574245230233,24.606088686546,85195200
2000-05-25,26.467260360717773,28.210165558507278,25.894591510015506,26.093780675477163,80958000
2000-05-26,26.691354751586914,27.687300824407323,25.919496545151098,26.616658796125385,28903800
2000-05-30,29.554683685302734,29.554683685302734,27.31380623654347,27.438299428141207,38933000
2000-05-31,28.633440017700195,30.451040992736814,28.58364273071289,29.181210174560547,50939800
2000-06-01,31.023719787597656,31.023719787597656,29.280814181552845,29.455104742157324,53401000
2000-06-02,31.944971084594727,32.467842785901425,31.272707468628976,32.069464346810605,57964800
2000-06-05,32.243743896484375,32.66702084338803,31.471885934483588,31.571480510225626,38507200
2000-06-06,30.70004653930664,32.46785132786363,30.376363972387754,32.06947278396346,40020000
2000-06-07,31.870262145996094,31.969856715202333,30.102458542585374,30.575532746315005,34080800
2000-06-08,32.81641387939453,32.965805748344735,31.96985995534338,32.61722472079426,46768600
2000-06-09,32.94090270996094,33.36417961553111,32.61722037040728,33.01559863447332,32975200
2000-06-12,32.094364166259766,32.99071568680697,32.01966820621416,32.89112107341284,24206000
2000-06-13,32.54252624511719,32.567424887997916,31.09840495803471,31.86403822661723,37229400
2000-06-14,31.471881866455078,32.667016620877426,31.37228730358655,32.61721933944316,33191800
2000-06-15,32.866214752197266,32.916012047276354,31.52168778506192,31.57148508014101,36786800
2000-06-16,32.61721420288086,33.364173306763625,32.29353192453166,32.61721420288086,41904400
2000-06-19,34.260536193847656,34.28543483933737,32.36823913662933,32.69192152799562,51077200
2000-06-20,34.279205322265625,34.90789603182597,33.66296393368667,34.63401097023532,57192600
2000-06-21,34.33523178100586,34.8083060404976,31.99475912878356,32.19394829067482,108053800
2000-06-22,32.46782684326172,33.96174525629523,32.41802956282727,33.71275885412298,42105600
2000-06-23,31.671096801757812,32.461629288751375,31.297616886642746,32.19396868291891,40643000
2000-06-26,32.94090270996094,33.23968640801047,31.571477427233916,31.96985569129996,38942400
2000-06-27,32.76662826538086,33.438891915202504,32.54254038210698,32.81642557277505,28581600
2000-06-28,33.04050827026367,33.862163713307154,32.54253527447974,32.69192717321492,32104800
2000-06-29,32.2188606262207,33.11521223560551,31.695988854079562,32.69193508672935,35751800
2000-06-30,33.48867416381836,33.66296466132522,31.87026240125465,32.01965425626053,38093000
2000-07-03,31.944971084594727,32.567437395674126,31.42209938328803,32.31845087124237,42136200
2000-07-05,28.807729721069336,30.92411435917728,28.757932435466795,30.60043200276077,94634200
2000-07-06,30.127357482910156,30.226952053101595,28.583641644942862,28.583641644942862,50533000
2000-07-07,30.226953506469727,30.675129093880315,30.07756164399953,30.25185215021476,31480200
2000-07-10,29.529794692993164,30.07756491495425,29.03182176393763,29.728983864615376,43957600
2000-07-11,28.807729721069336,29.97796593272902,28.334655507845206,29.330601219896003,42121400
2000-07-12,29.753883361816406,29.928173891969305,29.081619888369506,29.255910418522404,34368400
2000-07-13,30.177169799804688,30.525750969109364,29.778791320599346,30.177169799804688,41625400
2000-07-14,30.32655906677246,30.47595098335755,29.928180622545565,30.351457719536644,31712000
2000-07-17,30.32655906677246,31.073518649697892,29.50490352555449,30.00287658083811,32388800
2000-07-18,29.554683685302734,30.52573057976508,29.50488640866364,30.152251004971873,29967000
2000-07-19,29.380395889282227,30.25184830972704,29.081612202272577,29.878368700964977,31558600
2000-07-20,31.123306274414062,31.4718873046875,29.778779443359372,29.803678088378906,35382000
2000-07-21,30.052663803100586,30.949015001867465,29.90327193663944,30.8494204242267,30925000
2000-07-24,29.878368377685547,31.322489515940347,29.85346973737081,30.724922148386636,38060200
2000-07-25,30.27676010131836,30.475949312511244,29.604496513542376,30.226962798520137,27118200
2000-07-26,30.575532913208008,31.073505761957325,29.50489128839698,29.803674997646567,31826400
2000-07-27,29.903276443481445,31.073512907131427,29.87837779531868,30.251857517760165,32539000
2000-07-28,28.8326358795166,30.451048083461835,28.309764244395836,29.928176448341066,33203400
2000-07-31,29.953073501586914,30.077566741410635,28.434255975737535,28.583647863526,34406400
2000-08-01,29.131427764892578,30.226968638102214,29.03183314005534,29.953083419799807,30190800
2000-08-02,29.131427764892578,29.977982076009116,28.83264389038086,29.08163045247396,30315000
2000-08-03,30.849428176879883,30.874326827547257,28.533853664813837,29.006928027494,44941200
2000-08-04,32.492740631103516,32.79152445299872,31.123314780750494,31.198010736224298,73211600
2000-08-07,32.61721420288086,32.8164032972496,32.1690387405512,32.218836014143385,40751400
2000-08-08,33.06541061401367,33.16500522429684,32.1939577740359,32.26865373174828,34931800
2000-08-09,32.41803741455078,33.57582446507045,32.34334147580758,33.26459138697376,30846000
2000-08-10,31.895164489746094,32.81641436181526,31.870265844555036,32.44293468394938,24436000
2000-08-11,32.318450927734375,32.642133410061454,31.57149135313343,31.84537653048711,22106800
2000-08-14,32.81641387939453,32.89110981386963,31.820468086393177,31.944961310518348,21862200
2000-08-15,32.36824417114258,33.289494197552024,32.318446872417745,32.64212931412917,31208800
2000-08-16,32.343326568603516,32.76660335972458,32.29352929905986,32.418022472919,22698200
2000-08-17,33.43889236450195,33.48868967256525,32.1939596629196,32.21885831695125,30085000
2000-08-18,32.39314270019531,33.76256841004216,32.31844675238548,33.2645954246433,31121200
2000-08-21,33.14010238647461,33.21479833475367,32.17527972120347,32.71682534622663,20295600
2000-08-22,33.28948974609375,33.538476206423546,32.7417195333682,33.015604639730974,23251600
2000-08-23,33.0156135559082,33.11520816693658,32.26865397319535,33.0405122086653,25104800
2000-08-24,33.737674713134766,33.8870666306837,32.94091781954044,33.01561377831491,40413200
2000-08-25,33.71277618408203,34.58422903965284,33.662978878049415,33.73767483709834,26866600
2000-08-28,34.559329986572266,35.032404388405745,33.837269057458,33.86216771018608,25833600
2000-08-29,34.95770263671875,35.5614948653088,34.484628313287374,34.58422290769398,37678600
2000-08-30,35.156883239746094,35.380971022435695,34.7087076743669,34.93279545705649,27073400
2000-08-31,36.22752380371094,36.25242244550043,35.231578132131254,35.231578132131254,39840000
2000-09-01,36.89979934692383,37.024292597082145,36.20263714603728,36.73173345921011,30417800
2000-09-05,36.277320861816406,36.97448282758913,36.078131728738484,36.80019233614595,25535800
2000-09-06,35.555267333984375,36.55121319768141,35.4805713942071,36.401821318126856,38473000
2000-09-07,36.32712936401367,36.55121720793151,35.654865832260164,35.9038523255022,28559000
2000-09-08,34.484619140625,36.20262543716155,34.459720498646206,36.177726795182764,34569400
2000-09-11,33.23968505859375,34.55931300474017,32.81640817020716,34.28542795931355,41459600
2000-09-12,31.621280670166016,33.98665205887922,31.496787439181112,33.06540214959092,49606000
2000-09-13,32.592342376708984,32.96582223587677,30.650247109036485,30.973929653648568,68132400
2000-09-14,33.837249755859375,34.50951299604201,32.766608299272214,34.40991844194088,64170600
2000-09-15,31.197988510131836,33.015588798431615,31.073495339700344,32.318427044015266,122939600
2000-09-18,30.46348762512207,31.870260858321412,29.77877498949407,31.397186673705704,72997800
2000-09-19,31.596384048461914,31.770674583008198,30.326553011053278,30.84942461469213,53198600
2000-09-20,31.84537124633789,32.11925637824541,30.874323960483963,31.471891521009457,37352200
2000-09-21,31.446983337402344,31.870260231096594,30.077558093097412,31.646172463846696,27160000
2000-09-22,32.16282272338867,32.16904738426024,30.0775613314136,30.251851835817487,58729400
2000-09-25,31.372304916381836,32.89112285280985,31.37230491638184,32.3184537948124,34748600
2000-09-26,31.646181106567383,32.26864729670443,31.322498687696122,31.59638381135642,39993400
2000-09-27,31.820476531982422,32.24375360635151,31.073516988978138,31.944969789149802,48205600
2000-09-28,32.46160888671875,32.74171864700683,31.222901280111454,31.671076896572387,42188600
2000-09-29,31.372304916381836,32.54254168707227,31.17311567881751,32.41182374992068,34843000
2000-10-02,31.372304916381836,32.71683226994106,30.96147711390541,31.770683391510495,46136800
2000-10-03,27.68730354309082,32.511417807006154,27.38851969190639,31.795581496876782,96827800
2000-10-04,27.139528274536133,28.185271565848534,24.10189299977154,26.29297418156895,204852000
2000-10-05,27.214214324951172,27.737085780416837,26.49215374359382,27.214214324951172,54316000
2000-10-06,26.940324783325195,28.533837524667902,26.641541144323437,27.587689334495668,53378400
2000-10-09,26.591754913330078,27.388511614853076,25.94439009334264,26.94033597024639,40304000
2000-10-10,25.74519920349121,26.79094230460014,25.695401912962215,26.317868044574674,50948400
2000-10-11,24.799053192138672,26.28674739718916,24.699458601005585,25.097836965537933,71687200
2000-10-12,25.097835540771484,25.844794931865874,24.599862613375223,25.42151794357905,50889400
2000-10-13,28.38445281982422,28.484047391121845,24.69945368181195,24.69945368181195,38514000
2000-10-16,27.53789520263672,29.479989077687048,26.591746904535277,29.131408125754938,36480500
2000-10-17,26.840736389160156,28.58364134949523,26.19337168960713,28.484046780333227,29353900
2000-10-18,26.741132736206055,28.18525349849651,24.30106662061183,25.14762017092003,52547900
2000-10-19,28.982036590576172,29.081631218035195,27.587711806149827,28.6832527081991,39321000
2000-10-20,28.08567237854004,29.081618207566283,27.83668592128348,28.78283445885841,34073400
2000-10-23,27.139528274536133,28.085676966675926,26.591757979086783,28.03587966708962,28316300
2000-10-24,28.533842086791992,29.131409460337377,27.488099183087574,27.88647743211783,36713000
2000-10-25,27.38850975036621,29.181212206753816,27.089726007634944,29.081617625843396,33361600
2000-10-26,27.139528274536133,28.583649962538974,24.649663295220893,27.687298569985487,49986600
2000-10-27,27.2391300201416,28.035887022558907,26.292981079771053,27.48811658339701,34962500
2000-10-30,25.197431564331055,27.18932338759833,24.998242382004324,26.89053961410824,35420300
2000-10-31,26.2929744720459,27.687298875866514,25.894596070954293,25.994190671227194,41881000
2000-11-01,24.998239517211914,26.442360923584715,24.20148287921313,26.14357718433517,62692100
2000-11-02,23.55411720275879,25.89458973664814,21.711617548420364,25.84479244869305,149767500
2000-11-03,24.151689529418945,25.297027383391388,23.50432465543452,25.097838191396182,65017500
2000-11-06,22.25938606262207,24.699452991186906,21.910805072827092,24.45046656990478,75551500
2000-11-07,21.163846969604492,22.657765579223632,21.114049682617186,22.60796829223633,58951000
2000-11-08,19.7695255279541,21.910809149369786,19.520539060347627,21.811214562327194,63040000
2000-11-09,21.661828994750977,21.811220918852708,19.171963593055462,19.669936673394563,67280700
2000-11-10,20.267486572265625,21.462620915593327,19.819311193517734,21.06424280115076,54609400
2000-11-13,19.7197265625,20.616077769886363,18.723780776515152,20.018510298295453,61652800
2000-11-14,22.60797691345215,22.707571525405683,21.114057734149142,21.811220017823878,77494300
2000-11-15,23.006345748901367,23.454521315438406,22.0726466519492,22.956548463730584,50649700
2000-11-16,21.811214447021484,23.75330888408504,21.711619860505404,22.90675489869836,37986600
2000-11-17,22.956552505493164,23.305133563060306,20.11810675101787,21.462633687348273,59636000
2000-11-20,19.7197265625,20.616077769886363,19.12215909090909,19.371145537405305,89778400
2000-11-21,19.022565841674805,20.4168900394939,18.723782084999286,19.769525233363606,58647400
2000-11-22,17.777633666992188,19.171957876168044,17.57844449425278,18.82337682387408,53315300
2000-11-24,19.221759796142578,19.321354406485284,18.425002913400917,18.57439482891498,22443900
2000-11-27,18.424999237060547,20.566282932178392,18.22581005611935,20.2674991607666,45665200
2000-11-28,18.051515579223633,18.972765339818494,17.72783323090652,18.7237789180361,43075300
2000-11-29,18.225801467895508,18.823368729137982,17.379247847802002,18.47478782674654,75409600
2000-11-30,21.114049911499023,22.010401086987187,17.130266909329396,17.329456059437877,84386200
2000-12-01,21.064250946044922,22.209588467933887,20.317291692639074,21.01445366248453,48663500
2000-12-04,22.45857810974121,23.006348307539778,20.865064807054473,20.914862097763436,40710400
2000-12-05,25.097835540771484,25.097835540771484,23.00634924570719,23.454524880363827,59754700
2000-12-06,24.052082061767578,25.197419302804132,23.354920262875766,24.848838403358226,42125600
2000-12-07,22.558176040649414,23.85290579132686,22.408784146340476,23.60391930081197,41088300
2000-12-08,23.952491760253906,24.40066728175554,23.30512711808488,23.952491760253906,40052600
2000-12-11,25.446409225463867,25.695395617102456,23.90269359730461,24.301071823926353,50279700
2000-12-12,24.500272750854492,25.894597216350274,24.226387587989247,25.396624192958924,26481200
2000-12-13,22.60797691345215,25.496220660104626,22.508382301498614,25.44642335412786,37933600
2000-12-14,21.910804748535156,23.852898805791682,21.711615614457564,23.305128687078305,45894400
2000-12-15,22.75735855102539,23.9649426754507,22.458574850136657,23.454520519765776,120004000
2000-12-18,25.4962158203125,25.844796895980835,23.85290503501892,23.90270233154297,61640100
2000-12-19,24.400672912597656,26.39256457893216,24.00229457933076,25.346821454106546,58653700
2000-12-20,22.707561492919922,23.753304456409655,21.910804949308694,22.35898050509001,54440500
2000-12-21,23.504322052001953,24.10188956179861,21.76141681509503,22.15979515495947,46719700
2000-12-22,25.39661979675293,25.483765060761396,23.90270098517923,24.201484747493968,35568200
2000-12-26,24.649656295776367,25.645602004696624,23.902697014086172,25.097831864790482,20589500
2000-12-27,24.45046615600586,24.749249856486582,23.404723204323325,24.201479738938588,26437500
2000-12-28,24.749252319335938,25.197427914655904,24.201482147278202,24.350874012384857,25053600
2000-12-29,23.155738830566406,24.948441191642516,22.856955103720388,24.599860176988827,31702200
2001-01-02,21.01445960998535,23.70351368330101,20.416892038137426,23.554121790339032,46281000
2001-01-03,25.4962158203125,25.595810413360596,20.118107795715332,20.118107795715332,76389600
2001-01-04,25.944379806518555,26.492149821627393,24.699447953998472,25.147623420905703,57584400
2001-01-05,24.002288818359375,25.944382726898827,23.60391058071026,25.89458544719269,38415200
2001-01-08,23.852901458740234,24.101887904029798,21.960604474539547,23.95249603685606,40644600
2001-01-09,25.097835540771484,25.49621388268849,24.101889685978964,24.400673442416718,44818600
2001-01-10,26.093774795532227,26.591747596973683,24.10188358976641,24.30107271034299,64627400
2001-01-11,26.541955947875977,27.164422081737985,25.69540200582365,25.745199296532608,50906600
2001-01-12,25.74519920349121,27.089726047774118,25.49621275084623,26.34276668983917,40234100
2001-01-16,25.346818923950195,26.59175109113832,24.749251483699897,26.342764657700695,31198700
2001-01-17,26.492155075073242,27.13951976675736,26.093776803267627,26.541952359048942,52535000
2001-01-18,26.940324783325195,27.089716602826073,26.14356841265384,26.778483645532575,33749200
2001-01-19,27.53789520263672,27.88647615456883,26.790936019925052,27.18931425070461,50227100
2001-01-22,25.346818923950195,26.79094023788842,24.960889952121878,26.79094023788842,57564400
2001-01-23,25.085390090942383,25.844798922479594,24.94844751476354,25.44642051905024,42545700
2001-01-24,23.952491760253906,25.508656765467904,23.902694480087057,25.496207445426194,65596100
2001-01-25,23.852901458740234,24.500266216493102,23.504320435334847,24.350874349319362,60995500
2001-01-26,24.20148277282715,24.301077352139195,22.906753241770552,23.603915296954874,46538900
2001-01-29,24.251277923583984,24.799048061488346,23.753305070943654,24.052088782527854,33397000
2001-01-30,24.151689529418945,25.097838191396182,24.00229763542254,24.500270615410557,42788300
2001-01-31,23.205541610717773,24.550068699750778,23.15574431112396,24.35087950137552,46144400
2001-02-01,23.952491760253906,24.450464561922384,23.205532557751184,23.30512711808488,38389200
2001-02-02,22.109989166259766,23.95248826344808,22.060191893362784,23.852893717654116,38655400
2001-02-05,21.910804748535156,22.707561284845525,21.114048212224787,21.910804748535156,35933100
2001-02-06,22.010406494140625,22.707568690787614,21.661825395817132,21.81121729509863,28746300
2001-02-07,22.060199737548828,22.60796993419225,21.114051216073822,21.612024122113297,42854400
2001-02-08,21.612014770507812,23.00633830408896,21.263433887112523,22.657757420693674,41775000
2001-02-09,18.77358055114746,20.466688611463145,18.524594071689272,20.118107540221683,91625000
2001-02-12,18.325403213500977,19.12215987495754,17.927024882772695,18.82337612691133,51901400
2001-02-13,17.976821899414062,19.4209433262368,17.927024608833968,18.87317312985576,44509700
2001-02-14,19.91892433166504,19.968721642494202,18.076423830986023,18.524599628448485,41247400
2001-02-15,20.317296981811523,21.213648319244385,20.068310499191284,20.36709427833557,46084700
2001-02-16,19.12215805053711,19.570333629846573,18.474793324867886,19.12215805053711,40632200
2001-02-20,18.424999237060547,19.620134322707717,18.32540464658995,19.42094514176652,39873200
2001-02-21,18.325403213500977,19.32134904032168,17.578443843385447,18.17601133947787,57591900
2001-02-22,18.624181747436523,19.271546353630843,17.87722258644308,18.73622562158554,54073600
2001-02-23,17.528648376464844,18.474797010421753,16.383310556411743,18.225810527801514,72859000
2001-02-26,18.474796295166016,18.52459358976215,17.18006663566651,17.827431465416264,44847400
2001-02-27,17.279664993286133,18.07642188058463,17.18007038237382,17.877232658760004,41584600
2001-02-28,15.13838005065918,17.528650584973786,14.988988142264516,17.429055979377345,62362300
2001-03-01,17.030672073364258,17.130266646892704,14.939186029266892,15.138375176323784,76869400
2001-03-02,13.445267677307129,14.29182156810054,12.548916498819986,12.947294800369827,224088800
2001-03-05,13.544864654541016,13.843648433685303,13.295878171920776,13.793851137161255,51544000
2001-03-06,14.04283618927002,14.341619937977892,13.843647023464772,14.142430772172643,57448400
2001-03-07,14.839591026306152,14.939185596952504,14.192226317104879,14.590604599690279,52486500
2001-03-08,13.943242073059082,14.739998762948172,13.793850193704879,14.652853499991554,40342100
2001-03-09,13.046887397766113,13.694252039640006,12.847698277189531,13.64445475949586,58409900
2001-03-12,12.100741386413574,13.04688988987801,12.001146807101529,12.748106151941872,66843000
2001-03-13,13.495068550109863,13.544865851032778,12.250136027036998,12.698311735343228,57981600
2001-03-14,12.797904968261719,13.345675219821558,12.399526603490926,12.947296855050766,52862100
2001-03-15,11.702360153198242,13.246075747875457,11.552968321455285,13.146481193380152,77834800
2001-03-16,11.204391479492188,11.652567138671875,10.7562158203125,11.303986070421008,89327600
2001-03-19,12.299931526184082,12.499120700697183,11.303985653618568,11.453377534503396,50443200
2001-03-20,11.453376770019531,12.797903608239215,11.403579479715098,12.648511737325917,65545100
2001-03-21,11.752161026000977,12.748106875662076,11.353782686136537,11.752161026000977,50574600
2001-03-22,12.34972858428955,12.449323169646723,11.453377316074986,12.150539413575203,63980900
2001-03-23,12.648516654968262,13.196287061285785,12.486675398556265,12.997097822624868,72068300
2001-03-26,12.301925659179688,13.042910546501387,12.270055414978959,13.003071791442279,34392600
2001-03-27,13.082743644714355,13.146484112959179,12.31785726593015,12.779976800474602,43943800
2001-03-28,11.999156951904297,12.859653418586046,11.616713317977075,12.84371943860235,46438000
2001-03-29,11.417520523071289,12.206309271484223,11.178493422382042,11.640612129119692,54250500
2001-03-30,11.656553268432617,12.18241268868804,11.409558300815926,11.568910285005572,36956100
2001-04-02,12.110699653625488,12.764040554570144,11.959316240387913,12.031024452917498,39034400
2001-04-03,10.485318183898926,12.078831604183781,10.43751320680437,11.65655076056529,71558000
2001-04-04,10.692477226257324,11.194434144133833,10.357839281006317,10.580930991224802,49247500
2001-04-05,11.529067039489746,11.656547960918996,11.15459126290665,11.537034027194402,44283900
2001-04-06,10.796051979064941,11.51313260829145,10.604830579250713,11.417521908384334,43585800
2001-04-09,11.19443130493164,11.313944500846784,10.859793444553597,11.234269290185479,28898900
2001-04-10,11.927444458007812,12.325822689312117,11.353779592172685,11.529066226703508,48270800
2001-04-11,12.373632431030273,12.532983633134224,11.959319305560006,12.429405921651508,66768000
2001-04-12,12.60468864440918,12.748105069592908,12.222245857047605,12.309888805856398,46220500
2001-04-16,12.716238975524902,13.313805835280403,12.429406791660679,12.748109218176483,43783600
2001-04-17,12.923393249511719,13.265998876912784,12.278020741903209,12.325826478689146,40606700
2001-04-18,14.27787971496582,15.297728808782223,13.544863511218074,13.823728652152292,95540700
2001-04-19,16.190095901489258,16.365383348099584,15.393339201457758,15.664236601043893,103097600
2001-04-20,15.735940933227539,16.604405643016506,15.393335393809013,16.405216517279445,60473500
2001-04-23,13.664379119873047,14.740001127726854,13.48112541652493,14.604552407927589,61003400
2001-04-24,13.520957946777344,14.405358193137399,13.321768811629044,13.46518523208662,53129800
2001-04-25,13.744049072265625,14.006978645903882,13.265994887552695,13.63250365305314,42959000
2001-04-26,13.46518611907959,14.540807823673402,13.38551015583327,14.469099608720974,45575700
2001-04-27,13.664379119873047,13.91934105839095,13.28193621209619,13.8715360748421,47171900
2001-04-30,12.875590324401855,14.246011532701027,12.64453087278251,14.158369314294195,92948800
2001-05-01,12.779974937438965,13.034936773250504,12.365661194399005,13.003065783927855,64021600
2001-05-02,13.680309295654297,13.728114260594229,12.748104121017215,13.425347456384742,65788100
2001-05-03,13.106646537780762,13.680310736559555,12.915423618495236,13.401445625601808,50568500
2001-05-04,13.616573333740234,13.704217064824778,12.71623809160803,12.85965379364793,48155400
2001-05-07,13.44128704071045,13.704216707413845,13.15445412441842,13.656410208236574,46012500
2001-05-08,13.576735496520996,13.759989180880726,13.178357128942698,13.744053681451305,34351300
2001-05-09,13.592668533325195,13.983079124105744,13.114614221455605,13.273966165309723,41358100
2001-05-10,13.05884075164795,13.927305604728248,13.050873002940747,13.759987440955022,40520200
2001-05-11,12.668431282043457,13.16242110689124,12.636561044296478,13.050874135007206,34225400
2001-05-14,12.779974937438965,13.138514449164287,12.748103948116315,12.8118444070692,27117300
2001-05-15,12.692334175109863,13.146485240258874,12.493145004802912,12.915425073250281,38532000
2001-05-16,13.066811561584473,13.082747062732171,12.30989273353872,12.525017439953537,61700300
2001-05-17,12.84371566772461,13.377542592617155,12.708266239780503,13.08274201392443,44326500
2001-05-18,12.971199035644531,13.026971758967825,12.652495914170245,12.756074371660912,29843000
2001-05-21,14.421292304992676,14.508934482658006,12.899487580047978,12.963228036392016,68843600
2001-05-22,14.006986618041992,14.755938549705125,13.911375118804758,14.620489812273423,61060300
2001-05-23,13.409418106079102,13.752023804473778,13.345677617054033,13.712185049024903,41615300
2001-05-24,13.783890724182129,13.863566700560348,13.003069498999853,13.433318859626524,30695500
2001-05-25,13.15445327758789,13.66437707844209,13.082745053131168,13.520960629528647,27635500
2001-05-29,12.437370300292969,13.09071123150139,12.30192161698429,13.04290626083145,44873200
2001-05-30,11.560938835144043,12.748106026498606,11.513133103212287,12.238181511893982,60895300
2001-05-31,12.190377235412598,12.660463793539101,11.632647716897537,11.672484942626461,77868700
2001-06-01,12.636560440063477,12.740138897750027,12.15850689671752,12.349728314055904,38975400
2001-06-04,12.795914649963379,13.178359094857228,12.69233692760642,13.17039134395391,34347900
2001-06-05,13.3536376953125,13.512988066467901,12.819810836572774,12.8437140761076,37528800
2001-06-06,13.544864654541016,13.736086090830213,13.385512697786908,13.497059675391938,43538700
2001-06-07,13.8077974319458,13.86357017347413,13.23413299376311,13.43332222476042,33703600
2001-06-08,13.552828788757324,13.943239306989945,13.481120579317407,13.767953417077079,21379300
2001-06-11,12.899489402770996,13.552829552538702,12.76404072393921,13.544861804408296,26158600
2001-06-12,12.85965347290039,13.034940930697433,12.222248680073605,12.756075763950875,35267300
2001-06-13,12.34972858428955,13.10664804088118,12.22224763660779,13.026972068656885,34243200
2001-06-14,11.831838607788086,12.246151742499679,11.712324633659492,12.238183992255143,45062500
2001-06-15,11.951354026794434,12.349732494354248,11.680456547278299,11.752164793014526,59629800
2001-06-18,11.823871612548828,12.190379788889304,11.648584895208636,12.134606293462655,51419000
2001-06-19,13.3536376953125,13.60859950491495,13.098675885710051,13.584696265380124,123132300
2001-06-20,13.959181785583496,14.15837101818705,13.098684361523869,13.162424855169276,64848800
2001-06-21,14.261946678161621,14.373493665602822,13.783892285437535,13.91137325420489,42898000
2001-06-22,13.92730712890625,14.317717740128918,13.823729423762622,14.182269036668577,29738200
2001-06-25,14.158369064331055,14.389427752024577,13.951212108647844,14.062757577210714,30607400
2001-06-26,14.692198753356934,15.138382225000726,13.552836058534899,13.823733546241954,58071400
2001-06-27,14.373488426208496,15.010893037699852,14.102591086401555,14.787800663831645,56799800
2001-06-28,15.281794548034668,15.640334169962301,14.572681534266183,14.652355992677068,72499100
2001-06-29,15.13838005065918,15.951072397052485,14.182271229056104,15.289764276679833,60090400
2001-07-02,15.600492477416992,15.935130273957805,15.194146473067976,15.329595141184315,29413600
2001-07-03,15.75187873840332,15.935132396233772,14.963089867152867,15.449110371846995,22039400
2001-07-05,15.082605361938477,15.863426603995697,15.058702112600564,15.44114498384987,29051400
2001-07-06,14.508940696716309,15.098542070035444,14.373493498705132,14.843578615768221,28647000
2001-07-09,15.066667556762695,15.401305397820206,14.421295120327729,14.485035589115224,32770400
2001-07-10,14.014945983886719,15.504879684452098,13.99104274345642,15.210080650939988,37848700
2001-07-11,14.341621398925781,14.421297377302835,13.911372027505422,13.99901575568947,35511200
2001-07-12,15.66423511505127,15.87935976837818,14.500971172811225,15.082603143931248,45614700
2001-07-13,15.568626403808594,15.85545777792867,15.218053035780969,15.345533984210508,31009700
2001-07-16,14.899349212646484,15.767814038991878,14.74796503125521,15.385369711282733,27119500
2001-07-17,15.536759376525879,15.600499867026464,14.708131480325113,14.755937987970427,30114100
2001-07-18,14.963096618652344,15.465052846956633,14.803744614911722,15.010901611897197,27427000
2001-07-19,15.273828506469727,15.688142423191607,14.795774104074715,15.170250787135782,32984700
2001-07-20,15.1941499710083,15.265858195324906,14.8993508441003,15.154312744029209,25359300
2001-07-23,14.445198059082031,15.377403443171664,14.421296331087923,15.24195474566487,25795800
2001-07-24,14.508940696716309,14.89935286868771,14.24601101172502,14.508940696716309,33028800
2001-07-25,15.34553337097168,15.409273842639251,14.588613940188148,14.65235441185572,36470800
2001-07-26,15.465043067932129,15.576588488200949,14.883411205541323,15.202113491803932,36148800
2001-07-27,15.186179161071777,15.935130730939848,14.939185060256108,15.249919623207838,28020000
2001-07-30,14.875449180603027,15.281795321782777,14.700163235653962,15.194151589461764,25210800
2001-07-31,14.405359268188477,15.10650440757124,14.373489794426474,14.819673064942778,43749700
2001-08-01,14.59658145904541,15.010895278200806,14.421295544645522,14.628452454223222,37145400
2001-08-02,14.588611602783203,15.01886085737379,14.325682009319781,14.875444439176928,33431000
2001-08-03,14.341621398925781,14.612518813592033,14.261945420548727,14.596583313978044,28608900
2001-08-06,13.911371231079102,14.349588327218516,13.791858030202098,14.086658677411988,24829900
2001-08-07,13.736082077026367,13.895433987216448,13.552828444092485,13.863562997301454,33877700
2001-08-08,12.987131118774414,14.022915542531445,12.867617940565816,13.576732301362846,47257900
2001-08-09,12.740142822265625,13.082748537085731,12.628597341047248,13.003072542061231,46391600
2001-08-10,12.07883358001709,12.684368961140834,11.951352607116624,12.572822729929658,61738800
2001-08-13,12.501111030578613,12.676397699695077,11.768095639406631,11.983219531636829,47255700
2001-08-14,12.389566421508789,13.003068664816032,12.317858199337962,12.692334048537623,37069400
2001-08-15,11.959321975708008,12.604694678282451,11.919483976325806,12.437375688754514,33463100
2001-08-16,12.198343276977539,12.23021350900732,11.688418804654768,11.807931984804881,38077500
2001-08-17,11.72825813293457,12.023058003061818,11.656549912662415,11.871673813632524,25901300
2001-08-20,11.799964904785156,11.887607852222933,11.489229575030064,11.712321197501117,25332300
2001-08-21,11.258174896240234,12.150542517844611,11.218336899950117,11.847774809824926,28873200
2001-08-22,11.664515495300293,11.776060919589275,11.170526553866504,11.457358621840449,28870500
2001-08-23,11.162561416625977,11.975252845841904,11.154593667357586,11.568907511157136,31620300
2001-08-24,12.102729797363281,12.182405744038377,11.242232916595263,11.48125999677441,33658100
2001-08-27,11.895578384399414,12.174442787797444,11.752161927891237,12.054929580604924,23745200
2001-08-28,11.162561416625977,11.951350357883129,11.138658168820808,11.903544622119183,36618900
2001-08-29,10.636706352233887,11.321917105021202,10.549062595122079,11.313949352584366,43939900
2001-08-30,9.561079025268555,10.676537940944703,9.417662596738714,10.421576076755022,76405600
2001-08-31,9.728398323059082,10.22238733437158,9.592949637393973,9.640755368741909,38723800
2001-09-04,9.624820709228516,10.381739409205878,9.569047984341186,9.983361066076068,45400800
2001-09-05,9.616851806640625,9.99132761702824,9.258311492793302,9.760268236118073,58220600
2001-09-06,8.700581550598145,9.600916539534804,8.64480883548093,9.417662138676986,74982200
2001-09-07,8.820096015930176,9.011318192526282,8.40578294630574,8.652777086312563,48172100
2001-09-10,9.130830764770508,9.178636495617948,8.644809507078728,8.676679741028249,53889500
2001-09-17,8.772289276123047,9.003348631486727,8.158786404385495,8.198624381485347,63861900
2001-09-18,9.067091941833496,9.26628113011671,8.525297106552287,8.724486294835502,77758800
2001-09-19,8.923677444458008,9.186607169993582,8.174726266233225,8.947579939548527,67253400
2001-09-20,9.011316299438477,9.194569928697657,8.5571645802576,8.597002557006268,57281700
2001-09-21,8.573101043701172,8.883835625793768,8.095046788386925,8.118949273198751,80169100
2001-09-24,9.975393295288086,10.150679205445025,8.963512018276422,9.003350001438028,76525500
2001-09-25,9.760272026062012,10.405645449464735,9.680596032114705,10.086942233522102,57355300
2001-09-26,9.720431327819824,9.991328720143466,9.497339670548865,9.951490734240629,39057600
2001-09-27,9.592947006225586,9.816038585017964,9.377823173780179,9.53717430148902,41609600
2001-09-28,10.02319622039795,10.150677132605527,9.616850242851665,9.696526192904487,44276500
2001-10-01,10.02319622039795,10.118806904553631,9.704493939879006,9.935553283216782,30206800
2001-10-02,10.039134979248047,10.230356409747943,9.831978049616614,9.975394502414748,42296100
2001-10-03,10.88369369506836,11.282071946043606,9.744331654128365,9.855877837946071,71058700
2001-10-04,10.987273216247559,11.624678632706528,10.843856788586562,11.234268090569689,57506300
2001-10-05,11.313945770263672,11.48923246913978,10.65263772432932,10.764183943586199,39470600
2001-10-08,11.074914932250977,11.473293178157073,10.859791074581711,11.00320748625869,30967900
2001-10-09,10.915568351745605,11.194433544465252,10.6924766534778,11.170531052469617,28599600
2001-10-10,11.385653495788574,11.51313444938384,10.66060500233069,10.75621571752714,38833200
2001-10-11,11.927444458007812,11.951346939129142,11.552968707824837,11.576871188946166,49702400
2001-10-12,11.903543472290039,11.911511220788778,11.31394376061697,11.600776627801084,41655100
2001-10-15,11.505166053771973,11.744193208264193,11.321912383230643,11.529069301113658,49779400
2001-10-16,11.903543472290039,11.935413706438682,11.465327942707768,11.592808879302343,32793500
2001-10-17,10.88369369506836,12.230212608878574,10.859791212766785,12.166472149510232,54189200
2001-10-18,11.361750602722168,11.521101789046844,10.827923558649704,10.923534270444511,40798900
2001-10-19,11.584843635559082,11.640616367416234,11.03508178766956,11.218335483683905,35524500
2001-10-22,11.911511421203613,11.943381655888484,11.32191169961035,11.40955465503216,24091900
2001-10-23,11.959321975708008,12.333797194299445,11.792002986180071,11.983224471398675,38775600
2001-10-24,11.680453300476074,12.00712343149554,11.497199621063755,11.688421049975675,59223700
2001-10-25,11.114755630493164,11.234269589438227,10.564993850854314,11.154593616808185,82909100
2001-10-26,10.819952011108398,11.21833021699559,10.676535613838249,10.923530435820604,46623900
2001-10-29,10.676539421081543,11.04304753158803,10.525155983193525,10.692474919725754,39469900
2001-10-30,10.756214141845703,11.011176011686782,10.437511804544354,10.620765458531052,39623500
2001-10-31,10.804021835327148,11.298010927819375,10.73231360644423,11.051016001650037,36448300
2001-11-01,11.290040016174316,11.329877994379931,10.6924726226288,10.827921292620148,37005300
2001-11-02,11.51313304901123,11.592809015240285,11.074916754444091,11.242235675648041,30795000
2001-11-05,11.919480323791504,12.070863763238869,11.632648183858725,11.807934111672221,35243400
2001-11-06,12.126633644104004,12.182406353659816,11.505163052569898,11.696385182189873,34708200
2001-11-07,12.413471221923828,12.700303404205536,11.951352326102263,11.999158069739138,44046600
2001-11-08,12.309887886047363,12.971196486177325,12.1266342540911,12.453304300514851,46697600
2001-11-09,12.25411605834961,12.501110167934662,12.094764897351789,12.24614831033815,29770800
2001-11-12,12.270047187805176,12.373625601968953,11.664512954007321,12.062891119323671,27878300
2001-11-13,11.568907737731934,12.166475267329334,11.377685550777496,12.054929054926445,89914000
2001-11-14,11.88760757446289,12.00712075088976,11.313942655952179,11.81589936466827,52842700
2001-11-15,11.784031867980957,12.15053998987261,11.552972449387074,11.696388902254457,41385800
2001-11-16,11.592809677124023,11.887609553248799,11.449393233661992,11.839803818812666,40618100
2001-11-19,11.847769737243652,11.991186158546205,11.552969906668826,11.807931758010026,30458900
2001-11-20,11.600775718688965,12.094764689203918,11.584840222940292,11.791997108595478,40052100
2001-11-21,11.21833610534668,11.728260750079356,11.130693127593505,11.552974034726478,33836400
2001-11-23,11.481266021728516,11.51313626515368,11.218336323509279,11.266142068570295,10846300
2001-11-26,11.744192123413086,11.784030105456216,11.513132739378506,11.584840955086877,32643100
2001-11-27,11.489230155944824,11.88760845328037,11.337845977443388,11.608743341206967,36021500
2001-11-28,11.250203132629395,11.855738332704712,11.210365150547489,11.409554301110713,30083900
2001-11-29,11.305976867675781,11.552971770903362,11.15459343397566,11.409555326458548,36810100
2001-11-30,11.178494453430176,11.77606188034681,10.89963011011018,11.481262040916157,74143100
2001-12-03,10.915568351745605,11.369720258741786,10.875730358521867,11.011179079574664,42093800
2001-12-04,10.995240211486816,11.074915408184275,10.612796683861815,11.051012925159661,47757100
2001-12-05,12.246149063110352,12.254116811611588,11.513132917615518,11.552970900275387,113746800
2001-12-06,12.668431282043457,12.772010504529145,12.349728904573666,12.437371868416257,67014700
2001-12-07,12.676397323608398,12.708267557061646,12.389565222529173,12.540948641470521,42468600
2001-12-10,12.285985946655273,12.764040176113914,12.150537273636868,12.46127259876961,35877600
2001-12-11,12.03899097442627,12.55688317826129,12.031023986556688,12.517045199528404,41071500
2001-12-12,12.031026840209961,12.309891237791842,11.752161682781658,12.174442533880542,44940700
2001-12-13,11.6884183883667,12.150537116263106,11.465326772103735,11.74419110247088,52531500
2001-12-14,11.608743667602539,11.712322119003584,11.401587524646768,11.672484136180671,54346500
2001-12-17,11.784031867980957,11.951350809710766,11.473296473383765,11.51313446138542,32530700
2001-12-18,11.991186141967773,12.19037527801426,11.879639952237088,11.951348162789225,40321500
2001-12-19,11.88760757446289,12.270050346905867,11.776061385910566,11.799964629072935,59069000
2001-12-20,11.545004844665527,11.879642732323639,11.473296617332156,11.831837753999011,44289800
2001-12-21,11.45736312866211,11.903546521019347,11.433460636890315,11.784033302313858,59252900
2001-12-24,11.425490379333496,11.664517524142893,11.337846662323788,11.481263101178694,12753700
2001-12-26,11.226303100585938,11.712324460625053,11.218335350459114,11.361751813356038,26817000
2001-12-27,11.146624565124512,11.353781461879818,11.051013865048132,11.234268276745919,31281100
2001-12-28,11.202400207519531,11.441426623963578,11.162562218163375,11.202400207519531,24629700
2001-12-31,11.00321102142334,11.337848156439785,10.995243271582211,11.234270447890912,29857600
2002-01-02,11.138655662536621,11.202396882495075,10.995240007207208,11.138655662536621,42477900
2002-01-03,12.182412147521973,12.222250141799705,11.234271834913978,11.274109069345167,77498300
2002-01-04,12.309887886047363,12.66046117477984,12.150536736553608,12.39753158815359,42962600
2002-01-07,12.341761589050293,12.556886271289919,12.166475655202929,12.493145793555163,33672400
2002-01-08,12.548917770385742,12.756074690545718,12.262085637750195,12.270052627105281,39963400
2002-01-09,13.329736709594727,13.744050480097792,12.931358434809283,12.979164921962148,104852700
2002-01-10,13.297871589660645,13.568769026742967,13.034941903044627,13.266000587795425,42615900
2002-01-11,12.963231086730957,13.433317632767515,12.907458364267756,13.297868941202868,41520900
2002-01-14,13.05884075164795,13.289900905078799,12.772009396652036,12.80387887178817,36595900
2002-01-15,13.536893844604492,13.54486159261031,13.066807350109084,13.130547814463078,42148200
2002-01-16,13.210227012634277,13.576735912269896,13.154454282616294,13.265999742652262,38500400
2002-01-17,13.720148086547852,13.94324048133861,13.37754402554818,13.489089463097255,49705700
2002-01-18,13.130549430847168,13.441285562555798,13.098679954593276,13.345674094408666,44563400
2002-01-22,12.700302124023438,13.520961354936857,12.684367384315035,13.289902690163153,42317200
2002-01-23,13.345677375793457,13.505029355321964,12.612661005409914,12.787946967136788,45388000
2002-01-24,13.744049072265625,13.88746547964874,13.56876319640424,13.640471400095796,46794400
2002-01-25,13.297871589660645,13.879503696463802,13.281936088728035,13.520962523945137,41197100
2002-01-28,13.46518611907959,13.656407519055197,13.34567293405641,13.481121615667373,27499800
2002-01-29,13.14648723602295,13.624541621271474,12.979169037017114,13.393481419185704,42884700
2002-01-30,13.242094993591309,13.305835459036706,12.604688819444764,13.12258029115019,46967300
2002-01-31,13.752020835876465,13.807793561772309,13.265998762167865,13.544863911339895,52355800
2002-02-01,13.05884075164795,13.568766031060187,13.01103577909741,13.369576872458149,50686200
2002-02-04,12.84371566772461,13.2580278998248,12.676396009630778,13.098677508922403,40447500
2002-02-05,12.596719741821289,12.955259990444723,12.57281650135921,12.72420065156774,40088800
2002-02-06,12.779974937438965,12.883552613352748,12.469238870312788,12.819812154399862,39840500
2002-02-07,12.684365272521973,13.122580799472425,12.540948839791243,12.668429775620197,34368100
2002-02-08,12.891525268554688,12.947298001409882,12.238184175787925,12.740141051024164,35752800
2002-02-11,13.026970863342285,13.066808085922126,12.692333026716685,12.795910717239849,27446200
2002-02-12,12.891525268554688,13.226163185378848,12.748108801388192,12.891525268554688,27703500
2002-02-13,12.84371566772461,13.074774266425441,12.779975207425162,13.050871023928481,24804300
2002-02-14,13.00306510925293,13.433314324630373,12.811843742315954,12.899487438713361,31951400
2002-02-15,12.341761589050293,13.09868109188178,12.278021111315535,13.042908363825475,35977500
2002-02-19,11.784031867980957,12.429405146037764,11.560940198956688,12.214280466736689,46342700
2002-02-20,12.35770034790039,12.548921831541644,11.911516126224171,12.038997115318338,42658600
2002-02-21,12.15850830078125,12.588756919400877,12.142572800906304,12.365665240076819,35673800
2002-02-22,12.34972858428955,12.501112019700045,11.728258584417773,12.182409650495643,31700700
2002-02-25,13.019002914428711,13.106646626386027,12.365662748146253,12.413467718444513,41281500
2002-02-26,13.170387268066406,13.401445893983734,12.963230367768988,13.011035338701431,41557900
2002-02-27,13.04290771484375,13.457220039658115,12.740139320898992,13.32177134124973,40283300
2002-02-28,13.242094993591309,13.505024603515144,13.050872077562547,13.058839825704792,48930600
2002-03-01,12.740142822265625,13.321775002466024,12.389570115820352,13.273970013328608,78055500
2002-03-04,10.891663551330566,11.19443117187616,10.317998546094373,11.114755202315502,208718700
2002-03-05,11.035076141357422,11.266135460627947,10.891659750139134,11.13068681555425,72999800
2002-03-06,11.266139030456543,11.321911751448843,10.859792966479203,10.99524165447165,47536200
2002-03-07,11.154592514038086,11.576873303598274,10.931500876514292,11.529068332623476,38756800
2002-03-08,11.313945770263672,11.592810938482643,11.23427055066286,11.48923246913978,42591600
2002-03-11,11.552969932556152,11.752159069324362,11.186461890508795,11.274104837142156,31683800
2002-03-12,11.505166053771973,11.656550247550475,11.345814870725953,11.46532882789525,30116900
2002-03-13,11.066953659057617,11.481266853603815,11.043050404871929,11.417526362135169,33362500
2002-03-14,10.70841121673584,11.218335849855263,10.660606233539758,11.122725123616592,46463700
2002-03-15,10.039134979248047,10.381739852265422,10.031167229682278,10.278161387449707,121186000
2002-03-18,10.039134979248047,10.365805112980308,9.93555651443233,10.222388660182176,49182600
2002-03-19,10.206452369689941,10.485316723491382,10.118808657479693,10.15067889105261,37202500
2002-03-20,9.991324424743652,10.397670338535741,9.975389693140892,10.086935093898369,35961200
2002-03-21,10.477355003356934,10.557031013054534,9.91165746207486,10.078976474562424,49338700
2002-03-22,10.238323211669922,10.756214727966821,10.174582740736344,10.56499331516609,40552600
2002-03-25,9.975393295288086,10.357836110008309,9.959457798084912,10.294095640888273,30843100
2002-03-26,10.126775741577148,10.357835109786222,9.927586604850491,9.967424584165073,37668400
2002-03-27,10.063036918640137,10.214420352891825,9.999296445287175,10.14271213040815,28081700
2002-03-28,10.198486328125,10.270194555626524,10.031167383903588,10.158648339530107,24038700
2002-04-01,10.230352401733398,10.270190374108223,9.959455101399941,10.039131046149588,28660500
2002-04-02,9.983359336853027,10.126775758689368,9.93555436947175,10.015229568389296,28503600
2002-04-03,9.943522453308105,10.134744623445831,9.816041513113849,9.999295934527849,29135700
2002-04-04,9.736366271972656,10.031166135120866,9.59294983482356,9.847911714336318,31358700
2002-04-05,9.664660453796387,9.983362882343013,9.584984466736467,9.831979418744996,25132200
2002-04-08,9.831978797912598,9.85588128858266,9.377827675949032,9.529211129988061,29156800
2002-04-09,9.545143127441406,9.863846204122705,9.425629948589831,9.82400822455676,36219100
2002-04-10,9.202539443969727,9.624820255001515,8.652776930881716,9.497339312791642,60553900
2002-04-11,8.716516494750977,9.114894777615845,8.69261401053604,9.027251828930233,41736500
2002-04-12,9.170668601989746,9.242376817202548,8.700582088791426,8.836030770894206,45762600
2002-04-15,9.003351211547852,9.38579407767092,8.995383461875345,9.250345372624059,34398400
2002-04-16,9.608887672424316,9.784173627356397,9.19457375746517,9.314086977632181,29575900
2002-04-17,9.38579273223877,9.680592589244684,9.306117526474273,9.569047149205124,32665700
2002-04-18,9.282215118408203,9.600918249761419,9.234410142605375,9.441567064008007,32099900
2002-04-19,9.505304336547852,9.6407529887754,9.361887937754886,9.465466363566902,26765600
2002-04-22,9.106928825378418,9.409696445977872,9.027252855803587,9.361890712263701,41638100
2002-04-23,8.859936714172363,9.130834184112958,8.668715238866037,9.114898681247466,52599600
2002-04-24,8.365947723388672,8.867904677973586,8.365947723388672,8.796196433054797,57097300
2002-04-25,8.365947723388672,8.69261794148839,8.3261097251175,8.365947723388672,44673800
2002-04-26,8.071144104003906,8.628873548182296,8.047241619783106,8.517327355408108,39596300
2002-04-29,8.31017780303955,8.326112551849931,8.071150492108856,8.142858761372752,42502700
2002-04-30,7.999434471130371,8.342039976796615,7.967564244546033,8.230493803828361,69154400
2002-05-01,7.529348850250244,7.967565081713744,7.075197883743351,7.911792369292537,108231800
2002-05-02,6.812272548675537,7.57715930431361,6.493569290582436,7.441710552597213,127028400
2002-05-03,6.716660976409912,6.804303962729726,6.246574279197112,6.740563470888661,110031900
2002-05-06,6.549339771270752,6.780399165690644,6.493566289965025,6.573242257632439,64023900
2002-05-07,6.573243618011475,6.7246270760938245,5.975676016374067,6.573243618011475,100174400
2002-05-08,7.2903218269348145,7.314225069535158,6.788365889867234,6.93178154623816,64747900
2002-05-09,6.756496906280518,7.226583512513264,6.70072417667543,7.202681022660577,44338200
2002-05-10,6.382021903991699,6.876011009740173,6.374054153936127,6.772432538557135,51678300
2002-05-13,6.748529434204102,6.8202376584867554,6.437794048928067,6.53340476135614,47133400
2002-05-14,7.019425868988037,7.21064726759171,6.82820371053807,7.0991010718164205,69514000
2002-05-15,7.322193622589111,7.7444752139841055,6.812269828974612,6.891945041803683,84175000
2002-05-16,7.632927894592285,7.696668359528007,7.322192558145935,7.385933782927935,44102600
2002-05-17,7.6169962882995605,7.967568989505294,7.4735798033375564,7.784315267473035,46574200
2002-05-20,7.258453845977783,7.529351267293904,6.852108473850065,7.473578536968748,36387600
2002-05-21,7.051295280456543,7.4895107445665765,6.963651579757571,7.306257115552738,42013800
2002-05-22,7.011460304260254,7.107071033337183,6.724627357182936,6.9477198182089674,59710300
2002-05-23,7.465610504150391,7.497480743106936,7.011459409058003,7.186746103242222,43943400
2002-05-24,7.051295280456543,7.362029827018479,7.003489556452903,7.330159597631455,28872400
2002-05-28,7.123003005981445,7.218614457737592,6.828203182630991,7.210646710116873,30326100
2002-05-29,6.692755699157715,7.123004268962905,6.692755699157715,7.043329058167201,37093300
2002-05-30,6.7086896896362305,6.995521751766833,6.573241025890785,6.652916978627941,45703700
2002-05-31,6.310309886932373,6.788363965578709,6.2465694444256625,6.756492984479342,52579400
2002-06-03,5.8322577476501465,6.525435435215399,5.792419770469989,6.214700884871847,86670000
2002-06-04,6.23063850402832,6.429827330219381,5.7764869773152965,5.951773311529664,80771800
2002-06-05,6.899914264678955,6.907882015617479,6.04738467026724,6.270476377620048,60986500
2002-06-06,6.493565559387207,6.764462907162699,6.421858108369802,6.732592675650656,59408000
2002-06-07,6.660886287689209,6.955686199815834,6.2704756548604195,6.318281015211502,54034000
2002-06-10,6.485599517822266,6.7166589199640985,6.437793783654895,6.708691170961809,38192900
2002-06-11,6.3979573249816895,6.756497757319033,6.350151959331595,6.605114289388705,39634900
2002-06-12,6.581210136413574,6.61308037214103,6.1589289431400225,6.302345003913572,61515800
2002-06-13,6.581210136413574,6.708691079323397,6.437793695716847,6.5334044028992135,45476900
2002-06-14,6.8282060623168945,6.8521093152598604,6.326249528136216,6.4776333774655015,45042200
2002-06-17,7.330161094665527,7.473577536120088,6.907880279083765,6.931782766044071,73449200
2002-06-18,7.154872417449951,7.282354085247238,6.931780828535457,7.2026781378547025,87006200
2002-06-19,7.011460304260254,7.58512543856836,6.796335593952265,7.521384192670543,111863800
2002-06-20,6.740561008453369,7.011458379738029,6.668852791366686,6.891944431311449,56839400
2002-06-21,6.469663143157959,6.915847148824074,6.437792911313683,6.605111818457694,62786500
2002-06-24,6.860074043273926,6.987555737374204,6.318279692771389,6.397955276680122,59579000
2002-06-25,6.931785583496094,7.059266578894704,6.629017839501061,6.939753335670175,57016100
2002-06-26,7.306258201599121,7.569187823087072,6.4935660916572235,6.533404074274314,76641800
2002-06-27,7.712602138519287,7.728536871282302,7.258450477158637,7.449672589237594,80203600
2002-06-28,7.545285701751709,7.903826042923687,7.449674994762272,7.569188188537479,51290300
2002-07-01,7.170810699462891,7.465610603703681,7.115037970506819,7.409837874747609,42506500
2002-07-02,6.915850639343262,7.17081262278007,6.8600771355814745,7.075201878991267,48316200
2002-07-03,7.609025001525879,7.6727654630381315,6.804300725125903,6.836170955882029,50001600
2002-07-05,7.951632499694824,8.007405992393396,7.776346550775018,7.808216792382845,24017600
2002-07-08,7.4178032875061035,8.03130539227263,7.362029816275543,7.776343557548484,47165100
2002-07-09,7.489511489868164,7.8878897767727745,7.441706520953528,7.521381722426682,47022800
2002-07-10,7.154872417449951,7.680732302517622,7.13096993717065,7.593088608416603,53667200
2002-07-11,7.505447864532471,7.59309082436484,6.939750600523034,7.0672315456778865,73131400
2002-07-12,7.712602138519287,7.832115293703289,7.5054452936773135,7.616991462402863,50084300
2002-07-15,8.087079048156738,8.103014544611225,7.489511608346745,7.553252074472107,62672400
2002-07-16,7.959598064422607,8.350008606876816,7.87195511402869,7.935695579741774,79162800
2002-07-17,8.342045783996582,8.405786281537326,7.9675697910597085,8.31017553522621,72719600
2002-07-18,8.007405281066895,8.214562213038533,7.9277293042019785,8.1906589640712,68437400
2002-07-19,7.744478702545166,8.015376219853971,7.5612241867817325,7.808219205459387,59706300
2002-07-22,7.35405969619751,7.6886973762254796,7.306254747534062,7.577151989446795,62146800
2002-07-23,7.011460304260254,7.5930924294398725,6.97959006123461,7.4576437066192565,66680100
2002-07-24,7.489511489868164,7.545284966730281,6.660884683500426,6.772430877378378,70072800
2002-07-25,7.178774833679199,7.385931665247825,6.979585747904611,7.282353249463512,62316200
2002-07-26,7.433740139007568,7.449675638138556,7.027394029324428,7.17877823168313,44375500
2002-07-29,7.609025001525879,7.768376155306509,7.417803616989124,7.648862979932596,49638500
2002-07-30,7.863988399505615,7.967566859865433,7.521382781380558,7.593091004694768,51168000
2002-07-31,7.975533485412598,7.975533485412598,7.632927915557364,7.744474109424395,43451400
2002-08-01,7.7046356201171875,7.999435441753832,7.553251455588551,7.887889255250954,47106200
2002-08-02,7.497483253479004,7.696672503613289,7.210651006830442,7.593094002361858,50938500
2002-08-05,7.178774833679199,7.561217513640298,7.17080708788516,7.409834142783878,40423800
2002-08-06,7.433740139007568,7.664799557481947,7.250486458079734,7.346097173326398,51110000
2002-08-07,7.585122108459473,7.832116193508346,7.330159516344452,7.696667530153984,51504200
2002-08-08,7.975533485412598,8.007403717967994,7.497479237235354,7.56121970234615,45828500
2002-08-09,7.816181182861328,8.230494145665386,7.792277942045697,7.832115916892246,48363200
2002-08-12,7.752439022064209,7.9834990960353736,7.680731587898005,7.704634065953406,33188100
2002-08-13,7.242518901824951,7.728540240596208,7.218616412336907,7.664799762063795,54342800
2002-08-14,8.007405281066895,8.039275519843574,7.322194007598618,7.354064246375299,54279100
2002-08-15,8.063173294067383,8.182687189479651,7.8480494980788755,8.063173294067383,56122100
2002-08-16,8.278303146362305,8.326108127236063,7.879924759797455,7.903827250234334,45686200
2002-08-19,8.708550453186035,8.875869380570501,8.222528408959255,8.302204378131423,56303000
2002-08-20,8.573101043701172,8.764322441888353,8.397814382106443,8.52529531423123,38054800
2002-08-21,8.573101043701172,8.812128171358294,8.405782130325814,8.724484460637784,45105100
2002-08-22,8.915706634521484,8.923674383434077,8.445620846373856,8.660744748089366,42098900
2002-08-23,8.597002029418945,8.93960754464752,8.42968314521966,8.78025640727824,29674700
2002-08-26,8.421713829040527,8.644806139631415,8.174719802105926,8.581065696561453,35549500
2002-08-27,8.087079048156738,8.620906021841371,8.047241826713107,8.541230819107813,36429100
2002-08-28,7.8958563804626465,8.302202356573396,7.848051418476777,8.071143014051902,33652200
2002-08-29,7.935695648193359,8.071144328963586,7.688700771539922,7.800246967423135,39768600
2002-08-30,7.640897274017334,7.903826937974752,7.585124545252561,7.800248470378429,34935200
2002-09-03,7.218613624572754,7.624958828328382,7.170807904212366,7.577153867814142,43694600
2002-09-04,7.648863315582275,7.720570768045568,7.290322254034457,7.314225498035159,43514400
2002-09-05,7.266422271728516,7.545287468980565,7.258454520984964,7.5293519674934615,44877700
2002-09-06,7.67276668548584,7.816183126661054,7.497480008476841,7.545285742150699,39052400
2002-09-09,7.792277812957764,7.871953761330937,7.489510272924325,7.664796903437613,39399100
2002-09-10,7.800246238708496,7.943662654324909,7.537316649975891,7.784311503554575,40390100
2002-09-11,7.808217525482178,8.12691997148285,7.784315031993769,7.856022512458995,34483500
2002-09-12,7.553252220153809,7.776344615741716,7.513414997941824,7.720571136921586,33143900
2002-09-13,7.752439022064209,7.856017440099052,7.513412721818039,7.561217677928842,36261100
2002-09-16,7.393899440765381,7.7683751747675025,7.2106458270098335,7.7365049480340975,52494500
2002-09-17,7.194713115692139,7.505448516379177,6.995523931626548,7.489513016927641,81486100
2002-09-18,6.629018306732178,6.804305067683285,6.222672415297086,6.56527780454027,122601600
2002-09-19,6.461696624755859,6.541372599450287,6.334215673121903,6.413891647816329,47977300
2002-09-20,6.366085052490234,6.597144436127355,6.342182567243996,6.517469232024458,69838300
2002-09-23,6.087221145629883,6.3421834290832155,5.967707563388533,6.254540084783132,54908300
2002-09-24,6.374053955078125,6.517470412218245,5.816324385978078,5.888032234624916,77572000
2002-09-25,6.844138145446777,6.8521058924476606,6.342181482083749,6.469662394713183,63782200
2002-09-26,6.605113506317139,6.947719156076658,6.533405276381755,6.907881166129616,58182400
2002-09-27,6.692755699157715,6.88397787672942,6.445761557890749,6.469664045144823,47307400
2002-09-30,6.262506484985352,6.59714391127167,5.816322870013804,6.501533218047007,49137600
2002-10-01,6.80430269241333,6.836172932383909,6.1987677530491165,6.238605363050724,54834900
2002-10-02,6.621047496795654,6.812268893131847,6.525436038781273,6.589177264072956,45000700
2002-10-03,6.63698148727417,6.836170609364863,6.4855980888175715,6.557305534499413,49005300
2002-10-04,6.533405780792236,6.836173463979841,6.533405780792236,6.740562736633205,45026100
2002-10-07,6.135023593902588,6.565271982050405,6.095186005324767,6.469661313556006,50625700
2002-10-08,6.429826736450195,6.557307695015553,6.20673505896082,6.23860529860216,48688300
2002-10-09,6.429826736450195,6.573243194759447,6.214702808832768,6.302345777884838,55491400
2002-10-10,6.780398845672607,6.836171564499659,6.389988294190638,6.437793264657738,39404700
2002-10-11,7.210646152496338,7.226580886659259,6.7803976922509985,6.860072882757957,49019800
2002-10-14,7.369998931884766,7.409836915918276,6.9636528624663745,7.0433288305333965,32391600
2002-10-15,7.720571041107178,7.84008498579885,7.449674438134575,7.664798322825509,52984900
2002-10-16,7.425772666931152,7.640897354159824,7.346097447838141,7.346097447838141,41261700
2002-10-17,7.863988399505615,8.031307333956645,7.7524421899227995,7.951631361419436,52962900
2002-10-18,7.56121826171875,7.7046346608162715,7.354061409654806,7.6090239813666365,54988200
2002-10-21,7.6807355880737305,7.800248800440053,7.3859356723698575,7.465610893998582,47599300
2002-10-22,7.879921913146973,7.927726876751013,7.433737947047476,7.473575923281641,46216500
2002-10-23,7.935695648193359,7.967565881324807,7.68073378314178,7.784312230780558,50575400
2002-10-24,7.856021404266357,8.118951075088951,7.8241511641619965,7.95163212457944,55952100
2002-10-25,8.174723625183105,8.214561610694387,7.895858486450502,7.919760973818722,45287900
2002-10-28,8.023336410522461,8.302201444231066,7.927725737211361,8.270331219794032,40931700
2002-10-29,7.935695648193359,8.198625261489376,7.704636268028792,7.9755336295692425,43315700
2002-10-30,7.975533485412598,8.06317643497837,7.8321170589901685,7.951630241111339,50795900
2002-10-31,8.118949890136719,8.166755623239293,7.808215284432205,7.94366397506876,53490400
2002-11-01,8.071144104003906,8.182690296778093,7.720570789482902,7.999435891495233,44318000
2002-11-04,8.15878677368164,8.35000816060084,7.895857176706181,8.294235446044302,61141500
2002-11-05,8.103014945983887,8.17472316388847,7.959598510174722,8.03927447670122,40878800
2002-11-06,8.254400253295898,8.294238245645705,8.02334080948283,8.214563020792596,53095100
2002-11-07,8.126920700073242,8.158790947530525,7.967569462786833,8.071147956984658,41749500
2002-11-08,7.609025001525879,8.031305749006107,7.601057253875289,8.031305749006107,56464000
2002-11-11,7.210646152496338,7.569186409393091,7.1469056961523005,7.338127065184412,48740600
2002-11-12,7.56919002532959,7.776346987333358,7.274390083945706,7.37796856494759,52874400
2002-11-13,7.664801597595215,7.760412338290254,7.457644612832652,7.465612364518894,43148800
2002-11-14,8.246429443359375,8.286266657412023,7.800245503415888,7.816180996913869,47581000
2002-11-15,8.5332612991333,8.589034005451424,8.055207142604402,8.103012862195746,57425300
2002-11-18,8.166755676269531,8.764323164777059,8.166755676269531,8.668712457797417,42280500
2002-11-19,8.262368202209473,8.445622667482022,8.00740626080056,8.158789723550472,39188600
2002-11-20,8.557162284851074,8.589032505731774,8.166751889100995,8.25439480656142,48408600
2002-11-21,9.130830764770508,9.162700998720029,8.62090626173185,8.63684175862977,59605500
2002-11-22,9.226444244384766,9.282216980626107,8.780260834760956,8.820098069306745,47514400
2002-11-25,9.489371299743652,9.56107951770183,9.186603690501535,9.2423771710503,45853800
2002-11-26,9.266280174255371,9.624820524210707,9.202539701367595,9.409696618176055,58763800
2002-11-27,9.561079025268555,9.728397938604607,9.146765236114032,9.481403062786134,47671800
2002-11-29,9.680590629577637,9.760266579059447,9.521239490460186,9.584979946107167,16345800
2002-12-02,9.481404304504395,10.142712296238335,9.417663830109296,9.847912412199406,46174700
2002-12-03,9.059121131896973,9.513272084626117,8.963510444998532,9.417661397727676,46235500
2002-12-04,8.80416202545166,9.043189196610513,8.557167104623344,8.796194275782197,45352900
2002-12-05,8.51732349395752,9.027247738512852,8.485453276163183,9.003345265128582,39194600
2002-12-06,8.987418174743652,9.234413163342595,8.326109967656775,8.397818214664424,47974500
2002-12-09,8.389847755432129,8.99538302381841,8.37391301670954,8.859934325367627,41361800
2002-12-10,8.525297164916992,8.788226834463153,8.469524434966733,8.581070654713708,35175200
2002-12-11,9.003351211547852,9.122864417249701,8.453588641687903,8.525296869047585,42332500
2002-12-12,9.083024024963379,9.202537958882983,8.804159698843428,9.138797498064353,31506500
2002-12-13,8.485458374023438,9.019285412673545,8.469523635476023,8.987415175732332,49233800
2002-12-16,9.003351211547852,9.059123939562523,8.612940595752278,8.724486051781623,36217200
2002-12-17,8.780257225036621,9.146764495197925,8.652775543421898,8.93164062967515,38315200
2002-12-18,8.469523429870605,8.67668034488276,8.294236751025986,8.604972123544217,59093700
2002-12-19,8.764324188232422,9.218475289380876,8.604972991324757,8.812129927227943,97046000
2002-12-20,8.557162284851074,9.059118833606608,8.405778925629248,8.98741064666353,70354000
2002-12-23,8.8121337890625,8.883841289211253,8.461560242383642,8.589041255777127,32994600
2002-12-24,8.756352424621582,8.883833323712043,8.644807017840476,8.684644228921673,9088400
2002-12-26,8.628872871398926,8.947575168833907,8.589034894258,8.764321537770346,19094500
2002-12-27,8.597002029418945,8.82009362173594,8.565131801945089,8.612937523078953,24793900
2002-12-30,8.716516494750977,8.780257719067928,8.54919758555388,8.660743778300702,29686300
2002-12-31,8.604974746704102,8.740423481668211,8.589039243839336,8.668715238469964,26155500
2003-01-02,8.931640625,8.96351085542544,8.604970573177669,8.7165159997436,32064900
2003-01-03,9.210508346557617,9.25831332595135,8.859934951720158,8.915707680961662,30879500
2003-01-06,9.529205322265625,9.64871846262327,9.194567617449001,9.194567617449001,45324400
2003-01-07,10.110840797424316,10.198484508666311,9.369857685078529,9.473436133007787,72764800
2003-01-08,9.656689643859863,10.078970417866266,9.616851662950666,10.015229952350065,53623200
2003-01-09,10.365800857543945,10.501249505171046,9.8797789714069,9.927584689329567,71178800
2003-01-10,10.413609504699707,10.557025949427679,9.951490693738885,10.08693938934944,52033600
2003-01-13,10.302062034606934,10.644666821107641,10.222386078762362,10.596861855477881,40588200
2003-01-14,10.445480346679688,10.517188573199448,10.19848618849654,10.26222666543712,39310400
2003-01-15,9.983359336853027,10.549056516506502,9.92758662162612,10.47734830558833,41972100
2003-01-16,9.696529388427734,10.19848621555123,9.640756660918376,9.967426796067057,50428400
2003-01-17,9.114896774291992,9.353923948340592,9.098962034606853,9.306118969438735,55319200
2003-01-21,9.218476295471191,9.497341490379355,9.13880106824495,9.234411796824356,36345400
2003-01-22,9.258310317993164,9.672624057312357,9.122861653973136,9.234407836062042,45273300
2003-01-23,9.927584648132324,10.031163069996522,9.473433749059087,9.600914649862373,46467100
2003-01-24,9.377823829650879,9.911649954848953,9.298147880300988,9.887747473982452,45555000
2003-01-27,9.505304336547852,9.608882762359867,9.24237477865817,9.401725910735836,44095200
2003-01-28,9.537178039550781,9.688561480246833,9.330021112411838,9.680593730776932,36313900
2003-01-29,9.577019691467285,9.712467685049413,9.202543681408361,9.385797430255188,36287500
2003-01-30,9.361889839172363,9.943521779347918,9.314084109916564,9.624819450463544,38272500
2003-01-31,9.584983825683594,9.704497798280265,9.16270294614023,9.234411177728939,48082000
2003-02-03,9.569046020507812,9.672624459645965,9.473435328960187,9.569046020507812,30451300
2003-02-04,9.345954895019531,9.664658002581067,9.178636732353802,9.441566359180426,47845200
2003-02-05,9.17863655090332,9.592949594742617,9.16270105390942,9.465468658176679,41316900
2003-02-06,9.186606407165527,9.337990636477109,9.027255186716406,9.170671665043892,39066500
2003-02-07,9.035222053527832,9.481405427122564,8.971481571585727,9.353924463238354,43943700
2003-02-10,9.361889839172363,9.401727820244483,9.067089994992745,9.090992479697501,33763500
2003-02-11,9.489371299743652,9.67262571895303,9.337987875045759,9.433598579041218,46126300
2003-02-12,9.162701606750488,9.52124195243667,9.154733857772795,9.417663495265753,39650300
2003-02-13,9.19456958770752,9.314082753675045,9.043186193492241,9.210505081754484,34557500
2003-02-14,9.322053909301758,9.497340608680956,9.043189500128873,9.210508449571186,41473100
2003-02-18,9.895720481872559,9.911655224306424,9.393763557737392,9.481406540740076,40391400
2003-02-19,9.816040992736816,9.855878974397179,9.656689825941667,9.82400874103815,34828800
2003-02-20,9.808076858520508,9.935557829054739,9.744335613406871,9.871817343787624,31167700
2003-02-21,9.87181282043457,9.911650035587858,9.45749909619406,9.704493933313774,44233400
2003-02-24,9.4176607131958,9.919617352812054,9.409693726417999,9.712460499666399,45766300
2003-02-25,9.513272285461426,9.569045757214267,9.146764264690264,9.274245943092321,47223800
2003-02-26,9.337986946105957,9.640754525228857,9.298148966776003,9.48937035574428,40775700
2003-02-27,9.473437309265137,9.632788495154907,9.34595560070693,9.489372047930917,36829700
2003-02-28,9.529205322265625,9.67262169857161,9.425626912694193,9.47343262474486,35480000
2003-03-03,9.314083099365234,9.72042909449015,9.274245882461628,9.72042909449015,34375200
2003-03-04,9.266280174255371,9.449533843846135,9.202539701367595,9.35392313451447,37421000
2003-03-05,8.899774551391602,9.090996023258048,8.756358067568474,9.067093529236388,64571400
2003-03-06,8.891804695129395,9.043188894404485,8.780259242870281,8.907740193935785,37140800
2003-03-07,8.8121337890625,9.003355309152726,8.636847015723072,8.71652226917061,44083500
2003-03-10,8.573101043701172,8.764322441888353,8.501392829419405,8.62090601332482,30568300
2003-03-11,8.509360313415527,8.73245193770671,8.485457069499628,8.612938757512286,36460600
2003-03-12,8.764324188232422,8.812129927227943,8.477492033798626,8.485459023759176,41539800
2003-03-13,9.481404304504395,9.513274541701943,8.915707024363103,9.011318495802142,57891600
2003-03-14,9.513272285461426,9.600915986853229,9.282212930617403,9.473435068297382,51565800
2003-03-17,9.839948654174805,9.919623893410433,9.24238094059771,9.330023931710894,56316800
2003-03-18,9.760272026062012,9.919623254110032,9.60888854937804,9.855882762890824,58587300
2003-03-19,9.011316299438477,9.42562928202448,8.84399740497104,9.28221286966776,123560800
2003-03-20,9.162701606750488,9.242377576834691,8.851966235237738,9.106928883599366,55821400
2003-03-21,9.04318904876709,9.425631908491708,8.979448572146321,9.314085694482152,65517600
2003-03-24,8.788227081298828,9.003351776885978,8.756356840454044,8.875870813506843,42180200
2003-03-25,9.003351211547852,9.154734656093291,8.820096768312391,8.915707484843159,41673400
2003-03-26,9.114896774291992,9.226442991473721,8.963513327974194,9.035221556173418,38346100
2003-03-27,9.051154136657715,9.17066807509455,8.94757569395096,9.003349169159987,29790500
2003-03-28,8.843999862670898,9.075059280207887,8.843999862670898,8.963513066282768,27751300
2003-03-31,8.644810676574707,8.836032106140847,8.620907427994128,8.628875177520987,44908800
2003-04-01,8.573101043701172,8.692614227606587,8.48545733298066,8.668711742794763,50467600
2003-04-02,9.130830764770508,9.210506729567468,8.684646729630893,8.812128425275294,48276800
2003-04-03,9.258310317993164,9.449531693134546,9.194569859612704,9.417661463944315,44264100
2003-04-04,9.059121131896973,9.353920939795382,8.764321323998566,9.290180481863088,34937000
2003-04-07,9.330018043518066,9.967423354368544,9.306115562816945,9.48140143442005,45510400
2003-04-08,9.162701606750488,9.353923023136936,9.146766108795102,9.298150299985814,34791300
2003-04-09,8.899774551391602,9.274250503681664,8.891806800102188,9.258315001102835,39120000
2003-04-10,9.059121131896973,9.122861589829267,8.820094034727774,8.915704721626215,31242200
2003-04-11,8.995380401611328,9.314082681623441,8.92367219864706,9.178634782502922,27457400
2003-04-14,9.290180206298828,9.330018181286391,8.947574685190427,9.027250635165553,28588700
2003-04-15,9.19456958770752,9.361888475969762,9.130829131212016,9.186601840684036,33429700
2003-04-16,9.226444244384766,9.521244187133563,9.210509502535759,9.369860720258549,41489400
2003-04-17,9.561079025268555,9.569046773486056,9.130830499525322,9.202538713790243,35670800
2003-04-21,9.43359661102295,9.712460916205334,9.401726383006501,9.545142029157434,29742500
2003-04-22,9.664660453796387,9.712465438155117,9.322054773223869,9.393763009608492,33697200
2003-04-23,9.561079025268555,9.624819491315975,9.457500577979925,9.505306307438635,30255100
2003-04-24,9.584983825683594,9.632789566691557,9.369859890763946,9.425632622067841,31261600
2003-04-25,9.393759727478027,9.577014129749102,9.377824991541472,9.529208402246917,26159300
2003-04-28,9.537178039550781,9.592950766147261,9.290183124908747,9.401729337948119,29737500
2003-04-29,9.577019691467285,9.720435437567978,9.505311438493585,9.521246183684017,31540200
2003-04-30,9.465466499328613,9.584979660139487,9.409693792263026,9.5292069530739,40601500
2003-05-01,9.49733829498291,9.553111011261102,9.35392187044325,9.441565578704719,26984400
2003-05-02,9.720431327819824,9.75230156457282,9.393761211140038,9.393761211140038,35190700
2003-05-05,9.624820709228516,9.800107392962621,9.608885970623444,9.712463671172374,34043100
2003-05-06,9.887748718261719,9.999294909419362,9.505305936886247,9.545143156728162,44153800
2003-05-07,9.712462425231934,9.999295281791406,9.672625203906486,9.847911105308064,45258000
2003-05-08,9.640753746032715,9.84790985408221,9.561077793812466,9.561077793812466,34438600
2003-05-09,9.895720481872559,9.95946097130116,9.720433756020618,9.75230400073492,33759800
2003-05-12,9.927584648132324,9.983357352272236,9.72042780440393,9.792136001067304,33784200
2003-05-13,9.895720481872559,10.078974199018147,9.816044490163522,9.847914734877822,34690400
2003-05-14,9.983359336853027,10.07100304346246,9.83197592701731,10.03913281192619,34511800
2003-05-15,10.286126136779785,10.365802089504905,10.007261821934266,10.039132051055075,45269100
2003-05-16,10.007264137268066,10.357836738707293,9.935555915193904,10.28612851663313,34563400
2003-05-19,9.696529388427734,10.055069762131252,9.640756660918376,9.919621058311591,32926600
2003-05-20,9.688559532165527,9.78417022704063,9.569046353533214,9.728397511658384,33688700
2003-05-21,9.640753746032715,9.736364432789296,9.53717531208487,9.656688480569047,35936400
2003-05-22,9.800105094909668,9.887748036301897,9.65668868186219,9.664656429219542,26953500
2003-05-23,9.640753746032715,9.800104890627017,9.608883517113854,9.736364432789296,25251500
2003-05-27,10.078970909118652,10.150679126281032,9.545143914516851,9.584981897367765,35590200
2003-05-28,10.564992904663086,10.676538344539571,10.118808865618188,10.20645257963122,78128000
2003-05-29,10.22238540649414,10.580925664523098,10.2064506722809,10.413606776130095,50293400
2003-05-30,10.365800857543945,10.557022209542403,10.270190181544717,10.317995139621278,43628800
2003-06-02,10.198486328125,10.557026705786189,10.16661608921837,10.52515646687956,41425900
2003-06-03,10.37376880645752,10.485314217378919,10.166611957823317,10.246287142789155,33190800
2003-06-04,10.819952011108398,10.915562689339788,10.357833353066948,10.445476284817524,53947300
2003-06-05,10.644668579101562,10.811987506131324,10.580928107837497,10.676538814733595,37461900
2003-06-06,10.429542541503906,11.114752847114241,10.317996359724745,10.867758761537369,102963900
2003-06-09,10.246291160583496,10.55702655538093,10.12677795634794,10.461415840023202,51279400
2003-06-10,10.37376880645752,10.42954151191822,10.246287142789155,10.397671285962659,40820000
2003-06-11,10.57296371459961,10.692476937600029,10.381741494013783,10.525157969491518,41013300
2003-06-12,10.62076473236084,10.740277910715832,10.437511090903685,10.676537447613669,40907500
2003-06-13,10.740278244018555,11.15459202688626,10.644667546398226,11.09085156180604,81322400
2003-06-16,10.875727653503418,11.074916810233123,10.596863289989628,10.851825167452827,31357300
2003-06-17,10.636706352233887,10.971344356114056,10.580932845022728,10.947441098803548,36730100
2003-06-18,10.692477226257324,10.788087959208102,10.564996248989619,10.588898742265673,49885300
2003-06-19,10.628732681274414,10.764181357890363,10.56499221696647,10.636700429274475,39496600
2003-06-20,10.302062034606934,10.843855950872841,10.246288561577241,10.772148502428202,51764300
2003-06-23,10.17458438873291,10.39767607313501,10.078972906999823,10.318000091639595,30410900
2003-06-24,10.078970909118652,10.365803777768171,10.039133686114061,10.246289829215431,30663200
2003-06-25,9.863846778869629,10.206452359314943,9.839944293675815,10.07897066530656,26269000
2003-06-26,9.975393295288086,10.047100753163381,9.680592675800003,9.975393295288086,30859200
2003-06-27,9.9036865234375,10.110842698397853,9.752302317291598,9.999297241076071,29954600
2003-06-30,9.569046020507812,9.999294512395242,9.561078272917285,9.951488786698313,42454900
2003-07-01,9.824007987976074,9.863845966582645,9.353921512080268,9.592948623873452,45514700
2003-07-02,9.919622421264648,10.1586496231914,9.816043941768173,9.943524913503365,40358900
2003-07-03,9.704498291015625,9.975395730840166,9.656692547580377,9.824011509833975,15602700
2003-07-07,10.015231132507324,10.166615325831561,9.792139476912338,9.84791220084949,29498700
2003-07-08,10.14271354675293,10.26222752086364,9.999297841605156,10.039135832975393,43898700
2003-07-09,10.094907760620117,10.397675407124208,10.039135033053666,10.294096941753354,33649900
2003-07-10,10.039134979248047,10.150680433783108,9.887750776884145,9.96742675284898,41053100
2003-07-11,10.230352401733398,10.262222627664034,10.02319555326121,10.039131046149588,30605400
2003-07-14,10.071005821228027,10.429546214864548,9.983362090444867,10.31003224375473,28583900
2003-07-15,10.063036918640137,10.270193836960452,9.99132869615646,10.23832360028397,34859600
2003-07-16,9.887748718261719,10.12677583654452,9.800105770824738,10.110840340730743,30646000
2003-07-17,9.632787704467773,9.808074374481679,9.58498197270168,9.736366156755702,29515500
2003-07-18,9.624820709228516,9.688561183341573,9.553112485889727,9.640756207679974,24285200
2003-07-21,9.314083099365234,9.648720888309729,9.234407905711816,9.608883671406124,36377800
2003-07-22,9.616851806640625,9.760268236118073,9.417662658964746,9.481403125433323,43591000
2003-07-23,9.640753746032715,9.728396685598032,9.42562913094576,9.712461191215505,27594900
2003-07-24,9.306119918823242,9.847914040779768,9.282216667087331,9.72840082148628,42418200
2003-07-25,9.640753746032715,9.664656227760311,9.242375504623862,9.353920925916777,29301700
2003-07-28,9.465466499328613,9.752298541182396,9.401726045583327,9.696525834116809,35409100
2003-07-29,9.49733829498291,9.608884487385565,9.314083890310425,9.521240779124096,30663400
2003-07-30,9.465466499328613,9.608882900178578,9.409693792263026,9.577012673305935,27817400
2003-07-31,9.553110122680664,9.80807271590769,9.465467182417555,9.624818328280572,34629900
2003-08-01,9.4176607131958,9.553109366418257,9.345952513272602,9.481401166495058,29348000
2003-08-04,9.44953441619873,9.561080630431812,9.29815097388265,9.465469915309065,27503500
2003-08-05,9.274250984191895,9.52921295989038,9.258315480787427,9.41766671559898,30777600
2003-08-06,9.122865676879883,9.274249902173974,9.106930935181131,9.210509415685895,44154700
2003-08-07,9.075058937072754,9.186604386933833,8.907740002434746,9.130831662003294,30669300
2003-08-08,8.995380401611328,9.170667035541076,8.899769717607693,9.154731541617384,25653500
2003-08-11,9.306119918823242,9.481405872474154,9.24237943388718,9.38579514507006,51264000
2003-08-12,9.688559532165527,9.688559532165527,9.409695195408041,9.449532415054641,48958700
2003-08-13,9.481404304504395,9.871815659982362,9.401729091433717,9.871815659982362,68194900
2003-08-14,9.656689643859863,9.720430109376064,9.46546824731126,9.545143449283369,29768000
2003-08-15,9.624820709228516,9.672626444736503,9.529209998058928,9.632788458454245,12464200
2003-08-18,9.704498291015625,9.720433032263031,9.63279005578601,9.688562789921704,28071100
2003-08-19,9.680590629577637,9.816039287789012,9.545141971366261,9.792136806882937,40467800
2003-08-20,9.656689643859863,9.688559876617964,9.529208712827462,9.600916926494758,23000600
2003-08-21,9.688559532165527,9.816040458665665,9.600916585158247,9.744332247547772,36844900
2003-08-22,9.800105094909668,9.959456242825636,9.680591164088034,9.752299370611773,45221100
2003-08-25,9.855879783630371,9.887750019606159,9.712463341816143,9.74433357779193,30133800
2003-08-26,9.91164779663086,9.975388998139103,9.58497784315036,9.776199927983093,49911800
2003-08-27,9.919622421264648,10.015233150066043,9.808076950919618,9.84791418470197,38240700
2003-08-28,10.17458438873291,10.198486879242946,9.943524194365503,9.959459694603174,37764900
2003-08-29,10.22238540649414,10.270191128826218,10.071002012160555,10.126774721676163,33163800
2003-09-02,10.668570518493652,10.716375486160997,10.310029461757267,10.32596495754389,86313000
2003-09-03,10.963370323181152,11.178494196812613,10.819953900862672,10.939467079563899,100807000
2003-09-04,10.931500434875488,10.97930540391894,10.764181523530842,10.875726957863085,41802700
2003-09-05,10.421578407287598,10.764184058792623,10.35783792698617,10.676540328493312,77735500
2003-09-08,10.740278244018555,10.78808397275186,10.541089100681301,10.557024596874495,58859800
2003-09-09,10.644668579101562,10.74027928599766,10.564993369944657,10.700442061342386,39313700
2003-09-10,10.238323211669922,10.652636272738171,10.190517478546564,10.47734959774766,48143700
2003-09-11,10.341897010803223,10.50124888794863,10.246286340423616,10.381734980089576,55297300
2003-09-12,9.999296188354492,10.039134173138049,9.600917860211656,9.672626080852783,125872200
2003-09-15,9.919622421264648,10.071006645085086,9.863849686092134,10.00726615921749,44944600
2003-09-16,9.983359336853027,10.007262580389922,9.887748642244219,9.93555436947175,42621000
2003-09-17,9.784174919128418,9.991331903958237,9.736369928688688,9.967429408738374,48337000
2003-09-18,9.84791374206543,9.887751733903702,9.672627793731424,9.776206268572333,53130900
2003-09-19,9.656689643859863,9.839944052103654,9.616851662950666,9.816040807650365,56562500
2003-09-22,9.537178039550781,9.624821004180452,9.457502064544599,9.577016027053872,48600400
2003-09-23,9.584983825683594,9.664659807414708,9.537178844522106,9.616854066406743,41884000
2003-09-24,9.24238109588623,9.632791826286335,9.24238109588623,9.584986074064425,73146100
2003-09-25,9.210508346557617,9.505308252307126,9.186605097014304,9.298151315343759,41716800
2003-09-26,9.09099292755127,9.330020065912997,9.075058190245194,9.282214334302122,45417900
2003-09-29,9.274250984191895,9.274250984191895,9.051158495609096,9.20254273856504,41382800
2003-09-30,8.96351146697998,9.178636106913716,8.931641234380125,9.162700610690647,54694100
2003-10-01,9.314083099365234,9.345953328795844,9.043186529128162,9.067089011239569,47601100
2003-10-02,9.083024024963379,9.266278419701614,9.05912154211795,9.218472694164527,53302900
2003-10-03,9.545143127441406,9.632786834455736,9.33001925353932,9.449532432390894,76447800
2003-10-06,9.712462425231934,9.800106135779012,9.592949241563014,9.616851726327539,36214900
2003-10-07,9.720431327819824,9.768237062872506,9.529209907301858,9.600918129957691,45506900
2003-10-08,10.063036918640137,10.158647628669579,9.863847749450537,9.983360947025744,71375900
2003-10-09,9.824007987976074,10.270191980646434,9.80807325244119,10.158645792517284,63201300
2003-10-10,9.824007987976074,9.967424407021234,9.792137757060065,9.9196186807241,38087200
2003-10-13,9.784174919128418,9.951493905360715,9.72840217699986,9.871818668012292,45863300
2003-10-14,9.824007987976074,9.879780702117529,9.688559316621477,9.760267526144057,32292100
2003-10-15,9.656689643859863,9.95945723498496,9.584981430192565,9.92758700222686,44173200
2003-10-16,9.537178039550781,9.688561480246833,9.449534315074699,9.640756503120253,60555300
2003-10-17,9.337986946105957,9.56904631440419,9.306116714611244,9.48937035574428,49571700
2003-10-20,9.489371299743652,9.537177031664548,9.369858109710913,9.385792847120323,34152800
2003-10-21,9.545143127441406,9.640754582338177,9.49733815983928,9.584981107007351,33965400
2003-10-22,9.337986946105957,9.529208335074234,9.322051450435472,9.433597640590095,30664800
2003-10-23,9.361889839172363,9.457500537837676,9.242376655802296,9.290181625211808,29827900
2003-10-24,9.345954895019531,9.385792878445514,9.178636732353802,9.242377201896842,40662500
2003-10-27,9.322053909301758,9.473438118716757,9.250345679562702,9.4017298889777,27969800
2003-10-28,9.545143127441406,9.561078623206289,9.202538326805303,9.33798700142176,44104200
2003-10-29,9.473437309265137,9.62482074589882,9.369858848475188,9.50530754644309,40955000
2003-10-30,9.712462425231934,9.792138387575406,9.49733854265862,9.63278722273475,53247200
2003-10-31,9.537178039550781,9.784172194346404,9.529210290080881,9.656691242213643,32516500
2003-11-03,9.712462425231934,9.816040872339933,9.577014505002094,9.608884737970225,35722600
2003-11-04,9.728398323059082,9.943522214508986,9.592949637393973,9.61685212314478,42082700
2003-11-05,9.839948654174805,9.943526389196457,9.712466903673846,9.824013150419693,36371900
2003-11-06,10.11881160736084,10.13474710871604,9.72043319163918,9.983362885227754,76866900
2003-11-07,9.927584648132324,10.262222392664006,9.903682169193234,10.190514196000631,50302100
2003-11-10,10.015231132507324,10.158647576741574,9.83994521160588,9.887750186453045,44400800
2003-11-11,9.991324424743652,10.150675540001513,9.879778264140121,10.110837571225535,34508000
2003-11-12,10.17458438873291,10.238324869990652,9.991329935232045,10.007265435469717,38815500
2003-11-13,10.015231132507324,10.134745089317992,9.927588172056602,10.063036867200866,34809000
2003-11-14,9.79214096069336,10.09490863337316,9.776206219945207,10.015232650092926,36909100
2003-11-17,9.632787704467773,9.760268642715586,9.545143989537657,9.752300894113514,34247700
2003-11-18,9.40969467163086,9.752299452567808,9.38579142935793,9.712461475292475,42238700
2003-11-19,9.584983825683594,9.664659807414708,9.393762381344692,9.441568122352654,37597900
2003-11-20,9.4176607131958,9.672623286238968,9.37782349976837,9.497336659742942,41329600
2003-11-21,9.465466499328613,9.56107717994654,9.361888072030988,9.497336726201256,31832800
2003-11-24,9.600919723510742,9.640757716025858,9.497341246910041,9.600919723510742,43397800
2003-11-25,9.457503318786621,9.6248222806121,9.449535568260048,9.616854530085527,40057100
2003-11-26,9.592947006225586,9.600914752572557,9.449530611364573,9.561076780683818,30882000
2003-11-28,9.577019691467285,9.60888994169485,9.545148681393016,9.577019691467285,8159500
2003-12-01,9.967427253723145,10.015232233827161,9.688562083679365,9.69652983364552,50681500
2003-12-02,9.87978458404541,10.110844038935046,9.839947349632384,9.95149282174332,47466000
2003-12-03,10.278162002563477,10.437513964029828,10.078972810577003,10.1267785509862,89509200
2003-12-04,10.349868774414062,10.405642257004459,10.214420082167376,10.317998538582275,56952500
2003-12-05,10.150680541992188,10.349869724181262,10.126778052886499,10.246291258261373,39383800
2003-12-08,10.206452369689941,10.30206307040869,10.071003687043472,10.110840909124889,32397300
2003-12-09,10.047101974487305,10.333934880241157,9.967426758325118,10.294096892236853,40658700
2003-12-10,10.182548522949219,10.198484018717217,10.039132860268532,10.04709984830627,41922500
2003-12-11,10.22238540649414,10.278158116009749,10.134742468705873,10.150677202919113,39950200
2003-12-12,10.22238540649414,10.278158116009749,10.110839227616745,10.26222338179651,37379900
2003-12-15,10.11881160736084,10.421579294490884,10.078973613819368,10.413611543813285,82537400
2003-12-16,10.453449249267578,10.541092224766235,10.15864932093954,10.341903022394872,95028600
2003-12-17,10.557024955749512,10.564992704116964,10.397673787631987,10.42157627288804,46581000
2003-12-18,10.62076473236084,10.700440691161672,10.51718628985826,10.53312178555693,48645300
2003-12-19,10.429542541503906,10.700439868791726,10.341898841589494,10.62873166335128,52988700
2003-12-22,10.51718807220459,10.525155821404217,10.294096413539707,10.333934399691461,37429800
2003-12-23,10.397673606872559,10.549057023990889,10.341900129116295,10.549057023990889,27584700
2003-12-24,10.333932876586914,10.461413805606176,10.31799738053637,10.349867612791185,15177900
2003-12-26,10.357836723327637,10.405642457921553,10.317998737807102,10.341901225180873,9305200
2003-12-29,10.501250267028809,10.525152747801195,10.325963635056922,10.34986611582931,24670600
2003-12-30,10.509223937988281,10.541094185903198,10.3976784502094,10.501256945894538,21820800
2003-12-31,10.541088104248047,10.549055851591465,10.39767245129756,10.493283139879953,24268300
2004-01-02,10.469385147094727,10.604833870630053,10.445481894814469,10.557028125916071,20730800
2004-01-05,10.796051979064941,10.80401972735211,10.564992597661174,10.58092733438921,35329600
2004-01-06,10.83588981628418,10.923532766736429,10.676537892049124,10.772149350528672,40106000
2004-01-07,11.130692481994629,11.146627222549817,10.827924812981248,10.891665294894961,45151100
2004-01-08,11.34581470489502,11.457360911320059,10.955404122176933,11.146625539037258,70741300
2004-01-09,11.290040016174316,11.44142342154017,11.154591346182967,11.210364059763087,41121800
2004-01-12,11.680453300476074,12.357696811013806,11.345815419957008,11.377685658108994,62729400
2004-01-13,11.441431045532227,11.537041801028142,11.186469030876452,11.50517154919617,78363800
2004-01-14,11.624676704406738,11.688417159494747,11.465325566686712,11.537033008776103,30545500
2004-01-15,11.863707542419434,11.935415007183966,11.50516641936477,11.50516641936477,50439200
2004-01-16,11.831838607788086,11.975254312957318,11.688422142772367,11.943384071825657,46809800
2004-01-20,11.720290184020996,11.927447092416957,11.600776992171356,11.879641359769295,40751300
2004-01-21,11.720290184020996,11.887609108518296,11.560939008272696,11.656549713721676,36834500
2004-01-22,11.576874732971191,11.879642372630167,11.489231768798755,11.784031659029397,34476800
2004-01-23,11.584843635559082,11.688422108898424,11.433460180584035,11.592811385780529,28790500
2004-01-26,11.529067039489746,11.584839752653485,11.377682875407839,11.52109929193886,33787100
2004-01-27,11.313945770263672,11.696389407825505,11.29801103028209,11.48923246913978,32503900
2004-01-28,11.106786727905273,11.473294796220886,11.04304626035876,11.401587340115789,44593900
2004-01-29,11.305976867675781,11.329880114980835,10.93946876730844,11.194431419637706,50196100
2004-01-30,11.04305362701416,11.393627192228664,10.979313116947308,11.242242910934777,45136500
2004-02-02,10.86776065826416,11.074916803656834,10.764182205644659,10.963371362256085,42162300
2004-02-03,11.082884788513184,11.146625259199746,10.772150183877782,10.811987408172124,32484300
2004-02-04,10.57296371459961,10.90760089097009,10.45344973175265,10.509222467839974,47107800
2004-02-05,10.804021835327148,10.97134078277181,10.612799638357217,10.708410356918959,39729800
2004-02-06,10.692477226257324,10.963374682874477,10.644671479858655,10.81995820352503,41298900
2004-02-09,10.580931663513184,10.859796888889672,10.557029168718419,10.78808864465877,33219100
2004-02-10,10.668570518493652,10.780115949614963,10.564992075419394,10.572959823312704,30386400
2004-02-11,10.915568351745605,10.98727658757903,10.620768417644376,10.780119630692807,38713100
2004-02-12,10.931500434875488,11.035078880931342,10.764181523530842,10.85182447334136,27981100
2004-02-13,10.987273216247559,11.234268090569689,10.883694769586425,10.979305468078328,41834100
2004-02-17,10.963370323181152,11.138656217296784,10.939467079563899,11.08288350188238,21836800
2004-02-18,11.202400207519531,11.282075426385399,10.923535041872881,11.058983749775946,38796400
2004-02-19,10.995240211486816,11.321910265592738,10.971337728462203,11.298007782568124,29936900
2004-02-20,10.92353630065918,11.130693261306009,10.788087577147525,11.122725510547314,27880000
2004-02-23,10.628732681274414,10.931500266660287,10.533121984812498,10.899630034506314,30737700
2004-02-24,10.564992904663086,10.6446681103111,10.389706236483342,10.580927641854162,56492900
2004-02-25,10.509223937988281,10.628737937554202,10.421580946183925,10.588899937698894,35990900
2004-02-26,10.580931663513184,10.75621839831688,10.246293697000041,10.437515934897988,45428900
2004-02-27,10.254253387451172,10.6526315334742,10.246285642167669,10.596858836181699,44508600
2004-03-01,10.421578407287598,10.493286637588321,10.262227206534027,10.445480897439017,46943200
2004-03-02,10.341897010803223,10.580924066675271,10.317994533169838,10.46141091866228,39962100
2004-03-03,10.365800857543945,10.46937927983797,10.270190181544717,10.286124914288202,29869200
2004-03-04,10.357836723327637,10.437512694368706,10.27019376305956,10.29409625043333,32745100
2004-03-05,10.126775741577148,10.437511068415388,10.126775741577148,10.254256667506809,59897400
2004-03-08,9.84791374206543,10.262227641429067,9.81604350056411,10.24629214075516,59836100
2004-03-09,9.808076858520508,9.943524819828237,9.664660386746238,9.839947101154065,59151200
2004-03-10,9.887748718261719,10.055067625075052,9.808073518731627,9.879780970354831,73298000
2004-03-11,9.760272026062012,10.039137245030991,9.696531534842803,9.83198026864527,88238400
2004-03-12,9.608887672424316,9.959460342135,9.521243935111753,9.951492591498125,109858800
2004-03-15,9.290180206298828,9.600915499386412,9.226439750257196,9.584980005452918,71864700
2004-03-16,9.322053909301758,9.473438118716757,9.059124240156189,9.393762139040815,84172400
2004-03-17,9.441568374633789,9.505308857783252,9.306119657979556,9.441568374633789,59616200
2004-03-18,9.250341415405273,9.425628033982077,9.210504203777637,9.401725555036274,59118700
2004-03-19,9.162701606750488,9.385793259201344,9.154733857772795,9.242377576834691,47572800
2004-03-22,9.035222053527832,9.122865026236605,8.883837839030473,9.067092294498885,54723000
2004-03-23,9.083024024963379,9.266278419701614,9.003348828863205,9.12286200293658,62015900
2004-03-24,9.186606407165527,9.314087383524823,9.003352693610678,9.146768412091609,43124500
2004-03-25,9.513272285461426,9.584980492110642,9.266278195721029,9.282212930617403,61981700
2004-03-26,9.49733829498291,9.680591939809124,9.481402798991272,9.505306042978729,47907200
2004-03-29,9.624820709228516,9.656690946285044,9.529209998058928,9.592950472171985,39093100
2004-03-30,9.624820709228516,9.664658695510774,9.43359928688934,9.537177747284657,49915300
2004-03-31,9.561079025268555,9.688559957363395,9.521241044027345,9.640754987750977,48584200
2004-04-01,9.79214096069336,9.84791369308163,9.529211279653676,9.55311377069915,60501700
2004-04-02,10.02319622039795,10.078968929527221,9.879779814241338,10.055066448449843,48908400
2004-04-05,10.17458438873291,10.246291860263016,9.999297685350882,10.039135676098589,48809700
2004-04-06,9.927584648132324,10.150676224538076,9.895714422931501,10.078968027874701,36671400
2004-04-07,9.839948654174805,9.927591645287988,9.736370159306512,9.903689149501963,45873800
2004-04-08,9.863846778869629,10.023197946572227,9.80010631178859,9.991327713031707,25128300
2004-04-12,9.887748718261719,10.015229645386876,9.816040506792252,9.831976002606028,37987000
2004-04-13,9.808076858520508,9.9196223278147,9.744335613406871,9.903687586421182,34207400
2004-04-14,9.855879783630371,9.935555753493022,9.728398839727218,9.736366588682756,40484800
2004-04-15,9.624820709228516,9.895718104132209,9.545144736663998,9.895718104132209,41139700
2004-04-16,9.553110122680664,9.736364510307782,9.489369664335458,9.696526533880478,37456900
2004-04-19,9.816040992736816,9.816040992736816,9.53717664080688,9.600917107524939,39837500
2004-04-20,9.561079025268555,9.903684600158158,9.553111277051055,9.792138404652027,46891200
2004-04-21,9.616851806640625,9.680592273109202,9.457500640469181,9.553111340172046,39061300
2004-04-22,9.855879783630371,9.959458240513271,9.521241925961416,9.545144412981665,47915400
2004-04-23,9.983359336853027,10.023197316234928,9.839943674862942,9.93555436947175,38928500
2004-04-26,9.808076858520508,10.007266064941874,9.720433121393334,9.943524819828237,35321200
2004-04-27,9.680590629577637,9.879779743435993,9.6407534146829,9.776202072894275,38910400
2004-04-28,9.481404304504395,9.73636696193118,9.377826603497153,9.62482075181656,38196000
2004-04-29,9.106928825378418,9.473436917699193,9.035220604730343,9.457501419845682,86524700
2004-04-30,8.96351146697998,9.202538591402037,8.93960898249166,9.162700610690647,61729600
2004-05-03,9.027252197265625,9.178636376445057,8.923673748312936,9.051154682455845,47395000
2004-05-04,9.04318904876709,9.186604741240613,8.89977259644715,8.97148082260712,66183600
2004-05-05,9.04318904876709,9.242378228168599,9.04318904876709,9.067091537538275,29772000
2004-05-06,9.15473747253418,9.322056467900062,8.963515980643649,8.97148373276742,44245700
2004-05-07,9.083024024963379,9.306116397674815,9.083024024963379,9.138797498064353,39423200
2004-05-10,9.083024024963379,9.12286200293658,8.97147859845389,8.97147859845389,36486800
2004-05-11,9.298148155212402,9.298148155212402,9.106926782934362,9.170667240360375,36158300
2004-05-12,9.234410285949707,9.290183011867555,9.04318886007731,9.202540048304307,42703600
2004-05-13,9.401728630065918,9.441566614569497,9.1627014828908,9.178636980630774,34109400
2004-05-14,9.24238109588623,9.385796832858658,9.130834847266206,9.3539265846596,33566500
2004-05-17,9.051154136657715,9.162700327229508,9.003349169159987,9.08302436827162,49025700
2004-05-18,9.059121131896973,9.18660204776156,9.059121131896973,9.106926855269291,26005300
2004-05-19,8.995380401611328,9.234407491543498,8.995380401611328,9.14676379465554,39327800
2004-05-20,8.947575569152832,9.067089505922723,8.883835106814056,9.067089505922723,35553700
2004-05-21,8.947575569152832,9.075057253676633,8.907738350075784,9.019283779245518,38074300
2004-05-24,9.051154136657715,9.106927611866741,8.987413673429906,9.01928390504381,30700600
2004-05-25,9.162701606750488,9.178637104705874,8.907739718235224,9.011318175406142,44651300
2004-05-26,9.14676570892334,9.162701206182069,8.9874145355677,9.122863222881577,32837400
2004-05-27,9.14676570892334,9.258311910195452,9.05912275353932,9.154733457552704,40369500
2004-05-28,9.083024024963379,9.154732233345896,9.019283564144748,9.098959520091151,30497100
2004-06-01,8.859936714172363,9.011320952008154,8.804163973836335,8.955547451825527,42016100
2004-06-02,8.883838653564453,8.971482394155514,8.828065916713088,8.93961215026237,39112300
2004-06-03,8.740419387817383,8.931640773550411,8.644808694950868,8.891802794894469,53652200
2004-06-04,8.796192169189453,8.907738358308528,8.772289685751883,8.83603014814957,48278700
2004-06-07,9.09896183013916,9.09896183013916,8.867902411048611,8.907740399135896,43849600
2004-06-08,9.234410285949707,9.250345024849205,9.03522111070436,9.09896158599516,49357800
2004-06-09,9.19456958770752,9.337985994745493,9.162699359459767,9.234407562978754,47534000
2004-06-10,9.330018043518066,9.33798579036716,9.186601639619015,9.21847186716923,42342500
2004-06-14,9.202539443969727,9.290182401777425,9.122863475165381,9.258312166224957,41450900
2004-06-15,9.330018043518066,9.449531206869835,9.250342094719446,9.266277588417635,62721200
2004-06-16,9.04318904876709,9.10692952538786,8.947577573989518,9.051156038459872,80914200
2004-06-17,8.875870704650879,9.01928640677028,8.859935204500685,8.979449176087734,41264700
2004-06-18,8.875870704650879,9.043189656995573,8.804162473667944,8.844000464196961,62933800
2004-06-21,8.883838653564453,8.931644399327446,8.851968409671308,8.867903911541156,38332300
2004-06-22,8.859936714172363,8.915709454508393,8.804163973836335,8.851968962739617,55112100
2004-06-23,8.883838653564453,8.931644399327446,8.828065916713088,8.836033667648012,45101400
2004-06-24,9.162701606750488,9.21847432990161,8.875869482170817,8.891804220279838,70678600
2004-06-25,9.401728630065918,9.529209572600287,9.170669231760787,9.210507216264366,88673100
2004-06-28,9.266280174255371,9.441566854619943,9.242377686884048,9.385793370958359,47118600
2004-06-29,9.377823829650879,9.44953127225038,9.226439677855318,9.25830990562604,39040900
2004-06-30,9.505304336547852,9.61684974907915,9.274245005073704,9.369855684320303,62400000
2004-07-01,9.40969467163086,9.529207843610644,9.250342762529526,9.441564901481883,61520000
2004-07-02,9.282215118408203,9.417663816260202,9.258312630506788,9.361891091208104,32076700
2004-07-06,8.923677444458008,9.242380671666954,8.875872454276967,9.20254267328501,61782900
2004-07-07,8.923677444458008,9.019288184666706,8.867904702631254,8.883839446076061,50583800
2004-07-08,8.700581550598145,8.883835191609707,8.652775823464635,8.875868203626002,71465200
2004-07-09,8.788227081298828,8.963513785868379,8.74838909028123,8.788227081298828,47046600
2004-07-12,8.83603286743164,8.947578331032494,8.772292385417872,8.820097367004957,37216900
2004-07-13,8.764324188232422,8.88383739595156,8.764324188232422,8.875870405991009,39466700
2004-07-14,8.597002029418945,8.772288660448234,8.50935909382738,8.72448293931437,79172000
2004-07-15,8.541231155395508,8.764322795617902,8.517327909772652,8.740420309841369,72403300
2004-07-16,8.142853736877441,8.66074529112658,8.134885987465262,8.636842802736448,100621100
2004-07-19,8.230496406555176,8.350009604078524,8.198626169892524,8.270334392345084,54154100
2004-07-20,8.365947723388672,8.397817970036288,8.182693995126535,8.270336983445825,45273400
2004-07-21,8.246429443359375,8.61293743550526,8.230493949861394,8.405780579108423,67054800
2004-07-22,8.254400253295898,8.334076237995511,8.063178801832635,8.254400253295898,34995200
2004-07-23,8.04724407196045,8.214563032184467,7.9914705786547735,8.190659780833533,36626900
2004-07-26,8.031305313110352,8.182689470870315,7.991467336865824,8.063175542136733,42494100
2004-07-27,8.270334243774414,8.357977203060669,8.047242591143535,8.055209580281293,44267700
2004-07-28,8.166755676269531,8.262366383249173,8.007404497970128,8.21456140968253,45714900
2004-07-29,8.270334243774414,8.36594495204479,8.182691284488161,8.23846400768429,41100200
2004-07-30,8.373907089233398,8.381874832877918,8.246426230304523,8.278296445036743,31709700
2004-08-02,8.50139331817627,8.50139331817627,8.230495941913686,8.262366176777146,40242900
2004-08-03,8.413751602172852,8.5093623208531,8.381881362612768,8.421718592178037,44096400
2004-08-04,8.63684368133545,8.74042215469127,8.381881752980494,8.413751994024862,51684300
2004-08-05,8.477493286132812,8.644812257564597,8.397817295985655,8.628876755596544,46577100
2004-08-06,8.118949890136719,8.397815020234649,8.118949890136719,8.31017206270067,38588500
2004-08-09,8.262368202209473,8.342044188823019,8.126919480874356,8.206595467487903,31533900
2004-08-10,8.445622444152832,8.453589434726297,8.214563000899322,8.326108467392842,31955300
2004-08-11,8.118949890136719,8.30220431387585,8.03927468142756,8.278301827247736,43650500
2004-08-12,7.8878912925720215,8.126918462617386,7.7922805765231615,8.03927549620087,56499100
2004-08-13,8.166755676269531,8.190658163052854,7.911793790990487,7.92772852889725,46512000
2004-08-16,8.166755676269531,8.302204367785613,8.126917691733093,8.166755676269531,32335500
2004-08-17,8.19066047668457,8.310174464053235,8.063179498035248,8.198628227811795,40834000
2004-08-18,8.373907089233398,8.38984181667658,8.063171925709876,8.079107412998912,40961900
2004-08-19,8.302204132080078,8.357976852939853,8.238463662569954,8.318138869534442,32090200
2004-08-20,8.21456241607666,8.310173134769897,8.206594666223944,8.278302895205485,24015500
2004-08-23,8.206592559814453,8.278300770390443,8.142852097046074,8.230495043391032,27130700
2004-08-24,8.230496406555176,8.254398894090569,8.087079961650053,8.230496406555176,38644600
2004-08-25,8.286267280578613,8.318137510125215,8.17472185708861,8.246430063530017,29812200
2004-08-26,8.15081787109375,8.302202017507469,8.134883137697965,8.262364044248798,27281500
2004-08-27,8.198629379272461,8.238467380657085,8.150823625641577,8.158791377887837,20328400
2004-08-30,8.055209159851074,8.158787611699443,8.031306673992628,8.12691737727274,33704600
2004-08-31,7.943664073944092,8.079112766266585,7.82415011962323,8.055209519494598,37907800
2004-09-01,8.007405281066895,8.055210259308701,7.919761554546201,7.935697053857756,28920000
2004-09-02,8.198629379272461,8.246435132903343,7.9436673861655525,8.023342629088123,40370000
2004-09-03,7.9914655685424805,8.198622391298134,7.9436606155041165,8.126914201894559,33742000
2004-09-07,8.031305313110352,8.142851494625788,7.951629360621297,8.10301351838126,31732100
2004-09-08,7.856021404266357,7.991470114671507,7.856021404266357,7.919761884475079,47062500
2004-09-09,7.911792755126953,7.983500965934766,7.887889511626845,7.951629974601289,44902800
2004-09-10,8.334073066711426,8.3659432964947,7.9994352740639405,8.063175733630489,66209200
2004-09-13,8.461552619934082,8.525293069211296,8.373909692139437,8.405779916778043,52492300
2004-09-14,8.40578556060791,8.517331041814085,8.334077317063025,8.477493804152795,72170200
2004-09-15,9.027252197265625,9.09099266433708,8.78822506582452,8.836030796051263,135089500
2004-09-16,8.947575569152832,9.083024241584294,8.899770602321874,8.96351106466065,57893500
2004-09-17,9.170668601989746,9.226441320556901,8.947576208028519,8.963511704674163,59258000
2004-09-20,9.083024024963379,9.202537958882983,9.011316576427092,9.043186806836406,40527500
2004-09-21,9.09099292755127,9.306117580030723,9.035220207210518,9.298149831454522,44463000
2004-09-22,8.875870704650879,9.075059897449492,8.844000464196961,8.987416166316361,55341300
2004-09-23,8.80416202545166,8.95554546993929,8.780259536289703,8.891804992276452,40709000
2004-09-24,8.796192169189453,8.931640841746098,8.772289685751883,8.85993263158714,30796100
2004-09-27,8.915706634521484,8.987414855042108,8.708550481718568,8.748387706588817,40616600
2004-09-28,9.051154136657715,9.051154136657715,8.836030263225425,8.955543441816001,45610200
2004-09-29,9.106928825378418,9.178637046026495,8.987414871016172,9.035220604730343,41868100
2004-09-30,8.987418174743652,9.122866916903291,8.955547927167657,9.098964421182956,49604900
2004-10-01,9.481404304504395,9.52124229096293,9.170669681789887,9.282215132058115,69604100
2004-10-04,9.457503318786621,9.70449826618481,9.42563307652684,9.640757781665249,66003300
2004-10-05,9.728398323059082,9.728398323059082,9.425630717445681,9.433598465978058,46999300
2004-10-06,9.752301216125488,9.768236713855805,9.608885535784411,9.672626007012969,44461400
2004-10-07,9.79214096069336,9.895719435019068,9.712464977413127,9.728400478007769,50909000
2004-10-08,9.696529388427734,9.935556557512221,9.577016183808704,9.696529388427734,45517700
2004-10-11,9.720431327819824,9.77620481202235,9.624820617560841,9.696528840216674,25741700
2004-10-12,9.680590629577637,9.744331085224617,9.545141971366261,9.584979946107167,35379900
2004-10-13,9.553110122680664,9.696526533880478,9.505305158844859,9.680591039371077,40599700
2004-10-14,9.561079025268555,9.648721976122186,9.497338559221134,9.505306307438635,28269600
2004-10-15,9.752301216125488,9.760268964990647,9.561079802439817,9.592950038054095,41393100
2004-10-18,9.895720481872559,9.92759072658686,9.640758524158151,9.6805957601661,33181100
2004-10-19,9.808076858520508,9.991330563701835,9.808076858520508,9.9196223278147,44047000
2004-10-20,9.895720481872559,9.895720481872559,9.704499013586753,9.75230400073492,35207600
2004-10-21,9.91164779663086,9.9355510321387,9.784166913306372,9.91164779663086,40699800
2004-10-22,9.808076858520508,9.943524819828237,9.712465370773314,9.903687586421182,33118300
2004-10-25,9.664660453796387,9.8240116680697,9.600919968087062,9.768238933035672,33386800
2004-10-26,9.776206016540527,9.800108507088684,9.648724293975253,9.688562284786496,33466400
2004-10-27,10.031167030334473,10.13474549309179,9.680593654871798,9.688561404279223,43334500
2004-10-28,10.150680541992188,10.174583790944304,9.728399688508345,9.943523610152404,31068300
2004-10-29,10.086942672729492,10.20645666885435,9.999299683448562,10.20645666885435,34619900
2004-11-01,10.158648490905762,10.25425920905036,9.999297293998097,10.134746001331223,27994800
2004-11-02,10.198486328125,10.357837522658148,10.102875611405112,10.16661608921837,40570200
2004-11-03,10.22238540649414,10.357834066614487,10.134742468705873,10.317996091312118,33987500
2004-11-04,10.437514305114746,10.469384546480203,10.222389606013044,10.238325106619019,37692700
2004-11-05,10.493291854858398,10.5809348688874,10.421583588904289,10.453453844900912,34605000
2004-11-08,10.445480346679688,10.517188573199448,10.365805130427171,10.413610108209397,21120600
2004-11-09,10.636706352233887,10.6606088496977,10.413613843082643,10.429549347956316,32825300
2004-11-10,10.660603523254395,10.756214225185596,10.588895306844412,10.628733289277326,40553300
2004-11-11,10.469385147094727,10.580930618349795,10.182552198503904,10.541092624395898,48867000
2004-11-12,10.668570518493652,10.676537506540702,10.333932705437201,10.365802937164183,41742700
2004-11-15,10.365800857543945,10.60482792746507,10.333930632210869,10.596860181170275,35834100
2004-11-16,10.29409408569336,10.389704774928894,10.254256108550333,10.333932062836386,29547200
2004-11-17,10.461416244506836,10.52515672387647,10.31799978600193,10.349870025686748,28451100
2004-11-18,10.333932876586914,10.477348541810446,10.31799738053637,10.44547830955563,25803100
2004-11-19,10.158648490905762,10.485318634528085,10.11084275191024,10.413610405958025,30991800
2004-11-22,10.102869987487793,10.158642684566061,9.967421357572565,10.094902242234895,41035900
2004-11-23,10.11881160736084,10.206455345121382,9.967428143719081,10.039136380124424,27711900
2004-11-24,10.19051742553711,10.24629014735228,10.1267769549351,10.150679441449267,19122000
2004-11-26,10.086942672729492,10.190521165432386,10.071007929154153,10.182553413721404,9101000
2004-11-29,10.102869987487793,10.190512905731643,10.023194054650832,10.063032021069313,32675200
2004-11-30,10.150680541992188,10.2064540297007,10.055069825723002,10.071005325024414,32502200
2004-12-01,10.429542541503906,10.429542541503906,10.086937008775639,10.158645214216085,46113400
2004-12-02,10.317997932434082,10.413608634312633,10.214419482104073,10.278159950023108,27804600
2004-12-03,10.381736755371094,10.445477213190477,10.15067740581428,10.230353358011607,69334000
2004-12-06,10.628732681274414,10.764181357890363,10.325965095888542,10.341899832042392,55786100
2004-12-07,10.405641555786133,10.811986845296921,10.373771322102025,10.644667928493782,41045600
2004-12-08,10.525152206420898,10.692471082913585,10.429541528403096,10.469379500872044,39890300
2004-12-09,10.588895797729492,10.676538755267844,10.365804149547829,10.405642133827572,35971400
2004-12-10,10.580931663513184,10.716380400427866,10.469386181239877,10.485320924487516,32027500
2004-12-13,11.656553268432617,11.847774737644302,10.95540712147653,11.32191531738888,181316700
2004-12-14,11.33784294128418,11.640610457362685,11.298005730095667,11.52109730410495,78544300
2004-12-15,11.226303100585938,11.2980113320344,11.090854387815837,11.26614109137358,73641400
2004-12-16,11.226303100585938,11.290043581907577,11.138659368883829,11.154594869137476,53533600
2004-12-17,11.138655662536621,11.290039825187838,11.090850697375558,11.15459115748779,62424100
2004-12-20,10.819952011108398,11.234265709957217,10.796049531512082,11.15458976484133,53505200
2004-12-21,10.987273216247559,11.07491616657023,10.780116322925293,10.780116322925293,50640900
2004-12-22,10.915568351745605,11.074919564794037,10.875730358521867,10.995244338193082,35878500
2004-12-23,10.86776065826416,10.979306099664909,10.835890423600185,10.86776065826416,20796300
2004-12-27,10.875727653503418,10.979306106184424,10.843857418820518,10.931501134083241,28715500
2004-12-28,11.027112007141113,11.066949991066906,10.81995509860407,10.835890596112923,34572700
2004-12-29,10.931500434875488,11.0510136173304,10.883694705985754,10.939467423151875,42544900
2004-12-30,11.058981895446777,11.106786866781247,10.883695227578976,10.899630724588011,37261100
2004-12-31,10.931500434875488,11.17849454790798,10.899630202231092,11.04304586920773,43515400
2005-01-03,10.684508323669434,11.066951974100382,10.668573583151653,11.058984223918252,60319300
2005-01-04,10.405641555786133,10.740278629546104,10.294095357968605,10.724343892627203,80906400
2005-01-05,10.437514305114746,10.564995270576574,10.365806072080845,10.381740812840329,42548400
2005-01-06,10.533124923706055,10.636703397067917,10.421578700121012,10.461416691390419,55580100
2005-01-07,10.62076473236084,10.716375427014086,10.477348310457845,10.628732480210175,45685800
2005-01-10,10.509223937988281,10.716380929358559,10.493289193954148,10.61280243367342,47571800
2005-01-11,10.51718807220459,10.668572267611976,10.405642622795341,10.429545110547839,63973000
2005-01-12,10.740278244018555,10.748245992115152,10.549056848777898,10.564992344971092,53420800
2005-01-13,10.740278244018555,10.891662418468785,10.628732810051313,10.660603042591422,56987700
2005-01-14,10.859793663024902,10.963372122830066,10.748247454039406,10.804020938455345,42509100
2005-01-18,10.979305267333984,11.074915964077752,10.772149137645625,10.827921854117921,60758900
2005-01-19,10.73231029510498,10.99523987998728,10.716374800338192,10.883693696158403,51115100
2005-01-20,10.580931663513184,10.899634886778687,10.580931663513184,10.708412648880742,45253200
2005-01-21,10.604833602905273,10.748249313733544,10.580930351228465,10.636703845294502,40716100
2005-01-24,10.549059867858887,10.756216818579881,10.525157376574617,10.644670592842461,37540700
2005-01-25,10.827923774719238,10.947436976886015,10.724345311579707,10.748247800043782,48682500
2005-01-26,10.851825714111328,11.16256108780758,10.843857965077646,11.122723102485542,78543500
2005-01-27,11.130692481994629,11.138659472348984,10.7562165808667,10.891665294894961,61917900
2005-01-28,10.899629592895508,11.114753461257267,10.796051152630127,11.082883230394552,47465300
2005-01-31,10.97133731842041,11.066948006791756,10.859791135397403,10.97133731842041,38555200
2005-02-01,10.875727653503418,10.96337136876614,10.819954932769926,10.939468122869217,43567600
2005-02-02,10.804021835327148,10.915567293725958,10.716378106760716,10.891664804047133,42057200
2005-02-03,10.628732681274414,10.796051590044335,10.58092695312032,10.732311125736391,39310700
2005-02-04,10.88369369506836,10.915563924752531,10.596861627910819,10.604829375293415,35832700
2005-02-07,10.796051979064941,10.843856949095349,10.684505782583493,10.811986715792978,43465100
2005-02-08,10.73231029510498,10.835888731550464,10.724342547721587,10.796050754479706,28869900
2005-02-09,10.493291854858398,10.74028614887051,10.477356346936668,10.68451339083813,42305100
2005-02-10,10.469385147094727,10.549060375155985,10.373774417513298,10.525157882722262,41274700
2005-02-11,10.636706352233887,10.668576602134536,10.365808848155016,10.445484092983294,50626000
2005-02-14,10.604833602905273,10.660606337124795,10.541092358280302,10.56499560995711,34744600
2005-02-15,10.588895797729492,10.724344488372804,10.564993311100187,10.628733782009235,43226900
2005-02-16,10.62076473236084,10.724343174863419,10.541088773560007,10.549056521409343,28360700
2005-02-17,10.325966835021973,10.660604708922634,10.270194109320663,10.596864233879307,44724400
2005-02-18,10.310029983520508,10.349867965156896,10.23035478009403,10.333933228410121,34769400
2005-02-22,10.086942672729492,10.254261659426994,10.071007929154153,10.166618670146065,50815200
2005-02-23,10.317997932434082,10.3498681663936,10.03116582679843,10.142711265733583,40930600
2005-02-24,10.365800857543945,10.453443787248379,10.222384463622049,10.230352209916845,39114400
2005-02-25,10.461416244506836,10.469383994389652,10.325967535884748,10.389708015254383,29254000
2005-02-28,10.317997932434082,10.557025067053615,10.286127698474566,10.42157638276409,37646400
2005-03-01,10.477355003356934,10.549063260115425,10.34190624277906,10.38174424762786,47027400
2005-03-02,10.397673606872559,10.517186790921436,10.214419196838483,10.381738110414686,49438200
2005-03-03,10.429542541503906,10.49328299970737,10.325964106961727,10.421574794266924,35449800
2005-03-04,10.580931663513184,10.724348151974992,10.501256427581765,10.533126673923656,55955700
2005-03-07,10.83588981628418,10.963370747795192,10.628732922655638,10.652635407352381,54894700
2005-03-08,10.851825714111328,10.995242157332116,10.827923226856655,10.835890975890335,38824300
2005-03-09,10.636706352233887,10.86776585397527,10.604836102333236,10.708413844625328,38544700
2005-03-10,10.564992904663086,10.692473841576966,10.533122670434617,10.6446681103111,28878100
2005-03-11,10.429542541503906,10.660601892453013,10.35783433606346,10.620763916114297,36704200
2005-03-14,10.477355003356934,10.557031013054534,10.365809501596386,10.437517758354877,30111500
2005-03-15,10.477355003356934,10.588901264964225,10.445484751447243,10.57296651893275,34154200
2005-03-16,10.37376880645752,10.525152189784901,10.278157368744717,10.389703539512238,44721200
2005-03-17,10.485318183898926,10.628734634875414,10.349869482387,10.365804981316126,43835700
2005-03-18,9.991324424743652,10.36580011548417,9.967421947416486,10.310026655259376,153018100
2005-03-21,10.078970909118652,10.110841143430118,9.895717251789302,10.039133686114061,57215900
2005-03-22,9.951491355895996,10.150680538006867,9.871816138959504,10.102875559814258,50698700
2005-03-23,9.967427253723145,10.031167733759473,9.752302563715693,9.816043043752021,69699700
2005-03-24,9.87978458404541,9.999298566824109,9.847914340607065,9.983363065181665,34531200
2005-03-28,9.9036865234375,10.023199730524105,9.768237816821246,9.879783274143028,35841500
2005-03-29,9.784174919128418,9.975397160427203,9.744336920530895,9.871818668012292,35637300
2005-03-30,9.943522453308105,10.063036404624977,9.816041513113849,9.831977010561301,35214200
2005-03-31,9.943522453308105,10.09490663967354,9.911652218259542,9.93555546443072,32835900
2005-04-01,9.983359336853027,10.134743506535,9.975392348853653,10.007262580389922,38333200
2005-04-04,10.110840797424316,10.142711030645144,9.991327612807792,10.015230097761837,48303100
2005-04-05,9.919622421264648,10.118811629562519,9.863849686092134,10.07897363593364,42466000
2005-04-06,9.863846778869629,10.007263209725119,9.816041048635697,9.887749264063443,30283800
2005-04-07,9.919622421264648,9.943524913503365,9.784173698834374,9.855881935397052,40822100
2005-04-08,9.84791374206543,9.983362458407658,9.824011250901064,9.895719484240654,38601300
2005-04-11,9.87978458404541,9.895720085687852,9.80807710619404,9.855882091428287,24216700
2005-04-12,9.951491355895996,9.983361594639879,9.831978150568045,9.839945900215621,41508400
2005-04-13,9.768235206604004,9.951488843148235,9.696526997574962,9.879780634119193,34983000
2005-04-14,9.632787704467773,9.847911597799373,9.608885218507892,9.792138877277537,49235100
2005-04-15,9.322053909301758,9.537178598518928,9.290183669400673,9.513275348708271,62108300
2005-04-18,9.401728630065918,9.537177321470272,9.298150174295156,9.330020409928746,42602500
2005-04-19,9.465466499328613,9.5292069530739,9.314082351798952,9.481401232841861,48096200
2005-04-20,9.38579273223877,9.584981886419493,9.34595474943336,9.465468697849587,55428000
2005-04-21,9.696529388427734,9.720431877382255,9.489372457898085,9.505307957098715,51078800
2005-04-22,9.49733829498291,9.696527435800762,9.425630082713079,9.656689455667937,43471400
2005-04-25,9.616851806640625,9.648722039874913,9.497338621973617,9.505306370243762,32411300
2005-04-26,9.465466499328613,9.800104261414434,9.441564019135667,9.56107717994654,30723400
2005-04-27,9.481404304504395,9.561080277421464,9.409696840694702,9.42563157937028,26514600
2005-04-28,9.258310317993164,9.481401922324775,9.202537606871811,9.449531693134546,39434000
2005-04-29,9.210508346557617,9.30611906519153,8.96351342020184,9.298151315343759,41386100
2005-05-02,9.24238109588623,9.306121592284343,9.17067284747669,9.218477839851948,27176700
2005-05-03,9.234410285949707,9.345955737785404,9.170669810658907,9.186604549558407,39877600
2005-05-04,9.337986946105957,9.457500124249567,9.266278735281288,9.282213471105518,37634100
2005-05-05,9.290180206298828,9.377823903240701,9.210505016169874,9.330018181286391,44792300
2005-05-06,9.369856834411621,9.401727064739026,9.298148626213404,9.337986604084216,27731800
2005-05-09,9.361889839172363,9.441565801316601,9.314084109916564,9.353922090988682,28091400
2005-05-10,9.17863655090332,9.337987721610743,9.154733305412469,9.226441522192388,36598000
2005-05-11,9.322053909301758,9.369859649076615,9.14676720992256,9.226443189598502,32542900
2005-05-12,9.473437309265137,9.577015770055084,9.274248136941326,9.290182875607107,62649000
2005-05-13,9.84791374206543,9.871816993076289,9.489373335213969,9.497341085550923,69496400
2005-05-16,9.839948654174805,9.919623893410433,9.760272655092535,9.76824040697009,41887000
2005-05-17,9.728398323059082,9.784171043093071,9.545143906046038,9.768236305874641,61633100
2005-05-18,9.824007987976074,9.903683945189217,9.664656833396032,9.72839729522805,44940000
2005-05-19,9.9036865234375,10.07100546926661,9.839946045011786,9.847913034930171,40463700
2005-05-20,9.999296188354492,10.07100440899562,9.879782234003825,9.919620218787381,25230900
2005-05-23,10.11881160736084,10.174585102257511,10.039136380124424,10.055071121633096,47390500
2005-05-24,10.198486328125,10.246291306561728,10.071005372498483,10.086940112028582,43792600
2005-05-25,10.158648490905762,10.190518730287295,10.047102273147175,10.134746001331223,32280900
2005-05-26,10.29409408569336,10.34189905038802,10.174580914110495,10.214418131407308,31827400
2005-05-27,10.238323211669922,10.278160436118645,10.190517478546564,10.246290200651856,21594400
2005-05-31,10.198486328125,10.254259056249994,10.110842601246945,10.174583838906637,28423900
2005-06-01,10.270190238952637,10.333930689975082,10.174579562418968,10.190514295251523,33329000
2005-06-02,10.341897010803223,10.349864756629707,10.230351608616715,10.262221832076584,33375700
2005-06-03,10.031167030334473,10.325966919791574,9.999296792551174,10.317999170384148,49038900
2005-06-06,10.078970909118652,10.13474438904846,9.999295703263149,10.01523044049572,29298000
2005-06-07,10.031167030334473,10.198485968658384,10.0072645419586,10.071005017525195,34230100
2005-06-08,10.094907760620117,10.158648237795038,10.039135033053666,10.063037522032657,35934900
2005-06-09,10.094907760620117,10.142712738578096,10.023199533836724,10.063037522032657,30027400
2005-06-10,10.071005821228027,10.2383247729046,9.99929759053143,10.078972811424842,28917900
2005-06-13,10.039134979248047,10.190518421765526,10.007264740831397,10.023199480116512,29601000
2005-06-14,9.943522453308105,10.071004153348703,9.89571748065843,10.015230672128961,36616900
2005-06-15,10.055066108703613,10.118806562653704,9.800104292903253,10.023195881728569,42236600
2005-06-16,9.927584648132324,10.063033295197343,9.83994171879159,10.007260591057431,40706600
2005-06-17,9.831978797912598,10.07100598415265,9.784173056725995,10.039135743310409,58512100
2005-06-20,9.887748718261719,9.999294909419362,9.784170275010963,9.800105770824738,34560100
2005-06-21,9.999296188354492,10.031166424212065,9.855879747072235,9.879782234003825,25868700
2005-06-22,10.063036918640137,10.118809642862383,9.959458459479979,10.039134431094372,31376000
2005-06-23,9.967427253723145,10.230356923834613,9.943524003824677,10.063037973777636,40990400
2005-06-24,9.95946216583252,10.08694315997971,9.88775391666306,10.031170415001979,34563900
2005-06-27,9.991324424743652,10.063032616571203,9.959454201692079,9.959454201692079,29560700
2005-06-28,10.22238540649414,10.294093610069169,10.015228542798768,10.031164036858186,49229600
2005-06-29,10.81198787689209,10.987274558802316,10.54109048480712,10.732312665002992,155754700
2005-06-30,10.51718807220459,10.859793689324732,10.485317835252463,10.80402096462011,73638100
2005-07-01,10.588895797729492,10.676538755267844,10.525155326820446,10.668571766288975,40126400
2005-07-05,10.57296371459961,10.604833958056156,10.349871250557236,10.557028212948065,43866000
2005-07-06,10.612797737121582,10.883695104439681,10.525154784102442,10.541089521084873,60319100
2005-07-07,10.588895797729492,10.636701530834452,10.509219829170009,10.541090064624532,50565700
2005-07-08,10.804021835327148,10.811988825322459,10.564994658999568,10.580929398836636,36333200
2005-07-11,10.92353630065918,10.947438793088725,10.788087577147525,10.811990069577071,37520900
2005-07-12,10.995240211486816,11.066948420406893,10.85182379364666,10.883694024294892,30736600
2005-07-13,11.122720718383789,11.154590947840916,10.923531594315202,10.963369571098161,34444700
2005-07-14,11.19443130493164,11.234269290185479,11.043047112936334,11.138657821637722,45097400
2005-07-15,11.186464309692383,11.242237036898084,11.138658572197196,11.170529570424934,43579300
2005-07-18,11.074914932250977,11.146623138089467,11.074914932250977,11.122720656092037,41776800
2005-07-19,11.106786727905273,11.560938508982074,10.95540330744388,11.138656961678532,36381100
2005-07-20,11.178494453430176,11.21833243386054,10.979305311124632,10.98727305917996,33567000
2005-07-21,10.931500434875488,11.194430044153318,10.788084008052568,11.11475408261919,41179300
2005-07-22,10.995240211486816,11.027110442135047,10.811985815374815,10.891661771918509,27661200
2005-07-25,10.987273216247559,11.07491616657023,10.92353275058629,10.995240964416789,18455700
2005-07-26,10.987273216247559,11.122721895739325,10.963370731586155,10.995240964416789,24798000
2005-07-27,11.027112007141113,11.114754963900781,10.915565804118165,11.066949991066906,22664400
2005-07-28,11.035076141357422,11.074913352388197,10.923529974871409,11.04304312765592,18985900
2005-07-29,10.81198787689209,11.043047283109322,10.81198787689209,11.01914479552723,27162200
2005-08-01,10.772148132324219,10.907596036852373,10.716374661210763,10.891661302138674,25341800
2005-08-02,10.819952011108398,10.907594942858974,10.708405839915379,10.772147051915766,28944700
2005-08-03,10.660603523254395,10.772149722097287,10.588895306844412,10.756214225185596,31846100
2005-08-04,10.596864700317383,10.660605178166348,10.525156472775688,10.557026711700171,30788400
2005-08-05,10.580931663513184,10.644672156196963,10.469386181239877,10.572964671812668,25542900
2005-08-08,10.588895797729492,10.69247425291828,10.55702556227497,10.628733782009235,24940300
2005-08-09,10.644668579101562,10.708409050365628,10.59686360557669,10.620766092339126,21887400
2005-08-10,10.636706352233887,10.811992346764113,10.5968683498964,10.6606088496977,29897300
2005-08-11,10.652637481689453,10.732313459321903,10.564994514170909,10.62076724260576,25785900
2005-08-12,10.596864700317383,10.644669678780891,10.51718872308296,10.612799439856408,31991200
2005-08-15,10.588895797729492,10.660604017463758,10.533123075645664,10.564993311100187,37981700
2005-08-16,10.596864700317383,10.636702688934594,10.557026711700171,10.5649944613929,32583500
2005-08-17,10.549059867858887,10.620768101558191,10.469384643629157,10.580930109520079,29401000
2005-08-18,10.429542541503906,10.572958952384798,10.389704565165191,10.517185481572119,28469400
2005-08-19,10.413609504699707,10.533123461921809,10.405642515428669,10.469382988675239,22327200
2005-08-22,10.429542541503906,10.517185481572119,10.349866588826478,10.405640059639158,22938400
2005-08-23,10.437514305114746,10.50125478784566,10.325968080412402,10.405644063749289,26582100
2005-08-24,10.317997932434082,10.453446616723607,10.25425746451505,10.413608634312633,34968300
2005-08-25,10.333932876586914,10.405641089121817,10.294094896306827,10.333932876586914,23002700
2005-08-26,10.278162002563477,10.357837983296653,10.214421521915522,10.317999992930064,21404700
2005-08-29,10.421578407287598,10.493286637588321,10.222389216384018,10.230356966383312,24065700
2005-08-30,10.381736755371094,10.413606984280786,10.230353358011607,10.365802020839345,24651900
2005-08-31,10.349868774414062,10.38173901024585,10.214420082167376,10.357836523333598,41226700
2005-09-01,10.604833602905273,10.67654107839615,10.294098169725412,10.31003291099677,48010000
2005-09-02,10.668570518493652,10.804019193294897,10.63670028676667,10.64466727481372,30062900
2005-09-06,10.804021835327148,10.851826814684797,10.668573127403068,10.700443366923649,21904000
2005-09-07,10.684508323669434,10.81995703737972,10.620767841905355,10.75621655561564,21709400
2005-09-08,10.652637481689453,10.780118438024223,10.564994514170909,10.74824819894053,21637400
2005-09-09,10.580931663513184,10.74028289522263,10.357839939119959,10.724348151974992,26508800
2005-09-12,10.748245239257812,10.756212986796312,10.580926340180465,10.748245239257812,63897300
2005-09-13,10.86776065826416,11.154592770239937,10.724344222353107,10.740278959761929,52205500
2005-09-14,10.70841121673584,10.955406162737289,10.70841121673584,10.89963342905969,42778400
2005-09-15,10.652637481689453,10.780118438024223,10.57296226390344,10.764183698405596,35539600
2005-09-16,10.557024955749512,10.73231162060194,10.453446506511543,10.700441386978436,139633800
2005-09-19,10.588895797729492,10.668571766288975,10.469382604736618,10.580928048904275,34865300
2005-09-20,10.676539421081543,10.81198812017175,10.57296171927976,10.612798946197493,50218900
2005-09-21,10.588895797729492,10.732312237198022,10.493285091365923,10.69247425291828,41807500
2005-09-22,10.772148132324219,10.851823325585121,10.525153285569154,10.612796226110007,50974700
2005-09-23,9.919622421264648,10.039136402151287,9.76823895729074,9.991330657827326,171863900
2005-09-26,9.87978458404541,9.999298566824109,9.816044097168719,9.983363065181665,59122300
2005-09-27,9.824007987976074,9.927586428414662,9.792137757060065,9.903683945189217,37175600
2005-09-28,9.712462425231934,9.831976368747144,9.704495436874618,9.824008620543538,44322900
2005-09-29,9.816040992736816,9.839944237640815,9.561079125864577,9.712462544358395,52676000
2005-09-30,9.87978458404541,9.999298566824109,9.76027136111325,9.800109355372818,47203900
2005-10-03,9.863846778869629,10.01523019822552,9.855879030522923,9.895717012410149,29586900
2005-10-04,9.752301216125488,9.919620143062039,9.672626007012969,9.86384742069864,41009900
2005-10-05,9.696529388427734,9.760269865537408,9.584983173562595,9.736367376582887,34813500
2005-10-06,9.584983825683594,9.784173020164904,9.481405353371736,9.712464788576195,45171900
2005-10-07,9.545143127441406,9.640754582338177,9.441565444354714,9.616851338690854,39090400
2005-10-10,9.569046020507812,9.616850986358509,9.441565098444313,9.537175789991938,29861900
2005-10-11,9.624820709228516,9.728399169623833,9.553112485889727,9.569047984341186,45667300
2005-10-12,9.561079025268555,9.760268171628317,9.561079025268555,9.608884754727267,38115600
2005-10-13,9.624820709228516,9.736366918849562,9.537177747284657,9.553112485889727,27465200
2005-10-14,9.808076858520508,9.839947101154065,9.608887652099142,9.672628137366258,32795600
2005-10-17,9.863846778869629,10.031165694918933,9.728398096360845,9.784170815095178,39140000
2005-10-18,9.855879783630371,9.935555753493022,9.816041798699045,9.824009547654583,25834800
2005-10-19,9.712462425231934,10.031165514759538,9.529208775626751,9.816040872339933,58423300
2005-10-20,9.672624588012695,9.887748456888232,9.648721344923892,9.792137764071745,47209000
2005-10-21,9.768235206604004,9.863845898693981,9.704494745210685,9.728397228271621,35759000
2005-10-24,10.214418411254883,10.238321654103311,9.808073160832647,9.863845874453178,57706100
2005-10-25,10.333932876586914,10.397673341096544,10.118808238982208,10.142710723211751,51784400
2005-10-26,10.086942672729492,10.341904648707924,10.015234427023902,10.238326915851655,43585600
2005-10-27,9.919622421264648,10.142714121801236,9.911654670569567,10.039136402151287,29631200
2005-10-28,10.126775741577148,10.174581468723899,9.943521340668571,10.007262563479657,33849500
2005-10-31,10.102869987487793,10.182545160478746,10.015226309397935,10.0789667517291,41947800
2005-11-01,10.14271354675293,10.24629202037695,10.023200332488704,10.023200332488704,24436100
2005-11-02,9.943522453308105,10.086938890949815,9.800106775512738,10.023198420852687,50044000
2005-11-03,9.720431327819824,9.88775026073464,9.361890974387045,9.879782511584796,111121100
2005-11-04,10.047101974487305,10.07100522319774,9.696529351711556,9.7044971012817,44196600
2005-11-07,10.047101974487305,10.07100522319774,9.919621020750668,10.031167235193436,29100600
2005-11-08,10.055066108703613,10.07896858897336,9.95148768107318,9.999293401458822,25869100
2005-11-09,9.967427253723145,10.05507022381148,9.943524003824677,10.007265243707463,23907100
2005-11-10,10.11881160736084,10.12677935803844,9.863849664449868,9.951492642363883,31650400
2005-11-11,10.206452369689941,10.38173827441783,10.078970675551972,10.118808657479693,30479200
2005-11-14,10.214418411254883,10.310029103109892,10.158645697634352,10.182548180636545,23442500
2005-11-15,10.094907760620117,10.19848622599097,10.039135033053666,10.142712738578096,27329000
2005-11-16,9.951491355895996,10.063037571422798,9.887750878408232,10.05506982177522,31078200
2005-11-17,10.047101974487305,10.063037473627595,9.863848293452495,9.919621020750668,42275000
2005-11-18,10.055066108703613,10.21441724357884,10.015228135023271,10.198482510014392,33066200
2005-11-21,9.91164779663086,10.078966645955749,9.831972624476055,9.983355983462383,41774600
2005-11-22,9.87181282043457,9.951488010587317,9.808072364373903,9.824007098465984,46235900
2005-11-23,10.071005821228027,10.094908311511405,9.831978638854858,9.83994638889814,34181400
2005-11-25,10.047101974487305,10.174583688070362,10.039134984763582,10.094907712061755,7851700
2005-11-28,9.991324424743652,10.039130139244037,9.935551724364913,10.031162393519631,23031900
2005-11-29,10.14271354675293,10.198487038609855,10.01523258224536,10.023200332488704,28170600
2005-11-30,10.039134979248047,10.206453920897061,10.007264740831397,10.126777944932227,34494400
2005-12-01,10.246291160583496,10.29409689818557,10.094907717895365,10.102875467470113,30461000
2005-12-02,10.166614532470703,10.317997954135224,10.142711287066057,10.310030205667008,28696700
2005-12-05,9.967427253723145,10.150680943865973,9.89571902372066,10.13474620378012,44188500
2005-12-06,9.975393295288086,10.063036250366554,9.895717328964876,9.991328032644931,31834600
2005-12-07,9.967427253723145,10.023199983793317,9.847913283770184,9.9753950036893,40344700
2005-12-08,9.91164779663086,9.975388998139103,9.74432894730597,9.959453507800543,74267000
2005-12-09,9.95946216583252,10.023202662906115,9.90368942085479,9.90368942085479,44904200
2005-12-12,10.230352401733398,10.246287134775654,9.959455101399941,9.96742284784413,47509200
2005-12-13,10.22238540649414,10.24628788773709,10.039131783887896,10.118806974646454,40282800
2005-12-14,10.206452369689941,10.278159825344275,10.10287392061639,10.214419358198443,36832500
2005-12-15,10.22238540649414,10.238320900553559,10.071002012160555,10.126774721676163,39606200
2005-12-16,10.110840797424316,10.142711030645144,9.553111336136705,9.991327612807792,203707200
2005-12-19,9.816040992736816,10.055068122852692,9.784170759377787,9.999295404435964,88450900
2005-12-20,9.784174919128418,9.895721163232157,9.760272423908553,9.871818668012292,88569800
2005-12-21,9.704498291015625,9.816043759287014,9.672628048674298,9.816043759287014,42154200
2005-12-22,9.816040992736816,9.89571695605754,9.680592310999364,9.688560059300697,64662200
2005-12-23,9.831978797912598,9.967427511453746,9.808076307242535,9.86384903875484,28028200
2005-12-27,9.839948654174805,9.887753645746853,9.75230490321498,9.824013150419693,20909100
2005-12-28,9.784174919128418,9.911655906763192,9.776207927286212,9.839948421103598,21423600
2005-12-29,9.79214096069336,9.84791369308163,9.744335218755921,9.776206219945207,21138100
2005-12-30,9.728398323059082,9.879781745942621,9.688560340243523,9.728398323059082,22598000
2006-01-03,10.039134979248047,10.198486171331293,9.736367334366665,9.744334324086013,56073800
2006-01-04,10.055066108703613,10.182547016603795,9.991325654753524,10.00726114816412,56412300
2006-01-05,10.19051742553711,10.29409588022696,10.039133997818924,10.055068735546254,52657100
2006-01-06,10.453449249267578,10.47735174079512,10.15864932093954,10.198487313383113,95067600
2006-01-09,10.262225151062012,10.429544068301741,10.190516935124084,10.365803600767208,48177800
2006-01-10,10.055066108703613,10.20645025671969,10.047098361998316,10.20645025671969,43903600
2006-01-11,10.039134979248047,10.102875456081344,9.93555651443233,10.071005217664696,60810100
2006-01-12,9.975393295288086,10.150679205445025,9.943522300881739,10.142711456843438,43749300
2006-01-13,9.967427253723145,9.991329743775152,9.85588103373634,9.951491753790833,33247500
2006-01-17,9.91164779663086,9.991323728631663,9.879777575799737,9.927583286969421,22593700
2006-01-18,9.831978797912598,9.87181678892702,9.744335065711574,9.85588128858266,44744000
2006-01-19,9.975393295288086,10.039133764408124,9.919619814923307,9.93555531212648,41646400
2006-01-20,9.79214096069336,9.983362408750132,9.768238469647885,9.943524417110014,53853200
2006-01-23,9.800105094909668,9.959456242825636,9.72839688838593,9.808072842267018,36996200
2006-01-24,9.720431327819824,9.871815522281333,9.712463578669981,9.839945285528339,48399500
2006-01-25,9.967427253723145,10.007265243707463,9.831978543684333,9.87978352378835,92994900
2006-01-26,9.91164779663086,10.039129439801346,9.887745320969017,10.007259218970225,63482400
2006-01-27,9.887748718261719,9.983359413605587,9.871813982294205,9.919618950043008,61590500
2006-01-30,10.047101974487305,10.078972212921464,9.784172317443888,9.895718531886654,62092100
2006-01-31,10.015231132507324,10.031166630687297,9.887750186453045,10.007264143263713,53373600
2006-02-01,10.02319622039795,10.078968929527221,9.871812827112993,9.887747561215855,54206000
2006-02-02,9.87181282043457,10.023196213617112,9.84790957952719,9.991325985586778,41926000
2006-02-03,9.728398323059082,9.863847008724191,9.704495837308276,9.800106540157824,63619900
2006-02-06,9.760272026062012,9.792142271671617,9.60888854937804,9.736369531816457,61768000
2006-02-07,9.855879783630371,9.871815281541446,9.728398839727218,9.74433357779193,51162700
2006-02-08,10.015231132507324,10.063036867200866,9.91165267387663,9.91165267387663,54270900
2006-02-09,10.110840797424316,10.198484508666311,9.92758714636614,10.007263109341354,107351900
2006-02-10,10.110840797424316,10.198484508666311,10.007263109341354,10.023197846028618,59674100
2006-02-13,9.951491355895996,10.134745798558141,9.879783128760653,10.071005321070375,37636000
2006-02-14,9.87978458404541,9.95149282174332,9.839947349632384,9.9435250709221,47912300
2006-02-15,9.887748718261719,9.959456929731186,9.839943750512916,9.85587848648043,37630400
2006-02-16,9.91164779663086,9.951485762631261,9.847907354968616,9.895713066138299,29399100
2006-02-17,9.87978458404541,9.911654827483755,9.816044097168719,9.863849842249508,35536000
2006-02-21,9.831978797912598,9.86384903875484,9.760270566055935,9.839946548084777,41343600
2006-02-22,9.943522453308105,9.951490202031833,9.784171278065285,9.847911748162414,40641000
2006-02-23,9.87978458404541,9.991330816002886,9.87978458404541,9.911654827483755,39913300
2006-02-24,9.927584648132324,9.951487127071413,9.86384419773068,9.871811943992412,31299300
2006-02-27,9.927584648132324,9.967422619594878,9.847908705207216,9.91164915560886,38585600
2006-02-28,9.895720481872559,10.023201460729762,9.871817988298476,9.895720481872559,43399200
2006-03-01,10.206452369689941,10.222387106553247,9.951489741260307,9.951489741260307,72471500
2006-03-02,10.198486328125,10.29409704484489,10.102875611405112,10.158648339530107,63229200
2006-03-03,10.19051742553711,10.302063629013798,10.047100986759416,10.063036484333091,52363900
2006-03-06,10.17458438873291,10.32596784175843,10.142713388257565,10.158648888495238,48553100
2006-03-07,10.262225151062012,10.29409538482928,10.134744215992944,10.150678952953422,36177700
2006-03-08,10.246291160583496,10.317999387063397,10.158648194800517,10.206453932402592,38942500
2006-03-09,10.230352401733398,10.357833305455937,10.214416908845019,10.27815736070629,48773800
2006-03-10,10.278162002563477,10.357837983296653,10.230357022000744,10.262227262324721,38438000
2006-03-13,10.278162002563477,10.317999992930064,10.238324772043354,10.294097502648698,24297100
2006-03-14,10.325966835021973,10.341901573859605,10.254258610636631,10.286128848158295,44498300
2006-03-15,10.549059867858887,10.612800351181269,10.27816243381551,10.3100326754767,76106900
2006-03-16,10.756214141845703,10.788084375575837,10.572960487859003,10.628733206925162,81957200
2006-03-17,10.83588981628418,10.931500514917438,10.692473388411145,10.788084087044405,70639000
2006-03-20,10.931500434875488,11.0510136173304,10.811986492574293,10.883694705985754,123796300
2006-03-21,10.851825714111328,11.074917368129823,10.533123351227765,10.628734060092834,144515800
2006-03-22,11.146624565124512,11.154592313425786,10.796051998177788,10.811986734934035,83106300
2006-03-23,10.995240211486816,11.146623617104352,10.939466737967736,11.082883155807892,51106100
2006-03-24,10.987273216247559,11.019143449078193,10.93150049875552,10.979305468078328,35174400
2006-03-27,11.027112007141113,11.106787215146355,10.97133928555281,11.019144258386687,36646600
2006-03-28,10.827923774719238,11.0350807009983,10.811988275845584,11.019145202124644,47533800
2006-03-29,10.931500434875488,11.003208648286948,10.700441058242053,10.827921988819634,55889400
2006-03-30,10.979305267333984,11.035078743652553,10.867759834389393,10.931500298885236,50501000
2006-03-31,10.907598495483398,11.035080201159067,10.907598495483398,10.923533993635248,33305800
2006-04-03,10.987273216247559,11.043045933739597,10.955402983416924,10.955402983416924,26912300
2006-04-04,11.027112007141113,11.082884728729416,10.979306274460894,11.011176509632259,30831800
2006-04-05,11.114755630493164,11.154593616808185,11.00321018062677,11.011177170012663,70984700
2006-04-06,10.995240211486816,11.122721134079738,10.947434485591353,11.122721134079738,32788400
2006-04-07,10.955402374267578,11.082883298501839,10.931499890935216,11.019142836384708,29517200
2006-04-10,11.019144058227539,11.035079555446929,10.85182513665558,10.939468091823242,28928600
2006-04-11,11.027112007141113,11.154592947826574,10.93150130162702,11.019144258386687,44219500
2006-04-12,10.979305267333984,11.074915964077752,10.939467287062513,11.027110995629004,29217300
2006-04-13,10.899629592895508,10.971337802298175,10.883694097541031,10.955402306943698,29693900
2006-04-17,10.947439193725586,11.019147433485024,10.875730953966148,10.883698705016434,28970700
2006-04-18,11.154592514038086,11.162560262482657,10.907597631180579,10.91556537962515,41113900
2006-04-19,11.401595115661621,11.425497617330775,11.003216541890517,11.02711904355967,58050400
2006-04-20,11.274110794067383,11.40159254722769,11.234273553541861,11.282078546111151,32815300
2006-04-21,11.377686500549316,11.513135212685919,11.274108028924475,11.282075779014033,56187800
2006-04-24,11.537035942077637,11.688420131285845,11.305976543675005,11.337846779322046,61354000
2006-04-25,11.672483444213867,11.815899869935832,11.592808243137657,11.600775991199162,58690000
2006-04-26,11.72825813293457,11.744192870858184,11.64858216377743,11.712322635164599,47345900
2006-04-27,11.895578384399414,12.118670059087126,11.592810731685729,11.696389199180919,108692600
2006-04-28,11.624676704406738,11.911508752302783,11.568903996166268,11.863703790909856,67677500
2006-05-01,11.616713523864746,11.91948118446799,11.497200313557935,11.640616013956818,41422900
2006-05-02,11.497198104858398,11.616711292205814,11.45736012246049,11.60077655515444,29045900
2006-05-03,11.409551620483398,11.545000271830991,11.210362516718835,11.449389593205536,40839600
2006-05-04,11.385653495788574,11.529069948506457,11.321913018990942,11.457361722147516,21837400
2006-05-05,11.51313304901123,11.608743752578299,11.377684362329637,11.393619859513977,26398600
2006-05-08,11.33784294128418,11.592805499998029,11.290037983919525,11.497194825422623,29683000
2006-05-09,11.24223518371582,11.377683864470518,11.194430213947276,11.329878894701974,21975400
2006-05-10,11.34581470489502,11.44939316232262,11.20239902217296,11.210366011324032,23581800
2006-05-11,11.082884788513184,11.377684655400119,10.99524183128075,11.30597643591615,31474100
2006-05-12,11.138655662536621,11.32987780271954,10.788083131919342,10.947434282199923,39924500
2006-05-15,11.130692481994629,11.178497463506675,10.995243767966368,11.01914625872239,26079100
2006-05-16,11.305976867675781,11.329880114980835,11.051014975192892,11.082885211753252,42273300
2006-05-17,11.035076141357422,11.24223222219417,10.955400199603686,11.218329743606485,47984500
2006-05-18,10.97133731842041,11.146623200511442,10.580926057762989,11.09881823624887,46897500
2006-05-19,10.915568351745605,11.098822816636192,10.804022882534964,10.84386011591218,46390200
2006-05-22,10.796051979064941,10.931500660561595,10.756213997475403,10.780116482490607,29426200
2006-05-23,10.73231029510498,10.867758961237827,10.708407052954799,10.804018501863101,27182500
2006-05-24,10.979305267333984,11.051013479853378,10.644667448807661,10.660602944854759,32985200
2006-05-25,11.210367202758789,11.242237442289337,10.915567297139612,10.963373036358657,37154800
2006-05-26,11.19443130493164,11.29800976265307,11.090852847210211,11.19443130493164,18672500
2006-05-30,11.170527458190918,11.305975375814869,11.058981265025356,11.154591962090292,26323900
2006-05-31,11.329880714416504,11.353783203139802,11.130691535414051,11.162561773660588,34272800
2006-06-01,11.329880714416504,11.345815453616565,11.122723785890814,11.266140237923434,37626100
2006-06-02,11.274110794067383,11.377689291096388,11.186467801125914,11.329884298527098,22929600
2006-06-05,11.04305362701416,11.242242910934777,11.04305362701416,11.194437908308046,22489500
2006-06-06,11.011175155639648,11.154591576198719,10.835889263674398,11.138656080649378,31295500
2006-06-07,10.788080215454102,11.058977477619441,10.756209994013828,11.043041986976297,30404500
2006-06-08,10.78011703491211,10.827922767238597,10.517187406732278,10.71637656504102,50882600
2006-06-09,10.73231029510498,10.788083007096313,10.620764111276102,10.748245030025556,26740100
2006-06-12,10.557024955749512,10.819954573105003,10.53312247049346,10.724343872234488,36625600
2006-06-13,10.477355003356934,10.78809052936148,10.437517758354877,10.57296651893275,36410300
2006-06-14,10.509223937988281,10.588899937698894,10.413613194243533,10.477353690073366,27433700
2006-06-15,10.915568351745605,11.027114580802767,10.596865925648741,10.620768417644376,47881400
2006-06-16,11.305976867675781,11.887609634710342,11.226301656198066,11.529069283444684,115901400
2006-06-19,11.385653495788574,11.600778174865399,11.298010530153435,11.433459233310009,35603700
2006-06-20,11.353780746459961,11.537034386764342,11.337845250861534,11.48922941966157,29998100
2006-06-21,11.576874732971191,11.871674623201834,11.37768555634132,11.385653305769651,58342800
2006-06-22,11.417520523071289,11.712320335311086,11.353780064200317,11.648579876440115,48936300
2006-06-23,11.871672630310059,12.007121308468381,11.58484053765811,11.69638673139034,72620900
2006-06-26,11.6884183883667,11.89557526910543,11.5689052124731,11.847769542840247,32602300
2006-06-27,11.552969932556152,11.688418606346234,11.417521258766069,11.640612879189511,41863600
2006-06-28,11.616713523864746,11.656551513915836,11.545005293742076,11.552973043721586,25331900
2006-06-29,11.744192123413086,11.839802824408812,11.473294757335378,11.640613674039473,52383700
2006-06-30,11.545004844665527,11.927448470494696,11.545004844665527,11.76809727633522,49491600
2006-07-03,11.799964904785156,11.799964904785156,11.640612986030998,11.640612986030998,16969500
2006-07-05,11.608743667602539,11.768095598894194,11.592808930381166,11.6565493989593,29529100
2006-07-06,11.552969932556152,11.664516122691001,11.497197217411856,11.568905428223811,28736300
2006-07-07,11.776062965393066,11.935414141950861,11.489230847589036,11.552971318212155,53231000
2006-07-10,11.624676704406738,11.935411232999247,11.473292553688092,11.776060095279222,32810500
2006-07-11,11.584843635559082,11.61671387659838,11.385654439101845,11.52907090370193,35140800
2006-07-12,11.329880714416504,11.624680608158565,11.274107227600254,11.560940131665493,26652400
2006-07-13,11.234269142150879,11.36971783432129,10.971339506725108,11.05898246525158,52970500
2006-07-14,11.385653495788574,11.465329471708825,11.098821350199229,11.194432065395677,40051300
2006-07-17,11.489230155944824,11.52906813764764,11.329878988979866,11.345813725753212,32459300
2006-07-18,11.72825813293457,11.799966353206724,11.43345826280732,11.465328498500906,52405400
2006-07-19,12.007122039794922,12.11866824032118,11.736224666978531,11.799965895740911,66918900
2006-07-20,12.046960830688477,12.142571540474133,11.879641898601982,11.999155855718836,48545800
2006-07-21,12.046960830688477,12.182409526179752,11.9194798843076,11.97525260838764,57164900
2006-07-24,11.935415267944336,12.086799469840667,11.887610290390224,12.01509124366308,47729400
2006-07-25,11.895578384399414,11.999156851894606,11.791999916904224,11.895578384399414,36945500
2006-07-26,11.967284202575684,12.102732122187833,11.760127309304396,11.903542977083815,35836600
2006-07-27,11.847769737243652,12.102731588584854,11.784029274408352,12.01508864214788,37199200
2006-07-28,12.007122039794922,12.046960022829037,11.831836130198937,11.89557659911499,25837300
2006-07-31,11.927444458007812,11.97524942025047,11.807930532708816,11.895574229897315,35173100
2006-08-01,11.736225128173828,11.903544055615138,11.592809447400102,11.871673819904714,33903300
2006-08-02,11.799964904785156,11.903542588190591,11.592808018281762,11.712321197501117,33423700
2006-08-03,11.768095970153809,11.975252119644937,11.736224975012956,11.791998456663103,31820900
2006-08-04,11.648582458496094,11.847771626582238,11.545003999909735,11.823869139168885,35927100
2006-08-07,11.648582458496094,11.704355182409374,11.55297174899631,11.664517956669245,31683300
2006-08-08,11.791996955871582,11.951348112063174,11.680450766614342,11.680450766614342,42021300
2006-08-09,11.911511421203613,12.150538561263305,11.831836214414604,11.911511421203613,50604600
2006-08-10,12.054925918579102,12.16647210196086,11.839801299167043,11.855736793869955,34394400
2006-08-11,11.943384170532227,12.078832886422829,11.863708946967838,12.031027904253493,19315000
2006-08-14,12.182412147521973,12.349731115611213,11.999158437629566,12.038995672060757,36319700
2006-08-15,12.525012969970703,12.548915453315306,12.293953604716206,12.325823835791095,47767900
2006-08-16,12.381600379943848,12.54891933480173,12.278021906951208,12.540951584606955,49609300
2006-08-17,12.596719741821289,12.708265157926354,12.278016707609002,12.285984454429695,46413400
2006-08-18,12.517048835754395,12.596724816366187,12.270053903735015,12.55688682606029,33126400
2006-08-21,12.46127700805664,12.580790227786625,12.309892785895707,12.421439014864474,28275800
2006-08-22,12.333794593811035,12.46924330724419,12.246151621526367,12.453308566759013,39584700
2006-08-23,12.20631217956543,12.341760876897641,12.134603956289977,12.33379312767895,37833800
2006-08-24,12.25411605834961,12.349726754948302,12.13460211771654,12.262083806361067,41883900
2006-08-25,12.278022766113281,12.453309483431733,12.198347538129646,12.238184772198197,28897000
2006-08-28,12.381600379943848,12.469243352546936,12.23818391582381,12.285989657145983,28113600
2006-08-29,12.365665435791016,12.461276157014579,12.270053954720984,12.373632426008127,28281400
2006-08-30,12.556880950927734,12.61265365535309,12.349724106139108,12.397529824108064,27305200
2006-08-31,12.477210998535156,12.548919229996285,12.34973003586936,12.493146498791617,27549200
2006-09-01,12.34972858428955,12.612658228844777,12.309890598177404,12.588755741116044,24599100
2006-09-05,12.620619773864746,12.660457740392943,12.421430701069774,12.429398446344615,40291700
2006-09-06,12.445335388183594,12.596719535917625,12.405497414577471,12.493141108480168,44824300
2006-09-07,12.756077766418457,12.907461998364173,12.413472066606483,12.461277813496332,77357700
2006-09-08,12.676397323608398,12.891521969302545,12.556884138120296,12.787942760771614,46528300
2006-09-11,12.979164123535156,13.02696908805473,12.548914883781705,12.58078511341016,42647900
2006-09-12,12.987131118774414,13.0508715817985,12.867617940565816,12.987131118774414,44246800
2006-09-13,13.05884075164795,13.130548970320097,12.891522587874723,12.995100281683005,40822400
2006-09-14,13.122581481933594,13.138516979664121,12.907458341342299,12.971198812571702,27724100
2006-09-15,13.01103401184082,13.2580281094448,12.827780375544076,13.162418177330181,81171300
2006-09-18,12.947298049926758,13.106650018418442,12.827784833404497,13.06681126644902,59339400
2006-09-19,12.851685523986816,13.2261621637041,12.803880545188417,12.995101980074894,91193700
2006-09-20,14.285848617553711,14.572681530781535,14.214140389246754,14.413329574612103,202996500
2006-09-21,14.405359268188477,14.461131987041437,14.269910585391592,14.2858460821189,68071400
2006-09-22,13.975111961364746,14.261943313577408,13.967144212734858,14.206170592860854,49688000
2006-09-25,14.317720413208008,14.333655915341478,13.855601489189246,14.006985720070963,54215900
2006-09-26,14.493005752563477,14.53284298230877,14.238043834930622,14.238043834930622,64678900
2006-09-27,14.285848617553711,14.49300555269682,14.261945368220431,14.405361824834344,34076300
2006-09-28,14.333653450012207,14.46113440576752,14.190236994864263,14.317717950619576,43520700
2006-09-29,14.134465217590332,14.365525415249637,14.134465217590332,14.30178493308379,33614900
2006-10-02,14.070723533630371,14.309749941413584,14.014950806460478,14.269912713347328,41128800
2006-10-03,14.261946678161621,14.381459896419388,13.959179757262412,13.999016990117328,53435100
2006-10-04,14.477068901062012,14.50097214849308,14.174302032065613,14.246008734973298,46304700
2006-10-05,14.548773765563965,14.58861098239456,14.45316231760116,14.485033306819565,43868000
2006-10-06,14.493005752563477,14.708128920758131,14.44519925323764,14.461134753012917,33143800
2006-10-09,14.779836654663086,14.81170765314539,14.397393791032533,14.469102017924868,33338100
2006-10-10,14.931221008300781,14.931221008300781,14.71609632545927,14.787804553073109,50293800
2006-10-11,14.803733825683594,14.971053459635014,14.724057881882546,14.88340976948464,37734900
2006-10-12,15.130412101745605,15.138379852452168,14.7559369366955,14.8595146564947,44746600
2006-10-13,15.1941499710083,15.249922696656151,14.963091319082528,15.114473997357319,36476500
2006-10-16,15.130412101745605,15.241957572251367,15.122444351039041,15.218055839824737,24339400
2006-10-17,14.843581199645996,15.130414185818587,14.819679463927127,15.01090094814443,27320400
2006-10-18,14.931221008300781,15.098540712630689,14.891383779489924,15.010896985615362,26886900
2006-10-19,15.034796714782715,15.10650340591577,14.636418441170685,14.867477049625556,33306700
2006-10-20,15.1224365234375,15.154307509766848,14.883410204736482,15.098534803382762,23512400
2006-10-23,15.257891654968262,15.337567634932467,15.034800734699983,15.114475194971273,29547100
2006-10-24,15.050741195678711,15.257898224908798,14.931227934117315,15.186189964033247,28817700
2006-10-25,14.835606575012207,15.122437879230667,14.779832343935443,15.06666516784631,36102000
2006-10-26,14.915283203125,15.042764139243728,14.716094050477906,14.907315454655999,30011200
2006-10-27,14.421292304992676,14.811702790061448,14.389421316974481,14.811702790061448,42152100
2006-10-30,14.75593090057373,14.811703613011998,14.15836351926241,14.293812186480674,29734300
2006-10-31,14.716089248657227,14.883408872525006,14.66828429313449,14.771863469741245,28280800
2006-11-01,14.716089248657227,14.859505634917571,14.61251159174261,14.787797441787399,31828700
2006-11-02,14.55673885345459,14.716089211357193,14.381451484161955,14.700155239351425,34605200
2006-11-03,14.166337966918945,14.61252139714752,14.078694223239113,14.596585894716068,47245500
2006-11-06,14.421292304992676,14.524869976667103,14.198199947942369,14.261940404286406,38100500
2006-11-07,14.500975608825684,14.540812844357633,14.333655876266624,14.437235120158691,27343800
2006-11-08,14.628453254699707,14.684225979620097,14.381457587634014,14.469101309476214,24934900
2006-11-09,14.771867752075195,14.979023125958344,14.572678606678448,14.668288545441044,40625800
2006-11-10,14.963096618652344,15.03480486836629,14.827647871380815,14.859517360312939,24006700
2006-11-13,15.281794548034668,15.30569627768078,14.93918890597348,14.971059905092142,34351000
2006-11-14,15.273828506469727,15.313665740130538,15.074639298779559,15.273828506469727,33725800
2006-11-15,15.233992576599121,15.353505807503064,15.194153819835686,15.241958808258627,19244400
2006-11-16,15.218050003051758,15.297725959865192,15.050730341774301,15.26585496926283,22138000
2006-11-17,15.504878044128418,15.512845790095577,15.122435355857684,15.138370847792004,34515900
2006-11-20,15.520819664001465,15.600495635438618,15.393338717579121,15.401306466692112,24461400
2006-11-21,15.520819664001465,15.528787413114456,15.313662746141969,15.504884165775483,20572900
2006-11-22,15.66423511505127,15.735943332826906,15.520818679499996,15.528786428107585,22510700
2006-11-24,15.616435050964355,15.720012776029648,15.441147565894132,15.504888055094268,7998500
2006-11-27,15.07463264465332,15.576588557798154,15.00292443996229,15.520815847414546,36667400
2006-11-28,15.058697700500488,15.16227689759053,14.91528128587885,14.963087770547688,38242400
2006-11-29,15.257891654968262,15.409275864930962,15.066670214869916,15.17024944473126,23085400
2006-11-30,15.17821979522705,15.385376791490888,15.162285810663164,15.24196029256259,32049500
2006-12-01,14.98698902130127,15.226016878041984,14.843572611195318,15.226016878041984,35175500
2006-12-04,15.361471176147461,15.4092761571554,14.939189538113977,15.042767250246671,47472800
2006-12-05,15.026823997497559,15.40129890376274,14.963083555586634,15.393331158562372,54935000
2006-12-06,14.24600601196289,14.676255265326846,14.16633157514065,14.652352022464692,94937400
2006-12-07,13.943242073059082,14.102594018914013,13.7998256257282,14.038853544510598,93141200
2006-12-08,14.18226432800293,14.24600478378099,13.967141239559695,14.014946201470153,37639100
2006-12-11,14.397391319274902,14.540807748437706,14.110558460949298,14.158364950465293,43930100
2006-12-12,14.333653450012207,14.516907133948862,14.206172494256894,14.508939384252546,41589600
2006-12-13,14.357549667358398,14.540803261544909,14.246002745933986,14.516900024162794,33991300
2006-12-14,14.357549667358398,14.540803261544909,14.293809220698215,14.397386876636467,26996600
2006-12-15,14.086654663085938,14.365519732124937,14.014946459056128,14.349584237964454,70448500
2006-12-18,14.269912719726562,14.477069649087946,14.06275579036518,14.238043241197879,58188500
2006-12-19,13.624545097351074,13.752026096649638,13.489096345634678,13.664382339746856,102097500
2006-12-20,13.624545097351074,13.720155086978306,13.568772350119627,13.616577344933242,48725300
2006-12-21,13.624545097351074,13.704221101836023,13.616577344933242,13.656414587329023,34704400
2006-12-22,13.63250732421875,13.744052773469864,13.584700829088758,13.632507324218752,19736700
2006-12-26,13.648442268371582,13.744053745702201,13.536896811229923,13.560800060485796,15053500
2006-12-27,13.624545097351074,13.736090591813971,13.600641840097575,13.728122839396137,16546600
2006-12-28,13.704211235046387,13.74404844876008,13.576730327531822,13.648437008278009,20485400
2006-12-29,13.656412124633789,13.847633589098185,13.608607138440968,13.632510391383935,23592900
2007-01-03,13.951216697692871,14.166341474705956,13.624546415425684,13.720156414302478,52241700
2007-01-04,14.086654663085938,14.238038818225801,13.783886352806213,13.98307547073516,33559800
2007-01-05,14.054787635803223,14.150399108019787,13.89543720836601,14.03885365684446,36154800
2007-01-08,14.230074882507324,14.285847607314732,13.903404763184408,14.0468196899637,31018100
2007-01-09,14.198200225830078,14.325681141013215,14.062751563486449,14.285843924903128,31417000
2007-01-10,14.158369064331055,14.182270796341365,13.983081591225936,14.070725327778495,27822400
2007-01-11,13.855600357055664,14.190238276049831,13.823730875085888,14.174304294911446,65380200
2007-01-12,13.943242073059082,13.983079299676424,13.767956148372885,13.823728873514275,42526400
2007-01-16,13.783890724182129,13.927307177724352,13.752021245446551,13.85559895095324,35736000
2007-01-17,13.959181785583496,14.110564508183062,13.767960304647271,13.775928056314603,31417600
2007-01-18,13.640474319458008,13.959176670911836,13.624538821962144,13.92730567592011,61438500
2007-01-19,13.759990692138672,13.90340716336913,13.55283373588279,13.59267096913879,28871700
2007-01-22,13.544864654541016,14.190237191978667,13.361610968058812,13.744053840637207,52768300
2007-01-23,13.640474319458008,13.791856986590647,13.552830602923448,13.552830602923448,33062000
2007-01-24,13.656412124633789,13.775926869655509,13.616574889421956,13.632510391383935,31268600
2007-01-25,13.528926849365234,13.720148253067016,13.489089626812099,13.64844003671727,35851900
2007-01-26,13.664379119873047,13.783892338591686,13.568769152775346,13.576736903315657,36013400
2007-01-29,13.759990692138672,13.783892424215058,13.568769237062405,13.616574220908213,33492500
2007-01-30,13.672348022460938,13.943245484885596,13.616575283672299,13.799829002461582,42647400
2007-01-31,13.672348022460938,13.704219027307676,13.38551505761291,13.632510786095668,39756700
2007-02-01,13.584704399108887,13.815764627214158,13.568770416237587,13.720153131520522,29262300
2007-02-02,13.879502296447754,13.895437795772962,13.632508135678481,13.656409864973433,41177800
2007-02-05,13.672348022460938,13.887472746096957,13.608607532460615,13.823732256096635,28521100
2007-02-06,13.560797691345215,13.696246374079172,13.433316756971209,13.648439883919462,31442200
2007-02-07,13.473155975341797,13.64047567630665,13.425350997791627,13.64047567630665,45225900
2007-02-08,13.313803672790527,13.481123369342633,13.27396644583149,13.441286142383596,45789500
2007-02-09,13.305834770202637,13.497056156639427,13.178353845911444,13.377542980077996,41419200
2007-02-12,13.265997886657715,13.313802860028789,13.154452442227639,13.265997886657715,31935900
2007-02-13,13.242094993591309,13.313801687486382,13.170386780003666,13.313801687486382,28212500
2007-02-14,13.361607551574707,13.497056224274408,13.289899341340012,13.337704308265643,42296700
2007-02-15,13.473155975341797,13.481123724882298,13.289902294988778,13.417383248251125,33887400
2007-02-16,13.305834770202637,13.52892562786598,13.305834770202637,13.457217417990623,34121000
2007-02-20,13.528926849365234,13.528926849365234,13.202256761413112,13.297868223110317,31925200
2007-02-21,13.704211235046387,13.767951688803668,13.505022127093342,13.520956100763444,50679300
2007-02-22,13.759990692138672,13.783892424215058,13.55283373588279,13.752022941548864,32971700
2007-02-23,13.401450157165527,13.752023601475035,13.313806416164875,13.736088099530713,54223900
2007-02-26,13.401450157165527,13.560802137222515,12.748109774379477,13.473158396221862,32784400
2007-02-27,12.979164123535156,13.385508601490184,12.979164123535156,13.265995430345033,39847100
2007-02-28,13.09070873260498,13.417378755927722,12.995097289823832,13.04290377106057,47578000
2007-03-01,13.361607551574707,13.57673218227879,12.724202167078397,12.835748356315282,81590400
2007-03-02,13.313803672790527,13.457220121351535,13.170388743922318,13.250063197840392,37306400
2007-03-05,13.04290771484375,13.544863762067301,13.019004466997758,13.16242091468814,34056700
2007-03-06,13.44925594329834,13.481126949082743,13.138521235366413,13.162424489704716,38263800
2007-03-07,13.138520240783691,13.425353192357331,13.114616988254859,13.361612705306865,30652900
2007-03-08,13.297871589660645,13.481125291306624,13.250065086862815,13.30583934012695,30462200
2007-03-09,13.250060081481934,13.505023441008964,13.202255116436056,13.393476496312001,24208200
2007-03-12,13.600637435913086,13.61657293558849,13.226162311698483,13.234130061536185,30612500
2007-03-13,13.265997886657715,13.712181184070719,13.265997886657715,13.489090295210568,31390600
2007-03-14,13.44925594329834,13.497062451974944,13.273969970563726,13.33771046243933,33735600
2007-03-15,13.321772575378418,13.497060036435418,13.265999844930437,13.425351805947177,24015100
2007-03-16,13.305834770202637,13.42534794676407,13.242094308057041,13.313800998239907,34226000
2007-03-19,13.688276290893555,13.72811350620562,13.409411224632036,13.409411224632036,29509600
2007-03-20,13.983081817626953,14.102596558385708,13.656411637523952,13.744055375495558,65763900
2007-03-21,14.477068901062012,14.652354823144899,14.166334282921923,14.588614349688143,95212000
2007-03-22,14.732028007507324,14.779832973631736,14.301780273002683,14.349585239127093,49522300
2007-03-23,14.532844543457031,14.81170974070908,14.485039558688786,14.708130500735974,34168200
2007-03-26,14.652356147766113,14.684227147222114,14.357557001262592,14.516907439463903,50457200
2007-03-27,14.732028007507324,14.739995755143472,14.62048257998621,14.62048257998621,33079800
2007-03-28,14.477068901062012,14.739998544032723,14.461133402774632,14.612517597119211,33674900
2007-03-29,14.469100952148438,14.604549646335546,14.301782781519345,14.604549646335546,28826400
2007-03-30,14.445198059082031,14.556745028594717,14.253976636665284,14.48503680522684,20829000
2007-04-02,14.453164100646973,14.485035093797212,14.333650915718772,14.405359130614212,20713000
2007-04-03,14.628453254699707,14.71609545684913,14.477069058706666,14.524874034396603,32084400
2007-04-04,14.787798881530762,14.795766628175647,14.604545267775213,14.620480761064988,23413200
2007-04-05,14.875449180603027,14.875449180603027,14.652356734555433,14.740000466876445,21896000
2007-04-09,14.795770645141602,14.899349859954004,14.771868918410046,14.867478864721667,19737500
2007-04-10,15.018861770629883,15.04276349532111,14.88341309184019,14.963089053426932,24388700
2007-04-11,14.811704635620117,15.066666492764863,14.708125431347225,15.058698744767522,29857300
2007-04-12,14.899349212646484,14.907315441415776,14.692192311714381,14.795770002334118,22695500
2007-04-13,14.843581199645996,15.018868699948477,14.708132458363748,14.971063708817468,32228500
2007-04-16,15.058697700500488,15.098536437724519,14.86747632090245,14.883411815792062,26629500
2007-04-17,15.050741195678711,15.138384963347402,14.97903293480316,14.97903293480316,26270500
2007-04-18,14.92325496673584,15.042768186540922,14.899353234590649,14.97902770133201,31580800
2007-04-19,14.947153091430664,15.018861302655111,14.779833425342783,14.779833425342783,31511200
2007-04-20,15.13838005065918,15.186185035831409,14.99496357544941,15.122444549037409,37574200
2007-04-23,15.090571403503418,15.210084597278625,15.058700407993918,15.114473130442834,24752500
2007-04-24,14.994966506958008,15.17822025235514,14.93919376007135,15.17025401967994,21191800
2007-04-25,15.058697700500488,15.130405907811307,14.899347310681675,15.050729953055681,24759100
2007-04-26,15.098539352416992,15.138376577638951,14.947155161126638,14.955122910109576,16645600
2007-04-27,15.218050003051758,15.369434169028034,15.04276259412371,15.106503055635962,25063000
2007-04-30,14.979022979736328,15.25788808450807,14.979022979736328,15.218050863694632,27161900
2007-05-01,14.811704635620117,14.994958280481335,14.779833643630754,14.93918556419249,33335900
2007-05-02,15.026823997497559,15.12243390051794,14.827634926564418,14.891375368475343,22342300
2007-05-03,15.154315948486328,15.170251450524727,14.979028465450178,15.066672206968253,18260900
2007-05-04,15.162276268005371,15.178210242540919,14.955119402119523,15.170244015119332,24433600
2007-05-07,15.17821979522705,15.257895796819808,15.130414802148728,15.154318058534555,16307300
2007-05-08,15.098539352416992,15.1702475735707,15.042765109536429,15.082603854451117,17168600
2007-05-09,15.002925872802734,15.066666336427526,14.79576898609903,15.066666336427526,22497800
2007-05-10,14.732028007507324,15.066665809763146,14.724060259871177,14.891379920845324,30821500
2007-05-11,15.1224365234375,15.170243002931523,14.755929298803634,14.819669751770057,30915000
2007-05-14,15.090571403503418,15.20211684840125,14.95512271197346,15.090571403503418,17521100
2007-05-15,15.010895729064941,15.273825368408417,15.00292798003117,15.050732954541056,23631300
2007-05-16,15.130412101745605,15.130412101745605,14.8595146564947,15.026834381946404,24453400
2007-05-17,15.17821979522705,15.226026307998703,14.986998303220432,15.026837063863475,21129600
2007-05-18,15.337566375732422,15.337566375732422,15.14634495133318,15.194149927509793,25941800
2007-05-21,15.39333724975586,15.39333724975586,15.226019093415848,15.297727308902314,18449000
2007-05-22,15.433180809020996,15.50488752719825,15.2977320841207,15.449114791008672,22231100
2007-05-23,15.26585578918457,15.512849900848922,15.257888041106035,15.441141687834666,23079900
2007-05-24,14.939184188842773,15.369433422933797,14.87544373042474,15.249918733669134,33424600
2007-05-25,15.32960319519043,15.377408185614637,15.010900726206966,15.050737964944933,24639600
2007-05-29,15.385371208190918,15.528787655073865,15.289761256730806,15.369437229409419,27015400
2007-05-30,15.473016738891602,15.473016738891603,15.226022562437958,15.337568025411935,28823700
2007-05-31,15.441142082214355,15.616429505033993,15.345532142215093,15.449109830496392,32588100
2007-06-01,15.66423511505127,15.696106109481622,15.441142713116772,15.49691695336989,25854400
2007-06-04,15.672203063964844,15.688138561383692,15.449110659179007,15.576591599144434,21916500
2007-06-05,15.520819664001465,15.648300610423808,15.401306466692112,15.6164311336646,26304900
2007-06-06,15.417242050170898,15.457079276263386,15.226020629479985,15.433177548484998,31111800
2007-06-07,14.92325496673584,15.4172448668747,14.92325496673584,15.257892894005895,39857800
2007-06-08,15.186179161071777,15.218050151986054,14.92324956479897,14.92324956479897,35495100
2007-06-11,15.305693626403809,15.393337339105456,15.058699504790441,15.082602749988878,24997700
2007-06-12,15.010895729064941,15.433177309698353,14.986992481963629,15.30569484485076,33775600
2007-06-13,15.377399444580078,15.377399444580078,14.915280747314661,15.034795434978854,29790400
2007-06-14,15.648293495178223,15.688132222628592,15.528780352211239,15.57658530545962,41226700
2007-06-15,15.823585510253906,15.89529372106172,15.735941803779355,15.863422729728242,40671500
2007-06-18,15.76781177520752,15.8873249455926,15.632363110186455,15.871389450956611,36639100
2007-06-19,15.839518547058105,15.887325031223739,15.640329422111893,15.767811860194497,24366900
2007-06-20,15.560662269592285,15.90326644828181,15.55269451850279,15.90326644828181,34945000
2007-06-21,15.680174827575684,15.720012061630431,15.504887350471439,15.592531089023561,27977300
2007-06-22,15.449115753173828,15.65627272884612,15.449115753173828,15.616435491856254,39685600
2007-06-25,15.520819664001465,15.664236108649789,15.305694997028978,15.496917936355247,28377000
2007-06-26,15.26585578918457,15.680169571113039,15.154310355470198,15.632364602334388,49101000
2007-06-27,15.688139915466309,15.751880390950623,15.353502039250461,15.393339266543355,76122400
2007-06-28,15.815620422363281,15.982938595926834,15.624399001279466,15.632366750452887,46529500
2007-06-29,15.70406723022461,15.951062797639892,15.568620107031416,15.89529009522101,31480800
2007-07-02,15.871391296386719,15.927164014405179,15.712039370883188,15.839520303408978,23759900
2007-07-03,15.99090576171875,15.990905761718748,15.855457070097566,15.911229792584045,18749800
2007-07-05,16.32554817199707,16.333515923103224,15.903266481529752,15.98294247289815,36504600
2007-07-06,16.253841400146484,16.32554964688703,16.134328162143337,16.293680159276384,26765700
2007-07-09,16.062610626220703,16.126351084273466,15.990902420949793,16.126351084273466,27335100
2007-07-10,15.712042808532715,16.05464845953944,15.696108828250225,15.943102999097407,29259100
2007-07-11,15.919196128845215,15.93513162519663,15.71203923535455,15.751877976233088,29842800
2007-07-12,16.333511352539062,16.341479101415622,15.911229780237703,15.974970251557464,36005900
2007-07-13,16.253841400146484,16.33351739871301,16.134328162143337,16.33351739871301,23160700
2007-07-16,16.0944881439209,16.30961132730727,16.070584892569965,16.16619637828069,19827000
2007-07-17,16.237899780273438,16.309608000004125,16.102451089636883,16.134322084936166,21767500
2007-07-18,16.26180648803711,16.269774238557847,16.06261728409771,16.094488286180667,30676900
2007-07-19,16.413185119628906,16.508795053935224,16.349444656860527,16.381314128398465,29326400
2007-07-20,16.421159744262695,16.68408945325309,16.237904507329336,16.64425069753143,43965400
2007-07-23,16.55660629272461,16.660184004566577,16.445059311095253,16.58050802331502,29403500
2007-07-24,16.445066452026367,16.715963994097574,16.35742420231646,16.55661348209272,39526500
2007-07-25,16.397258758544922,16.524739755098377,16.25384225749895,16.492870265806687,31017700
2007-07-26,15.943090438842773,16.30162978766821,15.727965917732474,16.10244075397906,41746500
2007-07-27,15.632362365722656,16.110415024496554,15.616426871845569,15.935129150925613,32531300
2007-07-30,15.600492477416992,15.6722006852252,15.409271096492594,15.584556982416848,21879400
2007-07-31,15.233992576599121,15.791721494048582,15.226024825246434,15.767819759683704,35952300
2007-08-01,15.76781177520752,15.791713497469088,15.002924749296675,15.082600702784198,54801800
2007-08-02,16.00684356689453,16.102453527884325,15.672205664044395,15.743913894633204,31437400
2007-08-03,15.66423511505127,16.0865166730975,15.66423511505127,16.006840706714275,35123900
2007-08-06,15.998868942260742,16.01480443547598,15.720003889763175,15.791712089539473,29746300
2007-08-07,15.680174827575684,15.99887725909286,15.536758353469688,15.82359130168168,34504100
2007-08-08,16.0944881439209,16.1024543746782,15.775784204680477,15.903265172499442,26724900
2007-08-09,16.00684356689453,16.174161758473137,15.831557625284622,15.887330355810825,33581200
2007-08-10,15.927167892456055,16.134324838173537,15.672205965324679,15.735946447107523,36769100
2007-08-13,15.712042808532715,15.90326424915888,15.656270078311698,15.879362518888685,22088400
2007-08-14,15.417242050170898,15.783749393238624,15.393338802699747,15.775781644081574,22266300
2007-08-15,15.281794548034668,15.70407464850674,15.241955799136342,15.33756727679944,27172500
2007-08-16,15.249923706054688,15.520821122583158,14.986994039387982,15.226021976162285,42493800
2007-08-17,15.417242050170898,15.57659247423361,15.146344657602247,15.385371053542697,36236800
2007-08-20,15.226021766662598,15.465048180455161,15.098540810014178,15.337567223806744,23960800
2007-08-21,15.353504180908203,15.409276914775106,15.106508474221892,15.106508474221892,23766700
2007-08-22,15.39333724975586,15.473013213595555,15.194148100002927,15.449109968535863,23664200
2007-08-23,15.433180809020996,15.688142757140826,15.313666066108375,15.44114704016829,31203800
2007-08-24,15.887328147888184,15.911229874967452,15.377402854601472,15.377402854601472,26753000
2007-08-27,15.823585510253906,15.951066436202794,15.735941803779355,15.89529372106172,18113200
2007-08-28,15.425204277038574,15.823582474113394,15.401301038124886,15.775775996286018,21875400
2007-08-29,16.038713455200195,16.054648955668053,15.433179634351296,15.465049115594041,30989600
2007-08-30,16.102449417114258,16.269769085671005,15.783747095687767,15.903260276261133,30459800
2007-08-31,16.158218383789062,16.3175687326908,16.05463921329549,16.277731525388376,24050700
2007-09-04,16.508800506591797,16.63628147423397,16.09448812160123,16.12635760366527,36903900
2007-09-05,16.516761779785156,16.612373227868115,16.3016371613678,16.325540403311646,30545000
2007-09-06,16.365385055541992,16.52473550035805,16.198065340838227,16.508799999968556,26360100
2007-09-07,16.062610626220703,16.253832000378996,15.911226468460738,16.110415589837178,29191800
2007-09-10,16.070579528808594,16.301638135976823,15.919195360165096,16.206028201870144,25314200
2007-09-11,16.3016357421875,16.34944222191327,16.054641675706794,16.118382128982212,20869100
2007-09-12,16.365385055541992,16.429125537407007,16.174162090253986,16.214000841227723,30815500
2007-09-13,16.29368019104004,16.49286942799802,16.20603644047668,16.49286942799802,24506800
2007-09-14,15.99090576171875,16.269770893843855,15.94310078811501,16.24586764719563,35461300
2007-09-17,15.951066970825195,16.11838512185632,15.839520017111882,15.903260482222677,23329200
2007-09-18,16.516761779785156,16.516761779785156,15.97496711993067,15.998870361874513,28759700
2007-09-19,16.604408264160156,16.835466896249603,16.421154604280133,16.684084230970978,46209900
2007-09-20,16.763761520385742,16.97888467214698,16.437089878718822,16.588474075633815,56499400
2007-09-21,17.512704849243164,17.66408898679766,16.76375494700975,17.186034855362333,95941900
2007-09-24,17.361331939697266,17.62426163106102,17.17010896443904,17.52865014343191,37448700
2007-09-25,17.480838775634766,17.512708246744026,17.130265475277973,17.22587692799073,30826800
2007-09-26,17.345382690429688,17.544571738726695,17.130258153542876,17.536603994431797,32477400
2007-09-27,17.233840942382812,17.433030050231256,17.154166514997264,17.401160583215496,21078400
2007-09-28,17.249784469604492,17.393200937200533,17.178076235806472,17.257752219992383,20381400
2007-10-01,17.504745483398438,17.520680983336835,17.217914082971888,17.241815813186566,23641200
2007-10-02,17.40912437438965,17.512702018272503,17.29757746594818,17.512702018272503,24202300
2007-10-03,17.186038970947266,17.433033082121824,17.090429033579557,17.36132638894232,25149500
2007-10-04,17.33742904663086,17.36133229895603,17.138239836333668,17.249785307798312,18636800
2007-10-05,17.67206573486328,17.783611198464136,17.377265055741496,17.417103806808203,31341400
2007-10-08,17.934995651245117,17.966865132828634,17.552552754085013,17.568486735030277,23281300
2007-10-09,17.990760803222656,18.07043675314877,17.81547492913908,17.958891335067616,24543300
2007-10-10,18.261661529541016,18.28556477488789,17.95092693849476,17.998731909495884,32204900
2007-10-11,17.895151138305664,18.325400398861774,17.8393784237208,18.285563179784724,35055400
2007-10-12,17.879228591918945,18.04654684263297,17.616298826730144,17.847357580529533,39710600
2007-10-15,17.58441162109375,17.990757523926426,17.385222542432167,17.966854287397894,34244900
2007-10-16,17.329458236694336,17.57645238834703,17.297587239220285,17.528647411828754,31324300
2007-10-17,17.122295379638672,17.488804125137882,16.84343032713341,17.488804125137882,42188200
2007-10-18,17.074491500854492,17.194004668155195,16.819529672028363,17.1222964638363,32349900
2007-10-19,16.532705307006836,17.106369715148382,16.46896481721333,17.074500230098206,40513300
2007-10-22,16.891244888305664,17.002790354799185,16.341482266872017,16.41319050095871,31102900
2007-10-23,17.090429306030273,17.122298779096713,16.827499694538695,17.050590565081503,30083700
2007-10-24,16.875303268432617,17.010751937071962,16.61237367868476,16.93904372898687,31753500
2007-10-25,16.731895446777344,17.090436671371297,16.556609470138767,16.99482517158183,40656800
2007-10-26,17.01075553894043,17.01075553894043,16.723922645865876,16.986852291286628,31368700
2007-10-29,17.345382690429688,17.385219892212355,16.97090630702853,17.122290409247974,29398500
2007-10-30,17.233840942382812,17.32148463613766,17.114327781612204,17.249776435736837,25714700
2007-10-31,17.664091110229492,17.719863820324584,17.23384188430902,17.24180963142151,31540300
2007-11-01,17.33742904663086,17.680034731492924,17.329461295855804,17.528650506152996,34306900
2007-11-02,17.55254364013672,17.6083163437183,17.273678602536606,17.377256263517804,30857000
2007-11-05,17.58441162109375,17.695957018842776,17.33741758906717,17.393190287941678,26496300
2007-11-06,18.189950942993164,18.237755907765173,17.79954043802149,17.95092459944069,34111500
2007-11-07,17.60832405090332,18.078410643551564,17.584420801894932,17.927026439217503,38119400
2007-11-08,16.214000701904297,17.568486309820308,15.791719063369046,17.448973097311974,94813800
2007-11-09,15.425204277038574,15.990900587432554,15.393333291820323,15.879355178553114,77224300
2007-11-12,15.488957405090332,15.871400422575658,15.186188876477685,15.33757314078401,55312900
2007-11-13,16.34944725036621,16.35741499943774,15.488950106646554,15.775781474757942,48238200
2007-11-14,16.078550338745117,16.67611785964183,15.927166141270634,16.59644188625038,47248500
2007-11-15,16.269773483276367,16.4291254469076,15.712043130260007,15.87139509389124,54927000
2007-11-16,16.572534561157227,16.779691433133245,16.0865141304562,16.269767760387612,44728400
2007-11-19,16.3574161529541,16.636279791659273,16.190096450038144,16.453026109169347,29048500
2007-11-20,16.48488998413086,16.684079079812555,16.1183812578366,16.285700888449167,34611400
2007-11-21,16.102449417114258,16.437087234535213,15.951066764244514,16.13432040910318,29401200
2007-11-23,16.182132720947266,16.277744220610582,15.982943489700817,16.126359979349175,11207000
2007-11-26,15.696109771728516,16.333514612129537,15.688142021261875,16.237903126222875,26680800
2007-11-27,15.847491264343262,16.078551451195906,15.536756618279401,15.73594580569324,33108300
2007-11-28,16.341472625732422,16.42911630895104,15.94309445792722,15.998867158269212,28537700
2007-11-29,16.31757354736328,16.484893210725392,16.18212487500062,16.31757354736328,25080700
2007-11-30,16.078550338745117,16.556604659401046,15.759847964872094,16.556604659401046,47957900
2007-12-03,16.126346588134766,16.30163241898585,16.014801197565163,16.118378843138082,36709300
2007-12-04,15.959033966064453,16.08651489027218,15.680168874475365,15.735941588854685,33425000
2007-12-05,16.907175064086914,17.098396472048126,16.086516711548295,16.110418437735532,56410100
2007-12-06,17.0665225982666,17.090425837985343,16.68407988092039,16.81156078670246,29484300
2007-12-07,16.843427658081055,17.162131393122905,16.77968721501109,17.130260411741904,24556300
2007-12-10,17.24181365966797,17.281652404538065,16.915143550196827,16.96295004404094,25332600
2007-12-11,16.78766632080078,17.289623979388914,16.739861336071026,17.289623979388914,30365600
2007-12-12,17.026687622070312,17.377259399183192,16.779692004936386,17.058557092856724,39807900
2007-12-13,17.217906951904297,17.345387859227408,16.939041897250384,17.00278235091194,30334600
2007-12-14,16.891244888305664,17.082466339305842,16.827504404638937,17.01872585563912,26260100
2007-12-17,16.684091567993164,16.859377556306878,16.58848006183538,16.851409804152617,36971900
2007-12-18,16.93108367919922,16.939051430352606,16.429127514080882,16.803602700131286,38884600
2007-12-19,16.540668487548828,17.050592264990836,16.381316547251835,16.99481954179471,68576400
2007-12-20,17.60832405090332,17.927026439217503,17.560519072579407,17.871253711224128,78506700
2007-12-21,18.094343185424805,18.134181930606537,17.727835847909308,17.7676730733983,58166900
2007-12-24,18.134183883666992,18.166053363551995,17.863286466026388,18.03857240462617,15394700
2007-12-26,18.325403213500977,18.325403213500977,17.96686210796843,17.974829856946123,24286900
2007-12-27,18.35727310180664,18.572396232453762,18.253693891038917,18.365239330610954,34093100
2007-12-28,18.301494598388672,18.556457931811032,18.24572189159675,18.413041531664792,21955900
2007-12-31,17.990760803222656,18.29352758931108,17.927020347220232,18.078404500110615,20004400
2008-01-02,17.919052124023438,18.181981688007088,17.831408429464783,17.966857084831656,42775700
2008-01-03,18.413047790527344,18.413047790527344,17.871252992340864,17.871252992340864,42045400
2008-01-04,17.55254364013672,18.22978534898988,17.36132229084606,18.142143180372617,44738600
2008-01-07,17.72784423828125,17.91109799377076,17.361336727302227,17.49678396594742,40045600
2008-01-08,16.851402282714844,17.783607592976992,16.8434345341169,17.719867123886104,43551600
2008-01-09,17.217906951904297,17.281647405565852,16.851398203581137,17.00278235091194,47973000
2008-01-10,17.2736873626709,17.369297325957522,16.78766523693616,17.09839989715714,42107400
2008-01-11,16.81157112121582,17.28165782014642,16.779700115332226,17.15417683599845,46251400
2008-01-14,17.576454162597656,17.62426066363455,16.81156838232284,17.082465809426743,48826100
2008-01-15,16.9788761138916,17.568475586111383,16.97090836862879,17.337417052257965,39579500
2008-01-16,17.464900970458984,17.791570984511576,16.61237183526357,16.7557882355193,76869400
2008-01-17,17.058563232421875,17.488812640583472,16.970919496753474,17.44897388814646,52783800
2008-01-18,17.19400405883789,17.393193170511033,16.867334037269323,17.010750440824758,51486500
2008-01-22,16.11041831970215,16.56457086993691,15.68017053486481,16.158224811111694,66962800
2008-01-23,16.421159744262695,16.47693248257988,15.552694625541326,15.600499612714177,56349500
2008-01-24,16.421159744262695,16.707991186992945,16.05465079008912,16.413191993118364,43764900
2008-01-25,16.158218383789062,16.795622818780092,16.1104119113957,16.73188237528099,42303500
2008-01-28,16.142288208007812,16.253833640935724,15.94309906652651,16.038709003409707,29189600
2008-01-29,15.99090576171875,16.158225448870898,15.688138902638128,16.11838670445719,35571800
2008-01-30,16.15025520324707,16.413184796959218,15.783746409764774,15.951066071050217,42369000
2008-01-31,16.37335777282715,16.516774293765312,15.83953045583152,15.895304729291354,52510400
2008-02-01,16.476932525634766,16.55660851759314,16.11042357050349,16.55660851759314,41937100
2008-02-04,16.0944881439209,16.476931047377793,16.05464939166934,16.476931047377793,26668700
2008-02-05,15.34553337097168,15.839521646472175,15.3056946263715,15.75984719665725,55269500
2008-02-06,15.680174827575684,16.006845009842422,15.457082365667128,15.56862935646794,50356200
2008-02-07,15.29772663116455,15.6164289527112,15.162277954545658,15.345531599473412,59196500
2008-02-08,15.289756774902344,15.449107153857017,15.090567661439753,15.265853534197593,38131800
2008-02-11,15.488957405090332,15.592535152440892,15.273832637869788,15.305702129480167,44115100
2008-02-12,15.465043067932129,15.847485811447259,15.377399369325271,15.576588488200949,36472700
2008-02-13,15.66423511505127,15.87935976837818,15.50488318228482,15.696106109481622,33598000
2008-02-14,15.210086822509766,15.71204291767875,15.138378591815208,15.656270187070298,36483300
2008-02-15,15.210086822509766,15.313664533683612,15.090573611249813,15.154314091901316,25070700
2008-02-19,15.154315948486328,15.457082888750314,15.13041269542873,15.385374649270638,34260000
2008-02-20,15.480982780456543,15.536755505788012,15.122441660907395,15.154312658064114,36662000
2008-02-21,15.050741195678711,15.616439529286561,14.987000688199728,15.52879576161787,55583400
2008-02-22,15.058697700500488,15.154309150145725,14.485033561706375,15.082600942834906,61623500
2008-02-25,15.114474296569824,15.233989019258662,14.827642913317968,15.018864342050149,56319700
2008-02-26,15.305693626403809,15.417240584303892,15.034797779284624,15.058699504790441,48428800
2008-02-27,15.289756774902344,15.49691363526652,14.9869884714115,15.233984066283591,37850700
2008-02-28,15.465043067932129,15.616427223791508,15.074632577298889,15.218048986040156,42274100
2008-02-29,14.979022979736328,15.289759076912867,14.923250262720494,15.281791328811668,43803100
2008-03-03,15.098539352416992,15.281793019946367,14.867479190989993,14.947155161126638,41836600
2008-03-04,14.692198753356934,15.122446721090125,14.500977265509594,14.994965729191897,71509100
2008-03-05,14.979022979736328,15.122439406172798,14.835608072992422,14.907314766518095,58178200
2008-03-06,15.321629524230957,15.616430143957306,15.194148585887849,15.210084083103903,69112300
2008-03-07,15.13838005065918,15.576595707406293,15.034802329503835,15.241957771814524,46510200
2008-03-10,15.361471176147461,15.536757119638537,15.202119213197065,15.27382744455545,36576100
2008-03-11,15.544718742370605,15.895292010857466,15.218048714812056,15.656264160651373,48217800
2008-03-12,15.680174827575684,16.070585496145856,15.480985617915817,15.600498839773124,48200300
2008-03-13,15.807650566101074,15.927163748386294,15.425207774911346,15.59252592617214,43684900
2008-03-14,15.552691459655762,15.974971546494594,15.35350228067357,15.943102068097716,43595500
2008-03-17,15.361471176147461,15.528789369521723,15.082606000830744,15.082606000830744,41039200
2008-03-18,15.951066970825195,15.974968695433892,15.449109478346694,15.648298621779498,38445300
2008-03-19,15.584555625915527,16.325539362309108,15.57658787910898,16.142285744835426,43142100
2008-03-20,15.998868942260742,16.07057714203704,15.584555236818202,15.82358307596995,45441300
2008-03-24,16.548627853393555,16.660173243279583,16.229925653939215,16.269762858986525,34487700
2008-03-25,16.79562759399414,16.85936805561548,16.50879475685187,16.755790375365482,43212600
2008-03-26,16.684091567993164,16.970923047079847,16.43709581029111,16.96295681461892,85438700
2008-03-27,15.480982780456543,15.69610745218603,15.337566332636884,15.496918279034901,117082800
2008-03-28,15.433180809020996,15.823591482041122,15.393342054819094,15.576595765068587,38130200
2008-03-31,15.584555625915527,15.640328333869055,15.449106969588827,15.520815171155453,32073900
2008-04-01,16.26180648803711,16.269774238557847,15.71204385965032,15.863428080158311,44724400
2008-04-02,16.32554817199707,16.540672892783807,16.142294455634946,16.261807682840978,32243000
2008-04-03,16.476932525634766,16.49286802796507,16.15026232632925,16.253840052089938,36848900
2008-04-04,16.214000701904297,16.48489812742609,16.18212970139917,16.42115764610878,53991200
2008-04-07,16.11838722229004,16.381316865096764,16.09448549456664,16.293674663956363,24030900
2008-04-08,15.871391296386719,16.05464494693097,15.807650830123825,15.959035007382921,35278100
2008-04-09,16.11041831970215,16.14228931397518,15.831554718276397,15.871391941425033,31565400
2008-04-10,16.29368019104004,16.572543907026592,16.062619946716012,16.08652320224055,49075300
2008-04-11,15.807650566101074,16.046676930671513,15.783747321767004,16.006839709807295,28955200
2008-04-14,15.823585510253906,16.054644118651574,15.77577902325369,15.799682266753798,21577300
2008-04-15,16.078550338745117,16.126355314902874,15.87936116511288,15.895296663729727,24994100
2008-04-16,16.548627853393555,16.684076478123142,16.166185214048348,16.174151439304243,47112400
2008-04-17,16.891244888305664,16.907178869452594,16.4848987350454,16.596444201538922,37481600
2008-04-18,17.369293212890625,17.472872421565267,16.915142195590178,17.16213783492656,47169800
2008-04-21,17.33742904663086,17.45694226887056,17.058563848276176,17.241817557023253,26095700
2008-04-22,17.35335922241211,17.433033666324338,17.1302668282571,17.162137821576074,29861500
2008-04-23,17.45693016052246,17.49676736707308,17.281644324130916,17.36132025692417,25501200
2008-04-24,17.536611557006836,17.751736186665056,17.162136531807057,17.464903347120764,35155700
2008-04-25,17.20197296142578,17.512707510211822,16.931075629774003,17.49677201548115,28692400
2008-04-28,17.13823890686035,17.369297588033486,17.034659672095195,17.1940116395679,24818500
2008-04-29,17.33742904663086,17.433039016545393,16.994823361768795,17.058563848276176,25801300
2008-04-30,16.612380981445312,17.194013129648454,16.572542226278106,17.122304890040603,41907200
2008-05-01,17.385236740112305,17.40913999616147,16.700025263636,16.739864023717942,35781100
2008-05-02,17.13823890686035,17.584422288213744,16.962952958394766,17.57645453787081,36754700
2008-05-05,17.170106887817383,17.273686113529386,17.00278870431887,17.1302696592776,30525500
2008-05-06,17.130268096923828,17.345392758681218,16.93107893300611,17.05855987633803,32882300
2008-05-07,16.723915100097656,17.13026100871392,16.660174654806404,17.074488309045588,37811800
2008-05-08,16.81157112121582,16.95498760830559,16.731895126200037,16.85140835887711,26097900
2008-05-09,16.731895446777344,16.811571443319693,16.492868976843532,16.60441446018688,21073100
2008-05-12,17.13823890686035,17.233848871589583,16.795633240579125,16.835470472600807,24786200
2008-05-13,17.26572036743164,17.305557600594216,16.9788874256434,17.17010888027122,20443900
2008-05-14,17.35335922241211,17.64019056381986,17.20994279186193,17.31352048076339,26521200
2008-05-15,17.42506217956543,17.45693164357499,17.16213264279494,17.225873090506205,21660300
2008-05-16,17.2736873626709,17.504746040357716,17.05856266573654,17.448973308491688,33779900
2008-05-19,17.87125587463379,18.12621781614962,17.425072476981082,17.560521198372996,41541600
2008-05-20,17.6561222076416,17.87921455311443,17.56847851483223,17.719862660677798,25913800
2008-05-21,17.536611557006836,18.094340220941028,17.480838842582667,17.71986519574125,30644300
2008-05-22,17.7756404876709,17.903121430466147,17.57645132459173,17.58441907347802,24186400
2008-05-23,17.512704849243164,17.767666647424086,17.440996653543255,17.7597004209616,19994200
2008-05-27,18.05450439453125,18.12621260994821,17.544580657959617,17.568482383303532,29198000
2008-05-28,18.158090591430664,18.285571574634343,18.038575839945672,18.158090591430664,26752100
2008-05-29,18.158090591430664,18.325408812000546,17.911094856741993,18.197927828796868,32460500
2008-05-30,18.19792366027832,18.27759963645289,18.070442706276147,18.174020411518097,25258000
2008-06-02,18.070444107055664,18.142152339202152,17.807514429082865,18.142152339202152,31834700
2008-06-03,18.253694534301758,18.779553796090763,18.086376369047386,18.118245844465637,50881500
2008-06-04,18.253694534301758,18.444915945889335,18.09434259813243,18.09434259813243,35156400
2008-06-05,18.468820571899414,18.49272230032546,18.094343949834766,18.205890921363267,31050400
2008-06-06,17.895151138305664,18.373205365692733,17.895151138305664,18.325400398861774,41297500
2008-06-09,17.96686363220215,18.062475108353016,17.72783722136427,18.038571859392086,26286600
2008-06-10,17.92702293395996,18.062471612470915,17.624256104184475,17.775638759225938,28076900
2008-06-11,17.58441162109375,18.150109394732517,17.56847613007473,17.974822032907404,28994300
2008-06-12,17.41710090637207,17.735803263368027,17.313521690540437,17.632224047536397,35103700
2008-06-13,18.030609130859375,18.054512386476826,17.488815680769978,17.600361167598194,31789500
2008-06-16,18.27760124206543,18.325406224092507,17.79157911242905,17.919060077629908,32562000
2008-06-17,17.950929641723633,18.341340256358748,17.92702639277717,18.341340256358748,27281700
2008-06-18,17.879228591918945,18.06248234832768,17.7039410686641,17.80752033598623,23148400
2008-06-19,18.08637809753418,18.325404504938856,17.743772465812732,17.7915774433551,41127200
2008-06-20,17.60832405090332,18.0704428938821,17.45693984656926,18.038571895204253,52614700
2008-06-23,17.592384338378906,17.855313935730926,17.393195203424575,17.775637977810693,32593700
2008-06-24,17.711896896362305,17.87921655411603,17.385226848030086,17.480838298131136,28450200
2008-06-25,17.96686363220215,18.205891562732887,17.680032243135262,17.855318176436853,61229800
2008-06-26,17.0665225982666,17.703927127176954,17.0665225982666,17.273679450085535,70022700
2008-06-27,16.962953567504883,17.297589975766396,16.707990106454663,17.04262803440922,40295600
2008-06-30,16.731895446777344,17.010760674828948,16.731895446777344,16.795635940072575,36317800
2008-07-01,16.9788761138916,17.002779349680033,16.453017084082283,16.564563998069605,47419800
2008-07-02,16.588476181030273,17.05059506001321,16.572540680449798,16.94701734562608,32334200
2008-07-03,16.516761779785156,16.88327055779536,16.48489231021911,16.763757387460966,21598100
2008-07-07,16.803600311279297,16.99482175269656,16.421157428444772,16.55660613941028,34574700
2008-07-08,17.19400405883789,17.209939552497897,16.707982140053883,16.80359358232161,38512800
2008-07-09,16.819534301757812,17.21791264887899,16.78766330453558,17.114333427599522,41640900
2008-07-10,16.962953567504883,17.066531286296346,16.676120623631537,16.86734207964942,31664300
2008-07-11,16.700023651123047,16.931083878207776,16.492868197472603,16.787667395147345,36881300
2008-07-14,16.29368019104004,16.883280150072466,16.14229594543786,16.81157190319213,38892700
2008-07-15,16.13432502746582,16.29367699363897,15.919200329039962,16.13432502746582,51034800
2008-07-16,16.285707473754883,16.373349677903228,16.006842323099868,16.11042002607257,37598100
2008-07-17,16.6203556060791,16.763772144606893,16.229944762138864,16.33352252902352,37414500
2008-07-18,16.875303268432617,16.931075981456033,16.4530217674529,16.644243149115663,35894400
2008-07-21,16.803600311279297,17.06652998318965,16.747827580827543,16.891244041813724,21452900
2008-07-22,17.20197296142578,17.225876203521793,16.851399675813052,16.85936742317839,32973700
2008-07-23,17.130268096923828,17.201976317509626,16.843435214580644,17.16213909260317,32196800
2008-07-24,16.69205093383789,17.042622734333357,16.612374972018895,16.88327233038794,30294300
2008-07-25,16.69205093383789,16.71595265859879,16.445055300229747,16.70798491044763,22856500
2008-07-28,16.508800506591797,16.81156894451172,16.484898774967018,16.51676825703106,20871700
2008-07-29,17.074491500854492,17.18603692104283,16.604405059071674,16.6203405532964,31769100
2008-07-30,16.9788761138916,17.090423027878927,16.707978853724132,17.058552046827685,31664400
2008-07-31,17.15416145324707,17.44896039484753,16.71594463347159,16.77968506838724,37252500
2008-08-01,17.130268096923828,17.281652287015255,16.94701443084578,17.19400856858979,25008100
2008-08-04,16.93108367919922,17.201981139641855,16.843439936205087,17.122305147801114,26000600
2008-08-05,17.69596290588379,17.70393065404399,16.978882288084232,17.066525998153843,42677200
2008-08-06,18.213857650756836,18.253694875697892,17.552549686763363,17.59238691170442,42928500
2008-08-07,18.126216888427734,18.341341585456266,17.895156690946802,18.030605405406288,38857800
2008-08-08,18.739713668823242,18.819389624564867,18.03856708192789,18.126210785212923,47770000
2008-08-11,18.38913917541504,18.739712445986488,18.26165826242403,18.652068748420536,33999200
2008-08-12,18.245731353759766,18.333375092565777,18.070445395840817,18.309471840247845,29979400
2008-08-13,18.33336639404297,18.44491181254955,17.9827931248464,18.15808051929086,26117000
2008-08-14,18.476783752441406,18.644101888821503,18.12621046518332,18.15011370739152,32146100
2008-08-15,18.373212814331055,18.68394902393831,18.261667339939947,18.588337531822283,26526700
2008-08-18,18.14215087890625,18.508658240649243,17.966863427904958,18.36524178790013,23069400
2008-08-19,17.974836349487305,18.142156099069577,17.88719411846162,18.07044785206193,22491600
2008-08-20,18.05450439453125,18.285564537473153,17.92702346038834,18.070439891222264,21921000
2008-08-21,17.767677307128906,17.887192051459664,17.656131833426176,17.839385545850117,22441800
2008-08-22,18.08637809753418,18.181988052618916,17.83938242089747,17.94296164521424,18335600
2008-08-25,17.69596290588379,18.094341195738274,17.680028929255965,17.95889403609262,20109600
2008-08-26,17.648162841796875,17.831416541337788,17.536617375935972,17.656130592171653,16293400
2008-08-27,17.799549102783203,17.982802823360235,17.63222936509183,17.688003624117737,21416200
2008-08-28,18.03857421875,18.110282455319023,17.74377504147117,17.75971054286274,18706100
2008-08-29,17.47286605834961,17.871244211910916,17.2896124724375,17.8473409756081,35278800
2008-09-02,17.170106887817383,17.823448681596947,17.1302696592776,17.767674434071253,43670400
2008-09-03,16.883277893066406,17.186044824102723,16.73986141847807,17.146207589913995,40639000
2008-09-04,15.879362106323242,16.64424784895523,15.871394356542549,16.604410619744645,80189500
2008-09-05,15.99090576171875,16.190094924709154,15.69610665152087,15.712040629593643,47196900
2008-09-08,15.34553337097168,16.453024636080492,15.090571484301398,16.229933745090353,93829900
2008-09-09,15.273828506469727,15.81562339453787,15.154315285794237,15.457082212818348,62465800
2008-09-10,15.26585578918457,15.457077183991736,15.162278103548733,15.417239963291617,52165600
2008-09-11,15.417242050170898,15.457079276263386,15.050733187410408,15.162280155916347,49981500
2008-09-12,15.624395370483398,15.672200334722245,15.17024441098331,15.313659303699854,39169200
2008-09-15,15.146340370178223,15.528783103303262,15.074632167755738,15.178209838092476,41749400
2008-09-16,15.106504440307617,15.178212656043279,14.660321168824415,14.81967309705758,61197300
2008-09-17,14.421292304992676,14.99495641208901,14.397389063979029,14.891378740414583,50033700
2008-09-18,14.939184188842773,15.098536094734056,14.214135904452995,14.636417391280215,76944900
2008-09-19,15.99090576171875,16.731889691193885,11.951349779424202,16.723921942311144,76248200
2008-09-22,15.735940933227539,16.540665183568343,15.616427761723791,15.91919456417945,39592900
2008-09-23,15.688139915466309,16.373349646999475,15.648301168480607,15.791717618243515,42062600
2008-09-24,15.895297050476074,16.33351263525205,15.75188059882057,15.85545830296464,32234300
2008-09-25,16.309602737426758,16.588467777544025,16.102445893902278,16.206025075510624,40432400
2008-09-26,16.42912483215332,16.61237851968708,15.919199479429823,15.927167229282537,39221800
2008-09-29,14.955122947692871,16.357414858666612,14.341619951699471,16.20603066699582,59105400
2008-09-30,16.182132720947266,16.26180871738449,15.218057571167211,15.226025322780258,51036400
2008-10-01,15.823585510253906,16.08651510998505,15.57658988649699,16.08651510998505,35077900
2008-10-02,15.528787612915039,15.92716595553377,15.425209912498989,15.807652756686705,43966500
2008-10-03,15.520819664001465,16.365382833665432,15.520819664001465,15.67220385776278,53659800
2008-10-06,14.580643653869629,15.377400170904963,13.74404991885951,15.050730120495873,79751400
2008-10-07,13.36957836151123,14.739999378236197,13.36957836151123,14.572681195827705,64087300
2008-10-08,13.44925594329834,14.046823624517092,12.756078284112782,12.995104748723001,75915900
2008-10-09,12.91542911529541,13.99105127552092,12.748110889325766,13.720153797547288,58118900
2008-10-10,13.289900779724121,13.568765903075162,12.174441046166285,12.509078890249004,96946200
2008-10-13,15.026823997497559,15.034791742697925,13.576727804255016,13.959170455720566,54677400
2008-10-14,14.094626426696777,15.48895064953849,13.839664526242283,15.40927467572326,59134200
2008-10-15,12.708266258239746,14.126492641731831,12.700298510729185,13.863563052653136,55101100
2008-10-16,13.536893844604492,13.536893844604492,12.19834333332435,12.875585957047102,70756900
2008-10-17,13.560797691345215,14.333651045949201,12.915423751422622,13.074775679236435,52293900
2008-10-20,14.469100952148438,14.469100952148438,13.62453931058381,13.831696226381311,42566000
2008-10-21,14.094626426696777,14.668290702719387,14.014950452881548,14.261944603985238,46932000
2008-10-22,13.680309295654297,13.943238882362579,13.234126076932576,13.744049755471686,46864400
2008-10-23,13.505024909973145,13.919337184923577,12.756073284224977,13.528926635249695,62156400
2008-10-24,12.907454490661621,13.3137989237164,12.333788901045924,12.517043271044951,54151300
2008-10-27,12.564851760864258,13.361608349078464,12.19834369989187,12.74013766318205,62876600
2008-10-28,14.038851737976074,14.086656707703845,12.405499822069249,13.06680772879167,47608000
2008-10-29,13.775923728942871,14.636420882698223,13.361609890547724,13.831696453401301,58715900
2008-10-30,14.59658145904541,14.827641615006467,14.174301410788253,14.445197271336188,71484400
2008-10-31,14.572673797607422,14.835603321975082,14.190229609688219,14.23006833743609,55114800
2008-11-03,14.604546546936035,14.668287005985649,14.373487952765842,14.429260664472702,28389100
2008-11-04,15.058697700500488,15.138373655256112,14.596578986548788,14.739995401170425,38671300
2008-11-05,14.198200225830078,14.947151742300287,14.11055652675703,14.859508043227239,37384600
2008-11-06,13.42535400390625,14.006986173362462,13.266002016800877,13.88747294288002,54420800
2008-11-07,13.967144012451172,14.070721703769127,13.520959213731533,13.608602927710862,35136500
2008-11-10,13.991046905517578,14.214139323489027,13.831696480988915,14.206171574308678,24816800
2008-11-11,13.775923728942871,13.959177400647075,13.377545388876637,13.84763043203745,35681000
2008-11-12,13.122581481933594,13.576734049097393,13.066808759569454,13.401446613447002,44447600
2008-11-13,14.118524551391602,14.142427793342858,12.453304114277255,13.011033509087731,62134400
2008-11-14,13.46518611907959,14.174300520309972,13.273964719103983,13.752018978889298,51944100
2008-11-17,13.074773788452148,13.53689248865263,12.987130088859722,13.234125693221579,41318500
2008-11-18,13.560797691345215,13.568765439705166,12.684365127754466,13.162419391503294,55664200
2008-11-19,12.74810791015625,13.78389106997929,12.724205420581711,13.465188676163962,65869100
2008-11-20,12.270047187805176,13.353636283767122,12.206306742142244,12.764036781461973,67199300
2008-11-21,13.050877571105957,13.138521317870225,12.0310296946921,12.301926406941227,73239000
2008-11-24,13.258036613464355,13.536901880438993,13.003074604696724,13.202263864008117,75407900
2008-11-25,12.732170104980469,13.425349015738135,12.525013966435893,13.417381267373953,73396600
2008-11-26,12.85965347290039,12.947297201798913,12.461275857306875,12.469242847332373,52962900
2008-11-28,12.819815635681152,12.86762061295438,12.548918231644823,12.827783385175495,19899100
2008-12-01,12.32582950592041,12.77998145746439,12.254121263053118,12.517050980335457,51362300
2008-12-02,12.580784797668457,12.764039183317566,12.158504075727922,12.43736838801665,41701000
2008-12-03,12.851685523986816,12.867621023483908,12.445340164814663,12.684367338345977,72210200
2008-12-04,12.301925659179688,12.740142086824626,12.110704193975314,12.60469335900989,48105900
2008-12-05,13.00306510925293,13.066805564898587,12.086795489461968,12.134600451273128,57184100
2008-12-08,13.576735496520996,13.799826409761408,13.026972923748941,13.154453879798567,49736700
2008-12-09,13.497058868408203,14.078690892307243,13.226161469938798,13.337706921181683,44413400
2008-12-10,13.855600357055664,14.014952325983554,13.457221954428942,13.656411155742303,36795000
2008-12-11,13.114615440368652,13.77592500504247,13.066810460646378,13.77592500504247,36833500
2008-12-12,13.417379379272461,13.497055332009616,12.803876518796478,12.8357475077683,33021700
2008-12-15,13.106646537780762,13.25802919598396,12.85168315196426,13.06680779639103,37179300
2008-12-16,13.759990692138672,13.863568410420093,13.154455324550645,13.23413131075568,57317700
2008-12-17,13.337705612182617,13.57673350956354,13.28990064058349,13.52095926972314,38961500
2008-12-18,13.234131813049316,13.520963246703714,13.019007098038697,13.409417773598843,45269900
2008-12-19,14.166337966918945,14.46910491465076,13.234132350383165,13.895440504356879,90125800
2008-12-22,13.959181785583496,14.174306521521713,13.68031655599987,14.174306521521713,32738500
2008-12-23,13.783890724182129,14.150399607644795,13.608604791904327,13.967145925759887,26611800
2008-12-24,13.79982852935791,13.903407771865616,13.688283055604781,13.823731782173482,8337100
2008-12-26,13.887467384338379,13.911369109052155,13.752018705420907,13.863564139932036,9496000
2008-12-29,13.720148086547852,13.863564517506724,13.56079767857669,13.799824050379737,21226900
2008-12-30,14.20616626739502,14.230069506006672,13.744047625415126,13.82372356776177,24498300
2008-12-31,14.126495361328125,14.333652277406658,14.086658135798412,14.19023583399131,23404500
2009-01-02,14.668286323547363,14.724059032659413,14.038849509678368,14.054783483930136,27833600
2009-01-05,14.413331985473633,14.540812963855268,14.230078269011672,14.493007976885439,28309400
2009-01-06,14.652356147766113,14.899351834471428,14.36552475112659,14.4770702098368,29856600
2009-01-07,14.062753677368164,14.540807941011163,13.927304994664192,14.389423761590814,38635700
2009-01-08,14.038851737976074,14.078688959467119,13.791856101715316,13.943240278827945,35148700
2009-01-09,13.831701278686523,14.110564998262223,13.744057526995135,14.110564998262223,32028400
2009-01-12,13.584704399108887,13.919342354496859,13.417386181261485,13.871537366496625,34575200
2009-01-13,13.656412124633789,13.799828602905365,13.473158411150381,13.544866650286169,32780400
2009-01-14,13.034941673278809,13.481125053675967,12.891525206799331,13.441287821739662,39968400
2009-01-15,13.170387268066406,13.289900455243826,12.644527268885348,13.011035338701431,45102600
2009-01-16,13.473155975341797,13.592669179063643,13.074777616473755,13.33770727253895,38250300
2009-01-20,12.827784538269043,13.528929840176238,12.787945787216213,13.465189358184675,34055200
2009-01-21,13.457220077514648,13.481123325427882,12.947296279574633,13.066809479755225,56144800
2009-01-22,13.265997886657715,13.489090295210568,13.074776473480712,13.090711971168638,36650800
2009-01-23,13.36957836151123,13.560799792703586,13.058842206092413,13.090713204470894,34362500
2009-01-26,13.512993812561035,13.831697729777945,13.369578873444912,13.40144835335086,27890000
2009-01-27,13.767961502075195,13.887474748092993,13.528933490346228,13.560804499787439,27379200
2009-01-28,14.21413516998291,14.349583827083903,13.895432894360667,14.110555980597978,32607600
2009-01-29,14.014945983886719,14.238038335492563,13.752016417922693,14.0786864386752,27538600
2009-01-30,13.409418106079102,14.15040224080375,13.377548621413133,14.03885676493316,33537000
2009-02-02,13.46518611907959,13.624538045572228,13.154451534080803,13.226159749033231,25466300
2009-02-03,13.584704399108887,13.59267215039112,13.146488716438213,13.425353932543718,31190700
2009-02-04,13.712178230285645,14.046816011183157,13.584697315628723,13.664373267212394,26574100
2009-02-05,14.038851737976074,14.102592204177299,13.33770509007002,13.43331654921815,35402800
2009-02-06,14.317720413208008,14.397396404182233,13.927309729096736,14.094629462111925,29569000
2009-02-09,14.38145923614502,14.413330236720123,14.198205541917028,14.301784774093163,23314600
2009-02-10,14.006986618041992,14.4133328303371,13.736089143178589,14.198208096823238,44734500
2009-02-11,14.18226432800293,14.349583974228047,13.999010707602555,14.062751163380613,28637900
2009-02-12,13.983081817626953,14.030888321807677,13.497061182667373,13.983081817626953,42572500
2009-02-13,14.118524551391602,14.309745927924414,13.887465957965771,13.951206416810043,27489800
2009-02-17,13.512993812561035,13.81576222997852,13.393480603451147,13.664378021269778,41029500
2009-02-18,13.736082077026367,13.951206699875243,13.544860696613737,13.600633409272533,41327900
2009-02-19,13.409418106079102,13.839667546768174,13.385514852809777,13.815764293498848,32818200
2009-02-20,13.194289207458496,13.345673390838668,13.019003298071164,13.258029676298676,46460000
2009-02-23,12.636560440063477,13.289901422405837,12.604690203840413,13.162420477513582,32342400
2009-02-24,13.098679542541504,13.146484515264879,12.548917037298294,12.564852534770313,37697900
2009-02-25,12.939326286315918,13.202255888992752,12.756072643172901,13.050871717847748,33469700
2009-02-26,12.572818756103516,13.042906024827353,12.572818756103516,13.042906024827353,36230900
2009-02-27,12.381600379943848,12.612659816666973,12.278021906951208,12.349730139011227,52301300
2009-03-02,12.110699653625488,12.501110188679581,12.062894685169947,12.11866740165017,47340600
2009-03-03,11.959321975708008,12.30989469860878,11.927451728171574,12.270056699226577,39128500
2009-03-04,11.919480323791504,12.333793414805516,11.831837359884757,12.270052939264898,71256500
2009-03-05,11.576874732971191,12.17444226286081,11.568907743389266,11.903544861068758,67101400
2009-03-06,11.529067039489746,11.839801595511988,11.26613744908036,11.632645478112568,52932400
2009-03-09,11.035076141357422,11.712318606879812,10.995238170480553,11.401584105701644,60034700
2009-03-10,12.023058891296387,12.102734106493383,11.15459395467816,11.290042656344108,58945900
2009-03-11,12.222247123718262,12.317857830467412,11.736225081268802,12.17444139042051,46562000
2009-03-12,12.453307151794434,12.493145138250636,12.015090820468975,12.23021549142464,27419900
2009-03-13,12.39753532409668,12.509080782432935,12.174442887731276,12.469242793092938,30867300
2009-03-16,11.871672630310059,12.58875400170935,11.815899913367083,12.381597110426469,39883700
2009-03-17,12.270047187805176,12.429399061808555,11.67247993983065,11.895572259496962,52106400
2009-03-18,12.612658500671387,12.819815425042062,12.00712322628621,12.070863701500816,58521300
2009-03-19,13.839664459228516,14.413328732473355,13.82372896060407,13.991047137082353,112624400
2009-03-20,13.624545097351074,14.110565837291828,13.544869092866126,13.943247595597484,75071700
2009-03-23,14.540807723999023,14.540807723999022,13.752018884621911,13.81575935084352,46048300
2009-03-24,14.269912719726562,14.51690687717201,14.102594538142084,14.261944970171182,32228100
2009-03-25,14.413331985473633,14.612521204156582,14.102597290630037,14.365526998503803,34714200
2009-03-26,14.883416175842285,14.883416175842287,14.485037805052901,14.540810533812554,34216000
2009-03-27,14.349589347839355,14.700162745747013,14.285848868191863,14.700162745747013,34232800
2009-03-30,14.070723533630371,14.102594531837648,13.74405340046999,14.070723533630371,33143900
2009-03-31,14.397391319274902,14.652353184589845,14.19820217203603,14.285845883122763,34583400
2009-04-01,14.803733825683594,14.88340976948464,14.12649058291304,14.230069765762067,37135900
2009-04-02,14.994966506958008,15.377409502489424,14.85951775607896,15.082610263318974,46061500
2009-04-03,15.369438171386719,15.496919127608566,15.034800281381154,15.042766511413756,40966900
2009-04-06,15.26558780670166,15.26558780670166,14.930080332148593,15.17771632985812,29302100
2009-04-07,14.810254096984863,15.065878506762273,14.666464985574654,15.009960857578672,29049200
2009-04-08,14.834222793579102,14.986000407980208,14.642504423429255,14.930082740475108,25522400
2009-04-09,15.26558780670166,15.337482374366026,15.009963354402545,15.041915649118975,25806100
2009-04-13,15.225641250610352,15.361441893147253,15.0658767746879,15.073865227030247,21743200
2009-04-14,15.073871612548828,15.18570694543382,14.86617633458946,14.993988578927205,30604400
2009-04-15,14.850196838378906,14.970020606134293,14.466760172104916,14.930079858096454,28350500
2009-04-16,15.321508407592773,15.409379901311521,14.842211705664852,15.025941625583854,30286800
2009-04-17,15.225641250610352,15.537184797395888,14.96202841787889,15.369430345489599,32850100
2009-04-20,15.033931732177734,15.241627043269323,14.16320972645016,14.187175097452322,84059500
2009-04-21,15.60110092163086,15.856725466347719,14.890143442539314,15.001980323584792,66973800
2009-04-22,15.45731258392334,15.77684328238232,15.249617249014365,15.593113321223726,40035100
2009-04-23,15.72092342376709,15.744887270556697,15.289555897846023,15.497251203995907,36144600
2009-04-24,15.808794021606445,16.120336201206193,15.696957156290896,15.77684019618993,42970200
2009-04-27,15.792810440063477,16.20021240023677,15.59310368646725,15.649021333691536,29389700
2009-04-28,15.768851280212402,15.920628899232392,15.585121360349481,15.63305057343498,25051800
2009-04-29,15.65701675415039,15.816781313938709,15.50523912725554,15.537192953398579,28310800
2009-04-30,15.449322700500488,15.928619465785612,15.209675079679133,15.776841826656133,49416900
2009-05-01,15.449322700500488,15.529205748655079,15.273581213474323,15.457311157680188,20402200
2009-05-04,15.153748512268066,15.529198198973125,15.145760058972035,15.497244385789005,38586500
2009-05-05,15.185700416564941,15.32948951053543,14.914099133207683,15.313512605951711,29366500
2009-05-06,15.225641250610352,15.32948960741936,14.930076132150997,15.297535798049976,27110300
2009-05-07,14.714405059814453,15.297548866190898,14.530675069911101,15.169736566810933,54151100
2009-05-08,14.634517669677734,15.001979064602311,14.47475310445855,14.858189889355405,41125900
2009-05-11,14.8262300491333,15.041913724530016,14.410841129116555,14.498711071075356,32102300
2009-05-12,14.682448387145996,14.914109087302291,14.442800753008623,14.890143714431556,33700100
2009-05-13,14.434809684753418,14.650493430654711,14.354926646607508,14.498715810541704,29146000
2009-05-14,14.746344566345215,14.842204469451858,14.458767904308223,14.570603188231415,26242700
2009-05-15,14.714405059814453,14.970029658574386,14.658487369291068,14.850205818361017,22884500
2009-05-18,15.113812446594238,15.12978935813056,14.754339555237705,14.930082534852962,22953400
2009-05-19,15.153748512268066,15.345466820447774,14.993984017272478,15.00996092386454,23414200
2009-05-20,15.129790306091309,15.497250152597145,15.081859568479228,15.241625646568346,29082600
2009-05-21,14.834222793579102,15.04191807548531,14.658481335185618,14.986000407980208,26281200
2009-05-22,14.898133277893066,15.249617821207554,14.730380226273663,14.842215594019931,24378600
2009-05-26,15.233636856079102,15.337485261651304,14.602564061121301,14.746351699876168,28315900
2009-05-27,15.169730186462402,15.537191535358625,15.105824063651166,15.161741730655729,27633200
2009-05-28,15.345467567443848,15.473281302760457,15.041913945626492,15.185703064671147,25588900
2009-05-29,15.64902114868164,15.65700960156804,15.30552529277444,15.401385203769639,42625200
2009-06-01,15.912642478942871,15.992525526733589,15.657017944926507,15.776841754791377,31616300
2009-06-02,16.256132125854492,16.32802668823239,15.792812459220157,15.792812459220157,31008500
2009-06-03,16.248151779174805,16.383952517688755,16.048444900397968,16.168268722935554,27013500
2009-06-04,16.463838577270508,16.511767810300306,16.184248591251464,16.248154743172144,30251800
2009-06-05,16.543710708618164,16.69548830441192,16.38394618156756,16.631582188863284,26652000
2009-06-08,16.671533584594727,16.831298199054864,16.399932064005398,16.455849755248586,34885600
2009-06-09,16.767379760742188,16.935134235177443,16.6395675533828,16.735427470723188,23790000
2009-06-10,16.567678451538086,16.9271513553763,16.32004240869521,16.823302950426505,33270900
2009-06-11,16.727445602416992,16.93514090205002,16.50377338966397,16.50377338966397,26073600
2009-06-12,16.655546188354492,16.775369954731346,15.553163880946993,16.655546188354492,23154700
2009-06-15,16.15228271484375,16.495778596768982,15.976541308956246,16.4877901432775,40579100
2009-06-16,15.728906631469727,16.192226306370323,15.720918177325013,16.120331742709727,41410900
2009-06-17,15.928618431091309,16.11234836336241,15.736900042159423,15.752875431838676,33324200
2009-06-18,16.17625617980957,16.3440092162518,15.960572398404581,16.1123500435017,34591500
2009-06-19,16.50377082824707,16.711466095645395,16.272111718530287,16.312052471489093,51092900
2009-06-22,15.9525728225708,16.57565836003733,15.920620538507636,16.312045541040224,38852500
2009-06-23,15.872694969177246,16.144294778377176,15.760858140356587,16.144294778377176,39341200
2009-06-24,16.983062744140625,17.374487803779584,16.599626137593276,16.6635322386845,99417800
2009-06-25,17.27863121032715,17.342537323697623,16.8792176208512,16.975077552727875,49521000
2009-06-26,16.967086791992188,17.20673582729063,16.895192233766828,17.20673582729063,37033500
2009-06-29,17.174787521362305,17.342540528594792,16.95111532141011,17.04697527100168,28022200
2009-06-30,17.11087989807129,17.374492831815218,16.999044569707827,17.174786017656423,32109600
2009-07-01,17.366504669189453,17.574199942253134,17.27064625001674,17.278633181912717,28169700
2009-07-02,16.807331085205078,17.046978722238425,16.663541893528066,17.03899026451831,27417800
2009-07-06,16.51175880432129,16.807325548020774,16.375958115104016,16.711465610603046,37209100
2009-07-07,16.120330810546875,16.599627366021434,16.07240161209194,16.511755899152604,35542700
2009-07-08,16.431867599487305,16.607610476684766,15.808783649107232,16.14428945399419,55776800
2009-07-09,16.232166290283203,16.591639091685266,16.1203309847989,16.40790922592055,31907000
2009-07-10,16.367971420288086,16.47980675626761,16.128323836434195,16.136312292381614,22410400
2009-07-13,16.59218978881836,16.60019778597269,16.11172217851288,16.43203442783963,26523000
2009-07-14,16.520109176635742,16.59217957930902,16.239837085537822,16.52811716886259,22065800
2009-07-15,17.22481346130371,17.240829460859924,16.632235224051854,16.672273695572606,32308800
2009-07-16,17.32891082763672,17.43301327589945,17.088676993347978,17.27285636812731,24399500
2009-07-17,17.40898895263672,17.40898895263672,17.136723130989335,17.368950490134814,21094800
2009-07-20,17.22481346130371,17.481063344723996,17.088680519815462,17.376962402348173,28079300
2009-07-21,17.561126708984375,17.6171811318431,17.160736228715212,17.593157153174303,36397100
2009-07-22,17.4169921875,17.601171508431435,17.32089776545763,17.489062622189522,26150500
2009-07-23,17.777345657348633,17.93750100260644,17.28886857046868,17.33691502130911,33195600
2009-07-24,17.881446838378906,18.001563731065445,17.545118622435105,17.56914261192008,24623700
2009-07-27,17.601167678833008,17.865425372742013,17.416988397974634,17.84941091202684,23778600
2009-07-28,17.80937957763672,17.87344203366756,17.392972849751555,17.505083293332596,26375300
2009-07-29,17.625198364257812,17.841409703514437,17.481057471420065,17.72129127457013,21026500
2009-07-30,17.72929573059082,17.993553472223482,17.545116416470563,17.809374158103225,28861800
2009-07-31,17.72128677368164,17.95351404813185,17.673240330728415,17.745310758842695,24391100
2009-08-03,17.857423782348633,17.92148623028811,17.6171899844179,17.87343977617581,24046200
2009-08-04,17.52910041809082,17.841406132520405,17.360937095017864,17.809374150581384,28735000
2009-08-05,17.168746948242188,17.497067072015255,16.960543682152416,17.481051083692492,36001800
2009-08-06,16.98457145690918,17.569142994830646,16.888478551613318,17.152736332230727,28036000
2009-08-07,17.16074562072754,17.489065872047227,17.112699164462764,17.16074562072754,25561400
2009-08-10,17.016605377197266,17.14473028373014,16.8404340125569,16.98457338687936,19521600
2009-08-11,17.040624618530273,17.14472550329847,16.840429316971562,16.88046776633573,25855600
2009-08-12,17.52109718322754,17.697270077021795,17.01660554956531,17.056644010498886,34000100
2009-08-13,17.609182357788086,17.64121434611601,17.43301100409232,17.569143899747452,25740300
2009-08-14,17.585159301757812,17.681253744482817,17.344925485999337,17.529104846572125,24254700
2009-08-17,17.136722564697266,17.41699637505712,17.112700098937733,17.336917925330106,19838400
2009-08-18,17.280858993530273,17.585155190846468,17.064647693470114,17.1767581050026,16120100
2009-08-19,17.44101905822754,17.489065513507324,16.97656591753823,17.072658828097797,22257400
2009-08-20,17.56914710998535,17.657232039243492,17.30488926747183,17.39297419672997,21178600
2009-08-21,17.705276489257812,17.72929895271911,17.408986711824806,17.72929895271911,29644200
2009-08-24,17.87343978881836,18.009572681707198,17.64922198455621,17.721290902091017,22218700
2009-08-25,17.801368713378906,18.057618496241545,17.777346250841273,18.009572043797096,30600400
2009-08-26,17.777345657348633,17.82539210818906,17.61718878472169,17.75332166824385,18779300
2009-08-27,17.745311737060547,17.785350187167225,17.441015545090483,17.745311737060547,20012300
2009-08-28,17.745311737060547,18.105663897496516,17.69726529145874,17.85742061925442,23965200
2009-08-31,17.52109718322754,17.76934052859774,17.400980273057424,17.61719162778526,26421900
2009-09-01,17.56914710998535,17.86543541931014,17.3529357313735,17.43301418945599,34860200
2009-09-02,17.433008193969727,17.641211502431975,17.3609377592186,17.48105464134747,21034500
2009-09-03,17.264848709106445,17.29688070223781,16.992582876967823,17.272856707389288,28597100
2009-09-04,17.593170166015625,17.697272623211646,17.2488353812854,17.272857850354022,17831800
2009-09-08,17.52109718322754,17.713286072342978,17.43301226369979,17.713286072342978,24532500
2009-09-09,18.033592224121094,18.081638666415767,17.52109123929208,17.59316166641852,31035100
2009-09-10,18.225778579711914,18.25780903046508,17.985543325903635,18.073629738370215,23557100
2009-09-11,18.305862426757812,18.3779328715379,18.153713540292152,18.27383043913589,22601200
2009-09-14,18.193742752075195,18.3619075468968,18.097649892778676,18.241790709091916,24067800
2009-09-15,18.145706176757812,18.321877532719892,18.097659721017116,18.201760629683505,24791100
2009-09-16,17.72128677368164,18.105662899414096,17.601169902614135,18.09765490436041,86377100
2009-09-17,17.23281478881836,17.425002126971787,17.07265791000591,17.152736349412134,92155400
2009-09-18,17.312883377075195,17.51307859799371,17.272843416470497,17.392960243547943,70094400
2009-09-21,17.27284812927246,17.473043404813158,17.216793696500062,17.264840134966583,25487400
2009-09-22,17.144729614257812,17.384963422783898,17.096683158026458,17.288870510321185,34159300
2009-09-23,16.920509338378906,17.192775120934904,16.856446891152157,17.192775120934904,40677800
2009-09-24,16.952543258666992,17.09668416320495,16.864456810922817,16.944535260929396,28392800
2009-09-25,16.704303741455078,16.976569592595602,16.680279744929877,16.89649113154787,35144400
2009-09-28,16.952543258666992,17.088676165467355,16.680277445066267,16.712309436016657,28379500
2009-09-29,16.912498474121094,17.120700227978787,16.89648248463394,16.912498474121094,23280900
2009-09-30,16.688283920288086,16.976565703063304,16.53613503189347,16.952541712042283,44303900
2009-10-01,16.30390739440918,16.616211605710205,16.095704077752135,16.60019561349757,45924800
2009-10-02,16.28788948059082,16.528123225961863,16.207811056344173,16.21581905150573,41680500
2009-10-05,16.327938079833984,16.560165501784255,16.14375865872368,16.38399255344409,34471700
2009-10-06,16.448049545288086,16.496095998283376,16.255860678568514,16.391993568196174,37202700
2009-10-07,16.472063064575195,16.776360665521445,16.3919846681489,16.432024630046232,41754000
2009-10-08,16.656251907348633,16.864455247111646,16.488088552560768,16.536135007161693,46644500
2009-10-09,16.648225784301758,16.881012706800995,16.58400896620709,16.648225784301758,39813300
2009-10-12,16.632164001464844,16.792706742770974,16.535839581520406,16.640191291635055,32400900
2009-10-13,16.784687042236328,16.840876567786324,16.57598199658653,16.656253403536414,27852300
2009-10-14,17.009445190429688,17.258285152303902,16.953255669785474,16.993390604231454,41225400
2009-10-15,17.11379623413086,17.11379623413086,16.848901696962777,16.89706392252528,30361300
2009-10-16,17.507123947143555,17.683721321452847,17.001416764006734,17.017471349134762,65051600
2009-10-19,17.996782302856445,18.052971832951492,17.555291825495484,17.67569818013485,51697400
2009-10-20,17.812149047851562,17.93255533438055,17.579362233653054,17.844256676436423,35900300
2009-10-21,17.683713912963867,17.98071595815757,17.659632045360784,17.739903406322195,31267500
2009-10-22,17.812149047851562,17.868338546161823,17.523172735342794,17.619498683195385,27044900
2009-10-23,17.699779510498047,18.036918240748008,17.619509623669444,17.868349641148,31577900
2009-10-26,17.651607513427734,17.964664185924487,17.539228509156924,17.763986517698548,28175900
2009-10-27,17.555286407470703,17.844261263209937,17.49909536366783,17.555286407470703,28669700
2009-10-28,17.09775161743164,17.25829450431052,16.7525870134278,17.08972585103309,30525600
2009-10-29,17.218158721923828,17.23421178500108,17.01748088847973,17.194076830732406,32212000
2009-10-30,16.93720054626465,17.346583295034574,16.897064082042366,17.113796395694013,37101800
2009-11-02,16.92917823791504,17.033530013518373,16.696391270034503,16.905096352291185,27906900
2009-11-03,16.768630981445312,16.905091901956556,16.57598054032055,16.856929674437765,20646000
2009-11-04,16.77665901184082,17.01747322211729,16.575981268801936,16.712442195310363,32398300
2009-11-05,17.11379623413086,17.274339027405265,16.94522767913733,17.001417197468506,22058800
2009-11-06,17.194063186645508,17.322496775649185,16.94522329933203,16.99338551244612,22995100
2009-11-09,17.523168563842773,17.55527771583285,17.25827418411917,17.34657282104325,22678100
2009-11-10,17.499099731445312,17.563316552199158,17.33855844508559,17.37066608993762,22687100
2009-11-11,17.579368591308594,17.699774921383057,17.45896226123413,17.52317907267715,19488200
2009-11-12,17.691741943359375,17.763984487097492,17.611470579034997,17.66766007474738,24305100
2009-11-13,17.932559967041016,17.948614551005456,17.61950323498142,17.699773092704827,24660700
2009-11-16,18.325895309448242,18.374057549271168,17.9004578530374,17.948621623910324,33383000
2009-11-17,18.301807403564453,18.301807403564453,18.141266146615344,18.22956330207003,26126600
2009-11-18,18.301807403564453,18.317861988574215,18.093103922635557,18.189428370595127,14827600
2009-11-19,17.972692489624023,18.229559674466746,17.844258897202664,18.21350662370097,17651800
2009-11-20,17.932559967041016,17.97269489590272,17.804126357424288,17.87637045421487,24493900
2009-11-23,18.141267776489258,18.237592233102948,18.02086144019733,18.125213190037098,22713600
2009-11-24,17.772018432617188,18.221537628768207,17.731883500948115,18.221537628768207,24232600
2009-11-25,18.141267776489258,18.237592233102948,17.82018370269424,17.932562745760087,24123500
2009-11-27,17.73187828063965,17.900446781282174,17.659634200064552,17.788067780853822,12569100
2009-11-30,17.723854064941406,17.78004357490254,17.499094494047558,17.667664554980274,26291700
2009-12-01,18.01283073425293,18.117182464322177,17.72385435706218,17.788071159654642,28447900
2009-12-02,18.189434051513672,18.261678175571358,17.988756269364536,18.08508227845811,21160800
2009-12-03,18.17337417602539,18.390106485164978,18.14126653636556,18.189428761380068,22492500
2009-12-04,18.325895309448242,18.462356264821533,18.10113563852459,18.30984071915727,27814200
2009-12-07,18.044940948486328,18.37405230018095,17.940589203506143,18.23759138379175,24138100
2009-12-08,17.587392807006836,17.948613265080173,17.571338224192623,17.908476808044643,27902700
2009-12-09,17.6195011138916,17.67569061995348,17.354606634564743,17.65160874690587,28550400
2009-12-10,18.133237838745117,18.197454644138862,17.844261448948572,17.9245328384531,34877300
2009-12-11,18.285751342773438,18.349968141203448,18.052964491558882,18.22153454434343,26741900
2009-12-14,18.711183547973633,18.8155367827513,18.390099616059572,18.43023453340547,32293900
2009-12-15,18.59078598022461,18.831598659290602,18.51051457685272,18.550651044063503,24653700
2009-12-16,18.558670043945312,18.831590243766765,18.526560884525736,18.74329311746091,30037100
2009-12-17,18.36602783203125,18.61486935557438,18.277730659175432,18.518543357581912,35972600
2009-12-18,19.537986755371094,19.85907086383471,19.249010292228938,19.273092174507383,88246400
2009-12-21,19.6102294921875,19.72260853948495,19.441659390191635,19.57812031807412,26935500
2009-12-22,19.634307861328125,19.770768775446616,19.45771201466577,19.674444324921524,23847200
2009-12-23,19.851045608520508,19.867100198355004,19.554043351832064,19.634313238904646,19257800
2009-12-24,20.02764129638672,20.03566705955745,19.802881651360657,19.84301659141361,7782700
2009-12-28,20.043685913085938,20.059740494766224,19.843008235229874,19.93130690342228,15927500
2009-12-29,20.075807571411133,20.15607899872346,19.995536144098807,20.075807571411133,16214100
2009-12-30,20.011581420898438,20.107905863996592,19.826958295752462,20.00355412879869,18697400
2009-12-31,19.69049644470215,20.02763504142232,19.65035998613466,20.019607749708825,17714100
2010-01-04,19.947370529174805,20.22029241728487,19.794854996160385,19.794854996160385,26795000
2010-01-05,19.923288345336914,19.947370228412893,19.546014696779032,19.84301693280017,28669900
2010-01-06,19.634307861328125,20.003555671139733,19.570091050628218,19.8831493424586,24560700
2010-01-07,19.570091247558594,19.754715919847012,19.32927858777308,19.6343080589047,30469700
2010-01-08,19.810911178588867,19.867100713416388,19.46574514344838,19.48982702882446,23542400
2010-01-11,19.81893539428711,19.907232564846634,19.562068114387113,19.81893539428711,19002400
2010-01-12,19.714582443237305,19.754718913316548,19.513904685990447,19.714582443237305,26204600
2010-01-13,19.9072265625,20.05974203809843,19.70654886920444,19.770765669817045,24912300
2010-01-14,20.381786346435547,20.574825968719225,20.148529177337014,20.21287571809824,44685200
2010-01-15,20.301347732543945,20.62308035624865,20.100264650960735,20.48634379940638,42296200
2010-01-19,20.373746871948242,20.51048348991338,20.20483774430223,20.36570336099231,22732200
2010-01-20,20.156572341918945,20.212875372354127,19.714190073520353,20.148528832693557,39971500
2010-01-21,19.971574783325195,20.54265162375869,19.778535178347543,20.261134957862875,41756100
2010-01-22,19.424631118774414,20.148530119732335,19.392458613960287,20.060054580886526,33681500
2010-01-25,19.328121185302734,19.521160907652586,19.15921046940703,19.497030367055103,26366600
2010-01-26,19.207462310791016,19.408545466002632,19.06268372771854,19.247679862318975,28746000
2010-01-27,19.191375732421875,19.344197817105073,18.933989553857923,19.22354823767105,28819300
2010-01-28,18.877683639526367,19.448760524889792,18.732905075009363,19.368326966285327,41245700
2010-01-29,18.54790687561035,19.167243263968516,18.483560337478497,19.022463169636218,49957800
2010-02-01,18.676597595214844,18.805290655239748,18.387038977229956,18.78920517334335,29572800
2010-02-02,19.110937118530273,19.183327153892083,18.692683921804772,18.765073957166578,32150600
2010-02-03,19.102893829345703,19.175283865535654,18.917897752034598,19.102893829345703,23101100
2010-02-04,18.588130950927734,19.127033972406018,18.580087439067697,18.990297339071436,33254900
2010-02-05,18.942031860351562,19.038552446069918,18.55595258576346,18.781166263011183,45919600
2010-02-08,18.596158981323242,19.0224540160097,18.580071970995746,18.933978527491956,32929200
2010-02-09,18.90985870361328,19.07876780512778,18.700732053541085,18.877684664767123,34084100
2010-02-10,18.588130950927734,18.990297339071436,18.43530729387308,18.909863754614094,40139200
2010-02-11,18.781164169311523,18.909857246494354,18.362910901396077,18.547907008078585,28159000
2010-02-12,18.82942771911621,18.90181778229045,18.475520914058016,18.588128531297293,33657700
2010-02-16,19.151153564453125,19.18332759608545,18.853551442565454,19.054634537840684,21582200
2010-02-17,19.448760986328125,19.529194546840944,19.255721361582896,19.263764871048437,26147200
2010-02-18,19.722232818603516,19.762448829029747,19.352239079283848,19.39245662385254,31679100
2010-02-19,19.561368942260742,19.73832309932997,19.448762867138658,19.63375900030857,25941000
2010-02-22,19.95549201965332,20.092228627426376,19.657889807180794,19.77853939424108,37081800
2010-02-23,19.69005584716797,20.019831992749438,19.609622304165658,19.955485465176036,25098300
2010-02-24,19.92331314086914,19.971572653431252,19.673969001990024,19.81070556603455,24530400
2010-02-25,20.003755569458008,20.027884569385105,19.47289455891796,19.6659357631923,29145200
2010-02-26,19.82679557800293,20.07613822042266,19.73832004729156,20.07613822042266,21048700
2010-03-01,19.899179458618164,20.035916000956423,19.73831393090033,19.78657343580148,19744300
2010-03-02,19.770488739013672,20.068092378077743,19.72222922845864,19.939399327169546,23535000
2010-03-03,19.706151962280273,19.858975611139613,19.625718382136256,19.71419547370897,20726400
2010-03-04,19.91526985168457,19.9957033962658,19.529190678665387,19.682012725813234,20925500
2010-03-05,20.068098068237305,20.10831408274575,19.979620995347588,19.995708014808013,19312900
2010-03-08,19.867013931274414,20.084182546530812,19.850926912620597,20.084182546530812,16843600
2010-03-09,20.01178550720215,20.188739582304212,19.754399435208605,19.7865734612788,21835800
2010-03-10,20.003755569458008,20.124405171522277,19.85093192196704,19.939409012747536,23095900
2010-03-11,20.22092056274414,20.309397637436838,19.94744736291457,19.94744736291457,24214600
2010-03-12,20.14853286743164,20.26114048499417,19.89114665724785,20.20483744328432,35344700
2010-03-15,20.33352279663086,20.413954806043094,20.011788622412958,20.043962653491644,22025300
2010-03-16,20.277223587036133,20.43809071654741,20.02788091702203,20.413960186877926,25478300
2010-03-17,20.486343383789062,20.671340981040515,20.22091378284982,20.293303813482535,30309400
2010-03-18,20.413957595825195,20.590911722656134,20.325482066552176,20.454175140169703,29185800
2010-03-19,20.261133193969727,20.6954718838212,20.06809360579771,20.550691809156618,45881000
2010-03-22,20.558732986450195,20.671340550724782,20.237000375970165,20.261130897059456,24945500
2010-03-23,20.90460205078125,20.912645560093775,20.54265333657284,20.647215889350594,25834200
2010-03-24,20.719602584838867,20.912642174661748,20.67134307091872,20.896555158640936,28837000
2010-03-25,20.944820404052734,21.11372950369384,20.68743269856602,20.872430351594378,54350900
2010-03-26,20.66330337524414,20.91264603300077,20.405917207993095,20.671346884738558,58562200
2010-03-29,20.566781997680664,20.79199565236071,20.43808891904707,20.631128536997462,28975300
2010-03-30,20.542659759521484,20.574832272688234,20.28527198347242,20.49439868855684,29819400
2010-03-31,20.67938232421875,20.743730379836403,20.34960620988871,20.37373673074533,27196400
2010-04-01,20.478307723999023,20.872432056982163,20.26113908302272,20.73569545051567,26562700
2010-04-05,20.574825286865234,20.703518364122772,20.389829180075342,20.518522257332876,19390200
2010-04-06,20.77591323852539,20.86439032499845,20.3496163622331,20.40592093898868,26937600
2010-04-07,20.840253829956055,20.904600365125095,20.711560759617978,20.71960426828191,29833200
2010-04-08,20.77591323852539,20.976996410223908,20.687436152052328,20.816129259207955,28266100
2010-04-09,21.017213821411133,21.025257332908375,20.63113447440114,20.751784078573895,19663700
2010-04-12,21.11391258239746,21.178382481120416,20.83185619907816,21.001089106819563,24773300
2010-04-13,21.23479652404785,21.46044043369774,20.952740099901636,20.960799030543967,33933000
2010-04-14,21.258968353271484,21.355673968312708,21.11391223633506,21.226734172980148,27920000
2010-04-15,21.11391258239746,21.275086560663038,21.065559005542518,21.18644141059624,23828200
2010-04-16,20.91244125366211,21.25090856247909,20.880205539925523,21.025263177573294,42289300
2010-04-19,21.105852127075195,21.194497270733393,20.847972550826757,20.936617694484955,27078800
2010-04-20,21.073623657226562,21.283151269240978,20.968860619761376,21.258974474248685,23703400
2010-04-21,21.186443328857422,21.21867751259563,20.936621103738403,21.049444589531557,24276800
2010-04-22,21.146148681640625,21.202559656005484,20.8399170191955,21.065560916654928,27275800
2010-04-23,21.339557647705078,21.37179336740346,21.081678038452914,21.089736968377508,27478900
2010-04-26,21.331501007080078,21.44432450104892,21.154209140963154,21.355677799448518,20080500
2010-04-27,20.936620712280273,21.371793712737798,20.8721508089255,21.226736045918624,26235700
2010-04-28,20.83991813659668,21.041386791321447,20.77544822856811,20.96885795265382,31820300
2010-04-29,20.928560256958008,21.06555898373794,20.719032702054367,20.944678115892973,18620100
2010-04-30,20.847990036010742,21.033340944757448,20.702932268440343,21.00916413780078,25567400
2010-05-03,20.960803985595703,21.07362596709132,20.719040620425385,20.993038178701216,19357000
2010-05-04,20.12268829345703,20.686801130668016,19.91316071212392,20.614272293395636,48382700
2010-05-05,20.0985164642334,20.243574163498568,19.848694187906013,20.025987614600812,33663600
2010-05-06,19.268455505371094,20.122681882433934,17.890411110404152,20.034036749519395,56242000
2010-05-07,18.865528106689453,19.542463031574645,18.62376629226651,19.276524420875756,63592900
2010-05-10,19.655290603637695,20.251637914500115,19.332940913588356,19.365176651135574,38947200
2010-05-11,19.494102478027344,19.832569792921614,19.42963258648003,19.542454512416967,29469800
2010-05-12,19.824506759643555,19.905094491662734,19.49409844173976,19.51021475847708,27116300
2010-05-13,19.534391403198242,19.784211987343472,19.50215723286489,19.67944901240616,22780300
2010-05-14,19.163694381713867,19.437691809207195,18.970284704145076,19.42157395180559,28736600
2010-05-17,19.131458282470703,19.252339136386702,18.801049897794687,19.252339136386702,22401200
2010-05-18,18.881641387939453,19.300696532505075,18.784935763392095,19.179814117549938,29926200
2010-05-19,18.688234329223633,18.938055050571055,18.55123557162976,18.71240958597998,29806500
2010-05-20,18.01129722595215,18.55929218797522,18.003238295677246,18.49482228285979,40313300
2010-05-21,17.858171463012695,18.01934691165437,17.36658772803028,17.423000211012962,63119700
2010-05-24,17.954883575439453,18.26917412390552,17.60835731067761,17.761473888915447,32817400
2010-05-25,17.890411376953125,17.890411376953125,17.4310617013703,17.54388515679855,41173900
2010-05-26,17.656709671020508,18.2288813490685,17.52776987764589,17.98711808367841,43317600
2010-05-27,18.196645736694336,18.220822524497276,17.946825077731635,18.01129497478922,29881400
2010-05-28,18.18859100341797,18.41423646371628,17.95488814907681,18.116062160360794,35878200
2010-06-01,17.890411376953125,18.40617047462504,17.85011673677041,18.067703182507007,32336200
2010-06-02,18.244991302490234,18.269168081716046,17.648644582000976,17.970993952929895,28371600
2010-06-03,18.406173706054688,18.49482039293632,18.164411970847578,18.30140916027028,28583600
2010-06-04,17.834001541137695,18.502877297118754,17.761474252156045,18.164411491592432,35094700
2010-06-07,17.487485885620117,17.962952197976914,17.47942695219728,17.83401080029588,25656900
2010-06-08,17.535825729370117,17.551943584984194,17.165122735662933,17.447179060576012,29552600
2010-06-09,17.358539581298828,17.801769995431144,17.3101859987113,17.543890369966245,22198300
2010-06-10,17.890411376953125,17.92264555201594,17.511649444652374,17.63253029103381,25018200
2010-06-11,18.285289764404297,18.333641795900252,17.72117709431248,17.753412806698694,30179600
2010-06-14,18.285289764404297,18.599580274753052,18.261112980114635,18.551228243257096,22318600
2010-06-15,18.696292877197266,18.728527064572862,18.26111981949713,18.365884386906693,24304500
2010-06-16,18.680173873901367,18.71240805930796,18.438410566474595,18.583468243513888,20702000
2010-06-17,18.591524124145508,18.68017080936764,18.470643258804888,18.623759841347592,22376600
2010-06-18,18.696292877197266,18.744644926802632,18.510940535722792,18.744644926802632,29538900
2010-06-21,18.60763931274414,19.066987457376985,18.518992640241883,18.833284689530178,19526100
2010-06-22,18.44646644592285,18.929991443714137,18.438407516633244,18.728522822724734,19107800
2010-06-23,18.277246475219727,18.54318518162278,18.23695180025885,18.510949441654077,23533600
2010-06-24,17.906538009643555,18.293359092779742,17.842068085301566,18.124124580704365,30313500
2010-06-25,18.261119842529297,18.736586019319606,18.180532068362744,18.647939314028005,62583800
2010-06-28,18.091888427734375,18.414238014534057,18.04353483690137,18.406179082728553,24643100
2010-06-29,17.527772903442383,17.80982932654673,17.39077415719649,17.745359418730068,34229000
2010-06-30,17.294069290161133,17.6970066160689,17.23765831046747,17.439126973421356,35301600
2010-07-01,17.366600036621094,17.471364613615055,17.116779297540557,17.29407118703576,38318200
2010-07-02,17.59223747253418,17.75341296170576,17.318240063192523,17.495531871614556,31784000
2010-07-06,17.98711585998535,18.301406375345742,17.72923630511699,17.72923630511699,39642400
2010-07-07,18.60763931274414,18.63181609717659,18.21276105618111,18.293348800539224,36663500
2010-07-08,18.712404251098633,18.809109861805304,18.50287670880379,18.647934356322033,27335600
2010-07-09,18.833288192749023,18.849404514951775,18.64793588512259,18.736582574114202,16258800
2010-07-12,18.881744384765625,18.962504936907088,18.66369289647691,18.74445190823896,19312200
2010-07-13,19.148258209228516,19.269399839773264,18.94635754549369,18.978662391073573,22207700
2010-07-14,19.33399772644043,19.535898282989454,19.15632425083473,19.261313402852462,34781800
2010-07-15,19.245168685913086,19.301700617896618,18.978659906290993,19.245168685913086,26060700
2010-07-16,18.792909622192383,19.34207954169568,18.77675720329418,19.220937940338608,30343000
2010-07-19,19.05134391784668,19.115952059011036,18.897899004938992,18.96250714610335,19688200
2010-07-20,19.317848205566406,19.35822770677247,18.607158817836734,18.792906987991405,38192700
2010-07-21,19.02711296081543,19.35822983634441,18.946352409139713,19.269394615842582,38740000
2010-07-22,19.632810592651367,19.713571127070075,19.140174259417485,19.156325133997967,32726500
2010-07-23,19.786264419555664,19.850872568290043,19.50360319120034,19.543984246896684,29755500
2010-07-26,19.899322509765625,19.92355113613987,19.6651186163319,19.74587916386672,27093000
2010-07-27,19.84278678894043,19.931623528255457,19.640886228954663,19.867015410675172,23800600
2010-07-28,19.608583450317383,19.858939719904658,19.519746708691965,19.826634890084843,21200100
2010-07-29,19.140186309814453,19.69743111334112,19.0836528218633,19.584367218198906,39976700
2010-07-30,19.091726303100586,19.245171239112697,18.897901850423096,19.03519436361713,48321700
2010-08-02,19.616662979125977,19.69742198659091,19.15632831852747,19.277469910483532,26652000
2010-08-03,19.55205535888672,19.657044544207825,19.430915294606553,19.632815915199995,16366100
2010-08-04,19.77818489074707,19.8589454482129,19.519752339160036,19.61666531619493,19989600
2010-08-05,19.616662979125977,19.737803030702707,19.495521387169916,19.608586770303617,18723600
2010-08-06,19.68935203552246,19.705504458300812,19.30170313112096,19.390539916022068,33734300
2010-08-09,19.592437744140625,19.858946519894253,19.576285323699896,19.70550160646653,20551400
2010-08-10,19.616662979125977,19.729726821880348,19.317849414216,19.463218092259808,28063400
2010-08-11,19.107873916625977,19.334003158024778,19.027113363242158,19.3097745298958,25666300
2010-08-12,18.526399612426758,18.889819770653563,18.356802306284106,18.768679717911294,33737300
2010-08-13,18.300270080566406,18.526399304876264,18.179130029835143,18.38103062784702,29793400
2010-08-16,18.34872817993164,18.574857433660657,18.049916118611367,18.179132394919517,19511700
2010-08-17,18.6152286529541,18.768673490382955,18.34872000919811,18.46178535590408,22483000
2010-08-18,18.64753532409668,18.776751555657984,18.413329941654947,18.502166678495463,18984200
2010-08-19,18.574857711791992,18.704073990034967,18.429489013673763,18.46179385342428,26754800
2010-08-20,18.591007232666016,18.63946294435627,18.389106636847433,18.534475312297502,21985400
2010-08-23,18.44563865661621,18.817135015542263,18.43756244789443,18.623310627357455,18250200
2010-08-24,18.098373413085938,18.405263251325504,18.07414478152608,18.25989454272567,23293400
2010-08-25,18.106447219848633,18.21143486191086,17.791482753282498,17.944926111651952,18685900
2010-08-26,17.969146728515625,18.356795366900563,17.920691033812197,18.20335207694325,18884700
2010-08-27,18.179126739501953,18.21143002833987,17.72686991311783,18.074137584925882,21375200
2010-08-30,17.78340721130371,18.26796901370148,17.7672547918019,18.041839761814654,23318300
2010-08-31,17.63803482055664,17.710719152704527,17.492666156260864,17.702642944645966,41712400
2010-09-01,18.267963409423828,18.292190490864613,17.84800987348787,17.8883893694752,29085400
2010-09-02,18.154903411865234,18.348727822552327,18.049915767052035,18.259892597057924,18057800
2010-09-03,18.510250091552734,18.52640251188078,18.227588897330303,18.40526244017962,21256900
2010-09-07,19.592437744140625,19.939707081718296,19.390537109770314,19.83471788923316,113824400
2010-09-08,19.495519638061523,19.5682039705623,19.28554284865697,19.438987721756295,54705500
2010-09-09,19.648971557617188,19.786264063756402,19.55205856606844,19.640895346623147,25963700
2010-09-10,20.230445861816406,20.31120643527348,19.68935202214777,19.721656867682526,44266700
2010-09-13,20.27889060974121,20.52924684654402,20.27889060974121,20.303117688554437,46816700
2010-09-14,20.4969539642334,20.658475105538972,20.222370488621543,20.222370488621543,31261800
2010-09-15,20.787687301635742,20.828068349186033,20.327354142218667,20.408114696939784,37563600
2010-09-16,20.48079490661621,20.76345448049559,20.359653328806022,20.73922739723687,52951000
2010-09-17,22.192913055419922,22.31405310446803,21.320702545742524,21.353007380357642,150976500
2010-09-20,22.200986862182617,22.26559498404371,21.829490546576135,22.087923034020495,49729800
2010-09-21,21.659902572631836,22.096008737901908,21.562991118380573,22.071780104149195,82733900
2010-09-22,21.96678352355957,22.07177114645314,21.514525119334053,21.5306775352805,51969100
2010-09-23,21.902179718017578,22.20099177003976,21.772961905350762,21.772961905350762,33123300
2010-09-24,21.77296257019043,22.209068657761367,21.595290575464965,22.16061293926888,58136200
2010-09-27,21.764883041381836,21.902175496773964,21.627590585989704,21.692198709681346,34142900
2010-09-28,21.958703994750977,22.12829971540305,21.635663426571597,21.853714847355842,43256700
2010-09-29,21.942554473876953,22.047542094733394,21.748730107417966,21.861793936090923,36626800
2010-09-30,21.68412208557129,22.136378942734307,21.651817254155787,22.031391321392213,42880900
2010-10-01,21.99909782409668,22.297911507124816,21.91833724432854,21.95064209238777,33690400
2010-10-04,21.764455795288086,22.136636888011466,21.756364734227567,21.861546984802217,36791900
2010-10-05,22.088092803955078,22.128548113437823,21.893911948074706,22.015274790098406,42520100
2010-10-06,22.314632415771484,22.541177463485123,22.03954255183774,22.088087368057845,50631600
2010-10-07,22.403635025024414,22.56545161150545,22.28227219936062,22.355088660189253,40611400
2010-10-08,22.654447555541992,22.719174486829356,22.096176808681125,22.322721839792784,33162900
2010-10-11,22.5330867767334,22.735358648080716,22.435995599473447,22.5735405337181,22649500
2010-10-12,22.61400032043457,22.654454085445124,22.17709225090198,22.452182173967934,27552500
2010-10-13,23.139907836914062,23.39072458431687,21.82918512308248,22.65445492278339,49145300
2010-10-14,22.921451568603516,23.220814658602475,22.743452852763017,23.18845041397032,38136000
2010-10-15,23.38263511657715,23.3907261790724,22.783910380840055,23.034727145343293,54775500
2010-10-18,23.64963150024414,23.64963150024414,23.123724839475027,23.245087677619868,35810300
2010-10-19,23.56871795654297,23.6577180744666,23.01853975843047,23.414992444217322,44673600
2010-10-20,23.172264099121094,23.609172063333183,23.139901403556408,23.47162713495662,39081700
2010-10-21,23.317901611328125,23.576809365616068,23.115629735389177,23.301719490882142,30191100
2010-10-22,23.455448150634766,23.487812393737116,23.24508520010564,23.334085325425054,16499800
2010-10-25,23.334089279174805,23.69817935970775,23.30981609273517,23.58490603286844,30650400
2010-10-26,23.1641788482666,23.334088058027525,23.091362379183042,23.22890579883928,28045400
2010-10-27,23.22081184387207,23.317901479575497,22.94572197069248,23.09944748442489,33890100
2010-10-28,23.754806518554688,23.851896142195596,23.058990861877298,23.317898582535374,35130600
2010-10-29,23.7709903717041,24.03798918835332,23.706263432613742,23.754809794340478,35074300
2010-11-01,23.56871795654297,23.908534764819116,23.40690138411409,23.88426312772134,21100000
2010-11-02,23.892356872558594,23.92471957339613,23.67390285485987,23.859992628508962,24201900
2010-11-03,23.625349044799805,23.924710472319877,23.45543991459769,23.908528356450816,30003800
2010-11-04,23.843809127807617,24.126990074019663,23.54444760371843,23.95708243221964,35709700
2010-11-05,23.66581153869629,23.868083432189422,23.44735752335281,23.706265300110086,28312700
2010-11-08,23.495912551879883,23.61727542408001,23.334094360137954,23.52827526430068,27179000
2010-11-09,23.25318145751953,23.665816390018154,23.148000730355125,23.512089287351046,34625800
2010-11-10,23.212724685668945,23.33408752230484,22.945725827785093,23.172269377982182,27841000
2010-11-11,23.115629196166992,23.123720256201242,22.395541828449755,22.808176630925043,37211000
2010-11-12,22.913360595703125,23.147996740553666,22.727270817987808,23.058996610684545,25818800
2010-11-15,22.97808265686035,23.27744568436777,22.88099302965543,22.937628902726935,21636700
2010-11-16,22.314632415771484,22.735358271577432,22.249905479740715,22.66254027564133,31206600
2010-11-17,22.581632614135742,22.743450735810306,22.241815793188742,22.257997913998594,24642700
2010-11-18,22.905269622802734,23.13181470733729,22.78390679092113,22.953815990125083,32649200
2010-11-19,22.77581214904785,22.95381238148825,22.67872251609117,22.913357081746394,25890900
2010-11-22,22.694908142089844,22.727272389083947,22.48454670947713,22.565454240537914,27618000
2010-11-23,21.999088287353516,22.508812703919933,21.910088173662615,22.452176829102758,31294200
2010-11-24,22.44408416748047,22.557355909030264,22.34699454421257,22.38744829670557,34983800
2010-11-26,22.2418155670166,22.346997807999085,22.12045274860078,22.314633566708487,12887500
2010-11-29,22.023366928100586,22.120458132390972,21.772550169901226,21.982913159853453,32610700
2010-11-30,21.885814666748047,21.95054160031431,21.691633866049255,21.7806339784073,38931000
2010-12-01,22.37126922607422,22.40363346704701,22.177088409873324,22.282270649822944,34781300
2010-12-02,22.7353572845459,22.800084217766617,22.403631558888236,22.500721187113406,32129900
2010-12-03,23.309814453125,23.382632464109577,22.70299872372832,22.719180846883162,34454600
2010-12-06,23.245080947875977,23.431170682036885,23.172262957428355,23.342172116210058,21150300
2010-12-07,23.503986358642578,23.762895600974645,23.414987801577183,23.512077417141544,32190500
2010-12-08,23.64963150024414,23.690086808433897,23.463541712207906,23.673904685157993,14874800
2010-12-09,23.67391014099121,23.85999997191327,23.495911373571754,23.746728169302028,18260200
2010-12-10,24.224084854125977,24.256447557897467,23.803358902610956,23.81954102610282,28562000
2010-12-13,24.61244773864746,24.855173429813412,23.92472288939418,24.2645397829539,45575200
2010-12-14,24.685258865356445,24.879439672738737,24.563896053643997,24.563896053643997,25351800
2010-12-15,24.669076919555664,24.838986091720685,24.482987170736934,24.749985975671773,30537600
2010-12-16,24.491077423095703,24.895621147124857,24.474895303763695,24.83898527267467,47435600
2010-12-17,25.453895568847656,26.109257646609088,25.38107910341965,25.826076673365375,92487100
2010-12-20,25.623802185058594,25.842256188940656,25.17071359950513,25.518621484973895,33568100
2010-12-21,25.696613311767578,25.890794082198678,25.559068406477433,25.607613213282313,20002800
2010-12-22,25.61571502685547,25.79371375535051,25.534805952735095,25.63189715032199,14019200
2010-12-23,25.518617630004883,25.648071492035644,25.413435402597536,25.51052657072649,13049400
2010-12-27,25.61571502685547,25.728986804696657,25.275898150119676,25.405352051427386,13822100
2010-12-28,25.542896270751953,25.696623352783472,25.413442373213474,25.615714281018874,9736000
2010-12-29,25.48626136779785,25.639988455766538,25.421534416528758,25.510534553228354,9769000
2010-12-30,25.316349029541016,25.550983605905945,25.25162054699956,25.445802908200005,12989400
2010-12-31,25.324440002441406,25.348713184789812,25.02507846953796,25.259713059391036,11716300
2011-01-03,25.583349227905273,25.84225699919645,25.50244016357377,25.559076045642207,20970400
2011-01-04,25.470069885253906,25.688523844221237,25.194980057638382,25.567161048087723,22870800
2011-01-05,25.11408233642578,25.437717099892655,25.06553596449654,25.34062589924645,36339600
2011-01-06,25.21926498413086,25.243538171951425,25.097902131452827,25.23544710934457,21859400
2011-01-07,25.10597801208496,25.35679462837518,25.02506897815576,25.275885594445974,27697900
2011-01-10,25.11408233642578,25.259716822576664,24.91989993513338,24.960355245074414,29719600
2011-01-11,25.073623657226562,25.162623783925202,24.96844295193805,25.146441662123255,26395300
2011-01-12,25.033166885375977,25.267801450438125,25.033166885375977,25.259710390510204,33963700
2011-01-13,25.227352142333984,25.39725980114437,25.000807054041314,25.057442940311443,43412400
2011-01-14,25.3245906829834,25.39752562780562,25.0733711762015,25.138202066522325,37934100
2011-01-18,25.551502227783203,25.567708792780163,25.308385204542688,25.332697370573893,26975900
2011-01-19,25.608232498168945,25.616336554597726,25.34080481878201,25.413739780950333,26939000
2011-01-20,26.183603286743164,26.216016415070058,25.502876584094167,25.502876584094167,47750700
2011-01-21,26.345684051513672,26.475345867749997,26.207919724242004,26.313270915990753,34482100
2011-01-24,26.25654411315918,26.459140894614478,25.98911487777504,26.40241404311752,20170200
2011-01-25,26.167402267456055,26.28895848722687,25.883766450918273,26.248439747303266,25926600
2011-01-26,26.386211395263672,26.523975751326574,26.062055241237008,26.183614571842554,21485600
2011-01-27,26.67795753479004,26.815725030315754,26.06206433685235,26.434841880114195,25635600
2011-01-28,25.93238639831543,26.985888977470722,25.794620533746752,26.90485150652853,30820300
2011-01-31,25.95669937133789,26.09446679407016,25.80272692605513,25.891870006991017,20820100
2011-02-01,26.937274932861328,27.091247405366992,26.021536427770762,26.07015768678193,32573400
2011-02-02,26.856224060058594,27.19658819965171,26.74277037732122,26.815705329278245,19358200
2011-02-03,26.734664916992188,26.87242920471642,26.515860085270766,26.72655931690214,17600900
2011-02-04,26.434825897216797,26.726565742990772,26.361890935773303,26.677941404901308,38691800
2011-02-07,26.726573944091797,26.977795130902965,26.378107142643103,26.499666479476776,22785100
2011-02-08,26.7670841217041,26.872435307134143,26.515866106715773,26.758981611154724,15418400
2011-02-09,26.653635025024414,26.823815598359573,26.426727593910865,26.775194343910613,17112700
2011-02-10,26.953475952148438,26.953475952148438,26.4672448860128,26.56449048096358,17237600
2011-02-11,27.1236572265625,27.220902812976842,26.767084924074158,26.79950115000609,17402300
2011-02-14,26.977783203125,27.180379947351447,26.937264472555906,26.977783203125,16438000
2011-02-15,26.54827880859375,26.864332359744544,26.426722604041576,26.840018645729064,19332100
2011-02-16,26.83191680908203,26.856227432326662,26.42672326763744,26.621214436357263,15829000
2011-02-17,26.750873565673828,26.904849074479365,26.548276815250613,26.718460435055736,14568900
2011-02-18,27.293838500976562,27.318149125380845,26.669840046420433,26.758983124411525,25539900
2011-02-22,26.361888885498047,27.277627087649673,26.35378637547067,26.977784754538156,24887800
2011-02-23,26.078258514404297,26.459141460934607,25.948596695152943,26.378100891789,22154100
2011-02-24,26.13498306274414,26.264644870562968,25.6406464543782,26.013423765434652,23416200
2011-02-25,26.702260971069336,26.807612180992074,26.15119738415637,26.16740550040464,20850400
2011-02-28,26.661739349365234,26.92916551015153,26.483453181253203,26.79140117397896,19406700
2011-03-01,25.664958953857422,26.807606161739464,25.616336161721172,26.758981823912524,30423200
2011-03-02,26.02963638305664,26.224130674138717,25.567715919541325,25.59202809234932,23091500
2011-03-03,26.7670841217041,26.896745930163632,26.280853112826197,26.31326933778642,24169800
2011-03-04,26.54827880859375,26.82381053351251,26.110672144272094,26.734670553393443,19148900
2011-03-07,26.0134334564209,26.791407684539976,25.84325284989399,26.718472697259514,20474300
2011-03-08,26.532072067260742,26.750873839542503,26.08635673866168,26.207916026712535,21891800
2011-03-09,26.572593688964844,26.856227936750834,26.27274823686943,26.44293187692247,17217800
2011-03-10,25.770309448242188,26.305164816533537,25.535297990388468,26.232229853067377,29054200
2011-03-11,25.85944938659668,26.256540382029172,25.397529037829337,25.713579477366874,23705900
2011-03-14,25.60012435913086,25.818929210741665,25.340800777528635,25.543397518866684,18656500
2011-03-15,25.259765625,25.365115266462094,24.165742745753334,24.50610538494806,34600300
2011-03-16,24.473690032958984,25.170621859261093,24.003665596094027,25.057168164542517,45026200
2011-03-17,24.757322311401367,25.162515812705422,24.587141782785128,24.87077754283607,31529500
2011-03-18,24.927507400512695,25.275974101089233,24.805949644558044,25.105792006200137,34862100
2011-03-21,25.46236228942871,25.810828983520523,25.365115159060252,25.4866744584435,23199400
2011-03-22,25.227344512939453,25.55960457709309,25.17061767501018,25.438045300741326,20051900
2011-03-23,25.45425796508789,25.69737346991327,24.98423352225232,25.30028398766345,23159700
2011-03-24,26.04584503173828,26.199820583651736,25.52719770007221,25.754106680521605,38277500
2011-03-25,26.451034545898438,27.634198974284242,26.40241329820515,27.34246221398012,64967600
2011-03-28,26.386211395263672,26.653637594660804,26.256549551929446,26.60501633552434,31399500
2011-03-29,26.87242889404297,26.87242889404297,26.22412000646389,26.256536223688002,29950300
2011-03-30,26.783288955688477,27.091236872352507,26.742770225138706,26.96157507976465,25718200
2011-03-31,27.091243743896484,27.253321798586754,26.7022582674689,26.742777008296024,38234200
2011-04-01,27.56937026977539,27.634199632036673,27.237111673309784,27.310046637967186,43176800
2011-04-04,27.666610717773438,27.901623681485606,27.561259545871263,27.626091987466744,26743000
2011-04-05,27.488332748413086,27.877321330606637,27.48023023650075,27.788178242661527,30286100
2011-04-06,27.212806701660156,27.715245956234966,27.139871721852344,27.715245956234966,24782200
2011-04-07,27.326250076293945,27.609884284002163,26.98588593566307,27.2290014124674,22723600
2011-04-08,27.180389404296875,27.49643994063348,26.994000705723543,27.455921195966592,16136500
2011-04-11,27.423927307128906,27.480755803628355,27.229087632536746,27.229087632536746,15960300
2011-04-12,27.115440368652344,27.302163080850256,26.855651978035954,27.25345159626397,16948600
2011-04-13,27.358989715576172,27.57818673575193,27.18850417663559,27.253449721360802,24345500
2011-04-14,27.440174102783203,27.505122748411427,26.95307164825904,27.058611648943963,17962100
2011-04-15,27.748672485351562,27.846092351639804,27.34275276274188,27.586303976923347,25468400
2011-04-18,27.30215072631836,27.423924737297106,27.01800517352695,27.334621937760392,20226500
2011-04-19,27.334627151489258,27.472641439894225,27.18037880272709,27.229090274561976,20452400
2011-04-20,27.69183921813965,27.902916075016005,27.464525203515695,27.748667721795634,24798400
2011-04-21,28.211421966552734,28.24389628905605,27.683725065100273,27.691845194187028,21125800
2011-04-25,28.2763614654541,28.300715650993208,28.057164504839633,28.170821499916578,12163000
2011-04-26,28.39002227783203,28.641690487364144,28.18706244592742,28.26012810928993,30391000
2011-04-27,28.617340087890625,28.649814408556527,28.276369011663697,28.4549715814828,21990200
2011-04-28,28.649816513061523,28.69852490071663,28.178948119582813,28.438736510149724,22995700
2011-04-29,29.19374656677246,29.26681224287133,28.584866964922483,28.64981560897561,94242100
2011-05-02,29.526601791381836,29.583430308711844,29.08821081439634,29.09632784676266,30058600
2011-05-03,29.339879989624023,29.632142714645862,29.120682945857645,29.591551357708834,24946200
2011-05-04,28.617340087890625,29.364230881676292,28.373788876739724,29.323639529304753,38886400
2011-05-05,28.146474838256836,28.7147631250005,28.065292124545746,28.454974724818598,23245400
2011-05-06,28.308835983276367,28.869007091396732,28.276364764409482,28.51179581157013,23885400
2011-05-09,28.576749801635742,28.779709667986957,28.260132905635327,28.32507845246839,16272500
2011-05-10,28.91771125793457,28.950185568994623,28.601094467400955,28.812174392370537,17015600
2011-05-11,28.39813804626465,28.982663327184625,28.187061193110836,28.844649037224684,20854300
2011-05-12,29.007017135620117,29.023254292869037,28.26012648369638,28.333192142855967,23096900
2011-05-13,28.568634033203125,29.161276561774486,28.528042673121686,29.039502481530164,20438800
2011-05-16,27.748672485351562,28.487446256624313,27.61877829799333,28.479329224817672,31350300
2011-05-17,27.553836822509766,27.83798256039488,27.367114073173987,27.626902515460507,27856100
2011-05-18,27.529470443725586,27.78925877107165,27.237207801230976,27.602536104349237,30005900
2011-05-19,28.00845718383789,28.065285689790525,27.594420483765663,27.643128862055747,22741400
2011-05-20,27.821741104125977,28.08964653900587,27.635018383592225,27.97598950015246,16484100
2011-05-23,26.92059326171875,27.391461580679067,26.75822476907997,27.34275010381101,29985800
2011-05-24,26.82317352294922,27.131670253707,26.72575056878436,27.009896206383065,21893400
2011-05-25,26.782581329345703,27.09919817809452,26.73386985379922,26.790698360142784,23042300
2011-05-26,27.115440368652344,27.269688757792732,26.798820364224337,26.90436036570034,20948100
2011-05-27,27.358989715576172,27.48076377328158,27.11543850324367,27.131672566733705,16918600
2011-05-31,27.781143188476562,27.789260219226122,27.05048654416404,27.52947187834196,30783300
2011-06-01,26.693283081054688,27.846093660948302,26.65269172626948,27.789265144864636,31762600
2011-06-02,26.563392639160156,26.693286850971013,26.04381579191672,26.685166720714044,38255500
2011-06-03,26.246763229370117,26.595851241614177,26.149340294077017,26.173697576360706,23808200
2011-06-06,26.13311004638672,26.449730024405394,26.03569018226186,26.100638822959528,21677600
2011-06-07,25.848962783813477,26.222408109131905,25.840844205203005,26.17369973439016,28218700
2011-06-08,25.36997413635254,25.857077949462575,25.280671331885273,25.77589372253418,36607500
2011-06-09,25.678478240966797,25.92203097771589,25.394335704117225,25.45928279089151,21647100
2011-06-10,25.313152313232422,25.694716267357272,25.26444238362219,25.507993580134094,23747000
2011-06-13,25.678478240966797,25.857083890941606,25.26444153056865,25.369979965904108,26716600
2011-06-14,26.043807983398438,26.141227838817347,25.840846596277558,25.97074076914323,23067400
2011-06-15,25.296913146972656,25.9707397222231,25.215728905089104,25.759661312710108,34512600
2011-06-16,25.004650115966797,25.38621558248856,24.88287452922052,25.296912762926343,29868500
2011-06-17,25.313152313232422,25.824610445291718,25.313152313232422,25.451165070845367,42812400
2011-06-20,25.905797958374023,25.970745055526155,25.3699840197537,25.4511682783091,23408300
2011-06-21,26.506561279296875,26.555269667938543,25.77590448045228,26.051930038135577,26941600
2011-06-22,26.141233444213867,26.449733332266174,26.092521957598652,26.449733332266174,25940800
2011-06-23,26.3523006439209,26.425366298446114,25.434922995991627,25.89767110901102,54354600
2011-06-24,25.28068733215332,25.743435705522398,25.126438906671172,25.56483153200876,75120900
2011-06-27,25.637887954711914,25.840847802848792,25.05336414952358,25.150784009491257,29585600
2011-06-28,26.254886627197266,26.279240818467446,25.46740295742544,25.727191320712606,32746800
2011-06-29,26.327953338623047,26.530913199021363,26.149347670457587,26.303599146390194,27305700
2011-06-30,26.71764373779297,26.741997937171234,26.39290662711059,26.490329618468866,22182400
2011-07-01,26.83129119873047,26.95306834590201,26.36854299455301,26.701397020310857,25382300
2011-07-05,26.839418411254883,26.904363969146537,26.620221346641202,26.798823953534992,21406400
2011-07-06,26.961183547973633,26.993657864605698,26.685158050443672,26.790698031037234,22363900
2011-07-07,27.675607681274414,27.708082003365096,27.11543956135828,27.17226807655607,29886000
2011-07-08,27.553836822509766,27.553836822509766,27.131679829563538,27.391471368772578,23909600
2011-07-11,26.95199966430664,27.374904082568747,26.756814918896804,27.334240852475496,21943300
2011-07-12,26.51283073425293,27.22038400536045,26.447770183147565,27.09839120622998,35092400
2011-07-13,26.586030960083008,27.073999149032776,26.504704479794558,26.724289699461,36497800
2011-07-14,26.06552505493164,26.91946521320825,25.911003554689014,26.67548275404426,32194500
2011-07-15,26.09805679321289,26.236312382081103,25.894737560826506,26.146854525851527,25404600
2011-07-18,25.610095977783203,25.976071297336084,25.37424642278478,25.886610318955828,25253300
2011-07-19,26.545364379882812,26.569761700418297,25.935406547247986,25.951672461740298,26835500
2011-07-20,26.08993148803711,26.512832860146098,26.073665573355072,26.382708645095793,23074700
2011-07-21,26.407108306884766,26.63482490105519,26.073664821532677,26.179388610308422,24516200
2011-07-22,26.472169876098633,26.569762262711873,26.106194548291437,26.325779744975755,21378100
2011-07-25,26.19565773010254,26.38271111283323,26.05740209598232,26.22818956250952,20806100
2011-07-26,26.1468563079834,26.447767923751474,25.89473932577445,26.228182765518937,33568300
2011-07-27,24.97574234008789,25.894746454794618,24.902548818395726,25.870347580095114,43084500
2011-07-28,24.943208694458008,25.33358132978445,24.91067686591266,24.967607565867024,29323100
2011-07-29,24.870014190673828,25.366113728725246,24.609765761270786,24.821217997961504,38200600
2011-08-01,24.487770080566406,25.382373507242878,24.04046681602545,25.187187220447864,38566100
2011-08-02,24.032337188720703,24.72362301969975,24.007939868993926,24.227525053752498,40691000
2011-08-03,24.552837371826172,24.682961590558623,23.707028398862196,23.991675709040575,44046200
2011-08-04,23.487443923950195,24.292589685145163,23.45491364386323,24.268190811677616,49433400
2011-08-05,23.05640983581543,23.926616225801574,22.365123878423514,23.853421150830478,82201300
2011-08-08,21.161470413208008,22.804290519649562,21.112672670574963,22.340721271853376,80848500
2011-08-09,22.446439743041992,22.446439743041992,20.99067354249693,21.519303146434748,82425600
2011-08-10,21.535566329956055,22.373241877184608,21.234654824013322,21.795814621972102,82821600
2011-08-11,22.52777671813965,22.796158104186375,21.446118216653986,21.55184355913173,58279300
2011-08-12,22.27565574645996,22.633498048151658,21.950345268196017,22.633498048151658,43238500
2011-08-15,22.478979110717773,22.6579010699697,22.088606465227574,22.30005870266885,38334100
2011-08-16,22.422046661376953,22.73922419526889,22.145532357039396,22.300055421511036,37615100
2011-08-17,22.34071159362793,22.812412042981194,22.015401206350212,22.487101655703476,34073800
2011-08-18,20.486448287963867,21.54370777902365,20.104207101021604,21.519308910324316,78449700
2011-08-19,20.153005599975586,20.81989252426355,20.12860673035425,20.185535874934512,46790600
2011-08-22,20.38072395324707,20.83616025195867,20.177404675637494,20.665371252141075,37825100
2011-08-23,21.307863235473633,21.31599464240531,20.462054203888787,20.486453078293287,36867400
2011-08-24,21.698232650756836,21.73889588410356,21.153336947414935,21.234664965311307,31588800
2011-08-25,21.06388282775879,21.99915145993893,20.925625617700614,21.836496922413883,38264000
2011-08-26,21.6738338470459,21.820223969471446,20.722299602482764,21.047610123871245,34449300
2011-08-29,22.698564529418945,22.739227765357505,21.97474838153202,21.999145702613948,28945400
2011-08-30,22.66603660583496,22.804293794074763,22.332591521442232,22.61723885619514,29944300
2011-08-31,22.828689575195312,23.267859985060618,22.535909301951776,22.6579021166053,31444600
2011-09-01,22.641639709472656,23.31665979310924,22.568444629820217,22.796162827761506,34199100
2011-09-02,21.934085845947266,22.32446008656367,21.77956429255652,22.145538107180222,30297500
2011-09-06,21.543704986572266,21.812086302666724,20.90934844343873,21.169598355556847,30907700
2011-09-07,22.470842361450195,22.470842361450195,21.755159298821894,21.94221263265395,26106200
2011-09-08,21.730772018432617,22.389527842906272,21.446126163515867,22.324465711610507,50386300
2011-09-09,21.145206451416016,21.633173064381623,20.95815307432685,21.48678292537163,38961600
2011-09-12,21.755165100097656,21.771431016386487,21.063879169853923,21.080145086142753,37358200
2011-09-13,22.544042587280273,22.60097329217399,21.763297248889334,21.812093444737993,42359400
2011-09-14,22.893749237060547,23.243458625762408,22.495243658438373,22.788023900366056,34972000
2011-09-15,23.544376373291016,23.58503961421355,22.983214651581452,23.267861991648807,28846400
2011-09-16,23.7720890045166,23.829018152710592,23.422379607092985,23.61756747404803,58059500
2011-09-19,23.601301193237305,23.780221592096073,22.910015366187405,23.373583052796477,34514300
2011-09-20,23.05640983581543,23.877820026221915,22.95068292698908,23.780226075859378,50913400
2011-09-21,24.02420997619629,25.179062146787274,23.967279267423468,24.24379364807864,83318400
2011-09-22,23.04827308654785,23.609434718629622,22.63350158033115,23.373583615579687,61371400
2011-09-23,23.503707885742188,23.650098011971924,22.6172357224203,22.85308682605776,43991700
2011-09-26,24.162464141845703,24.227527805046932,23.300390770069864,23.633834287960607,37762600
2011-09-27,24.504039764404297,24.87001510115237,24.20312808859193,24.6016337046048,38514400
2011-09-28,23.951013565063477,24.731758913076778,23.926614691236892,24.5935017304657,31357100
2011-09-29,24.113664627075195,24.9025443715886,23.650096948985368,24.38204599603262,44358800
2011-09-30,23.373592376708984,24.186869779731026,23.373592376708984,23.796496998569296,42188000
2011-10-03,22.72296714782715,23.59317357048053,22.706701230288907,23.25159705819382,45214600
2011-10-04,23.33292007446289,23.39798217941408,21.95848136226573,22.316323715098736,50300200
2011-10-05,23.99980354309082,24.064865638567472,23.08893265521496,23.30038485331476,43277100
2011-10-06,24.455242156982422,24.479641028423643,23.568769993589854,23.959142629431636,34994100
2011-10-07,24.373748779296875,24.724157320481883,24.08038319982959,24.487834702732318,37977000
2011-10-10,25.237546920776367,25.286442222917692,24.62636963274781,24.797500081634002,27708200
2011-10-11,25.2049560546875,25.424980290236572,25.041974794064966,25.18050839930277,25382700
2011-10-12,25.351638793945312,25.71019507923341,25.327191138642014,25.563513810327095,30322800
2011-10-13,25.376087188720703,25.506471586848257,24.911592576103214,25.229404352251045,27161500
2011-10-14,25.95465660095215,25.96280581613112,25.482013000698778,25.718334023673528,23613200
2011-10-17,25.449419021606445,25.87316893307081,25.221247187974896,25.742784584051627,25074700
2011-10-18,25.979103088378906,26.076892117714046,25.074561949972345,25.376075144673234,29754800
2011-10-19,25.661293029785156,26.22357648560787,25.465716513478124,25.938360149796118,25586300
2011-10-20,25.693893432617188,25.873171542020255,25.16420521272302,25.74278717985362,25102300
2011-10-21,26.174684524536133,26.28062278913524,25.930214236591432,26.028003284351822,32837700
2011-10-24,26.785865783691406,26.826610319642445,26.08504857434175,26.08504857434175,27941900
2011-10-25,26.37841796875,26.851063357290027,26.296928885226887,26.826614145345673,30540900
2011-10-26,26.402860641479492,26.69622313467097,25.71834038584478,26.671777037390473,33683500
2011-10-27,27.42964744567871,27.551884195227853,26.851066796180078,26.96515277116745,35578800
2011-10-28,27.454082489013672,27.543722321413053,27.21776296831616,27.299252029438275,26333800
2011-10-31,26.704368591308594,27.19330909125773,26.696217821431638,27.09552161298948,28859900
2011-11-01,25.824281692504883,26.248030156351714,25.767238719735374,26.0443043654295,31480100
2011-11-02,26.305072784423828,26.598438416885017,25.91391964401185,26.044304024149177,26470800
2011-11-03,26.9814395904541,27.01403645744197,26.22357953033199,26.288770155699392,27467100
2011-11-04,26.52509307861328,26.794012571393857,26.17468452604922,26.745117270358744,23837800
2011-11-07,26.785865783691406,26.826610319642445,25.91391965818209,26.39471264306554,23980000
2011-11-08,27.388893127441406,27.511126724772833,26.769565043304674,26.99774002048542,30171400
2011-11-09,25.742788314819336,26.76141716059628,25.620553164186955,26.76141716059628,36933000
2011-11-10,25.85687255859375,26.101342843883995,25.50646400985467,26.028003001740256,25303800
2011-11-11,26.37841796875,26.69622974654313,26.076904629383353,26.09320306780983,21664700
2011-11-14,26.321374893188477,26.492503833132506,26.142098288365368,26.321374893188477,16781600
2011-11-15,26.85920524597168,27.022186486577123,26.1909849572371,26.24802792515771,21397300
2011-11-16,26.06874656677246,26.940694075139373,26.06874656677246,26.56583633571332,24295200
2011-11-17,25.115314483642578,26.076900435905287,24.830098074263987,25.954665275972857,41500400
2011-11-18,24.936037063598633,25.17235817229804,24.68341751862908,25.04197379074573,26601000
2011-11-21,24.373748779296875,24.732306537056434,24.072235537559173,24.60192218047189,25360400
2011-11-22,24.292259216308594,24.38189904819337,23.852212382419392,24.104831889916976,25437400
2011-11-23,23.63219451904297,24.11298756636097,23.62404529993364,24.03964614868164,24399700
2011-11-25,23.420320510864258,23.901113579239762,23.314383766412476,23.371426748371487,13641400
2011-11-28,24.341154098510742,24.495984554529823,23.92555336825622,23.99889476502491,21067200
2011-11-29,24.23521614074707,24.57747547855645,24.194471610607174,24.39004815302622,20155800
2011-11-30,25.547204971313477,25.636843228984933,24.976772347604154,25.009369208069305,31879500
2011-12-01,25.8079776763916,25.897617502394244,25.376078533465545,25.587953496732812,22197000
2011-12-02,25.424983978271484,26.117650550631144,25.424983978271484,26.076906006717536,22391200
2011-12-05,25.995410919189453,26.27247967677924,25.71019449765403,25.922069509243077,19992200
2011-12-06,25.85687255859375,26.16653657788584,25.70204210325187,26.109493614938394,21049900
2011-12-07,25.702045440673828,25.922068104283426,25.115314192903256,25.498319658376687,31366000
2011-12-08,25.050121307373047,25.66944785483153,24.976779903443468,25.457572860624342,24494300
2011-12-09,25.824281692504883,25.954666074350744,25.107166038048213,25.131613692508473,22621000
2011-12-12,25.522768020629883,25.58796021457346,25.074571881555862,25.58796021457346,22536100
2011-12-13,25.12346839904785,25.995414671718343,24.936041015153286,25.824285726676703,25309900
2011-12-14,24.341154098510742,25.05826807832172,24.24336505138443,24.993075898338905,26644600
2011-12-15,23.656641006469727,24.610077834845715,23.477361303539745,24.56118252260779,43170300
2011-12-16,23.803321838378906,24.504139091066953,23.59959603741652,23.84406793115409,46100600
2011-12-19,23.31437873840332,23.99074826518786,23.224738897911184,23.966300612061545,24849700
2011-12-20,23.770727157592773,24.03149594114726,23.52625681158658,23.681087305381713,46428300
2011-12-21,21.000057220458984,21.179335376719713,20.299239924913632,20.918566584229705,183503900
2011-12-22,20.934860229492188,21.08154303026229,20.68223915958624,21.07339381307459,44203700
2011-12-23,21.236373901367188,21.252672336055298,20.983754380918608,21.0244989133346,32292800
2011-12-27,20.88596534729004,21.35046141052463,20.828922380130777,21.236373921901823,21312400
2011-12-28,20.788171768188477,20.991897479494554,20.64148900735949,20.92670531404876,25412300
2011-12-29,21.024499893188477,21.057096764083887,20.780029578690332,20.91856317138711,19249800
2011-12-30,20.902267456054688,21.08969482518107,20.877821354006194,20.96745965202493,19168800
2012-01-03,21.073392868041992,21.72531467078017,21.04894521757524,21.45639673286265,37911800
2012-01-04,21.19562530517578,21.374903389459682,20.820769150740738,21.146731564789988,45418500
2012-01-05,21.668277740478516,21.920897315089004,21.114143276710003,21.195633913317952,50873400
2012-01-06,21.94533920288086,22.124617312842012,21.480844716928257,21.733464225124475,55685000
2012-01-09,22.076019287109375,22.149524468533755,21.773831145945223,21.969844443818502,38481100
2012-01-10,22.027008056640625,22.54154416922388,21.92900221656983,22.198520613426624,48976300
2012-01-11,21.96167755126953,22.133190164601956,21.847336847564748,22.043350150105198,30836000
2012-01-12,22.190359115600586,22.263864294134855,21.741162187024624,22.067851003968517,31775700
2012-01-13,22.329200744628906,22.35370298862472,21.929006772681028,22.084184535771044,31482600
2012-01-17,22.590553283691406,22.770231744939668,22.44354292549957,22.606888114107203,35769400
2012-01-18,23.145925521850586,23.23576553317193,22.549718219641232,22.631389257814963,35343800
2012-01-19,23.32560920715332,23.521622546634795,23.072425505045025,23.260271427326163,36353100
2012-01-20,23.4481143951416,23.644129267700727,23.088757430259033,23.18676330876324,37014000
2012-01-23,23.186763763427734,23.611460066008032,23.096925299333144,23.464449687593667,27438400
2012-01-24,23.284770965576172,23.472616865967815,23.072422816438735,23.13776058865215,23700900
2012-01-25,23.284770965576172,23.390944261257207,22.835572418555508,23.08059023268733,39274500
2012-01-26,23.105091094970703,23.55428805726113,22.990748832127014,23.32560508934903,34646400
2012-01-27,23.211259841918945,23.382770865957465,22.974409504599127,23.064249502585948,24561500
2012-01-30,23.35826873779297,23.431773902917108,22.884569650201236,23.023412566794065,23294900
2012-01-31,23.03975486755371,23.472618614318908,22.909079313393555,23.464451197461965,32744000
2012-02-01,23.58695411682129,23.635958607122106,22.95807873571216,23.26026530369152,38240800
2012-02-02,23.529783248901367,23.889141714284733,23.44811065798127,23.57878773811849,27334400
2012-02-03,23.774803161621094,23.864641617721926,23.50528467776811,23.791136435055183,26277200
2012-02-06,23.684961318969727,23.742131666012877,23.529783550013235,23.709463563891845,16582600
2012-02-07,23.64413070678711,23.684966232353403,23.480785488971048,23.611461040113717,20291700
2012-02-08,23.464445114135742,23.67679322403709,23.17859182935411,23.619622878635784,29842600
2012-02-09,23.59511947631836,23.60328689065697,23.15409000645844,23.562451376738924,31795300
2012-02-10,23.276596069335938,23.39093674452191,23.096917642932997,23.317431579680964,30232000
2012-02-13,23.219430923461914,23.415444220940152,23.154093157635835,23.350106455114073,20015200
2012-02-14,23.064250946044922,23.235763538592398,22.892739911272514,23.129588705640373,30267900
2012-02-15,22.851900100708008,23.154088176250198,22.802897176324773,22.949907507249357,34620600
2012-02-16,23.64413070678711,23.684966232353403,22.974416559961604,22.998918809966646,36380600
2012-02-17,23.51344871520996,23.70946198823509,23.39093905651611,23.70946198823509,34061000
2012-02-21,23.472612380981445,23.668625660168807,23.26843168710606,23.521615311334518,20612200
2012-02-22,23.317441940307617,23.750305708063436,23.276606411818157,23.456284918057555,25207600
2012-02-23,23.529783248901367,23.586953595212904,23.12958926694551,23.36643962483628,25319100
2012-02-24,23.889142990112305,24.125993360652345,23.55428675145411,23.73396521485418,24952400
2012-02-27,23.897310256958008,23.99531612446731,23.48894884086052,23.684962133654295,30419400
2012-02-28,24.00347900390625,24.00347900390625,23.684957658027635,23.880970913781773,29889400
2012-02-29,23.889142990112305,24.044320765370426,23.701297111406525,24.011651104147585,33160700
2012-03-01,24.36284828186035,24.47718900925832,23.87281414507886,24.011657124537358,32909600
2012-03-02,24.469013214111328,24.705863562942636,24.30566959629409,24.379174769533115,28177200
2012-03-05,24.697702407836914,24.844712791573663,24.436351306871778,24.697702407836914,33786600
2012-03-06,24.452678680419922,24.828370384002294,24.264831270853772,24.452678680419922,28971600
2012-03-07,24.68135643005371,24.73036090768895,24.362835114298324,24.542513525636668,23691100
2012-03-08,24.55885124206543,24.86103932528435,24.379172809579128,24.82836966968234,30927300
2012-03-09,24.607860565185547,24.738537663791785,24.420014669963024,24.54252279477009,30056300
2012-03-12,24.264833450317383,24.436346047017803,23.848306196420154,24.27300086518646,40933900
2012-03-13,24.607860565185547,24.689533167648698,24.428182085986872,24.49351985640233,32329200
2012-03-14,24.371009826660156,24.632360887893743,24.248501711428812,24.50168535727695,30994400
2012-03-15,24.550683975219727,24.607854315090766,24.28933295993787,24.469011393500413,35528500
2012-03-16,24.28933334350586,24.632356945923927,24.15865783380135,24.591521433306877,38651200
2012-03-19,24.3056583404541,24.411831564978215,24.036140015982078,24.166815472830674,32519400
2012-03-20,24.58336067199707,24.61602877937639,24.134162122772274,24.256671809327003,46126400
2012-03-21,24.019819259643555,25.440916853350515,23.962648908517018,25.21223544884437,94678000
2012-03-22,23.382770538330078,23.95447705933128,23.325600197784947,23.95447705933128,59763200
2012-03-23,23.317441940307617,23.595127895807494,23.292941246324165,23.431784224074104,36696300
2012-03-26,23.815641403198242,23.840143652812024,23.399112506416483,23.505287363634118,30044300
2012-03-27,23.97081756591797,24.109660522036194,23.684964237700996,23.82380719381922,31710000
2012-03-28,23.97898292541504,24.13415914241078,23.79930290480391,23.99531619819999,29405300
2012-03-29,23.929977416992188,24.158660361792204,23.76663379165656,23.856472240369865,34035400
2012-03-30,23.815641403198242,24.085159917848156,23.71763552029396,24.060657668234374,32006100
2012-04-02,24.117828369140625,24.240336495487732,23.68496466108715,23.782972096830044,28525300
2012-04-03,24.00347900390625,24.256664155641705,23.782965064792148,24.18315899001204,29995400
2012-04-04,23.815641403198242,24.076992501310226,23.62779549615218,23.840143652812024,31154000
2012-04-05,24.14232635498047,24.199496703685732,23.79113528976223,23.80747012018521,43273500
2012-04-09,23.741317749023438,23.93772970286191,23.73313372249557,23.814972426830796,21528500
2012-04-10,23.201189041137695,23.700402269807363,22.980224964330727,23.634931605673124,41175000
2012-04-11,23.029327392578125,23.364864738767047,22.947490233756437,23.315762131285286,30390100
2012-04-12,23.487613677978516,23.50398016626358,23.04568571447689,23.176626986415943,29414300
2012-04-13,23.3730525970459,23.54491409281112,23.315765952105494,23.487627447870715,16685800
2012-04-16,23.438514709472656,23.544905492021606,23.168448081304195,23.389412111881146,21476800
2012-04-17,23.962278366088867,24.09321964997925,23.487615821750413,23.50398231152929,24985300
2012-04-18,23.839523315429688,24.019568779949953,23.814972796408547,23.839523315429688,21151400
2012-04-19,23.741317749023438,24.10958957711678,23.463067090849737,23.7249496959677,26462100
2012-04-20,23.634925842285156,24.166876614721133,23.634925842285156,23.831339347736108,35727900
2012-04-23,23.30757713317871,23.454886510436893,23.127533205942974,23.405783904998728,23045500
2012-04-24,23.47943687438965,23.61037818659928,23.34031153504897,23.348495562180016,20486900
2012-04-25,23.626745223999023,23.724950423457848,23.405781183801416,23.471251837088467,26902800
2012-04-26,23.74949836730957,23.91317419154779,23.520350340244185,23.60218903283491,20548300
2012-04-27,23.929548263549805,24.09322568991674,23.782238892008284,23.782238892008284,16847800
2012-04-30,24.06049156188965,24.07685961806314,23.896815682985977,23.921366206302466,18568500
2012-05-01,24.199609756469727,24.37147117354767,23.970463281623523,24.101404570376577,19965400
2012-05-02,24.31418800354004,24.379660222349624,23.88862950788302,24.076857454129744,22579000
2012-05-03,24.044113159179688,24.404202435326038,24.011378621862608,24.3387317997488,19175800
2012-05-04,23.250288009643555,23.855891948326253,23.250288009643555,23.81497337500123,33934300
2012-05-07,22.849273681640625,23.283017618156695,22.79198707059839,23.192994908837132,33670500
2012-05-08,22.85746192932129,22.931116603110517,22.530108690782136,22.67741647741723,24660200
2012-05-09,22.73470115661621,22.841090357393313,22.43189848203916,22.60375988137833,25521100
2012-05-10,22.112735748291016,22.710155685388283,21.883587669525784,22.669237110332585,52653300
2012-05-11,22.096363067626953,22.350061613931892,21.908135164269847,22.071810991167798,25588900
2012-05-14,22.06363296508789,22.35006769122393,21.81811837751053,21.875405010549002,22485200
2012-05-15,22.145475387573242,22.530116949680824,22.047270160483944,22.112740832191456,26392900
2012-05-16,21.867216110229492,22.431901408962663,21.83448156762037,22.227305444589824,29672800
2012-05-17,21.48257827758789,21.867218164808857,21.48257827758789,21.850851672438218,29440600
2012-05-18,20.95880699157715,21.515308155604146,20.729658994347492,21.515308155604146,68182500
2012-05-21,21.490758895874023,21.654434720226295,20.893339093148935,20.901523118508035,30712700
2012-05-22,21.57259750366211,21.67898671102542,21.33526545201154,21.548045427681394,22122800
2012-05-23,21.834482192993164,21.973607515189187,21.31071700869913,21.376187656735883,33179600
2012-05-24,21.376188278198242,21.809930748698015,21.196142820155238,21.785380230560094,34232000
2012-05-25,21.392555236816406,21.548048619171336,21.310718093312875,21.425291342972585,18642900
2012-05-29,21.654438018798828,21.916322187352513,21.408923464400118,21.613519446713532,24139900
2012-05-30,21.417102813720703,21.556228113747963,21.26160946405656,21.433470863357588,21538300
2012-05-31,21.66261863708496,21.86721458720797,21.417104121314637,21.45802268696195,32192300
2012-06-01,21.27798080444336,21.507128851969284,21.196142104545288,21.26161275227507,30739700
2012-06-04,21.441667556762695,21.55624085002907,21.14704873299882,21.31072620418854,28945200
2012-06-05,21.85903549194336,22.047264994826374,21.335270241001066,21.335270241001066,28412000
2012-06-06,22.53011131286621,22.562845860058133,21.99816048226966,22.088183218698656,27639000
2012-06-07,22.243675231933594,22.7183378438765,22.243675231933594,22.710153817349827,32896100
2012-06-08,22.227306365966797,22.31732909352438,21.932687665555363,22.12910117312525,22343200
2012-06-11,21.940872192382812,22.440086877038112,21.908137647669896,22.40735077138176,20470800
2012-06-12,22.12091827392578,22.219123471770736,21.87540215742644,22.096366193992804,26186900
2012-06-13,22.112735748291016,22.40735292276793,21.924507805525067,21.998160928436608,19638800
2012-06-14,22.022708892822266,22.382798217578213,21.695355670745627,22.170018232992575,34311700
2012-06-15,22.669235229492188,22.718337827673757,22.088181834060382,22.186388591366974,40136400
2012-06-18,22.194576263427734,22.448274883470795,21.842670869947266,22.448274883470795,38322000
2012-06-19,22.88201141357422,23.52853539632605,22.53010767362154,23.233916714470197,81048700
2012-06-20,23.315753936767578,23.389408602575546,22.865643477668396,22.947482168670938,29281700
2012-06-21,22.759248733520508,23.43850709652634,22.710146151877765,23.31574986194802,32721900
2012-06-22,22.914751052856445,23.029324308618794,22.74289116921292,22.84109637102535,22163000
2012-06-25,22.603769302368164,22.710158547487076,22.292782473355143,22.53829863746181,24918800
2012-06-26,22.7756290435791,22.87383582068261,22.521930414065377,22.61195160205451,20614200
2012-06-27,23.053884506225586,23.291215128283277,22.71834708683583,22.71834708683583,19388200
2012-06-28,23.053884506225586,23.127539213988616,22.693794997266792,22.939311210124917,27175800
2012-06-29,24.306001663208008,24.314184128311464,23.56127246332469,23.577638954474963,35545300
2012-07-02,24.387840270996094,24.387840270996094,23.85589103345348,24.166877798193962,24445300
2012-07-03,24.526960372924805,24.53514439772042,24.23234328499839,24.248709773646492,14468000
2012-07-05,24.322368621826172,24.494230050225713,24.31418459562206,24.412391349127997,19244600
2012-07-06,23.88044548034668,24.125960057106273,23.684033506750282,24.035938878131013,25259400
2012-07-09,23.814971923828125,24.02775192622815,23.749501273931457,23.921361144556425,21873200
2012-07-10,23.774051666259766,24.224163747743212,23.61037582285585,24.027751799092467,23424100
2012-07-11,23.970870971679688,24.044678090355777,23.708446356019863,23.76585154517369,27247300
2012-07-12,23.634634017944336,24.167684096307987,23.462418488514405,24.15128373458162,23562000
2012-07-13,24.257898330688477,24.323504484195226,23.577233901490665,23.67564391383783,22026800
2012-07-16,24.208690643310547,24.397308112137107,24.011872210947107,24.134883535652524,16819600
2012-07-17,24.536725997924805,24.643335415690732,24.085683867429797,24.36450885947319,23897100
2012-07-18,25.01237678527832,25.22559723409967,24.4547235443878,24.471125478337406,24988700
2012-07-19,25.31580352783203,25.51262202109978,25.06157827204197,25.094382136340435,26180000
2012-07-20,24.700748443603516,25.283003034974712,24.68434650926712,25.143589721464426,25013000
2012-07-23,24.3153018951416,24.43831322922743,23.87246077959783,24.216893453542532,23403200
2012-07-24,24.044677734375,24.331705240068782,23.83965831090431,24.266099087125124,23707500
2012-07-25,23.995471954345703,24.241494620883685,23.880661585184505,24.028274246602916,22389100
2012-07-26,24.602336883544922,24.897565426683286,24.356314140379254,24.430121276163845,26746600
2012-07-27,25.233793258666992,25.291198452072457,24.63513686433258,24.848355707217387,23852100
2012-07-30,25.077980041503906,25.42241279353163,24.93036578146712,25.168189103565126,20919700
2012-07-31,24.766355514526367,25.168193535286996,24.741752612129943,25.06158252241043,20951600
2012-08-01,24.86475944519043,25.028775636133627,24.62693768891454,24.88116137711961,17344400
2012-08-02,24.536725997924805,24.930362936993987,24.38911175473032,24.495722736670405,22103400
2012-08-03,25.192785263061523,25.31579816394255,24.913958732299484,25.03697163318051,17767200
2012-08-06,25.422412872314453,25.627432330962147,25.241996311807238,25.356806708114163,18658400
2012-08-07,25.832448959350586,25.99646513396851,25.5454214358563,25.602826627720326,21692700
2012-08-08,25.55361557006836,26.08666564882159,25.479808467637664,25.701229774929754,22436100
2012-08-09,25.72583770751953,25.873450377147627,25.545419615461775,25.553620580025676,14578500
2012-08-10,25.92266273498535,25.930863701627903,25.48802088797688,25.578229956870484,13848800
2012-08-13,25.717636108398438,25.873449738745887,25.58642380696163,25.791443223478392,14362100
2012-08-14,25.709430694580078,25.939051400267694,25.619221666389233,25.832442010366123,13806800
2012-08-15,25.873451232910156,25.98826317642814,25.693034699059186,25.693034699059186,16230100
2012-08-16,26.26708984375,26.41470409189698,25.865253490287536,25.947260015547673,20333700
2012-08-17,26.406503677368164,26.488510199481325,26.16868038355238,26.316294626034708,20814500
2012-08-20,26.275293350219727,26.365502408368965,26.160481395073166,26.324496015865837,11189200
2012-08-21,26.03746795654297,26.463908752020426,26.012865061512834,26.25888931929174,19673100
2012-08-22,25.996461868286133,26.119473201709777,25.848847642508172,26.029264160584585,18087900
2012-08-23,25.9062557220459,26.03746803424992,25.67663339360179,25.88165282694234,14201700
2012-08-24,26.201480865478516,26.24248412124839,25.62742589965663,25.701233011381557,14811400
2012-08-27,26.103065490722656,26.29988389343305,26.037459356485854,26.29988389343305,14708300
2012-08-28,25.89805793762207,26.24249069050188,25.881656005538666,26.01286833385723,15993500
2012-08-29,25.82424545288086,26.15227620566158,25.799642559857052,25.955457753993148,15845300
2012-08-30,25.561819076538086,25.734034623230087,25.553618112766006,25.66842847722734,17984700
2012-08-31,25.95545768737793,26.045666730726357,25.52901692777046,25.799642493641738,21240300
2012-09-04,25.889854431152344,26.078471939080494,25.602826904554533,25.939058658400082,16654700
2012-09-05,26.29990005493164,26.33270392429509,25.922664942299463,25.95546724748833,22994600
2012-09-06,26.759138107299805,26.89035042338616,26.37370056014373,26.390102490698073,22699700
2012-09-07,26.734535217285156,26.76733908032025,26.46391116811702,26.76733908032025,19068700
2012-09-10,26.49671173095703,26.85754479435524,26.48850920204561,26.726332486906056,18589900
2012-09-11,26.504911422729492,26.619721801965426,26.37369911383868,26.48031009242128,21554800
2012-09-12,26.45571517944336,26.65253527796977,26.439316372219718,26.65253527796977,20602100
2012-09-13,26.75092887878418,26.890343689409132,26.316288777157606,26.504906238775696,27451700
2012-09-14,27.021564483642578,27.062567748500893,26.734535372937206,26.775541766144105,23162900
2012-09-17,27.14457893371582,27.169183399529523,26.857552902131918,26.90675870541021,25017900
2012-09-18,27.078964233398438,27.283983644800593,27.01335652014273,27.14456881830619,25285000
2012-09-19,26.88214683532715,27.128172655605496,26.701731863030815,27.070764336751825,20913400
2012-09-20,26.45571517944336,26.96416579715769,26.398309969112603,26.734541827485323,38005700
2012-09-21,26.6279239654541,27.300387430332346,26.472107200045716,27.087165476093976,62905800
2012-09-24,26.422903060913086,26.60331801784394,26.308092689680365,26.44750438950639,18511200
2012-09-25,25.668426513671875,26.431098880220432,25.627423262121994,26.39009562867055,30757800
2012-09-26,25.200992584228516,25.48802015172889,25.069780250086815,25.438815917469352,29234500
2012-09-27,25.602821350097656,25.766837490906205,25.176382199508335,25.225586416081363,23400200
2012-09-28,25.799640655517578,25.9226535473827,25.47981089068561,25.529015108927318,27014800
2012-10-01,25.971858978271484,26.242484537497468,25.865249573074447,26.004661270572893,28412900
2012-10-02,25.95545768737793,26.250684582035863,25.750438271894417,26.07026962368702,21859900
2012-10-03,26.09486961364746,26.283487090813303,25.98826021130231,26.086668649748,19700800
2012-10-04,26.160478591918945,26.22608474604102,25.955459164765703,26.119475332157936,25156900
2012-10-05,25.74224090576172,26.316295975025174,25.652033413978316,26.283492113159046,31239000
2012-10-08,25.570022583007812,25.734037182237437,25.307597972901167,25.586424512182994,22261500
2012-10-09,25.135379791259766,25.50441536136142,24.963164234661654,25.471611504386164,23311300
2012-10-10,25.127172470092773,25.242208075657867,25.00391981166695,25.127172470092773,23103700
2012-10-11,25.24220085144043,25.54622545130658,25.160033480834244,25.250417901949476,20436300
2012-10-12,25.47226905822754,25.628389855799234,25.209329757417436,25.209329757417436,18639800
2012-10-15,25.71877670288086,25.784511534324796,25.488705576448083,25.52157220854905,26143200
2012-10-16,26.18714141845703,26.20357395231621,25.70234640666305,25.800947878786694,22024500
2012-10-17,25.661256790161133,26.04745026415849,25.644822691854465,25.907763563035548,28326200
2012-10-18,25.57087516784668,25.66947663393764,25.275067635089712,25.587307700700478,26013900
2012-10-19,25.044992446899414,25.677691132543337,24.97925762028978,25.529787380861183,26239700
2012-10-22,25.307937622070312,25.381889515060312,24.905311519814905,25.135384249921817,17338400
2012-10-23,25.135379791259766,25.340801331517046,25.020344230233125,25.077862010746447,21384700
2012-10-24,25.14360237121582,25.431192904279268,24.95461488874984,25.390107646846023,21642700
2012-10-25,25.357242584228516,25.653048619922203,25.23398837151019,25.365459636225896,20696000
2012-10-26,25.464059829711914,25.554445829840493,25.151819705914974,25.31615603577145,19815600
2012-10-31,25.53801155090332,25.792733879135117,25.357241119132745,25.669481240780527,21844400
2012-11-01,25.866683959960938,25.899552163744318,25.414757128635003,25.63661280244616,22886100
2012-11-02,25.64482879638672,26.13784089225099,25.620179210300964,26.129623841141655,17251200
2012-11-05,25.67770004272461,25.759868996309816,25.283290946206545,25.43119474921143,13590100
2012-11-06,25.98994255065918,26.220015328185156,25.7434372347148,25.82560619577712,15018800
2012-11-07,25.299720764160156,25.75986463214154,25.2750696120882,25.718779378688275,22295700
2012-11-08,24.995697021484375,25.455840905369406,24.98747997050972,25.250419332729738,17902800
2012-11-09,24.93817901611328,25.250419114237175,24.872444176127082,24.979262703388827,15537900
2012-11-12,24.8970947265625,25.102516305386423,24.724541352626694,24.98748072276255,10964600
2012-11-13,24.667022705078125,25.061431746591264,24.560202610141932,24.716323443456712,20901000
2012-11-14,24.30548095703125,24.77384190239287,24.256180217320093,24.73275821384062,22562900
2012-11-15,24.6095027923584,24.708104260607854,24.289044102442464,24.30547820289807,26295000
2012-11-16,24.650588989257812,24.757407518624678,24.469818567543793,24.675240142454278,25491700
2012-11-19,24.765623092651367,24.864226132314233,24.527334894932846,24.856009081738815,22551100
2012-11-20,24.814931869506836,24.814931869506836,24.46982349152256,24.667028055050356,17448200
2012-11-21,24.979263305664062,25.086083402743558,24.757407627645648,24.806709934255682,17423900
2012-11-23,25.406545639038086,25.52158124297612,25.127172114694954,25.18468991666397,8211500
2012-11-26,25.43940544128418,25.447622491818855,25.127165357177148,25.24220093017835,15644900
2012-11-27,25.65304183959961,26.104970176552552,25.603741107888343,25.636609307190522,24696300
2012-11-28,26.12962532043457,26.146059423583633,25.46405981532096,25.59552950602878,21603200
2012-11-29,26.162485122680664,26.40899032176353,26.137833975875644,26.228219946918884,22205300
2012-11-30,26.441865921020508,26.491168228434812,26.088540554096035,26.170709499210933,26610600
2012-12-03,26.548686981201172,26.704806258606236,26.46651646586851,26.597986155916107,22159300
2012-12-04,26.60619354248047,26.680145407817623,26.302167465825868,26.474723907934788,17391100
2012-12-05,26.293962478637695,26.392563960276902,25.726998473864228,26.25287878916174,30775300
2012-12-06,26.31861114501953,26.384347553469812,26.2117926157723,26.28574450803663,25132600
2012-12-07,26.228225708007812,26.43364570753661,26.104973081393663,26.417214740541166,18421100
2012-12-10,26.35148048400879,26.482950172086305,26.228227847341405,26.228227847341405,20712600
2012-12-11,26.573335647583008,26.704805333074145,26.310396276600734,26.44186596209187,25716300
2012-12-12,26.39154624938965,26.755112130735068,26.30065438504986,26.614642026202443,20205300
2012-12-13,26.118877410888672,26.449389621621375,25.93709364616742,26.383288440286076,20608200
2012-12-14,26.408071517944336,26.532015546000817,25.97840445593058,26.061033282630305,21930800
2012-12-17,26.705537796020508,26.82948183861471,26.275869107595998,26.441126780378955,24047300
2012-12-18,27.168264389038086,27.226104113927285,26.73033099084023,26.846013592647232,37797600
2012-12-19,28.168073654174805,28.382906503635883,27.953240804713726,27.978028361797545,60937600
2012-12-20,28.04412841796875,28.300278054801037,28.035866949955,28.16807250237802,28119900
2012-12-21,27.895397186279297,28.02760274063971,27.43267932203238,27.68882581058934,45601600
2012-12-24,27.771448135375977,27.79623568456487,27.614451918437993,27.647504085375267,6451900
2012-12-26,27.771448135375977,27.969754832943362,27.548350736591576,27.82102323375376,13282100
2012-12-27,27.49051856994629,27.77971722999721,27.26742110989458,27.713616029997997,21600200
2012-12-28,27.283937454223633,27.672292503626963,27.267411372118396,27.300463536328866,16792100
2012-12-31,27.531827926635742,27.647507372642266,27.01126726757788,27.193051055318705,25320000
2013-01-02,28.663827896118164,28.705144671171684,28.03585263084981,28.159796651955585,33758400
2013-01-03,28.349842071533203,28.713406369977143,28.20937196966179,28.614253043497417,21819500
2013-01-04,28.597745895385742,28.713425378196202,28.424226671170054,28.46554032188386,21687300
2013-01-07,28.449003219604492,28.523369022916814,28.267219444390317,28.457264685737737,14008300
2013-01-08,28.457265853881836,28.51510557527365,28.143279695477236,28.217645501842203,17408900
2013-01-09,28.47378921508789,28.75472632870051,28.40768803354686,28.506841381872462,18932700
2013-01-10,28.84561538696289,28.853876851836066,28.432472798692423,28.556416835984685,17843600
2013-01-11,28.80430030822754,28.91997972279429,28.73819598445931,28.886927560910177,15105200
2013-01-14,28.886917114257812,28.91996926418896,28.589454068930486,28.77950235502134,14589400
2013-01-15,28.67210578918457,28.820837422573973,28.523374155795167,28.56468779795248,16263600
2013-01-16,28.62252426147461,28.812569515336673,28.556423071971,28.614262794797344,17608200
2013-01-17,28.60599708557129,28.762993314710766,28.58947100081827,28.721676526814036,17827100
2013-01-18,29.010873794555664,29.02739987675243,28.43247352578034,28.58120511352336,30088900
2013-01-22,28.862146377563477,28.903460013011518,28.53163098992247,28.878672462148362,19309500
2013-01-23,28.663827896118164,29.08523504625588,28.663827896118164,28.886925242892122,17235800
2013-01-24,28.870399475097656,29.250493006314535,28.762984684475043,28.820824387741812,18662000
2013-01-25,29.23398780822754,29.250513899826473,28.82084497434315,28.919998371907095,18061300
2013-01-28,29.36617660522461,29.572747904104308,29.233971100022718,29.25875864723936,20119500
2013-01-29,29.564483642578125,29.63884943715031,28.97782190319084,29.21744536925987,18284800
2013-01-30,29.23398780822754,29.647130642111925,29.159621972047162,29.547974092518302,14249900
2013-01-31,29.341388702392578,29.490120303923216,29.12655591797509,29.143082001703846,19077700
2013-02-01,29.91979217529297,30.002422602637605,29.58927992199994,29.638855026378213,27725700
2013-02-04,29.027402877807617,29.74627019153515,28.94477245828087,29.58927712247665,23595800
2013-02-05,29.31659698486328,29.514906809386417,29.03565990547168,29.09349961428515,16662700
2013-02-06,29.00261688232422,29.267027963660592,28.928251068696568,29.17613921547455,15603500
2013-02-07,28.556415557861328,29.076972926323077,28.465523688185502,29.043923916281774,26869300
2013-02-08,28.837364196777344,28.90346539539787,28.50684874758794,28.721681583140807,19255700
2013-02-11,28.886917114257812,28.95302141412011,28.5481404575298,28.90344318922339,12648800
2013-02-12,29.010873794555664,29.12655321790515,28.79603787802557,28.829090042419104,14666300
2013-02-13,28.911727905273438,29.13482219236166,28.820836005778173,29.093508552235274,13176800
2013-02-14,28.837364196777344,28.97783121386404,28.663841852337,28.812573489269337,15886800
2013-02-15,28.762985229492188,28.91171679843282,28.630779740659126,28.75472061342466,18406000
2013-02-19,29.250503540039062,29.25876500689769,28.771256509496087,28.862148405083794,16446000
2013-02-20,28.928237915039062,29.407484752065862,28.91997645151635,29.333118972252297,16263700
2013-02-21,28.32505226135254,28.878664918227763,28.234160395893362,28.878664918227763,20923100
2013-02-22,28.71341323852539,28.738200788067907,28.201117251801602,28.515103386100733,13754700
2013-02-25,28.32505226135254,29.275281388572576,28.316790797232397,28.977818247807086,19992900
2013-02-26,28.35810661315918,28.564677904427548,28.159799938677093,28.32505445006958,15839500
2013-02-27,28.65557098388672,28.895194448337662,28.143275042530966,28.3002680957775,15671400
2013-02-28,28.29200553894043,28.804301460527732,28.275479457337255,28.67209595973011,23816400
2013-03-01,28.6142635345459,28.779521240619978,28.09370286362254,28.192856226455557,20376000
2013-03-04,28.961301803588867,28.98609250825274,28.424218200309674,28.531633029748374,14750500
2013-03-05,29.300073623657227,29.481857383677646,29.093502315280578,29.101766932751335,15410100
2013-03-06,29.630599975585938,29.688439711236995,29.316610587745057,29.333136676792385,21340800
2013-03-07,29.696687698364258,29.853683897027853,29.54795611648704,29.696687698364258,15098100
2013-03-08,29.506649017333984,29.820638332107272,29.473596846930807,29.696694269109578,14985000
2013-03-11,29.647111892700195,29.729739146410115,29.44880207095763,29.498380314400194,14111600
2013-03-12,29.275297164916992,29.622335581476047,29.052199689116506,29.622335581476047,18411100
2013-03-13,29.399229049682617,29.622323280814065,29.209180679117758,29.597535733361216,21228800
2013-03-14,29.99415397644043,30.018944677345846,29.432279753681616,29.581011351001777,21040700
2013-03-15,30.0272159576416,30.101581780608853,29.828906045719222,29.83717066606509,56178100
2013-03-18,29.77932357788086,30.093309728845806,29.746271408717703,29.828898679597252,20654800
2013-03-19,29.490129470825195,29.936324414115223,29.258770530761844,29.895010767965218,20548800
2013-03-20,29.556232452392578,29.804117469799042,29.250507702658908,29.7297516493742,41088100
2013-03-21,26.68901824951172,27.217840410300038,26.589864882371085,27.08563487010296,132669500
2013-03-22,26.42460060119629,26.854269288048414,26.143663504101742,26.771642027973282,64333500
2013-03-25,25.821414947509766,26.6063865923197,25.747049146379812,26.482442539760378,39694400
2013-03-26,26.06103515625,26.26760644984356,25.953617201013568,25.953617201013568,29420300
2013-03-27,26.399812698364258,26.532018203922373,25.85446459393355,25.953617935095163,35028500
2013-03-28,26.713809967041016,26.763385076474517,26.26761506996652,26.350242353708243,23676700
2013-04-01,26.779903411865234,26.82121704177737,26.47417876808192,26.738589781953095,18677600
2013-04-02,27.052581787109375,27.217836323521098,26.879059480631888,26.978215984912808,22619600
2013-04-03,26.771644592285156,27.217836252268267,26.60638690427782,27.2095747862806,25545200
2013-04-04,26.746850967407227,26.862530390762608,26.631171544051842,26.738589502322363,18163800
2013-04-05,26.465923309326172,26.540289129713226,26.16846160379246,26.251090468224128,24415300
2013-04-08,26.738597869873047,26.738597869873047,26.358505740452085,26.498974331061984,14134400
2013-04-09,27.300457000732422,27.333509157030363,26.821210190493588,26.854262346791533,30087400
2013-04-10,27.87060546875,28.052389260866047,27.39136158775576,27.39136158775576,35941000
2013-04-11,27.779714584350586,28.027599576790642,27.73013947707979,27.779714584350586,23080700
2013-04-12,27.647502899169922,27.821022040103642,27.283938534542887,27.79623449197825,18408200
2013-04-15,27.10215950012207,27.680559889410993,27.10215950012207,27.58966799440478,19617500
2013-04-16,27.61445426940918,27.672297142487952,27.19305013718093,27.226102306932116,17310600
2013-04-17,26.846012115478516,27.37483422938404,26.81295994535231,27.35004352577517,25277000
2013-04-18,26.540285110473633,27.102159412301805,26.35850289706451,26.978218498445564,24892500
2013-04-19,26.746850967407227,26.821216761282525,26.168452274616378,26.234555027392872,30391400
2013-04-22,26.870798110961914,26.98647754767616,26.573334901109146,26.846010560816932,18754900
2013-04-23,26.82121467590332,27.26740940446298,26.746848887810042,27.036050575740628,23964900
2013-04-24,26.862539291381836,27.126953542126575,26.80469956053956,26.846016355737408,22601800
2013-04-25,26.664236068725586,26.920385733485574,26.614657799150617,26.90385964362725,25910200
2013-04-26,26.738597869873047,26.879064884468512,26.581601615879446,26.606392322947784,22376200
2013-04-29,26.639446258544922,26.854279104488032,26.556815816236742,26.763387193963574,31381300
2013-04-30,27.08562469482422,27.159990480249814,26.622907053978306,26.622907053978306,50028100
2013-05-01,27.39961814880371,27.779708598784026,27.036053781695756,27.060841329990296,32712000
2013-05-02,27.837547302246094,27.911913096458044,27.250885565700642,27.358303524457437,22992700
2013-05-03,27.581401824951172,28.052384153290983,27.49877141083927,28.035858070468603,23976800
2013-05-06,27.688819885253906,27.688819885253906,27.333520094967135,27.630980164600594,17964500
2013-05-07,27.48224449157715,27.920177792971423,27.424404779473207,27.705341874847157,17955000
2013-05-08,27.647502899169922,27.738394778333678,27.34177824818746,27.34177824818746,21382700
2013-05-09,27.845821380615234,28.093706394870058,27.498779839035304,27.51530592692282,18722100
2013-05-10,28.110231399536133,28.118492867147054,27.804506665470516,27.953238298697865,17364100
2013-05-13,27.911907196044922,28.09369091058566,27.804492412022878,28.05237728965201,12193400
2013-05-14,27.821029663085938,28.300276738344156,27.721876291388288,27.804506727827043,23560400
2013-05-15,28.0854434967041,28.176332247413534,27.85408143008982,27.878872136673127,18360500
2013-05-16,28.399433135986328,28.597743052540302,28.16807419336435,28.16807419336435,25526300
2013-05-17,28.94476890563965,28.94476890563965,28.457260522366692,28.581204560429985,26986800
2013-05-20,28.837364196777344,28.944779038539313,28.55642701057503,28.762998378311174,18326400
2013-05-21,29.00261688232422,29.184400682753747,28.837362320510525,28.837362320510525,19682900
2013-05-22,28.192853927612305,29.04392994128715,28.02759623501332,28.977825603436234,33742400
2013-05-23,28.283740997314453,28.432472580110634,27.978016366912428,28.052382158310518,20442500
2013-05-24,28.135009765625,28.209375557951127,27.61444921934211,27.83754659632049,22642500
2013-05-28,28.531631469726562,28.73820280246893,28.308534052121402,28.647310911737748,21432200
2013-05-29,28.424213409423828,28.556418921243232,28.19285139971885,28.424213409423828,16004800
2013-05-30,28.3746395111084,28.746468555121037,28.3746395111084,28.49858357645545,17928400
2013-05-31,27.911907196044922,28.47378126641881,27.887119653890178,28.192844231231867,24412100
2013-06-03,28.41594696044922,28.424211577421026,27.87059886533956,27.969752204806454,19782700
2013-06-04,28.22590446472168,28.71341289608892,28.06064678167669,28.374636064259356,20324900
2013-06-05,28.192853927612305,28.597735116878393,28.09370057286424,28.176327843149572,22005600
2013-06-06,27.556617736816406,28.077178438530055,27.37483708620861,28.077178438530055,29158700
2013-06-07,27.93670654296875,28.118487161784557,27.531825367551143,27.754922772124736,20548900
2013-06-10,28.135009765625,28.168061929331685,27.9449645523533,28.077170055152216,16901500
2013-06-11,27.738399505615234,28.217646531234475,27.67229831533965,27.8127653146931,15274500
2013-06-12,27.697078704833984,27.986277247552337,27.680552623531835,27.95322823697575,13731100
2013-06-13,28.30027198791504,28.35811170769888,27.606192198480663,27.655770452021805,15727400
2013-06-14,27.903663635253906,28.35812006115116,27.845823898432215,28.217653029449696,17551400
2013-06-17,28.31679344177246,28.614256610318403,28.093696065363005,28.118483612065898,19398200
2013-06-18,28.424213409423828,28.58120646970061,28.267217197119017,28.308530828557323,16949300
2013-06-19,28.168073654174805,28.58121641639384,28.15981218582324,28.449010858564915,19408400
2013-06-20,27.440935134887695,28.11022738891974,27.292203522880577,27.994547946698287,35222400
2013-06-21,24.904233932495117,25.482634168268067,24.772028434492245,25.375216216132078,140813500
2013-06-24,24.92902374267578,25.152121117720625,24.813344322732778,24.887710114414393,78919200
2013-06-25,24.755508422851562,25.22649239797932,24.69766870029576,25.201703270020733,64051500
2013-06-26,24.904233932495117,24.978599722123462,24.672875098997018,24.945549135629673,52429800
2013-06-27,25.16039276123047,25.730528591040933,25.028187214374615,25.04471172572077,43014900
2013-06-28,25.375213623046875,25.457842444858322,24.995123249133403,25.019912368480945,39787100
2013-07-01,24.879446029663086,25.598313217737807,24.84639386762967,25.523947429176445,33962900
2013-07-02,24.871187210083008,25.077758529807927,24.747244733450877,24.86292416817232,33114500
2013-07-03,25.366966247558594,25.449593539245807,24.821617927147223,24.829879395504292,18629700
2013-07-05,25.771839141845703,25.78010218402946,25.234754008014704,25.606581450198863,22193800
2013-07-08,26.151931762695312,26.151931762695312,25.821417928414462,25.904046780988246,28904300
2013-07-09,26.044511795043945,26.110614552858205,25.80488831295846,26.027985711586865,28854300
2013-07-10,25.90351676940918,26.077700704502693,25.754216705625517,26.01134529638081,28458600
2013-07-11,26.426057815551758,26.542179343929554,26.185518555869553,26.185518555869553,33193000
2013-07-12,25.92009735107422,26.5421796875,25.91180273007741,26.459235059569124,157674700
2013-07-15,26.55047607421875,26.583654562389462,25.978161391610442,26.110872180218518,36543400
2013-07-16,26.542179107666016,26.666596837862926,26.426057580321867,26.53388448685041,22531400
2013-07-17,26.674882888793945,26.90712588264304,26.583643665760807,26.60023290304624,22357000
2013-07-18,26.55047607421875,26.923726155952334,26.38458837947735,26.509004546042746,23615600
2013-07-19,26.426057815551758,26.567061624560697,26.135752412570092,26.567061624560697,28512000
2013-07-22,26.434345245361328,26.45922751922361,26.293339892673675,26.367989878334004,16760100
2013-07-23,26.600244522094727,26.69977682520978,26.38458908929553,26.434356822890493,16771000
2013-07-24,26.86566162109375,27.00666859403355,26.79101161520194,26.857368582249922,20003600
2013-07-25,26.849071502685547,26.882249985126233,26.517294588464285,26.882249985126233,21050300
2013-07-26,26.990079879760742,27.039844441944982,26.674890608271493,26.840779865059226,17308500
2013-07-29,26.940309524536133,27.006666486405553,26.683181043403273,26.865659524470082,16119300
2013-07-30,26.99837303161621,27.13108380478623,26.948608469223963,27.03984455496789,18340700
2013-07-31,26.832481384277344,27.164259869689467,26.500706062939358,27.0232560700375,30540500
2013-08-01,27.16425895690918,27.230615917391514,26.873955164984036,27.0564304781624,15797000
2013-08-02,27.01495361328125,27.122782070687354,26.94030362954986,27.056425123337934,18998100
2013-08-05,27.18914031982422,27.2886757571972,26.998368810970213,27.03154729009454,11151300
2013-08-06,27.37162208557129,27.554100578645542,27.122789790335503,27.164261312195748,18620900
2013-08-07,27.222318649291992,27.37161864045676,27.106197137069152,27.180847132651536,17416900
2013-08-08,27.388206481933594,27.454560272356606,27.17254954389289,27.29696725153743,14204600
2013-08-09,27.305267333984375,27.4628635595395,27.122791990184393,27.296974294569424,11646000
2013-08-12,27.5789852142334,27.65363522558679,27.164263632064475,27.21403136099159,11746400
2013-08-13,27.5789852142334,27.75316751936645,27.462863677478033,27.695106750988767,12738700
2013-08-14,27.844404220581055,27.910761186399462,27.56239344400139,27.587275724146153,19684400
2013-08-15,27.14767074584961,27.570688474774354,26.990077704841376,27.570688474774354,19574600
2013-08-16,26.88225555419922,27.247209444429863,26.791016290622835,27.03984863232895,19504100
2013-08-19,26.591947555541992,27.122790645875995,26.5504728682992,26.87395834279123,13385600
2013-08-20,26.70806884765625,26.89054418078335,26.542179592388944,26.591947318191448,13870200
2013-08-21,26.791013717651367,27.056435278523825,26.62512445108743,26.69977446283747,11955400
2013-08-22,26.873958587646484,26.981783916051853,26.650008563607415,26.890544665805443,10271600
2013-08-23,26.35140037536621,27.08960402385644,26.35140037536621,26.857361032620897,27128400
2013-08-26,26.824186325073242,27.03984010949213,26.343109455913904,26.343109455913904,18888600
2013-08-27,26.359704971313477,26.708071172063427,26.210404944986735,26.251876471394244,16061600
2013-08-28,26.26016616821289,26.467526925436328,26.26016616821289,26.367994647909814,15919100
2013-08-29,26.29334831237793,26.525591380324492,26.177225196367402,26.18551981765653,14012100
2013-08-30,26.426057815551758,26.625122388749595,26.30164008424735,26.326523946915668,14044300
2013-09-03,26.558761596679688,26.849065341229757,26.39287238661957,26.683176131169642,14647300
2013-09-04,26.807600021362305,26.948606989906867,26.50900000710251,26.550471528177653,13040800
2013-09-05,26.757831573486328,26.97348853975956,26.674888533580717,26.857367018262046,11437900
2013-09-06,26.70806884765625,26.923722664651685,26.417763441957057,26.791011893252715,12625400
2013-09-09,27.16425895690918,27.280380473679237,26.749537446116673,26.799305166478426,12400500
2013-09-10,27.2554988861084,27.363327367587228,27.16425964517047,27.20573116448568,15918900
2013-09-11,27.388206481933594,27.562388741376957,27.155963469342446,27.263788774289058,19692300
2013-09-12,27.197439193725586,27.462860724649396,27.15596767278266,27.37991451868931,16250100
2013-09-13,26.92371940612793,27.263790914434267,26.832480168569695,27.238908636581655,17638400
2013-09-16,27.346744537353516,27.496044573144744,27.189148297310084,27.238916030598773,25316900
2013-09-17,27.5872745513916,27.72828151572427,27.313559989212177,27.36332771146032,20282300
2013-09-18,28.09324073791504,28.126419225812445,27.47945453218682,27.545808343906877,39152100
2013-09-19,28.109825134277344,28.201064378223467,27.578982075762656,27.902464366790404,63316300
2013-09-20,28.242534637451172,28.308891598838773,27.927345399008196,28.151295397580252,53470400
2013-09-23,28.15130043029785,28.483078968401067,27.993707364939873,28.035178891184117,26293100
2013-09-24,27.902467727661133,28.109828520124815,27.860996201983316,28.06006395494127,18958300
2013-09-25,28.09324073791504,28.275719257276013,27.952236910463203,28.002001478234554,19653100
2013-09-26,28.04347038269043,28.416717220246014,27.943934939539776,28.1844741810427,15621000
2013-09-27,28.018590927124023,28.159597919682007,27.794640878290597,27.89417634271086,14068700
2013-09-30,27.51262092590332,27.81122089191023,27.40479562134706,27.778045578855696,25132600
2013-10-01,27.786346435546875,27.827817961590977,27.421392576654316,27.53751411520765,16300300
2013-10-02,27.93565559387207,27.977127133474912,27.587287700241767,27.628762403920263,19451600
2013-10-03,27.570697784423828,27.92735550670746,27.4379869776909,27.81123394632555,15480100
2013-10-04,27.645610809326172,27.87869852244156,27.52074545371235,27.62063837331114,15054900
2013-10-07,27.33760643005371,27.670587070586283,27.295984643871822,27.35425577963421,14150100
2013-10-08,26.94635009765625,27.404196019321667,26.863106539367337,27.32927872218456,23780400
2013-10-09,26.796506881713867,27.0212682806947,26.63834286415162,27.01294519578634,19656000
2013-10-10,27.46246910095215,27.47079218619607,26.921376469493673,27.0379187161369,21580700
2013-10-11,27.687227249145508,27.787123324996696,27.420844064618425,27.537389486444813,14018800
2013-10-14,27.70388412475586,27.762155263737537,27.37922972884683,27.479122656309862,12882400
2013-10-15,27.262678146362305,27.687225324840007,27.22105637208611,27.587332431469576,20677000
2013-10-16,27.48744010925293,27.637281040190988,27.379220953455906,27.3958702986199,16398300
2013-10-17,27.362579345703125,27.512420319012236,27.071223661790288,27.154467235611445,22821900
2013-10-18,27.387548446655273,27.462468915496842,27.096189656476707,27.262679940073312,17472700
2013-10-21,27.429170608520508,27.803772957984297,27.329277707176193,27.662255103503274,16568800
2013-10-22,27.387548446655273,27.58733424654077,27.345923494102596,27.54571246952613,19741200
2013-10-23,27.221067428588867,27.379231505295746,27.004629033580386,27.354259065694425,24610300
2013-10-24,27.529062271118164,27.67890320416117,27.246029750430036,27.254356010897947,26573600
2013-10-25,27.59566307067871,27.878695626422946,27.479117638458344,27.64560793752054,19820600
2013-10-28,27.587331771850586,27.85371493149434,27.545709998569578,27.67057849395035,17632800
2013-10-29,28.061832427978516,28.0784817756347,27.67058387244248,27.67058387244248,15954700
2013-10-30,27.911998748779297,28.261628789599783,27.82042890057538,28.15340958940068,14959100
2013-10-31,27.887022018432617,28.228325742979948,27.837073970131044,27.887022018432617,16171500
2013-11-01,27.911998748779297,28.15340958940068,27.828755164342567,28.053516652968767,15115800
2013-11-04,28.061832427978516,28.103454209349792,27.85372034558377,28.053509341919607,12725000
2013-11-05,27.887022018432617,28.045186074746212,27.81210153374961,27.928643804247912,11161500
2013-11-06,28.361509323120117,28.586270713454805,27.986907005895638,28.02020569532399,25184600
2013-11-07,28.303239822387695,28.68616524609088,28.253291785389806,28.453080757843374,17101200
2013-11-08,28.59459114074707,28.59459114074707,28.10344663170322,28.236638201501343,14028300
2013-11-11,28.611251831054688,28.827690202526416,28.5363313448589,28.561306957283342,11415100
2013-11-12,28.885953903198242,29.010819231022836,28.528000914132758,28.68616493292576,16145000
2013-11-13,29.13568878173828,29.13568878173828,28.794385125888013,28.802708211160333,14815800
2013-11-14,28.619577407836914,28.7777414635537,28.353194168977755,28.444760827210402,25790900
2013-11-15,29.0690975189209,29.07742378148467,28.561306646386623,28.60292843258927,21477700
2013-11-18,29.07741355895996,29.24390382077757,28.985843756183392,29.03579178738996,15093200
2013-11-19,28.93589973449707,29.12736562621736,28.827683748527583,29.12736562621736,14532900
2013-11-20,28.927579879760742,29.11071953114303,28.860982488153216,29.002500357550005,12165500
2013-11-21,29.08574676513672,29.177316599780337,28.894284008854026,29.002503193027277,11773000
2013-11-22,28.994176864624023,29.11071912276387,28.86930834488083,28.98585060302068,13826300
2013-11-25,28.952550888061523,29.102391836261056,28.802709939861995,29.069093142097103,14753800
2013-11-26,29.07741355895996,29.26887624861205,28.811030410266827,28.8776246096713,28403700
2013-11-27,29.377099990844727,29.468669807946373,29.15233857856017,29.185637271240424,16120200
2013-11-29,29.377099990844727,29.485315978748385,29.168987924900296,29.218932788382563,11851500
2013-12-02,29.202293395996094,29.460350385322798,29.102397294767513,29.443701035118035,20284400
2013-12-03,29.19396209716797,29.227260791833473,29.002499366148776,29.127367883375264,16545300
2013-12-04,29.19396209716797,29.285531919728953,28.98585001881602,29.05244740814703,20004000
2013-12-05,29.01081657409668,29.27719972637159,28.985844145926425,29.27719972637159,20839500
2013-12-06,29.535259246826172,29.560231674533416,29.218928068538144,29.260553015433686,15995300
2013-12-09,29.635156631469727,29.760025140034756,29.468669520767133,29.535263729940553,16795000
2013-12-10,28.96920394897461,29.52694603333906,28.944231512919327,29.4853210725287,25491700
2013-12-11,28.7694149017334,29.18563905911968,28.652869470213062,29.09406923640857,17184000
2013-12-12,27.970272064208984,28.220009187983614,27.71221502709971,28.178384216994882,30946000
2013-12-13,27.662254333496094,28.053506018216055,27.653931248423284,28.020207326848826,18221200
2013-12-16,27.920316696166992,28.20334924470232,27.762149487094213,27.80377444245331,22756300
2013-12-17,27.99523162841797,28.128423202802434,27.78711959497114,27.99523162841797,21782100
2013-12-18,28.802711486816406,28.9359030950875,28.053509881118405,28.195024575608382,40179900
2013-12-19,30.46761131286621,30.767293256195842,29.5519193087268,29.568568658416083,62855300
2013-12-20,30.276153564453125,30.63410670315532,30.276153564453125,30.50924132313271,40783000
2013-12-23,30.7423152923584,30.817235764721065,30.40101162393694,30.409334709515825,18002800
2013-12-24,31.066974639892578,31.116922688060683,30.70069847994257,30.767292701961345,9670100
2013-12-26,31.37495994567871,31.424907962454633,31.050305775476975,31.075281371633285,11516900
2013-12-27,31.61637306213379,31.816161969279673,31.449882835435044,31.5414526188962,15373100
2013-12-30,31.624711990356445,31.724604896182694,31.474871043847962,31.591413296568287,11683000
2013-12-31,31.849468231201172,31.916065614588412,31.533140186725863,31.583085048728268,11746400
2014-01-02,31.49985122680664,31.658015297908563,31.258440400751866,31.44990317383493,18162100
2014-01-03,31.41632843017578,31.61675298542785,31.36622468059294,31.441383490607436,11693900
2014-01-06,31.29106903076172,31.566649238219764,31.24931165437183,31.433033916437562,15329400
2014-01-07,31.6084041595459,31.675213414801462,31.316121631904373,31.449736956774874,16792200
2014-01-08,31.49985122680664,31.658518466492353,31.366235870849895,31.558307745935135,16111600
2014-01-09,31.441390991210938,31.60840777718396,31.28272058463918,31.60840777718396,13623500
2014-01-10,31.825542449951172,31.85059433682257,31.391291692210263,31.52490706492733,15402900
2014-01-13,31.5248966217041,31.900690728494943,31.483142428869723,31.69191657868233,20848300
2014-01-14,31.90903091430664,31.942435533012357,31.491482737404517,31.549939227319634,13486400
2014-01-15,32.07605743408203,32.20967275080745,31.833878677004577,31.9006879281875,17010900
2014-01-16,31.975839614868164,32.37668547568753,31.87562576043353,32.05934797459064,13463000
2014-01-17,31.90903091430664,32.126157750254016,31.758713315770695,31.833872115038666,14051100
2014-01-21,31.825542449951172,32.16793204164127,31.56666127159358,32.16793204164127,13540000
2014-01-22,31.71695327758789,31.967481500332603,31.691901411005176,31.758707450438813,14006300
2014-01-23,31.85894203186035,31.950799997686737,31.67521972892506,31.875641163362413,14174200
2014-01-24,30.990434646606445,31.700265466566528,30.990434646606445,31.666860838755532,26815600
2014-01-27,30.472679138183594,31.207561920107747,30.472679138183594,31.115700775956974,19073800
2014-01-28,30.982084274291992,31.0071393398932,30.54783682198899,30.564535951535277,13899900
2014-01-29,30.873516082763672,31.107342064109197,30.656389226679906,31.048885568772818,16553600
2014-01-30,31.232601165771484,31.366216438951323,30.965370619411804,31.057228531390933,12975500
2014-01-31,30.8150691986084,31.065597568995244,30.63134690702555,30.923629474870022,17039700
2014-02-03,29.92987060546875,30.973741646137107,29.913168286541065,30.973741646137107,21272600
2014-02-04,30.030078887939453,30.080185840642127,29.59582818810697,29.77120092974566,16228000
2014-02-05,30.021726608276367,30.272254977861493,29.620880579811956,29.662634777135967,11458400
2014-02-06,30.664749145507812,30.756610284128406,30.15533969362329,30.16368925820661,14762200
2014-02-07,31.0572509765625,31.090655615408945,30.656404867330256,30.798372989606797,13114700
2014-02-10,31.14910316467285,31.266016181304167,30.957031325115587,31.098999406482736,10976900
2014-02-11,31.60006332397461,31.65017027925674,31.224269123462403,31.31613028199222,12066100
2014-02-12,31.792131423950195,31.94244908626627,31.449741901039392,31.566654930476087,12343200
2014-02-13,32.084415435791016,32.14287513877107,31.54995402832716,31.600060979892376,11683200
2014-02-14,31.71695327758789,32.00923885882271,31.666846358783275,32.00923885882271,15641400
2014-02-18,31.7086238861084,31.833886484336666,31.50819926904547,31.783782719301847,10560300
2014-02-19,31.625106811523438,31.984198598260253,31.566650305370064,31.591705369179127,12491400
2014-02-20,31.959142684936523,32.025948746830885,31.483137945993228,31.600050943538562,11786000
2014-02-21,31.817176818847656,32.14286714455759,31.800477691453743,32.00925182592293,13243600
2014-02-24,31.850584030151367,32.11781468911116,31.767075643841714,31.867286344541448,10388100
2014-02-25,31.94244956970215,32.09276723429322,31.64181424052001,31.825536538496024,11766400
2014-02-26,32.15121841430664,32.426801815536784,32.02595265272191,32.08440915862395,11482900
2014-02-27,32.52699661254883,32.65225912725814,32.03428974249173,32.15120269714272,14055700
2014-02-28,32.660621643066406,32.87774531156312,32.27647805268912,32.52700634268996,19257800
2014-03-03,32.15957260131836,32.56042182175447,32.05101232368964,32.33494532987457,13293700
2014-03-04,32.911155700683594,32.98631451941929,32.61887317540067,32.68567924447651,13682100
2014-03-05,32.98630905151367,33.153328974978464,32.81928912804888,32.91115024523652,11929200
2014-03-06,32.95292282104492,33.27861010146852,32.91951818058049,33.13664515795745,13081900
2014-03-07,32.426815032958984,33.061487292438684,32.23473993740026,33.044784971710015,13821500
2014-03-10,32.45186233520508,32.52702117504184,32.27649277079981,32.41845769846841,8670300
2014-03-11,32.485252380371094,32.58546305992745,32.25142321388618,32.568760749061376,12841500
2014-03-12,32.16793441772461,32.418462861869166,31.967509751023762,32.418462861869166,13226200
2014-03-13,31.441390991210938,32.284837228682264,31.33282753181568,32.251432597231265,15361200
2014-03-14,31.399627685546875,31.733667565758385,31.316119308314196,31.474786499312447,14308300
2014-03-17,31.91740608215332,32.13452988497932,31.566663710644224,31.566663710644224,14981300
2014-03-18,32.43515396118164,32.518662351790766,31.867287985245042,32.042657516908754,29707200
2014-03-19,32.192970275878906,32.535359722365946,31.232611187264247,31.566647884575268,45154900
2014-03-20,32.04265594482422,32.309886604431576,31.742020656355756,32.15121939580244,18960200
2014-03-21,31.316125869750977,32.44350512680559,31.316125869750977,32.31824253471122,33897900
2014-03-24,31.88399314880371,32.01760849709918,31.215916407326347,31.307777556587208,22539000
2014-03-25,32.067718505859375,32.15122691189341,31.817186916474288,31.84224198679769,19750600
2014-03-26,32.63556671142578,32.9529010290569,32.03429632325777,32.06770094163149,31357500
2014-03-27,32.769195556640625,33.03642624291031,32.401750973789014,32.56042138388987,26283600
2014-03-28,33.044776916503906,33.28695572957164,32.72743927129933,33.003022717681475,18405100
2014-03-31,34.16380310058594,34.5980537316667,33.094880430627654,33.19509113452603,48340300
2014-04-01,34.64815902709961,35.07405688762458,34.20555566680582,34.27236492331835,35431800
2014-04-02,34.3475341796875,34.75672985040789,34.113704896491335,34.547955638836605,22754900
2014-04-03,33.71284866333008,34.35587342404611,33.68779678487384,34.27236503876484,22497000
2014-04-04,33.486690521240234,34.11488007047717,33.21866323584346,34.00599298730433,23836200
2014-04-07,33.05953598022461,33.43644730126102,32.69937357533951,33.33593782866055,27311900
2014-04-08,33.704471588134766,33.79660339030365,32.967394804818184,33.03440004231719,22197600
2014-04-09,34.240535736083984,34.27403676652745,33.65422456894928,33.897125411712615,20314000
2014-04-10,33.32754898071289,34.38290597519154,33.067896160538844,34.248892337874615,26397800
2014-04-11,32.64910888671875,33.40293772616741,32.640734430786075,33.093028539317565,18655800
2014-04-14,33.14330291748047,33.29406876751054,32.732887255284844,32.732887255284844,16022000
2014-04-15,33.277305603027344,33.48670219242103,32.866890077093224,33.25217903474439,14553400
2014-04-16,33.612327575683594,33.62907967934975,33.09302194744386,33.45318418842361,13614800
2014-04-17,33.57046127319336,33.654218627222704,32.99252466692081,33.46994861419224,14644100
2014-04-21,33.704471588134766,33.871986279451235,33.553705809839606,33.704471588134766,8593600
2014-04-22,33.88874816894531,34.022761877761724,33.6207207513125,33.72960788820672,10396100
2014-04-23,33.32754898071289,33.788220659293756,33.29404477259937,33.73796434712347,10048500
2014-04-24,33.29404830932617,33.386183293857,32.68261082442046,33.302422764675576,13966400
2014-04-25,33.04277801513672,33.344309574657885,32.85850801873202,33.344309574657885,11647800
2014-04-28,33.612327575683594,33.737963560474185,33.21028667310698,33.2940439963007,20141200
2014-04-29,33.595584869384766,34.01437799277248,33.562080652680635,33.71284643271125,14996300
2014-04-30,34.240535736083984,34.28241442049243,33.52021086175897,33.57884165895855,16480900
2014-05-01,34.315914154052734,34.50018098035677,34.03950912188909,34.106517564282115,13945500
2014-05-02,34.18190002441406,34.516932646651455,34.18190002441406,34.47505396826407,10710100
2014-05-05,34.51693344116211,34.55881212051345,34.148396589676494,34.44992819322765,13722700
2014-05-06,34.34941482543945,34.583941176255074,34.31591379972725,34.34104036779599,12647500
2014-05-07,34.391300201416016,34.575567044582804,33.91387618865973,34.466683108437465,12570400
2014-05-08,34.2321662902832,34.55882458018932,33.96413881163513,34.416436380031094,10212900
2014-05-09,34.37454605102539,34.558812883265965,33.95575285799186,34.17352391250836,10262400
2014-05-12,35.13675308227539,35.29589336144656,34.50018557531307,34.525315342126596,18751400
2014-05-13,35.08649444580078,35.2540123679845,34.87709784185579,35.19538157449099,10319200
2014-05-14,35.07811737060547,35.195378948844535,34.93572602907348,35.16187472787956,14015200
2014-05-15,35.119998931884766,35.32101788389751,34.87709810265895,35.044616026095326,19267000
2014-05-16,34.918975830078125,35.153502194532756,34.60906975703351,35.0864937489347,15497400
2014-05-19,35.31264877319336,35.34615300198215,34.68445886152948,34.74308966434031,11929700
2014-05-20,34.81010055541992,35.262394895131145,34.71796551737933,35.237268319352566,10580200
2014-05-21,34.910606384277344,35.00274141263378,34.74308844136918,34.90222872980548,11151700
2014-05-22,34.77658462524414,35.128369348359264,34.768206972710004,34.843589869825855,12276200
2014-05-23,35.30427169799805,35.37127695547234,34.751464744494896,34.88547845458236,12044200
2014-05-27,35.103240966796875,35.47177778079495,34.95247518035718,35.396394887575106,12680200
2014-05-28,34.818450927734375,35.33775337044681,34.81007647331486,35.170238720959475,11308800
2014-05-29,35.34614562988281,35.3545200877638,34.851969541304655,35.00273534427009,9629500
2014-05-30,35.19538116455078,35.34614697324621,35.05298981405462,35.245637499162115,13496500
2014-06-02,35.153507232666016,35.1953859195975,34.851975574536944,35.14512957819632,11284900
2014-06-03,35.01948547363281,35.11161728566434,34.826841001886095,35.044612040992476,10968400
2014-06-04,34.927345275878906,35.00272816189345,34.617439275658136,35.00272816189345,8936300
2014-06-05,35.26237869262695,35.45502633554203,34.960850336413415,35.05298213698157,10647800
2014-06-06,35.70630645751953,35.70630645751953,35.388022754673095,35.42152697500183,11447800
2014-06-09,35.764930725097656,35.8570657166351,35.522029964705816,35.72305205489093,10307400
2014-06-10,35.73143768310547,35.91570772379647,35.589049520854225,35.656054775108124,13457200
2014-06-11,35.64767074584961,35.91569808118294,35.48015286248181,35.55553575024043,9622700
2014-06-12,35.17862319946289,35.69792579014965,35.04460952460379,35.62254289834527,11060900
2014-06-13,35.29589080810547,35.32939503134056,34.93572839617471,35.220507903395806,10324600
2014-06-16,35.30427169799805,35.37127695547234,34.98598793836324,35.17863244691779,8150200
2014-06-17,35.4466667175293,35.76495053867576,35.16188712916446,35.33777955855876,12792400
2014-06-18,35.857078552246094,35.898957237443966,35.429907655866764,35.49691610829445,10307000
2014-06-19,35.60579299926758,36.175351951549715,35.53878775524875,35.95758091456572,27255800
2014-06-20,34.19025802612305,34.29076744490483,33.44480704614593,33.72120874658004,65103700
2014-06-23,34.424808502197266,34.617456234831295,34.131654465822635,34.28242031171226,16956600
2014-06-24,34.140018463134766,34.66769876202933,34.056261105593954,34.33266613672772,16459200
2014-06-25,33.88874816894531,34.20703192556135,33.83011737103431,34.11489690166154,13889400
2014-06-26,33.62908935546875,33.964121939779865,33.486698030904584,33.964121939779865,16642500
2014-06-27,33.9473762512207,34.05626337940445,33.52858304527862,33.52858304527862,15320500
2014-06-30,33.9473762512207,34.19027707750037,33.91387522305067,34.0060070444415,14098200
2014-07-01,34.14839553833008,34.265657114959005,33.84686394406235,33.84686394406235,13147000
2014-07-02,34.29916000366211,34.50855658097978,34.14839421238233,34.282407894060114,13400200
2014-07-03,34.62581253051758,34.642564637399374,34.31590654104865,34.3242809969207,7863600
2014-07-07,34.34861755371094,34.5334240566231,34.23101458074527,34.44941964418999,11959400
2014-07-08,34.0713996887207,34.31500439277424,33.92019500099665,34.180600581957265,12350600
2014-07-09,33.81940460205078,34.205818531850255,33.59260067523158,34.11341527047301,14711600
2014-07-10,33.86979675292969,34.03780233930026,33.50858586378697,33.50858586378697,9566900
2014-07-11,33.71019744873047,34.01260690134962,33.58419244199234,34.01260690134962,11942300
2014-07-14,34.0125846862793,34.17218814672205,33.81937628095604,33.962182075616056,13586800
2014-07-15,34.054603576660156,34.28141063998059,33.90339886777986,33.920199747037685,11813800
2014-07-16,33.81940460205078,34.34022240173324,33.710203660824064,34.281420908937,14722600
2014-07-17,33.525390625,34.19740984385991,33.48339002465383,33.777397431517414,24447800
2014-07-18,33.600982666015625,33.73538646850211,33.50857945097378,33.584181790149884,19123500
2014-07-21,33.6093864440918,33.80259494273997,33.533784093798126,33.62618732242816,15864700
2014-07-22,33.96220016479492,34.18900722692552,33.56738751540758,33.718592223494646,13728100
2014-07-23,33.86139678955078,34.14700531555085,33.80259531694253,33.962198856244946,9191700
2014-07-24,33.99580764770508,34.163810058811784,33.89500235571235,33.89500235571235,10797700
2014-07-25,33.87818908691406,34.13859462695135,33.82778646411373,33.82778646411373,7483800
2014-07-28,34.06300735473633,34.28981445095399,33.79419965650218,33.86140318328098,9658200
2014-07-29,34.13019943237305,34.373804124126494,34.0209953402108,34.19739973216865,9450400
2014-07-30,34.40740203857422,34.466203496001675,34.088195042379176,34.19739591792212,11406300
2014-07-31,33.928592681884766,34.390605565558076,33.894990929214835,34.147000869799825,13689500
2014-08-01,33.27339172363281,34.046213207819875,33.23978995359655,33.76060457139397,15074700
2014-08-04,33.68498992919922,33.7857952026134,33.20617609602185,33.290180490533665,12356200
2014-08-05,33.56737518310547,33.920187107169234,33.44137344228467,33.60937576337907,8806600
2014-08-06,33.735389709472656,33.89499323887121,33.41617944623583,33.47498091519528,8184800
2014-08-07,33.323768615722656,33.96218899646835,33.25656832558253,33.85298491999677,9180500
2014-08-08,33.55059051513672,33.57579343902506,33.23138338732833,33.37418607012044,8862000
2014-08-11,33.533775329589844,33.71858173854989,33.441375329548876,33.59257999061817,10292800
2014-08-12,33.51698303222656,33.634585964254654,33.37417718302133,33.382579223560235,6704300
2014-08-13,33.8026008605957,33.853000299988366,33.617794370981386,33.70179557292946,10629700
2014-08-14,33.785797119140625,33.93700183339911,33.58418976531592,33.84459859641446,9707000
2014-08-15,33.83619689941406,34.096605733168914,33.58419010789271,33.8025983438007,13418800
2014-08-18,34.13860321044922,34.247807318421,33.936999077436596,33.978999671444235,7633600
2014-08-19,34.785423278808594,34.928229146498396,34.138603864491216,34.205807379742886,14378600
2014-08-20,34.65101623535156,34.92822590336542,34.51661242176779,34.92822590336542,9627100
2014-08-21,34.9282341003418,35.12143942743252,34.57542200411145,34.57542200411145,9569200
2014-08-22,34.97023391723633,35.113036597538745,34.66782447137195,34.72662595201887,9260700
2014-08-25,35.062625885009766,35.31463260738297,34.97862150792581,35.062625885009766,8856700
2014-08-26,35.146636962890625,35.28104079966412,35.09623432243548,35.15503580074636,7320800
2014-08-27,34.9786262512207,35.1130300683416,34.79381980101456,35.07102947632377,8440000
2014-08-28,34.66781234741211,35.00382023296644,34.6174097225813,35.00382023296644,8737100
2014-08-29,34.88623809814453,35.054243743239674,34.64263327741978,34.64263327741978,8970900
2014-09-02,34.99542999267578,35.01223087174572,34.82742440641642,34.94502735546597,8538600
2014-09-03,35.19704055786133,35.23904115715952,34.96183143379886,35.11303615482461,10041600
2014-09-04,34.90303421020508,35.35664842859914,34.7518294707404,35.1886428064783,12248100
2014-09-05,34.66781234741211,35.079422567993035,34.65941030772069,34.953420812574876,15155600
2014-09-08,34.13860321044922,34.59221731638749,33.82779496946481,34.449411451433626,19658500
2014-09-09,34.19740676879883,34.3654123595167,33.962200864457884,34.02940117808097,14044100
2014-09-10,34.19740676879883,34.28141116637782,34.079803816628356,34.18900793126099,9134500
2014-09-11,34.17220687866211,34.180605716157416,33.76899538564558,33.81099598200228,12389100
2014-09-12,34.0210075378418,34.222614918390285,33.93700633187028,34.222614918390285,11912300
2014-09-15,34.1554069519043,34.24781018913044,33.77739516527015,34.02100311714995,14018100
2014-09-16,34.600624084472656,34.71823026086729,34.02100806365349,34.281416933294906,13220100
2014-09-17,34.55860900878906,34.718215721980364,34.24780082671863,34.60060959483545,14083300
2014-09-18,34.90303421020508,35.08784071498208,34.609026774824144,34.73502858808424,26454500
2014-09-19,33.432987213134766,34.15540907143466,32.996173921966445,34.08820875210744,86679100
2014-09-22,33.24818801879883,33.38259187841571,32.96257941655786,33.33218922939408,24572600
2014-09-23,32.618167877197266,33.256585380910394,32.592964951585515,33.18098301295641,34353300
2014-09-24,33.113773345947266,33.23137949997449,32.399753606630775,32.5677591936582,18937000
2014-09-25,32.559349060058594,33.05496365617494,32.46694905437525,33.05496365617494,13287800
2014-09-26,32.71895217895508,32.769351593898115,32.35774141781514,32.56774752524818,16006400
2014-09-29,32.29056167602539,32.4501684859112,32.14775895606572,32.399765829456534,16586000
2014-09-30,32.15615463256836,32.39976264146744,32.038551650186996,32.30735938261324,21143300
2014-10-01,31.996553421020508,32.2653611734263,31.87895042989812,32.189758792784595,17452400
2014-10-02,32.14774703979492,32.382952940516596,31.853736459452758,32.046944968691356,14808100
2014-10-03,32.66856002807617,32.86176532429373,32.256949720094404,32.34095090820989,15289500
2014-10-06,32.92978286743164,33.06460272380934,32.8202407296376,32.837093613479674,14168000
2014-10-07,32.4073486328125,32.929778316642036,32.382070917722146,32.81180814605059,14309200
2014-10-08,32.87921142578125,32.904489134531794,32.05343972490096,32.71068586727641,16005500
2014-10-09,32.643287658691406,33.03931914703323,32.44948111719553,32.853943868322105,15004900
2014-10-10,32.104000091552734,32.94662479961824,32.09557525878967,32.57587108523836,18234100
2014-10-13,32.21354675292969,32.6769897649431,31.90177646693646,32.112432673702436,20723700
2014-10-14,32.4073486328125,32.89607255361591,32.37364286978637,32.575874233584656,19508500
2014-10-15,32.272525787353516,32.382067899800155,31.328787011085236,32.00288613699115,24561500
2014-10-16,31.648984909057617,32.17141132336564,31.615279149590485,32.01131378743396,21419300
2014-10-17,31.910198211669922,32.036593209236685,31.463608125155105,31.758525500333132,21122700
2014-10-20,31.851215362548828,31.85964341021,30.182818719416474,30.59570626713776,16654100
2014-10-21,32.31465148925781,32.4157687536084,32.05343992557972,32.264096071440214,15381900
2014-10-22,31.716398239135742,32.38207262947694,31.665842806282612,32.33151398226515,16810200
2014-10-23,32.21354675292969,32.44105584195997,32.02816826238087,32.087154957485275,9659100
2014-10-24,32.634857177734375,32.643285225532246,32.23039767111399,32.2893811482654,8975900
2014-10-27,32.38207244873047,32.626434420685484,32.31466091949103,32.44105592963566,7525300
2014-10-28,32.567447662353516,32.63485597045069,32.30623283437601,32.30623283437601,11631800
2014-10-29,32.508460998535156,32.64328081586294,32.407343724770826,32.634852769203576,10923800
2014-10-30,32.4410400390625,32.575859817144064,32.34835083893948,32.356778883145424,9644400
2014-10-31,32.90451431274414,32.90451431274414,32.71913894946331,32.76126956773803,16142800
2014-11-03,32.85392761230469,32.89605819051302,32.66012116670362,32.879205316358274,10318600
2014-11-04,32.971920013427734,32.988772900614414,32.77811663232022,32.80339435592047,12671000
2014-11-05,33.10673904418945,33.29211436975113,32.95506627777386,33.14886965389167,12280300
2014-11-06,33.544883728027344,33.58701431169548,32.955045913600934,33.04773512628533,11603400
2014-11-07,33.654441833496094,33.67972276962899,33.376377250908874,33.44378558042483,13728500
2014-11-10,34.08416748046875,34.117873237662586,33.612296522828835,33.67970803721651,11058100
2014-11-11,34.101036071777344,34.2021501755912,33.99991875360408,34.15159151650457,7061000
2014-11-12,33.822959899902344,34.20214171333684,33.747123537215444,34.176863997227414,10965100
2014-11-13,34.311676025390625,34.35380661409665,33.61229603831071,33.84822990655074,11868700
2014-11-14,34.412784576416016,34.60658782494885,34.235834203541344,34.42963745207418,11476500
2014-11-17,34.68242645263672,34.71613220618284,34.23583646840214,34.3032447611368,11987600
2014-11-18,34.76669692993164,34.952075409707504,34.64030514183227,34.70771345261358,9328200
2014-11-19,34.480201721191406,34.7751222994258,34.38751570280045,34.674008233862274,9202600
2014-11-20,34.480201721191406,34.5560380739536,34.2189901172891,34.30325130286568,9062200
2014-11-21,34.918373107910156,34.96893175677585,34.69086400955266,34.81725902453752,12641400
2014-11-24,34.909942626953125,35.08689304782332,34.850959153329725,34.96050126764099,9542100
2014-11-25,34.674015045166016,35.086899435699,34.674015045166016,34.977357301444634,12404200
2014-11-26,35.280696868896484,35.31440262985183,34.6992869570291,34.6992869570291,11590000
2014-11-28,35.735740661621094,35.820001910161686,35.29757509761672,35.373411507047486,11890100
2014-12-01,35.4576530456543,35.71043984220343,35.3986663525796,35.3986663525796,10802400
2014-12-02,35.54191207885742,35.69358479043728,35.272272417017305,35.3059781783369,9083200
2014-12-03,35.44080352783203,35.508211846609214,35.08689940758564,35.33968622812802,10326000
2014-12-04,35.29755401611328,35.491357343495864,34.96050600889262,35.491357343495864,9177100
2014-12-05,35.33125305175781,35.407089401451024,35.04476053228993,35.407089401451024,8925300
2014-12-08,34.859375,35.41550704677047,34.825672462587704,35.31439300581877,12766500
2014-12-09,35.280696868896484,35.3312555103295,34.45492501164029,34.53076136661067,13897500
2014-12-10,34.480201721191406,35.23014041599897,34.44649917557569,35.137451183249816,12547600
2014-12-11,34.345394134521484,35.086905046391436,34.303263526720094,34.64873965366643,12395800
2014-12-12,33.66286087036133,34.3622377718315,33.63757994099745,33.90722282994183,14108200
2014-12-15,34.64028549194336,35.095303385449974,34.353793101330666,34.72454663621201,22343100
2014-12-16,34.23583984375,34.85095544200251,34.218986965315395,34.45492083468406,16424500
2014-12-17,34.68242645263672,35.07846102090969,34.277967053156004,34.59816528312899,18151000
2014-12-18,38.21302795410156,38.22988083342535,36.713157052223735,36.93224126907483,54495600
2014-12-19,38.7607307434082,38.88712571635804,37.90125328467927,38.002367334424534,41782200
2014-12-22,38.46580505371094,38.80285288429033,38.26357378387771,38.398393558980864,21264400
2014-12-23,38.7691650390625,39.182052599047616,38.30572204904224,38.3647055269889,14042400
2014-12-24,38.95453643798828,39.35899587652191,38.887128138744956,39.064078540411316,10238200
2014-12-26,38.84501266479492,39.182063963124705,38.81973494244598,38.920849046201155,6901500
2014-12-29,38.43211364746094,38.83657312369627,38.423685600296224,38.777589650976,9701400
2014-12-30,38.20459747314453,38.474237073743225,38.16246688824304,38.38154785834538,9968400
2014-12-31,37.8928337097168,38.389982410269376,37.8928337097168,38.29729317916257,13269200
2015-01-02,37.35355758666992,38.07821218860861,37.0502121552564,37.93496752064023,15070200
2015-01-05,36.8297119140625,37.38735367039248,36.82126421274562,37.311311466207336,18369400
2015-01-06,36.44949722290039,37.32820633320751,36.32276237740875,37.22681781219761,19229500
2015-01-07,36.45795440673828,36.77057094699742,36.339664018317976,36.610038825909434,13502200
2015-01-08,36.6776237487793,37.12542600362132,36.652277424341584,36.86350538954375,17516900
2015-01-09,36.660736083984375,37.26062291094599,36.550896606781116,37.15923435980356,15957500
2015-01-12,36.55934143066406,36.98179741684264,36.21292765092097,36.55089050601379,16055700
2015-01-13,36.272071838378906,37.13388245138099,35.96790300754483,36.89730490346368,12878200
2015-01-14,36.38191604614258,36.474853669394065,35.87496685424536,35.87496685424536,12707400
2015-01-15,36.01860427856445,36.871964094511725,35.967908391475774,36.73677828535917,13431000
2015-01-16,36.762107849121094,36.85504865484877,35.69752049051871,35.900300723295686,17786700
2015-01-20,37.091636657714844,37.20147289285569,36.525543963559265,36.80436645987844,16308400
2015-01-21,36.74522018432617,37.11698026239552,36.50864265911556,36.914199986941156,15876600
2015-01-22,37.21835708618164,38.29984617675198,36.48328486206587,37.13386721143992,17969100
2015-01-23,37.3366584777832,37.632379598628745,37.108531861045215,37.15922773912589,14150300
2015-01-26,37.091636657714844,37.35355730483281,36.78746783376061,37.31976005259715,12059500
2015-01-27,36.6691780090332,37.06628441315017,35.97635050397119,36.33965965830876,14984100
2015-01-28,36.06928634643555,37.159223425520125,36.05238772237033,37.12542617738968,15132500
2015-01-29,36.212913513183594,36.348099247060084,35.75666045269463,36.17911627394393,12805100
2015-01-30,35.39337158203125,35.92566717109228,35.33422798581161,35.56235466683776,22590000
2015-02-02,36.06084442138672,36.08619075000249,35.1145438837572,35.663734749961016,16889500
2015-02-03,36.36500549316406,36.44949538590033,35.942549583317124,36.28051237734499,12657100
2015-02-04,35.841163635253906,36.46639990100432,35.75667372886646,36.305867789634846,12912000
2015-02-05,36.466392517089844,36.53398700697956,35.90875086783037,35.90875086783037,9630300
2015-02-06,36.3143196105957,36.72832793425996,36.22982969462358,36.550893953784595,9522100
2015-02-09,36.6691780090332,36.86350736064005,36.01859545465388,36.01859545465388,12705700
2015-02-10,37.16768264770508,37.22682623359715,36.80437020689167,36.99869959240615,12714800
2015-02-11,36.6353759765625,37.176119010107186,36.407249404957824,37.14232176473996,12836900
2015-02-12,37.08317565917969,37.22681233061955,36.677618411774624,36.736761975578546,12519700
2015-02-13,37.11697769165039,37.3704506011003,37.00713824909169,37.00713824909169,10155700
2015-02-17,37.04092025756836,37.09161610783482,36.78744745239924,36.897283626687525,10118600
2015-02-18,37.26061248779297,37.26906341148977,36.88040472159586,36.93109737144452,8661100
2015-02-19,37.2690544128418,37.488730029672205,37.176113613115845,37.285953033072175,8465700
2015-02-20,36.98179244995117,37.252163986946165,36.719868613388485,37.226817662566305,14731200
2015-02-23,36.99024200439453,37.074735128367244,36.58468467857485,36.71987045384808,10995500
2015-02-24,37.074745178222656,37.14233647263969,36.652289113093225,36.998702957576,10522500
2015-02-25,36.94801330566406,37.25218223958938,36.652295299394744,37.032506466801394,11785400
2015-02-26,37.08317565917969,37.302854515950656,36.93109128851748,37.00713347384858,8519300
2015-02-27,37.02403259277344,37.26905777358572,36.90574546357649,36.981787649929174,9549500
2015-03-02,37.20147705078125,37.2099279763264,36.73677606139408,37.01559858887662,11091000
2015-03-03,36.652278900146484,37.074734847561,36.47484495268924,37.032489897436164,10058700
2015-03-04,36.84660339355469,36.888848338112496,36.17912231106024,36.50018969124839,14697600
2015-03-05,37.00712966918945,37.083171846702754,36.55087660410966,36.888842553742585,10983500
2015-03-06,35.80735778808594,36.84659876444292,35.73976330681934,36.84659876444292,15086600
2015-03-09,36.06928634643555,36.15377946676167,35.646830414053895,35.69752628624957,11474200
2015-03-10,35.3342170715332,35.95100240093842,35.30041982039458,35.68908176232224,13960700
2015-03-11,35.03850173950195,35.62148986032523,34.98780585909334,35.42716048671747,11108800
2015-03-12,35.16524124145508,35.283528421584535,34.86107236507422,35.030055432295136,13716700
2015-03-13,35.80735778808594,35.88339996796973,35.072282308181855,35.09763185019796,18405400
2015-03-16,36.6776237487793,36.7790122696131,36.111534349117335,36.17912562197888,17423200
2015-03-17,36.221370697021484,36.61848030437626,36.21292299654037,36.424150962480915,21509000
2015-03-18,37.28594970703125,37.97032603836032,36.626916469163675,37.429583131553464,37900300
2015-03-19,37.31129837036133,37.59012076220444,37.17611263515677,37.17611263515677,15729600
2015-03-20,37.52253341674805,37.792904938559495,37.22681557198015,37.28595914093373,20724700
2015-03-23,37.387359619140625,37.699976186938905,37.31131740285631,37.463401835424946,10749200
2015-03-24,36.93108367919922,37.59856458812352,36.93108367919922,37.45493116936053,14913400
2015-03-25,36.272071838378906,36.9648994094639,36.272071838378906,36.90575582825543,17491000
2015-03-26,36.322757720947266,36.52553473697172,35.8749522996517,36.14532380307268,14065600
2015-03-27,36.027042388916016,36.432599708389304,35.84116074216794,36.27206760997792,18030800
2015-03-30,36.70296096801758,36.863496244519034,36.43258949747869,36.525530294804334,12730100
2015-03-31,36.45795440673828,36.81281590274862,36.44105577982109,36.593140198992245,13264200
2015-04-01,36.28050994873047,36.43259432394147,36.09463155253681,36.32275811535332,12050900
2015-04-02,36.13637161254883,36.551831096068476,36.01766982708067,36.450087170578776,11183900
2015-04-06,36.42465591430664,36.54335772307834,35.78875059498824,35.84810149937408,9766500
2015-04-07,36.42465591430664,36.86555065715987,36.40769805099901,36.45009432645894,8075400
2015-04-08,36.551841735839844,36.74685233078563,36.331392726331025,36.331392726331025,6947100
2015-04-09,36.62813949584961,36.72140610764195,36.238118423246256,36.43312895954793,9399500
2015-04-10,36.89097595214844,37.21316879991722,36.526393309039015,36.526393309039015,12542800
2015-04-13,36.526405334472656,37.1283949640984,36.48400905641238,36.92490382630757,10943400
2015-04-14,36.22966384887695,36.50946388484015,36.04313049156815,36.492506012868134,10510500
2015-04-15,37.29796600341797,37.467538158264595,36.31443262715248,36.41617656693676,18188700
2015-04-16,36.84860610961914,37.27254314236041,36.6705533321197,37.04361675655418,11960800
2015-04-17,36.45856857299805,36.79771934184828,36.3398667742149,36.50944215864001,12473500
2015-04-20,36.72987747192383,37.14533688415629,36.670526589373544,36.721400160579726,10426300
2015-04-21,36.8146858215332,37.19622975072929,36.79773118857558,36.89099460737242,9312900
2015-04-22,36.924888610839844,37.09446395005909,36.7468359601309,36.890972896119884,7343900
2015-04-23,36.78923416137695,36.99272524394067,36.45008666961213,36.89097808546829,11311000
2015-04-24,36.526405334472656,36.95034224002012,36.246605424308015,36.80620201025539,17767100
2015-04-27,36.975772857666016,37.264050047248936,36.51792027990817,36.543355456100876,12916000
2015-04-28,37.73038864135742,37.79822010602514,36.840121691078245,37.060567482483826,18287700
2015-04-29,37.92538833618164,38.069528539927404,37.03512164211172,37.645591710905414,36608700
2015-04-30,36.98423767089844,37.65405844887956,36.89097107720735,37.34882350021067,20196300
2015-05-01,37.620155334472656,37.628635882764854,36.831632531135874,36.831632531135874,11942000
2015-05-04,37.80669403076172,38.027139802393926,37.50993948541414,37.772778301470005,9168200
2015-05-05,37.23859405517578,37.8321060163818,37.2131588909918,37.70492696108193,11410200
2015-05-06,36.67902755737305,37.50994691775113,36.45858174206102,37.476031181739245,12732100
2015-05-07,36.86555099487305,37.01816853165808,36.475529838369845,36.60270896276955,8787100
2015-05-08,37.31492233276367,37.50993614161566,37.04360299138048,37.16230803331959,9582900
2015-05-11,37.170772552490234,37.47600751507145,36.96728149930924,37.280997007729134,7429400
2015-05-12,36.94186019897461,37.043604146570736,36.695976027434014,37.00969165362655,8515100
2015-05-13,37.12837600708008,37.365779517970886,36.98423585091047,37.10293760635588,7451200
2015-05-14,37.628639221191406,37.64559708489882,37.306446279514155,37.39971291271403,7293000
2015-05-15,37.43363952636719,37.67952053567591,37.25558352284902,37.65408534990877,9369500
2015-05-18,37.509925842285156,37.654062787776425,37.20469085844388,37.2555611994969,6070900
2015-05-19,37.5777587890625,37.69646057902301,37.442099138481744,37.66254485778252,8640000
2015-05-20,37.55232238769531,37.81516113276361,37.38274702141768,37.49297149465531,9055700
2015-05-21,37.54384231567383,37.68798251086762,37.2640457069982,37.49297196921342,8036400
2015-05-22,37.24708557128906,37.535362709684634,37.20469254036814,37.47601181951916,7484300
2015-05-26,36.73837661743164,37.162313555637596,36.585759060926925,37.08600477738524,10440400
2015-05-27,37.425140380859375,37.51840699484472,36.806193037770726,36.91641751196986,11096800
2015-05-28,37.18775177001953,37.518422091289025,37.00121846699267,37.374285073046394,7273200
2015-05-29,36.874027252197266,37.170781742307085,36.76380276970732,37.12838870577445,10358700
2015-06-01,37.12837600708008,37.35730220731632,37.00119370659986,37.1707690291134,9764300
2015-06-02,37.05208969116211,37.3149285274213,36.5772791477273,36.89099158183451,8275900
2015-06-03,37.281005859375,37.38274979293232,36.958812962998586,37.08599530573124,9220900
2015-06-04,37.11144256591797,37.399719833526056,36.89099353130934,37.08600738284097,13783100
2015-06-05,37.145355224609375,37.323407960173434,36.87403584630735,37.162313090051015,12850700
2015-06-08,36.54335021972656,37.213171128127634,36.526395594281894,37.14534292320582,9112200
2015-06-09,36.517921447753906,36.77228292096004,36.305953014351864,36.75532505816208,7634200
2015-06-10,37.25556945800781,37.34883608312065,36.50944292586812,36.69597294171229,15518400
2015-06-11,37.54384231567383,37.66254410325629,37.331873913739116,37.450575701321576,12519300
2015-06-12,37.594730377197266,37.637123427036876,37.221667010473396,37.28949524334029,11742300
2015-06-15,37.06903839111328,37.2979646732498,36.80619638546437,37.22165591253763,16727800
2015-06-16,37.84907150268555,38.05256256033016,37.102941937162825,37.23012425248828,18271600
2015-06-17,38.078006744384766,38.35780661058948,37.62015418207599,38.035613707366856,27080800
2015-06-18,36.238121032714844,36.441608896386484,34.73738429201612,35.53438435442902,79138400
2015-06-19,35.26306915283203,36.54335708352521,35.23763397550659,36.37378492218005,37430200
2015-06-22,35.178287506103516,35.576786016750184,35.14437177580701,35.44112632994624,22368300
2015-06-23,35.36481475830078,35.66157252336269,35.16980417608502,35.55982534051654,17394300
2015-06-24,34.932395935058594,35.41568366937274,34.932395935058594,35.22067311292856,17768200
2015-06-25,34.81370162963867,35.16132978060331,34.81370162963867,34.966319182197005,13587200
2015-06-26,34.754364013671875,35.076553872874086,34.73740614196913,34.84762745646201,39687300
2015-06-29,34.27104949951172,34.67803167542982,34.23713701350281,34.44910541436881,18195500
2015-06-30,34.1693115234375,34.55085535831982,34.008216675101266,34.423673001898486,16691500
2015-07-01,34.11843490600586,34.50845598368392,33.85559292702399,34.432147230713774,13948600
2015-07-02,34.22017288208008,34.271043218961445,34.04212023423424,34.23713073916738,11644100
2015-07-06,34.16912078857422,34.28826539314269,33.8457259715691,33.981891697711205,12434100
2015-07-07,34.1776237487793,34.271238277838464,33.905292344123396,34.07550028364494,16437100
2015-07-08,33.84572219848633,34.24571039475908,33.78614990284315,33.95635785315793,14598700
2015-07-09,34.19465255737305,34.449962900848604,34.16912249695964,34.245715924647016,13348300
2015-07-10,34.347835540771484,34.59463691843677,34.220178760200675,34.51804349938364,10470900
2015-07-13,34.722293853759766,34.77335722027932,34.36486002746416,34.484004636229365,10717000
2015-07-14,34.70528030395508,34.8074070592773,34.53507553798033,34.73081361600954,9298800
2015-07-15,34.713775634765625,34.82440802964182,34.57760994023272,34.57760994023272,9326700
2015-07-16,34.85847091674805,34.909534299867666,34.518058101961714,34.909534299867666,14861000
2015-07-17,34.38187789916992,34.7733539328017,34.17762769884863,34.679739392923054,14574400
2015-07-20,33.98189163208008,34.373367688176664,33.93082826745779,34.347837629089014,17488100
2015-07-21,33.67551803588867,34.03295509639779,33.522331188020054,33.83721382132911,14679100
2015-07-22,33.547855377197266,33.76061449018237,33.403180738661675,33.496795267806554,16797000
2015-07-23,33.1904182434082,33.701038763959126,33.15637600965252,33.65848759498756,18083800
2015-07-24,33.1904182434082,33.33509286720073,33.020210321075865,33.27552058135133,12030300
2015-07-27,32.7734260559082,33.037248635175935,32.739387050879934,32.95214625293359,15756800
2015-07-28,33.428714752197266,33.505308171800436,32.71384391804992,33.011708659371955,14289200
2015-07-29,33.86275100708008,33.93083225479663,33.411699349362564,33.50531390561426,13016400
2015-07-30,33.74360275268555,34.12656662852536,33.65849714415124,34.06699432577486,13634200
2015-07-31,33.990394592285156,34.143581412766544,33.78614766260758,33.83720777180377,13706100
2015-08-03,33.79466247558594,34.049972805304854,33.581903326412345,33.99891268722926,12444500
2015-08-04,33.752105712890625,34.04145823776952,33.64147006461287,33.69253342069024,9697300
2015-08-05,33.73509216308594,34.05848699790741,33.726583225053844,33.956363509286426,11982000
2015-08-06,33.46275329589844,33.905292643989796,33.31807865621577,33.72657576681245,10613000
2015-08-07,33.66700744628906,33.77763986152893,33.38616382349515,33.49679948518186,10655100
2015-08-10,33.94785690307617,34.08402265909445,33.78616108231937,33.83722121179641,9525800
2015-08-11,33.3350944519043,33.76912483680726,33.207440938921145,33.64146807737786,10600500
2015-08-12,33.428714752197266,33.49679923470978,32.764907279934306,32.969157481025036,11062300
2015-08-13,33.454254150390625,33.667013327328235,33.181922663626274,33.37766071683519,7785700
2015-08-14,33.539344787597656,33.61593819435404,33.34360680287497,33.47126356295102,7185000
2015-08-17,33.80317687988281,33.811685817971984,33.2670228797436,33.53935434885779,7631200
2015-08-18,33.896785736083984,34.066990440848784,33.624451066277686,33.63296324938391,9950600
2015-08-19,33.64147186279297,33.99039669852273,33.454246040061356,33.78614975618886,11112900
2015-08-20,32.87554168701172,33.61594255064102,32.85000838381989,33.3521200606367,13071200
2015-08-21,31.956430435180664,32.99469634549675,31.956430435180664,32.6117291452615,19411300
2015-08-24,30.705402374267578,31.147938553544584,29.90542588503886,30.407537613605832,32522300
2015-08-25,30.169248580932617,31.6670715914153,30.109676277736813,31.46282462230027,21393600
2015-08-26,31.411758422851562,31.505372961269714,30.296899391653103,30.662845361953103,20554300
2015-08-27,31.335174560546875,31.922388780907202,30.645833587251744,31.786223023441863,28218200
2015-08-28,31.879837036132812,31.90537034714645,31.301131765354782,31.369216266127577,21559100
2015-08-31,31.564952850341797,31.922386723230677,31.428787101653526,31.62452516248994,15352800
2015-09-01,30.64582633972168,31.105386879902152,30.54370285738612,30.918161036694787,19948700
2015-09-02,31.27560043334961,31.275600433349613,30.73093743503037,30.95220556067973,15049300
2015-09-03,31.403247833251953,31.7181304260851,31.29261218035782,31.32665441916318,11787800
2015-09-04,30.867097854614258,31.216022730564667,30.713911006982663,30.935179094424416,13147900
2015-09-08,32.067054748535156,32.18619933601546,31.258569445201836,31.258569445201836,18949600
2015-09-09,31.564952850341797,32.492583027795476,31.496868352773898,32.25429377920289,14710200
2015-09-10,32.00749206542969,32.28833249932377,31.513889201719337,31.513889201719337,16930600
2015-09-11,32.27130889892578,32.30535114480015,31.828772688348025,31.871323872467357,12948600
2015-09-14,31.964942932128906,32.288334574188546,31.803243864651375,32.17770212916969,15021500
2015-09-15,32.33088684082031,32.49258265099768,31.828775039646114,32.14365772112731,14877900
2015-09-16,32.56916427612305,32.78192338173155,32.279811762637635,32.56065209388877,19574000
2015-09-17,31.26708984375,32.569174958273585,31.06283960693876,32.569174958273585,37299000
2015-09-18,30.960712432861328,31.47133309454404,30.85858570336719,30.88411900896422,34919800
2015-09-21,31.343685150146484,31.539423213630766,30.99475696506213,31.147943840214626,14964400
2015-09-22,30.79900360107422,31.054317097124006,30.611777816135923,30.926660349099112,19979700
2015-09-23,30.62881088256836,30.824548925182807,30.492645146556256,30.79901561774807,16991600
2015-09-24,30.688385009765625,30.833059692540683,30.118188724455457,30.509664832908758,18059500
2015-09-25,30.67987060546875,30.909650890709116,30.560725993813858,30.807527401640236,19387000
2015-09-28,30.160730361938477,30.756456521144838,30.126691371528185,30.399022773488856,21742700
2015-09-29,30.220306396484375,30.347963177286076,29.99052938535618,30.050101684011164,19785900
2015-09-30,30.739442825317383,30.799015130978205,30.450090235058898,30.54370478579652,16215000
2015-10-01,30.841583251953125,30.994766929906735,30.50967608478256,30.833071063681547,18331300
2015-10-02,31.39474105834961,31.411762180684327,30.330945260783157,30.390517565731106,18772800
2015-10-05,31.990463256835938,32.10960785147142,31.505372694993348,31.70961964395511,12741700
2015-10-06,32.109619140625,32.21174265101064,31.922389999544784,31.93090218583817,12427300
2015-10-07,32.050045013427734,32.32237652338402,31.78622244283672,32.12663845350592,16335700
2015-10-08,32.24577331542969,32.33087891554067,31.777703877382695,31.82025505421484,13247600
2015-10-09,32.55335998535156,32.63880383410852,32.17741682886963,32.450830626192776,14656400
2015-10-12,32.50210952758789,32.57046137372513,32.20306083010383,32.39957686935579,11022500
2015-10-13,32.31413650512695,32.63881674008873,32.24578465844339,32.39103436974025,11575600
2015-10-14,31.835651397705078,32.109068483966205,31.73312202745085,31.758753555176927,14069700
2015-10-15,32.083438873291016,32.18596826008752,31.835656534128223,32.083438873291016,12205500
2015-10-16,31.92963409423828,32.29703449020027,31.733118133966673,32.29703449020027,19694700
2015-10-19,31.502429962158203,31.698945955663223,31.246104894949482,31.493887205636273,18100500
2015-10-20,31.4938907623291,31.613508923245313,31.28882872979386,31.28882872979386,13678100
2015-10-21,31.288833618164062,31.71604326495246,31.24611330535541,31.59642508534786,11062600
2015-10-22,32.28850173950195,32.348310821622604,31.485345620709403,31.485345620709403,14701400
2015-10-23,32.52772903442383,32.60462686998734,32.28849277238161,32.57044932988142,16469100
2015-10-26,32.784061431884766,32.99766621651145,32.41666094157885,32.41666094157885,12330600
2015-10-27,32.758426666259766,32.85241328371163,32.50210160188654,32.74988390983234,14110500
2015-10-28,33.21980667114258,33.22834942575277,32.784051220988026,33.00620195304507,14020000
2015-10-29,33.202735900878906,33.24545621578607,32.92077595565964,32.92077595565964,11432900
2015-10-30,33.18563461303711,33.35651906759845,32.89513201808779,33.25398643925172,16471500
2015-11-02,33.963165283203125,33.988796817783104,33.23691022239696,33.36507115464763,19789700
2015-11-03,34.347633361816406,34.407442411757465,33.81789466547469,33.9118779872758,17153100
2015-11-04,34.58687973022461,34.66377756837827,34.228025325074,34.475804350813824,16863300
2015-11-05,34.47581100463867,34.68941578969678,34.30492978407247,34.31347254136064,16358800
2015-11-06,34.70650100708008,34.7235897792556,34.287837496504864,34.45017594314729,16481800
2015-11-09,34.26221466064453,34.603983704678114,33.98880072915813,34.527085832738116,14604900
2015-11-10,34.1084098815918,34.322014662692,33.997337742151906,34.03151528937201,11294000
2015-11-11,33.35652160644531,33.83499420441494,33.30525528836994,33.52740607401309,18861500
2015-11-12,33.00620651245117,33.40778122158961,32.90367388686921,33.0232952833815,14591600
2015-11-13,31.869836807250977,32.98058116065851,31.80148496332703,32.87805176509723,23987600
2015-11-16,32.570457458496094,32.80115102276087,32.09198481499915,32.203056959039266,16741000
2015-11-17,32.57899856567383,32.91222146627833,32.44229165108352,32.66443916503654,14820000
2015-11-18,33.066017150878906,33.09164867881639,32.59608733570872,32.630261619842045,11958900
2015-11-19,33.33944320678711,33.595768358215174,32.997674165315594,33.040394480661746,12306100
2015-11-20,33.61284637451172,33.81790838561084,33.493228226099774,33.53594852776831,12023200
2015-11-23,33.44197082519531,33.775193830148055,33.365072957948456,33.69829596290119,9111900
2015-11-24,33.715370178222656,33.85207707657839,33.13436504537339,33.13436504537339,13766300
2015-11-25,33.54449462890625,33.83499727230693,33.5274091140154,33.72392512876433,8014700
2015-11-27,33.47613525390625,33.612842157705444,33.39069466128788,33.44195771311903,6869900
2015-11-30,33.29671859741211,33.57013249158872,33.29671859741211,33.41633676869554,18969800
2015-12-01,33.518856048583984,33.561576345528344,33.2454422369204,33.39923791339988,12718200
2015-12-02,33.066017150878906,33.655565108890606,33.02329685119979,33.45050636669086,13694200
2015-12-03,32.30558776855469,33.28816779084634,32.25432144851546,33.28816779084634,20322500
2015-12-04,33.459049224853516,33.527404312028374,32.36539390485543,32.48501204806148,18206600
2015-12-07,33.168548583984375,33.52740629416813,32.895134737820634,33.459051202952125,13798500
2015-12-08,33.09164810180664,33.2112662425624,32.69007012125525,32.715704908095695,15219700
2015-12-09,32.96349334716797,33.621393243912664,32.74988855334552,33.00621365406236,17516100
2015-12-10,32.63026809692383,33.1685531059097,32.56191625573944,32.98912585603127,18358300
2015-12-11,31.79293441772461,32.339762128638675,31.63913871661125,32.14324612373832,20346800
2015-12-14,32.16887664794922,32.19450817495266,31.485338840592405,31.74166714802612,20142700
2015-12-15,32.6473503112793,32.920764139773055,32.425202797884346,32.55336369660645,19262900
2015-12-16,33.245452880859375,33.44196891720024,32.766976927583286,33.040390826783685,23478000
2015-12-17,31.553699493408203,32.63881220582672,31.22047654615968,32.544825577761664,42879900
2015-12-18,31.058135986328125,31.68186485790596,31.023961696127703,31.519523127214253,28726800
2015-12-21,31.117937088012695,31.47679474756564,30.844523280424585,31.37426538455752,15042300
2015-12-22,31.2631893157959,31.365718676538233,30.97268674423461,31.09230487499227,13924800
2015-12-23,31.553699493408203,31.80148182933417,31.31446317422473,31.323005931616827,12832300
2015-12-24,31.622055053710938,31.810028331972617,31.38281870636028,31.38281870636028,4953900
2015-12-28,31.434099197387695,31.49390831117227,31.16068517455757,31.468276765079526,10921900
2015-12-29,31.647672653198242,31.792922282502897,31.59640635261183,31.630583886336105,10708600
2015-12-30,31.54515266418457,31.750214689167652,31.468258071585016,31.681862853740167,9585600
2015-12-31,31.211925506591797,31.570783186967695,31.126484909018895,31.47679657402758,10332400
2016-01-04,30.671422958374023,30.89448641258975,30.336826140656125,30.89448641258975,18784400
2016-01-05,30.57705307006836,30.98886484694599,30.44836373073796,30.765801361766513,25340700
2016-01-06,30.731487274169922,31.0060284978721,30.33683467419673,30.456946050467742,18165700
2016-01-07,30.062284469604492,30.61136675297449,29.925013898761993,30.242451480187416,22591400
2016-01-08,29.72769546508789,30.268196638788087,29.69337699516709,30.139507285769223,21962200
2016-01-11,29.976486206054688,30.130915996474393,29.6161522102676,29.81347843740648,18726600
2016-01-12,30.34540557861328,30.49983539002923,30.019389996991862,30.302509136061914,18457300
2016-01-13,29.23866844177246,30.3711517559323,29.058498112818864,30.190981426978702,28322900
2016-01-14,29.84780502319336,30.105186986379614,29.178607991562032,29.333037824031628,19523600
2016-01-15,29.272981643676758,29.607578517405123,28.878329088653,28.99844045124378,25425000
2016-01-19,29.64189338684082,29.813482429481923,29.375933479896442,29.633315407463712,21423100
2016-01-20,29.118560791015625,29.367364846110306,28.423629615269334,29.06708634705823,25278700
2016-01-21,29.272981643676758,29.65047823786398,28.81827340735761,29.092814599790586,20380300
2016-01-22,29.856386184692383,30.019397287882814,29.62474141130828,29.64190064705409,15892700
2016-01-25,29.461729049682617,29.97649295172781,29.427410583469182,29.667636574174136,16793600
2016-01-26,30.22530746459961,30.22530746459961,29.27299096815609,29.444580086281174,19728900
2016-01-27,29.950746536254883,30.499828735810926,29.796316758531237,30.053698630474624,20567600
2016-01-28,30.31108283996582,30.499827794746995,29.97648281669654,30.173809021524292,15472800
2016-01-29,31.1518611907959,31.1518611907959,30.465505281184054,30.585619856317397,19059300
2016-02-01,31.160451889038086,31.34920016852186,30.757218118427787,30.800117834884183,14144000
2016-02-02,30.32826042175293,30.83444653346264,30.242467496835474,30.75723159192081,17404500
2016-02-03,30.619943618774414,30.70573976792515,29.976487227691937,30.508413534061134,13855300
2016-02-04,31.271984100341797,31.349199005193555,30.594209188064013,30.62852765084007,16925900
2016-02-05,30.62853240966797,31.091821910760903,30.3454099569592,30.99744775985798,17312200
2016-02-08,30.551305770874023,30.628520658096985,29.581830691916366,30.139494129947547,20118800
2016-02-09,30.096607208251953,30.551315425149202,29.70195139729591,30.139503654089406,17819800
2016-02-10,30.199567794799805,31.006032329999606,30.148090081697283,30.388312863929148,13368700
2016-02-11,29.89069938659668,30.122344119142923,29.57326176323582,29.676213886771155,18889700
2016-02-12,30.49126434326172,30.499842324606806,29.95075988041444,30.23388235664524,15837900
2016-02-16,30.62853240966797,30.808699458052136,30.388306405699826,30.680006839041013,19676300
2016-02-17,31.426420211791992,31.54653158280464,30.860178553597063,30.860178553597063,13186500
2016-02-18,31.426420211791992,31.632324484159565,31.22909392044415,31.495053878318046,12866600
2016-02-19,31.555099487304688,31.563680738373563,31.24623990459235,31.33203605133931,13203400
2016-02-22,31.838224411010742,32.16424324917001,31.65805739760244,31.838224411010742,10109900
2016-02-23,31.35777473449707,31.838223360522292,31.211926187346926,31.838223360522292,9417100
2016-02-24,31.426420211791992,31.512213113146913,30.688589478097818,30.96313068978085,10978200
2016-02-25,31.992658615112305,32.00123659525933,31.314883635880044,31.56368760640162,11566000
2016-02-26,31.709524154663086,32.30150601679846,31.6065720679913,32.11275779724367,16551100
2016-02-29,31.555099487304688,32.02697011244207,31.426410176366783,31.74384773735964,22300200
2016-03-01,32.59321212768555,32.59321212768555,31.778166720475173,31.87254084706005,13030800
2016-03-02,32.39588928222656,32.5074226613695,32.112770117065665,32.39588928222656,12791200
2016-03-03,32.50741195678711,32.52457118429625,32.0870223375713,32.267189317235214,8832200
2016-03-04,32.50741195678711,32.73905661897844,32.4044598645203,32.601786071693354,10638400
2016-03-07,32.91065216064453,32.98786706338428,32.189980826003094,32.20714005692178,13011000
2016-03-08,32.7304801940918,32.98786207336098,32.55030993309403,32.696161737445735,12384400
2016-03-09,33.013607025146484,33.125140399020225,32.70474738844316,32.970710580668566,16786500
2016-03-10,32.644691467285156,33.26241073606846,32.181402015697685,33.26241073606846,17620600
2016-03-11,33.416839599609375,33.43399883134021,32.842016791387316,32.987868624704994,13143300
2016-03-14,33.20234298706055,33.40824715326069,33.073650428594675,33.382509950682596,14704500
2016-03-15,33.236671447753906,33.3482015410364,32.713326352483726,32.90207134954032,17502900
2016-03-16,34.50643539428711,35.13273279054553,33.91445319777665,33.931612434045476,49082300
2016-03-17,34.84104537963867,35.141323944927564,34.37775564508647,34.446392615890154,22163500
2016-03-18,35.587432861328125,35.59601411387151,34.87534272130584,35.064087731004506,34354000
2016-03-21,35.6989631652832,36.033559984348834,35.49305566820278,35.535952108864514,17275100
2016-03-22,35.50164794921875,35.81908563607955,35.338636842157804,35.450170240759036,11970500
2016-03-23,34.961143493652344,35.475907487510504,34.80671364093696,35.43301103348727,13666800
2016-03-24,35.1498908996582,35.2356838054615,34.60938642928664,34.83244994804895,11956200
2016-03-28,34.84960174560547,35.26999474900956,34.79812732222582,35.26999474900956,14647000
2016-03-29,34.918243408203125,35.00403630732731,34.63512095007253,34.66943941883794,15159200
2016-03-30,35.1498908996582,35.270002276898644,35.046935485346765,35.14130964540413,9803600
2016-03-31,35.09840393066406,35.381526336125255,35.004029795510334,35.287152200971526,10196500
2016-04-01,35.312904357910156,35.364382073270306,34.84961473803909,34.90109245339924,9574100
2016-04-04,35.23569107055664,35.415858173565184,35.089842446061226,35.30432802758289,10243500
2016-04-05,34.77239227294922,35.227103811540694,34.71233658775986,35.046933483183246,9111300
2016-04-06,34.961143493652344,34.9954619659868,34.48069469933898,34.660865042700024,12516200
2016-04-07,34.291954040527344,34.823877338702175,34.15468340639222,34.823877338702175,12838600
2016-04-08,34.62653732299805,34.78096713447138,34.42921106895741,34.42921106895741,8011000
2016-04-11,34.65227508544922,35.24425712978094,34.64369710591476,34.82386413123796,10399600
2016-04-12,34.80727005004883,34.89338600329491,34.436982948547715,34.712547428959724,9245000
2016-04-13,35.57368469238281,35.64257416503616,34.98810939238567,35.15172476430142,12752300
2016-04-14,35.513423919677734,35.70287253322605,35.461754324170435,35.573703471941634,9150500
2016-04-15,35.3239631652832,35.63397409062758,35.3239631652832,35.41007585121735,10340300
2016-04-18,35.513423919677734,35.52203387643434,35.134520122602666,35.16896651960753,8849300
2016-04-19,35.358402252197266,35.728692638228836,35.28089953686536,35.65979987571705,9884400
2016-04-20,35.392845153808594,35.64257648905876,35.37562524826308,35.47034786871424,8481200
2016-04-21,35.29813766479492,35.56508902002604,35.203411718749386,35.33258077563857,11954100
2016-04-22,35.04838943481445,35.677021075205786,35.022553007820605,35.12589214582092,15003300
2016-04-25,35.11729431152344,35.160353947070675,34.85034296706883,34.95367886540645,10876200
2016-04-26,35.005348205566406,35.17757360656206,34.81589632248444,35.151740453410504,8365800
2016-04-27,35.17757797241211,35.30675032417924,34.88479015539739,34.88479015539739,8742100
2016-04-28,34.72977066040039,35.28089962187173,34.59198513504483,34.755603803910695,9233800
2016-04-29,34.325042724609375,34.59199403620799,33.90308265709911,34.59199403620799,12883300
2016-05-02,34.70394515991211,34.815894292021575,34.299211549189636,34.3594910930204,10454200
2016-05-03,34.17003631591797,34.54032678796204,34.04086399869758,34.47143400944756,11439600
2016-05-04,33.834197998046875,34.075316193954016,33.696415702530075,33.92031070087398,9046200
2016-05-05,33.782535552978516,33.980597439377526,33.6964228319319,33.96337423817025,8962700
2016-05-06,33.937530517578125,33.94614047300749,33.55863006390027,33.55863006390027,7587400
2016-05-09,33.894474029541016,34.2130949389225,33.77391494409876,33.87725083376517,7949400
2016-05-10,34.46282196044922,34.49726834761328,34.08392155660946,34.08392155660946,9290200
2016-05-11,34.14420700073242,34.51449751435869,34.135593759956635,34.32504563715766,7180100
2016-05-12,34.29059600830078,34.471434627661715,34.09253419400234,34.35087554808776,10006700
2016-05-13,34.109764099121094,34.514501047302126,34.02364810749258,34.25615635740578,9392600
2016-05-16,34.41978073120117,34.53172661115244,33.98059731450404,34.247552004751114,7797100
2016-05-17,34.10115051269531,34.46283110390004,33.98920465219383,34.273379209221886,9483700
2016-05-18,33.989192962646484,34.2733674219414,33.72223841059172,34.09252883102754,10379700
2016-05-19,33.44668197631836,33.791139334030866,33.20556379691289,33.72224654849283,15124400
2016-05-20,33.937530517578125,34.08392603978713,33.54140686805282,33.65335599856691,16153200
2016-05-23,33.73947525024414,33.96337026979869,33.70502885185441,33.851424402516095,8904800
2016-05-24,34.35947799682617,34.51448341759283,33.799735834614616,33.9461280181234,11329800
2016-05-25,34.55756378173828,34.695346108796464,34.48867097571429,34.48867097571429,7972200
2016-05-26,34.40254211425781,34.61782710460362,34.3767056816243,34.5403243766796,7574000
2016-05-27,34.50588607788086,34.514499319107024,34.273377839609715,34.29921427829919,8240600
2016-05-31,34.617820739746094,34.63504393000568,34.40253578898273,34.51448488317622,12567400
2016-06-01,34.66949462890625,34.70394101697986,34.29059421506162,34.497269258514926,9268800
2016-06-02,33.29167556762695,33.62751967530916,32.79221602632716,33.32612195943762,51063400
2016-06-03,33.670570373535156,33.765296292627596,33.31750312918309,33.36056275421651,20740000
2016-06-06,33.9633674621582,34.13559615487993,33.68780286779908,33.74808241750332,16116900
2016-06-07,33.696407318115234,34.221703215626825,33.62751454500437,34.05808452198262,20009500
2016-06-08,33.82558059692383,33.87725018325923,33.4983497384322,33.722244709241664,11671000
2016-06-09,33.62751770019531,33.765299974356616,33.369176346766444,33.748076779462885,12316100
2016-06-10,33.360572814941406,33.57585786508045,33.24862366907214,33.39501592637188,10441700
2016-06-13,33.25722122192383,33.489729383555435,33.05054949046547,33.15388535619465,13036300
2016-06-14,33.43808364868164,33.567252739000644,33.21418530281143,33.26585490993301,12092200
2016-06-15,33.102237701416016,33.51558472304254,33.07640453912377,33.41224878888344,14476100
2016-06-16,33.274444580078125,33.41222683006857,32.792208347605545,33.03332646384184,17916500
2016-06-17,34.17003631591797,34.41115447074164,33.51556805998444,34.00642089442883,34512400
2016-06-20,34.21308898925781,34.746994825508025,34.187255842580775,34.35948448539998,17149200
2016-06-21,34.43699645996094,34.548942315621396,34.23032137606875,34.38532686774064,20111100
2016-06-22,34.454219818115234,34.738397676263745,34.33366070919987,34.57478221201994,12643400
2016-06-23,35.16035079956055,35.19479390593047,34.66949793517217,34.79006030492728,15430000
2016-06-24,33.782535552978516,34.3508880528595,33.60169686778678,33.91170791953818,44204500
2016-06-27,33.13666915893555,33.481126497391855,32.87832779758763,33.4725132571867,22506100
2016-06-28,33.696407318115234,33.74807361296016,33.2227810004368,33.34334006839259,14750900
2016-06-29,34.91923522949219,35.048407576360226,34.00642869958741,34.238933667967096,23009700
2016-06-30,35.2464714050293,35.444533272318786,34.85034767045031,34.858957627728365,20100900
2016-07-01,35.31561279296875,35.47983006736474,35.16867877097471,35.246466595072214,11381600
2016-07-05,34.91802978515625,35.07360542327693,34.70195287632997,34.85752851445065,12501400
2016-07-06,35.03038787841797,35.06496097559582,34.58959242915247,34.74516806938077,12124300
2016-07-07,35.03038787841797,35.28968281017981,34.935313509714895,35.13410716995151,11676700
2016-07-08,35.32425308227539,35.592189643375754,35.21189546055413,35.332898005221374,14235600
2016-07-11,35.24646759033203,35.557618895508085,35.22053941392479,35.35018689010557,12912000
2016-07-12,35.799617767333984,35.93791014295229,35.48846981340792,35.635400516894805,13321000
2016-07-13,35.834197998046875,35.99841857826424,35.65269416450675,35.920630750022426,9612700
2016-07-14,36.01569366455078,36.18855583223074,35.868762965119366,35.929264229246606,9259800
2016-07-15,36.10212707519531,36.22312960572313,35.834190545403935,36.22312960572313,11666300
2016-07-18,35.98976516723633,36.16262733334982,35.93790882535239,36.05026643081531,8738900
2016-07-19,35.50575256347656,35.8255454052169,35.445248007077886,35.695897965474714,12723000
2016-07-20,35.65269088745117,35.868767801920576,35.65269088745117,35.85148125311438,11409700
2016-07-21,35.49711608886719,35.877410280425195,35.38475516749263,35.73047955768874,11424700
2016-07-22,35.50575256347656,35.618110161043674,35.39339166883809,35.54032235661264,10426300
2016-07-25,35.57490539550781,35.57490539550781,35.34154191695352,35.358828466891495,8974400
2016-07-26,35.38474655151367,35.64404142956003,35.27238895456967,35.48846582156075,11031900
2016-07-27,35.37611770629883,35.531693370496,35.220542042101656,35.462547165487244,9566900
2016-07-28,35.600830078125,35.7823371861251,35.19460773420085,35.7391191669853,17048600
2016-07-29,35.4711799621582,35.7650446388289,35.367460690106384,35.71318500280299,13230800
2016-08-01,35.566261291503906,35.66997728683457,35.35882600377053,35.35882600377053,12435400
2016-08-02,35.18595504760742,35.54032096568652,35.073597454437596,35.54032096568652,10268200
2016-08-03,35.18595504760742,35.306957561526445,35.09088070179355,35.10816724622073,12350500
2016-08-04,35.35017776489258,35.39339248010673,35.09952780075048,35.09952780075048,9142100
2016-08-05,35.548973083496094,35.626760900631304,35.40203907465319,35.49711343971532,9615300
2016-08-08,35.57490539550781,35.78234069769128,35.540332295631856,35.59219194544579,11427800
2016-08-09,35.523040771484375,35.669974776846225,35.47982605122682,35.51439914626159,9533700
2016-08-10,35.514400482177734,35.652689570446896,35.315610123857816,35.54897357851301,11077400
2016-08-11,35.678611755371094,35.79097265106456,35.548967611482986,35.548967611482986,9473700
2016-08-12,35.514400482177734,35.60947484856377,35.43661266395934,35.54897357851301,6301200
2016-08-15,35.7736930847168,35.98976999708843,35.436613628948564,35.436613628948564,12774900
2016-08-16,35.71318435668945,35.82554525084375,35.64404147364389,35.695897811660224,8109100
2016-08-17,35.61811065673828,35.76504464362905,35.49710813639965,35.76504464362905,9876400
2016-08-18,35.55760955810547,35.72183009108657,35.39339232219578,35.39339232219578,8544600
2016-08-19,35.71318435668945,35.730470901718675,35.44524785434345,35.47117932042296,9109900
2016-08-22,35.62675476074219,35.77368544719127,35.5316804120651,35.5316804120651,9834700
2016-08-23,35.8687629699707,35.98976549824155,35.747760441699846,35.75640206640279,10631800
2016-08-24,35.49711608886719,35.8428404790633,35.419328265926666,35.73912118376118,9830300
2016-08-25,35.523040771484375,35.609473509071286,35.43661133096927,35.540327319001754,7567200
2016-08-26,35.66132736206055,35.93790880593565,35.49711011773083,35.53168321034916,9228200
2016-08-29,35.70453643798828,35.894681805644396,35.661318434498895,35.85146709922577,9168500
2016-08-30,35.70453643798828,35.782324228370115,35.56624739920622,35.77367930884394,6840300
2016-08-31,35.62675476074219,35.71318418840973,35.51439386711733,35.66996947457596,9694700
2016-09-01,35.57490539550781,35.661334848125435,35.24646754083077,35.419329743138285,10652500
2016-09-02,35.65269088745117,35.79962160669578,35.46254214765504,35.66133251331824,9020200
2016-09-06,35.65269088745117,35.75640688321631,35.49711524526744,35.75640688321631,8308300
2016-09-07,35.65269088745117,35.70455053386977,35.3933992495023,35.55761651755311,10415300
2016-09-08,35.19460678100586,35.43661185568903,35.09088749436576,35.37611058701824,16732100
2016-09-09,34.598236083984375,35.21189705512832,34.598236083984375,34.85753103095301,14477500
2016-09-12,35.160030364990234,35.220531627947366,34.295722840378026,34.537727892206554,14927200
2016-09-13,34.72789001464844,35.030396446262536,34.546386155679976,34.89210732079997,13395200
2016-09-14,34.78838348388672,35.05632004673341,34.5895931167703,34.5895931167703,11626900
2016-09-15,35.31561279296875,35.4625435178906,34.65009547503946,34.72788329913696,18403700
2016-09-16,33.638858795166016,34.529098092393674,33.45735494413741,34.23523330150669,50703500
2016-09-19,33.90678024291992,34.183358358056644,33.751204641021616,33.820350818341396,19801900
2016-09-20,33.768497467041016,34.226579437248766,33.75985584180411,34.183364716920615,12121300
2016-09-21,34.14879608154297,34.20930065439026,33.87221787883642,33.87221787883642,10994000
2016-09-22,34.14879608154297,34.39944610808085,34.12286790537431,34.29573010633396,9679300
2016-09-23,33.90678024291992,34.0709974684476,33.73391809669167,34.04506930048828,14017300
2016-09-26,33.73393630981445,33.794437599098615,33.500572780972846,33.70800812785638,9840900
2016-09-27,33.967288970947266,34.13150952966792,33.58699480325298,33.62156789951753,10644600
2016-09-28,34.088287353515625,34.140146991587834,33.846282303321686,33.90678356587017,8103500
2016-09-29,33.811729431152344,34.24388344897357,33.777159615502505,33.92409039896644,8795200
2016-09-30,33.95000076293945,34.088289844164535,33.78578350931959,33.924072590544675,12861900
2016-10-03,33.69934844970703,33.932708556484634,33.58698755961584,33.880852220343485,10403500
2016-10-04,33.59564208984375,33.88086523648017,33.50056770763161,33.74257612519137,9199300
2016-10-05,33.837650299072266,34.00186758738151,33.612928433941235,33.8030771971948,8269200
2016-10-06,33.59564208984375,33.91543833857049,33.3882100714468,33.80307740531319,9789100
2016-10-07,33.58696746826172,33.838588536356504,33.5002031805682,33.699763690139626,11442000
2016-10-10,33.50886154174805,33.838571627956185,33.48283293041501,33.71710036194365,9475400
2016-10-11,32.979591369628906,33.53489379232375,32.8060628792458,33.45680464771384,14964000
2016-10-12,33.01430892944336,33.101076512173954,32.65857011486004,32.91019114001149,8944900
2016-10-13,32.996952056884766,33.13577686528945,32.64121327848248,32.849452146011764,14117600
2016-10-14,33.326656341552734,33.48283463719967,33.13577102246339,33.196506658565646,11601200
2016-10-17,33.222537994384766,33.43945192230343,33.153123948725735,33.43945192230343,9419000
2016-10-18,33.33533477783203,33.56960224474188,33.2832775473038,33.49151308910527,7121900
2016-10-19,33.27460861206055,33.526229664088056,33.2399048851064,33.4221118635352,8310900
2016-10-20,33.04900360107422,33.274592612106034,32.97958956085297,33.07503221123538,11197000
2016-10-21,32.91020202636719,33.07505552331988,32.77137715792125,32.96226259322665,13413400
2016-10-24,33.20518112182617,33.33532747949718,33.07503145431163,33.07503145431163,13550500
2016-10-25,33.28328323364258,33.344018886198185,33.05769082999763,33.20519406466469,11627100
2016-10-26,33.23991012573242,33.52623494985624,33.101085266492994,33.101085266492994,9723100
2016-10-27,33.16181182861328,33.456814987213704,33.10107617624068,33.32666526936109,7588900
2016-10-28,33.118431091308594,33.36137704518415,32.99695976929346,33.23122730882777,7803300
2016-10-31,33.33533477783203,33.41342393346865,33.14445274948806,33.23989541858218,10485300
2016-11-01,33.37004852294922,33.47416962465633,33.17048804277799,33.47416962465633,12018200
2016-11-02,32.996952056884766,33.39607627716218,32.95356992485415,33.3700443500682,9488400
2016-11-03,33.23991012573242,33.300645794784316,32.96226040725357,32.96226040725357,12393100
2016-11-04,33.213871002197266,33.47417045306189,33.11842831152624,33.239902933190734,14288900
2016-11-07,33.91667175292969,33.96873230229507,33.59563997312195,33.60431507642709,9506900
2016-11-08,33.95137405395508,34.142256088668105,33.821224353603334,33.97740267008768,7574700
2016-11-09,34.31578826904297,34.4806449991485,33.30930761357395,33.456810829466036,19497300
2016-11-10,34.341827392578125,34.758301891451524,34.09888145251816,34.402563050131846,26707200
2016-11-11,34.229026794433594,34.54138345601602,33.99475929824677,34.3071159598292,12217700
2016-11-14,34.098876953125,34.419908716383375,33.934023520066845,34.17696611822511,15417100
2016-11-15,33.98607635498047,34.029461793184815,33.56092686326945,33.74313378828846,13594300
2016-11-16,34.44593811035156,34.53270237192609,33.76916429266142,33.925342611371114,12597000
2016-11-17,34.923152923583984,34.95785995687702,34.419910870369534,34.532707073649476,13316600
2016-11-18,34.58476638793945,35.1313905583179,34.41990964060998,34.94918029496191,12890600
2016-11-21,34.610801696777344,34.73227302259665,34.41991629343535,34.680215774300024,8073100
2016-11-22,34.78432846069336,34.810357081010416,34.54138584481445,34.78432846069336,10993100
2016-11-23,34.793006896972656,34.793006896972656,34.56741777631112,34.749624755673736,11070100
2016-11-25,34.94050598144531,35.00991673727513,34.74094550739797,34.74094550739797,4013100
2016-11-28,34.96653366088867,35.16609412956977,34.74961967625556,34.81903374006363,12118300
2016-11-29,35.18344497680664,35.34830171092381,34.819031098989804,35.001238037898226,10157400
2016-11-30,34.87108612060547,35.31359244112986,34.87108612060547,35.27888541406044,14374600
2016-12-01,33.57828140258789,34.86241163838115,33.37004254631456,34.80167599485233,22740200
2016-12-02,33.404747009277344,33.691075000939165,32.65856252053402,33.370039984255776,19120300
2016-12-05,33.81256866455078,33.93404002270327,33.43947617317027,33.49153343532346,13681500
2016-12-06,34.246376037597656,34.25505113940615,33.734458974945866,33.84725184767756,13524700
2016-12-07,34.98388671875,35.02726885313962,34.26373402031725,34.2724091232573,15170600
2016-12-08,35.009910583496094,35.13138517707482,34.77564642763345,34.98388196836563,10109700
2016-12-09,35.15742492675781,35.37433894779419,34.94918601023096,35.06198222792656,11219100
2016-12-12,35.148746490478516,35.313603264664316,35.00992164949564,35.00992164949564,10891400
2016-12-13,35.36566162109375,35.573900544024895,35.11404386443559,35.11404386443559,12493100
2016-12-14,35.46977615356445,35.651983108654484,35.24418375310984,35.461097740553626,25102400
2016-12-15,35.452430725097656,35.69537338730651,35.34831291412893,35.53051991078558,17783500
2016-12-16,33.92534255981445,34.89711949916337,33.630339437127176,34.89711949916337,46224200
2016-12-19,33.75181579589844,34.00343349113297,33.48284127565753,33.864608679683215,15135100
2016-12-20,33.83857727050781,33.934019941102285,33.665045443049166,33.80387024304722,14006400
2016-12-21,33.69108963012695,33.89065014588709,33.50020421946704,33.89065014588709,11966400
2016-12-22,33.80387878417969,34.04682472794399,33.49152207780068,33.77785016192982,11226300
2016-12-23,33.64768981933594,33.85592866119691,33.51754343928642,33.656368230579034,8143600
2016-12-27,33.68240737915039,33.873292768070705,33.63034682494163,33.639025238898995,5073700
2016-12-28,33.560935974121094,33.76917157071744,33.51755383398395,33.72578943058029,8264100
2016-12-29,33.569610595703125,33.699760324089006,33.500199834450385,33.500199834450385,5711800
2016-12-30,33.361366271972656,33.71710501864525,33.265923604111485,33.62166235078408,10820200
2017-01-03,33.57913589477539,33.70108294077354,33.361372363262184,33.492031811293224,11051300
2017-01-04,33.744632720947266,33.9014193807071,33.57913033778911,33.57913033778911,9545500
2017-01-05,33.657527923583984,33.92755587499971,33.457185891039735,33.683658481757035,12064700
2017-01-06,33.49202346801758,33.75333897617496,33.43104996020776,33.75333897617496,14829700
2017-01-09,33.99723815917969,34.36308258428377,33.509450022784215,33.56171113865089,15587900
2017-01-10,33.674949645996094,34.03208167576751,33.674949645996094,33.971108157719286,11316600
2017-01-11,34.06692123413086,34.084342712234886,33.65752480570429,33.65752480570429,10403100
2017-01-12,34.14532470703125,34.249850278815835,33.61398112268027,33.99724376776241,11526900
2017-01-13,34.19758224487305,34.25855908839414,33.99724020212782,34.11047816465605,9455300
2017-01-17,34.05821228027344,34.215002276269175,33.87529172588092,34.03208172187666,11081400
2017-01-18,34.1366081237793,34.26726756461447,33.997239604198654,34.21500312371888,10394000
2017-01-19,34.154029846191406,34.30211076837484,34.05821336527406,34.07563484569609,12232400
2017-01-20,34.728912353515625,34.868280821692515,34.363071370603684,34.371780446136945,25439100
2017-01-23,34.56342315673828,34.92055516559198,34.34565965566146,34.633105749223056,13251200
2017-01-24,34.92927169799805,35.01637911070313,34.62440406055038,34.711508150447415,12216500
2017-01-25,34.97282028198242,35.173162308131154,34.79860881317258,35.12089787064598,13164800
2017-01-26,34.955406188964844,35.05993176321425,34.79861616618669,35.02508879752842,10556500
2017-01-27,35.04249954223633,35.18186803946463,34.95539547752129,35.01636898738323,9232700
2017-01-30,35.04249954223633,35.05992101974075,34.67665848306469,34.93797400001687,10589600
2017-01-31,34.937992095947266,35.05993917883293,34.5547260379537,35.025096205777366,10766700
2017-02-01,34.70280075073242,35.03380228942122,34.58956277013738,35.03380228942122,11837000
2017-02-02,34.82474136352539,34.84216284368414,34.56342580675928,34.641820806069866,10120300
2017-02-03,35.216712951660156,35.216712951660156,34.79860743673883,34.903132984767346,12941200
2017-02-06,34.92927169799805,35.22543025557923,34.91185353826507,35.22543025557923,7871300
2017-02-07,34.903141021728516,35.10348308608457,34.87701045940626,34.981536031503325,8848700
2017-02-08,34.85957717895508,35.14702323564002,34.85086477925762,34.8944201321311,8883300
2017-02-09,35.04249954223633,35.234132471977894,34.85957901265051,34.85957901265051,10977100
2017-02-10,35.53030014038086,35.64353478925794,35.02508713040765,35.12961602248979,13168700
2017-02-13,35.79161834716797,35.87872244080998,35.53901182367468,35.61740683707576,12779800
2017-02-14,35.800315856933594,35.861289367338316,35.49544830490997,35.64352588080513,9623000
2017-02-15,36.07033920288086,36.13131270555441,35.61739080958689,35.678364312260435,9243600
2017-02-16,36.227142333984375,36.35780178597747,36.03550935714327,36.11390436377755,10132700
2017-02-17,36.63653564453125,36.63653564453125,36.14874416560393,36.183587126128934,18545300
2017-02-21,36.8194580078125,36.915274492548996,36.52329947444867,36.57556391779797,12394700
2017-02-22,37.028499603271484,37.037212002990735,36.697501515692075,36.81073612958702,11602800
2017-02-23,37.42047119140625,37.446605065432124,37.01978723294677,37.072051658191896,15484000
2017-02-24,37.60341262817383,37.620834112953524,37.17659788090094,37.228862335240024,11426700
2017-02-27,37.19400405883789,37.681792140690874,37.037214083154545,37.681792140690874,13876500
2017-02-28,37.09819030761719,37.23755881588716,36.95010939850121,37.124320864540515,14450300
2017-03-01,37.385643005371094,37.455328933217906,37.18530094702339,37.2375653929085,11402200
2017-03-02,37.359500885009766,37.394343838152956,37.133028335192826,37.30723977810188,9431600
2017-03-03,37.185279846191406,37.35949124414405,37.09817580861811,37.25496573449488,8917100
2017-03-06,37.080780029296875,37.22886098314196,36.84559497752528,36.9849635278927,9196000
2017-03-07,37.10690689086914,37.23756634752753,37.03722428404387,37.08948873126884,9492900
2017-03-08,37.115623474121094,37.27241351064853,37.02851605226786,37.17659700801417,9217100
2017-03-09,36.96753692626953,37.13303934135082,36.802037833996124,37.13303934135082,10308400
2017-03-10,37.17659378051758,37.18530286054263,36.88914429756949,37.12432933194299,12244500
2017-03-13,37.08948516845703,37.26369333018978,37.04592980521615,37.23756277049141,12440800
2017-03-14,37.27239990234375,37.31595193596515,36.941398465768195,37.08947936744957,10291000
2017-03-15,37.49887466430664,37.62953409562077,37.14174265122972,37.368218555799885,18393200
2017-03-16,39.83330154418945,40.930831514475926,39.76361894763576,40.40819708768938,67535400
2017-03-17,39.77233123779297,40.05106829213098,39.293252133325005,39.41519917924691,31688700
2017-03-20,39.39777374267578,40.02493371337671,39.33680022583624,39.7810363232111,21452600
2017-03-21,39.058074951171875,39.545866555461096,38.94483696176736,39.46747153553619,21974500
2017-03-22,39.014503479003906,39.589398897996304,38.875134993272624,39.31066192653373,14339700
2017-03-23,39.15389633178711,39.24971284838413,38.909998837865,38.91871124272411,16190500
2017-03-24,38.8925666809082,39.27582928659633,38.83159316006708,39.12774836254813,13110200
2017-03-27,39.058074951171875,39.13646997109678,38.639969285841886,38.77062543717775,8933100
2017-03-28,38.92740249633789,39.223560992541,38.901271939345875,39.04935284885111,14008800
2017-03-29,38.779335021972656,38.962255614230926,38.73578297469329,38.779335021972656,10636200
2017-03-30,38.91869354248047,38.97966705752799,38.64866560240761,38.718351518351845,7792500
2017-03-31,38.85773468017578,39.06678586122421,38.72707519991405,38.761918171024995,10652800
2017-04-03,38.85773468017578,39.24099739397032,38.67481406605624,38.91870821821563,16044300
2017-04-04,38.840301513671875,38.9709609546387,38.65738095456442,38.85772299398796,9161300
2017-04-05,38.75320053100586,39.171306123572705,38.683514604174114,38.97096406814325,9445100
2017-04-06,38.483177185058594,38.78804484465714,38.448334217444966,38.78804484465714,11557800
2017-04-07,38.5789909362793,38.666095026299914,38.31767534340939,38.404779433430015,13446600
2017-04-10,38.49150085449219,38.88516459883778,38.456507780078525,38.67520948947905,11668600
2017-04-11,38.64021301269531,38.885161174899395,38.28154237434526,38.39526818761419,15422400
2017-04-12,38.64897918701172,38.850184426022835,38.51775678294499,38.780201591078445,8457000
2017-04-13,38.49150085449219,38.88516459883778,38.474004317285356,38.65771295227222,11838300
2017-04-17,38.74520492553711,38.80644115187773,38.491510080912235,38.59648599219271,10999300
2017-04-18,38.9464111328125,38.99890075834479,38.613983512022955,38.67521973991522,10446700
2017-04-19,38.6577262878418,38.96391078889947,38.56150030569448,38.87642807268682,10712000
2017-04-20,38.95515441894531,39.04263712071844,38.640223366809735,38.71895612984363,10880900
2017-04-21,38.867671966552734,39.13886331481956,38.841428826667546,39.00764094114642,11556000
2017-04-24,39.22635269165039,39.35757509884015,39.03389405100526,39.340078555406556,10848900
2017-04-25,39.121368408203125,39.348816749986845,39.01638917003489,39.348816749986845,12436800
2017-04-26,39.09511947631836,39.40130389607264,39.05137979838875,39.147609092108,10122400
2017-04-27,39.16510009765625,39.31381564903183,39.06012421803095,39.261329377780704,8221000
2017-04-28,39.33130645751953,39.33130645751953,38.946392730197964,39.138851262420026,12962700
2017-05-01,39.410037994384766,39.52376379062223,39.252572534093645,39.37504492829286,9118300
2017-05-02,39.480045318603516,39.67250061116993,39.34007631622602,39.366319461320465,11649600
2017-05-03,39.27006912231445,39.506267313082994,39.1650932610137,39.41003804975628,10695900
2017-05-04,39.77747344970703,40.04866147093854,39.32257343107426,39.33132003232017,15505200
2017-05-05,39.87370300292969,40.04866172595168,39.68124440305702,39.98742550546923,8443400
2017-05-08,39.856204986572266,39.987424023977226,39.73372921302124,39.7862188302574,7559600
2017-05-09,39.786216735839844,39.96117878029309,39.69873738217494,39.80371327399751,6530600
2017-05-10,39.8299674987793,39.85621398188285,39.62001565669703,39.821220895827686,6906100
2017-05-11,39.50628662109375,39.724988385678444,39.34007448137406,39.724988385678444,8996400
2017-05-12,39.4362907409668,39.49752694781551,39.29631845431489,39.375051196995095,7965100
2017-05-15,39.6462516784668,39.6812447582339,39.44504647549159,39.57626885605635,9694000
2017-05-16,39.62000274658203,39.689985558764214,39.49753032242076,39.68123895866267,7944500
2017-05-17,38.69271469116211,39.62001134803464,38.666471548036846,39.62001134803464,18489200
2017-05-18,38.64021301269531,38.850168103566965,38.14157342613848,38.54398707221556,12777600
2017-05-19,38.762699127197266,38.94640779513035,38.640223344784694,38.675216425474,11519200
2017-05-22,39.042625427246094,39.06012196236042,38.73644106842974,38.78018407477697,9805800
2017-05-23,38.981388092041016,39.22633290228986,38.94639502282754,39.0863639625587,6873700
2017-05-24,39.21760177612305,39.2613414613352,38.92891384689952,39.060136239660046,7653600
2017-05-25,39.54126739501953,39.628746738771184,39.21758981859075,39.35755877086723,7597600
2017-05-26,39.59376525878906,39.75998073255448,39.418806520060876,39.55002557410701,6899700
2017-05-30,39.73373031616211,39.76872339529107,39.46254229572193,39.46254229572193,10769800
2017-05-31,39.70747756958008,39.847446515111756,39.593751758484686,39.73372070401636,14757600
2017-06-01,40.05740737915039,40.066153979516315,39.68124015807169,39.82120912379004,8138900
2017-06-02,39.943687438964844,40.302358175052916,39.786221912182384,40.13614604661537,11794600
2017-06-05,40.17113494873047,40.24112110900033,39.95243320357286,39.96992974364033,8617300
2017-06-06,39.89994812011719,40.101153331256725,39.89119818125848,40.00492402655436,7449500
2017-06-07,39.71623229980469,39.93493401216678,39.48878065015907,39.908687537439484,7688700
2017-06-08,39.73373031616211,40.11864751233325,39.63750435424302,39.71623711372133,12889500
2017-06-09,39.392555236816406,39.95243114158428,39.08637414424761,39.716236205673276,12188400
2017-06-12,39.23509979248047,39.23509979248047,38.264066648032106,39.06014103017412,16189900
2017-06-13,39.348819732666016,39.57627142881452,39.03388866853668,39.42755249869835,10705800
2017-06-14,39.200096130371094,39.61125308042279,38.92015820548016,39.50627719286952,12024600
2017-06-15,39.08637237548828,39.2088448069736,38.815181036396865,38.97264654462756,10394600
2017-06-16,39.4450569152832,39.453803518978035,38.95516368025661,39.14762233278932,15930900
2017-06-19,40.004920959472656,40.02241749872475,39.550020950289145,39.602510568045425,12787700
2017-06-20,40.10114288330078,40.52104973677079,39.89118778800427,40.031156739160934,15299600
2017-06-21,40.52981185913086,40.71352053704767,40.311110098623026,40.3723463245953,30757300
2017-06-22,44.0027961730957,45.35874650175052,40.529814278187764,40.529814278187764,63193900
2017-06-23,44.57143020629883,45.35000812750307,43.801598889289366,43.95031785759936,42812500
2017-06-26,44.49267578125,45.22751364984583,44.4139430332889,44.60640160322119,29453400
2017-06-27,44.39644241333008,45.008807803697145,44.19523726196087,44.39644241333008,17876400
2017-06-28,44.50141906738281,44.69387762298363,44.448932797399294,44.67638108728147,15981600
2017-06-29,43.91530990600586,44.51892550493258,43.72285130759863,44.405199666135246,13929100
2017-06-30,43.86281967163086,44.1952472449987,43.81033339071002,43.89781275032719,13146400
2017-07-03,43.180477142333984,43.854078980966825,43.14548405892145,43.78409281414175,10883200
2017-07-05,43.2679443359375,43.766583954289175,43.22420466254445,43.565378786982635,15775300
2017-07-06,42.73432159423828,43.23296132869273,42.66433876793931,43.08424573710496,14411900
2017-07-07,43.171714782714844,43.25044752918013,42.71681817771891,42.71681817771891,10889400
2017-07-10,43.40790939331055,43.591621344453756,43.05798870047983,43.10172836994332,10098500
2017-07-11,43.6353759765625,43.64412257860527,43.22421560094787,43.32919151108122,9751100
2017-07-12,44.134010314941406,44.160253454979106,43.70535345062519,43.7578430678242,14461400
2017-07-13,44.04653549194336,44.335223432449006,43.9590561181003,44.22149757675367,11959900
2017-07-14,44.230228424072266,44.30896116139507,43.97653367746294,43.97653367746294,9875900
2017-07-17,44.29170227050781,44.41464002650754,44.116083604216605,44.177550807360795,8093600
2017-07-18,44.30048751831055,44.52001421230643,44.04583574934456,44.20389523699852,14104800
2017-07-19,44.78343963623047,44.87124896229943,44.22145191008252,44.309261236151485,13312800
2017-07-20,44.89759063720703,45.01174208148621,44.64293892357972,44.906370229185896,8772500
2017-07-21,44.60781478881836,44.9151541098765,44.47610080811704,44.669281983087814,8791900
2017-07-24,44.572689056396484,44.695626792813876,44.440975077658344,44.60781412394431,7639100
2017-07-25,44.93271255493164,44.98540015617183,44.59903446287622,44.704406315645784,10536200
2017-07-26,44.93271255493164,44.950275088678374,44.80099857639739,44.915153370895716,5724500
2017-07-27,44.30048751831055,45.099564550467086,44.07217788071639,45.04687693801193,16508800
2017-07-28,44.16876983642578,44.335612266448095,43.940463550226156,44.07217755582581,8996400
2017-07-31,43.843875885009766,44.34439652834283,43.81753375105914,44.32683398913846,10066600
2017-08-01,44.04583740234375,44.09852501677623,43.74728095331635,44.03705780812749,6066200
2017-08-02,43.703372955322266,44.177551399976586,43.53653388022303,44.13364338310344,8720700
2017-08-03,44.10730743408203,44.265366937784414,43.66825400151138,43.83509309999196,9490100
2017-08-04,43.87021255493164,44.08973924307647,43.791182813211044,44.06339711240675,7025300
2017-08-07,43.58921813964844,43.984366843515396,43.492625862068586,43.905337102742,8280300
2017-08-08,43.11503219604492,43.75605295399875,43.00088075122426,43.50140123916348,14684300
2017-08-09,43.07992172241211,43.36969523067313,42.90429968876608,43.00967156906903,15872400
2017-08-10,42.23693084716797,42.992103143638715,42.19302618219644,42.992103143638715,13391100
2017-08-11,42.3598747253418,42.53549341062827,42.13156507493065,42.30718710992883,11704600
2017-08-14,42.89551544189453,42.99210772495167,42.561837272784594,42.57061686682998,9229100
2017-08-15,42.877960205078125,43.079924383849125,42.82527258681582,42.93064447362854,10663500
2017-08-16,43.24675750732422,43.30822471194655,42.8164837252565,43.000888688834905,9881200
2017-08-17,42.632083892822266,43.299446927624714,42.632083892822266,43.176509163531534,9661600
2017-08-18,42.69355392456055,42.921863580412406,42.42134294605258,42.54427736856738,10248400
2017-08-21,42.939414978027344,42.99209923131437,42.6232960594615,42.71988832343561,7293400
2017-08-22,43.255531311035156,43.33456104207276,43.01844546763333,43.132596918245774,9233000
2017-08-23,43.08869934082031,43.40481831694467,42.974544521728404,43.07991974691087,6895400
2017-08-24,43.194068908691406,43.25553611190826,42.92185796579144,43.08869703884985,7365500
2017-08-25,43.23798751831055,43.41360622783585,43.1589577591393,43.41360622783585,7853300
2017-08-28,43.23798751831055,43.36970155045452,43.06236545907308,43.36970155045452,6211300
2017-08-29,43.42238235473633,43.527754233847915,42.80770691878074,42.92186174181675,7245900
2017-08-30,43.72970962524414,43.86142695999355,43.343343912869365,43.4662783054563,6957400
2017-08-31,44.195106506347656,44.36194555339657,43.764832801196164,43.79995786890462,12958100
2017-09-01,44.449764251708984,44.678073890275684,44.212675019218125,44.212675019218125,8716800
2017-09-05,44.72197723388672,44.8536945868262,44.31804893111575,44.370733192522394,15610700
2017-09-06,44.792236328125,44.9854209388771,44.60783466315929,44.85370689949259,15615600
2017-09-07,45.42445755004883,45.46836221352243,44.809782212285036,44.950279145227235,11516800
2017-09-08,45.292747497558594,45.5561788510151,45.117125478683796,45.48592870358062,10356500
2017-09-11,46.09181594848633,46.19718780037401,45.494703204938176,45.55617039768188,16526300
2017-09-12,46.33770751953125,46.44307942326627,46.07427608533749,46.2235526698194,13352400
2017-09-13,46.364044189453125,46.52210370126893,46.0567081107624,46.11817532650054,14463000
2017-09-14,46.355262756347656,46.662598822853234,45.9425514530014,46.32891727228154,21901600
2017-09-15,42.79892349243164,44.520011879234914,42.57061386680204,44.47610721267886,66367900
2017-09-18,42.438899993896484,43.07991750672122,42.228152904202084,42.92185802687826,29434700
2017-09-19,42.18424987792969,42.588178186697505,42.043752929240384,42.579398592903196,23070700
2017-09-20,42.12278366088867,42.3159648763009,41.87691148262797,42.14912579260135,21257300
2017-09-21,42.12278366088867,42.3159648763009,41.99106630290217,41.99106630290217,15656300
2017-09-22,42.289634704589844,42.526724006190236,42.078887542151996,42.078887542151996,15341900
2017-09-25,42.12278366088867,42.62330426169889,41.83300681320299,42.60574172398658,15663600
2017-09-26,42.07888412475586,42.33353594835414,42.05254198773267,42.23694364631947,18679900
2017-09-27,42.289634704589844,42.465256781669304,42.10523303102705,42.193042394710524,14499200
2017-09-28,42.21937561035156,42.368652155161065,42.157905053987704,42.32474748608248,12997700
2017-09-29,42.45645523071289,42.80769923095385,42.11399417281903,42.31595830055872,44896600
2017-10-02,42.85160827636719,43.02723029445008,42.64964412797085,42.78136147896086,26097300
2017-10-03,42.75502395629883,42.992113222379956,42.62330993050621,42.98333362721191,12710800
2017-10-04,42.939414978027344,43.194063351573455,42.816477237698805,43.018444707668806,15204500
2017-10-05,42.94819259643555,43.05356444787762,42.58816903344025,42.99209725539385,13886100
2017-10-06,42.500370025634766,42.76380139300082,42.342310535272816,42.71111377964298,16340400
2017-10-09,42.465240478515625,42.65842502410732,42.29839806197325,42.465240478515625,10173000
2017-10-10,42.50050735473633,42.720899950472884,42.31537838141941,42.45642950817384,15630500
2017-10-11,42.56222152709961,42.72972206989768,42.4564340115439,42.4564340115439,12588300
2017-10-12,42.51813507080078,42.73852764531017,42.41234757665494,42.553398689824,11715600
2017-10-13,42.853126525878906,42.94128219775918,42.60628795427548,42.6415482052736,10142300
2017-10-16,43.07352066040039,43.11759849796954,42.747340626880536,42.853128109631186,9378100
2017-10-17,43.364437103271484,43.46141036373264,42.94128380910562,43.038257069566775,14191300
2017-10-18,43.708255767822266,43.86693532313881,43.337994504287096,43.63772853174939,12064100
2017-10-19,43.505489349365234,43.78759155292003,43.364438247587834,43.58483080429774,10048600
2017-10-20,43.417335510253906,43.89338426000609,43.33799405196188,43.67299169396419,15501500
2017-10-23,43.47024154663086,43.77878986922809,43.390900068973785,43.44379214546217,14633400
2017-10-24,44.06088638305664,44.20193750676011,43.41734042097681,43.48786766429057,17562400
2017-10-25,43.81405258178711,44.65154519227425,43.76115714347733,43.98154975871476,20635800
2017-10-26,44.210750579833984,44.34298410316051,43.87575293414411,44.17548696177743,16952900
2017-10-27,44.85429000854492,44.93363145626986,44.1049533660487,44.33416348744217,15099500
2017-10-30,44.677982330322266,44.739691981262524,44.290092615422985,44.633904488639764,9049800
2017-10-31,44.871917724609375,45.20691192853449,44.47521052214762,44.72204906460253,14453100
2017-11-01,44.642723083496094,45.10995430434753,44.581013426512854,45.048244647364285,10128000
2017-11-02,44.32535171508789,44.69561297399741,44.18430060762799,44.55456186653752,10389800
2017-11-03,44.2371940612793,44.46640083958386,44.21956225326764,44.39587697046073,15814500
2017-11-06,44.431148529052734,44.56338206839315,44.09615084279359,44.16667472452366,9678000
2017-11-07,44.51047897338867,44.58982042251113,44.1490353413693,44.45758355299927,6796500
2017-11-08,44.5545539855957,44.73086867946443,44.2548200148958,44.369425070348925,7977900
2017-11-09,43.408538818359375,44.27247762260485,42.79143871163402,44.2019503587848,16195400
2017-11-10,43.47905349731445,43.52313134639052,42.976558619413716,43.1969512277184,9944200
2017-11-13,43.54957962036133,43.57602565653844,43.2498455462985,43.28510580689325,6566700
2017-11-14,43.37326431274414,43.487869406257644,43.10879386557191,43.47905181902819,8498900
2017-11-15,43.03824996948242,43.26746006783629,42.95890852973268,43.091145383623214,9425100
2017-11-16,43.37326431274414,43.74352226620042,43.20576378462651,43.293922842300056,11738500
2017-11-17,43.1440544128418,43.399710637410166,43.064712941869686,43.19694984779794,10035100
2017-11-20,43.21457290649414,43.33799220013613,43.126413866090196,43.23220471457493,11525100
2017-11-21,42.870765686035156,43.285101450447314,42.75616060259508,43.19694576344658,18313300
2017-11-22,42.826683044433594,43.047075600167595,42.68562858035726,42.809051236424054,10618900
2017-11-24,43.20576858520508,43.311559466167715,42.92366629515385,43.091166841882405,6008300
2017-11-27,43.09115219116211,43.390886192799435,42.97654712387987,43.144044250735895,13395600
2017-11-28,43.20576858520508,43.37326913193363,43.064717440179464,43.091166841882405,13930600
2017-11-29,42.77379608154297,43.073530151148915,42.49169382343433,43.064712563938166,14377600
2017-11-30,43.24984359741211,43.487868001053194,43.099974885671834,43.099974885671834,24701100
2017-12-01,43.73470687866211,44.078518787133895,43.10879271898659,43.24102625759353,15899500
2017-12-04,42.668006896972656,43.919835197718704,42.63274327536526,43.919835197718704,13473900
2017-12-05,42.30654525756836,42.888381315870845,42.28891345423524,42.703249062334386,17858900
2017-12-06,42.685630798339844,42.8354994927465,41.989192841854766,42.54457968985789,12974500
2017-12-07,42.77379608154297,43.02945230386773,42.57984951799671,42.86195177610535,13482800
2017-12-08,43.72589111328125,43.80523258492041,42.9324797598139,43.10879451489251,14732300
2017-12-11,44.49287033081055,44.51931637331215,43.69064119998668,43.73471905846436,15852800
2017-12-12,44.422325134277344,44.70442735016408,44.03443542816401,44.07851326884812,17464000
2017-12-13,44.12258529663086,44.528106758177415,44.08732168355988,44.36942722520448,17196900
2017-12-14,44.24601364135742,44.43114596643488,44.02562105891067,44.20193579745286,22259300
2017-12-15,42.57984161376953,42.73852452486437,41.433800982580735,42.73852452486437,75176000
2017-12-18,42.059730529785156,43.06472042818861,42.03328448917184,42.69446240790304,25156800
2017-12-19,42.15669250488281,42.6239236991398,42.086168627883595,42.28011181182436,28664300
2017-12-20,42.22722625732422,42.35945980818801,42.13025296893613,42.209594444624166,11432200
2017-12-21,41.68064498901367,42.41234999226275,41.63656714418609,42.41234999226275,18396800
2017-12-22,41.751163482666016,41.78642709630865,41.52195335691217,41.58366299932514,11197300
2017-12-26,41.8128776550293,41.945114539053904,41.65419473936924,41.75998222883472,7650200
2017-12-27,41.768802642822266,41.8481441060245,41.56604187306632,41.654197559769294,8132200
2017-12-28,41.89221954345703,41.91866557536432,41.6982730083404,41.6982730083404,7777600
2017-12-29,41.68064498901367,42.20958921571666,41.68064498901367,41.90103757607559,9750000
2018-01-02,41.10763168334961,42.13906751216164,40.702106714033654,41.93630670896588,25380000
2018-01-03,42.059730529785156,42.377096468844094,41.82170607549095,41.901047560255684,24165000
2018-01-04,42.47404861450195,42.48286283600828,42.068527166748474,42.30655150249677,19815100
2018-01-05,42.72970962524414,42.870760725880025,42.56220913122912,42.68562842392008,14496400
2018-01-08,43.1793098449707,43.25865130089162,42.26247599053416,42.57984181421786,15075000
2018-01-09,43.418270111083984,43.68377046867071,43.29436679325798,43.58641954981752,14153700
2018-01-10,43.188175201416016,43.60412797563636,42.993476704223774,43.24127663302526,13476600
2018-01-11,43.32090377807617,43.38285372693645,42.869550292358134,43.25010190736785,11687800
2018-01-12,43.81651306152344,44.09971723098476,43.41826426675981,43.524463720295465,15978200
2018-01-16,43.88730239868164,44.30325492211939,43.75455058770655,44.11740171155051,17152600
2018-01-17,44.489112854003906,44.50681332375678,44.117409741232315,44.170511150490945,23183100
2018-01-18,44.453704833984375,44.85195689994264,44.33865348692557,44.41830390011723,17119200
2018-01-19,44.76346969604492,44.78116679160683,44.489117450558744,44.69266780971826,14011500
2018-01-22,44.87851333618164,44.905065728983764,44.48911312728463,44.63071351015804,16840000
2018-01-23,45.241363525390625,45.37411535840011,44.754612431054746,44.91391328025839,14141400
2018-01-24,45.533424377441406,46.020175559112644,45.321022081719796,45.453773938548295,17205600
2018-01-25,45.66617965698242,46.06443191073934,45.61308160716181,45.61308160716181,13904300
2018-01-26,46.68392562866211,46.68392562866211,45.807770847054634,45.89627320561183,14909200
2018-01-29,45.96706771850586,46.719322508726556,45.91396968400946,46.613119687694784,12234900
2018-01-30,45.09977340698242,46.01132922394267,44.913923499299116,45.79007836926632,16863500
2018-01-31,45.657325744628906,45.887425144206105,45.01127366487054,45.01127366487054,16806800
2018-02-01,45.69271469116211,46.002464450788466,45.365261086963756,45.45376342972784,11674100
2018-02-02,44.36521530151367,45.49801841779566,44.28556487139887,45.356418028260414,17562200
2018-02-05,42.559810638427734,44.86966988962937,42.53326161862719,44.28556782187883,19725800
2018-02-06,43.71916961669922,43.81651715552439,41.42701065959983,41.88721283594636,25921200
2018-02-07,43.250118255615234,44.11742124351271,43.20586875770603,43.54217101865249,15138000
2018-02-08,41.45356369018555,43.47137057112567,41.42701466575857,43.44482154669869,21255400
2018-02-09,42.24120330810547,42.61290641623465,40.639346263680416,42.10845485064598,23191000
2018-02-12,42.61289978027344,42.91380096341709,42.232348184650036,42.67484972597782,16261600
2018-02-13,42.913818359375,43.08196779787545,42.276614801234,42.48901373660086,12633100
2018-02-14,43.76341247558594,43.825362434544346,42.60405697389937,42.64830646229544,14271400
2018-02-15,44.81657409667969,44.86082359390538,43.74572073412478,43.984672070367814,14132500
2018-02-16,44.87851333618164,45.25906499815756,44.68381491974285,44.736912953308234,11098800
2018-02-20,44.15281677246094,44.524519936516064,43.94926640624831,44.42716902745354,14144900
2018-02-21,43.745697021484375,44.55104958811827,43.745697021484375,44.13509711242197,13050800
2018-02-22,43.88730239868164,44.30325492211939,43.728001575919045,43.88730239868164,9513200
2018-02-23,44.69267272949219,44.75462269883759,43.91386877426689,44.06432111126297,8866800
2018-02-26,45.28562545776367,45.36527590425734,44.692674759659894,44.77232520615357,12956000
2018-02-27,44.896236419677734,45.4891906426366,44.72808693532699,45.19713780684616,14339600
2018-02-28,44.84312438964844,45.57767889327249,44.84312438964844,45.18827858023126,14947900
2018-03-01,43.99351501464844,45.09976918445565,43.736863237008414,45.09976918445565,16539800
2018-03-02,44.533363342285156,44.60416522288956,43.50675970565771,43.65721201393232,17291000
2018-03-05,45.39181137084961,45.568812672142734,44.117404702354364,44.16165755969191,18771500
2018-03-06,45.57767105102539,45.834322824470085,45.329871201365556,45.63077246567525,13907100
2018-03-07,45.77236557006836,45.85201599134418,45.161711214947346,45.1882636060521,11727300
2018-03-08,46.135231018066406,46.16178004136899,45.55112887326767,45.967078201095994,15864400
2018-03-09,46.87863540649414,46.90518443056229,46.19718232190881,46.329930818269894,16218600
2018-03-12,46.816680908203125,47.294580175343015,46.613127156619434,46.887479424215684,14108400
2018-03-13,46.53348159790039,47.32998265292105,46.32107929094947,47.117583721990265,12864400
2018-03-14,46.303367614746094,47.037921898545896,46.17946770567608,46.798970627045456,10885500
2018-03-15,46.347618103027344,46.61311839621174,46.11751874920604,46.214869644444846,14155200
2018-03-16,46.259124755859375,46.63082453631323,46.241424284025406,46.374176134770245,21011500
2018-03-19,45.975929260253906,46.53348237124854,45.58652558704233,46.40073050519547,25777400
2018-03-20,41.639404296875,42.25890727772091,41.09070320002046,41.41815347343143,68601000
2018-03-21,41.61286544799805,42.53326990870214,41.604013522326014,41.85181680083587,34597700
2018-03-22,40.6128044128418,41.61285917370585,40.4712040076237,41.34735883592441,25610100
2018-03-23,39.6392936706543,40.95794653252849,39.612741279274395,40.69244625086422,21398900
2018-03-26,41.13495635986328,41.27655676446099,40.17030254853517,40.31190295313288,20754800
2018-03-27,40.16145324707031,41.435856864549564,39.82515102645028,41.26770744224949,18925300
2018-03-28,39.807456970214844,40.14375924503876,39.39150424545948,40.07295734464618,22156900
2018-03-29,40.48889923095703,40.966801802616295,39.8339953317181,40.09949901109737,14256400
2018-04-02,39.83400344848633,40.57740647498471,39.31185128254079,40.400408487358604,15343300
2018-04-03,39.7277946472168,40.117198230957825,39.1967940570492,40.117198230957825,15734600
2018-04-04,40.2765007019043,40.373851609912094,38.975548081856,39.00209710185091,18505900
2018-04-05,40.67477035522461,40.869472254881344,40.31191896333242,40.471219903774966,12313000
2018-04-06,39.67470932006836,40.48891093588484,39.47115554009374,40.276508606182,13893600
2018-04-09,39.73664855957031,40.40040101852069,39.718948088875955,39.92249843783172,15200000
2018-04-10,40.55085372924805,40.772104569488825,40.23225197913814,40.31190241666562,14868900
2018-04-11,40.36500930786133,40.701311575921096,40.14375843761523,40.179159387099496,14911400
2018-04-12,40.60395431518555,40.86060271883661,40.40040395145272,40.435801519391596,13970300
2018-04-13,40.78096389770508,41.17921278162709,40.36501116220727,40.98451430256004,12493600
2018-04-16,40.92314910888672,41.2252962787438,40.523247944370226,40.90537534713061,11639000
2018-04-17,41.46522521972656,41.70516585039977,41.22528458905335,41.243058345769605,10762700
2018-04-18,41.838478088378906,42.02509749688737,41.483009642649925,41.483009642649925,11312900
2018-04-19,41.607425689697266,41.86514016260193,41.50078650401204,41.75850097691671,8563200
2018-04-20,41.08310317993164,41.42968300523315,40.8609362775591,41.296384897808366,15675600
2018-04-23,40.70097732543945,41.29638640837607,40.62988567687871,41.216406184996465,14904400
2018-04-24,40.461036682128906,41.20751763750084,40.23886977148247,40.816505095162405,13357000
2018-04-25,40.65653991699219,40.736520131117324,40.0344719615742,40.36327800186748,12637500
2018-04-26,40.843177795410156,41.065344780881276,40.78985988849656,40.95870557705491,12175800
2018-04-27,40.461036682128906,40.985350726854406,40.4077187931725,40.985350726854406,14420800
2018-04-30,40.58544158935547,40.89647723679364,40.48769101558646,40.576556406284595,13896600
2018-05-01,40.83428192138672,40.83428192138672,40.33662678376652,40.33662678376652,8838000
2018-05-02,40.44325637817383,40.9497999712798,40.407712254620456,40.78095097691199,10715200
2018-05-03,40.04335403442383,40.33661251194111,39.536813890532734,40.309953574893285,15370200
2018-05-04,40.62099075317383,40.80761011522576,39.81230346095129,39.9278311855538,10571800
2018-05-07,40.940914154052734,41.091989401815574,40.68319974845582,40.82538642223383,9006000
2018-05-08,40.82538604736328,40.86982213688402,40.47880624508665,40.77206816393468,9830600
2018-05-09,41.394134521484375,41.48299991708322,40.86093197789866,41.08309885689332,11822400
2018-05-10,41.705169677734375,41.85624153869038,41.42079632417198,41.58964194347535,10974200
2018-05-11,41.607425689697266,41.900687687829866,41.44746521617014,41.86514016260193,9498100
2018-05-14,41.607425689697266,41.998438297208814,41.491897927705764,41.59854050338958,9689500
2018-05-15,41.59852981567383,41.60741499969869,41.100874760338655,41.331926834959944,11304900
2018-05-16,41.52742385864258,41.70515800236179,41.27859809143378,41.70515800236179,9874200
2018-05-17,41.35859298706055,41.82070056898278,41.25195042892601,41.49189109973167,10162300
2018-05-18,41.163089752197266,41.58076467790774,41.091998095266916,41.491895869246775,13517300
2018-05-21,41.954002380371094,42.02509742539528,41.314163925145074,41.34970805765884,13416300
2018-05-22,41.207515716552734,42.24725857270789,41.15419783008182,41.980658970359706,18505100
2018-05-23,41.67850875854492,41.7407152148116,40.89648037833833,40.949801650851605,9204400
2018-05-24,41.2874870300293,41.71404697977165,41.003113730201065,41.46522118992123,12497700
2018-05-25,41.767372131347656,41.91844397781546,41.30526462862667,41.31415320194681,11354300
2018-05-29,41.1097526550293,41.58963386722738,40.91424813116858,41.36746701602424,12427800
2018-05-30,41.81180953979492,41.97176997760905,41.260836581767265,41.438570778227174,11906500
2018-05-31,41.5185432434082,41.918440873263485,41.50965467074637,41.70516258934029,13062400
2018-06-01,42.078399658203125,42.08728823052212,41.67850204377225,41.83846244554343,10863200
2018-06-04,42.0517463684082,42.27391324625905,41.971766156781996,42.19393303463284,12178400
2018-06-05,41.882896423339844,42.140607398554565,41.59852312034643,42.06063058521002,13430900
2018-06-06,42.43387222290039,42.48719349216593,41.85623700418132,42.140610326936034,13299100
2018-06-07,42.37166976928711,42.68270206102985,42.14061430399445,42.593836660531274,13714100
2018-06-08,42.81601333618164,42.993747567792724,42.131738747978005,42.131738747978005,14515400
2018-06-11,42.82489013671875,43.002624333527685,42.62938557122697,42.789346009355235,12521100
2018-06-12,43.055946350097656,43.18035927300436,42.7982319297921,42.84266463225909,14713600
2018-06-13,42.89598846435547,43.25145349526281,42.73602801394783,42.75380177399291,18053300
2018-06-14,40.78986358642578,41.785170822369224,40.576581769438164,41.77628224374502,37001300
2018-06-15,41.127540588378906,41.31416338412435,40.158892647598236,40.76318696239709,28120400
2018-06-18,41.3408088684082,41.41190049935276,40.39882018091323,40.7187409951567,21474100
2018-06-19,41.11863708496094,41.24304996670112,40.67430342731925,40.736509868189344,22764900
2018-06-20,38.05274963378906,39.80342604116736,37.83058271468007,38.665929110130556,59129000
2018-06-21,38.30156326293945,38.959178625025736,38.19492412503254,38.37265828154211,32635100
2018-06-22,39.19023895263672,39.36797314677521,38.354892647182915,38.39044016401017,29735100
2018-06-25,39.350189208984375,39.51903817523594,38.64814457824362,38.71923620350987,24640500
2018-06-26,39.465736389160156,39.85674899607196,39.43018886398674,39.51016910062763,20717500
2018-06-27,38.61259460449219,39.7589762274165,38.60370603315353,39.60790102462963,26360100
2018-06-28,38.95918273925781,39.11914315800912,38.532622752586796,38.66592084154793,20918400
2018-06-29,39.154701232910156,39.572372758984095,38.87921301741592,39.13692747158811,22144900
2018-07-02,39.94560623168945,39.963379989124846,38.89697827298455,39.06582388362437,20655500
2018-07-03,39.74121856689453,39.98115924024541,39.56348435811631,39.98115924024541,16783300
2018-07-05,40.35438537597656,40.407706638892435,39.98114670555649,40.12333335000181,21916200
2018-07-06,40.87871170043945,41.04755733271589,40.22998472590616,40.39883035818259,20764300
2018-07-09,41.52742385864258,41.58074511875739,40.93201837567957,40.994224817481765,25125700
2018-07-10,41.75848388671875,42.087289885512604,41.48299576394719,41.616297233997315,27422000
2018-07-11,42.33610916137695,42.44274828699848,41.5096483103176,41.60740225463595,22802600
2018-07-12,42.789337158203125,42.83376985071481,42.433868838115345,42.46941634812355,24857900
2018-07-13,43.215904235839844,43.375864667261645,42.50497086840832,42.62938378395913,25771400
2018-07-16,43.23375701904297,43.37650144035509,42.778760239640405,43.37650144035509,22949600
2018-07-17,43.62629699707031,43.70659092885072,42.957182033331776,43.082082948702485,18823100
2018-07-18,43.39434051513672,43.71551628132263,43.18022560654285,43.52816488547922,19234700
2018-07-19,43.21589279174805,43.46569796157706,43.01069799733788,43.18020925602432,16656500
2018-07-20,43.28727722167969,43.4567851183923,43.144532834107316,43.26051371253945,17232900
2018-07-23,43.42109680175781,43.42109680175781,42.86796274276514,43.3764898201655,17990200
2018-07-24,43.42109680175781,43.804722969381885,43.322962803572544,43.49247069494115,19885500
2018-07-25,43.67089080810547,43.68873427681836,43.269421270299624,43.287264739012514,16354900
2018-07-26,43.59953689575195,43.867182242402144,43.50139947454466,43.58169341886924,15229900
2018-07-27,43.38542175292969,43.82257502273733,43.16238339800471,43.70659752854889,14856100
2018-07-30,42.58246994018555,43.34080216854996,42.34158817846703,43.34080216854996,20167300
2018-07-31,42.537872314453125,42.89473501840693,42.279147024251365,42.734147141957216,18808100
2018-08-01,42.243446350097656,43.019621968556486,42.06501845937935,42.74305329267294,22933600
2018-08-02,42.7341423034668,42.88580672333352,41.60110726048837,41.96688995914325,14227400
2018-08-03,43.24265670776367,43.25157674025439,42.734129773452686,42.751969838434135,14295800
2018-08-06,43.42109680175781,43.5013907299418,43.019630564132456,43.0820810190206,13529300
2018-08-07,43.251590728759766,43.67090386060414,43.242670693384106,43.6619804219338,11608000
2018-08-08,43.17129135131836,43.37648617202089,43.05531048629719,43.198054857363914,10849400
2018-08-09,43.30513000488281,43.45679446034049,43.0642481609541,43.0642481609541,14708000
2018-08-10,43.108848571777344,43.46571126458569,43.02855463606021,43.15345555755467,10502200
2018-08-13,42.832271575927734,43.349722040639115,42.796588036146495,43.126683751358875,12152100
2018-08-14,43.02853775024414,43.13559515475585,42.769812569655116,42.93040037806944,11513700
2018-08-15,42.68061065673828,43.05531337973416,42.404041930269074,42.91256899907461,14091000
2018-08-16,42.91257095336914,43.22482664004739,42.85904393524317,42.94825790098288,11874300
2018-08-17,43.14453125,43.26943215912809,42.81443550397654,43.01070690262303,11412000
2018-08-20,43.198062896728516,43.35865076947653,43.05531849909638,43.180222824907524,11936700
2018-08-21,43.18913269042969,43.39432750099967,43.15344574860166,43.34080049155173,10187600
2018-08-22,43.53708267211914,43.63522008485956,43.037478975687826,43.12669294910915,11639400
2018-08-23,43.679832458496094,44.01885172523843,43.43003057947299,43.5370880414407,11026700
2018-08-24,43.947471618652344,44.06345250468683,43.6887497389837,43.71551324987825,14011700
2018-08-27,44.00992202758789,44.34001778145199,43.97423508033377,44.081292518801526,12253300
2018-08-28,43.39434051513672,44.09914251278968,43.35865356260604,44.063455560259,15475700
2018-08-29,43.61736297607422,43.804714303675716,43.39432470894085,43.39432470894085,17307700
2018-08-30,43.16238021850586,43.6173769315862,43.099929755990814,43.6173769315862,15154900
2018-08-31,43.34080505371094,43.38541203404436,43.13560681824719,43.1623737290828,17844100
2018-09-04,43.34080505371094,43.56384335867249,42.96609893166241,43.144530256290544,17289000
2018-09-05,42.85905075073242,43.260520466992496,42.63601239762074,43.18914656041507,16437700
2018-09-06,42.56462478637695,43.01962478607231,42.39511691777532,42.778743033873724,18456100
2018-09-07,42.65384292602539,42.81443076378047,42.22560982644321,42.34158728448199,20513900
2018-09-10,43.590599060058594,43.7601069162881,42.82334688386238,42.82334688386238,20390600
2018-09-11,43.644134521484375,43.76011539468808,43.287275270288006,43.287275270288006,14877200
2018-09-12,44.018836975097656,44.13481783862128,43.37648561194429,43.492466475467914,17058700
2018-09-13,43.679832458496094,44.384634506648844,43.60846195161607,43.965321292606895,22124400
2018-09-14,43.938541412353516,44.11697271803712,43.66197271837923,43.66197271837923,20066100
2018-09-17,43.8760986328125,44.55413362893781,43.813648175404694,43.99207951226757,29225000
2018-09-18,43.74226379394531,44.19726376404298,42.252369805364246,42.38619072346237,33451100
2018-09-19,44.099124908447266,44.19726228708271,43.412166661292936,43.64412495355454,20904800
2018-09-20,44.99128341674805,45.57118432285879,44.215111132793524,44.30432508605941,26973500
2018-09-21,45.58903884887695,45.6068823258478,44.91992377729874,45.34816041800861,50751900
2018-09-24,45.71393966674805,46.035112017600625,45.24109607167748,45.330313449660125,23906100
2018-09-25,46.14216995239258,46.329521329362485,45.473054974675954,45.847757728615775,18665800
2018-09-26,46.0618782043457,46.49011140200654,45.99942774239276,46.16893565293718,18131000
2018-09-27,46.11539840698242,46.40981060118699,45.7942261087062,45.99942093953313,17993500
2018-09-28,45.999420166015625,46.400886382933535,45.93696971434865,45.98157669364015,16234200
2018-10-01,46.21354675292969,46.38305808185682,45.624725628324654,45.696099535935076,19217800
2018-10-02,44.81285858154297,46.21353895061333,44.723644615387336,46.079718001379874,22406800
2018-10-03,44.38462448120117,44.69687675944957,44.241880096388385,44.241880096388385,21207600
2018-10-04,44.134822845458984,44.411388177851464,43.86717414491909,44.32217421320123,19034000
2018-10-05,44.027767181396484,44.40247336423937,43.82257231593526,44.090217644654466,16900200
2018-10-08,44.036685943603516,44.28648777010315,43.62629625626994,43.956392013186544,16295800
2018-10-09,43.59953689575195,44.07238052490569,43.563853345281764,43.813655215049245,19009800
2018-10-10,42.288055419921875,43.6976554521626,42.261288514505786,43.54599106907772,20885400
2018-10-11,41.734920501708984,42.7252109770985,41.47619869186093,42.225607424321055,26387600
2018-10-12,42.27021408081055,42.600309769030474,41.6278627711554,42.28805755088918,23152800
2018-10-15,42.20751190185547,42.655384491611564,41.98357560697742,42.064192809813385,15693400
2018-10-16,43.20180130004883,43.37199170013737,42.52103628269702,42.61060945811255,13600200
2018-10-17,42.870384216308594,43.21076849514173,42.4852133416549,42.4852133416549,15071100
2018-10-18,42.440406799316406,43.12117162003256,42.2164705084629,42.61059715024629,15084800
2018-10-19,42.62852096557617,43.21075680471766,42.413540580001644,42.547903748110386,17768400
2018-10-22,42.94203567504883,43.43469840651606,42.73601463143422,42.86141844780853,16480200
2018-10-23,42.98683166503906,43.28242592806903,42.207530554236556,42.24336119733055,18921500
2018-10-24,41.88505172729492,43.26450040826804,41.831309192320255,42.888288995455774,20028200
2018-10-25,42.95994186401367,43.25553944007195,42.350834813648426,42.47623860337121,19349300
2018-10-26,42.38666534423828,43.05847428788153,41.84026019002225,42.31500750042143,23088700
2018-10-29,42.117942810058594,43.076389971152686,41.508835755924416,42.825582390155205,19248700
2018-10-30,43.50634765625,43.55113423652118,42.02836658832176,42.171689112384804,24438200
2018-10-31,43.74819564819336,44.29460076620734,43.5242593484825,43.936301319871255,21082900
2018-11-01,43.524253845214844,44.10648951764309,43.3003175738188,43.855678570122016,17764900
2018-11-02,43.7392463684082,43.90943675201778,43.210756483834246,43.82881953515066,17289300
2018-11-05,43.909427642822266,44.00796015599635,43.44363975499714,43.89151232979093,13125800
2018-11-06,44.1154670715332,44.31253218031748,43.73925559148831,43.98110387608974,12362700
2018-11-07,45.02014923095703,45.23512956802613,44.312513167305276,44.411045679420425,14329800
2018-11-08,45.17243957519531,45.235141478141855,44.849970693186,44.98433386635569,11966600
2018-11-09,45.333675384521484,45.52178109903876,45.06495244706858,45.1634815711032,15316100
2018-11-12,44.08858871459961,45.12765321913357,43.990056176040774,44.93954409234058,14374400
2018-11-13,44.348350524902344,44.78726724740574,44.10650228872399,44.31252330802238,13550600
2018-11-14,43.74819564819336,44.76038867964554,43.65862249510772,44.76038867964554,16094000
2018-11-15,45.35158157348633,45.40532409996018,43.9363024817294,44.82309175551337,24922800
2018-11-16,45.835289001464844,46.08610002894442,45.16347997310413,45.26201251064996,20929600
2018-11-19,44.384178161621094,45.77258266913554,44.249818419150266,45.727796088311926,19520500
2018-11-20,43.2913818359375,43.954231595186634,42.95995353931501,43.59593202689127,19389600
2018-11-21,43.55112838745117,44.052746903311565,43.4705111869914,43.67653216216712,13859500
2018-11-23,43.62278366088867,43.998994933472744,43.03159207754504,43.03159207754504,7807300
2018-11-26,43.228668212890625,44.03484037837856,43.085349096470246,44.03484037837856,21603800
2018-11-27,42.4941520690918,42.97785530868145,41.911919725434785,42.92410936528365,28054600
2018-11-28,43.16596221923828,43.21970816417274,42.43145139011883,42.753920225731655,29352900
2018-11-29,42.90619659423828,43.33615388167614,42.49415120390482,43.33615388167614,17052100
2018-11-30,43.676536560058594,43.7481978196815,42.73600473798805,43.076388887202974,22884500
2018-12-03,44.63499069213867,44.89475423660298,44.07962613653188,44.28564714896773,21966600
2018-12-04,43.66758728027344,44.984334082471634,43.63175664498972,44.35731163299642,24643500
2018-12-06,41.81340026855469,42.789763001523426,40.89078349577614,42.77184768146003,39877000
2018-12-07,41.20427322387695,42.13584891684371,41.0340828906796,41.88503797366265,23978000
2018-12-10,41.80442810058594,42.17168692394354,40.61308872560965,41.213236387493126,26375500
2018-12-11,41.61632537841797,42.21647649991839,41.25802931240016,42.08211333953852,22680200
2018-12-12,42.38666534423828,43.094304918288444,42.10898308408015,42.198559660097445,21404000
2018-12-13,42.30605697631836,42.59269524548733,41.876099572564904,42.52999333766898,23295400
2018-12-14,41.74171829223633,42.12688894013218,41.57152796151341,41.90295267586698,21434300
2018-12-17,40.962432861328125,42.306050834366644,40.78328311485688,41.58049589880685,30441100
2018-12-18,41.06991958618164,43.30032682952777,40.70266415926889,43.085346459555815,42855600
2018-12-19,41.60737991333008,42.49416606090123,40.980357368553705,41.258039708711266,34397300
2018-12-20,41.419254302978516,42.05523249431041,40.73848612372484,41.249060549666936,35165200
2018-12-21,39.41279983520508,41.39239646139388,39.28739601881269,41.275952013028224,58768400
2018-12-24,38.2393684387207,39.25156165890909,38.23041248854089,39.20677507401525,17230400
2018-12-26,39.94126892089844,39.959184230594474,37.979588638627675,38.517034261525,21428900
2018-12-27,40.28165817260742,40.38914662766743,38.92908116036709,39.36799776210639,19048700
2018-12-28,40.147308349609375,40.99826715866306,40.07565049481404,40.43394660278572,39141200
2018-12-31,40.442909240722656,40.75641878767489,40.16522691556655,40.478736462518775,14932600
2019-01-02,40.505611419677734,40.61309991977701,39.81588699479493,39.842758265570296,14320400
2019-01-03,40.11147689819336,40.75641466322646,39.78005206538355,40.084605630316126,19868700
2019-01-04,41.84027099609375,42.05525141706118,40.532483401452346,40.63997190343712,20984000
2019-01-07,42.503108978271484,43.09430065349079,41.62527912215777,42.03732108006891,17967900
2019-01-08,42.88827896118164,43.31823622537185,42.27917198266303,42.933065535514594,16255700
2019-01-09,42.798709869384766,43.201795942764754,41.75068949559398,41.77756076148692,19100200
2019-01-10,42.83454895019531,42.97786809155322,41.99254942184231,42.44042216571052,16652700
2019-01-11,43.25553894042969,43.55113309607658,42.43145153363222,42.70017442521948,16397400
2019-01-14,43.15700912475586,43.30032823706359,42.655390523180216,42.86141153356026,14869400
2019-01-15,43.50773239135742,43.64262408489457,42.63541836494342,42.68937710067358,12142100
2019-01-16,43.2199592590332,43.876441771996696,43.21096442116322,43.68759134303299,14114000
2019-01-17,43.687591552734375,43.9843560238839,42.99513654601814,43.174992137975174,12711200
2019-01-18,44.3081169128418,44.577903824673406,43.948398743381844,44.01134890845833,15930600
2019-01-22,44.01133728027344,44.21817397238048,43.759536686495444,43.92140947693152,13318700
2019-01-23,44.281131744384766,44.4969598650527,43.91242222692809,44.23616440793,15551200
2019-01-24,44.24515151977539,44.4519881953429,43.94838361753145,44.29910682525572,11442200
2019-01-25,44.784725189208984,44.87465641594863,44.46997447193405,44.60486616625523,16656600
2019-01-28,44.53292465209961,44.72177508262024,44.254142994765196,44.46997450859273,11799100
2019-01-29,44.61386489868164,44.892643149596175,44.23616057445516,44.4160196131094,10838600
2019-01-30,45.288326263427734,45.414226540596836,44.60486271518797,44.8386804560951,13483800
2019-01-31,45.171417236328125,45.41422638310877,45.02753071570166,45.18041207353773,20403600
2019-02-01,45.693016052246094,45.95380805825259,45.22538392035127,45.43222061571374,14849600
2019-02-04,45.89085388183594,46.08869915157184,45.30631634115573,45.30631634115573,12221200
2019-02-05,46.0797004699707,46.19660590133676,45.764946369575505,46.01674690547165,13345500
2019-02-06,46.097694396972656,46.30453452193124,45.836902392138406,46.034744247820335,9220900
2019-02-07,45.16243362426758,45.854888696333,45.11746629150909,45.67502965687658,14905000
2019-02-08,45.89085388183594,45.89085388183594,44.802711759339594,45.045520927508505,11535600
2019-02-11,46.07071304321289,46.29553596657262,45.81891246681817,45.827903874321315,9714500
2019-02-12,46.06172561645508,46.3584901170636,46.03474453056277,46.2775537204384,14188500
2019-02-13,46.2415771484375,46.35848602892557,45.8189123860239,46.08869920747473,11342600
2019-02-14,46.29553985595703,46.53834904524751,45.94481661493495,46.079711752493836,11155300
2019-02-15,46.51136016845703,46.51136016845703,45.92681928743132,45.98077801554178,13822200
2019-02-19,46.781150817871094,46.925037340876784,46.079704447034,46.295532516279884,12357500
2019-02-20,46.55633544921875,46.952022593918926,46.31352625910983,46.763172145120606,13440900
2019-02-21,46.862091064453125,47.07791915149037,46.322513985808826,46.43043145985304,14759500
2019-02-22,47.19482421875,47.30273825354684,46.94302366071559,47.11388783502104,11689700
2019-02-25,47.26677703857422,47.689441841046545,47.1768458025502,47.43764124123104,14722200
2019-02-26,47.30274200439453,47.55454601292093,46.97899987433302,47.176841715394126,12041300
2019-02-27,47.10491180419922,47.338726194335166,46.99699430365054,47.23081212431291,10674200
2019-02-28,46.88008117675781,47.2218095811732,46.808136188127705,46.94303132654622,31856900
2019-03-01,47.2218017578125,47.41964701324187,47.09590147909392,47.2128103509863,15757700
2019-03-04,46.799137115478516,47.52756113817144,46.37646895281204,47.36568837078961,14850100
2019-03-05,47.0869140625,47.293750742283294,46.78115474661913,46.79914099232102,16291900
2019-03-06,47.07792282104492,47.437640901513184,46.88008096426065,47.04195375741878,12389300
2019-03-07,47.284759521484375,47.77936927340051,46.93403287470052,46.94302771284979,16624100
2019-03-08,47.455631256103516,47.46462266515684,46.88008502195867,47.077926895867115,15071100
2019-03-11,47.35669708251953,47.82432914162399,46.68222836024826,46.70920601137101,20027700
2019-03-12,47.48261642456055,47.92327100945113,47.2847745193576,47.36570750521787,18048500
2019-03-13,47.71642303466797,48.08513252688282,47.42864993979423,47.71642303466797,19490800
2019-03-14,47.707427978515625,48.02218215808689,47.52756893740717,47.64447782870654,24000300
2019-03-15,47.60850143432617,48.01318338603748,45.86387676870201,46.223594821451094,43340200
2019-03-18,48.076133728027344,48.52577958054655,47.46461509415918,47.54555148483366,21953600
2019-03-19,48.59773254394531,48.903491911088835,48.33693708333222,48.381900989862636,19214000
2019-03-20,47.338714599609375,48.73261605028551,47.221805717912815,48.46282922604587,24111600
2019-03-21,48.59773254394531,48.60672395304093,47.07792711732333,47.32973116884081,16686300
2019-03-22,47.455631256103516,48.45384575680367,47.4286535984174,48.22002795510348,16201500
2019-03-25,47.42864990234375,47.608505513603404,46.97000917426432,47.26677710778935,11755900
2019-03-26,47.91425704956055,48.14807479494725,47.71641522330102,47.923251886973674,11657600
2019-03-27,47.49158477783203,48.24698976595225,47.04193903324916,47.91424944498308,12636000
2019-03-28,47.83331298828125,47.93223560079672,47.47359845157247,47.662448840633935,9103100
2019-03-29,48.30095672607422,48.32793781002289,47.887283364467876,48.08512863763857,11485700
2019-04-01,49.08335494995117,49.14630511030625,48.42686882534572,48.45384991587393,15191700
2019-04-02,48.6966552734375,49.01140605017309,48.45384606115882,48.9304696460802,10812100
2019-04-03,48.615718841552734,48.9124833693729,48.435859784723995,48.70564665470401,12853400
2019-04-04,48.39987564086914,48.69664352780471,48.03116620682896,48.435848129684125,9978800
2019-04-05,48.49880599975586,48.73262035326868,48.327941796439795,48.327941796439795,10016300
2019-04-08,48.30995559692383,48.49880604770079,47.95923235104493,48.31894700530687,10126700
2019-04-09,48.40886306762695,48.65166875364461,48.085117578903656,48.11209522612232,9789000
2019-04-10,48.75213623046875,48.92376563056899,48.417905659799516,48.435972456529406,8477300
2019-04-11,48.589534759521484,48.95086032859354,48.345638191306186,48.824396207123876,8147600
2019-04-12,49.23088455200195,49.23088455200195,48.6617926281117,48.869555580604356,9014000
2019-04-15,49.34833908081055,49.45673644241047,49.059277152617426,49.23090659564147,7694900
2019-04-16,49.31219482421875,49.6012566899589,49.07733335051334,49.38445856770916,7265200
2019-04-17,49.21282196044922,49.5289856988871,49.13152310723819,49.39348646157247,7792200
2019-04-18,49.248966217041016,49.38446203781492,48.987002805966185,49.17669902258334,8233000
2019-04-22,49.339290618896484,49.39349100798895,48.9598982329164,49.1405627506689,6088100
2019-04-23,49.628360748291016,49.80902529618322,49.429632846910266,49.45673132303273,10923400
2019-04-24,49.84514617919922,50.16130647293931,49.64641488262616,49.682548472164676,8769800
2019-04-25,49.69158172607422,49.88128135423672,49.30315768679963,49.81804929347884,8226100
2019-04-26,50.05290985107422,50.12517703116316,49.691580842407134,49.8812804671962,7101600
2019-04-29,49.754817962646484,50.12517865789978,49.754817962646484,49.944514147703046,6443000
2019-04-30,49.98064041137695,50.02580567083234,49.53801259858201,49.73674387525179,10562300
2019-05-01,49.57415008544922,50.06193975019489,49.50188290792323,49.97160922417609,7792700
2019-05-02,49.32123565673828,49.72773005774396,49.19477149773427,49.51093534113419,9652200
2019-05-03,49.492855072021484,49.70061805468842,49.38445429732565,49.50188674696833,11066500
2019-05-06,49.547061920166016,49.68256119268374,48.62567927224822,48.68891134718592,9305400
2019-05-07,48.77923583984375,49.35735956512185,48.46307550442267,48.95990036546546,11712400
2019-05-08,48.770206451416016,49.167665669712264,48.60760871531996,49.09539847771874,10729800
2019-05-09,49.00506591796875,49.09539645835586,47.94818412270483,48.29144293288722,10711800
2019-05-10,49.366397857666016,49.6554597388728,48.33661102924123,48.57147596140265,11200300
2019-05-13,48.26433563232422,48.734061937379785,48.228202044422574,48.52629897577823,10664700
2019-05-14,48.896671295166016,49.339295791883146,48.201115068721094,48.45404335255946,11520800
2019-05-15,49.285091400146484,49.51092117543803,48.63470054462239,48.69793260603291,8573000
2019-05-16,49.35736083984375,49.81805556437164,49.27606197350878,49.601257438848634,10013800
2019-05-17,49.23088455200195,49.61027687066982,48.95085442687439,48.95085442687439,9057100
2019-05-20,48.47210693359375,49.104431047110026,48.354674475653354,48.7340703221188,9820200
2019-05-21,48.932796478271484,49.02313046039289,48.80633234919059,48.96893007112005,8482000
2019-05-22,48.959896087646484,49.27605639544339,48.815365168955196,48.986994558060815,8389700
2019-05-23,47.94818115234375,48.52630484514098,47.43328607718914,48.52630484514098,11213900
2019-05-24,47.66815948486328,48.300483678872546,47.505561736521194,48.2191848047015,9090700
2019-05-28,46.746768951416016,48.12884623512113,46.746768951416016,47.94818515047445,28230400
2019-05-29,46.69256591796875,46.80096669769374,46.1144422096586,46.45770445367617,12448700
2019-05-30,46.71965789794922,46.99968457128391,46.48479303772642,46.90935405328337,8569500
2019-05-31,45.707942962646484,46.394467376517326,45.6266441095799,46.286070054391466,11847100
2019-06-03,45.38276290893555,46.14155125477083,45.06659908806855,45.67182480774045,17434400
2019-06-04,46.990657806396484,47.18938910182282,45.73504486723278,45.8795757786641,17073200
2019-06-05,47.062931060791016,48.09271788970719,46.83710125062236,47.6771884201209,15855300
2019-06-06,47.50556564331055,47.6410649267021,46.846142918977506,47.05390595985861,10266900
2019-06-07,48.11077880859375,48.255309741955436,47.67718600850871,47.695252805915075,11591800
2019-06-10,48.788272857666016,49.14960194847404,48.390813614488856,48.49017928675554,12984600
2019-06-11,48.72502899169922,49.33025455544841,48.63469846380293,49.23088890722923,11288400
2019-06-12,48.435977935791016,48.824405494701175,48.264348516275405,48.49017833211204,10235400
2019-06-13,48.634708404541016,48.761172547800086,48.27337932732412,48.761172547800086,11289100
2019-06-14,48.128841400146484,48.62566967068192,48.128841400146484,48.42693836246775,12973000
2019-06-17,47.99333953857422,48.37273186536769,47.830741842551724,48.18303570197096,15207900
2019-06-18,47.78558349609375,48.41790413224485,47.34295560489896,47.74944990377397,20999700
2019-06-19,47.58685302734375,47.99334733342082,47.19842551774667,47.65008509207917,35449500
2019-06-20,51.480167388916016,51.91376023069805,50.16131861853654,50.56781298454769,54173900
2019-06-21,50.69427490234375,51.6246960649215,50.64007795318642,51.615660942802315,45169000
2019-06-24,51.25434112548828,51.760197753062144,50.49555273823765,50.81171313047131,19544200
2019-06-25,50.649105072021484,51.65178989188414,50.64007339660441,51.371759711507,25462100
2019-06-26,51.182064056396484,51.35369345825027,50.80267165885997,50.97430106071375,15045200
2019-06-27,51.281436920166016,51.84149391963132,51.27240179749499,51.48919994503395,12605800
2019-06-28,51.46208953857422,51.56145518958201,50.91106434363199,51.398857478094506,42570500
2019-07-01,52.40154266357422,52.47380984999853,51.51629030521106,51.62469108484753,20413000
2019-07-02,52.80803680419922,52.89837078694173,52.184747829776825,52.28411348784904,17569600
2019-07-03,53.16935348510742,53.25065232773465,52.735760806391674,52.7989928566697,9989100
2019-07-05,53.54875564575195,53.76555374796914,52.69963692433657,52.871266314420524,13838900
2019-07-08,53.77458953857422,53.90105367209296,53.3048631527266,53.4674608803619,16105600
2019-07-09,53.83781814575195,53.86492006254242,53.30485972739251,53.47649256547253,14348600
2019-07-10,54.33464813232422,54.65080845577888,53.973319094756825,54.14494849236234,16059100
2019-07-11,54.19011688232422,54.38884475049738,53.657158450339324,54.3617462789031,11150200
2019-07-12,54.02751922607422,54.28044748362973,53.566824533082034,54.28044748362973,11234300
2019-07-15,53.77458953857422,54.06365139972826,53.52166127153673,54.06365139972826,10721600
2019-07-16,53.1578483581543,53.946916278496865,53.139708428281864,53.66575255523096,9698900
2019-07-17,52.595523834228516,53.46621970018445,52.595523834228516,53.33017195744979,9090900
2019-07-18,52.71343231201172,52.73157224311822,52.24180448275685,52.32343244281707,11882300
2019-07-19,52.187381744384766,53.085285735010594,52.16924181550455,52.88575343700356,11663500
2019-07-22,52.24179458618164,52.67714593058955,52.19644649692506,52.495750113725826,8761700
2019-07-23,52.105751037597656,52.731562981585924,52.105751037597656,52.65900672974144,8141100
2019-07-24,52.70436477661133,52.80413266910359,52.042272851698684,52.10576088149591,10778700
2019-07-25,52.867618560791016,53.17599046155109,52.67715447910221,52.94017482340857,8175900
2019-07-26,53.058082580566406,53.1941303300928,52.78599054135161,52.91296659566265,6057200
2019-07-29,52.65901184082031,53.32110370491214,52.42319621480317,53.32110370491214,7439300
2019-07-30,52.14204025268555,52.74064414215835,52.08762045915598,52.386920673973336,6367200
2019-07-31,51.06272888183594,52.49575208299508,50.44598515726587,52.49575208299508,11966700
2019-08-01,50.68181228637695,51.56157652241439,50.3553004215225,51.06274048881491,10215200
2019-08-02,50.64552688598633,50.96296701998914,49.88366710454163,50.96296701998914,12644400
2019-08-05,48.75899887084961,49.97434611725756,48.6955108658746,49.97434611725756,16204600
2019-08-06,48.94041442871094,49.38483410294754,48.6229742755692,49.15809014789254,13149500
2019-08-07,48.378082275390625,49.040174097930546,48.04250224694439,48.18761821544851,16344100
2019-08-08,49.566226959228516,49.65692315182635,48.72273922068443,48.72273922068443,12460700
2019-08-09,48.88600158691406,49.402977564592625,48.54134978184888,49.19437352621693,8471300
2019-08-12,48.296451568603516,48.78621923177287,48.069707664525566,48.68645136040458,6580100
2019-08-13,48.94948196411133,49.19436582993816,48.06971438612284,48.196690436587595,11014800
2019-08-14,47.45297622680664,48.40530017797303,47.380419957874246,48.38716024578036,12489200
2019-08-15,47.6978645324707,47.81577237270736,47.126468724996194,47.752284334081146,11257000
2019-08-16,48.60483169555664,48.7045995839187,48.0787840877705,48.23297176792222,9913100
2019-08-19,48.85879135131836,49.312279306767344,48.759023447545424,49.17623499603577,8273100
2019-08-20,48.05156707763672,48.8315666505354,47.97901082844287,48.54133473408529,7577800
2019-08-21,48.287391662597656,48.913203700241276,48.223900175455434,48.55041200721315,6113100
2019-08-22,48.24201965332031,48.72271896176017,47.96992772882478,48.595742960984694,6744900
2019-08-23,46.78180694580078,48.359942681731745,46.48250331252975,48.12413052871869,11374500
2019-08-26,47.280643463134766,47.452967597871975,47.00855144939898,47.289711697662966,8582300
2019-08-27,47.516448974609375,47.72505293796455,47.36226479032662,47.56179706058447,13853100
2019-08-28,47.117393493652344,47.344137443612325,46.81808981898288,47.344137443612325,7499000
2019-08-29,47.30784606933594,47.89738157970919,47.244358055583405,47.752265625440934,6858000
2019-08-30,47.2171630859375,47.66157930635728,46.93599933231808,47.6162312066995,7920000
2019-09-03,47.062965393066406,47.16273326701293,46.754593537157824,47.10831348308642,10128000
2019-09-04,48.04249954223633,48.18761550257068,47.362267829449536,47.48017216858298,10558300
2019-09-05,48.83157730102539,49.275996966179,48.64111321303303,48.73180940926612,10414500
2019-09-06,48.21483612060547,49.1036720397706,48.19669618839741,49.067392175354485,11636100
2019-09-09,49.466453552246094,49.59342959165088,48.477849939946196,48.63203414212698,17803800
2019-09-10,50.30994415283203,50.30994415283203,49.103664787931784,49.466456458837754,19976400
2019-09-11,51.05365753173828,51.05365753173828,50.02877413142304,50.12854200134364,16749400
2019-09-12,48.87691116333008,49.77481846780231,47.979007318694954,49.2850508471811,28184400
2019-09-13,48.74994659423828,49.62971417945918,48.36901843971248,48.9766905318859,14736700
2019-09-16,48.19668960571289,48.58668944532441,47.879249485023436,48.43250523237177,15204200
2019-09-17,47.95180130004883,48.251104923106844,47.48017355027824,48.23296499505749,11111400
2019-09-18,47.6706428527832,47.92459493532366,47.03575918659442,47.906455006593966,8911800
2019-09-19,48.405296325683594,48.677388367242905,47.51646047800956,47.51646047800956,14855000
2019-09-20,48.49599075317383,49.20343067695715,48.450639201269645,48.71366297902824,59517000
2019-09-23,48.994815826416016,49.130860072462895,48.124120196303224,48.22388459280285,13863100
2019-09-24,48.387149810791016,49.421104963764726,48.17854582531947,49.10366140860908,15354800
2019-09-25,48.83157730102539,48.931345192784654,47.96994959745858,48.350881233281406,11607200
2019-09-26,48.94041442871094,49.275997973275835,48.49599821431251,49.07646218567921,13324300
2019-09-27,49.05831527709961,49.520871357299036,48.63203559507279,49.149011462287675,12391100
2019-09-30,49.91086959838867,50.137613514005324,49.02203386435192,49.203429688812754,17445100
2019-10-01,48.795291900634766,50.46412732472322,48.74994380766495,49.91994328940996,16443200
2019-10-02,48.20575714111328,48.57761701890874,47.77947747882183,48.52319723441275,15923700
2019-10-03,48.849708557128906,48.86784848512172,48.01528916864708,48.12412873660394,11268500
2019-10-04,50.0106315612793,50.04691141384904,48.8315640314602,48.97667998190198,13659500
2019-10-07,49.702266693115234,50.21017432069413,49.65691860097229,49.94715054249233,12352100
2019-10-08,49.022029876708984,49.620633626850676,48.768077819023816,49.239705540322916,14771500
2019-10-09,49.67796325683594,50.097035467262565,49.24978584276946,49.33177785401939,12803100
2019-10-10,50.55253982543945,50.652749182526975,49.51397331533646,49.60507746987258,13789000
2019-10-11,51.82798767089844,52.228839162426446,50.7529825395144,50.94429612850574,18675200
2019-10-14,51.436241149902344,52.119506851070874,51.39069079821159,51.77332139800588,11079600
2019-10-15,51.336029052734375,51.76421001057268,51.336029052734375,51.591117281471874,9150100
2019-10-16,50.90785217285156,51.02628239535302,50.60721358818825,50.82586014751331,8912300
2019-10-17,50.16080856323242,51.23581342949075,50.0970373826297,51.02627557863186,9917700
2019-10-18,49.69619369506836,50.343017755907255,49.359116906010925,50.06060347667099,12562900
2019-10-21,50.224578857421875,50.379450728932675,49.94216115168799,50.16080767794465,8256600
2019-10-22,49.295345306396484,50.49789271032776,49.21335327997984,50.30657914044533,7777100
2019-10-23,49.31356430053711,49.76907476910779,49.07669691072967,49.195130605633395,10491000
2019-10-24,49.431983947753906,49.78728495647397,49.1404575882413,49.62330094483958,6449200
2019-10-25,49.35000228881836,49.57775752214376,49.20423907850087,49.23157206968288,6307000
2019-10-28,49.77818298339844,49.81462465460755,49.44110621288677,49.51398608003595,7280200
2019-10-29,49.9239501953125,50.38857285230432,49.705307101067554,49.85107032232062,8333900
2019-10-30,49.96950149536133,50.27014009972044,49.60509517297169,50.27014009972044,6284900
2019-10-31,49.64152526855469,49.969489839624494,49.413770066960645,49.85105963698897,8260600
2019-11-01,50.10615158081055,50.24280611159312,49.69619146373192,49.93305885371916,7313600
2019-11-04,50.516109466552734,50.789415040776674,50.34301327183807,50.34301327183807,8757000
2019-11-05,50.71653747558594,50.87141285295109,50.57077425438485,50.79852950471589,10759300
2019-11-06,50.743865966796875,50.91695869059466,50.652761789585654,50.75297464688349,10572100
2019-11-07,50.998958587646484,51.59112366751925,50.889637033380744,50.980737749390606,9677700
2019-11-08,51.46357727050781,51.46357727050781,50.80764104541402,50.99895461930995,5869600
2019-11-11,51.40890884399414,51.57289288139674,51.18115362263151,51.199374457372784,5018000
2019-11-12,51.55466842651367,51.79153231098004,51.39979307972253,51.50000592612821,6184900
2019-11-13,51.20847702026367,51.52733637724498,51.17203535513407,51.20847702026367,6802300
2019-11-14,51.09916305541992,51.31780960325708,50.68920295026835,50.84407831233404,9056100
2019-11-15,51.39979934692383,51.52734519670829,51.26314829220122,51.381581986509396,7216900
2019-11-18,51.19026184082031,51.52734206759138,50.98072745608819,51.52734206759138,6923300
2019-11-19,51.26315689086914,51.88265150694312,51.25404473386443,51.44536180299731,7199500
2019-11-20,51.23582077026367,51.58200623591542,50.84408147599582,51.21759993387107,9117000
2019-11-21,51.226707458496094,51.55467555562381,51.126494598232725,51.21759877813993,8067100
2019-11-22,51.372467041015625,51.98285283982115,51.24492467342701,51.399796555422085,6346900
2019-11-25,51.52735137939453,51.63667293134375,51.27226312448704,51.43624719004561,7977700
2019-11-26,51.48179244995117,51.80065186819837,51.39980042528979,51.70043900747123,12076900
2019-11-27,51.57290267944336,51.84620830194854,51.36336825301374,51.83709962048184,5790000
2019-11-29,51.14471435546875,51.46357376551491,51.09916400411045,51.31781055600693,6479400
2019-12-02,50.49789047241211,51.436240919052736,50.45234012092578,51.22670652200041,14314000
2019-12-03,49.732643127441406,50.09705296589833,49.61420940865244,49.759972648981254,11963700
2019-12-04,49.56863784790039,50.015039535327325,49.35910349674678,50.015039535327325,11436800
2019-12-05,49.81462478637695,49.95127931613808,49.46843585951276,49.65064074077123,10557400
2019-12-06,49.951271057128906,50.224576596193394,49.75084537335633,50.13347243299292,9088600
2019-12-09,50.38856887817383,50.54344076811019,49.88750458657019,49.9603879290831,11996700
2019-12-10,50.85319519042969,50.93518722467803,50.31569262708379,50.47056801411712,10719700
2019-12-11,51.29959487915039,51.47268762182592,50.69832114505665,50.83497221287331,12159600
2019-12-12,51.445350646972656,51.61844336456062,50.79852317541998,51.29047528890436,15413200
2019-12-13,49.659751892089844,50.47056348027353,49.577759865206964,50.10615369962313,21427700
2019-12-16,49.18602752685547,50.087936411187236,48.92183059093223,49.74174744257298,19951000
2019-12-17,48.13834762573242,49.24979430810244,48.129238945258365,49.09491893789013,19778400
2019-12-18,48.63939666748047,48.839822342015765,48.238548793678206,48.338761630945854,14123100
2019-12-19,48.50276565551758,48.8307303374462,48.32056073759962,48.55742469820414,11910100
2019-12-20,48.830726623535156,49.149586074457574,48.60297136227749,49.11314439859167,27423700
2019-12-23,48.930931091308594,49.25889916723868,48.83983039255863,48.87627206216617,10591500
2019-12-24,48.68495559692383,49.15868688148924,48.6120757321355,48.99470284162933,3331700
2019-12-26,48.803375244140625,48.885367240478104,48.53917842535676,48.694053740779964,6702000
2019-12-27,48.70317459106445,49.01292182406218,48.59385306037961,48.88537945905173,7262000
2019-12-30,48.01079559326172,48.73050284041124,47.93791226304829,48.64851083155537,5936100
2019-12-31,48.26588439941406,48.28410523351556,47.874145154403664,47.89236598850516,7094500
2020-01-02,49.14958190917969,49.158690589739486,48.49364570025998,48.53008737303757,13899600
2020-01-03,48.97647476196289,49.240671617686786,48.23855016701683,48.27499183165497,11026700
2020-01-06,49.23157501220703,49.37733823123665,48.60296830648551,48.61208046251382,10982400
2020-01-07,49.34089660644531,49.495771981656375,48.83983575773992,49.09492052247664,12015400
2020-01-08,49.53306198120117,49.96314530252601,49.13957904479027,49.35919531722471,11856700
2020-01-09,49.76182174682617,50.14615189773719,49.441543130329926,49.64286091837116,10671000
2020-01-10,49.82588195800781,50.00889783066351,49.61541492621186,49.91738814896694,9734800
2020-01-13,49.944847106933594,50.1370122189658,49.743529280573526,49.835035479425706,10858900
2020-01-14,50.2193603515625,50.4938823905187,49.87163057382485,49.88993250852021,12627200
2020-01-15,50.109561920166016,50.49389566835852,50.036357652871935,50.219373557214176,9090800
2020-01-16,50.722660064697266,50.74096200254139,50.26512209080733,50.31087519004878,9866000
2020-01-17,50.448143005371094,50.96058335311735,50.19191934075991,50.905681024852,11166600
2020-01-21,50.53049850463867,50.65860858781318,50.25597290842134,50.3108787258124,8773000
2020-01-22,50.072959899902344,50.923980860229825,49.96314826643318,50.704361084029415,6380500
2020-01-23,50.31087112426758,50.32917306063266,49.67031731443931,49.789278155443654,6583200
2020-01-24,49.478153228759766,50.512189964702635,49.304290065848356,50.38407989826923,6426000
2020-01-27,48.21535110473633,48.97486582754731,48.160448781175475,48.663739861330654,8259100
2020-01-28,48.91994857788086,49.12126635917865,48.18788867871201,48.37090452618846,8620300
2020-01-29,48.682037353515625,49.3591915476683,48.66373541708752,49.212779546980904,6332500
2020-01-30,48.78269577026367,48.8009977065086,47.840165252705425,48.33430705910636,7176200
2020-01-31,47.99573516845703,48.94741501193709,47.849323153363,48.81015222058866,8884700
2020-02-03,48.58137512207031,48.87419910339489,48.21534340004598,48.25194727039586,8892500
2020-02-04,49.45069885253906,49.926538704582164,49.18532602319511,49.18532602319511,9769800
2020-02-05,50.091251373291016,50.35662070521998,49.944839383326446,50.0271928551154,9612900
2020-02-06,50.06378936767578,50.649437241464426,50.06378936767578,50.32916215134147,8832000
2020-02-07,50.072959899902344,50.30172890018956,49.587967245591656,49.661175001237766,7864800
2020-02-10,50.320030212402344,50.393234476398824,49.82588834015902,50.072959276280685,7198200
2020-02-11,50.46644592285156,50.82332502644329,50.42984204280674,50.48474437213584,8466600
2020-02-12,50.9971809387207,51.143592947255875,50.557944913115186,50.83246699277643,7541100
2020-02-13,50.612850189208984,50.91482342641631,50.338324621718115,50.612850189208984,8480100
2020-02-14,50.75926208496094,51.09783919585678,50.54879504355338,50.67690511304167,7496800
2020-02-18,50.74095916748047,51.024630461370464,50.42068050920989,50.713504516879404,7185700
2020-02-19,50.7318000793457,51.03377676285195,50.686046988409416,50.869062842891644,6819200
2020-02-20,50.79585266113281,51.1252804852054,50.21935745974269,50.69519726221011,6114600
2020-02-21,50.036346435546875,50.64029634096402,49.81672670142371,50.40237816217307,9078600
2020-02-24,48.178749084472656,48.9840133891016,48.050635522123024,48.59053046015756,10992500
2020-02-25,46.632266998291016,48.70034048586529,46.485854994008214,48.56307770465249,12202600
2020-02-26,47.62969970703125,48.62713257368563,46.88849046505725,46.95254549854297,16413100
2020-02-27,46.46754837036133,48.9199518127992,46.44924643532974,46.559058045519265,16161100
2020-02-28,45.2596435546875,45.65312638729783,43.832127688228425,45.058329273185485,24426000
2020-03-02,46.57735824584961,46.57735824584961,44.53673620004212,45.50671777616774,17328500
2020-03-03,44.701454162597656,47.43753250755155,44.152410045374985,46.32113884636311,21830500
2020-03-04,46.2479362487793,46.293689345062944,44.6831573170111,45.61653165155749,14813700
2020-03-05,43.923641204833984,45.46096892626217,43.69487224022548,45.04918409181937,15843000
2020-03-06,43.347145080566406,44.19816596007694,42.51442613822937,42.615085047314764,24581400
2020-03-09,42.10263442993164,43.53015388061425,40.86728354294226,41.132656352683895,25949300
2020-03-10,44.45439529418945,44.7563685694575,42.23990948235896,43.42035840099322,27067700
2020-03-11,40.92219543457031,43.44780338693727,40.51041058072311,42.834704208449516,24139200
2020-03-12,36.42001724243164,39.71429231642386,36.3376602783134,37.627917055674274,24123800
2020-03-13,43.85959243774414,43.91449825375693,39.73259777200317,40.675128414497735,28339400
2020-03-16,39.0920524597168,43.53017018823421,37.7560386887708,38.89988382403182,27493700
2020-03-17,42.88045883178711,43.65827197950141,38.122063276170536,39.91561126928568,25588900
2020-03-18,43.255645751953125,43.74063494645752,38.945638349435505,39.961369843272195,29557000
2020-03-19,41.24247741699219,43.89619936618578,41.059461508299854,42.52358528710043,20159100
2020-03-20,41.773216247558594,42.73404524478517,40.730026788932925,41.196717452927636,26340800
2020-03-23,40.43719482421875,42.541871773541274,40.16267280627051,41.178407414342175,23063700
2020-03-24,43.77722930908203,43.93279052982422,41.45293578546874,41.48039043498712,19323700
2020-03-25,42.03858947753906,44.60080502711178,41.61765536238332,43.10007748008798,25625800
2020-03-26,46.19303512573242,46.43095683572789,42.26735832744773,42.44122499799931,22417900
2020-03-27,45.598236083984375,47.217917437238974,44.43608921318523,44.9210783477339,20025300
2020-03-30,46.08322525024414,47.20876824618531,45.378616352153294,46.11982912590183,20611900
2020-03-31,44.22561264038086,46.83357712965937,43.92363596755021,46.778671328034626,15802000
2020-04-01,44.57334518432617,44.82956880389479,42.13009426536125,42.59678142726622,17918200
2020-04-02,45.57077407836914,45.6531310398839,44.015144522388816,44.08835226184067,16434400
2020-04-03,45.20474624633789,45.79954342623826,44.79296143518399,45.11323657122748,13362500
2020-04-06,47.11726379394531,47.474142867989464,46.07407424346677,46.11983083510348,13845800
2020-04-07,46.449249267578125,47.885921583892994,46.403496172577945,47.72120764930243,14063000
2020-04-08,47.929527282714844,48.435209287281104,46.78024840537298,46.87218931263201,15710700
2020-04-09,48.894920349121094,49.29946524726327,47.83758238961483,48.03066390464067,15521200
2020-04-13,48.70184326171875,48.85814350691334,48.17777236957562,48.45359860112661,12694800
2020-04-14,49.64884567260742,49.74078657648028,49.14316368666537,49.3822121411272,11674600
2020-04-15,48.876522064208984,49.14315555155093,48.55472544660324,48.922492508535505,10398100
2020-04-16,49.37301254272461,49.52931275889462,48.79377510890598,48.86733062756493,14098300
2020-04-17,50.21888732910156,50.31083174091095,49.62126443528364,50.12694642461287,13608800
2020-04-20,49.566097259521484,50.1821125364515,49.46496016127024,49.69481592736101,10358900
2020-04-21,47.17560577392578,49.04203375230254,47.0009131207985,48.94089663887541,14111700
2020-04-22,48.058231353759766,48.34325369137465,47.59851994250205,47.83756833313538,9668300
2020-04-23,47.78242492675781,48.72023701360717,47.30432444087454,48.02147341603886,10330200
2020-04-24,48.73861312866211,48.77539089150704,47.77321965156599,48.18696071527018,9403500
2020-04-27,49.06961441040039,49.31785909127446,48.78459546768362,49.06042172176999,9123200
2020-04-28,48.913307189941406,49.78675979298548,48.848947856726426,49.556904029411804,8350500
2020-04-29,49.538509368896484,49.906276443322824,49.363816764272784,49.6028686946041,9064100
2020-04-30,48.70184326171875,49.28107729577958,48.54553950920333,49.16155481674401,11808800
2020-05-01,47.61692810058594,48.21455107281497,47.17560538795921,48.15938792581235,8702400
2020-05-04,47.58014678955078,47.61692455636252,46.98252035448314,47.54336902273904,7567900
2020-05-05,47.85596466064453,48.600698525456735,47.800801527390476,48.01226838861166,7271800
2020-05-06,47.681270599365234,48.26970067499397,47.53416308045804,48.205341354679575,7050000
2020-05-07,48.361656188964844,48.65587131578231,48.058248373887245,48.177774365194644,7154700
2020-05-08,49.25348663330078,49.44656460901484,48.51794898249472,48.90410493392284,8130800
2020-05-11,49.216712951660156,49.492542662470775,48.784586518876424,48.84894584944678,8138600
2020-05-12,48.058231353759766,49.49253221951893,48.03984247643109,49.464947149866056,8598800
2020-05-13,47.488197326660156,48.260512753999144,47.14800830590495,48.205346113717695,10274300
2020-05-14,48.64667510986328,48.75700489761161,46.76185849394281,47.01929583446247,13794000
2020-05-15,48.65586471557617,49.639650577364435,48.28809761060271,48.45359403540294,39055700
2020-05-18,48.86735153198242,49.602889496618616,48.79379598185797,49.56611172155639,9901900
2020-05-19,48.12260437011719,48.95927923649498,48.10421548755363,48.894919901182895,9805100
2020-05-20,48.637474060058594,48.977659559731805,48.407618329164784,48.81216315290265,9115900
2020-05-21,48.012271881103516,48.674254079547765,47.920327473458116,48.50875765310657,7464000
2020-05-22,48.380043029785156,48.39843191284983,47.88355721632217,48.12260568152132,7211700
2020-05-26,48.52715301513672,49.354635257847825,48.407630530217,49.32705368553112,11200600
2020-05-27,48.913307189941406,48.95927764119202,48.33406968368598,48.72942187761834,9228100
2020-05-28,49.299461364746094,49.78675795046631,48.93169426103099,49.4281800264124,9465400
2020-05-29,49.43738555908203,49.59368581853784,48.720236590150876,49.29947067706244,14734800
2020-06-01,48.784584045410156,49.087991801669865,48.53633942265933,48.98685471380987,7363200
2020-06-02,48.98685073852539,48.99604693157746,48.39842064671319,48.95007648827713,8756300
2020-06-03,49.179935455322266,49.29945791432115,48.72022397736282,49.032827922668055,9188700
2020-06-04,48.59150695800781,49.363822462977765,48.38923627128467,48.940888700268665,9696000
2020-06-05,49.63046646118164,49.89710004461712,48.49038359879485,48.812180332374666,12210100
2020-06-08,50.660213470458984,50.67860235408646,48.98686364088921,49.0512229799249,11519500
2020-06-09,49.81434631347656,50.62343966372399,49.53852007123704,50.5682730123477,8852500
2020-06-10,49.749977111816406,50.25565904023324,49.55689913125511,50.10855150637888,7436700
2020-06-11,47.17560577392578,49.24430797915679,47.10205023422563,48.959285523800446,12805700
2020-06-12,47.681270599365234,48.729412109993916,46.87217749171576,48.22373023295796,11537200
2020-06-15,48.95927429199219,49.124770711029626,46.807824351825914,46.853794799931784,16038100
2020-06-16,50.191307067871094,50.56827039781653,49.4465730957405,50.0717810830628,19380200
2020-06-17,47.368675231933594,49.40979549403825,47.35028635033655,48.75700247296514,28692600
2020-06-18,49.36382293701172,49.64884534887216,47.18479126208322,47.44222859710514,19259500
2020-06-19,50.016624450683594,50.07178759906538,48.7110416576153,49.84193179461798,33051200
2020-06-22,50.67859649658203,50.926841135879044,49.53851390201854,49.731591896809384,16705900
2020-06-23,50.742958068847656,51.460110449813335,50.68779492922615,50.84409516791465,18695000
2020-06-24,50.05340576171875,51.19349225553178,49.95227213967137,50.678613918435296,18287400
2020-06-25,50.13613510131836,50.19130174399074,49.22590829480667,50.0166126365088,16008700
2020-06-26,49.81434631347656,50.19130966291213,49.308664284817276,49.970646564727936,17969400
2020-06-29,50.34761047363281,50.531495806276176,49.51093554206047,49.860317323350756,14366900
2020-06-30,50.816524505615234,50.97282477785281,50.108568167507656,50.38439444678195,18885900
2020-07-01,51.01878356933594,51.37735797645058,50.274049680260646,50.28324236699572,17856800
2020-07-02,51.43253707885742,51.88305602978948,51.16590699291954,51.294625691094,15478900
2020-07-06,52.03935241699219,52.25082284227906,51.63480746618674,51.671585236438474,15309700
2020-07-07,51.77272415161133,52.36115446681968,51.689975919327566,51.80949841582085,13232100
2020-07-08,52.094520568847656,52.11290945450177,51.47850868238088,52.06693899402715,12582200
2020-07-09,52.894405364990234,53.142650001957335,52.24161586073626,52.39791959837651,15692600
2020-07-10,52.76567840576172,52.885204361947935,52.12208168971587,52.83923391951321,12615800
2020-07-13,52.41630935668945,53.179432212750804,52.37953509827506,52.77488731162623,15965600
2020-07-14,52.81333923339844,52.89643728455723,52.14855482412807,52.32398247784172,15510300
2020-07-15,52.27781677246094,53.40425621932183,52.056224321302125,53.01646414657115,10570800
2020-07-16,51.5391731262207,52.157792768260364,51.31758065903393,52.093157816336394,8779300
2020-07-17,50.689720153808594,51.816155953080084,50.56045379585458,51.77922623009848,14344800
2020-07-20,51.1513671875,51.26216338349068,50.495814516031835,50.671245642010284,11469300
2020-07-21,51.62226867675781,52.01929231019464,51.31757816862524,51.52070399999742,11875100
2020-07-22,51.714595794677734,51.87156033907747,51.428371925361006,51.428371925361006,13842400
2020-07-23,51.48377227783203,52.037760479653286,51.336042795109435,51.70536826299027,12576000
2020-07-24,51.38220977783203,51.7423001624266,51.02211587108885,51.21601367384244,8939700
2020-07-27,51.095977783203125,51.65919747146339,51.077511159734954,51.39143671439732,10319600
2020-07-28,51.10521697998047,51.465310908262936,50.966722566470736,51.01288737097398,13030100
2020-07-29,51.42837142944336,51.613034147248314,51.1052107927476,51.29910858362441,7242700
2020-07-30,51.01287078857422,51.22523163797754,50.680478668761154,50.78204331894266,7633200
2020-07-31,51.19753646850586,51.21600308981611,50.16343033016686,50.782046294394874,9355800
2020-08-03,51.686893463134766,51.78845812684705,51.23447353478677,51.502230758398625,9164900
2020-08-04,51.705360412597656,51.71459196292614,51.27140358204738,51.50223108388933,6364300
2020-08-05,51.24370193481445,52.000815807755195,51.1329057276433,52.000815807755195,6629000
2020-08-06,51.040584564208984,51.33604353390624,50.726658968637054,51.23448237481866,8169600
2020-08-07,50.99441146850586,51.003646541015875,50.56045463638772,50.79128213906364,8772300
2020-08-10,50.726646423339844,51.35449745920874,50.67125008156474,51.003642220806846,10046900
2020-08-11,50.108036041259766,51.20677371535634,49.98800475046237,51.00364790263953,8075100
2020-08-12,50.01569366455078,50.505050287749356,49.831034509386534,50.33885423038344,9068200
2020-08-13,49.87720489501953,50.043400971034714,49.56327936500731,49.775640234993816,8260300
2020-08-14,50.04340362548828,50.37579579514973,49.646380036409134,49.88643909108229,5454400
2020-08-17,49.84950637817383,50.218828249537225,49.54481240020474,50.04340062480071,9523700
2020-08-18,50.9482421875,52.56403456399554,50.6620148414047,51.35449728847422,21102600
2020-08-19,51.89002227783203,52.44400686441837,51.20677133370399,51.31757106873974,16751500
2020-08-20,51.0221061706543,51.52992945971212,50.86514517014401,51.32680014408899,10974800
2020-08-21,50.957481384277344,51.19754397435729,50.532759598318535,51.13291255137001,9552000
2020-08-24,51.714595794677734,51.80692891554476,51.188309333255155,51.4837682757328,7892100
2020-08-25,51.78846740722656,52.3978519765525,51.72383597730933,51.84386728521938,7427000
2020-08-26,53.081085205078125,53.081085205078125,51.76075182838326,52.01927746114111,11597600
2020-08-27,52.794864654541016,53.967468745499175,52.24088007837642,53.0441587704595,15834700
2020-08-28,53.441184997558594,53.69971067633122,52.82256545201925,52.93336519047741,8613800
2020-08-31,52.831809997558594,53.33039482142548,52.66561388222002,52.748711939889304,18683500
2020-09-01,53.238059997558594,53.56121712231792,52.70254197336479,52.97029922438744,10169500
2020-09-02,54.50299072265625,54.77075148049811,53.29345682024698,53.29345682024698,14342800
2020-09-03,52.72100067138672,54.46605956574716,52.30551398059196,54.21676543798139,15387400
2020-09-04,51.45607376098633,52.87797222415257,50.92978726212522,52.51788183252641,14697200
2020-09-08,51.077510833740234,51.51146767710191,50.66202061372887,51.10520900769157,16472800
2020-09-09,52.582515716552734,52.998006004045806,51.57610747446899,51.85309982541476,13993200
2020-09-10,52.933372497558594,53.71818471482659,52.39785092086377,53.03493365527607,20500900
2020-09-11,52.628665924072266,57.115952740089455,52.50863464716684,56.054144913463944,40220600
2020-09-14,54.9000129699707,56.78356625698126,54.79844830417873,56.192648407444196,50107400
2020-09-15,56.266510009765625,56.949760958026175,54.835380217304944,55.40783142985959,30385600
2020-09-16,55.795616149902344,56.68199278652312,55.075435572916426,56.43269869707084,21223300
2020-09-17,55.564788818359375,55.96181234823243,54.47528287900741,54.863071337684715,22831200
2020-09-18,55.16777038574219,55.66635861194977,54.87231147883725,55.38013125494586,49311700
2020-09-21,56.155723571777344,57.79921452721717,55.426307701070264,57.66995166853971,32560400
2020-09-22,55.97105026245117,56.091081546612465,54.9000108215417,55.749457838620565,13306000
2020-09-23,54.438350677490234,55.85101721484874,54.38295433784918,55.50015846781518,15513500
2020-09-24,54.75229263305664,55.306280850941064,53.819750906733624,54.23524118960974,9560500
2020-09-25,55.21394348144531,55.38937465527449,54.43836285366748,54.72459025370819,9371900
2020-09-28,55.01081085205078,55.89718759644593,54.90924618968607,55.42629752950919,9356300
2020-09-29,54.90924835205078,55.54633100177079,54.84461693202766,55.010813018415185,6340600
2020-09-30,55.121604919433594,55.75868751927193,54.816910944197026,54.95540884605873,11001500
2020-10-01,55.103145599365234,55.64789868491236,54.89078470461275,55.555565564053616,7357700
2020-10-02,54.31833267211914,54.95541534732483,54.022870211717546,54.20753292866291,7329800
2020-10-05,54.99234390258789,55.09390504220056,54.55838708311856,54.881544168586316,6899200
2020-10-06,54.94617462158203,55.88795121118238,54.853845033682155,54.94617462158203,9743600
2020-10-07,56.16987991333008,56.457266278520244,55.289182956117706,55.40970027525037,8690900
2020-10-08,56.447994232177734,56.828084054051615,56.20696312852531,56.355290777636824,7202800
2020-10-09,56.68903350830078,56.90225430031027,56.42018851717172,56.68903350830078,7355700
2020-10-12,56.97641372680664,57.31942430089301,56.61486529028176,56.77246541229095,8275000
2020-10-13,56.52216339111328,57.27307061493818,56.43872886219825,57.078391226273226,8896300
2020-10-14,56.51288986206055,57.04130735646327,56.41091393570033,56.87443830176659,6651100
2020-10-15,56.104984283447266,56.308936116502885,55.69708415374594,55.873222122760396,6251600
2020-10-16,55.89176940917969,56.65194909341833,55.863955542207826,56.281128182682764,6070800
2020-10-19,55.2706413269043,56.318207325792876,55.05742055481371,55.984469235073675,8311000
2020-10-20,55.391151428222656,55.928841290190796,55.27990659128116,55.54874798585563,9241200
2020-10-21,55.31698989868164,55.73416248828758,54.899820845485564,55.01106569057719,10114900
2020-10-22,55.33553695678711,55.50240600970128,54.40848823455734,55.10377477622967,11900600
2020-10-23,55.53022384643555,55.771254975428064,55.35408231331555,55.53022384643555,9739300
2020-10-26,53.2960319519043,54.2138081954131,52.406062501664316,53.861528695034984,18876900
2020-10-27,52.91595458984375,53.750296504492056,52.86033038096946,53.435099727026426,10806500
2020-10-28,51.53463363647461,52.470951199539854,51.479009445401566,52.16502698966285,13910600
2020-10-29,51.93327331542969,52.61928743535016,51.117469395135984,51.17309359529594,13573700
2020-10-30,52.01670455932617,52.50803925224369,51.40485254188558,51.68296645228399,12602300
2020-11-02,52.3318977355957,53.27748779626039,52.02596997931742,52.322625268575756,11413200
2020-11-03,52.656375885009766,53.30531081085891,52.44315506613563,52.84178636902536,8911200
2020-11-04,52.368988037109375,53.85226469600494,52.23919823509682,53.7688301629164,12054900
2020-11-05,52.526580810546875,53.4443606076984,52.30408755970672,53.268219085996954,9017100
2020-11-06,52.656375885009766,52.82324496698271,52.05379623247264,52.62856555015122,7510400
2020-11-09,52.69344711303711,54.77003771227254,52.628553988349445,53.94496141648212,11486600
2020-11-10,52.53585433959961,53.064275414539594,52.1001438038713,52.75834760991174,9015900
2020-11-11,53.027191162109375,53.42582242221759,52.656370233875066,52.897404898150505,7724400
2020-11-12,52.3318977355957,53.296029193890284,52.00742858168753,53.08280488935148,7324000
2020-11-13,52.758338928222656,52.925207969394855,52.424600845878274,52.73052860016395,5870300
2020-11-16,52.9808464050293,53.40728805315181,52.730542775980624,52.86032905702565,6309200
2020-11-17,52.95302963256836,53.20333324790659,52.66564675068466,52.8417847601105,5569700
2020-11-18,52.14649200439453,53.110623549747594,52.13722307294762,52.95302342386761,8998800
2020-11-19,52.3318977355957,52.35970806383555,51.50682499132034,51.99815965107758,9643100
2020-11-20,51.636627197265625,52.322641439543055,51.61808579390527,52.248479362512754,8395800
2020-11-23,51.9889030456543,52.443155017842805,51.70151661887423,51.77567869056567,8235900
2020-11-24,53.37019348144531,53.67612125052611,52.248465400969344,52.47095510901888,10427200
2020-11-25,53.22187805175781,53.54634375734018,53.082819299987676,53.50926448842431,6848900
2020-11-27,53.54633712768555,53.64831306150305,52.98084033031573,53.21260253029715,5627000
2020-11-30,53.50925064086914,53.954233580401954,53.02718490560608,53.40727472081599,26676900
2020-12-01,54.454837799072266,54.95544136899778,53.77808919065046,53.9542306927369,11855300
2020-12-02,54.770042419433594,54.94618041066526,53.89861432203077,54.03767305054707,9330400
2020-12-03,54.94618225097656,55.60438604365683,54.75150285366164,54.899830518722126,9783900
2020-12-04,55.58584213256836,56.132801035848836,54.94617976896657,54.983262567659224,10872700
2020-12-07,55.43751907348633,55.80834001835672,55.279922470583315,55.58584674415236,14922900
2020-12-08,54.72368621826172,55.3540796469977,53.972778999039676,54.68660695617925,15237800
2020-12-09,55.372623443603516,55.5394925076353,54.51046779157608,54.593902323591976,12204100
2020-12-10,55.1408576965332,55.44678547302656,54.732957530952305,55.168668026610696,14219900
2020-12-11,56.188419342041016,56.54996775035705,55.08522918328086,56.49434355815075,16209900
2020-12-14,56.327476501464844,57.16182173189024,56.262583376477316,56.39237316286245,16193600
2020-12-15,57.34724044799805,57.65316471900823,56.45727443144584,56.63341243376016,15506700
2020-12-16,58.20012283325195,58.58021270176066,57.337967161881636,57.35650856234676,16119900
2020-12-17,58.96957015991211,59.37747386357621,58.15376628899415,58.394800938688434,15320500
2020-12-18,60.31378173828125,60.56408882971552,58.80269501424458,58.84904673856542,33728700
2020-12-21,59.77611541748047,60.43431927930113,59.219883962766964,59.2291528956273,18210200
2020-12-22,60.3972282409668,61.18521827386914,59.72975200087327,59.850265793682084,17136000
2020-12-23,60.53628158569336,61.37061973878349,60.3972228692383,60.499198789784,13075200
2020-12-24,60.22108459472656,60.80512274785513,60.05421554057261,60.304522658213784,3796500
2020-12-28,60.13764953613281,60.89782915967496,60.02640114994859,60.63825666473179,6463500
2020-12-29,59.75755310058594,60.50846021827888,59.53506341253241,60.489922357949276,7770200
2020-12-30,59.70195388793945,60.174750833569135,59.65559861123808,60.072774883083866,6192000
2020-12-31,59.97078323364258,60.04494175500073,59.34038982876608,59.64631052731676,6928600
2021-01-04,59.09935760498047,59.98005108525977,58.56166763439153,59.970785690223174,11249900
2021-01-05,58.36697769165039,59.136429709783364,57.921994798049624,59.03445380025637,11005700
2021-01-06,58.22739791870117,58.95326174353314,57.61320463231818,57.94821979760752,8685400
2021-01-07,58.692691802978516,59.31619299409308,58.487959538740576,58.487959538740576,7382800
2021-01-08,58.98118209838867,59.130077333113995,58.54380079328324,58.79506216749642,7751700
2021-01-11,58.65547180175781,59.15799455421012,58.47865981846198,58.58102595876994,6284700
2021-01-12,58.08780288696289,58.6461626387571,57.86446182619893,58.62755029203641,7758200
2021-01-13,57.7527961730957,58.246010978048886,57.66904238075059,57.99474960101355,8298000
2021-01-14,57.3247184753418,57.85515796959854,57.24096468414639,57.76209977935583,10258600
2021-01-15,57.49224090576172,57.696973237101034,56.961801274512865,57.32473328011015,7532600
2021-01-19,57.03624725341797,57.9668435399481,56.859431687013654,57.790027973543786,8903400
2021-01-20,57.28749084472656,57.72486854929055,56.905946628011336,57.11067533336014,7025000
2021-01-21,56.961788177490234,57.557369131781165,56.691914448220125,57.37125274602213,6943600
2021-01-22,56.17079162597656,56.90596353389081,55.59382293049821,56.71053561853552,9896700
2021-01-25,56.673301696777344,56.719830789971816,55.62172715085945,56.189391317681874,8524700
2021-01-26,57.510841369628906,57.734186007641,56.61746991746573,56.8222022064816,8186500
2021-01-27,58.20878601074219,58.79506255443127,57.11068231618785,57.138602613467995,14789000
2021-01-28,56.97109603881836,58.85090064161202,56.924563392507906,58.20878704192982,11166400
2021-01-29,56.23591613769531,57.2316535661517,56.031183883265854,56.91525078655253,11451800
2021-02-01,57.240966796875,57.70626486514723,56.5244108956852,56.69191493431607,10553500
2021-02-02,58.04127883911133,58.55310599361221,57.510839336272284,57.58528872962494,10528000
2021-02-03,57.855159759521484,58.39490721946665,57.678347772613165,57.86446770879917,9933500
2021-02-04,58.95326614379883,58.990490842707736,57.92961177340252,58.143648467214746,9928700
2021-02-05,59.18590545654297,59.62328672195784,58.88811501411559,59.0928472745127,9170200
2021-02-08,58.72991943359375,59.43717089551166,58.478658064902,59.36272505475615,7003400
2021-02-09,59.25105667114258,59.418564266391655,58.54380514115745,58.70200833664499,5437400
2021-02-10,58.878814697265625,59.46509122453384,58.56241188651129,59.4092541814799,9577500
2021-02-11,58.3483772277832,59.53023472199958,57.957525012794406,59.148690456145665,7690800
2021-02-12,58.70200729370117,58.7392284420287,57.98544782674276,57.99475222633899,6663400
2021-02-16,57.82724380493164,58.869510491953086,57.790019107195235,58.72992320035541,7526000
2021-02-17,57.78071594238281,57.83655299018054,57.10138116891899,57.53876250181127,6244500
2021-02-18,57.76210021972656,57.89238310703658,57.380555956914755,57.52014679328545,6262400
2021-02-19,56.88734436035156,58.03197721328258,56.84081526225374,57.938915467144305,10905100
2021-02-22,59.97691345214844,60.46082738109995,57.95752169834164,58.487961170537076,20940300
2021-02-23,60.02345275878906,60.69348313486882,59.604687323681866,59.94900336147236,18175400
2021-02-24,60.20956039428711,60.62833286836618,59.632595398719545,60.014136079670585,10609300
2021-02-25,60.76792526245117,61.75435480929132,60.09789496652788,60.15372845789334,15356100
2021-02-26,60.03275680541992,61.679908789622665,60.02344885638916,60.99126965892797,20512600
2021-03-01,61.577545166015625,62.09868383475954,60.27470914398354,60.44221673395745,11758900
2021-03-02,62.033538818359375,62.740786735424,61.419341990509615,61.558932824101355,13282000
2021-03-03,62.26618194580078,62.85245487151715,61.605452536015534,61.651985176102066,15827600
2021-03-04,61.056419372558594,62.63843012760145,60.777237662898884,62.05215705717903,19951100
2021-03-05,65.11382293701172,66.74236642924842,62.63843342086656,62.63843342086656,34211500
2021-03-08,67.15182495117188,67.87768884850112,65.23479195835161,65.57911510703481,23300500
2021-03-09,67.59850311279297,68.13825057853377,67.00292215055661,67.37516202692561,17296400
2021-03-10,67.11458587646484,68.51047987231564,66.5376138022216,68.39880579668935,21378600
2021-03-11,62.73149490356445,63.373601470568374,60.888911255043794,62.95483600948383,38095400
2021-03-12,62.49884796142578,63.15957045120497,61.838118371760615,62.31272445029264,11606300
2021-03-15,63.02927017211914,63.075795712165224,62.256873788537035,62.30339932858312,8919600
2021-03-16,62.210350036621094,63.34567845423396,62.05215039807111,63.280537008955434,14512500
2021-03-17,61.624088287353516,62.21036140196774,61.56825478116731,62.16383584677468,11892400
2021-03-18,62.107994079589844,62.359259052503056,61.50310507429776,61.85673620656284,13750300
2021-03-19,61.66130447387695,62.19174400903289,61.38212278173789,62.15451931008865,30963600
2021-03-22,61.71712875366211,61.90324512069771,61.2890554295728,61.62407057014431,10263700
2021-03-23,62.60120391845703,63.22470877502735,61.72644830903925,61.72644830903925,12390100
2021-03-24,62.19173812866211,62.73148556249109,62.10798078898569,62.45230389674929,11391100
2021-03-25,63.8668098449707,63.959875137877304,62.126599625823566,62.312716011866726,14844700
2021-03-26,65.37438201904297,65.48605611724066,63.54110639797212,63.810980143702466,12617000
2021-03-29,66.19329071044922,67.31001016677621,65.29991940531804,65.337144097184,15183700
2021-03-30,65.65357208251953,66.11887023448668,65.09520862024988,65.91413791163932,12000200
2021-03-31,65.2999038696289,66.16535822492887,65.0579540798891,65.79311849471384,9971700
2021-04-01,66.82608795166016,66.84470384521723,65.44881002352895,65.56978493211734,13228700
2021-04-05,69.01301574707031,69.70165492861364,67.05875809963015,67.17974014630876,25010200
2021-04-06,69.12469482421875,69.46901802510622,68.08243146998484,68.5105049333147,14699800
2021-04-07,69.22747802734375,69.33028705755142,68.64800959622805,68.78820437656603,12356800
2021-04-08,70.35839080810547,70.59204646680965,69.30226979778031,69.41441995037124,13507700
2021-04-09,70.63877868652344,70.74158774423391,70.00323502549718,70.42381234841845,13285700
2021-04-12,71.14346313476562,71.20888642074146,70.2836050654502,70.33033903997725,10634900
2021-04-13,71.65750885009766,71.97528422347274,70.93785262754899,71.18085648594122,13142400
2021-04-14,71.79771423339844,72.30241133796531,71.50798348341948,72.00333236458552,12730700
2021-04-15,73.17159271240234,73.41459654678904,71.80704478648292,71.96592889217276,13604200
2021-04-16,73.78843688964844,74.15293906143371,72.76970187891604,73.1902791138673,13334100
2021-04-19,73.60153198242188,74.9660801641377,73.21833328210882,73.65760705832925,19967200
2021-04-20,74.05948638916016,74.22771872775927,73.5080625257877,73.55478937336282,12562300
2021-04-21,71.64816284179688,74.15294424639399,71.52665735563706,73.63890616002217,18672800
2021-04-22,69.9751968383789,71.47993979932937,69.86303955902571,71.13412686927708,16769300
2021-04-23,70.06864929199219,70.09668682582591,69.02186953504251,69.43310571288055,10664700
2021-04-26,69.6293716430664,70.13406861534627,69.3489820593765,70.06864532989907,9402200
2021-04-27,70.30231475830078,70.49858465322187,69.36769213642623,69.52657627079977,9300200
2021-04-28,69.88172912597656,70.34904042906231,69.77892719945393,70.24623850253968,6107800
2021-04-29,70.90982818603516,70.93786572668,69.76023910535811,70.45185792015108,7940400
2021-04-30,70.83505249023438,70.95655086941649,70.27428031850953,70.62008614026058,7825300
2021-05-03,72.27436828613281,72.41456310403207,71.1060900213134,71.29301169144266,15319600
2021-05-04,73.39591217041016,73.55479630221954,71.90051742566529,72.03136402016767,15316500
2021-05-05,74.01274871826172,74.61090647234109,73.29308549092684,73.8071306533089,12271900
2021-05-06,74.52679443359375,74.73241251974535,73.42393962381992,74.00340812746502,14089700
2021-05-07,75.1436538696289,75.27450045517674,73.44264112690301,74.59222286144524,14073400
2021-05-10,74.90998840332031,75.44272289759716,73.46132079980444,73.62020489988979,17356700
2021-05-11,72.61083984375,74.67635515504767,72.19960357396221,74.53616032392863,12980400
2021-05-12,71.73229217529297,73.07815114415406,71.52667404053861,72.4986825035377,12302600
2021-05-13,73.03142547607422,73.31181517006169,71.85379874417536,72.4613049940775,11399300
2021-05-14,73.73236083984375,73.88190384708952,73.0127047266319,73.0127047266319,9033400
2021-05-17,73.90995788574219,74.33053520899955,73.69499154746543,73.7230290849353,6637900
2021-05-18,73.54542541503906,74.274429612101,73.2650358943529,73.8258078051235,6643100
2021-05-19,73.5921630859375,73.62020061601484,72.47996731945423,72.7229640005263,8165000
2021-05-20,73.57347106933594,74.13424304206025,73.53608532040731,73.78843021242238,8802700
2021-05-21,73.86321258544922,74.62960272481831,73.81648574036055,74.0127556031815,8629000
2021-05-24,74.19031524658203,74.65762639431193,73.96600789224031,74.2931242695308,7044700
2021-05-25,73.67628479003906,74.47071239622711,73.5080524744437,74.40528911408464,7160600
2021-05-26,74.07817077636719,74.18097980714569,73.41458975172591,73.45196837146102,12851100
2021-05-27,73.81649017333984,74.81653599001979,73.68563645966402,74.30249074894898,12867800
2021-05-28,73.5921630859375,74.17163151974589,73.52673980555613,73.78843292708162,6929700
2021-06-01,74.36790466308594,74.610908485551,73.34916966182595,74.37725288372772,10485300
2021-06-02,75.02214813232422,75.63900243128255,74.31184013611075,74.48941356986207,12249300
2021-06-03,75.78852844238281,76.13434130401183,74.44267700946027,74.5828717982614,12038700
2021-06-04,77.4708480834961,78.47089373939541,76.05022521114115,76.09695205152354,14502900
2021-06-07,78.45221710205078,78.74194780327251,77.4334748409549,77.51759457619592,10445600
2021-06-08,79.07840728759766,79.47094701132198,78.50828701383462,78.53632454687157,10726800
2021-06-09,78.99430084228516,79.28403870380014,78.53633775425818,79.06907236336029,9720300
2021-06-10,76.91943359375,78.93821445936777,76.36800261806584,78.65783199140614,16680800
2021-06-11,77.48021697998047,77.7979852495497,76.48951214941906,76.62036587697638,11066500
2021-06-14,77.21851348876953,77.6671282954673,76.76054332990233,77.57366747162224,10173200
2021-06-15,76.30255889892578,77.11568281256608,76.03151759437901,76.63902347487337,17298000
2021-06-16,72.04071044921875,73.41460678789277,70.93785551543864,72.89121329230944,36560600
2021-06-17,72.48931121826172,72.65754353584802,71.55468881624967,71.95657673433898,14836100
2021-06-18,71.24628448486328,71.88182814298828,71.00328061042013,71.87247992034693,22521200
2021-06-21,72.8912124633789,72.99402151684552,71.54536080722352,71.60143587980373,8924300
2021-06-22,73.53610229492188,74.01276179053713,72.58279043429553,72.95663374867189,9845800
2021-06-23,72.9939956665039,73.71365878590623,72.95660992115556,73.61084976884875,7295900
2021-06-24,72.65757751464844,73.79781851924093,72.53607911258443,73.50808772091564,9624000
2021-06-25,73.33047485351562,73.47066964385216,72.48931324209968,72.92858692420597,12845000
2021-06-28,73.36785888671875,73.80713255852935,73.20897478900945,73.35851066608788,5605400
2021-06-29,72.9939956665039,73.45195856846786,72.73230257966736,73.4052317347338,5392900
2021-06-30,72.75101470947266,73.09682761447702,72.50801798438165,72.51735907569773,7899800
2021-07-01,74.33988952636719,74.41466105282001,72.81645711056848,72.88188041356338,13108000
2021-07-02,76.47081756591797,76.882053774068,74.16229870206455,74.25575953193385,15258100
2021-07-06,77.64845275878906,78.16249094643582,76.04090063327979,76.26520807642375,14200400
2021-07-07,80.4616470336914,81.47104103790298,77.53628119638219,77.7325510643227,20976600
2021-07-08,79.99433898925781,81.20935113155122,79.12514688098526,79.46160443192082,16383300
2021-07-09,82.02247619628906,82.62063405209211,80.17192042760806,80.26538125558902,15685300
2021-07-12,81.3869400024414,83.04121891338184,81.284130943109,81.80751733199777,16076800
2021-07-13,81.37760162353516,82.18137774976094,80.87290448865345,81.03178864298502,12789300
2021-07-14,82.81282043457031,83.17866717076355,81.2931515786619,81.68713927042288,13330500
2021-07-15,80.89916229248047,83.2724784672957,80.214375136893,82.64397322671356,18306300
2021-07-16,82.07173156738281,83.00042589895328,81.1618026412267,81.37756186206065,14617500
2021-07-19,81.59333801269531,82.428219804234,80.85226179697656,81.5276733939307,15619900
2021-07-20,83.1692886352539,83.53513535830233,81.6308472693991,81.70589458615417,12813900
2021-07-21,84.13551330566406,84.6608302948456,82.98168388224639,83.38505432948426,13108100
2021-07-22,85.07359313964844,85.4957218887746,84.12614018458471,84.42632237787417,13638900
2021-07-23,82.2593765258789,85.55199771076838,81.72467680857063,85.35500383143454,12680900
2021-07-26,82.41883850097656,82.64397331815377,81.30253280609048,82.02485078168975,10454100
2021-07-27,82.362548828125,83.11300053366571,81.72466094211701,82.32502516931204,8465200
2021-07-28,81.78095245361328,82.50326328907582,81.72467053723896,82.45636407773289,6396800
2021-07-29,82.20307159423828,82.79406027516667,81.92165488813984,82.2499779570411,6201400
2021-07-30,81.7434310913086,82.6908839327512,81.49015530358803,81.99671403593634,7962800
2021-08-02,82.17493438720703,82.48449921924968,81.69651666104171,82.29688807329403,5579100
2021-08-03,84.18240356445312,84.58577396878607,82.37192809713177,82.43759271379497,9889800
2021-08-04,84.47321319580078,84.5107297007581,83.75089522950505,84.22931297213798,7509900
2021-08-05,83.8916015625,84.91409444152119,83.26309637134536,84.59515407236434,8231300
2021-08-06,83.97603607177734,84.31374189588817,83.31938983428809,83.71337757678164,6513900
2021-08-09,84.33251190185547,84.86721162634858,83.58205288362659,83.91975872613882,5798700
2021-08-10,84.088623046875,84.53889995023567,83.4225939774377,83.58206421443496,5473300
2021-08-11,84.0792236328125,84.82029989837288,83.9666597970207,84.33250657715837,8009800
2021-08-12,84.24806213378906,84.40753946872937,83.17866293523188,83.59141601429113,5687200
2021-08-13,84.78277587890625,85.68332234600324,84.37940543622568,85.00791786336084,6640400
2021-08-16,85.1955337524414,85.2142920070662,83.99480506304366,84.2949872353931,7122800
2021-08-17,85.3174819946289,86.09608197981434,84.77340671681125,85.35500566153145,6738500
2021-08-18,83.43196868896484,85.41129745019941,83.35692135277873,84.88597325380447,7666300
2021-08-19,83.21619415283203,83.85408207982445,82.76592453195892,82.82220644534141,8099400
2021-08-20,83.43196868896484,83.86348013667319,82.83160431329168,83.30063942909308,8716400
2021-08-23,83.60082244873047,84.02295119438861,83.21621021463076,83.9479038574558,7147300
2021-08-24,83.06611633300781,84.0979920875921,82.99106900182525,83.68523892299542,6320100
2021-08-25,83.13176727294922,83.39442573194047,82.59706765088667,83.06610265820142,5748500
2021-08-26,83.22557067871094,83.65708201539009,82.98167047731627,83.30999354251715,9093200
2021-08-27,83.81655883789062,83.97602903120983,83.12238899404316,83.29124189194191,5426800
2021-08-30,83.9103775024414,84.40756072602208,83.76967269633226,83.91976020848459,5357000
2021-08-31,83.61018371582031,83.95727222216372,83.00981943672832,83.9103658553663,8113300
2021-09-01,84.37938690185547,84.58576343048694,83.3662768219732,83.73212352021788,8208000
2021-09-02,84.23870086669922,84.89534709750825,83.87285408711888,84.58578223573807,7717400
2021-09-03,84.42633056640625,84.87660747846692,83.76968419143103,83.80720070693643,8456900
2021-09-07,83.22557067871094,85.05480429690581,83.05671779419248,84.46382277954426,11046000
2021-09-08,83.92913818359375,84.05108472765035,82.5220329465564,82.68150315576287,8851200
2021-09-09,83.99479675292969,85.20490802836997,83.8728502176646,84.0510786681433,11034700
2021-09-10,84.12611389160156,84.94223732933467,83.96664371683137,84.0979729380428,10547400
2021-09-13,83.38504791259766,84.90472400180701,82.76592538826495,84.53887724722253,18883400
2021-09-14,81.03988647460938,81.56520351240454,79.48269361675605,80.85227529165621,22714200
2021-09-15,82.29689025878906,82.88787182545943,80.83349608522818,81.1899672916795,14951100
2021-09-16,81.84661102294922,82.52202259712615,80.85225907035898,82.24059872225028,12410500
2021-09-17,81.03988647460938,82.14680963061194,80.62713328382296,80.87103354718838,58069000
2021-09-20,80.83348846435547,81.99670039260567,79.67028369301126,79.76408925963634,13897700
2021-09-21,81.53706359863281,82.23124072967897,80.78661170026686,81.36821066904159,11124400
2021-09-22,82.96292114257812,83.48823810335534,81.8372327391753,82.19370395419426,9908000
2021-09-23,83.88224029541016,84.48260468470457,83.16931205619059,83.43197058189338,9720200
2021-09-24,84.37002563476562,84.48258946441142,83.43195555088131,83.74151323931399,7617800
2021-09-27,85.40190887451172,85.65518467059806,83.62895683118514,84.21993845999152,11533000
2021-09-28,84.88597869873047,86.55574267298356,84.47323263704742,85.02669067387829,15041800
2021-09-29,85.59889221191406,86.37749207243068,85.36437469900471,85.50508663813163,12007300
2021-09-30,81.73404693603516,85.90846326197924,81.72467138781317,85.59889840488471,15649900
2021-10-01,84.18240356445312,84.679579541604,82.17493424714218,82.32502888917602,13320900
2021-10-04,83.73213958740234,84.82967989274107,83.45071569310203,83.93851615563497,10853900
2021-10-05,85.82402801513672,86.27430479418058,83.647705756389,83.81655865391713,9788600
2021-10-06,85.68334197998047,85.8334366706771,84.09800796172276,84.82031897920116,10268300
2021-10-07,86.59325408935547,87.12795379372322,85.97413150599101,86.03041342532214,9124400
2021-10-08,88.85245513916016,89.4454925695985,86.70621623075063,86.96037307756603,13202300
2021-10-11,89.69966888427734,91.12108446128522,88.67361164838016,88.75833539679219,12959300
2021-10-12,89.96322631835938,90.85749011169798,89.6714152834011,90.20797499576494,9964100
2021-10-13,90.74454498291016,91.29992826481909,90.32094062615184,90.46214207840461,9453900
2021-10-14,89.69025421142578,91.63881425786755,88.83364446592569,91.12108514494903,7911200
2021-10-15,89.7373046875,90.40565046477253,89.17250614716576,89.51137952592383,7422800
2021-10-18,90.84809112548828,90.97987723083247,89.5208075450593,89.89734235253019,7344100
2021-10-19,91.36580657958984,91.5729010519125,90.66922195779793,91.30932888052114,5616500
2021-10-20,90.970458984375,92.22243412702038,90.60333953379536,91.56349643951044,6574100
2021-10-21,90.65042877197266,91.14933443209046,90.09503821209054,90.90458568459299,6224400
2021-10-22,92.48600769042969,92.50483119866809,90.57510201395526,90.64099506549562,6819600
2021-10-25,92.1471176147461,93.14492863029515,91.82706773496744,92.66485381062716,5083100
2021-10-26,91.2905044555664,92.77780557655686,91.25285026263207,92.53306409518805,7089700
2021-10-27,90.39624786376953,91.59174533810851,90.36800901004256,91.13048678788748,5941200
2021-10-28,90.58451843261719,91.96827253136551,90.30211553306623,90.97987674654527,5177200
2021-10-29,90.3115234375,91.2810956339764,89.8596802718063,90.170321999358,7578600
2021-11-01,88.84306335449219,90.39626524434878,88.40064259136463,90.36802638519228,7327600
2021-11-02,90.2456283569336,90.29269071405139,88.01466579361417,88.23117561812668,6229600
2021-11-03,90.50920104980469,91.18696219599857,89.19133295240583,90.83866627870357,5746400
2021-11-04,90.01969909667969,90.94220887225897,89.72788807768148,90.58450481084817,5857500
2021-11-05,89.37960052490234,90.88573966093188,88.57946859751394,90.55626723629813,6160200
2021-11-08,89.55846405029297,89.66201130455912,88.77715556148635,89.66201130455912,5056400
2021-11-09,89.04073333740234,90.00089754020847,88.54182772577776,89.53023078481854,6102600
2021-11-10,88.3253173828125,89.28547432057381,87.88288952201314,88.57947424869505,5828800
2021-11-11,88.52300262451172,89.20076388918044,88.29708459689036,88.58889568180982,3620600
2021-11-12,88.05232238769531,88.92776269013815,87.94877514468998,88.75832239992974,6435300
2021-11-15,88.50416564941406,88.72067549762488,87.46870031604132,88.3159018367296,5700900
2021-11-16,90.00089263916016,90.71630807929985,88.50416870398662,88.61713130457846,7392900
2021-11-17,89.7373046875,90.49978235786106,89.25722269640451,90.14207829140344,6257600
2021-11-18,89.10661315917969,89.73730474324802,88.0146630896258,89.56786446286218,5725300
2021-11-19,88.45711517333984,91.27170048745849,88.42887631582306,89.24783191103,8936600
2021-11-22,89.05953979492188,90.05735074665091,87.9299427620891,88.23116911629803,6488200
2021-11-23,87.48753356933594,88.75833229669429,86.84742653293112,88.63596153304496,8905500
2021-11-24,88.08998107910156,88.20293649046941,86.74387403313823,86.81918242858605,10908500
2021-11-26,86.9133071899414,88.56064050052345,86.66855851575001,87.4404515511506,4519300
2021-11-29,87.48753356933594,88.60771549669113,87.42164051478564,87.7040362420851,9552500
2021-11-30,85.41659545898438,88.03350130754053,85.29422469562319,87.56283458134541,23271200
2021-12-01,84.48465728759766,86.96977643716774,84.3999407442681,86.31084604970695,12084900
2021-12-02,84.7105712890625,85.69897400582124,83.77865344701716,84.15518815729679,7089800
2021-12-03,83.06324005126953,85.46364259827136,82.57374994435041,85.04945368963044,10808600
2021-12-06,83.7221908569336,83.93869350668325,82.696133765874,83.1573850987265,8398500
2021-12-07,84.7670669555664,85.40717388999383,83.97634324513103,84.70117391151372,6803700
2021-12-08,83.7221908569336,84.88002686129036,82.75261865077684,84.76707145509177,7695800
2021-12-09,83.56217193603516,84.71059995926106,83.06326632832662,83.8916444076658,8615800
2021-12-10,96.6090316772461,100.101377274697,94.22745963443532,98.17164836504618,45824600
2021-12-13,94.97112274169922,98.23755067151299,94.62282681075472,96.43019233203567,16317600
2021-12-14,94.02978515625,95.50767818760183,93.55911849426785,94.13333239643033,9511600
2021-12-15,97.56919860839844,97.67274584660815,94.35924858750388,94.67930564609838,14452200
2021-12-16,97.16443634033203,97.89867525566085,96.27958063119011,97.85160571214324,9053200
2021-12-17,90.9516372680664,94.0862720861644,90.1891523172391,91.95886373623205,28872300
2021-12-20,86.26378631591797,90.76335851183607,86.15082373017569,90.76335851183607,17205400
2021-12-21,86.14142608642578,86.45206066699261,84.44702300240544,86.42382181255965,15823000
2021-12-22,84.58821868896484,86.47088546204343,84.25875344003686,85.91549502944727,10539000
2021-12-23,84.4564208984375,85.05887360788329,83.83513750205746,84.74823190969326,9655400
2021-12-27,84.28697967529297,85.03063380115493,83.7974823657572,84.43758926005594,7666200
2021-12-28,83.44920349121094,84.53173828756125,83.32682555851001,84.43759920646713,5610500
2021-12-29,83.03499603271484,83.95750567674172,82.57374480160239,83.30798350715338,5628500
2021-12-30,82.84674835205078,83.69394978508264,82.62082318204004,83.44920110847269,7382400
2021-12-31,82.09368133544922,82.93146744999525,82.06544248378194,82.88440509115098,5908200
2022-01-03,82.74320220947266,82.78085640497422,80.72874943186153,82.20664249173144,10644400
2022-01-04,83.62805938720703,84.32465130391324,82.58318587575613,82.74321083697072,11959000
2022-01-05,81.38768768310547,83.40214065339266,81.1617696702912,83.29859340131026,11236700
2022-01-06,81.57665252685547,82.59707107952167,80.83024286117514,81.25541365387748,7918400
2022-01-07,82.68209838867188,83.14506319947557,81.51995399267402,81.68057340745531,9836800
2022-01-10,84.35445404052734,84.44893563556212,82.15299755464729,82.55927490093208,11025500
2022-01-11,83.59857940673828,84.08988793982297,82.58761137939655,83.74974849057881,7249800
2022-01-12,83.43795013427734,84.58119377671731,82.83325940122616,83.98595336375566,5840300
2022-01-13,82.94664764404297,84.01430322031052,82.71989040479235,83.83479037645834,6044300
2022-01-14,82.85218048095703,83.2395571984074,81.87900631763674,82.65376696102139,6054800
2022-01-18,80.83024597167969,82.17190344895346,80.63182523840024,82.07742184788196,6824700
2022-01-19,78.77995300292969,81.90734640349113,78.63823421539063,81.03809699184444,10501800
2022-01-20,78.15636444091797,80.31057639558337,77.9673940537208,79.29015793016822,10836900
2022-01-21,77.68395233154297,78.78940210817778,77.50443225878769,78.76105835110768,11609000
2022-01-24,77.8729019165039,77.8729019165039,75.19903076982528,76.73910858082562,16770400
2022-01-25,76.59739685058594,77.57057096617014,75.77539184390159,76.84305476209221,13469900
2022-01-26,75.19906616210938,77.504455199295,74.90617097437978,77.39108013745677,13971300
2022-01-27,75.37855529785156,76.67297532005693,74.83055202931358,75.69035100669035,10331900
2022-01-28,76.0399398803711,76.05883331318863,74.23531068578778,75.57696787879206,7854700
2022-01-31,76.68242645263672,77.13594093531013,75.69980212886735,76.0493847074942,10594200
2022-02-01,76.5690689086914,76.90920848457705,75.25575501621047,76.90920848457705,8016900
2022-02-02,77.94850158691406,78.30753451432102,76.38007979188114,76.6824324151501,9287600
2022-02-03,77.41939544677734,78.19415598800663,77.12649315822078,77.12649315822078,8207200
2022-02-04,77.58001708984375,78.33588421888959,76.97532627000035,77.50442893524253,5570200
2022-02-07,76.28559875488281,77.71229457023139,76.21001780700044,77.60836265734937,6292200
2022-02-08,76.33285522460938,76.39899306976636,75.39747506925072,75.86043998534961,6585300
2022-02-09,78.84608459472656,79.03505497728341,77.14539440261308,77.23987598964999,8755900
2022-02-10,77.33436584472656,79.15788878258084,77.11705889215705,78.18471463593805,6336300
2022-02-11,75.35021209716797,77.88235744407042,75.14234828974958,77.32490385067722,7670500
2022-02-14,74.59435272216797,75.3313264450881,74.11249443717998,75.18960045189256,5389800
2022-02-15,75.36910247802734,75.52027877129386,74.83999986855937,75.01006959424299,5712800
2022-02-16,74.82112121582031,75.3785676882695,73.90463458018189,75.08567257281204,6227000
2022-02-17,71.363037109375,74.62270622999583,71.17407391766525,74.41484239402489,9247100
2022-02-18,70.45600891113281,71.5520157327635,70.18200720572514,71.33470154968688,7790100
2022-02-22,70.03082275390625,70.7772395380485,69.55840761521998,69.7473707873013,8039000
2022-02-23,68.47184753417969,70.27646951486179,68.35846531216725,69.98357445193282,6807100
2022-02-24,70.6827621459961,70.80559471529884,66.3554442559984,67.02627299613236,11240500
2022-02-25,72.13780975341797,72.59133158099488,70.21980492477053,70.53160073069935,8291800
2022-02-28,71.77874755859375,72.4684695304765,70.8811545921333,71.40081405737261,9234400
2022-03-01,71.8165512084961,72.27951602478946,71.44806797798952,71.78820745360835,8752100
2022-03-02,73.96131896972656,74.50932230517125,72.04331450415367,72.23227769159082,8527200
2022-03-03,73.9329605102539,74.67937720662128,73.1582000622557,74.60378906328437,8203000
2022-03-04,72.27008056640625,73.61174531103809,71.59925179833253,73.38498080833489,8841300
2022-03-07,70.21979522705078,72.17559387193072,69.38834706788616,72.08111227337535,11110100
2022-03-08,69.2844009399414,71.07957977832166,69.07653714065242,69.76625915631233,9134100
2022-03-09,71.90159606933594,72.70470051311054,70.56938887831865,70.78669584587148,8959500
2022-03-10,72.42125701904297,72.61022022978449,70.89062906149282,70.95676690610078,13812600
2022-03-11,73.52668762207031,75.49193621478476,69.9174364606825,72.46847517788194,22795800
2022-03-14,72.81807708740234,74.26366641522938,71.27800616328614,73.62118146858585,13306200
2022-03-15,76.1533203125,77.04146309624863,72.818070525506,73.7440073860613,16847200
2022-03-16,75.54862976074219,76.74856827591589,73.46055566724428,76.53125413564999,14071300
2022-03-17,76.1533203125,76.80525552256937,74.887251177651,75.37855975917131,10462400
2022-03-18,77.17373657226562,77.46663164860713,74.49041486295405,75.23683163963094,24176000
2022-03-21,76.49344635009766,77.45717711806557,75.84151125461828,76.79579170292484,8131300
2022-03-22,77.28712463378906,77.69340196800457,76.37063805136222,76.96587857003374,9292300
2022-03-23,75.95491027832031,76.9186412596176,75.7942908509319,76.76746494549904,7451100
2022-03-24,77.70285034179688,78.2508537056961,76.0493971361755,76.20057346076173,7025700
2022-03-25,77.22098541259766,78.26974043853633,76.74857025145202,77.5138805057933,5682300
2022-03-28,78.9878158569336,79.0917477721631,77.23043082839543,77.23043082839543,6626700
2022-03-29,79.6397476196289,79.84761144098971,78.52484756654357,79.82871079805699,5762000
2022-03-30,78.76106262207031,79.70589302088739,78.5343053447297,79.32795941966378,5533100
2022-03-31,78.16580200195312,79.28070187471958,78.03351914826847,78.5248348662914,9433300
2022-04-01,77.48553466796875,78.76105412710069,76.97532544261935,78.4587087204288,6147500
2022-04-04,79.43189239501953,79.64920656136617,77.47609373183572,77.71230133467668,7882400
2022-04-05,78.36421966552734,79.85704591395465,78.10911147291898,78.79884069567528,5143400
2022-04-06,77.58946990966797,77.92015908609251,76.88084715655106,77.40049951708008,5492400
2022-04-07,77.34284210205078,77.78865065972141,76.62196002503696,77.06776858270759,7112200
2022-04-08,76.77373504638672,77.61792302848839,76.12873675522877,77.50409724651368,6182500
2022-04-11,75.65447235107422,76.9539489676538,75.59755584262395,76.47968573843612,5738400
2022-04-12,75.2466049194336,76.82115506135258,74.95255679936413,75.83468668620753,6174700
2022-04-13,75.6449966430664,75.84418636143607,74.58264424174449,75.18022063353717,4728600
2022-04-14,75.36042785644531,76.2235904487884,75.23712201611755,75.72087255948217,5590400
2022-04-18,74.19374084472656,75.86314944027497,73.89969995792184,75.07587074182334,4955900
2022-04-19,75.46476745605469,75.67344444788318,74.21271274176677,74.22220003321797,5412400
2022-04-20,76.15718078613281,77.64636685201289,75.68291761564004,75.68291761564004,9472600
2022-04-21,75.38887786865234,77.3997491094856,75.24659746808653,77.29541063151612,5616100
2022-04-22,72.28719329833984,75.59754828088573,72.23977132217107,75.18968165508859,9357100
2022-04-25,73.01756286621094,73.09343947564118,70.8549166721069,72.27770622164063,7305900
2022-04-26,70.6747055053711,72.70455146307957,70.6462508706705,72.41999064270904,7555200
2022-04-27,70.91185760498047,72.10699602791675,70.58935476623898,70.74112251074894,7279200
2022-04-28,72.22080993652344,72.68558591330671,70.76007820137855,71.63272087847294,6177900
2022-04-29,69.62183380126953,71.9646949852178,69.38470221968257,71.46196995344093,7946900
2022-05-02,70.19093322753906,70.76004745502094,68.79659866636644,70.1245366882775,7379900
2022-05-03,69.51750183105469,70.39014439614262,69.06220596766667,70.04867430777217,5211500
2022-05-04,71.33868408203125,71.47147722591349,69.04325146728567,69.60287868269171,6759900
2022-05-05,69.0527114868164,70.87388008650913,68.2844003301642,70.19094005245418,7197200
2022-05-06,68.75867462158203,69.18551583062847,67.94294136342064,68.41720454901764,6222500
2022-05-09,67.85758209228516,68.8535305079648,67.50662470579857,67.95243328853812,7019700
2022-05-10,68.796630859375,69.83052858217458,67.6014853567252,68.76817622018773,8129000
2022-05-11,67.37382507324219,69.67874437920389,67.22206462123884,68.5879376359957,6932100
2022-05-12,67.08929443359375,67.27899687258176,65.4198854710994,67.23156764449267,11698900
2022-05-13,67.50662994384766,68.27494133748179,66.89957355670646,67.30744024525598,6700100
2022-05-16,66.12178039550781,67.26001651942383,65.8182522098001,67.05133953487176,6942100
2022-05-17,68.18006896972656,68.19904354858286,67.06080762769363,67.39279762754559,5952500
2022-05-18,64.78436279296875,67.2884721720356,64.31957959792801,67.1556790410762,7977300
2022-05-19,63.58921432495117,64.4049476540742,63.28568614923208,64.00656828032088,9451600
2022-05-20,65.09735870361328,65.15427520372805,63.40898301273255,64.38596396397152,7531100
2022-05-23,66.434814453125,66.84268124518277,65.13533020013048,65.74238674133024,7370200
2022-05-24,65.47676849365234,66.8995579254542,64.79382840851845,66.0838247389533,6644100
2022-05-25,66.235595703125,66.6055203948029,65.23015286718363,65.33449134295756,7103300
2022-05-26,67.9714126586914,68.40773398154174,66.31149127892729,66.52016103071256,6758900
2022-05-27,69.03375244140625,69.10014900206191,67.86706898464487,68.63537307747224,6566700
2022-05-31,68.21802520751953,69.22346823415062,67.83861315426344,68.51207334805157,16890300
2022-06-01,67.91448974609375,69.49852711952785,67.48765575477442,69.26139551619883,5804700
2022-06-02,69.37523651123047,69.42266573697466,67.35487741282643,67.80068608276005,6200400
2022-06-03,68.09471130371094,69.20448545782952,67.56353883405052,68.82507344949401,8169500
2022-06-06,69.21398162841797,70.98772159718646,68.89147884711629,68.89147884711629,5274700
2022-06-07,68.94841003417969,69.36575687270744,67.90502484614875,67.90502484614875,5675700
2022-06-08,67.705810546875,68.43617991360999,67.28846385970843,68.3033867990549,5253500
2022-06-09,65.65701293945312,67.49715687403433,65.63803835475723,67.12722483930153,6824900
2022-06-10,63.684078216552734,64.70848872754704,63.51334313138702,64.48084435955408,10256100
2022-06-13,60.75312423706055,62.69759918860114,60.47804706976621,62.394071002977675,16547200
2022-06-14,67.07980346679688,68.70178311236917,65.46730387697585,68.29391637786733,29661300
2022-06-15,66.11228942871094,67.74375604994052,65.13530836142824,66.82368425285064,11765500
2022-06-16,65.17325592041016,65.41038754895335,64.1014235646008,64.97406622083584,10686000
2022-06-17,64.23422241210938,65.79929274706419,63.92120689778169,65.21120365075309,16445600
2022-06-21,64.1962661743164,65.95103854327685,63.92119265363019,65.07839600386805,10047700
2022-06-22,63.105464935302734,64.0919333331936,62.963184517366834,63.484876970904246,8219900
2022-06-23,64.14886474609375,64.37651638803615,62.896809662151185,63.02960283494167,8775800
2022-06-24,67.0608139038086,67.1366977529727,64.4713408720528,64.81281095660907,20132600
2022-06-27,66.7857437133789,67.20309038603708,65.39140882234032,65.79927544191841,8840600
2022-06-28,65.0499496459961,67.41177862430183,65.0025204259298,66.93751537037072,7252100
2022-06-29,65.64752197265625,66.48222273546256,65.23965526472836,65.47678690336822,8077900
2022-06-30,66.2735366821289,66.63397407905939,64.698979514981,64.698979514981,9888600
2022-07-01,67.22207641601562,67.32641491112338,66.21663339376659,66.25457532259513,7805600
2022-07-05,68.284423828125,68.29391111982962,66.56759310043458,66.75729551442748,9040400
2022-07-06,67.9714126586914,68.99581578175253,67.63942259339225,68.59743638741304,6043700
2022-07-07,68.13265991210938,68.27494033377833,67.51611624266576,68.13265991210938,7814500
2022-07-08,68.17059326171875,68.52154338943126,67.65838815017628,67.99985822453793,4927300
2022-07-11,68.18965148925781,68.57076040027023,67.55129824301453,67.64657365350567,4543300
2022-07-12,67.08444213867188,68.54217696673032,66.76049702741015,68.2182318554686,7140800
2022-07-13,66.7223892211914,67.19877355921967,65.43615296232471,65.78867998932296,6454800
2022-07-14,66.1697769165039,66.2936414877316,65.00740532076985,65.89348041695197,4915500
2022-07-15,67.39884948730469,67.52271405888933,66.69380275070203,66.94152462482369,5134100
2022-07-18,66.89389038085938,68.32304344850954,66.83672658424885,67.88477071338262,4642300
2022-07-19,68.82801055908203,68.88518162545229,66.94153255697866,67.30358205509737,7160300
2022-07-20,69.16146850585938,69.64738252242219,68.75178499016711,69.1233641589953,5655700
2022-07-21,71.01937103271484,71.1051167160223,68.72319525907203,68.74225470139417,7005100
2022-07-22,71.36238098144531,71.73396021321618,70.75260956166498,71.28615773671059,6659800
2022-07-25,71.32427215576172,71.86735007495588,70.82882831460799,71.55293462988321,5721600
2022-07-26,70.5334701538086,71.74349054991704,70.22858444130978,71.26710616982211,7284400
2022-07-27,72.28656768798828,72.52475987551672,70.80977321769248,70.86693701660373,6677200
2022-07-28,73.40131378173828,73.6299762726021,71.75302045701496,72.06743592510863,5688100
2022-07-29,74.16352844238281,74.4684214717767,73.36320604737361,73.37273577180464,5926600
2022-08-01,73.78241729736328,74.13493709686833,73.07736316025522,73.53469537705372,5227500
2022-08-02,72.7438735961914,73.61089642122778,72.46756985862092,73.35364485529635,6403400
2022-08-03,73.7157211303711,74.08730036299055,72.6962588541244,73.09641998632245,6127800
2022-08-04,73.74429321289062,74.17303618759176,73.46798943866519,73.79192728283088,3656200
2022-08-05,73.69666290283203,73.74430424894972,72.41042651719168,72.66767088670022,4858100
2022-08-08,72.85821533203125,73.77287230729654,72.66765725236297,73.28695829045178,4733500
2022-08-09,73.14405059814453,73.27744490494106,72.25797540793269,72.6105024471519,4243700
2022-08-10,73.8776626586914,74.29688308107217,73.55371762256645,73.92529671729629,5258500
2022-08-11,73.51563262939453,74.31595480740822,73.43940939271286,74.2683134672202,5554600
2022-08-12,75.41163635253906,75.66888067687016,73.99201316994304,74.31595100569683,6692300
2022-08-15,75.37353515625,75.66889113780412,74.79234564677033,75.11628352730729,3733500
2022-08-16,75.76416778564453,75.89756209814121,75.12581446785082,75.17345581296024,6185100
2022-08-17,75.50691986083984,76.00235638899026,75.22108634175991,75.26872768462268,5185100
2022-08-18,75.5736083984375,76.10715651190284,75.27825244549031,75.53549678046886,4120500
2022-08-19,74.94479370117188,75.39258890968472,74.73518341218146,75.297313488066,4679000
2022-08-22,72.84870147705078,74.24927277420176,72.5723976531391,74.24927277420176,5757700
2022-08-23,72.80105590820312,73.37271564339284,72.64860943532697,72.64860943532697,4432300
2022-08-24,72.57239532470703,72.943974562758,72.4580677247214,72.85822886276878,3876400
2022-08-25,73.25836181640625,73.27742125510375,72.39134635086714,72.73433628791567,3523400
2022-08-26,71.12417602539062,73.610902603322,71.04795279433932,73.34412856368985,4904100
2022-08-29,70.6859130859375,71.32426637855545,70.57157822361329,70.60968984438803,4295500
2022-08-30,70.63825988769531,71.1432260573789,69.99037698135386,70.90503391929816,5099100
2022-08-31,70.64781951904297,71.60058847474401,70.54301435239184,70.9431755692142,8612900
2022-09-01,71.74349212646484,71.81018565038175,70.05708731320307,70.6192246739733,8139800
2022-09-02,71.15278625488281,73.14406989301521,70.96223537041905,72.16271902683128,11027700
2022-09-06,70.34290313720703,71.63866893468617,70.07612910873434,71.17180711581186,7090100
2022-09-07,70.97174072265625,71.14323938496388,69.95227847145217,70.2000003767962,5792600
2022-09-08,71.12417602539062,71.26709276634996,70.1332958288659,70.53345688831413,6897100
2022-09-09,72.32466125488281,72.41993665229955,70.9240903788115,71.1241708941007,7762400
2022-09-12,73.43941497802734,73.72524123374974,72.66766736876535,73.01066469087101,15628900
2022-09-13,72.44853210449219,75.65936520862645,72.20081020960616,72.46758427992269,29476500
2022-09-14,68.71366882324219,72.28655080152761,68.38019402336462,72.21032757475291,21601400
2022-09-15,66.92247009277344,68.68509069814658,66.45561547459366,68.12296066571248,12478100
2022-09-16,65.57906341552734,66.50325010553742,65.02645589194748,66.2936398539004,23412000
2022-09-19,65.8077392578125,65.86490305844212,64.7025312543627,64.97882780343846,8364000
2022-09-20,64.89306640625,65.22653394434563,64.26423567522924,65.04550559407352,8624300
2022-09-21,63.5973014831543,65.62669590238895,63.58777176220561,65.46472699149757,6768200
2022-09-22,62.91131591796875,63.778338921631466,62.73028753939119,63.69258595897168,7190700
2022-09-23,61.501220703125,62.349184239928036,60.8533340806904,62.26343127951806,9282500
2022-09-26,60.45317459106445,61.85374210509339,60.3960071607784,61.29161206263918,6897800
2022-09-27,59.47182083129883,61.35830606589003,59.10977134019675,61.129643611986,9284800
2022-09-28,60.09111404418945,60.35788808351679,59.30984409942479,59.662367456325015,8549900
2022-09-29,58.499996185302734,59.643315650286056,57.909277009267555,59.34795969679241,8882100
2022-09-30,58.18558120727539,59.205043372758766,58.17605511995897,58.366605942479104,9794400
2022-10-03,60.100643157958984,60.253085983823155,57.93785806727604,58.10935670068869,9661400
2022-10-04,62.587364196777344,62.720751203347625,60.7866287045086,60.7866287045086,9892600
2022-10-05,63.49250030517578,64.0165259542067,61.910908174637584,62.253898190583264,9201600
2022-10-06,62.215797424316406,63.65447289075816,62.13957418569684,63.19714799713698,6992000
2022-10-07,60.300724029541016,61.56790797981865,59.776702039800305,61.44404341278487,7137900
2022-10-10,59.6147346496582,60.88191870956868,59.090712614580724,60.60561492641954,6407200
2022-10-11,59.76796340942383,60.42875194931365,59.040138509829575,59.23166887858075,7376900
2022-10-12,61.079959869384766,61.55879305406971,59.53811643018609,59.969067027044,9008600
2022-10-13,62.439842224121094,62.92825410158597,59.633883218817196,59.83499227273466,10147100
2022-10-14,61.5875244140625,63.79016007694667,61.49175923446207,62.93783755759759,8044500
2022-10-17,64.18280792236328,64.70952743886355,63.0814972529068,63.09106865763166,11368300
2022-10-18,64.19237518310547,65.67676096925183,63.522011651151026,65.12131272482414,6688600
2022-10-19,63.4932861328125,64.34560865624982,62.99529550623783,63.675237783001606,5506000
2022-10-20,66.31840515136719,66.96003995308256,64.34561449863581,64.6712176016858,17600500
2022-10-21,69.6223373413086,69.7085311079582,67.33351546047565,68.0230363680162,15652600
2022-10-24,69.83302307128906,70.5704301951781,68.74128410149191,69.84260177984204,11489400
2022-10-25,70.0437240600586,70.97266169210438,69.53616200702292,70.34059832358922,9137700
2022-10-26,71.65260314941406,72.51450441151911,69.47870353327451,69.53616118194314,10693600
2022-10-27,71.96863555908203,72.6677279796837,71.39403714732876,71.58556751577478,7053000
2022-10-28,74.0850601196289,74.39151302089921,72.11227002435213,72.11227002435213,8758100
2022-10-31,74.76500701904297,75.01400230040872,73.16570606719138,73.26147123497391,12349000
2022-11-01,73.84566497802734,75.87592060424217,73.10825767565771,75.27258602840963,7753000
2022-11-02,71.93991088867188,74.15211818955413,71.83456698801885,73.4051394804986,7524300
2022-11-03,71.85369873046875,72.48576197276883,70.91518988188314,71.55682452622017,6761200
2022-11-04,72.78263854980469,73.42427321505966,71.09714382180276,72.72518091005469,7219000
2022-11-07,73.49131774902344,73.8264995289209,72.29423474480758,72.88799054520798,5394300
2022-11-08,72.4378890991211,73.87438876233436,71.8441332746835,73.69242980027451,9104200
2022-11-09,72.45704650878906,73.2997903474395,71.82498314998989,72.18889376764041,6013700
2022-11-10,73.90312194824219,75.14809131906961,73.46259623562732,74.4106840235068,10437300
2022-11-11,74.44898986816406,74.59264130098167,73.32852184373445,73.86481273274376,7712900
2022-11-14,75.2055435180664,76.17278865738055,74.0563467255616,74.19999815122846,7153000
2022-11-15,75.82801055908203,77.26450986951696,74.70754285048197,75.58859400734288,7618500
2022-11-16,76.50797271728516,76.83358311222267,75.5215774349303,75.77057275971602,6011900
2022-11-17,75.84716796875,76.21108583852543,74.879930267244,75.81843914880227,5717300
2022-11-18,76.35475158691406,77.05384402500445,75.51200040927253,76.6133183214261,6107000
2022-11-21,76.44092559814453,76.70907099951806,75.55987433465602,76.20150901743042,5235400
2022-11-22,78.6435546875,78.72974114249097,76.45049810918424,76.50795574584488,8796200
2022-11-23,79.06492614746094,79.40968659455623,78.31794761422577,78.64355795044418,6347900
2022-11-25,79.2181625366211,79.95556241963537,79.04578229941568,79.34265653321935,2754900
2022-11-28,77.9444808959961,78.66273081748992,77.63802788841537,78.63400198965672,5112200
2022-11-29,77.42733001708984,78.0498146628001,77.1112983391487,77.88701312195106,4928200
2022-11-30,79.5150375366211,79.65868895341222,76.61330960438147,77.06341396733355,9610300
2022-12-01,80.54933166503906,80.95154985031537,78.86383654229907,79.53420749084196,6127200
2022-12-02,79.82147216796875,80.08004612014662,79.08407244704328,79.67782078413802,4798900
2022-12-05,76.06745910644531,78.93088022386695,76.04830898907309,78.92130881838904,9102900
2022-12-06,75.56945037841797,76.44092290214594,74.75542818756843,75.99081857725189,7656100
2022-12-07,75.44495391845703,76.07701721682484,75.25342357093525,75.33961003539572,5105500
2022-12-08,76.68035125732422,76.81442397388433,75.20554406874781,75.78014246920762,5918700
2022-12-09,76.479248046875,76.95808130171073,76.17279505603676,76.27813895661387,6850800
2022-12-12,77.83912658691406,77.96362789944037,76.55585707242636,76.91018897690263,15807600
2022-12-13,77.14959716796875,81.95708623374429,76.32600354006958,81.3441803673655,22812200
2022-12-14,78.35626220703125,79.38096493205941,77.15917924291355,77.38901712622807,11183100
2022-12-15,76.68035125732422,77.59971015934293,76.09617414670579,77.36987226044202,8196800
2022-12-16,76.2110824584961,77.05382613404745,76.1153172941129,76.57499300571774,19200700
2022-12-19,77.09214782714844,77.66674622544666,76.30686164464403,76.53669954268031,7738800
2022-12-20,77.51351928710938,78.04023141329247,76.94849232246682,77.09214374103117,6390200
2022-12-21,78.04981231689453,78.66271823401094,77.51352146602139,77.90616089429211,5932400
2022-12-22,77.08257293701172,77.73378643573261,76.06744880616446,77.5135272369035,8181400
2022-12-23,77.42733001708984,77.4752162615349,76.60373629625752,77.10172693539175,4129100
2022-12-27,77.55182647705078,78.02108095630399,77.19748728701042,77.45605399415392,4290700
2022-12-28,76.9293441772461,78.18388483153812,76.79527146486747,77.65716538546864,3794000
2022-12-29,77.95403289794922,78.33710085277819,77.28366215039512,77.54223612513043,3867800
2022-12-30,78.27965545654297,78.4616144244643,77.34114640460372,77.69547832350482,5375700
2023-01-03,80.17583465576172,80.290749951209,78.77764254530464,78.97875161875241,8997500
2023-01-04,80.90365600585938,81.5644408152653,80.09921247706757,80.63550329198586,7836200
2023-01-05,80.7408447265625,81.78470480985504,79.6969919496841,81.4016368223494,7643800
2023-01-06,82.03369903564453,82.68490510763489,80.2715892384974,81.15264048386393,8641600
2023-01-09,83.07185363769531,84.19652291224203,82.82193202144792,83.47557994130524,7519700
2023-01-10,83.14875793457031,83.25449682616312,82.25478833625658,82.32207605510553,5703300
2023-01-11,85.16741180419922,85.22509224035949,83.71591094667805,83.98506920319655,8359700
2023-01-12,85.3404312133789,85.74415756322631,84.75406360982397,85.26352886089026,6071100
2023-01-13,85.74415588378906,86.00369948490166,84.26382596334322,84.54258415148365,5090800
2023-01-17,85.16741180419922,85.9748719061295,85.00399979167244,85.73455753459744,6550400
2023-01-18,83.35063171386719,85.19624423792173,83.24489280879834,85.16740768814154,6397700
2023-01-19,82.61045837402344,83.61977418351735,81.95680308767007,83.05263587158433,5597000
2023-01-20,83.86971282958984,83.99467365838984,82.18751228572987,82.69697756274606,5567300
2023-01-23,85.5230712890625,85.67686865810934,83.60055650619968,83.81203430572448,7390200
2023-01-24,86.22476959228516,86.60927394656481,84.59063525385982,85.5999582671176,7004600
2023-01-25,86.1671142578125,86.37859206292472,84.34072369907571,85.26352993917374,5896800
2023-01-26,86.34974670410156,86.98417272089962,85.63841100787685,86.40741979640738,7302800
2023-01-27,85.54229736328125,86.24401851997352,85.51346081354812,86.032540710181,5676800
2023-01-30,83.96582794189453,85.18662888167381,83.6197747096588,85.04243881260699,6255300
2023-01-31,85.0328140258789,85.05204327748979,83.965817909606,84.29264918269489,6200400
2023-02-01,86.56121826171875,87.13797114472801,84.7925011088381,84.94630578900633,6141300
2023-02-02,85.91719055175781,87.68590812091374,85.50384954378761,87.14760628125488,8269200
2023-02-03,86.14789581298828,86.76309999788117,84.8501923808491,85.04244827226086,5671800
2023-02-06,85.10011291503906,86.13827262404718,84.97515209840003,86.04214835480086,4097200
2023-02-07,84.34072875976562,84.60987967921754,82.95652298346823,84.46569692509154,9226000
2023-02-08,83.3313980102539,84.51374038695123,83.15837140222366,83.56209770969049,7624400
2023-02-09,83.29296112060547,84.49453295635045,82.98535902400725,83.76397522675,4960300
2023-02-10,83.76396942138672,83.99466914439334,82.99496056628203,83.17760181947709,5318400
2023-02-13,85.95562744140625,85.98446398747805,83.82163502635724,83.89853737175626,5560900
2023-02-14,85.63842010498047,85.94602952011815,84.31188750435375,85.55191045733208,7484800
2023-02-15,84.91747283935547,85.75376939432098,84.61948540044428,85.40771615321881,4329900
2023-02-16,84.32148742675781,84.85017451574788,83.63899565702171,84.07155848745094,5942500
2023-02-17,83.8985366821289,84.04272674511401,83.15837178172853,83.82163433736201,6398400
2023-02-21,82.86038208007812,83.57171781181542,82.81232361202778,83.39869119244847,5260300
2023-02-22,82.9757308959961,83.80241277119543,82.64890693007655,83.32178411509402,5840100
2023-02-23,85.14817810058594,86.01331118516744,83.68706281689013,83.77357979225408,8637100
2023-02-24,85.22509002685547,85.44617513598777,83.76397457895423,83.9273865872368,7659200
2023-02-27,84.55220794677734,85.52308006521876,83.97545491949597,85.41734115460571,6748800
2023-02-28,84.01390075683594,84.60026837519932,83.80242294905739,84.3022735852331,7468000
2023-03-01,82.99495697021484,83.83125351386963,82.65851836086348,83.53326607898866,5119800
2023-03-02,83.60054779052734,83.89853520398496,82.54316623695118,82.7258001352908,5293600
2023-03-03,85.79222106933594,85.83067224455048,83.70629431717671,83.93699403465217,5498500
2023-03-06,86.26323699951172,87.15720667462563,85.69609865389282,85.94602763129346,7424800
2023-03-07,84.93671417236328,86.5900782630134,84.63872669107614,86.10944950800175,5382400
2023-03-08,85.0616683959961,85.63842139041206,84.73484438822486,84.97515874704919,5159200
2023-03-09,83.5044174194336,86.16709669443969,83.17758615074735,84.90785208188493,10572300
2023-03-10,80.81290435791016,81.94718831354987,79.669005775394,81.13973566740542,16029300
2023-03-13,81.63958740234375,82.21634034822002,78.8615542348395,80.09196247505862,10299800
2023-03-14,81.28392028808594,82.6008455158861,80.19770210780587,82.6008455158861,8732200
2023-03-15,79.76514434814453,80.14003415716496,78.9384623759938,79.8612686238758,11463000
2023-03-16,81.53385925292969,81.81262480250408,78.90001580820322,79.70746857209106,10148100
2023-03-17,81.95679473876953,82.64890112838167,81.33197606293575,81.70686580167387,13065800
2023-03-20,83.5909652709961,84.11965991775855,81.94721555171726,81.97605210811996,9177300
2023-03-21,84.18692016601562,84.4464564226918,83.30256516735638,84.10040319124921,6683700
2023-03-22,84.49452209472656,85.7057084029291,84.05234459607105,84.14846886381154,7233700
2023-03-23,84.37918090820312,86.16712041803186,84.24460544693108,85.2154775608045,10747100
2023-03-24,84.60026550292969,85.05205765260646,84.11963680477344,84.57142895445023,5852100
2023-03-27,86.64774322509766,86.99379648289481,85.11934744800368,85.18663517403023,8170100
2023-03-28,86.36898040771484,87.3590744077129,86.01331984488777,86.72464830435425,6378900
2023-03-29,87.10916137695312,87.14761255881461,86.33053777843087,86.63813989950971,5233600
2023-03-30,87.00340270996094,87.64744335886013,86.23439391492721,87.33022668087287,5640700
2023-03-31,89.32003784179688,89.39694019562845,86.9072869942811,87.05146974045014,10476300
2023-04-03,90.28128814697266,90.35819049474253,88.52218544424748,88.80095095455461,8410900
2023-04-04,90.35820007324219,90.37742199531652,89.32965489767585,90.21400998934158,6651500
2023-04-05,91.21371459960938,91.42519240217926,89.85834547175729,89.99292092179049,7478800
2023-04-06,92.20381164550781,92.35761635573873,90.34858449776779,90.67541584010236,9146200
2023-04-10,90.50491333007812,91.80804357871592,90.30220483491428,91.39297169875483,8681500
2023-04-11,90.70762634277344,90.86206776198486,89.96435445896572,90.21533005027304,8196000
2023-04-12,90.64005279541016,92.01075254952163,90.35046502109454,91.10338439688752,8040300
2023-04-13,92.2327651977539,92.42581879250363,90.67865945709413,90.91032524369831,6240200
2023-04-14,92.38720703125,92.65748501096837,91.39296702106205,92.18449854646123,6485100
2023-04-17,92.27137756347656,92.65749214904339,92.00109956293673,92.31964464836861,4772400
2023-04-18,93.1208267211914,93.38144981952401,92.44512438727082,92.66714265694313,7219400
2023-04-19,92.48373413085938,93.12082425472236,92.27137075623838,92.27137075623838,4766200
2023-04-20,91.53777313232422,92.81194618163853,91.31575483958845,92.66715228329117,5815500
2023-04-21,91.8466567993164,92.00109821256237,90.9875557254146,91.71151780103004,7335800
2023-04-24,92.12659454345703,92.74437495806254,91.67291044049162,92.03006036999962,4901700
2023-04-25,90.79447937011719,92.37754225141997,90.7558671822169,91.83698634985956,5768800
2023-04-26,90.45663452148438,91.51844394331638,90.09947729657237,90.49524671049016,6395500
2023-04-27,91.74046325683594,91.7887229702634,90.0512186319105,91.03580368719159,5615700
2023-04-28,91.43157958984375,92.08797212808844,90.96824064804406,90.99719795105855,8498500
2023-05-01,91.57636260986328,92.406506232275,91.41225897137035,91.50879312266798,5459800
2023-05-02,91.50880432128906,91.9335237079834,90.5917813233908,91.63428842300196,5995100
2023-05-03,91.48948669433594,92.10726698973318,91.25782092469248,91.76941954139438,6744800
2023-05-04,91.67290496826172,91.81769885528121,91.13234897888017,91.68255985793581,5038200
2023-05-05,93.60346221923828,93.93165479392941,91.53775788288128,91.70185417022684,8068600
2023-05-08,93.4297103881836,93.90269683378524,93.09186292703956,93.70964324585216,5314800
2023-05-09,92.80227661132812,93.52623862402177,92.76366442024177,92.86019121569645,6333500
2023-05-10,94.13436889648438,94.28881766875946,92.91811795517069,93.429716625417,5935300
2023-05-11,94.0571517944336,94.24055050569991,92.99533489725742,94.15367859476157,5144500
2023-05-12,94.45291137695312,94.52048087184069,93.56485305428149,94.22124558941326,4994700
2023-05-15,93.8833999633789,94.55909492555787,93.68069147472522,94.47222301521604,4443700
2023-05-16,94.83903503417969,95.41820324087307,93.5552071435851,93.7965278434176,6896500
2023-05-17,96.30625915527344,96.91439201640092,95.01278377263213,95.35063127074567,9436000
2023-05-18,98.78702545166016,98.90286202392002,96.2676444445788,96.30624927080973,10005700
2023-05-19,99.26966857910156,99.49168683880531,98.38161026933155,98.83529431320954,8560300
2023-05-22,98.23683166503906,99.52065961336605,98.19822683211035,98.92218896416372,5890500
2023-05-23,95.11897277832031,97.90863962142276,95.05140327350385,97.5611372067885,10047300
2023-05-24,94.9066162109375,95.44717228841394,93.9123759836401,94.54945888001959,6815900
2023-05-25,100.66934204101562,101.0264993209542,95.34097696963799,95.75604885974704,16729600
2023-05-26,100.46662902832031,102.54198838564835,100.41836194566412,100.72725212690438,13994100
2023-05-30,101.49947357177734,102.30065995021909,100.57280309826925,101.25815290582662,10296700
2023-05-31,102.2620620727539,102.79296319343825,100.53420497896929,100.84309518003829,13713500
2023-06-01,102.31031799316406,102.90879595748079,101.14232673362135,101.23885353702133,7835900
2023-06-02,102.21378326416016,103.0632293785466,102.07864427697417,102.82190870649701,8652400
2023-06-05,103.21768188476562,103.8644195418142,101.86628459940191,102.21378696891037,7442000
2023-06-06,103.38178253173828,103.7582422204645,102.46476685192275,103.10184964648901,7023000
2023-06-07,101.59600067138672,104.60768524275467,101.2002312430643,103.42038432230969,9842500
2023-06-08,103.74858856201172,104.04782384445737,101.69253168333715,102.00142185491663,9526700
2023-06-09,106.03631591796875,106.32590370872362,103.68103085362137,103.96095638962139,12597100
2023-06-12,112.38787078857422,113.43037792523873,110.37042601311104,110.37042601311104,39081500
2023-06-13,112.62918853759766,119.68540289380994,111.99209840474886,119.03866523617694,39190900
2023-06-14,118.0251235961914,118.25679676845087,111.72182815029923,112.45544513340771,26264200
2023-06-15,122.15653228759766,123.11216012713831,117.43630033245805,117.71622584305784,27476700
2023-06-16,121.10437774658203,122.97702871268929,120.80514243883124,122.72605312564365,19514700
2023-06-20,117.80310821533203,120.90166497280856,117.7258838275046,120.12943582358024,16273000
2023-06-21,117.86102294921875,119.07728128296311,116.18143301706327,117.71622906301916,17583000
2023-06-22,116.39379119873047,118.33400414769896,115.90149495346678,117.38803121392303,12203400
2023-06-23,114.52113342285156,115.73739162833598,114.0384920960983,115.43814899787387,19734300
2023-06-26,112.72572326660156,115.2837241381965,112.64849887575929,113.89371456112868,8987000
2023-06-27,113.74890899658203,114.34738691740927,112.22376793883421,112.52300321698658,6970400
2023-06-28,112.48439025878906,114.5018349027539,112.34925127186577,112.72571093036959,9240500
2023-06-29,113.69100189208984,113.71031167135439,110.65035973594699,111.63495227179511,9234300
2023-06-30,114.95552062988281,117.50387389777246,114.8976060207909,115.67948270162385,13703100
2023-07-03,113.08287048339844,114.14467998711827,112.77398031205226,113.91301419973928,4284700
2023-07-05,111.9341812133789,112.94773099604528,111.40328014611956,112.47473716972227,8466500
2023-07-06,111.44188690185547,111.78938926966742,110.6600102565399,110.68896755977045,7982800
2023-07-07,110.63104248046875,111.95348233081621,110.51520591398949,110.85305336056818,7001600
2023-07-10,110.4090347290039,111.03646996915055,109.7140373576425,110.31250793002505,6931000
2023-07-11,111.28083801269531,111.39708110568579,109.87626907664026,110.62214193315134,6117100
2023-07-12,112.38513946533203,114.39028694962062,112.01704736433666,112.04610629462987,11011600
2023-07-13,113.77032470703125,114.86492688479684,113.10194722002855,113.42160280495682,9359600
2023-07-14,115.5333023071289,116.2113759447639,113.99312009246441,114.47745523776034,7723800
2023-07-17,115.16521453857422,116.21138026499355,114.5452661207779,115.12646683866593,6735900
2023-07-18,116.9863052368164,117.4900179157391,114.11904212493408,115.05865346913772,8903600
2023-07-19,114.97149658203125,117.55784487624811,114.70995142532185,117.03476195319824,7609000
2023-07-20,112.24951934814453,115.32021002495142,111.61988952255832,113.80907922858673,12913000
2023-07-21,113.96406555175781,115.53330675306857,112.56917791470993,112.8404044240541,9159600
2023-07-24,114.37089538574219,114.82617158277063,113.0728808064732,114.244970914585,6200400
2023-07-25,114.25465393066406,114.79711430038373,113.15037042820151,114.28372024630154,6266300
2023-07-26,111.88141632080078,113.93499995622577,111.3970811852129,113.74126146777,8160000
2023-07-27,112.75322723388672,113.91562866697468,112.01703571806804,113.86719958497739,7843000
2023-07-28,112.35607147216797,113.62503465210865,112.02672710158542,113.02445637647382,6910400
2023-07-31,113.55721282958984,113.56689421069873,112.20107304725161,112.78227369957736,6703100
2023-08-01,114.21590423583984,114.34182869844827,112.8307055856793,113.25691543855157,5246000
2023-08-02,112.0848388671875,113.31505427956085,110.73838774933299,113.25692903645242,6387800
2023-08-03,110.961181640625,112.53042273766755,110.68026637736449,111.62955909699336,5193800
2023-08-04,110.85462188720703,112.75321462377862,110.68026095270723,111.72641916933878,5579300
2023-08-07,112.4626235961914,112.73385010555675,111.46489434086828,111.85236395011938,7347000
2023-08-08,111.61988067626953,111.98797272563309,110.64152161487462,111.43583095640385,4694800
2023-08-09,109.55661010742188,112.08484019677813,108.81073722372108,111.72642952310126,6542400
2023-08-10,109.45004272460938,111.4842486460157,108.95602624865715,110.2152930617339,6004100
2023-08-11,109.51786804199219,109.92471520803441,107.6483339600221,108.86886067741214,5288900
2023-08-14,111.94922637939453,112.18170518230751,109.60504602490491,109.63410495147303,6494200
2023-08-15,113.61532592773438,114.3611987121353,111.24207956027027,111.83296895936853,10412200
2023-08-16,111.72640991210938,114.11902632991509,111.65860329822027,113.48939665395918,5722000
2023-08-17,111.28083801269531,113.12131300468887,110.7771327238053,112.11389503654115,6183900
2023-08-18,112.81134796142578,113.32474206395383,110.37998331605229,110.9127549641672,9412800
2023-08-21,112.93726348876953,113.67345496494676,111.5811310199795,113.23755629860247,5811200
2023-08-22,112.88883972167969,113.99312329272682,112.10421912919041,113.82845111239145,4960300
2023-08-23,114.14810180664062,116.67633181889843,108.59762526229918,113.43128787151409,16517300
2023-08-24,109.37255096435547,115.9788811388834,108.88821588589927,115.93044467489105,11995900
2023-08-25,112.42386627197266,112.51105043701544,109.2078813541247,109.37256091245719,8758100
2023-08-28,113.17943572998047,114.02218156212628,112.0751521653028,112.72416689115595,4514800
2023-08-29,116.87006378173828,117.41251674123063,114.8164802502258,117.16066041416606,11920500
2023-08-30,117.32535552978516,117.92592641734491,116.38574410720754,116.93788591145638,5601800
2023-08-31,116.61820983886719,118.15839936658169,116.35667212529847,117.20909927769489,9109800
2023-09-01,117.14129638671875,117.8774878633585,116.32760951456582,117.21879178223192,6189900
2023-09-05,120.09576416015625,120.38636085734736,117.38348397749228,118.60401079872796,11089600
2023-09-06,120.43475341796875,120.67692093917096,118.88488276034789,119.20453827165645,8728500
2023-09-07,121.17096710205078,122.01371294321324,118.74929129564285,119.95044781668618,11864400
2023-09-08,122.3624267578125,122.72083741398896,120.45414516611325,120.89005121665775,10595500
2023-09-11,122.7402114868164,123.42796650546748,120.81255968015392,123.04049691162197,22155600
2023-09-12,106.17594909667969,109.7503447649922,103.93832313345584,108.56856585078765,68605700
2023-09-13,108.3360824584961,109.40162569738605,104.81012316899076,104.9263662651518,27171000
2023-09-14,110.09906768798828,111.53269556529037,108.44263500392229,109.94407689564873,19849700
2023-09-15,110.34123992919922,111.59081814108707,108.97541122776786,110.61246643690723,23215000
2023-09-18,108.69448852539062,110.88368537298112,108.08422892471887,109.86657864816067,11744100
2023-09-19,109.23694610595703,110.17655747620509,108.21015795638347,108.95603822344069,9536100
2023-09-20,109.33380889892578,111.1064697606401,108.93665056677288,109.27568366106976,8777100
2023-09-21,106.00159454345703,108.97541216195064,105.90472898849781,108.01643060422856,12645800
2023-09-22,105.6141357421875,107.13494802083392,105.11043037062764,106.54405846763032,11150000
2023-09-25,104.90699768066406,105.24603081158014,104.13205847539764,105.05229231507954,8410000
2023-09-26,101.5941390991211,104.03519241044194,101.04199731995509,103.78333606141436,13209000
2023-09-27,101.34229278564453,101.98161136171804,100.11207732550432,101.71038485124029,8916400
2023-09-28,102.8243408203125,103.26023944404332,100.03456597926099,100.77075738346814,7373600
2023-09-29,102.60155487060547,104.00613121885773,102.07847202957026,103.75427487531461,7299100
2023-10-02,103.36681365966797,103.38619120555502,101.99130351642219,102.49500885395994,5963500
2023-10-03,101.24542236328125,103.16339292003552,100.29612955295197,103.08589751786259,8783300
2023-10-04,103.7252197265625,103.93832837960069,101.22604852517136,101.67163598590211,8842700
2023-10-05,104.95541381835938,105.04259797862463,102.86309004676515,103.61865161401771,7651500
2023-10-06,106.51498413085938,107.0671259001782,104.20955150272196,104.54858462592337,8247000
2023-10-09,106.86369323730469,107.49333032810829,106.04032506796163,107.28022170749473,6012400
2023-10-10,106.27281951904297,107.58052296803113,106.18564273794883,106.75715467721399,6910400
2023-10-11,106.5936279296875,107.00195635727715,105.80613633113455,106.46724267850311,5641700
2023-10-12,106.078369140625,107.83807574946103,105.85475644826039,106.89502610248998,6598500
2023-10-13,105.24227142333984,106.46726437313343,104.7950534233162,106.15615587670777,5879400
2023-10-16,105.68948364257812,106.54503010660082,105.30059618896371,105.92281314778226,5488000
2023-10-17,106.01031494140625,106.7394761257284,103.92977562219993,104.59088205934846,5261800
2023-10-18,105.24227142333984,106.68115285519075,104.8631081751152,105.38810515359816,5123900
2023-10-19,105.32977294921875,107.15754195552809,105.18394662842772,105.6117161984348,7989200
2023-10-20,99.02008056640625,104.0658779899425,97.86314994368321,104.01726428068572,21831400
2023-10-23,100.7798080444336,101.78118828364232,99.17565184940655,99.2048171119215,10722600
2023-10-24,100.33258819580078,101.55758121129132,99.65204064131274,101.061749468786,6174000
2023-10-25,98.61177062988281,100.78953021668029,98.20344209812303,99.84648045232176,7081700
2023-10-26,97.61038970947266,99.54509552671801,97.09511693450781,98.86454797816296,7565600
2023-10-27,98.18397521972656,99.25341006683422,97.79508779784815,98.19369944506144,5207900
2023-10-30,98.82565307617188,99.56453852944105,98.0187128717734,98.32982136513755,5433700
2023-10-31,100.52703094482422,100.64369199589505,98.29093351208502,99.17565270890124,6258400
2023-11-01,102.81172943115234,103.24922318517145,100.91591327385449,100.91591327385449,8602400
2023-11-02,103.900634765625,104.24090858141608,102.63675211564345,103.49229876926285,5918300
2023-11-03,105.0478286743164,106.0394846630524,103.65756099435745,104.19227476824231,7280000
2023-11-06,106.078369140625,106.17558914788353,104.45477202543314,105.05754052088268,6062800
2023-11-07,105.96171569824219,107.31309401766153,105.56311138676914,106.9339307434309,7412600
2023-11-08,109.20890045166016,109.43250572276928,106.15614628827879,106.1950357739958,10994900
2023-11-09,109.06307220458984,110.16167241590422,108.50890998579781,109.27696067805543,6853900
2023-11-10,109.9283447265625,110.03528896506516,108.05196956566785,108.97557080646921,5233900
2023-11-13,110.97834014892578,111.3088896778915,109.64640297167858,109.92834620266134,5740500
2023-11-14,112.87415313720703,113.22415110926875,111.26999700149274,111.66860868755633,6733700
2023-11-15,110.89082336425781,113.07830677570894,110.76443810408624,112.92275625683706,7386200
2023-11-16,111.48388671875,112.65054911110595,110.3172317438055,110.59917496985622,7476100
2023-11-17,112.15470886230469,112.42692784122019,110.98805397626371,111.42554770417635,4791300
2023-11-20,113.67137908935547,113.894991809055,112.30055975939257,112.43666926967508,5728300
2023-11-21,112.8547134399414,114.40053165369679,112.46582597555022,113.95331366574092,5995300
2023-11-22,113.01026153564453,114.03109018045785,112.3005487895571,113.45747951394608,4343700
2023-11-24,113.01998901367188,113.35053853946187,112.13526984039012,113.25331852701842,2168200
2023-11-27,113.23387908935547,113.52553913080145,112.24221566316898,112.78666109187569,5165300
2023-11-28,113.01026153564453,113.55470694100356,112.65054675821246,112.77693202901139,4892600
2023-11-29,112.9811019897461,114.31303918325132,112.73804824462985,114.07970224740333,6127200
2023-11-30,112.9811019897461,113.9727654235709,111.97972174665303,113.61304321053066,11075600
2023-12-01,113.90470123291016,114.08941702005208,112.05749143961359,112.84498313496292,5739800
2023-12-04,112.56304168701172,113.4380365941113,111.36722149515157,113.03942491855048,5587500
2023-12-05,111.34777069091797,112.0672076360415,110.64777478002546,111.386660176791,5913600
2023-12-06,108.917236328125,111.79499160195725,108.82001631958286,111.74638530639179,7815700
2023-12-07,109.73388671875,109.88943722909065,108.703333990926,109.28666880258157,6772800
2023-12-08,110.45333862304688,110.48250388411681,108.48946031367734,108.89779622089013,7766000
2023-12-11,111.93110656738281,112.1449950470748,110.45334308005606,110.60889361784288,19544200
2023-12-12,98.00898742675781,102.03395675473543,97.89232637907882,99.84647310181666,57666500
2023-12-13,100.12842559814453,100.23536984669093,96.50206762714707,98.27149871571649,29392200
2023-12-14,97.52288055419922,99.40897995578283,97.09511101436625,99.03954094015172,22865200
2023-12-15,100.44924926757812,101.10063150993193,96.59927892001238,96.9201116366624,30212300
2023-12-18,102.08257293701172,103.21034587457821,100.0506471884326,100.53675467860884,13473100
2023-12-19,103.29783630371094,103.38533208704608,101.88812762229539,102.06312660637695,10108500
2023-12-20,101.25618743896484,103.14227937787727,101.15896742849081,103.00616987973137,9242000
2023-12-21,102.9186782836914,102.98673303553377,101.61590635460826,101.79090534754744,8168000
2023-12-22,103.24922180175781,103.53116501937004,102.52978483598838,102.76311434051148,5680000
2023-12-26,103.23950958251953,103.68672757665763,102.41312092773518,103.56033488397169,5767400
2023-12-27,102.99646759033203,103.3756308768195,102.6270211140738,103.36590664917787,5627400
2023-12-28,103.29783630371094,103.64783427187406,102.64645408084506,103.06450679740595,5689100
2023-12-29,102.50061798095703,103.94921611606664,101.86867680768283,103.63810764240395,6899700
2024-01-02,101.16868591308594,101.7714618558673,99.59370243204951,101.61590390260315,9597500
2024-01-03,99.61315155029297,100.50758760190357,98.9131555386283,100.42981603637243,9455600
2024-01-04,99.7395248413086,100.488134481649,99.55480905079479,99.91452382318197,6822300
2024-01-05,99.87564086914062,100.8381315522132,99.44786393559232,99.68119343688635,6133800
2024-01-08,101.75200653076172,101.8589433368487,99.2922968077318,100.0797958550682,7038700
2024-01-09,100.75061798095703,101.57700650249065,100.42006850627186,100.96450642571112,6725200
2024-01-10,101.4240493774414,101.57044816916098,100.25287393598855,100.61398251659138,7270500
2024-01-11,102.2536392211914,102.32195766892922,101.05318543291968,101.8437285347646,6119000
2024-01-12,104.03968811035156,104.13728482900063,102.44884000253002,102.57571499215857,9703800
2024-01-16,104.01040649414062,104.09824875040619,102.88802565039407,103.85425323855486,7547200
2024-01-17,103.87377166748047,104.91807218111148,103.14178511737968,103.90304993810014,7771500
2024-01-18,106.08924865722656,106.26492572871041,104.0592115987105,104.42032020120618,10362300
2024-01-19,107.03594207763672,107.57273514568969,106.40155230070636,106.6943498734901,11163800
2024-01-22,107.45562744140625,108.0314607509085,106.64556051343567,107.41658726396945,7485300
2024-01-23,109.14408874511719,109.97367210712805,106.92860503136775,107.64107529756485,9185900
2024-01-24,111.56452178955078,112.64786261646755,110.60806341291004,110.69589823588284,11702700
2024-01-25,112.2379379272461,113.38959706643263,111.60354809320947,112.13057930397133,8877200
2024-01-26,111.88658905029297,112.70641789876326,111.52547298718488,111.88658905029297,5541800
2024-01-29,111.0179672241211,111.83778863869976,110.29574253325617,111.44740174384481,7014400
2024-01-30,111.4181137084961,111.65234731411523,109.92485492652492,110.63732509489621,8231900
2024-01-31,109.01718139648438,111.52545472302157,108.98790312921821,111.07650391725379,7386700
2024-02-01,112.75521087646484,112.99920640158352,109.84678838689544,110.19814253875856,7882200
2024-02-02,113.00896453857422,113.69214900766082,112.39409851639628,113.03824280922761,6499400
2024-02-05,113.59454345703125,113.91661930147855,112.01344994932316,112.75519834819072,8084500
2024-02-06,112.5307388305664,114.14110333466762,112.21842485718376,113.93614798771205,4637500
2024-02-07,114.45342254638672,114.76573653406344,112.53074398090519,113.0187350520346,7672900
2024-02-08,113.87757873535156,114.96091933846253,113.18463241693716,114.27772747870561,4472800
2024-02-09,113.83853912353516,114.52172354050882,112.95039938146942,114.24844977371934,5787100
2024-02-12,113.0577621459961,114.28750166882786,112.60881127648821,113.46768028437498,5439600
2024-02-13,110.94966125488281,111.46693065029653,110.28599303435207,111.05701989689172,8171700
2024-02-14,111.5157241821289,111.96467508418581,110.80325392585519,111.5742807292202,5946100
2024-02-15,110.07125854492188,111.56450994616516,109.86630320025637,111.50595340373285,8455600
2024-02-16,108.6365737915039,110.39334468941254,108.57801724362464,110.30550242144056,8936000
2024-02-20,105.84526062011719,108.10953889810051,105.0937576449638,107.88506717465266,10975600
2024-02-21,105.56224060058594,105.77695043444332,103.9518684466584,104.1958640019155,7865300
2024-02-22,108.34376525878906,109.2026267489068,107.02619103155496,108.81223245479806,8957800
2024-02-23,109.26119232177734,110.64709255277225,109.02695870440384,109.30999440488335,7504500
2024-02-26,108.30473327636719,109.8370248535632,108.26569309938833,109.3099936335773,6342900
2024-02-27,108.70487976074219,108.83176219477824,107.15307185095058,107.96313875228755,6593100
2024-02-28,108.99768829345703,109.32951865482032,108.43161685167532,108.58777757195426,5278300
2024-02-29,108.99768829345703,109.73943682247607,107.98266595010281,108.99768829345703,12193900
2024-03-01,111.04724884033203,111.2034095598983,108.84152707645264,108.9976877960189,7605100
2024-03-04,111.32051086425781,111.84754206775044,110.66660467416874,110.85204364747693,6588100
2024-03-05,108.27545928955078,110.48117352999137,107.71914977635609,110.1103030032458,8242000
2024-03-06,109.5735092163086,110.3347815238446,108.01193931524621,108.82200626103729,6706400
2024-03-07,111.78898620605469,112.04274362694076,109.59302656790939,111.20339845844639,7670100
2024-03-08,109.71991729736328,111.5840468762427,108.86105564072257,111.33028941894872,8312900
2024-03-11,111.38882446289062,111.99393599156427,108.50968050300612,108.92935306644151,20438300
2024-03-12,124.47675323486328,126.26279475145503,121.6073635862682,123.22749738534364,48536100
2024-03-13,122.5052719116211,125.70649950654548,121.831849315033,124.92571083536342,15870300
2024-03-14,122.5150375366211,124.730521176813,121.93921164491353,124.17421165170872,10965900
2024-03-15,122.52479553222656,122.98350831736742,120.59234766945612,121.06082236066347,17844900
2024-03-18,124.73050689697266,125.85288027891092,123.83259776680927,124.14491171977636,12231400
2024-03-19,126.08712005615234,126.1066438664763,123.45196412381117,124.68170355890372,10221000
2024-03-20,126.13592529296875,127.5510962846489,125.1892215146625,126.85814247769015,8373300
2024-03-21,125.91144561767578,129.58114785226766,125.85288907432464,127.38518812276966,17842400
2024-03-22,124.72074890136719,126.10664909187035,124.48651529083729,125.91144076514969,6660000
2024-03-25,123.05184173583984,124.60364991230905,123.02256346023152,124.60364991230905,7446100
2024-03-26,123.43245697021484,123.89116974708236,122.81758348371052,123.70573076592677,7063900
2024-03-27,122.26126098632812,124.75001804692913,121.48047985962216,124.27178895528345,8115900
2024-03-28,122.5931167602539,123.13966437391966,122.1929605101395,122.37839949884157,6587400
2024-04-01,122.46624755859375,123.23726693029369,121.56833829145471,122.52480410678535,4133600
2024-04-02,121.35359954833984,121.92943280623447,120.46545979124542,121.51952214911397,4862400
2024-04-03,123.20797729492188,123.37389990975323,121.08033603503473,121.27553692126207,7430000
2024-04-04,121.20721435546875,124.91594171398131,121.05105365179132,124.53530930645783,7588300
2024-04-05,121.90017700195312,122.97375592156152,121.15842845274145,121.43170227451596,4899500
2024-04-08,121.36337280273438,122.11488319055174,120.78754693714284,121.99776265778536,6119200
2024-04-09,120.65840148925781,122.1466783717165,118.70992404692147,121.75502420153833,5564100
2024-04-10,119.20928192138672,120.51152884733463,118.78825500059837,118.81762775574003,4509900
2024-04-11,120.66819763183594,121.23609585310902,118.82743258757233,119.17992062352234,7315200
2024-04-12,118.58264923095703,119.29741123956578,117.90704591937725,119.19949955662818,6196900
2024-04-15,117.3783187866211,119.91427406102733,116.94750586960379,119.63032493948019,5101500
2024-04-16,118.10286712646484,118.9057548133855,117.2510198669758,117.58392105585857,7000000
2024-04-17,116.19355773925781,118.51410257136554,116.13481222736564,118.45535705947337,5366600
2024-04-18,113.57927703857422,116.28168261838437,113.28553454091889,116.28168261838437,6662400
2024-04-19,112.48265838623047,114.33321688883075,112.07142482347102,113.6967871955909,8251500
2024-04-22,112.13996124267578,113.91218736887332,111.95392381455733,113.60865890841278,7125500
2024-04-23,112.6882553100586,113.44219084577767,112.3553541427302,112.76658763302343,5494800
2024-04-24,112.93305206298828,113.314920316716,111.50352060942693,112.97221822927273,5791800
2024-04-25,112.49243927001953,112.59035094498621,110.42647080644007,111.25873124892982,6796600
2024-04-26,114.76403045654297,116.72229393837839,113.72615320162855,114.59757985343072,8355100
2024-04-29,114.05905151367188,114.8619392220443,112.88409644245735,114.54861737170829,4994100
2024-04-30,111.37623596191406,113.10929586318844,111.31749044768922,112.6882689141515,6234700
2024-05-01,112.23786163330078,114.32341688972156,111.27831677153489,111.53289309963236,5583600
2024-05-02,112.56098175048828,113.39324221930738,111.87559253385659,112.82535149846207,5001000
2024-05-03,113.38346099853516,113.78490113635708,112.66869152557854,113.55970501445717,4485000
2024-05-06,115.87044525146484,115.89003206935152,113.75552460082147,113.90239585424251,6052400
2024-05-07,115.46900177001953,116.64395682286467,114.84235807914452,115.5375406902658,6437700
2024-05-08,114.94026184082031,115.51795338898857,114.6661061787126,115.25358366468362,4636000
2024-05-09,114.2059097290039,115.27316706219514,114.06883190201512,114.94025843223575,3236200
2024-05-10,114.23529052734375,115.17525603725929,113.49115583419092,114.70527701739243,4122500
2024-05-13,113.94156646728516,114.74445421778589,113.77510838948011,114.68570123201482,4140000
2024-05-14,118.34765625,119.99259787404957,113.70656641810658,114.068847851622,17811200
2024-05-15,119.09178924560547,119.54218894352744,117.17269195743187,117.66225782084908,6604600
2024-05-16,119.6107406616211,119.89468230128561,118.68056099760146,119.39533047689692,5159300
2024-05-17,120.92277526855469,121.00110760408262,119.53240992875604,120.60945339662567,6179400
2024-05-20,121.92147064208984,122.0781352928962,120.6681833163658,121.21650212400635,5989000
2024-05-21,122.02918243408203,122.74395186988332,121.33399981579976,121.8627318360811,5549500
2024-05-22,121.99980926513672,122.54812810108155,120.72694252744722,122.0291820211337,5705000
2024-05-23,121.50045013427734,124.05598449133352,120.58986481665573,123.90912071118944,6108600
2024-05-24,120.34507751464844,120.93255502441467,118.88616594334108,120.84442928934973,7173400
2024-05-28,121.89210510253906,122.21522036131645,120.4429943477143,120.66819045885092,6911400
2024-05-29,121.15775299072266,121.3339969933834,120.207994058061,120.42340422466657,4735100
2024-05-30,114.64652252197266,118.90575122053943,114.5877770128112,117.66224982862268,10839600
2024-05-31,114.74444580078125,114.96964190747315,112.15953872194515,114.1569608072605,12755600
2024-06-03,116.79082489013672,116.83978446191392,114.89130705194539,115.07734446048053,7256300
2024-06-04,117.56433868408203,117.85808117157063,116.24251243074684,116.53624744805369,7368000
2024-06-05,120.0709228515625,120.22758751599531,117.99516833910438,119.11137792754984,5973700
2024-06-06,120.92277526855469,121.67670345500862,119.69886053911588,120.31571087348728,7347200
2024-06-07,123.29226684570312,123.58600935562774,120.69756624197677,121.6179524675704,11545000
2024-06-10,121.90191650390625,124.30078657153231,121.46131015521844,123.10625197793391,10164700
2024-06-11,121.29483795166016,122.22501759205889,119.73802206189507,121.46129602574527,18373900
2024-06-12,137.45050048828125,138.01839861614593,131.16447733140768,131.87923922494312,40871300
2024-06-13,136.9315643310547,139.42833803343015,135.87410037858794,137.49944752851806,13733200
2024-06-14,135.24746704101562,137.04906579050945,134.5131182630885,136.35387570697822,11330800
2024-06-17,138.36111450195312,138.48840641892576,135.36497353602655,135.90349902279638,11232800
2024-06-18,141.62161254882812,142.03284608176912,138.27298383171035,138.27298383171035,11629400
2024-06-20,139.927734375,142.28744568724474,138.98776123796313,142.28744568724474,8940000
2024-06-21,138.54713439941406,140.72080795059156,137.50925719649152,140.72080795059156,14844100
2024-06-24,136.9707489013672,138.57652447916416,136.21681322107273,137.0784539985521,7793300
2024-06-25,136.2657928466797,136.6378677717594,134.68938979616826,136.0993422066093,8205500
2024-06-26,135.34535217285156,137.81276790225368,135.19848841410942,136.57906750773364,8036300
2024-06-27,137.2546844482422,138.46881322246722,135.91327870327177,136.34409907284729,7518200
2024-06-28,138.25338745117188,139.8395909003611,136.36367051810058,136.53012110751385,25814800
2024-07-01,140.1039581298828,141.05371711995514,138.12612275747833,138.7331796598634,6552400
2024-07-02,140.29000854492188,141.21039486304477,139.57524648652765,139.65357882640686,5920500
2024-07-03,141.36705017089844,141.63140499255343,140.5054094297157,140.75019237297306,3560800
2024-07-05,141.80764770507812,142.74760578241356,141.01455340846252,141.92513872965398,5365500
2024-07-08,142.00347900390625,142.19930236927615,140.43686220021684,141.73910924345608,8622600
2024-07-09,137.74423217773438,142.6594772021828,135.12016654945268,142.10137993542395,14334200
2024-07-10,139.10525512695312,139.40878357950334,136.82387635278678,138.17506801060267,6350300
2024-07-11,140.1754913330078,140.88245777147733,139.11504167530353,139.7827388594343,5245100
2024-07-12,142.1491241455078,142.50260739440662,138.70265872310756,140.12642027002212,7361800
2024-07-15,140.4799041748047,143.93616819956569,139.35071449379168,143.09173682228422,8687800
2024-07-16,140.02822875976562,140.90211584760215,139.47836924147052,140.4799076398213,7181500
2024-07-17,136.73887634277344,139.22307283764448,136.16937467837923,137.9367910536459,9157000
2024-07-18,135.53114318847656,137.52439145090128,134.71616747300737,136.83706704705625,5998700
2024-07-19,136.05152893066406,137.89749849771457,135.58022297106154,135.84533912820197,6111900
2024-07-22,137.63238525390625,138.13314691017464,136.6013912721333,137.21017708965877,5387200
2024-07-23,140.51918029785156,140.6271894903115,138.653583318142,138.74195038945962,6697400
2024-07-24,136.2577362060547,140.07731172207,135.89442443368975,139.13468480309024,8018800
2024-07-25,135.32493591308594,138.5160984319131,135.2070981857977,137.61274078040427,7654600
2024-07-26,136.49339294433594,137.42620637214927,135.87480849213344,136.35592806800784,5139400
2024-07-29,135.80606079101562,137.24944940113474,135.3249412426739,136.74868773371367,4054600
2024-07-30,133.21383666992188,137.04324029366805,132.5166988575071,136.55229226363994,6505700
2024-07-31,136.9254150390625,138.98740294584724,136.14972367334698,137.16107550863813,7188000
2024-08-01,135.02053833007812,137.8484041231443,133.31204856555624,136.76831233202967,5906800
2024-08-02,130.8671417236328,131.86868017580446,129.41393934968207,130.36637998882148,8251600
2024-08-05,125.54525756835938,127.61705929549417,124.36698504193086,125.57471325782898,10355000
2024-08-06,125.88892364501953,128.66767682227714,125.76127233928028,128.1767287018002,8373900
2024-08-07,123.62073516845703,127.94108001976093,123.473449237712,126.58605844643493,8617700
2024-08-08,126.62535858154297,127.46979003313038,125.33906928225078,125.68273150294924,6243200
2024-08-09,129.66920471191406,129.97359012482195,126.01654979192665,126.07546116441895,5597300
2024-08-12,130.17979431152344,130.30744560636646,128.8346013706565,129.85576678176167,5600800
2024-08-13,131.82937622070312,132.10430595351633,130.40562975094622,130.56273673613853,4324000
2024-08-14,133.14512634277344,133.50842313043384,131.5839000492821,131.61335573571154,4044600
2024-08-15,134.4510498046875,134.76526380445213,133.2629637016293,134.4510498046875,4698100
2024-08-16,134.98129272460938,135.32496244087127,133.92084286641332,134.3135954142418,4893800
2024-08-19,135.42312622070312,135.45258190899432,133.98956611537307,135.04018729037003,3641600
2024-08-20,136.65049743652344,137.25926830874144,135.32494650676995,135.32494650676995,3738300
2024-08-21,137.66184997558594,137.7600455926935,136.04172717114452,136.2872012313658,3776800
2024-08-22,135.58023071289062,138.52591934806554,135.15800755092434,138.15279399319496,5162200
2024-08-23,136.67013549804688,137.25926423292773,134.77506802693975,136.21845665034584,4544600
2024-08-26,136.3853759765625,136.87632407580506,135.68823806586437,136.8665105075371,2729600
2024-08-27,135.9729766845703,136.9745149676186,135.24638311156465,135.35439228897718,3872200
2024-08-28,135.38388061523438,136.43450197377365,134.431439907302,136.31667920002533,3022600
2024-08-29,136.89598083496094,138.60448579675466,136.3363077328957,136.62105106858704,4588400
2024-08-30,138.7321014404297,139.1543245788949,137.56365759885253,137.78948951986618,7980700
2024-09-03,136.97451782226562,139.62563452554207,136.31664917615032,137.90731620160682,6831200
2024-09-04,138.20188903808594,138.5455586983397,135.45257670369634,135.93371123154225,6243300
2024-09-05,140.02822875976562,140.6860974679079,137.76986432458364,138.84012767144722,8733200
2024-09-06,139.2427215576172,141.33416561600438,136.87634771477667,141.1868721712654,11154800
2024-09-09,137.3574676513672,140.70573750448645,136.9843422769586,139.91040392855064,20233400
2024-09-10,153.0677947998047,157.6139789046171,150.34793818788793,151.43784354627,37374200
2024-09-11,154.3344268798828,156.5535217276612,152.0367935261626,153.94167441998988,12630100
2024-09-12,158.4584197998047,159.40103179875373,155.0414101016085,156.16077121445275,16161300
2024-09-13,159.09661865234375,170.791004414573,158.08526690120672,170.55534396460658,25727800
2024-09-16,167.2463836669922,170.84012740042377,161.53174051882587,162.00306148824282,27384400
2024-09-17,164.4381561279297,167.55076525213528,163.75083179148075,167.19728202445484,12580100
2024-09-18,161.55137634277344,164.58543192524496,160.76585640690288,164.58543192524496,12274400
2024-09-19,164.55599975585938,165.11568784676348,161.5317573092087,164.2221586047317,10075900
2024-09-20,164.95855712890625,165.7735327507225,163.583908479184,164.10431225247504,12187700
2024-09-23,162.9456787109375,164.30070032220289,161.28627166121052,164.20250470477438,7916100
2024-09-24,162.79840087890625,163.09297274975063,160.95243113865922,162.7394895012469,6155100
2024-09-25,163.2696990966797,165.69498391164953,162.66092824650082,164.65417633584164,7142400
2024-09-26,165.05674743652344,165.31203503968555,163.46606549860934,164.614882186658,7096800
2024-09-27,165.68515014648438,166.0484469021382,163.4955110978294,165.04690870413458,8974400
2024-09-30,167.3151092529297,167.43294698700967,163.43662219532237,166.4314086513397,10210300
2024-10-01,164.13377380371094,167.42311711255823,162.9653149184237,167.13837380442257,7595100
2024-10-02,164.67381286621094,166.11718644869006,164.24177615524454,164.56580368846934,7073000
2024-10-03,163.83920288085938,164.8210990949404,163.23043202254425,163.86865856867803,4735700
2024-10-04,167.76678466796875,167.8060539234928,165.1254815032047,165.6557138393345,6386900
2024-10-07,166.8928985595703,169.2101741943013,166.4805039528657,167.33474885371476,6791000
2024-10-08,171.21324157714844,171.4783577555176,167.35439656804724,167.5115035613436,7845400
2024-10-09,175.062255859375,175.37646981517088,170.66336535605504,171.39978745958732,8120900
2024-10-10,172.62168884277344,175.46574884494228,171.4112300928601,174.82607222557053,7115900
2024-10-11,172.97596740722656,174.18641114453243,171.6277346918473,172.71025511788383,5869400
2024-10-14,173.3203887939453,174.40290918244625,172.71024912928212,173.7435613153539,4688700
2024-10-15,171.32266235351562,175.38701669288358,170.98807059624536,174.12736476978995,5848600
2024-10-16,171.9918670654297,172.1296410302121,168.91161661879363,170.74205073160903,6383000
2024-10-17,172.88739013671875,174.92449270256722,172.35598056350034,174.67846669314025,5474000
2024-10-18,171.9131317138672,174.15688765281504,171.80487967224096,173.9895917732537,5001300
2024-10-21,170.9979248046875,172.36582891739346,170.40747134823312,171.6769590434115,4198400
2024-10-22,172.52330017089844,173.05472483342672,171.50967407397889,172.6610741544728,5510100
2024-10-23,170.34841918945312,173.27120945576294,170.25983841150716,171.72615887016914,4830400
2024-10-24,171.6080780029297,172.16900953227014,170.16144377260983,170.56493005807033,3488000
2024-10-25,170.7617645263672,173.48772234129754,170.34844256543448,172.0017304091653,3674700
2024-10-28,169.6792449951172,171.4014273515426,169.4036970193882,171.28333965229828,4330000
2024-10-29,170.6731719970703,171.25380484590303,169.551293889921,169.551293889921,4122900
2024-10-30,171.78521728515625,173.3597899249029,170.0433487425751,171.21443507865402,5822500
2024-10-31,165.1720428466797,168.16372797890077,164.73903460257625,167.80944987156508,9477500
2024-11-01,167.31735229492188,169.53158610978687,166.4119784925696,167.44527559318598,5680600
2024-11-04,166.8942413330078,167.7700935420395,166.0479110510932,167.60279761629633,4804400
2024-11-05,169.04940795898438,169.15766001502817,167.61262432375315,167.76023393825037,5456800
2024-11-06,178.35902404785156,179.20535413444298,174.5997393559903,175.68225982124778,11085000
2024-11-07,183.40748596191406,183.7027202106954,177.67015695509215,178.20158160614608,7759400
2024-11-08,186.24169921875,187.1372375454424,183.29922258086216,183.29922258086216,8520400
2024-11-11,186.1236114501953,188.45593333959403,184.85410876429816,188.0130895020956,5973600
2024-11-12,186.56646728515625,187.58009336230276,184.22429459384333,185.5429905560793,6629900
2024-11-13,186.61566162109375,188.72164375306053,185.78900278099803,185.9956712450811,5695400
2024-11-14,184.07666015625,186.57627776278514,183.74206839296122,185.6610682309242,7804300
2024-11-15,180.8192901611328,182.84654217562374,179.43169979602476,181.5868901468869,8986300
2024-11-18,182.77764892578125,183.22049276423232,179.97296127143332,181.3703872810666,6289400
2024-11-19,185.8972625732422,186.31059951862403,181.39007891037267,181.95101045126998,8117000
2024-11-20,187.7178497314453,187.9343538262746,184.8344320390388,187.86545933417605,4860200
2024-11-21,189.37115478515625,192.9237713749683,188.59371911212398,188.88895336100828,11394300
2024-11-22,189.23336791992188,191.1130103263913,188.02292409977474,189.93208842749877,6879400
2024-11-25,185.00173950195312,191.65427796806733,185.00173950195312,191.40825193729958,15138500
2024-11-26,187.34388732910156,189.34161739340448,185.32648599505436,185.32648599505436,6427200
2024-11-27,179.7958221435547,185.95632362816107,179.32345636413584,185.95632362816107,8368800
2024-11-29,181.90179443359375,182.97446427625002,181.0751506107891,181.084986245738,4628000
2024-12-02,178.5263214111328,182.34463495893715,178.1228351419973,182.34463495893715,8859700
2024-12-03,179.9827880859375,180.1303976861082,176.26287599927477,178.299963562811,8917100
2024-12-04,185.19854736328125,186.7731048657722,182.94494063355563,185.01156518735579,8906300
2024-12-05,183.27955627441406,186.01536452014378,182.89575626918543,186.01536452014378,6398100
2024-12-06,188.64292907714844,189.56798939134373,183.41733838338328,184.02747815817688,10503400
2024-12-09,187.42262268066406,195.15768150066532,185.9267802454034,193.1796376672107,20158000
2024-12-10,174.9146728515625,174.97371669655507,168.34084947803873,170.70270839140278,26502000
2024-12-11,175.74130249023438,178.49679682469002,172.05091231450882,175.17052034110716,13188700
2024-12-12,172.5331268310547,175.33781432442913,172.03122416221137,175.17051844022666,8154200
2024-12-13,170.6337890625,173.34007501655537,168.9116070917375,172.2181970762509,8351100
2024-12-16,168.5081329345703,171.49981766733782,168.21289871517092,171.0766451157436,9572000
2024-12-17,167.01231384277344,170.24017409768132,166.5793056350746,168.03577550223136,8940200
2024-12-18,162.78065490722656,168.5081326836056,162.7314467013606,166.71707111672612,8817900
2024-12-19,166.10691833496094,168.2817949232771,164.73901428681884,164.88663890614245,8386400
2024-12-20,166.96311950683594,168.5376771919221,162.99718084553425,165.0637906227545,13810500
2024-12-23,166.4513397216797,166.9237054080807,164.5126537596207,166.8941834911953,6518200
2024-12-24,168.6852569580078,169.03953497075378,166.34308481728527,167.00243264340588,2451500
2024-12-26,168.9509735107422,169.80715423218058,167.78973795730596,167.78973795730596,4100100
2024-12-27,166.27423095703125,168.42940626554136,164.54219817632858,167.67165694022043,4344300
2024-12-30,164.25682067871094,165.24092478915858,161.93433437740507,163.86317002478967,5254800
2024-12-31,163.99110412597656,164.6406164259822,163.20381785471855,164.5422000109862,4307500
2025-01-02,163.3908233642578,166.00854420807792,162.278780784207,165.84124829168564,5360800
2025-01-03,163.6761932373047,164.54219459255782,162.64288097882064,164.05014256625458,5876000
2025-01-06,163.05618286132812,165.37866874100825,162.5641308954318,164.6504264256373,6845400
2025-01-07,159.45436096191406,163.5187150588086,158.75565557025317,162.94793296892203,7712200
2025-01-08,160.5467529296875,161.37339682465938,158.8639281998453,159.60200632383544,7596200
2025-01-10,152.4178009033203,157.05445591369823,151.84561576669083,157.05445591369823,13593900
2025-01-13,151.84561157226562,152.07250763725156,150.36582713835213,151.66804466570593,8828500
2025-01-14,154.20339965820312,155.13073363821624,152.26982310907178,154.31191778465455,7410200
2025-01-15,156.1764373779297,157.00511299845525,155.14058532570036,156.5315862228899,10701200
2025-01-16,157.38987731933594,159.3234690782836,156.27511653344195,157.9916569687544,9210600
2025-01-17,158.85977172851562,160.96107019482176,158.37637011776079,159.5898040492822,11618300
2025-01-21,170.24427795410156,171.03348429590918,160.5566150610086,161.66151598205613,30232000
2025-01-22,181.7372589111328,189.40254644151932,178.13645616770688,188.9290045876248,48028500
2025-01-23,183.95692443847656,184.0555827487001,179.05390447263278,179.19201707505889,17314600
2025-01-24,181.1256103515625,186.55148629827642,179.41891489733186,186.09767914116753,12147200
2025-01-27,156.14683532714844,170.19492611529176,150.60258173306997,166.6237031659641,42201600
2025-01-28,161.78976440429688,163.59510321591742,154.63747299008253,160.79338164020774,20319300
2025-01-29,159.83644104003906,161.81934660731963,157.85352041961397,161.81934660731963,9866600
2025-01-30,168.0837860107422,169.17882709370522,161.88842305313997,162.55925143751233,14981700
2025-01-31,167.76806640625,170.66844587176445,166.85060741984705,168.11335541048493,8704600
2025-02-03,166.32778930664062,167.61025720641848,161.00055589906412,161.00055589906412,8250600
2025-02-04,165.62733459472656,168.1035017370577,164.1080959015154,168.1035017370577,6777000
2025-02-05,169.34652709960938,169.57342315504204,166.2488457505018,166.712512724524,7866700
2025-02-06,170.02723693847656,173.28275064024098,169.25775023953454,170.66847083654636,7036900
2025-02-07,172.10879516601562,174.99930009475284,170.84603198011322,172.6415109191824,9991300
2025-02-10,176.5086669921875,177.5642536700467,172.56257558153325,173.62802206878717,7625900
2025-02-11,174.802001953125,176.70598399970234,174.07196955920276,175.22619959134445,6528800
2025-02-12,169.89898681640625,172.53300133556849,168.40934255330467,172.53300133556849,7454800
2025-02-13,171.5168914794922,172.02988766064627,169.78061639739312,170.66848108699168,6421700
2025-02-14,171.81283569335938,172.6711058184184,170.4810237275169,171.90161914357682,7260900
2025-02-18,177.37684631347656,179.78396494922674,173.71683919702423,174.36794801878887,11430500
2025-02-19,179.0736541748047,179.23148641000648,173.33208324960998,176.1732742272854,8688500
2025-02-20,173.62803649902344,177.84049364487475,172.0791882661076,177.38668647155018,8737000
2025-02-21,165.5484161376953,174.49618664438057,165.29192558625385,173.74641955792038,9713900
2025-02-24,167.66943359375,171.8226864463217,162.4408593725837,171.2307817562607,10639100
2025-02-25,166.26856994628906,168.30081985053448,162.223834917801,167.00846215245528,8316100
2025-02-26,170.14561462402344,171.52674073465874,166.85063157926092,168.67569000737572,6915100
2025-02-27,162.5395050048828,172.50339215798425,162.36193811121086,170.6684589909843,7436800
2025-02-28,163.82200622558594,163.91078968242658,158.64276049916796,160.91176639946605,12843300
2025-03-03,159.83644104003906,164.86769869009476,158.95843628002194,164.69999160707403,8081800
2025-03-04,155.3477783203125,157.60690937137895,151.4510154732645,157.0741935737138,13171900
2025-03-05,159.38262939453125,160.30010347357012,154.93341675577946,155.9297994161293,7141000
2025-03-06,148.90577697753906,155.04195095123157,147.71207758067854,155.04195095123157,12321200
2025-03-07,153.0689239501953,154.3711265817325,146.49867665706256,148.59010075933463,12646500
2025-03-10,146.7847442626953,150.46448573342934,144.82157321075323,148.5012996283415,21486100
2025-03-11,142.23684692382812,143.81528939007725,135.84418353649076,141.4870950315884,27200200
2025-03-12,148.8564453125,150.17838243488725,143.05568562785479,144.2592448148478,15373900
2025-03-13,145.66998291015625,148.14615010402989,143.51935504413277,147.7712665647355,14187700
2025-03-14,147.25827026367188,148.84657265677072,145.88700410216248,146.9129812443766,9330000
2025-03-17,151.9343719482422,153.65092704998682,148.3730240160975,148.3730240160975,9885000
2025-03-18,147.4358367919922,150.36581085816263,146.6268958833397,150.31648170507728,9402500
2025-03-19,150.39541625976562,151.9935936275412,147.9784381145241,148.0376270812667,6909500
2025-03-20,150.66180419921875,152.4079542450396,148.78741639065558,149.53716850345137,7051600
2025-03-21,150.17835998535156,151.76666227809264,148.08693648924898,149.60617496123717,17620200
2025-03-24,152.7827911376953,154.48948653075763,151.95411554465187,154.2329809520935,7848300
2025-03-25,151.85546875,153.50297530462936,150.98733879996044,152.42765386090417,8521200
2025-03-26,145.80809020996094,150.96760085335166,144.58479637318882,150.82948824703425,13210000
2025-03-27,143.8153076171875,145.05832105602636,142.96689731835133,143.88437144591765,9148300
2025-03-28,138.9714813232422,143.6870597580222,137.23520637319132,141.8422666827716,13144500
2025-03-31,137.92576599121094,138.6952526587266,134.91686809738954,136.7715359899375,15509900
2025-04-01,140.02706909179688,141.31941174004373,136.88991830197386,137.87644124605794,9518500
2025-04-02,143.8942413330078,145.89688176240273,137.97510349956963,137.97510349956963,11594400
2025-04-03,135.38055419921875,139.4943535193207,134.79850921134505,137.37333497896537,14433800
2025-04-04,126.54130554199219,132.01651103461612,125.23908799644015,131.11877151940791,14986900
2025-04-07,125.44625854492188,132.30258985151963,117.25811527055434,117.25811527055434,19482700
2025-04-08,122.82210540771484,131.19769054501182,120.05983817908093,130.75374318174474,11950300
2025-04-09,137.8074188232422,138.69528362146357,121.73695608745189,121.73695608745189,17762000
2025-04-10,132.02540588378906,135.29261404154528,127.97602143380362,135.29261404154528,12401600
2025-04-11,131.03533935546875,131.67887669492453,127.56019542219269,130.79771789877358,10190200
2025-04-14,133.30258178710938,135.44112951537778,131.55015947306563,135.44112951537778,8217700
2025-04-15,132.6095428466797,135.12430574326137,132.39172695320966,133.4213897255246,8630000
2025-04-16,128.47105407714844,131.2234383914884,126.58003054143829,130.96602647902318,8295200
2025-04-17,127.34239196777344,129.9957789514213,127.16418718826166,129.59974315158226,8925500
2025-04-21,121.5999984741211,125.93648813912411,120.0356911892917,125.6295698624131,12201200
2025-04-22,125.97608947753906,126.71863953015153,122.16433405151693,123.26330873367218,11233700
2025-04-23,130.0947723388672,134.52037217276026,129.68885642966592,133.56991649850784,9528900
2025-04-24,136.1440887451172,136.49061818968053,130.68882577449372,131.19375443547727,7305900
2025-04-25,137.11436462402344,137.6192932830811,135.4015380822217,136.12429776587177,5476400
2025-04-28,138.74795532226562,139.27268949716935,136.7084202111726,138.26281717063657,6985100
2025-04-29,139.39151000976562,139.75784502991036,138.16383674171158,138.42124869305994,4851500
2025-04-30,139.3221893310547,139.89642983857019,134.22335179214335,137.10443445105196,9443500
2025-05-01,144.04483032226562,147.16353483256674,143.8963112315906,145.1041939877528,11525800
2025-05-02,149.2327423095703,151.53959942288927,146.85658838632597,146.85658838632597,11346000
2025-05-05,147.80706787109375,149.32188399368312,147.04472730225424,147.95558695738166,5187400
2025-05-06,146.2328643798828,147.46055265922456,144.272536331945,145.52001507022896,5108600
2025-05-07,147.88626098632812,148.41099513883339,145.77742914771574,146.0348410560631,6049600
2025-05-08,148.8070526123047,150.3020481376584,147.13383719575768,147.56946903287306,6113600
2025-05-09,148.84661865234375,150.29212262907944,148.302078965655,148.5495956316755,4707100
2025-05-12,155.65829467773438,155.8662002339013,152.88610477349158,154.75733031509202,7875500
2025-05-13,160.6581268310547,161.59868716988072,156.00481638590045,156.64835369477646,11955200
2025-05-14,161.33135986328125,161.7867971758576,159.46013447277323,160.74722415730463,7499400
2025-05-15,157.81663513183594,160.133402826302,157.3315120891918,159.75717262407198,10169200
2025-05-16,158.89581298828125,159.24232727520143,156.94538034551545,158.41067485792993,8515500
2025-05-19,158.05426025390625,160.36111766561754,156.26224179813906,156.72757439360814,10268900
2025-05-20,158.71759033203125,158.76709668849756,155.96520611335694,157.05428552673985,7576400
2025-05-21,155.61868286132812,159.3017323408027,154.9058487075384,156.7770742408828,6011000
2025-05-22,155.74742126464844,157.60875186669065,155.2622981533831,155.42069737553112,7603300
2025-05-23,154.4207000732422,155.8166977067914,152.72767941658617,153.45043896449712,6527500
2025-05-27,160.3017120361328,160.78683507779004,157.3414069980828,157.73744276468233,6976800
2025-05-28,162.2224578857422,162.68779050943212,159.67797885376868,160.2621146640276,8090700
2025-05-29,161.28187561035156,163.6778505597138,159.88589290441695,163.36102193237912,6994700
2025-05-30,163.88577270507812,164.10358863159826,159.94531067414243,161.80662617273921,17547900
2025-06-02,164.91542053222656,165.34114196966527,160.98485445167555,162.53925134378008,7166000
2025-06-03,167.45989990234375,167.64801501369473,164.93522651143107,165.14314718903495,7155300
2025-06-04,166.4302215576172,168.78657007664776,165.90548740496448,168.02422957998277,6375800
2025-06-05,169.44003295898438,170.54890294990966,167.0836691210476,167.32129059362612,7707800
2025-06-06,172.2914276123047,173.0537681660011,170.9449361690324,172.2716220464156,6833700
2025-06-09,175.39031982421875,176.94473188297388,172.0636949189789,173.12307359961633,9668900
2025-06-10,175.71705627441406,176.08339127341532,172.5488454485842,175.9447825218859,11056700
2025-06-11,174.62799072265625,177.76650073236632,174.44977083912107,175.78636709036218,18002900
2025-06-12,197.874755859375,200.47863643831127,187.0038263722906,188.0731003540528,54610000
2025-06-13,213.08218383789062,214.448480894246,199.20144268535708,199.57767291414385,53707400
2025-06-16,209.0030975341797,213.0326613618435,207.8942124982658,211.08222865048126,22665300
2025-06-17,206.11209106445312,213.7356172103336,205.41904735316032,208.56746750906174,17819200
2025-06-18,208.77537536621094,212.58713848109593,207.4883006484555,208.99319126461694,15055400
2025-06-20,203.1320037841797,211.67628511262927,202.60726958813464,211.2307580735447,20879100
2025-06-23,204.9833984375,205.21112465071687,200.5280983849447,203.4685976282087,13418400
2025-06-24,213.1316680908203,214.22073242383567,206.47841849117773,207.9041169921325,19030600
2025-06-25,208.6268768310547,214.77518318505633,208.14173866155645,212.80495992614928,11804600
2025-06-26,210.7060089111328,212.29010661616243,208.2704381060633,209.89414694036984,10531100
2025-06-27,208.15164184570312,212.51782479227597,207.87442436043563,211.56736915913598,14127500
2025-06-30,216.4582977294922,225.95303420742684,216.21078104274383,224.2501181940205,31844200
2025-07-01,216.78504943847656,220.9532225191311,214.1613631573143,217.12166854999694,16962200
2025-07-02,227.69554138183594,229.5964676826089,214.56726203561348,215.51771763239032,22326900
2025-07-03,234.96266174316406,235.6260046905767,228.9034426151673,230.90338179409025,18441400
2025-07-07,229.95289611816406,232.9132011161135,227.22031734813197,232.7745923764862,16584300
2025-07-08,232.170654296875,239.0417200011104,230.8736692635871,234.77453469963217,20401800
2025-07-09,233.46763610839844,234.16067980663516,229.69548423700618,233.17061306423426,10871600
2025-07-10,233.1600799560547,238.18046053196602,231.67182412654796,238.06140491018826,11486300
2025-07-11,228.7548370361328,232.167906112384,228.07023694197161,229.55849275038432,10208200
2025-07-14,227.48486328125,228.8342158394993,223.35743014550846,227.65353045861602,11337000
2025-07-15,233.1204071044922,233.75539567275163,227.40549485083545,230.5903690871397,10728800
2025-07-16,239.41075134277344,239.4405152474564,231.36424775819557,233.6561592547084,12597500
2025-07-17,246.8024139404297,249.6301059448221,240.1151792643105,241.43476785707227,17631300
2025-07-18,243.52825927734375,247.72513647875357,243.08178555622717,246.5543824927447,9678100
2025-07-21,241.63320922851562,244.86769491259287,241.3355701747966,243.3893553420635,7348400
2025-07-22,236.2457275390625,240.39299312331602,233.56687011284907,240.08542267865772,11380900
2025-07-23,240.00604248046875,241.51414590829629,236.79141968820662,238.0713129963627,7255800
2025-07-24,240.92877197265625,242.168985136989,238.67654062721812,240.51206216615893,8237900
2025-07-25,243.20083618164062,243.5481019238865,239.53972449292155,240.44260331130414,7149600
2025-07-28,245.77056884765625,245.84001291236595,241.5141487924719,244.07395057867404,6756800
2025-07-29,248.0227813720703,251.0885997726585,244.65932392811294,246.7528043226264,8415300
2025-07-30,248.637939453125,249.08441316120988,243.67708683146904,246.69327856413472,8441400
2025-07-31,251.7831268310547,258.8275287117348,251.33665310766222,253.76746794775127,15548700
2025-08-01,242.50631713867188,246.4650829710874,240.1052662924657,245.8896222516845,12718200
2025-08-04,250.55282592773438,250.92985557852933,243.97473038529088,243.97473038529088,8614800
2025-08-05,253.66822814941406,256.4661410674572,249.4018920012998,253.4102692713682,11197300
2025-08-06,254.4222869873047,254.8290805464299,249.74917217266304,254.8290805464299,9930200
2025-08-07,247.43740844726562,255.7418860974401,244.58988386411806,255.69225940363955,11954200
2025-08-08,248.0922393798828,248.92565897594278,245.9193835378318,248.07239173064696,8313300
2025-08-11,250.70164489746094,252.69591737295815,243.63739549394302,246.45515619542252,9012100
2025-08-12,251.87240600585938,255.85100429656566,249.1141732021433,250.6024289655579,9998400
2025-08-13,242.2681884765625,255.652589279729,240.74025254860607,255.15650402347657,14182100
2025-08-14,243.04209899902344,246.9710858086319,240.6708120446389,243.03216760458633,10285600
2025-08-15,246.3361053466797,248.6677122176607,241.02798679665295,244.98675277993945,11554000
2025-08-18,247.1199188232422,247.2092105366558,241.71257737472294,244.27237913449127,6759900
2025-08-19,232.78305053710938,247.29851058685009,230.41176351859968,247.29851058685009,16819300
2025-08-20,233.2196044921875,234.03319160110135,226.46292554339232,230.3621484950748,11256400
2025-08-21,231.33448791503906,234.0728731691948,230.61019251684846,231.2253485495118,7403100
2025-08-22,234.5193328857422,236.63266086509466,229.64778730631056,232.227421485818,9343600
2025-08-25,233.56686401367188,237.15851642484077,233.4279607474753,235.4916772304819,6308600
2025-08-26,232.3762664794922,235.05512388247692,230.88801068457616,233.16007453684682,11805200
2025-08-27,233.96372985839844,234.67809384992702,230.8582312602067,233.160074152759,5637600
2025-08-28,238.4384307861328,240.05565846716186,233.2791318808173,233.69584168975658,8691500
2025-08-29,224.35952758789062,236.3548657046265,221.36316833767134,235.7496410736107,16618600
2025-09-02,223.5360107421875,223.68483025750766,217.07697126953295,220.26184515126417,10461900
2025-09-03,221.70050048828125,224.13131524343146,220.01381362589055,224.13131524343146,8900800
2025-09-04,221.2540283203125,221.8195727896196,217.84095927281098,220.26185778972814,10303100
2025-09-05,230.97731018066406,232.78305273355244,224.12140795433243,230.72926753982128,15386100
2025-09-08,236.61282348632812,240.5219777923742,233.46764472652313,238.0117875654743,18803000
2025-09-09,239.6190948486328,241.58360336225817,232.72351281966044,238.0613950175927,41178700
2025-09-10,325.75933837890625,343.01319851338906,309.6464985823941,316.6909154354322,131618100
2025-09-11,305.4496154785156,328.4084568766953,302.21516002745483,327.753620670634,69986000
2025-09-12,289.89239501953125,305.5587770758331,289.46576893373555,303.3958524617288,51781900
2025-09-15,299.7744445800781,304.62614314949616,294.96241103469316,304.05069751457376,40004000
2025-09-16,304.24908447265625,317.464803090706,299.9033727423266,311.6010716730762,51923300
2025-09-17,299.0501403808594,306.24337713948984,292.72008718868165,305.28097045856873,27707900
2025-09-18,294.297607421875,301.44124709829146,289.7137845789414,300.66735532323304,24673100
2025-09-19,306.2433776855469,308.67417746181854,294.9921668378368,296.659006160762,40776200
2025-09-22,325.5807800292969,326.92021641022694,304.51701733057564,307.20579120907036,44437500
2025-09-23,311.37286376953125,322.4554219002116,307.6224603813452,321.46325137128787,35280200
2025-09-24,306.044921875,310.02353550216606,297.68093133705037,309.41829571682797,33765300
2025-09-25,289.0490417480469,296.4109607742308,286.29080874679977,292.9581962555282,39274900
2025-09-26,281.2406311035156,291.69811626674385,280.78424116832826,290.7059458032515,25990700
2025-09-29,280.546142578125,283.74093282556447,277.42078125448995,282.37173267971315,25778500
2025-09-30,279.03802490234375,281.7764252026331,273.73983800556215,281.46885476642854,23880800
2025-10-01,286.7471923828125,287.7195000486679,275.7043303935629,276.61711025451444,23378300
2025-10-02,286.5190124511719,292.66055062583445,283.81037592824777,289.51535663521616,16215500
2025-10-03,283.89971923828125,292.33316961218395,281.7764595515727,287.3326211477552,13688400
2025-10-06,289.3070068359375,294.35715129841975,288.5231836239734,290.0908300479016,14076800
2025-10-07,282.0145263671875,290.9242281406545,268.87819895606344,290.9242281406545,31723400
2025-10-08,286.3702087402344,289.24749746085377,281.37959177033474,283.185349552021,18982100
2025-10-09,295.1462707519531,299.13178887580506,285.5055329273853,289.76930937139105,26479800
2025-10-10,291.1706848144531,305.8405451253415,290.2265053116295,298.44598385734787,28895300
2025-10-13,306.1287536621094,308.8023261715299,295.9214611082751,296.87561948189784,21703700
2025-10-14,297.1737976074219,302.5607072174655,290.1966845828224,301.7158926964915,17346200
2025-10-15,301.76556396484375,309.1104423455758,297.0942885286036,303.0377448479234,13698900
2025-10-16,311.0882873535156,320.5700283106327,301.218944174788,303.7334904599572,32500900
2025-10-17,289.53076171875,302.42154598429164,285.74403450536505,301.8947842817553,37653000
2025-10-20,275.487060546875,287.47339926326885,273.62848679810674,287.1851923346052,32810700
2025-10-21,273.4694519042969,278.58799102631446,270.5971190174731,276.4113645294745,18370800
2025-10-22,270.99468994140625,275.5069696723458,267.60551341129235,273.14150104249836,16474000
2025-10-23,278.35943603515625,281.37092862392143,270.7263501135002,271.2928456978201,16872200
2025-10-24,281.5994873046875,285.4359272907555,280.5260969843573,284.17369501008807,13194900
2025-10-27,279.6812744140625,285.247077106773,278.100989368788,284.8197107167245,13855800
2025-10-28,279.11474609375,283.71647204564186,278.82653918086754,281.2715056132547,12448500
2025-10-29,273.6185302734375,279.8999367102244,269.6926739988345,279.7409103070061,18007100
2025-10-30,255.32101440429688,268.1124037979081,254.7147243126993,267.0986142125583,27954200
2025-10-31,261.00604248046875,264.18650997460566,255.14208397364064,257.9250006138069,16898700
2025-11-03,256.275146484375,263.99767906349524,253.6711382353916,263.61999512049596,15709200
2025-11-04,246.6542510986328,253.72082598196428,243.69245628106228,248.45319374117324,19772600
2025-11-05,248.78118896484375,250.85842031374696,245.5212233059583,246.39585341732538,11991500
2025-11-06,242.3109588623047,247.54877581260783,237.82849464119084,246.42567259995013,18678300
2025-11-07,237.7986602783203,238.93169686529873,230.93087618330165,237.54025374641034,20969300
2025-11-10,239.3590850830078,245.7299383831608,235.62205548440846,244.44780881992486,16698700
2025-11-11,234.70767211914062,235.99973520578885,227.49201912596652,234.78718532692136,20686600
2025-11-12,225.60362243652344,235.36363710080596,224.78862345731153,235.2940725247426,24195000
2025-11-13,216.2411651611328,223.78480443319668,213.90551208004095,223.615844554121,30009000
2025-11-14,221.48890686035156,225.66325152000962,209.48268596220845,209.5423170741818,36053800
2025-11-17,218.5171661376953,221.43921198573736,214.24342612748393,216.87724987551331,16143800
2025-11-18,219.14332580566406,222.3337116995743,213.18990527564887,214.88946783672145,21098300
2025-11-19,224.15252685546875,226.7565198011756,215.98273102188324,217.7220425286462,21679500
2025-11-20,209.40316772460938,232.5707944361802,209.0155503405061,229.748143989603,27459600
2025-11-21,197.54603576660156,207.03771063364235,192.3678651750686,205.81522730349292,44834100
2025-11-24,199.05674743652344,202.57513465014713,193.11327576454698,195.65763761078736,31144700
2025-11-25,195.82659912109375,198.19206765370456,184.49623294040668,192.89461986224512,29595000
2025-11-26,203.7081756591797,208.71738625647404,201.00478734775314,208.22044009872053,26544100
2025-11-28,200.71653747558594,201.1041548476619,196.4030487369781,198.29143795158566,13848500
2025-12-01,199.7127227783203,202.25708466007998,195.49861393316016,199.27540773634416,13461200
2025-12-02,199.8717498779297,208.4192146561499,198.77846226921176,203.88706814290677,19664500
2025-12-03,206.46124267578125,206.6500846387668,198.18211801923997,199.10644574185528,19060500
2025-12-04,213.0209503173828,214.09435588090784,205.05987801156445,206.59046556576504,23316900
2025-12-05,216.25108337402344,218.15935472532604,212.31526328561696,217.66240858699956,24208700
2025-12-08,219.1929931640625,223.37728626711018,215.5851745594257,219.99805863675905,24711200
2025-12-09,220.1769561767578,221.26029512517565,216.94680625793183,218.68611775268428,17643600
2025-12-10,221.64791870117188,223.94382267748554,216.2510907347346,220.44531749821974,47928000
2025-12-11,197.635498046875,200.75631939056154,185.0925663925784,189.45575316234388,100612700
2025-12-12,188.80972290039062,196.64159913778155,184.84408713319328,195.17062760321016,55201600
2025-12-15,183.79055786132812,187.81582461231847,180.29205280337976,187.13996997851825,43897500
2025-12-16,187.49777221679688,188.64075743608612,183.36319186532194,183.57190075101275,32433500
2025-12-17,177.37002563476562,185.36091301353378,175.9885159513689,182.19039416605673,50222000
2025-12-18,178.930419921875,183.6315260013945,177.48927919758674,181.6039924914208,36297300
2025-12-19,190.79751586914062,193.92827070911798,186.97102425086277,187.23937943204743,77008600
2025-12-22,197.16836547851562,197.5857984376681,191.6522600082981,195.61789586863685,27148000
2025-12-23,194.14691162109375,195.99555184267166,191.01615704910182,195.2302505514054,18301600
2025-12-24,196.28379821777344,197.0689664716376,193.23254153949614,193.80900090050727,9282700
2025-12-26,196.78074645996094,199.14619987573178,194.91222404001994,196.85031103645164,11262000
2025-12-29,194.18667602539062,197.29754850923374,191.46340575355308,192.97412624611638,14748100
2025-12-30,196.00550842285156,197.16836060149714,194.5146699632147,194.86252317110745,14197400
2025-12-31,193.71954345703125,195.9955500527643,193.54063496465824,195.22031530553,10341500
2026-01-02,194.51467895507812,197.37707861729828,193.02384042652403,196.26392403563455,14540700
2026-01-05,191.41371154785156,200.45813740850738,191.1553050133387,197.12859218718208,22635500
2026-01-06,192.56663513183594,193.6897382955301,189.53526055212583,191.38390085601517,16474500
2026-01-07,191.6621856689453,194.47490267105863,190.82731978462982,194.1071673765467,11171200
2026-01-08,188.49166870117188,189.7837317247868,185.01304564983556,189.71416714986842,19468500
2026-01-09,197.82907104492188,199.48328198944458,188.1229648731703,190.99294612598993,26152700
2026-01-12,203.96762084960938,205.8809518290306,196.3243174764324,196.91227558643226,25428500
2026-01-13,201.5859375,207.0767700725562,199.96162093774046,204.28651223022646,15857400
2026-01-14,192.9361572265625,200.9780623608245,190.14589935080318,200.9780623608245,22473200
2026-01-15,189.18923950195312,194.3312687380796,188.73083382608039,194.3312687380796,16418600
2026-01-16,190.4249267578125,191.20221082953415,185.88079981369137,189.24904092827342,19224700
2026-01-20,179.29379272460938,186.53849399405735,178.73574421850324,186.53849399405735,29129500
2026-01-21,173.2748260498047,179.97143871298334,170.00624310773912,179.0546273363009,38190000
2026-01-22,177.55984497070312,179.53296461501938,175.88569943626916,178.7457056604346,21141900
2026-01-23,176.5434112548828,179.024735260759,171.40136660730013,172.0192038769268,23011300
2026-01-26,181.80503845214844,184.66504484140142,177.90864316260036,178.4766666339379,21100400
2026-01-27,174.291259765625,179.0944912003547,173.07550472221547,178.56633706575496,27093700
2026-01-28,172.19857788085938,181.04766097025964,171.26184708944726,174.311194419325,35882700
2026-01-29,168.42176818847656,169.6375232885373,160.95784629043263,169.55779989771733,37254500
2026-01-30,164.00718688964844,168.3121433737541,162.6718543621554,167.58468837081855,27362400
2026-02-02,159.50291442871094,170.6041414466142,159.4431256894864,170.32511719311208,47421000
2026-02-03,154.13168334960938,158.8252973147647,151.37131982433368,157.70918503273225,43260100
2026-02-04,146.15951538085938,153.4042165095504,143.92730619412305,153.35438749268448,42323400
2026-02-05,136.00498962402344,146.039949211642,134.7792747837658,145.09325864061893,42789000
2026-02-06,142.32293701171875,142.70160412102805,138.4265417142819,139.26361453151182,29962400
2026-02-09,156.0449981689453,159.19400370697278,146.48837899796555,147.97319865369118,49936500
2026-02-10,159.33351135253906,164.81436891576513,156.41371634940222,159.44312911203085,40092200
2026-02-11,156.61302185058594,163.09039916229338,153.46401630814597,163.09039916229338,24538900
2026-02-12,155.9353790283203,158.48646671051813,151.96923537258098,157.3803293726937,23285400
2026-02-13,159.5826416015625,161.7351274987914,154.7495156571849,158.69573980210455,18597000
2026-02-17,153.43411254882812,158.72562879601853,152.34790991545935,157.4301503718071,19610800
2026-02-18,155.62646484375,156.752536862897,150.84316769997875,153.87259581349628,14801100
2026-02-19,155.9951629638672,159.5228506701595,155.22785386191407,156.64290979185859,14976300
2026-02-20,147.5646209716797,153.45405532849043,146.8770200297793,152.76645438659003,29621900
2026-02-23,140.81817626953125,145.29255455777212,138.10764185605854,145.18293679819485,31749800
2026-02-24,145.63136291503906,146.249200155314,138.24714957833874,140.34980638633397,21336600
2026-02-25,147.37527465820312,152.74651438864691,146.82718586822284,148.64085873585188,27303900
2026-02-26,149.78684997558594,151.9692302062104,144.64480548776962,148.27213601364468,20652200
2026-02-27,144.89393615722656,145.57157735663532,141.60543381427286,143.37923739277232,36425200
2026-03-02,148.7305450439453,149.64734121886437,140.68862485741477,141.12709589882863,22418800
2026-03-03,148.4913787841797,150.40469457426053,142.55213053686913,144.2462108004705,20120800
2026-03-04,151.8396759033203,153.07536559442755,148.58106798867487,149.48788920455578,17585400
2026-03-05,154.25125122070312,157.3902968608138,149.59750684443316,152.0589112977936,24094800
2026-03-06,152.42764282226562,158.63595559593048,151.0922950184539,152.38777352357633,38000600
2026-03-09,151.03250122070312,151.4709722575155,145.92035104119384,150.1754937957557,31173500
2026-03-10,148.88002014160156,153.6035284556817,147.93332957555808,153.085334013108,51544600
2026-03-11,162.55226135253906,171.162189509188,160.02110842929054,165.80092476166314,83247500
2026-03-12,158.60606384277344,167.24588698590296,158.0579750193652,164.08692166549116,37133700
2026-03-13,154.5701446533203,160.21044883324424,153.6134792155877,158.4964340279975,26350400
2026-03-16,155.42715454101562,158.18751793631904,153.9722293158369,155.5168376506391,21607700
2026-03-17,154.151611328125,158.36688475898694,152.96575063297982,154.89900098919819,23929500
2026-03-18,152.36782836914062,154.43063107214766,151.5108209745941,152.86608812862858,18051100
2026-03-19,154.97872924804688,156.37385057695357,148.3717995707142,149.93634260912145,22046100
2026-03-20,149.15904235839844,152.71662453203183,147.4350677550405,152.51732365860767,37551400
2026-03-23,153.80282592773438,155.2378165334504,150.18547024864722,150.89299062422435,19927900
2026-03-24,146.57806396484375,153.36435999173983,146.33890899305118,152.46749843615302,26122100
2026-03-25,145.5117950439453,149.3184919774499,144.0967390483517,148.71061441825918,20683800
2026-03-26,142.31295776367188,145.960223049612,142.04389322141546,143.38920072701563,16961900
2026-03-27,139.17391967773438,141.1968530849201,137.8186525236201,140.43948851881788,17929600
2026-03-30,138.31692504882812,140.7085660329705,136.47335768619322,139.55259963483925,20125700
2026-03-31,146.59799194335938,146.88697592301912,139.36326546789041,139.8116962252777,24492000
2026-04-01,144.7245330810547,149.1291477614807,144.16648455404064,148.57109923446666,20495900
2026-04-02,145.87054443359375,145.93033317689762,139.8117034193226,142.28306777853768,14381900
2026-04-06,145.033447265625,148.03298081482288,143.3493420145837,146.92684351639843,12556700
2026-04-07,142.6717071533203,144.06684369566656,139.4529531515068,143.27958470837012,17250400
2026-04-08,143.16000366210938,150.9328592725024,142.4026390647506,149.7768929333519,23527000
2026-04-09,137.86000061035156,142.8000030517578,136.0,142.1999969482422,30407800
2026-04-10,138.08999633789062,140.1699981689453,134.57000732421875,137.32000732421875,26171800
2026-04-13,155.6199951171875,155.91000366210938,139.72000122070312,139.77000427246094,49997700
2026-04-14,163.0,169.39999389648438,161.55999755859375,167.92999267578125,59779800
2026-04-15,169.80999755859375,172.55999755859375,166.2100067138672,166.88999938964844,43010800
2026-04-16,178.33999633789062,180.27000427246094,173.8000030517578,176.4199981689453,46997300
2026-04-17,175.05999755859375,184.5,173.36000061035156,182.92999267578125,45282600
2026-04-20,177.5800018310547,177.75999450683594,173.50999450683594,176.80999755859375,22330900
2026-04-21,181.1699981689453,185.33999633789062,176.00999450683594,178.35000610351562,39638000
2026-04-22,187.5,189.17999267578125,182.8000030517578,186.17999267578125,32448800
2026-04-23,176.27999877929688,181.88999938964844,174.0800018310547,180.39999389648438,37084200
2026-04-24,173.27999877929688,180.7100067138672,168.8000030517578,180.50999450683594,33215000
2026-04-27,172.9600067138672,173.5500030517578,167.89999389648438,172.5800018310547,21616600
2026-04-28,165.9600067138672,168.6999969482422,162.0500030517578,162.16000366210938,33716500
2026-04-29,163.8300018310547,164.75999450683594,160.64999389648438,164.0399932861328,20587500
2026-04-30,161.38999938964844,165.17999267578125,160.3300018310547,162.02000427246094,20886076
