Price,Close,High,Low,Open,Volume
Ticker,UNH,UNH,UNH,UNH,UNH
Date,,,,,
1984-10-17,0.11079337447881699,0.11378837781683486,0.11079337447881699,0.11079337447881699,9868800
1984-10-18,0.11378834396600723,0.11977679535855322,0.11378834396600723,0.11378834396600723,5324800
1984-10-19,0.11079337447881699,0.11378837781683486,0.11079337447881699,0.11378837781683486,3043200
1984-10-22,0.11079337447881699,0.11378837781683486,0.11079337447881699,0.11079337447881699,2326400
1984-10-23,0.10779917240142822,0.11079339966923069,0.10779917240142822,0.11079339966923069,787200
1984-10-24,0.11079337447881699,0.11378837781683486,0.11079337447881699,0.11079337447881699,230400
1984-10-25,0.10779917240142822,0.1137884036882042,0.10779917240142822,0.11079339966923069,1587200
1984-10-26,0.10779917240142822,0.11079339966923069,0.10779917240142822,0.10779917240142822,758400
1984-10-29,0.10779917240142822,0.11079339966923069,0.10779917240142822,0.10779917240142822,614400
1984-10-30,0.10779917240142822,0.1137884036882042,0.10779917240142822,0.10779917240142822,192000
1984-10-31,0.11079337447881699,0.11378837781683486,0.11079337447881699,0.11079337447881699,297600
1984-11-01,0.10779917240142822,0.11079339966923069,0.10779917240142822,0.11079339966923069,352000
1984-11-02,0.10779917240142822,0.11079339966923069,0.10779917240142822,0.10779917240142822,1638400
1984-11-05,0.10480491816997528,0.10779914466743912,0.10480491816997527,0.10779914466743912,534400
1984-11-06,0.10480491816997528,0.10779914466743912,0.10480491816997527,0.10480491816997527,544000
1984-11-07,0.10480491816997528,0.10779914466743912,0.10480491816997527,0.10480491816997527,76800
1984-11-08,0.10480491816997528,0.10779914466743912,0.10480491816997527,0.10480491816997527,44800
1984-11-09,0.10480491816997528,0.10779914466743912,0.10480491816997527,0.10480491816997527,896000
1984-11-12,0.10480491816997528,0.10779914466743912,0.10480491816997527,0.10480491816997527,300800
1984-11-13,0.10480491816997528,0.10779914466743912,0.10480491816997527,0.10480491816997527,464000
1984-11-14,0.10181067883968353,0.10779913107979083,0.10181067883968353,0.10480490495973718,1523200
1984-11-15,0.10181067883968353,0.10480490495973718,0.10181067883968353,0.10181067883968353,156800
1984-11-16,0.09582149982452393,0.10480495962089265,0.09582149982452393,0.10181073193919588,579200
1984-11-19,0.09582149982452393,0.10480495962089265,0.09582149982452393,0.09582149982452393,358400
1984-11-20,0.09282724559307098,0.09881569924369168,0.09282724559307098,0.09582147241838133,179200
1984-11-21,0.09282724559307098,0.09881569924369168,0.09282724559307098,0.09282724559307098,905600
1984-11-23,0.09282724559307098,0.09881569924369168,0.09282724559307098,0.09282724559307098,25600
1984-11-26,0.09582149982452393,0.0988157275062207,0.09582149982452393,0.09582149982452393,166400
1984-11-27,0.09881570190191269,0.10181070555884726,0.09881570190191269,0.09881570190191269,147200
1984-11-28,0.09881570190191269,0.10181070555884726,0.09881570190191269,0.09881570190191269,492800
1984-11-29,0.09881570190191269,0.10181070555884726,0.09881570190191269,0.09881570190191269,262400
1984-11-30,0.09881570190191269,0.10181070555884726,0.09881570190191269,0.09881570190191269,556800
1984-12-03,0.09582149982452393,0.10181073193919588,0.09582149982452393,0.0988157275062207,380800
1984-12-04,0.09282724559307098,0.09881569924369168,0.09282724559307098,0.09582147241838133,217600
1984-12-05,0.09282724559307098,0.09881569924369168,0.09282724559307098,0.09282724559307098,102400
1984-12-06,0.08983304351568222,0.09582150490819112,0.08983304351568222,0.09282727706764006,630400
1984-12-07,0.08983304351568222,0.09282727706764006,0.08983304351568222,0.08983304351568222,86400
1984-12-10,0.08983304351568222,0.09282727706764006,0.08983304351568222,0.08983304351568222,2099200
1984-12-11,0.08983304351568222,0.09282727706764006,0.08983304351568222,0.08983304351568222,188800
1984-12-12,0.08983304351568222,0.09282727706764006,0.08983304351568222,0.08983304351568222,393600
1984-12-13,0.08983304351568222,0.09282727706764006,0.08983304351568222,0.08983304351568222,102400
1984-12-14,0.08983304351568222,0.09282727706764006,0.08983304351568222,0.08983304351568222,89600
1984-12-17,0.08983304351568222,0.09282727706764006,0.08983304351568222,0.08983304351568222,102400
1984-12-18,0.08983304351568222,0.09282727706764006,0.08983304351568222,0.08983304351568222,214400
1984-12-19,0.08983304351568222,0.09282727706764006,0.08983304351568222,0.08983304351568222,102400
1984-12-20,0.08983304351568222,0.09282727706764006,0.08983304351568222,0.08983304351568222,121600
1984-12-21,0.08983304351568222,0.09282727706764006,0.08983304351568222,0.08983304351568222,704000
1984-12-24,0.08983304351568222,0.09282727706764006,0.08983304351568222,0.08983304351568222,921600
1984-12-26,0.08983304351568222,0.09282727706764006,0.08983304351568222,0.08983304351568222,521600
1984-12-27,0.08983304351568222,0.09582150490819112,0.08983304351568222,0.08983304351568222,947200
1984-12-28,0.08983304351568222,0.09282727706764006,0.08983304351568222,0.08983304351568222,76800
1984-12-31,0.08983304351568222,0.09582150490819112,0.08983304351568222,0.08983304351568222,457600
1985-01-02,0.09282724559307098,0.09582147241838133,0.09282724559307098,0.09282724559307098,179200
1985-01-03,0.09282724559307098,0.10181070282005829,0.09282724559307098,0.09282724559307098,227200
1985-01-04,0.09282724559307098,0.10181070282005829,0.09282724559307098,0.09282724559307098,390400
1985-01-07,0.09881570190191269,0.10480493246470471,0.09881570190191269,0.09881570190191269,2652800
1985-01-08,0.11079337447881699,0.11678260440385829,0.11079337447881699,0.11079337447881699,1190400
1985-01-09,0.11079337447881699,0.11678260440385829,0.11079337447881699,0.11079337447881699,403200
1985-01-10,0.11378834396600723,0.11977679535855322,0.11378834396600723,0.11378834396600723,1062400
1985-01-11,0.11378834396600723,0.12277102105482621,0.11378834396600723,0.11378834396600723,188800
1985-01-14,0.11678262054920197,0.12277107455116011,0.11678262054920197,0.11678262054920197,131200
1985-01-15,0.11977683007717133,0.12576605995652415,0.11977683007717133,0.11977683007717133,320000
1985-01-16,0.11977683007717133,0.12277105664135347,0.11977683007717133,0.11977683007717133,134400
1985-01-17,0.11977683007717133,0.12277105664135347,0.11977683007717133,0.11977683007717133,441600
1985-01-18,0.11977683007717133,0.12576605995652415,0.11977683007717133,0.11977683007717133,556800
1985-01-21,0.11977683007717133,0.12576605995652415,0.11977683007717133,0.11977683007717133,112000
1985-01-22,0.11977683007717133,0.12576605995652415,0.11977683007717133,0.11977683007717133,441600
1985-01-23,0.11977683007717133,0.12576605995652415,0.11977683007717133,0.11977683007717133,156800
1985-01-24,0.13474884629249573,0.14073808091187054,0.13474884629249573,0.13474884629249573,1475200
1985-01-25,0.1437322497367859,0.14672647741848266,0.1437322497367859,0.1437322497367859,1110400
1985-01-28,0.1437322497367859,0.14672647741848266,0.1437322497367859,0.1437322497367859,908800
1985-01-29,0.1437322497367859,0.14972148185145784,0.1437322497367859,0.1437322497367859,1660800
1985-01-30,0.1497214436531067,0.15570989748866923,0.1497214436531067,0.1497214436531067,928000
1985-01-31,0.1497214436531067,0.15570989748866923,0.1497214436531067,0.1497214436531067,656000
1985-02-01,0.1497214436531067,0.15570989748866923,0.1497214436531067,0.1497214436531067,208000
1985-02-04,0.15870408713817596,0.16469331631837583,0.15870408713817596,0.15870408713817596,966400
1985-02-05,0.17966531217098236,0.18265953985267913,0.17966531217098236,0.17966531217098236,2320000
1985-02-06,0.18565449118614197,0.1886487180114523,0.18565449118614197,0.18565449118614197,1280000
1985-02-07,0.18265946209430695,0.1916429180664067,0.18265946209430695,0.18565446525230536,1113600
1985-02-08,0.20362061262130737,0.20661485063021032,0.20362061262130737,0.20362061262130737,4268800
1985-02-11,0.20661494135856628,0.20960993458800162,0.20661494135856628,0.20661494135856628,998400
1985-02-12,0.200626403093338,0.20661487996126834,0.200626403093338,0.20661487996126834,1472000
1985-02-13,0.200626403093338,0.20661487996126834,0.200626403093338,0.200626403093338,611200
1985-02-14,0.19763219356536865,0.20062640924553046,0.19763219356536865,0.20062640924553046,355200
1985-02-15,0.1946372091770172,0.20062641753595953,0.1946372091770172,0.19763220173206855,304000
1985-02-19,0.1886487603187561,0.19463722673518954,0.1886487603187561,0.19463722673518954,784000
1985-02-20,0.18565449118614197,0.19164294483676267,0.18565449118614197,0.1886487180114523,473600
1985-02-21,0.18565449118614197,0.19164294483676267,0.18565449118614197,0.18565449118614197,281600
1985-02-22,0.19164299964904785,0.1976322317637198,0.19164299964904785,0.19164299964904785,809600
1985-02-25,0.19164299964904785,0.19463723875355754,0.19164299964904785,0.19164299964904785,496000
1985-02-26,0.19164299964904785,0.1976322317637198,0.19164299964904785,0.19164299964904785,672000
1985-02-27,0.19164299964904785,0.1976322317637198,0.19164299964904785,0.19164299964904785,1955200
1985-02-28,0.20661494135856628,0.21260415106610167,0.20661494135856628,0.20661494135856628,1049600
1985-03-01,0.20960983633995056,0.21559828933487823,0.20960983633995053,0.20960983633995053,467200
1985-03-04,0.20960983633995056,0.21559828933487823,0.20960983633995053,0.20960983633995053,556800
1985-03-05,0.20960983633995056,0.21559828933487823,0.20960983633995053,0.20960983633995053,441600
1985-03-06,0.20960983633995056,0.21559828933487823,0.20960983633995053,0.20960983633995053,496000
1985-03-07,0.20362061262130737,0.21260405770777543,0.20362061262130737,0.20960984254448997,531200
1985-03-08,0.20362061262130737,0.21260405770777543,0.20362061262130737,0.20362061262130737,19200
1985-03-11,0.200626403093338,0.20960987230071726,0.200626403093338,0.2036206415273032,246400
1985-03-12,0.200626403093338,0.20960987230071726,0.200626403093338,0.200626403093338,4275200
1985-03-13,0.1946372091770172,0.20062641753595953,0.1946372091770172,0.20062641753595953,486400
1985-03-14,0.19164299964904785,0.1976322317637198,0.19164299964904785,0.19463723875355754,195200
1985-03-15,0.19164299964904785,0.19463723875355754,0.19164299964904785,0.19164299964904785,124800
1985-03-18,0.18565449118614197,0.19164294483676267,0.18565449118614197,0.19164294483676267,153600
1985-03-19,0.18565449118614197,0.19164294483676267,0.18565449118614197,0.18565449118614197,604800
1985-03-20,0.18565449118614197,0.19164294483676267,0.18565449118614197,0.18565449118614197,547200
1985-03-21,0.18565449118614197,0.19164294483676267,0.18565449118614197,0.18565449118614197,204800
1985-03-22,0.18565449118614197,0.19164294483676267,0.18565449118614197,0.18565449118614197,192000
1985-03-25,0.18565449118614197,0.19164294483676267,0.18565449118614197,0.18565449118614197,355200
1985-03-26,0.18565449118614197,0.1886487180114523,0.18565449118614197,0.18565449118614197,300800
1985-03-27,0.18265946209430695,0.18864869165935605,0.18265946209430695,0.18565446525230536,76800
1985-03-28,0.18265946209430695,0.18864869165935605,0.18265946209430695,0.18265946209430695,96000
1985-03-29,0.17966531217098236,0.1856545442856543,0.17966531217098236,0.18265953985267913,144000
1985-04-01,0.17367687821388245,0.17966533431537451,0.17367687821388245,0.17966533431537451,838400
1985-04-02,0.16169914603233337,0.16768760053292606,0.16169914603233337,0.16768760053292606,384000
1985-04-03,0.16169914603233337,0.16469337328262973,0.16169914603233337,0.16169914603233337,835200
1985-04-04,0.14672645926475525,0.1527156906384097,0.14672645926475525,0.1527156906384097,1017600
1985-04-08,0.14672645926475525,0.14672645926475525,0.14672645926475525,0.14672645926475525,0
1985-04-09,0.1437322497367859,0.14672647741848266,0.1437322497367859,0.14672647741848266,416000
1985-04-10,0.14073804020881653,0.14672649634465795,0.14073804020881653,0.14373226827673724,1862400
1985-04-11,0.1557098925113678,0.1616991229065635,0.1557098925113678,0.1557098925113678,1139200
1985-04-12,0.17068181931972504,0.1796652773763232,0.17068181931972504,0.17068181931972504,512000
1985-04-15,0.16768750548362732,0.17367673334054853,0.16768750548362732,0.17068173103672482,761600
1985-04-16,0.17367687821388245,0.17667110626462848,0.17367687821388245,0.17367687821388245,1414400
1985-04-17,0.17667101323604584,0.1826594661842346,0.17667101323604584,0.17667101323604584,816000
1985-04-18,0.17667101323604584,0.1826594661842346,0.17667101323604584,0.17667101323604584,332800
1985-04-19,0.17667101323604584,0.1826594661842346,0.17667101323604584,0.17667101323604584,89600
1985-04-22,0.18565449118614197,0.1886487180114523,0.18565449118614197,0.18565449118614197,6096000
1985-04-23,0.1886487603187561,0.1976322195604184,0.1886487603187561,0.1886487603187561,364800
1985-04-24,0.20362061262130737,0.20960984254448997,0.20362061262130737,0.20362061262130737,691200
1985-04-25,0.21559834480285645,0.22158757608963242,0.21559834480285645,0.21559834480285645,2662400
1985-04-26,0.2126041054725647,0.21859258283577435,0.2126041054725647,0.21559834415416954,1532800
1985-04-29,0.20960983633995056,0.21559828933487823,0.20960983633995053,0.21260405141460598,1600000
1985-04-30,0.20661494135856628,0.21559839038982923,0.20661494135856628,0.20960993458800162,393600
1985-05-01,0.20661494135856628,0.20960993458800162,0.20661494135856628,0.20661494135856628,400000
1985-05-02,0.20661494135856628,0.21260415106610167,0.20661494135856628,0.20661494135856628,540800
1985-05-03,0.20960983633995056,0.21559828933487823,0.20960983633995053,0.20960983633995053,368000
1985-05-06,0.20960983633995056,0.21559828933487823,0.20960983633995053,0.20960983633995053,329600
1985-05-07,0.20960983633995056,0.21559828933487823,0.20960983633995053,0.20960983633995053,208000
1985-05-08,0.20960983633995056,0.21559828933487823,0.20960983633995053,0.20960983633995053,387200
1985-05-09,0.20960983633995056,0.21859252725515047,0.20960983633995053,0.20960983633995053,1993600
1985-05-10,0.20960983633995056,0.21859252725515047,0.20960983633995053,0.20960983633995053,435200
1985-05-13,0.2126041054725647,0.21859258283577435,0.2126041054725647,0.2126041054725647,137600
1985-05-14,0.2126041054725647,0.21559834415416954,0.2126041054725647,0.2126041054725647,150400
1985-05-15,0.20960983633995056,0.21559828933487823,0.20960983633995053,0.21260405141460598,675200
1985-05-16,0.20960983633995056,0.21559828933487823,0.20960983633995053,0.20960983633995053,163200
1985-05-17,0.20960983633995056,0.21559828933487823,0.20960983633995053,0.20960983633995053,387200
1985-05-20,0.2126041054725647,0.21859258283577435,0.2126041054725647,0.2126041054725647,425600
1985-05-21,0.2305702269077301,0.23356521895303195,0.2305702269077301,0.2305702269077301,2787200
1985-05-22,0.23356524109840393,0.2365594566765727,0.23356524109840393,0.23356524109840393,1788800
1985-05-23,0.24254803359508514,0.2485372439735644,0.24254803359508514,0.24254803359508514,1129600
1985-05-24,0.24853698909282684,0.2545254622698188,0.24853698909282684,0.24853698909282684,1433600
1985-05-28,0.24254803359508514,0.2485372439735644,0.24254803359508514,0.2485372439735644,723200
1985-05-29,0.24254803359508514,0.2485372439735644,0.24254803359508514,0.24254803359508514,233600
1985-05-30,0.2455429881811142,0.25153144370315894,0.24554298818111417,0.24554298818111417,384000
1985-05-31,0.2455429881811142,0.25153144370315894,0.24554298818111417,0.24554298818111417,412800
1985-06-03,0.25752049684524536,0.2665031853027676,0.25752049684524536,0.25752049684524536,2524800
1985-06-04,0.26650330424308777,0.2694982965859441,0.26650330424308777,0.26650330424308777,1529600
1985-06-05,0.2724924087524414,0.2814758745603417,0.2724924087524414,0.2724924087524414,1433600
1985-06-06,0.26350903511047363,0.26949826519303727,0.26350903511047363,0.26949826519303727,1891200
1985-06-07,0.26350903511047363,0.26949826519303727,0.26350903511047363,0.26350903511047363,1001600
1985-06-10,0.2724924087524414,0.2784808833542426,0.2724924087524414,0.2724924087524414,1088000
1985-06-11,0.26650330424308777,0.27249251217769505,0.26650330424308777,0.27249251217769505,857600
1985-06-12,0.27848106622695923,0.284470275821336,0.27848106622695923,0.27848106622695923,515200
1985-06-13,0.27848106622695923,0.284470275821336,0.27848106622695923,0.27848106622695923,1315200
1985-06-14,0.27848106622695923,0.2814760593998079,0.27848106622695923,0.27848106622695923,617600
1985-06-17,0.27548664808273315,0.2814758766338529,0.27548664808273315,0.27848088540569105,512000
1985-06-18,0.26350903511047363,0.27249248043600266,0.26350903511047363,0.27249248043600266,969600
1985-06-19,0.2605147957801819,0.2665032719288055,0.2605147957801819,0.2635090338544937,252800
1985-06-20,0.2515313923358917,0.2545256309082496,0.2515313923358917,0.2545256309082496,649600
1985-06-21,0.25752049684524536,0.2605147111006791,0.25752049684524536,0.25752049684524536,428800
1985-06-24,0.2515313923358917,0.257520623386126,0.2515313923358917,0.257520623386126,236800
1985-06-25,0.25452566146850586,0.25752065430598353,0.25452566146850586,0.25452566146850586,198400
1985-06-26,0.25752049684524536,0.2635089482017234,0.25752049684524536,0.25752049684524536,515200
1985-06-27,0.2605147957801819,0.2665032719288055,0.2605147957801819,0.2605147957801819,198400
1985-06-28,0.26949840784072876,0.2754868643420161,0.26949840784072876,0.26949840784072876,259200
1985-07-01,0.26350903511047363,0.27249248043600266,0.26350903511047363,0.26949826519303727,140800
1985-07-02,0.2724924087524414,0.2784808833542426,0.2724924087524414,0.2724924087524414,732800
1985-07-03,0.26650330424308777,0.2754867506150668,0.26650330424308777,0.27249251217769505,444800
1985-07-05,0.26350903511047363,0.26949826519303727,0.26350903511047363,0.2665032731990571,92800
1985-07-08,0.25752049684524536,0.2635089482017234,0.25752049684524536,0.2635089482017234,396800
1985-07-09,0.25452566146850586,0.2605148703922276,0.25452566146850586,0.25752065430598353,256000
1985-07-10,0.2515313923358917,0.257520623386126,0.2515313923358917,0.2545256309082496,217600
1985-07-11,0.2605147957801819,0.2694982639085105,0.2605147957801819,0.2605147957801819,326400
1985-07-12,0.26650330424308777,0.27249251217769505,0.26650330424308777,0.26650330424308777,963200
1985-07-15,0.26650330424308777,0.2754867506150668,0.26650330424308777,0.26650330424308777,617600
1985-07-16,0.2724924087524414,0.2784808833542426,0.2724924087524414,0.2724924087524414,716800
1985-07-17,0.27848106622695923,0.2874645150884912,0.27848106622695923,0.27848106622695923,755200
1985-07-18,0.27848106622695923,0.284470275821336,0.27848106622695923,0.27848106622695923,432000
1985-07-19,0.2844701409339905,0.2904586166287424,0.2844701409339905,0.2844701409339905,988800
1985-07-22,0.2874644994735718,0.29045873857808147,0.2874644994735718,0.2874644994735718,726400
1985-07-23,0.28147608041763306,0.2874645365534745,0.28147608041763306,0.2874645365534745,1020800
1985-07-24,0.27848106622695923,0.2874645150884912,0.27848106622695923,0.2814760593998079,467200
1985-07-25,0.28147608041763306,0.2874645365534745,0.28147608041763306,0.28147608041763306,355200
1985-07-26,0.28147608041763306,0.2874645365534745,0.28147608041763306,0.28147608041763306,252800
1985-07-29,0.27848106622695923,0.284470275821336,0.27848106622695923,0.2814760593998079,566400
1985-07-30,0.27848106622695923,0.284470275821336,0.27848106622695923,0.27848106622695923,355200
1985-07-31,0.27848106622695923,0.284470275821336,0.27848106622695923,0.27848106622695923,262400
1985-08-01,0.27848106622695923,0.284470275821336,0.27848106622695923,0.27848106622695923,409600
1985-08-02,0.27848106622695923,0.284470275821336,0.27848106622695923,0.27848106622695923,179200
1985-08-05,0.27548664808273315,0.2814758766338529,0.27548664808273315,0.27848088540569105,252800
1985-08-06,0.26949840784072876,0.2754868643420161,0.26949840784072876,0.2754868643420161,342400
1985-08-07,0.23356524109840393,0.24254793352415147,0.23356524109840393,0.24254793352415147,1219200
1985-08-08,0.23655946552753448,0.2425479425991744,0.23655946552753448,0.23655946552753448,665600
1985-08-09,0.23655946552753448,0.2425479425991744,0.23655946552753448,0.23655946552753448,438400
1985-08-12,0.23655946552753448,0.24554293504050376,0.23655946552753448,0.23655946552753448,268800
1985-08-13,0.22757600247859955,0.23356523302462648,0.22757600247859952,0.23356523302462648,764800
1985-08-14,0.23356524109840393,0.2365594566765727,0.23356524109840393,0.23356524109840393,259200
1985-08-15,0.2305702269077301,0.23655943424730566,0.2305702269077301,0.23356521895303195,124800
1985-08-16,0.2305702269077301,0.23655943424730566,0.2305702269077301,0.2305702269077301,105600
1985-08-19,0.22158761322498322,0.2245818295717681,0.22158761322498322,0.2245818295717681,1139200
1985-08-20,0.22158761322498322,0.22757606876417943,0.22158761322498322,0.22158761322498322,1529600
1985-08-21,0.25452566146850586,0.2605148703922276,0.25452566146850586,0.25452566146850586,1056000
1985-08-22,0.25452566146850586,0.2605148703922276,0.25452566146850586,0.25452566146850586,662400
1985-08-23,0.2515313923358917,0.257520623386126,0.2515313923358917,0.2545256309082496,368000
1985-08-26,0.2515313923358917,0.257520623386126,0.2515313923358917,0.2515313923358917,812800
1985-08-27,0.2515313923358917,0.2545256309082496,0.2515313923358917,0.2515313923358917,1225600
1985-08-28,0.24853698909282684,0.2545254622698188,0.24853698909282684,0.2515312256813228,1104000
1985-08-29,0.24853698909282684,0.2545254622698188,0.24853698909282684,0.24853698909282684,915200
1985-08-30,0.2515313923358917,0.2545256309082496,0.2515313923358917,0.2515313923358917,64000
1985-09-03,0.24254803359508514,0.25153148363272293,0.24254803359508514,0.25153148363272293,880000
1985-09-04,0.23655946552753448,0.24554293504050376,0.23655946552753448,0.2425479425991744,860800
1985-09-05,0.23655946552753448,0.23955370406335444,0.23057025739600667,0.23655946552753448,524800
1985-09-06,0.23955366015434265,0.23955366015434265,0.2305702151336163,0.23655942216735182,793600
1985-09-09,0.23655946552753448,0.23955370406335444,0.23057025739600667,0.23955370406335444,278400
1985-09-10,0.23356524109840393,0.2365594566765727,0.23057024876913337,0.2365594566765727,156800
1985-09-11,0.22757600247859955,0.23356523302462648,0.22757600247859952,0.23356523302462648,176000
1985-09-12,0.2126041054725647,0.22757602994051226,0.20362065836782678,0.22757602994051226,1424000
1985-09-13,0.20960983633995056,0.21559828933487823,0.20960983633995053,0.21260405141460598,1955200
1985-09-16,0.20960983633995056,0.21559828933487823,0.20960983633995053,0.20960983633995053,272000
1985-09-17,0.2185925841331482,0.224581792591828,0.2155983454337722,0.2155983454337722,1795200
1985-09-18,0.224581778049469,0.2305702550604487,0.21859256997860876,0.21859256997860876,361600
1985-09-19,0.224581778049469,0.2305702550604487,0.2215875623896004,0.224581778049469,1446400
1985-09-20,0.2185925841331482,0.224581792591828,0.2126041067343962,0.224581792591828,1280000
1985-09-23,0.21559834480285645,0.21559834480285645,0.19164297315809461,0.21559834480285645,3734400
1985-09-24,0.20362061262130737,0.22458174080314647,0.20362061262130737,0.21559829571667838,1504000
1985-09-25,0.200626403093338,0.20960987230071726,0.19463719516554465,0.2036206415273032,1097600
1985-09-26,0.200626403093338,0.2036206415273032,0.19463719516554465,0.200626403093338,752000
1985-09-30,0.18565449118614197,0.20062639064094032,0.18565449118614197,0.20062639064094032,1606400
1985-10-01,0.1946372091770172,0.1946372091770172,0.18565451607409955,0.18565451607409955,1635200
1985-10-02,0.1886487603187561,0.19463722673518954,0.1886487603187561,0.19463722673518954,764800
1985-10-03,0.20960983633995056,0.20960983633995053,0.1916429238532251,0.1916429238532251,2150400
1985-10-04,0.2185925841331482,0.22158757673807475,0.20960989088064297,0.20960989088064297,2419200
1985-10-07,0.224581778049469,0.22757601655495885,0.21859256997860876,0.21859256997860876,780800
1985-10-08,0.22158761322498322,0.2245818295717681,0.21260414174207443,0.2245818295717681,1142400
1985-10-09,0.2305702269077301,0.23356521895303195,0.21559830514847803,0.22158753533367206,1708800
1985-10-10,0.24254803359508514,0.2485372439735644,0.2335653374632396,0.2335653374632396,2864000
1985-10-11,0.24254803359508514,0.24554302716003593,0.23655955427676806,0.24254803359508514,569600
1985-10-14,0.25452566146850586,0.25452566146850586,0.23955373574917835,0.2425479746810469,419200
1985-10-15,0.24254803359508514,0.2605149336703607,0.24254803359508514,0.2545257232918815,2118400
1985-10-16,0.24853698909282684,0.2515312256813228,0.2395535482679265,0.24254778485642248,1926400
1985-10-17,0.24853698909282684,0.2515312256813228,0.24853698909282684,0.24853698909282684,1948800
1985-10-18,0.24853698909282684,0.2545254622698188,0.24254778485642248,0.24853698909282684,3267200
1985-10-21,0.24254803359508514,0.2485372439735644,0.24254803359508514,0.2485372439735644,150400
1985-10-22,0.24853698909282684,0.24853698909282684,0.24254778485642248,0.24254778485642248,1244800
1985-10-23,0.24254803359508514,0.2485372439735644,0.24254803359508514,0.2485372439735644,1190400
1985-10-24,0.2455429881811142,0.24853720451932335,0.23955375590777042,0.24254799509160604,812800
1985-10-25,0.2455429881811142,0.24554298818111417,0.23955375590777042,0.24554298818111417,153600
1985-10-28,0.2455429881811142,0.24554298818111417,0.23955375590777042,0.24554298818111417,294400
1985-10-29,0.2455429881811142,0.24554298818111417,0.23955375590777042,0.24554298818111417,396800
1985-10-30,0.2455429881811142,0.24554298818111417,0.24254799509160604,0.24554298818111417,387200
1985-10-31,0.2305702269077301,0.24554290257239184,0.2305702269077301,0.24554290257239184,736000
1985-11-01,0.23655946552753448,0.23655946552753448,0.23057025739600667,0.23057025739600667,646400
1985-11-04,0.23655946552753448,0.2425479425991744,0.23655946552753448,0.23655946552753448,278400
1985-11-05,0.2305702269077301,0.23955367238719782,0.2305702269077301,0.23655943424730566,3846400
1985-11-06,0.23356524109840393,0.23356524109840393,0.23057024876913337,0.23057024876913337,1782400
1985-11-07,0.22757600247859955,0.23057024079888544,0.22158754868364755,0.23057024079888544,2124800
1985-11-08,0.2305702269077301,0.23356521895303195,0.22458175062794575,0.22757598876783794,569600
1985-11-11,0.23655946552753448,0.23655946552753448,0.23057025739600667,0.23057025739600667,1126400
1985-11-12,0.23655946552753448,0.23955370406335444,0.23356524983733604,0.23655946552753448,1225600
1985-11-13,0.22757600247859955,0.23955368681957845,0.22757600247859952,0.23655944849929253,224000
1985-11-14,0.23356524109840393,0.23356524109840393,0.22757601034534397,0.22757601034534397,864000
1985-11-15,0.23356524109840393,0.23356524109840393,0.22757601034534397,0.23356524109840393,323200
1985-11-18,0.23356524109840393,0.23356524109840393,0.22757601034534397,0.23356524109840393,1878400
1985-11-19,0.2305702269077301,0.23356521895303195,0.22757598876783794,0.23356521895303195,272000
1985-11-20,0.23356524109840393,0.23356524109840393,0.2245817719215546,0.23057024876913337,246400
1985-11-21,0.23356524109840393,0.23356524109840393,0.23057024876913337,0.23356524109840393,547200
1985-11-22,0.22757600247859955,0.23356523302462648,0.21559831813762062,0.23356523302462648,1392000
1985-11-25,0.224581778049469,0.2305702550604487,0.2215875623896004,0.22757601655495885,320000
1985-11-26,0.23655946552753448,0.23655946552753448,0.22158756463416832,0.22458178032436676,832000
1985-11-27,0.23955366015434265,0.24254789814133346,0.23356520702597833,0.23655942216735182,1420800
1985-11-29,0.23955366015434265,0.24254789814133346,0.23356520702597833,0.23955366015434265,211200
1985-12-02,0.23356524109840393,0.2395536951003621,0.23057024876913337,0.2395536951003621,400000
1985-12-03,0.22757600247859955,0.23356523302462648,0.22757600247859952,0.23356523302462648,57600
1985-12-04,0.23356524109840393,0.23356524109840393,0.22757601034534397,0.22757601034534397,323200
1985-12-05,0.2305702269077301,0.23356521895303195,0.22757598876783794,0.23356521895303195,128000
1985-12-06,0.2305702269077301,0.2305702269077301,0.22458175062794575,0.2305702269077301,409600
1985-12-09,0.2185925841331482,0.227576031291204,0.2185925841331482,0.227576031291204,387200
1985-12-10,0.2185925841331482,0.224581792591828,0.2185925841331482,0.2185925841331482,320000
1985-12-11,0.224581778049469,0.224581778049469,0.21859256997860876,0.21859256997860876,425600
1985-12-12,0.2305702269077301,0.2305702269077301,0.22158753533367206,0.22458175062794575,646400
1985-12-13,0.2305702269077301,0.2305702269077301,0.22757598876783794,0.2305702269077301,227200
1985-12-16,0.23356524109840393,0.2365594566765727,0.22757601034534397,0.23057024876913337,515200
1985-12-17,0.23955366015434265,0.23955366015434265,0.23356520702597833,0.23356520702597833,921600
1985-12-18,0.23955366015434265,0.24254789814133346,0.2275759771466255,0.23955366015434265,20620800
1985-12-19,0.23356524109840393,0.24254793352415147,0.22757601034534397,0.2395536951003621,1440000
1985-12-20,0.22757600247859955,0.23356523302462648,0.22757600247859952,0.23356523302462648,220800
1985-12-23,0.23356524109840393,0.23356524109840393,0.22757601034534397,0.22757601034534397,2038400
1985-12-24,0.23655946552753448,0.23655946552753448,0.23356524983733604,0.23356524983733604,307200
1985-12-26,0.23955366015434265,0.23955366015434265,0.23356520702597833,0.23655942216735182,915200
1985-12-27,0.23955366015434265,0.24254789814133346,0.23955366015434265,0.23955366015434265,601600
1985-12-30,0.2455429881811142,0.24554298818111417,0.23955375590777042,0.23955375590777042,934400
1985-12-31,0.2455429881811142,0.24853720451932335,0.24254799509160604,0.24554298818111417,1312000
1986-01-02,0.23655946552753448,0.24554293504050376,0.23655946552753448,0.24554293504050376,2140800
1986-01-03,0.23356524109840393,0.2365594566765727,0.23057024876913337,0.2365594566765727,1276800
1986-01-06,0.23955366015434265,0.23955366015434265,0.2275759771466255,0.23356520702597833,1276800
1986-01-07,0.25452566146850586,0.25452566146850586,0.2335652807310657,0.23955373574917835,2992000
1986-01-08,0.25452566146850586,0.25452566146850586,0.2455429675185246,0.25452566146850586,1507200
1986-01-09,0.24853698909282684,0.2515312256813228,0.24554277534993751,0.2515312256813228,678400
1986-01-10,0.24853698909282684,0.2545254622698188,0.24853698909282684,0.24853698909282684,566400
1986-01-13,0.2515313923358917,0.2545256309082496,0.2425479455589214,0.24853715376353389,1049600
1986-01-14,0.24853698909282684,0.2545254622698188,0.24853698909282684,0.2515312256813228,1174400
1986-01-15,0.2724924087524414,0.275486646053342,0.24853704822606384,0.24853704822606384,54211200
1986-01-16,0.26650330424308777,0.27249251217769505,0.2605148273683443,0.27249251217769505,9974400
1986-01-17,0.26650330424308777,0.27249251217769505,0.26350906580571604,0.26650330424308777,9510400
1986-01-20,0.2724924087524414,0.275486646053342,0.2635089657901532,0.2665032030910538,5548800
1986-01-21,0.26949840784072876,0.28147609759472947,0.26650341426147417,0.27249262466855734,5731200
1986-01-22,0.26650330424308777,0.2754867506150668,0.26650330424308777,0.2694982965859441,3977600
1986-01-23,0.26350903511047363,0.2784809566131695,0.26350903511047363,0.2665032731990571,9331200
1986-01-24,0.26949840784072876,0.26949840784072876,0.2635091745880154,0.2635091745880154,1430400
1986-01-27,0.26949840784072876,0.27249262466855734,0.26650341426147417,0.26949840784072876,11043200
1986-01-28,0.26949840784072876,0.27249262466855734,0.2635091745880154,0.26949840784072876,3155200
1986-01-29,0.27548664808273315,0.2814758766338529,0.2694981962824297,0.2694981962824297,6854400
1986-01-30,0.2874644994735718,0.2874644994735718,0.2754868119955063,0.2754868119955063,6502400
1986-01-31,0.3054313659667969,0.3114198202890923,0.28147599517532823,0.2874644494976237,10428800
1986-02-03,0.3114197850227356,0.3114197850227356,0.3024363392282794,0.3054313313785953,23609600
1986-02-04,0.3114197850227356,0.31441402326761536,0.3054313313785953,0.3114197850227356,8928000
1986-02-05,0.31441405415534973,0.31441405415534973,0.30842557707728796,0.3114198156163189,4784000
1986-02-06,0.33537501096725464,0.3413642388241758,0.31141965304102215,0.31441389001692444,2729600
1986-02-07,0.3323807418346405,0.3413642057983443,0.32040306403032404,0.3353749785208605,4841600
1986-02-10,0.3323807418346405,0.3353749785208605,0.3263915374027641,0.3323807418346405,2310400
1986-02-11,0.3293866813182831,0.33238089655265524,0.3293866813182831,0.33238089655265524,1584000
1986-02-12,0.3263917565345764,0.3323809649874676,0.32339751783809434,0.3293867491366083,1420800
1986-02-13,0.32339757680892944,0.3323810255964148,0.3144141280214441,0.32639181605140444,4384000
1986-02-14,0.32339757680892944,0.32938680919956675,0.3204033375664545,0.32339757680892944,777600
1986-02-18,0.3293866813182831,0.33238089655265524,0.3233974512529081,0.3233974512529081,2156800
1986-02-19,0.3293866813182831,0.33238089655265524,0.32639168933289825,0.3293866813182831,1312000
1986-02-20,0.32040315866470337,0.3293866252817667,0.31740894393971847,0.3293866252817667,2432000
1986-02-21,0.3114197850227356,0.3204032308171918,0.3054313313785953,0.3204032308171918,4614400
1986-02-24,0.29644790291786194,0.3114198272313114,0.29644790291786194,0.3114198272313114,1126400
1986-02-25,0.30243638157844543,0.30243638157844543,0.2964479042501194,0.2964479042501194,1881600
1986-02-26,0.31441405415534973,0.31441405415534973,0.2994421304003066,0.3024363689393375,3078400
1986-02-27,0.33537501096725464,0.3383692479431569,0.3174088808979434,0.3174088808979434,5212800
1986-02-28,0.3323807418346405,0.3413642057983443,0.32938652799402784,0.3353749785208605,2265600
1986-03-03,0.33537501096725464,0.33537501096725464,0.3323807739913523,0.3323807739913523,2022400
1986-03-04,0.3263917565345764,0.3353752036839497,0.3263917565345764,0.3353752036839497,1088000
1986-03-05,0.32339757680892944,0.32339757680892944,0.3174091211696064,0.32339757680892944,736000
1986-03-06,0.3263917565345764,0.3293867491366083,0.32040327914161226,0.32339751783809434,3126400
1986-03-07,0.3263917565345764,0.3323809649874676,0.32339751783809434,0.3263917565345764,2012800
1986-03-10,0.3263917565345764,0.3293867491366083,0.32339751783809434,0.3263917565345764,988800
1986-03-11,0.3293866813182831,0.3293866813182831,0.3233974512529081,0.32639168933289825,944000
1986-03-12,0.3323807418346405,0.3323807418346405,0.3263915374027641,0.32938652799402784,2320000
1986-03-13,0.3263917565345764,0.3323809649874676,0.3263917565345764,0.3323809649874676,1779200
1986-03-14,0.34136441349983215,0.34136441349983215,0.32938672840775246,0.32938672840775246,2953600
1986-03-17,0.3383692800998688,0.3413642712655148,0.335375042839411,0.3413642712655148,528000
1986-03-18,0.3383692800998688,0.3413642712655148,0.3323808055789533,0.3383692800998688,524800
1986-03-19,0.33537501096725464,0.3383692479431569,0.33537501096725464,0.3383692479431569,195200
1986-03-20,0.34136441349983215,0.34136441349983215,0.33537518257823046,0.33537518257823046,457600
1986-03-21,0.3623248040676117,0.3623248040676117,0.33836943303735795,0.34136442555669194,6156800
1986-03-24,0.3713083565235138,0.37430259598851345,0.35933066760340043,0.3623249070684001,7145600
1986-03-25,0.3683139681816101,0.37430244469099566,0.36531975277253664,0.3713082064363029,1481600
1986-03-26,0.3623248040676117,0.3713082509689336,0.3563363268400017,0.3683140123551286,1657600
1986-03-27,0.3623248040676117,0.36531979658694574,0.3593305654538067,0.3623248040676117,1692800
1986-03-31,0.3593306243419647,0.3623248634464744,0.3593306243419647,0.3623248634464744,2332800
1986-04-01,0.3593306243419647,0.3623248634464744,0.3593306243419647,0.3593306243419647,2032000
1986-04-02,0.3593306243419647,0.36531985645663667,0.3593306243419647,0.3593306243419647,2636800
1986-04-03,0.3653198778629303,0.37130833357722354,0.35933064539731313,0.35933064539731313,1216000
1986-04-04,0.3772975206375122,0.3772975206375122,0.36531983389903927,0.36531983389903927,2700800
1986-04-07,0.3713083565235138,0.37430259598851345,0.36831411705851413,0.37430259598851345,1292800
1986-04-08,0.3802917003631592,0.3802917003631592,0.3683140147695157,0.37130825340294865,1158400
1986-04-09,0.3743025064468384,0.38029171500419745,0.3743025064468384,0.38029171500419745,316800
1986-04-10,0.3623248040676117,0.3802916978702555,0.3623248040676117,0.3743024895827386,819200
1986-04-11,0.3653198778629303,0.3653198778629303,0.35933064539731313,0.36232488467727336,1641600
1986-04-14,0.3653198778629303,0.3653198778629303,0.35933064539731313,0.3653198778629303,393600
1986-04-15,0.3623248040676117,0.36531979658694574,0.3623248040676117,0.36531979658694574,502400
1986-04-16,0.3653198778629303,0.3653198778629303,0.3533421896830199,0.36232488467727336,7270400
1986-04-17,0.3713083565235138,0.3713083565235138,0.3623249070684001,0.3653199004391431,1132800
1986-04-18,0.3713083565235138,0.3713083565235138,0.36831411705851413,0.3713083565235138,1216000
1986-04-21,0.3683139681816101,0.3713082064363029,0.3683139681816101,0.3713082064363029,537600
1986-04-22,0.3743025064468384,0.38029171500419745,0.37130826769812875,0.37130826769812875,844800
1986-04-23,0.3683139681816101,0.3772974368511271,0.36531975277253664,0.37430244469099566,492800
1986-04-24,0.3653198778629303,0.36831409429726336,0.3653198778629303,0.36831409429726336,281600
1986-04-25,0.3623248040676117,0.3683140123551286,0.3623248040676117,0.36531979658694574,531200
1986-04-28,0.3503470718860626,0.36531974792615485,0.3473528336710918,0.36232475580575546,739200
1986-04-29,0.3293866813182831,0.35034705609237293,0.3233974512529081,0.35034705609237293,1756800
1986-04-30,0.3383692800998688,0.3383692800998688,0.32639159999846123,0.32938659116410723,892800
1986-05-01,0.3293866813182831,0.3383693727126356,0.3233974512529081,0.3383693727126356,716800
1986-05-02,0.32339757680892944,0.3323810255964148,0.3204033375664545,0.32938680919956675,1798400
1986-05-05,0.32339757680892944,0.32339757680892944,0.3174091211696064,0.32339757680892944,492800
1986-05-06,0.3114197850227356,0.3174090154179313,0.3054313313785953,0.3174090154179313,1913600
1986-05-07,0.29345372319221497,0.3114198655196432,0.28147603605684407,0.3114198655196432,3184000
1986-05-08,0.3054313659667969,0.3054313659667969,0.2904586880815824,0.2934536805710625,1792000
1986-05-09,0.30243638157844543,0.3054313741481502,0.30243638157844543,0.3054313741481502,2192000
1986-05-12,0.3084254860877991,0.3084254860877991,0.3024362797167416,0.3024362797167416,1769600
1986-05-13,0.3084254860877991,0.3084254860877991,0.3024362797167416,0.3084254860877991,467200
1986-05-14,0.31441405415534973,0.31740904659989083,0.30842557707728796,0.30842557707728796,2300800
1986-05-15,0.3084254860877991,0.31441396139918354,0.3084254860877991,0.31441396139918354,633600
1986-05-16,0.31740909814834595,0.31740909814834595,0.3084256271667929,0.3084256271667929,3865600
1986-05-19,0.31740909814834595,0.31740909814834595,0.3114198661920997,0.31740909814834595,748800
1986-05-20,0.3263917565345764,0.3263917565345764,0.31441407068872107,0.31740906329075297,3424000
1986-05-21,0.32040315866470337,0.32639163380590136,0.3144139524638531,0.32639163380590136,985600
1986-05-22,0.3114197850227356,0.3204032308171918,0.30842554677785583,0.3204032308171918,947200
1986-05-23,0.31740909814834595,0.31740909814834595,0.3084256271667929,0.3114198661920997,921600
1986-05-27,0.3114197850227356,0.32339746906207156,0.3114197850227356,0.3174090154179313,2067200
1986-05-28,0.32339757680892944,0.32938680919956675,0.3204033375664545,0.3204033375664545,3027200
1986-05-29,0.3323807418346405,0.3323807418346405,0.3233973007165441,0.3233973007165441,4307200
1986-05-30,0.34136441349983215,0.3503471061783598,0.32639173599420046,0.3323809440701808,1504000
1986-06-02,0.3443585932254791,0.3623247534587347,0.3413643778755229,0.3413643778755229,3497600
1986-06-03,0.3263917565345764,0.34435865083332295,0.3263917565345764,0.34435865083332295,611200
1986-06-04,0.32040315866470337,0.3323808400067516,0.3144139524638531,0.32639163380590136,1747200
1986-06-05,0.31441405415534973,0.31441405415534973,0.30842557707728796,0.31441405415534973,1331200
1986-06-06,0.31441405415534973,0.32040326229330024,0.30842557707728796,0.31441405415534973,7292800
1986-06-09,0.2994421124458313,0.31141979694366456,0.2964478740863342,0.31141979694366456,2124800
1986-06-10,0.29345372319221497,0.30243641740311356,0.29045873026774266,0.2994421783842723,2176000
1986-06-11,0.3114197850227356,0.31441402326761536,0.2934536473392593,0.2934536473392593,3248000
1986-06-12,0.31740909814834595,0.32040331432802754,0.3114198661920997,0.3114198661920997,3811200
1986-06-13,0.32339757680892944,0.32639181605140444,0.3174091211696064,0.3174091211696064,755200
1986-06-16,0.31441405415534973,0.326391739371362,0.3114198156163189,0.3233975008323311,2323200
1986-06-17,0.2874644994735718,0.31441411353421245,0.2874644994735718,0.31441411353421245,2803200
1986-06-18,0.28147608041763306,0.29045877604420955,0.27249260803967795,0.2874645365534745,3692800
1986-06-19,0.2874644994735718,0.2874644994735718,0.28147604411017824,0.28147604411017824,1891200
1986-06-20,0.29045870900154114,0.29045870900154114,0.28447023140231054,0.28746447020192584,1766400
1986-06-23,0.2874644994735718,0.29045873857808147,0.28147604411017824,0.29045873857808147,998400
1986-06-24,0.2874644994735718,0.29045873857808147,0.2874644994735718,0.2874644994735718,675200
1986-06-25,0.3054313659667969,0.3114198202890923,0.2874644494976237,0.2874644494976237,5251200
1986-06-26,0.3054313659667969,0.3084255817051337,0.299442134893358,0.3054313659667969,1206400
1986-06-27,0.3084254860877991,0.3084254860877991,0.3024362797167416,0.30543127127772157,636800
1986-06-30,0.30243638157844543,0.3084255899666907,0.29944214291428245,0.3084255899666907,640000
1986-07-01,0.31740909814834595,0.32040331432802754,0.30543141098711135,0.30543141098711135,2480000
1986-07-02,0.3293866813182831,0.3383693727126356,0.3174089979385457,0.3174089979385457,4230400
1986-07-03,0.3323807418346405,0.3353749785208605,0.32938652799402784,0.32938652799402784,326400
1986-07-07,0.31740909814834595,0.3353752405145689,0.31740909814834595,0.33238100148926214,1929600
1986-07-08,0.3114197850227356,0.3174090154179313,0.30842554677785583,0.3174090154179313,928000
1986-07-09,0.3054313659667969,0.31740905136253117,0.3054313659667969,0.3114198202890923,2217600
1986-07-10,0.3054313659667969,0.3114198202890923,0.3054313659667969,0.3054313659667969,1670400
1986-07-11,0.3054313659667969,0.3114198202890923,0.3054313659667969,0.3054313659667969,995200
1986-07-14,0.31441405415534973,0.31441405415534973,0.3054313613838786,0.3054313613838786,3200000
1986-07-15,0.28147608041763306,0.30842567510886226,0.275486847530413,0.30842567510886226,2681600
1986-07-16,0.2844701409339905,0.28746437878136644,0.27848093417951875,0.28147592593223075,2480000
1986-07-17,0.30243638157844543,0.3084255899666907,0.2844702185335481,0.2844702185335481,1680000
1986-07-18,0.29345372319221497,0.30243641740311356,0.29345372319221497,0.30243641740311356,601600
1986-07-21,0.30243638157844543,0.30243638157844543,0.2964479042501194,0.2964479042501194,451200
1986-07-22,0.30243638157844543,0.3054313741481502,0.29944214291428245,0.30243638157844543,1888000
1986-07-23,0.2994421124458313,0.30243635080532844,0.2994421124458313,0.30243635080532844,1203200
1986-07-24,0.2844701409339905,0.302436299077966,0.2844701409339905,0.29944206123059003,1452800
1986-07-25,0.29045870900154114,0.29045870900154114,0.2814760154483187,0.28447023140231054,684800
1986-07-28,0.29045870900154114,0.29045870900154114,0.2814760154483187,0.29045870900154114,1174400
1986-07-29,0.2724924087524414,0.2904585636174314,0.2665032030910538,0.2904585636174314,2928000
1986-07-30,0.2724924087524414,0.275486646053342,0.2694981942971529,0.2724924087524414,300800
1986-07-31,0.26949840784072876,0.2754868643420161,0.26650341426147417,0.27249262466855734,297600
1986-08-01,0.26650330424308777,0.2694982965859441,0.25752061177659336,0.2694982965859441,521600
1986-08-04,0.2515313923358917,0.257520623386126,0.24554293803679783,0.257520623386126,1388800
1986-08-05,0.23955366015434265,0.2545255811490506,0.23356520702597833,0.2515313431620598,1382400
1986-08-06,0.22158761322498322,0.2395537565938731,0.21859262012689715,0.2395537565938731,4310400
1986-08-07,0.23955366015434265,0.23955366015434265,0.2215875240182612,0.2215875240182612,3500800
1986-08-08,0.23955366015434265,0.23955366015434265,0.23356520702597833,0.23955366015434265,1212800
1986-08-11,0.23655946552753448,0.23955370406335444,0.23057025739600667,0.23955370406335444,1702400
1986-08-12,0.23356524109840393,0.2365594566765727,0.23057024876913337,0.2365594566765727,1628800
1986-08-13,0.24254803359508514,0.25153148363272293,0.22757610423913027,0.2335653374632396,5260800
1986-08-14,0.26350903511047363,0.2665032731990571,0.2515313516963612,0.2515313516963612,6364800
1986-08-15,0.2605147957801819,0.2635090338544937,0.2575205805514881,0.2635090338544937,1888000
1986-08-18,0.2724924087524414,0.2724924087524414,0.2665032030910538,0.2665032030910538,1145600
1986-08-19,0.26650330424308777,0.27249251217769505,0.26650330424308777,0.27249251217769505,1491200
1986-08-20,0.26350903511047363,0.27249248043600266,0.2515313516963612,0.2665032731990571,1756800
1986-08-21,0.2605147957801819,0.2635090338544937,0.2605147957801819,0.2635090338544937,4278400
1986-08-22,0.24853698909282684,0.2605146665062232,0.2395535482679265,0.2605146665062232,2336000
1986-08-25,0.24254803359508514,0.2485372439735644,0.23655955427676806,0.2485372439735644,742400
1986-08-26,0.23955366015434265,0.24554289003369545,0.23655942216735182,0.24254789814133346,2412800
1986-08-27,0.23955366015434265,0.24254789814133346,0.23655942216735182,0.23955366015434265,3094400
1986-08-28,0.23655946552753448,0.23955370406335444,0.22757601886018672,0.23955370406335444,16928000
1986-08-29,0.23655946552753448,0.23955370406335444,0.23655946552753448,0.23655946552753448,1318400
1986-09-02,0.23655946552753448,0.24554293504050376,0.23655946552753448,0.23655946552753448,3084800
1986-09-03,0.2305702269077301,0.23955367238719782,0.22757598876783794,0.23655943424730566,2739200
1986-09-04,0.23356524109840393,0.23356524109840393,0.2245817719215546,0.23057024876913337,1904000
1986-09-05,0.24254803359508514,0.24254803359508514,0.23655955427676806,0.23655955427676806,1088000
1986-09-08,0.23955366015434265,0.24254789814133346,0.23356520702597833,0.24254789814133346,1545600
1986-09-09,0.2305702269077301,0.23955367238719782,0.2305702269077301,0.23955367238719782,1052800
1986-09-10,0.2305702269077301,0.23655943424730566,0.22458175062794575,0.2305702269077301,1593600
1986-09-11,0.2185925841331482,0.23057026999057997,0.2126041067343962,0.23057026999057997,2579200
1986-09-12,0.2126041054725647,0.21559834415416954,0.2066148970494316,0.21559834415416954,2672000
1986-09-15,0.2126041054725647,0.21559834415416954,0.2096098896365825,0.2126041054725647,1433600
1986-09-16,0.20960983633995056,0.21260405141460598,0.2066148445143239,0.21260405141460598,4016000
1986-09-17,0.21559834480285645,0.21859258349347024,0.21260410611224265,0.21260410611224265,1984000
1986-09-18,0.22158761322498322,0.22158761322498322,0.2155983809344858,0.2155983809344858,3945600
1986-09-19,0.2305702269077301,0.2305702269077301,0.21859254328837022,0.22158753533367206,2089600
1986-09-22,0.23356524109840393,0.23356524109840393,0.22757601034534397,0.23057024876913337,1715200
1986-09-23,0.22757600247859955,0.23057024079888544,0.22458176415831363,0.23057024079888544,3020800
1986-09-24,0.2305702269077301,0.23356521895303195,0.22757598876783794,0.22757598876783794,816000
1986-09-25,0.224581778049469,0.2305702550604487,0.2215875623896004,0.2305702550604487,2844800
1986-09-26,0.224581778049469,0.22757601655495885,0.21859256997860876,0.224581778049469,4896000
1986-09-29,0.22757600247859955,0.22757600247859952,0.22458176415831363,0.22458176415831363,323200
1986-09-30,0.22158761322498322,0.22757606876417943,0.21859262012689715,0.22757606876417943,9168000
1986-10-01,0.22158761322498322,0.2245818295717681,0.22158761322498322,0.22158761322498322,2710400
1986-10-02,0.22158761322498322,0.22158761322498322,0.2155983809344858,0.22158761322498322,160000
1986-10-03,0.21559834480285645,0.22158757608963242,0.2096098902672515,0.22158757608963242,1286400
1986-10-06,0.2126041054725647,0.21559834415416954,0.2066148970494316,0.21559834415416954,2300800
1986-10-07,0.1946372091770172,0.21260410319392853,0.18864874330080172,0.21260410319392853,2928000
1986-10-08,0.1886487603187561,0.19463722673518954,0.1796653010770938,0.19463722673518954,2835200
1986-10-09,0.1886487603187561,0.1886487603187561,0.18565453282194547,0.1886487603187561,3539200
1986-10-10,0.18565449118614197,0.19164294483676267,0.18265948760977535,0.1886487180114523,2508800
1986-10-13,0.1886487603187561,0.1886487603187561,0.18565453282194547,0.18565453282194547,790400
1986-10-14,0.19164299964904785,0.19164299964904785,0.1856545442856543,0.18864877196735108,486400
1986-10-15,0.19763219356536865,0.20062640924553046,0.18864873550532274,0.19164296260829528,2208000
1986-10-16,0.20362061262130737,0.20960984254448997,0.19763215944911894,0.19763215944911894,448000
1986-10-17,0.19763219356536865,0.20661488629709698,0.19463720113407854,0.20362064777131372,985600
1986-10-20,0.18565449118614197,0.19763217523843962,0.18565449118614197,0.19763217523843962,982400
1986-10-21,0.1886487603187561,0.1886487603187561,0.1826595285739044,0.18565453282194547,2073600
1986-10-22,0.19164299964904785,0.19164299964904785,0.1856545442856543,0.18864877196735108,291200
1986-10-23,0.200626403093338,0.200626403093338,0.18864872972042465,0.19164295673157947,681600
1986-10-24,0.20362061262130737,0.20362061262130737,0.20062637461240443,0.20062637461240443,953600
1986-10-27,0.20362061262130737,0.20362061262130737,0.20062637461240443,0.20362061262130737,1257600
1986-10-28,0.19763219356536865,0.20362064777131372,0.19763219356536865,0.20362064777131372,1536000
1986-10-29,0.20362061262130737,0.20362061262130737,0.19763215944911894,0.19763215944911894,12166400
1986-10-30,0.20661494135856628,0.20960993458800162,0.20362070203483873,0.20362070203483873,1836800
1986-10-31,0.20661494135856628,0.20960993458800162,0.20661494135856628,0.20661494135856628,1276800
1986-11-03,0.20661494135856628,0.20960993458800162,0.20661494135856628,0.20661494135856628,211200
1986-11-04,0.20362061262130737,0.20960984254448997,0.20362061262130737,0.20661485063021032,780800
1986-11-05,0.20362061262130737,0.20960984254448997,0.19763215944911894,0.20362061262130737,1875200
1986-11-06,0.20661494135856628,0.20661494135856628,0.20062646271111115,0.20362070203483873,761600
1986-11-07,0.20362061262130737,0.20362061262130737,0.20062637461240443,0.20362061262130737,278400
1986-11-10,0.19763219356536865,0.20362064777131372,0.19463720113407854,0.20362064777131372,758400
1986-11-11,0.200626403093338,0.2036206415273032,0.19763218750499356,0.19763218750499356,435200
1986-11-12,0.20362061262130737,0.20362061262130737,0.19763215944911894,0.20062637461240443,3756800
1986-11-13,0.20362061262130737,0.20661485063021032,0.20062637461240443,0.20362061262130737,1955200
1986-11-14,0.2126041054725647,0.2126041054725647,0.20362065836782678,0.20362065836782678,598400
1986-11-17,0.20661494135856628,0.21260415106610167,0.20362070203483873,0.21260415106610167,540800
1986-11-18,0.20362061262130737,0.20960984254448997,0.20362061262130737,0.20661485063021032,515200
1986-11-19,0.19763219356536865,0.20661488629709698,0.19763219356536865,0.20362064777131372,1747200
1986-11-20,0.200626403093338,0.200626403093338,0.19763218750499356,0.19763218750499356,1760000
1986-11-21,0.200626403093338,0.2036206415273032,0.19763218750499356,0.200626403093338,1065600
1986-11-24,0.200626403093338,0.2036206415273032,0.200626403093338,0.200626403093338,1638400
1986-11-25,0.20362061262130737,0.20362061262130737,0.19763215944911894,0.20062637461240443,220800
1986-11-26,0.19763219356536865,0.20362064777131372,0.19463720113407854,0.20362064777131372,1737600
1986-11-28,0.19763219356536865,0.20062640924553046,0.19463720113407854,0.19763219356536865,1289600
1986-12-01,0.1946372091770172,0.20062641753595953,0.1946372091770172,0.19763220173206855,332800
1986-12-02,0.20362061262130737,0.20661485063021032,0.19164292952593634,0.19463716753483928,3945600
1986-12-03,0.20960983633995056,0.20960983633995053,0.20062636867377942,0.20362060659405165,1744000
1986-12-04,0.2126041054725647,0.22158757542292526,0.2066148970494316,0.2096098896365825,6752000
1986-12-05,0.20960983633995056,0.21559828933487823,0.20960983633995053,0.21260405141460598,1235200
1986-12-08,0.20362061262130737,0.21260405770777543,0.20362061262130737,0.20960984254448997,860800
1986-12-09,0.20960983633995056,0.21559828933487823,0.20362060659405165,0.20362060659405165,4758400
1986-12-10,0.2126041054725647,0.21859258283577435,0.2066148970494316,0.2096098896365825,1683200
1986-12-11,0.21559834480285645,0.21859258349347024,0.21260410611224265,0.21260410611224265,4044800
1986-12-12,0.22158761322498322,0.2245818295717681,0.2155983809344858,0.2155983809344858,3008000
1986-12-15,0.2185925841331482,0.22158757673807475,0.2155983454337722,0.22158757673807475,1868800
1986-12-16,0.2185925841331482,0.22158757673807475,0.2185925841331482,0.2185925841331482,969600
1986-12-17,0.21559834480285645,0.22158757608963242,0.21260410611224265,0.21859258349347024,2476800
1986-12-18,0.2185925841331482,0.2185925841331482,0.2155983454337722,0.2155983454337722,268800
1986-12-19,0.21559834480285645,0.21859258349347024,0.21559834480285645,0.21859258349347024,620800
1986-12-22,0.21559834480285645,0.21859258349347024,0.21559834480285645,0.21559834480285645,2195200
1986-12-23,0.21559834480285645,0.21859258349347024,0.2096098902672515,0.21559834480285645,2764800
1986-12-24,0.2185925841331482,0.2185925841331482,0.2126041067343962,0.2155983454337722,2448000
1986-12-26,0.21559834480285645,0.21559834480285645,0.21559834480285645,0.21559834480285645,60800
1986-12-29,0.21559834480285645,0.21859258349347024,0.21559834480285645,0.21559834480285645,393600
1986-12-30,0.2126041054725647,0.21859258283577435,0.2096098896365825,0.21559834415416954,953600
1986-12-31,0.200626403093338,0.21260408788906174,0.200626403093338,0.21260408788906174,1417600
1987-01-02,0.20661494135856628,0.20960993458800162,0.20062646271111115,0.20062646271111115,2249600
1987-01-05,0.20960983633995056,0.20960983633995053,0.20362060659405165,0.2066148445143239,598400
1987-01-06,0.20960983633995056,0.21260405141460598,0.2066148445143239,0.20960983633995053,2214400
1987-01-07,0.20960983633995056,0.21260405141460598,0.20960983633995053,0.20960983633995053,3852800
1987-01-08,0.20661494135856628,0.21260415106610167,0.20661494135856628,0.20960993458800162,1596800
1987-01-09,0.20661494135856628,0.20960993458800162,0.20661494135856628,0.20661494135856628,918400
1987-01-12,0.20960983633995056,0.21260405141460598,0.20362060659405165,0.2066148445143239,3580800
1987-01-13,0.200626403093338,0.20960987230071726,0.19763218750499356,0.20960987230071726,2784000
1987-01-14,0.19763219356536865,0.20062640924553046,0.19763219356536865,0.20062640924553046,761600
1987-01-15,0.20362061262130737,0.20661485063021032,0.19763215944911894,0.19763215944911894,7011200
1987-01-16,0.1946372091770172,0.20661489483498618,0.1946372091770172,0.20362065618547287,1142400
1987-01-19,0.1946372091770172,0.20062641753595953,0.18864874330080172,0.1946372091770172,4182400
1987-01-20,0.1886487603187561,0.19463722673518954,0.1886487603187561,0.19463722673518954,3593600
1987-01-21,0.17068181931972504,0.19164296253474475,0.16768759221790167,0.18864873543292135,2217600
1987-01-22,0.17667101323604584,0.17966523971014023,0.15570987441545486,0.17068178353689192,33859200
1987-01-23,0.17966531217098236,0.18265953985267913,0.17367685680758882,0.1766710844892856,2009600
1987-01-26,0.17367687821388245,0.17966533431537451,0.17367687821388245,0.17966533431537451,1545600
1987-01-27,0.17367687821388245,0.17667110626462848,0.17367687821388245,0.17367687821388245,803200
1987-01-28,0.16469334065914154,0.17667102403887888,0.16469334065914154,0.1736767973816977,2649600
1987-01-29,0.16768750548362732,0.17068173103672482,0.1646932799305298,0.1646932799305298,1504000
1987-01-30,0.16768750548362732,0.16768750548362732,0.1646932799305298,0.16768750548362732,1414400
1987-02-02,0.17966531217098236,0.17966531217098236,0.16768762469291687,0.16768762469291687,2332800
1987-02-03,0.1886487603187561,0.1886487603187561,0.17667107358028317,0.1796653010770938,2873600
1987-02-04,0.19763219356536865,0.19763219356536865,0.18565450840235018,0.18864873550532274,1680000
1987-02-05,0.20661494135856628,0.20661494135856628,0.1976322462330111,0.1976322462330111,2032000
1987-02-06,0.200626403093338,0.20661487996126834,0.19763218750499356,0.20661487996126834,3574400
1987-02-09,0.20362061262130737,0.20661485063021032,0.19763215944911894,0.20062637461240443,3420800
1987-02-10,0.200626403093338,0.2036206415273032,0.19763218750499356,0.2036206415273032,1446400
1987-02-11,0.200626403093338,0.200626403093338,0.19463719516554465,0.200626403093338,1030400
1987-02-12,0.18565449118614197,0.20062639064094032,0.18565449118614197,0.20062639064094032,1472000
1987-02-13,0.1946372091770172,0.1946372091770172,0.18565451607409955,0.18565451607409955,1497600
1987-02-17,0.20362061262130737,0.20661485063021032,0.19164292952593634,0.19463716753483928,1782400
1987-02-18,0.20362061262130737,0.20661485063021032,0.20062637461240443,0.20362061262130737,1456000
1987-02-19,0.19164299964904785,0.20362068712711334,0.19164299964904785,0.20362068712711334,864000
1987-02-20,0.19763219356536865,0.19763219356536865,0.19164296260829528,0.19164296260829528,1110400
1987-02-23,0.1946372091770172,0.19763220173206855,0.19164297052750387,0.19763220173206855,409600
1987-02-24,0.1946372091770172,0.19763220173206855,0.19164297052750387,0.1946372091770172,486400
1987-02-25,0.17966531217098236,0.19463723875355754,0.17966531217098236,0.19463723875355754,3782400
1987-02-26,0.17966531217098236,0.1856545442856543,0.17966531217098236,0.17966531217098236,723200
1987-02-27,0.18265946209430695,0.18565446525230536,0.1796652356872563,0.1796652356872563,2224000
1987-03-02,0.18265946209430695,0.18565446525230536,0.18265946209430695,0.18265946209430695,2275200
1987-03-03,0.17966531217098236,0.1856545442856543,0.16768762469291687,0.18265953985267913,14140800
1987-03-04,0.1946372091770172,0.1946372091770172,0.17966528486953487,0.17966528486953487,7814400
1987-03-05,0.200626403093338,0.20661487996126834,0.19463719516554465,0.19463719516554465,3238400
1987-03-06,0.200626403093338,0.2036206415273032,0.19463719516554465,0.200626403093338,1180800
1987-03-09,0.20661494135856628,0.20661494135856628,0.19463725300357576,0.20062646271111115,1545600
1987-03-10,0.20960983633995056,0.20960983633995053,0.20362060659405165,0.2066148445143239,4924800
1987-03-11,0.2126041054725647,0.2126041054725647,0.2066148970494316,0.2096098896365825,1520000
1987-03-12,0.20960983633995056,0.21559828933487823,0.2066148445143239,0.21260405141460598,3513600
1987-03-13,0.20960983633995056,0.21260405141460598,0.2066148445143239,0.20960983633995053,1760000
1987-03-16,0.20661494135856628,0.20960993458800162,0.20362070203483873,0.20960993458800162,1228800
1987-03-17,0.20661494135856628,0.20960993458800162,0.20661494135856628,0.20661494135856628,1532800
1987-03-18,0.20960983633995056,0.20960983633995053,0.2066148445143239,0.2066148445143239,873600
1987-03-19,0.20960983633995056,0.20960983633995053,0.2066148445143239,0.20960983633995053,1254400
1987-03-20,0.20960983633995056,0.20960983633995053,0.2066148445143239,0.20960983633995053,592000
1987-03-23,0.20362061262130737,0.20960984254448997,0.19763215944911894,0.20960984254448997,1331200
1987-03-24,0.1946372091770172,0.20062641753595953,0.1946372091770172,0.20062641753595953,924800
1987-03-25,0.19164299964904785,0.20062644802260365,0.18864877196735108,0.19463723875355754,1072000
1987-03-26,0.19164299964904785,0.1976322317637198,0.19164299964904785,0.19164299964904785,819200
1987-03-27,0.19164299964904785,0.1976322317637198,0.19164299964904785,0.19164299964904785,457600
1987-03-30,0.1886487603187561,0.19463722673518954,0.1826595285739044,0.1916429878155667,976000
1987-03-31,0.1886487603187561,0.19463722673518954,0.1826595285739044,0.1886487603187561,3081600
1987-04-01,0.1886487603187561,0.1916429878155667,0.18565453282194547,0.1886487603187561,524800
1987-04-02,0.18565449118614197,0.19164294483676267,0.18565449118614197,0.1886487180114523,416000
1987-04-03,0.18565449118614197,0.1886487180114523,0.18565449118614197,0.18565449118614197,336000
1987-04-06,0.1886487603187561,0.1916429878155667,0.18565453282194547,0.18565453282194547,7996800
1987-04-07,0.18565449118614197,0.1886487180114523,0.18565449118614197,0.1886487180114523,1833600
1987-04-08,0.18565449118614197,0.1886487180114523,0.18565449118614197,0.18565449118614197,467200
1987-04-09,0.18565449118614197,0.1886487180114523,0.18565449118614197,0.18565449118614197,1878400
1987-04-10,0.18565449118614197,0.1886487180114523,0.18565449118614197,0.18565449118614197,691200
1987-04-13,0.17966531217098236,0.1856545442856543,0.17966531217098236,0.1856545442856543,512000
1987-04-14,0.16469334065914154,0.17966525069606004,0.16469334065914154,0.17966525069606004,1657600
1987-04-15,0.17068181931972504,0.17068181931972504,0.16469336511607827,0.16469336511607827,656000
1987-04-16,0.16169914603233337,0.1706818277832224,0.1557099147805742,0.1706818277832224,2508800
1987-04-20,0.16169914603233337,0.16469337328262973,0.15870414203087055,0.16169914603233337,393600
1987-04-21,0.16169914603233337,0.16169914603233337,0.15870414203087055,0.16169914603233337,1507200
1987-04-22,0.16169914603233337,0.16469337328262973,0.15870414203087055,0.16169914603233337,857600
1987-04-23,0.15870408713817596,0.16469331631837583,0.15570986092352493,0.16169909010372482,2467200
1987-04-24,0.1497214436531067,0.15570989748866923,0.1497214436531067,0.15570989748866923,761600
1987-04-27,0.14073804020881653,0.15271572923187796,0.1347488073215965,0.14972150116395724,8921600
1987-04-28,0.13474884629249573,0.14073808091187054,0.12876038842472418,0.14073808091187054,1542400
1987-04-29,0.12876024842262268,0.1317544741008617,0.12277102031538599,0.1317544741008617,2524800
1987-04-30,0.11977683007717133,0.12576605995652415,0.10779914706945419,0.12576605995652415,17491200
1987-05-01,0.11977683007717133,0.11977683007717133,0.11079337363363634,0.11977683007717133,27811200
1987-05-04,0.15271568298339844,0.15570991014454616,0.11678262679619547,0.11977685395734321,8681600
1987-05-05,0.15870408713817596,0.16469331631837583,0.15271563470887392,0.15271563470887392,5548800
1987-05-06,0.1497214436531067,0.161699128075312,0.1437322130664639,0.1587041244064505,2736000
1987-05-07,0.15271568298339844,0.15570991014454616,0.1467264519099596,0.1497214558222507,1865600
1987-05-08,0.1497214436531067,0.15570989748866923,0.1437322130664639,0.15271567057088795,1529600
1987-05-11,0.15271568298339844,0.15271568298339844,0.1497214558222507,0.1497214558222507,1177600
1987-05-12,0.1497214436531067,0.15271567057088795,0.14672643998424517,0.15271567057088795,2057600
1987-05-13,0.1497214436531067,0.15271567057088795,0.1497214436531067,0.1497214436531067,2163200
1987-05-14,0.1497214436531067,0.15570989748866923,0.1497214436531067,0.1497214436531067,713600
1987-05-15,0.1437322497367859,0.1527157095331546,0.1437322497367859,0.14972148185145784,1200000
1987-05-18,0.1437322497367859,0.14672647741848266,0.13774379437339235,0.1437322497367859,1152000
1987-05-19,0.14073804020881653,0.14672649634465795,0.14073804020881653,0.14373226827673724,284800
1987-05-20,0.14073804020881653,0.14373226827673724,0.13774381214089582,0.14073804020881653,3350400
1987-05-21,0.14073804020881653,0.14373226827673724,0.13774381214089582,0.14073804020881653,2768000
1987-05-22,0.14073804020881653,0.14373226827673724,0.14073804020881653,0.14073804020881653,649600
1987-05-26,0.1437322497367859,0.1437322497367859,0.14073802205508912,0.14073802205508912,67200
1987-05-27,0.14073804020881653,0.14373226827673724,0.14073804020881653,0.14373226827673724,96000
1987-05-28,0.14073804020881653,0.14373226827673724,0.13774381214089582,0.14073804020881653,1472000
1987-05-29,0.13474884629249573,0.1437323098457563,0.13474884629249573,0.14073808091187054,2233600
1987-06-01,0.14073804020881653,0.14373226827673724,0.1347488073215965,0.1347488073215965,1376000
1987-06-02,0.14073804020881653,0.14073804020881653,0.13774381214089582,0.14073804020881653,1465600
1987-06-03,0.14672645926475525,0.14672645926475525,0.14073800464228312,0.14073800464228312,1440000
1987-06-04,0.1497214436531067,0.1587041244064505,0.1437322130664639,0.14672643998424517,5875200
1987-06-05,0.14073804020881653,0.15271572923187796,0.13774381214089582,0.14972150116395724,2115200
1987-06-08,0.1437322497367859,0.1437322497367859,0.14073802205508912,0.14073802205508912,569600
1987-06-09,0.14073804020881653,0.14373226827673724,0.14073804020881653,0.14373226827673724,262400
1987-06-10,0.14073804020881653,0.14373226827673724,0.13774381214089582,0.14073804020881653,1657600
1987-06-11,0.14073804020881653,0.14373226827673724,0.13774381214089582,0.14073804020881653,300800
1987-06-12,0.14073804020881653,0.14373226827673724,0.14073804020881653,0.14073804020881653,694400
1987-06-15,0.13774368166923523,0.14073790690100743,0.13774368166923523,0.14073790690100743,400000
1987-06-16,0.14073804020881653,0.14373226827673724,0.1347488073215965,0.13774381214089582,918400
1987-06-17,0.13474884629249573,0.14073808091187054,0.13474884629249573,0.14073808091187054,368000
1987-06-18,0.14073804020881653,0.14073804020881653,0.1347488073215965,0.1347488073215965,2294400
1987-06-19,0.14073804020881653,0.14373226827673724,0.13774381214089582,0.14073804020881653,1164800
1987-06-22,0.14672645926475525,0.14972146332717362,0.14073800464228312,0.14073800464228312,1865600
1987-06-23,0.14672645926475525,0.14972146332717362,0.14373223195351917,0.14672645926475525,1120000
1987-06-24,0.16169914603233337,0.16169914603233337,0.14373222902822233,0.14672645627851869,1987200
1987-06-25,0.16768750548362732,0.16768750548362732,0.15870405207360858,0.1616990543774323,10368000
1987-06-26,0.16469334065914154,0.1676875673163227,0.16469334065914154,0.1676875673163227,2195200
1987-06-29,0.15870408713817596,0.16768754253302687,0.15870408713817596,0.16469331631837583,1164800
1987-06-30,0.15870408713817596,0.16169909010372482,0.15570986092352493,0.15870408713817596,1398400
1987-07-01,0.16169914603233337,0.16768760053292606,0.15870414203087055,0.15870414203087055,4150400
1987-07-02,0.15870408713817596,0.16469331631837583,0.15870408713817596,0.16169909010372482,1472000
1987-07-06,0.1497214436531067,0.161699128075312,0.1497214436531067,0.1587041244064505,2822400
1987-07-07,0.14672645926475525,0.1527156906384097,0.14672645926475525,0.14972146332717362,1491200
1987-07-08,0.1497214436531067,0.15271567057088795,0.14672643998424517,0.14672643998424517,908800
1987-07-09,0.13474884629249573,0.1497215444651311,0.13175461735860997,0.1497215444651311,3110400
1987-07-10,0.13774368166923523,0.14073790690100743,0.13774368166923523,0.13774368166923523,1350400
1987-07-13,0.1437322497367859,0.1437322497367859,0.13774379437339235,0.13774379437339235,1376000
1987-07-14,0.1437322497367859,0.14672647741848266,0.14073802205508912,0.1437322497367859,611200
1987-07-15,0.1437322497367859,0.14972148185145784,0.1437322497367859,0.1437322497367859,265600
1987-07-16,0.14672645926475525,0.14972146332717362,0.14373223195351917,0.14373223195351917,2297600
1987-07-17,0.14672645926475525,0.14972146332717362,0.14373223195351917,0.14672645926475525,620800
1987-07-20,0.1497214436531067,0.1497214436531067,0.1437322130664639,0.14672643998424517,361600
1987-07-21,0.14073804020881653,0.14972150116395724,0.14073804020881653,0.14972150116395724,2444800
1987-07-22,0.13474884629249573,0.1437323098457563,0.13474884629249573,0.14073808091187054,2396800
1987-07-23,0.13774368166923523,0.14073790690100743,0.1347486796868202,0.1347486796868202,1571200
1987-07-24,0.13474884629249573,0.14073808091187054,0.13474884629249573,0.13774385197798475,486400
1987-07-27,0.14073804020881653,0.14073804020881653,0.1347488073215965,0.1347488073215965,656000
1987-07-28,0.13774368166923523,0.14073790690100743,0.13774368166923523,0.14073790690100743,1424000
1987-07-29,0.13774368166923523,0.14073790690100743,0.1347486796868202,0.13774368166923523,928000
1987-07-30,0.13774368166923523,0.14073790690100743,0.1347486796868202,0.13774368166923523,435200
1987-07-31,0.14073804020881653,0.14073804020881653,0.1347488073215965,0.13774381214089582,166400
1987-08-03,0.13474884629249573,0.14073808091187054,0.13474884629249573,0.14073808091187054,1132800
1987-08-04,0.13474884629249573,0.13774385197798475,0.13474884629249573,0.13474884629249573,448000
1987-08-05,0.13175451755523682,0.13774374763780048,0.13175451755523682,0.1347487442210112,1484800
1987-08-06,0.12876024842262268,0.1317544741008617,0.12876024842262268,0.1317544741008617,1644800
1987-08-07,0.12576602399349213,0.13175447540944743,0.10779911624409336,0.1287602497014698,5136000
1987-08-10,0.12277109175920486,0.12876032335173743,0.11977686433854395,0.1257660959310765,1609600
1987-08-11,0.12277109175920486,0.12876032335173743,0.11977686433854395,0.12277109175920488,2345600
1987-08-12,0.12576602399349213,0.1287602497014698,0.12277102153474806,0.12277102153474806,1340800
1987-08-13,0.12876024842262268,0.12876024842262268,0.12576602274438367,0.12576602274438367,1244800
1987-08-14,0.12277109175920486,0.12876032335173743,0.12277109175920488,0.12876032335173743,1251200
1987-08-17,0.12277109175920486,0.1257660959310765,0.11977686433854395,0.12277109175920488,2521600
1987-08-18,0.12277109175920486,0.1257660959310765,0.11977686433854395,0.12277109175920488,1248000
1987-08-19,0.12277109175920486,0.1257660959310765,0.12277109175920488,0.12277109175920488,982400
1987-08-20,0.12576602399349213,0.12576602399349213,0.12277102153474806,0.12277102153474806,2835200
1987-08-21,0.12277109175920486,0.1257660959310765,0.12277109175920488,0.1257660959310765,1168000
1987-08-24,0.11977683007717133,0.12277105664135347,0.11977683007717133,0.12277105664135347,4950400
1987-08-25,0.11977683007717133,0.12277105664135347,0.11977683007717133,0.11977683007717133,7820800
1987-08-26,0.11977683007717133,0.12277105664135347,0.113788376948807,0.11977683007717133,9283200
1987-08-27,0.12277109175920486,0.12277109175920488,0.11678263691788301,0.11977686433854395,598400
1987-08-28,0.11678262054920197,0.12277107455116011,0.11678262054920197,0.12277107455116011,3251200
1987-08-31,0.11678262054920197,0.12277107455116011,0.11678262054920197,0.11678262054920197,5104000
1987-09-01,0.11977683007717133,0.12277105664135347,0.11678260351298916,0.11678260351298916,3897600
1987-09-02,0.11977683007717133,0.12277105664135347,0.11977683007717133,0.11977683007717133,659200
1987-09-03,0.12277109175920486,0.12277109175920488,0.11977686433854395,0.11977686433854395,1004800
1987-09-04,0.11977683007717133,0.12277105664135347,0.11977683007717133,0.12277105664135347,1206400
1987-09-08,0.12277109175920486,0.12277109175920488,0.11977686433854395,0.11977686433854395,12566400
1987-09-09,0.13175451755523682,0.13175451755523682,0.11977683414112439,0.12277106080689877,17936000
1987-09-10,0.14672645926475525,0.1527156906384097,0.1287603186461565,0.13175454595739258,17622400
1987-09-11,0.15271568298339844,0.1587041373056939,0.14073799758766412,0.1467264519099596,15801600
1987-09-14,0.15271568298339844,0.1587041373056939,0.1497214558222507,0.15271568298339844,5024000
1987-09-15,0.1497214436531067,0.15271567057088795,0.14672643998424517,0.15271567057088795,3872000
1987-09-16,0.1557098925113678,0.15870411933343795,0.14672643529410195,0.14972143886722752,5417600
1987-09-17,0.1557098925113678,0.1616991229065635,0.1557098925113678,0.1557098925113678,6089600
1987-09-18,0.15870408713817596,0.15870408713817596,0.15271563470887392,0.15570986092352493,3507200
1987-09-21,0.14672645926475525,0.15870414526088183,0.14672645926475525,0.15870414526088183,2416000
1987-09-22,0.15271568298339844,0.15271568298339844,0.1467264519099596,0.1467264519099596,1507200
1987-09-23,0.1497214436531067,0.15570989748866923,0.1497214436531067,0.15271567057088795,873600
1987-09-24,0.1497214436531067,0.15271567057088795,0.1497214436531067,0.1497214436531067,1334400
1987-09-25,0.15271568298339844,0.15271568298339844,0.1497214558222507,0.1497214558222507,777600
1987-09-28,0.1437322497367859,0.1527157095331546,0.1317545622587204,0.1527157095331546,3468800
1987-09-29,0.14073804020881653,0.14373226827673724,0.14073804020881653,0.14373226827673724,1299200
1987-09-30,0.1437322497367859,0.1437322497367859,0.14073802205508912,0.14073802205508912,4048000
1987-10-01,0.13774368166923523,0.14373213213277963,0.13774368166923523,0.14373213213277963,476800
1987-10-02,0.1437322497367859,0.1437322497367859,0.13774379437339235,0.13774379437339235,1971200
1987-10-05,0.14672645926475525,0.14972146332717362,0.14373223195351917,0.14373223195351917,617600
1987-10-06,0.14672645926475525,0.14972146332717362,0.14672645926475525,0.14672645926475525,1676800
1987-10-07,0.14672645926475525,0.14972146332717362,0.14073800464228312,0.14672645926475525,1545600
1987-10-08,0.14073804020881653,0.14373226827673724,0.14073804020881653,0.14373226827673724,3708800
1987-10-09,0.14073804020881653,0.14373226827673724,0.14073804020881653,0.14073804020881653,198400
1987-10-12,0.13774368166923523,0.14073790690100743,0.13774368166923523,0.14073790690100743,854400
1987-10-13,0.1437322497367859,0.1437322497367859,0.14073802205508912,0.14073802205508912,336000
1987-10-14,0.1437322497367859,0.14672647741848266,0.13774379437339235,0.1437322497367859,224000
1987-10-15,0.14073804020881653,0.14672649634465795,0.13774381214089582,0.14373226827673724,1939200
1987-10-16,0.13175451755523682,0.14373220096934924,0.13175451755523682,0.14073797430357488,492800
1987-10-19,0.11378834396600723,0.13175447489440853,0.11378834396600723,0.13175447489440853,2483200
1987-10-20,0.0748603343963623,0.10779916116115414,0.06887188048517655,0.10779916116115414,2646400
1987-10-21,0.09582149982452393,0.09582149982452393,0.07785535127165844,0.07785535127165844,5116800
1987-10-22,0.08683802932500839,0.09282726070148276,0.08084957469971668,0.09282726070148276,2640000
1987-10-23,0.08384375274181366,0.08983297488733248,0.08084952718871614,0.08683797829491116,3382400
1987-10-26,0.08384375274181366,0.08384375274181366,0.07785529592421625,0.08384375274181366,1529600
1987-10-27,0.08384375274181366,0.08683797829491116,0.08084952718871614,0.08384375274181366,1782400
1987-10-28,0.08683802932500839,0.08983302767743115,0.08084957469971668,0.08384380201236254,1942400
1987-10-29,0.09282724559307098,0.09582147241838133,0.08384378836608367,0.08683801519139402,1228800
1987-10-30,0.09582149982452393,0.09582149982452393,0.08983303874972393,0.09282727214282716,1888000
1987-11-02,0.09582149982452393,0.09582149982452393,0.09282727214282716,0.09582149982452393,1712000
1987-11-03,0.07785533368587494,0.09282725117522142,0.07186610863544182,0.09282725117522142,1014400
1987-11-04,0.08084957301616669,0.08683802751675937,0.07186611451411117,0.0778553400544647,2416000
1987-11-05,0.08683802932500839,0.08683802932500839,0.07785534167566507,0.08084957469971668,10099200
1987-11-06,0.08384375274181366,0.08683797829491116,0.08084952718871614,0.08683797829491116,2400000
1987-11-09,0.08084957301616669,0.08683802751675937,0.08084957301616669,0.08384380026646303,502400
1987-11-10,0.07785533368587494,0.08084956640264779,0.07486033564080949,0.08084956640264779,1014400
1987-11-11,0.0748603343963623,0.0808495650586381,0.0748603343963623,0.07785533239164015,2425600
1987-11-12,0.0748603343963623,0.0808495650586381,0.07186610744076942,0.0748603343963623,1008000
1987-11-13,0.0748603343963623,0.07785533239164015,0.06887188048517655,0.0748603343963623,339200
1987-11-16,0.06887184083461761,0.07785528756917527,0.06288261362043038,0.074860291298162,2044800
1987-11-17,0.06587763130664825,0.0718660894282955,0.06288263406203473,0.0688718632231737,4124800
1987-11-18,0.06887184083461761,0.06887184083461761,0.06587760989144364,0.06587760989144364,4060800
1987-11-19,0.06887184083461761,0.07186606606638982,0.06587760989144364,0.06887184083461761,3308800
1987-11-20,0.06887184083461761,0.074860291298162,0.06587760989144364,0.06887184083461761,2614400
1987-11-23,0.07186612486839294,0.07186612486839294,0.06887189718669617,0.06887189718669617,5100800
1987-11-24,0.07785533368587494,0.08683802041338312,0.07186610863544182,0.07186610863544182,3596800
1987-11-25,0.08534090965986252,0.08683802321077422,0.07785533619389869,0.07785533619389869,3171200
1987-11-27,0.08983304351568222,0.09282727706764006,0.08384381679466724,0.08534093071494277,3878400
1987-11-30,0.08983304351568222,0.09282727706764006,0.0868380446352183,0.08983304351568222,7625600
1987-12-01,0.08683802932500839,0.08683802932500839,0.08384380201236254,0.08683802932500839,700800
1987-12-02,0.07785533368587494,0.08983301845844859,0.07785533368587494,0.08683802041338312,3500800
1987-12-03,0.06887184083461761,0.08384374374412144,0.06887184083461761,0.07785528756917527,2876800
1987-12-04,0.06887184083461761,0.074860291298162,0.06887184083461761,0.06887184083461761,873600
1987-12-07,0.06887184083461761,0.074860291298162,0.06887184083461761,0.06887184083461761,1856000
1987-12-08,0.07186612486839294,0.07785535127165844,0.07186612486839294,0.07186612486839294,1004800
1987-12-09,0.07785533368587494,0.07785533368587494,0.07186610863544182,0.07186610863544182,1273600
1987-12-10,0.07186612486839294,0.07785535127165844,0.07186612486839294,0.07785535127165844,1225600
1987-12-11,0.0748603343963623,0.07785533239164015,0.07186610744076942,0.07186610744076942,688000
1987-12-14,0.0748603343963623,0.07785533239164015,0.0748603343963623,0.0748603343963623,1993600
1987-12-15,0.08983304351568222,0.08983304351568222,0.07486035652169441,0.07486035652169441,4083200
1987-12-16,0.09282724559307098,0.10181070282005829,0.08683801519139402,0.0898330130563558,4531200
1987-12-17,0.08983304351568222,0.09881573274874218,0.08983304351568222,0.09282727706764006,2198400
1987-12-18,0.08983304351568222,0.09282727706764006,0.08983304351568222,0.08983304351568222,208000
1987-12-21,0.08683802932500839,0.09282726070148276,0.08384380201236254,0.08983302767743115,4070400
1987-12-22,0.08683802932500839,0.08983302767743115,0.08683802932500839,0.08683802932500839,3548800
1987-12-23,0.08384375274181366,0.08983297488733248,0.08384375274181366,0.08683797829491116,6134400
1987-12-24,0.08683802932500839,0.08983302767743115,0.08384380201236254,0.08384380201236254,1353600
1987-12-28,0.07935246080160141,0.08683803531058813,0.0778553470420853,0.08683803531058813,3628800
1987-12-29,0.08983304351568222,0.08983304351568222,0.07785535540215834,0.07935246932243387,4915200
1987-12-30,0.09881570190191269,0.09881570190191269,0.08384379062154834,0.08983301547293539,4953600
1987-12-31,0.08683802932500839,0.10181071939060299,0.08384380201236254,0.09881571532677447,7132800
1988-01-04,0.08384375274181366,0.08983297488733248,0.08384375274181366,0.08683797829491116,768000
1988-01-05,0.08683802932500839,0.09282726070148276,0.08683802932500839,0.08683802932500839,2227200
1988-01-06,0.08983304351568222,0.09133015743595775,0.08384381679466724,0.0868380446352183,368000
1988-01-07,0.08983304351568222,0.08983304351568222,0.08384381679466724,0.08983304351568222,1737600
1988-01-08,0.09282724559307098,0.09282724559307098,0.08683801519139402,0.0898330130563558,1529600
1988-01-11,0.08983304351568222,0.09881573274874218,0.0868380446352183,0.09282727706764006,3020800
1988-01-12,0.08983304351568222,0.09582150490819112,0.08983304351568222,0.08983304351568222,2640000
1988-01-13,0.08983304351568222,0.09582150490819112,0.08983304351568222,0.08983304351568222,1155200
1988-01-14,0.09282724559307098,0.09282724559307098,0.0898330130563558,0.0898330130563558,768000
1988-01-15,0.09582149982452393,0.09582149982452393,0.08983303874972393,0.09282727214282716,3532800
1988-01-18,0.09582149982452393,0.09582149982452393,0.09282727214282716,0.09582149982452393,1100800
1988-01-19,0.09881570190191269,0.09881570190191269,0.0928272480901978,0.09582147499605524,1801600
1988-01-20,0.09282724559307098,0.09582147241838133,0.09282724559307098,0.09582147241838133,1027200
1988-01-21,0.09282724559307098,0.09582147241838133,0.09282724559307098,0.09282724559307098,1001600
1988-01-22,0.10480491816997528,0.10779914466743912,0.09282723542914871,0.09282723542914871,3324800
1988-01-25,0.09881570190191269,0.10779915937056214,0.09582147499605524,0.10480493246470471,1910400
1988-01-26,0.10181067883968353,0.10181067883968353,0.09881567596875661,0.09881567596875661,1264000
1988-01-27,0.10779917240142822,0.10779917240142822,0.09881571384684977,0.10181071786582328,1612800
1988-01-28,0.11678262054920197,0.11977684755018105,0.1018107087932048,0.10779916279516294,6966400
1988-01-29,0.11079337447881699,0.11678260440385829,0.11079337447881699,0.11678260440385829,1795200
1988-02-01,0.11079337447881699,0.11977683099088172,0.11079337447881699,0.11079337447881699,1238400
1988-02-02,0.11079337447881699,0.11678260440385829,0.11079337447881699,0.11079337447881699,1545600
1988-02-03,0.10779917240142822,0.11678263095600666,0.10779917240142822,0.11079339966923069,1270400
1988-02-04,0.1092962920665741,0.11378840402118864,0.1077991727168861,0.1077991727168861,486400
1988-02-05,0.11378834396600723,0.11378834396600723,0.11378834396600723,0.11378834396600723,25600
1988-02-08,0.11079337447881699,0.11378837781683486,0.10779914789179355,0.11378837781683486,512000
1988-02-09,0.11378834396600723,0.11528545110274106,0.1077991158226979,0.11079334151897088,659200
1988-02-10,0.11678262054920197,0.11977684755018105,0.1137883935482229,0.1137883935482229,3075200
1988-02-11,0.11827973276376724,0.12277107914468643,0.1137883978056588,0.11678262491866802,2304000
1988-02-12,0.11678262054920197,0.11977684755018105,0.11678262054920197,0.11827972833828634,691200
1988-02-16,0.11378834396600723,0.11977679535855322,0.11378834396600723,0.11678256966228022,2076800
1988-02-17,0.11378834396600723,0.11977679535855322,0.11378834396600723,0.11378834396600723,1606400
1988-02-18,0.11378834396600723,0.11678256966228022,0.11378834396600723,0.11378834396600723,1075200
1988-02-19,0.10779917240142822,0.1137884036882042,0.10779917240142822,0.1137884036882042,633600
1988-02-22,0.10181067883968353,0.11378836007077141,0.10181067883968353,0.10779913107979083,2214400
1988-02-23,0.10779917240142822,0.10779917240142822,0.09881571384684977,0.10181071786582328,4425600
1988-02-24,0.10779917240142822,0.10779917240142822,0.10181071786582328,0.10779917240142822,188800
1988-02-25,0.11079337447881699,0.11378837781683486,0.10779914789179355,0.10779914789179355,748800
1988-02-26,0.11229047924280167,0.1137883633859384,0.11079336042775355,0.11079336042775355,5139200
1988-02-29,0.11079337447881699,0.11378837781683486,0.10779914789179355,0.11229049348373307,1500800
1988-03-01,0.11079337447881699,0.11079337447881699,0.10480492130477012,0.11079337447881699,620800
1988-03-02,0.10480491816997528,0.11079337116490295,0.10181069167251143,0.11079337116490295,1180800
1988-03-03,0.10480491816997528,0.10779914466743912,0.10181069167251143,0.10480491816997527,1347200
1988-03-04,0.10480491816997528,0.10779914466743912,0.10480491816997527,0.10480491816997527,265600
1988-03-07,0.10480491816997528,0.10779914466743912,0.10480491816997527,0.10480491816997527,1212800
1988-03-08,0.10480491816997528,0.10779914466743912,0.10480491816997527,0.10480491816997527,278400
1988-03-09,0.10480491816997528,0.10779914466743912,0.10181069167251143,0.10480491816997527,1632000
1988-03-10,0.10480491816997528,0.10779914466743912,0.10480491816997527,0.10480491816997527,742400
1988-03-11,0.10181067883968353,0.10779913107979083,0.10181067883968353,0.10480490495973718,560000
1988-03-14,0.10779917240142822,0.10779917240142822,0.10181071786582328,0.10181071786582328,131200
1988-03-15,0.09582149982452393,0.10480495962089265,0.09582149982452393,0.10480495962089265,483200
1988-03-16,0.10779917240142822,0.10779917240142822,0.09881571384684977,0.09881571384684977,1408000
1988-03-17,0.11678262054920197,0.125766078303241,0.10779916279516294,0.10779916279516294,4739200
1988-03-18,0.12576602399349213,0.1287602497014698,0.1197767958267704,0.1197767958267704,6054400
1988-03-21,0.12277109175920486,0.12876032335173743,0.12277109175920488,0.1257660959310765,2966400
1988-03-22,0.11977683007717133,0.12576605995652415,0.11977683007717133,0.12277105664135347,2038400
1988-03-23,0.11977683007717133,0.12576605995652415,0.11977683007717133,0.11977683007717133,2803200
1988-03-24,0.11977683007717133,0.11977683007717133,0.11678260351298916,0.11977683007717133,518400
1988-03-25,0.11678262054920197,0.11827972833828634,0.11678262054920197,0.11827972833828634,793600
1988-03-28,0.11079337447881699,0.11378837781683486,0.10779914789179355,0.11378837781683486,1139200
1988-03-29,0.11378834396600723,0.11678256966228022,0.11378834396600723,0.11378834396600723,195200
1988-03-30,0.1152854859828949,0.11977683159758432,0.11378837839320428,0.11378837839320428,656000
1988-03-31,0.11678262054920197,0.11678262054920197,0.1137883935482229,0.11528550133730728,457600
1988-04-04,0.11378834396600723,0.11678256966228022,0.11079334151897088,0.11678256966228022,572800
1988-04-05,0.11378834396600723,0.11678256966228022,0.11378834396600723,0.11378834396600723,9916800
1988-04-06,0.11678262054920197,0.11977684755018105,0.1137883935482229,0.1137883935482229,601600
1988-04-07,0.11378834396600723,0.11977679535855322,0.11378834396600723,0.11678256966228022,1056000
1988-04-08,0.11378834396600723,0.11977679535855322,0.11378834396600723,0.11378834396600723,1974400
1988-04-11,0.11827973276376724,0.11977685203167722,0.11678262491866802,0.11678262491866802,608000
1988-04-12,0.11977683007717133,0.11977683007717133,0.11678260351298916,0.11827971108367591,2256000
1988-04-13,0.11977683007717133,0.12127394907066673,0.11678260351298916,0.11977683007717133,8880000
1988-04-14,0.11977683007717133,0.12277105664135347,0.11678260351298916,0.11977683007717133,1091200
1988-04-15,0.11079337447881699,0.11678260440385829,0.11079337447881699,0.11678260440385829,169600
1988-04-18,0.11378834396600723,0.11378834396600723,0.11079334151897088,0.11079334151897088,192000
1988-04-19,0.11079337447881699,0.11378837781683486,0.11079337447881699,0.11378837781683486,265600
1988-04-20,0.11378834396600723,0.11378834396600723,0.1077991158226979,0.11079334151897088,76800
1988-04-21,0.10779917240142822,0.10779917240142822,0.10779917240142822,0.10779917240142822,224000
1988-04-22,0.10779917240142822,0.11079339966923069,0.10779917240142822,0.10779917240142822,710400
1988-04-25,0.10779917240142822,0.11079339966923069,0.10779917240142822,0.10779917240142822,662400
1988-04-26,0.10779917240142822,0.11079339966923069,0.10779917240142822,0.10779917240142822,883200
1988-04-27,0.10779917240142822,0.11079339966923069,0.10779917240142822,0.10779917240142822,118400
1988-04-28,0.10779917240142822,0.11079339966923069,0.10779917240142822,0.10779917240142822,259200
1988-04-29,0.11079337447881699,0.11079337447881699,0.10480492130477012,0.10779914789179355,601600
1988-05-02,0.10779917240142822,0.11079339966923069,0.10779917240142822,0.11079339966923069,643200
1988-05-03,0.11079337447881699,0.11079337447881699,0.10779914789179355,0.10779914789179355,131200
1988-05-04,0.11079337447881699,0.11079337447881699,0.10779914789179355,0.11079337447881699,355200
1988-05-05,0.10779917240142822,0.11079339966923069,0.10779917240142822,0.11079339966923069,67200
1988-05-06,0.10779917240142822,0.10779917240142822,0.10480494513362575,0.10779917240142822,3017600
1988-05-09,0.11678262054920197,0.11678262054920197,0.10779916279516294,0.10779916279516294,505600
1988-05-10,0.11678262054920197,0.11977684755018105,0.110793389796142,0.11678262054920197,720000
1988-05-11,0.11678262054920197,0.11977684755018105,0.1137883935482229,0.11678262054920197,2988800
1988-05-12,0.11378834396600723,0.11678256966228022,0.11378834396600723,0.11678256966228022,1353600
1988-05-13,0.11378834396600723,0.11678256966228022,0.11079334151897088,0.11378834396600723,928000
1988-05-16,0.11378834396600723,0.11678256966228022,0.11079334151897088,0.11378834396600723,1158400
1988-05-17,0.11079337447881699,0.11678260440385829,0.11079337447881699,0.11378837781683486,1344000
1988-05-18,0.11378834396600723,0.11378834396600723,0.11079334151897088,0.11079334151897088,1654400
1988-05-19,0.10779917240142822,0.1137884036882042,0.10779917240142822,0.1137884036882042,1568000
1988-05-20,0.11079337447881699,0.11378837781683486,0.10779914789179355,0.10779914789179355,342400
1988-05-23,0.1092962920665741,0.11079339999345073,0.1077991727168861,0.11079339999345073,646400
1988-05-24,0.10779917240142822,0.10779917240142822,0.10779917240142822,0.10779917240142822,278400
1988-05-25,0.10779917240142822,0.11079339966923069,0.10779917240142822,0.10779917240142822,364800
1988-05-26,0.10779917240142822,0.11079339966923069,0.10779917240142822,0.10779917240142822,76800
1988-05-27,0.11079337447881699,0.11079337447881699,0.10779914789179355,0.10779914789179355,1715200
1988-05-31,0.10779917240142822,0.11079339966923069,0.10480494513362575,0.11079339966923069,1209600
1988-06-01,0.10480491816997528,0.113788374413338,0.10480491816997527,0.10779914466743912,2259200
1988-06-02,0.10480491816997528,0.113788374413338,0.10480491816997527,0.10480491816997527,278400
1988-06-03,0.10480491816997528,0.10779914466743912,0.10330779920983915,0.10480491816997527,4992000
1988-06-06,0.10779917240142822,0.10779917240142822,0.10480494513362575,0.10480494513362575,662400
1988-06-07,0.10480491816997528,0.10779914466743912,0.10480491816997527,0.10779914466743912,934400
1988-06-08,0.10480491816997528,0.10480491816997527,0.10480491816997527,0.10480491816997527,313600
1988-06-09,0.09881570190191269,0.10779915937056214,0.09881570190191269,0.10480493246470471,992000
1988-06-10,0.09881570190191269,0.10181070555884726,0.09881570190191269,0.09881570190191269,195200
1988-06-13,0.09282724559307098,0.09881569924369168,0.0898330130563558,0.09881569924369168,835200
1988-06-14,0.09582149982452393,0.0988157275062207,0.09282727214282716,0.09282727214282716,998400
1988-06-15,0.09282724559307098,0.09582147241838133,0.0898330130563558,0.09582147241838133,524800
1988-06-16,0.09582149982452393,0.09582149982452393,0.09282727214282716,0.09282727214282716,835200
1988-06-17,0.09282724559307098,0.09582147241838133,0.09282724559307098,0.09582147241838133,339200
1988-06-20,0.09282724559307098,0.09582147241838133,0.09282724559307098,0.09282724559307098,204800
1988-06-21,0.09282724559307098,0.09582147241838133,0.0898330130563558,0.09282724559307098,118400
1988-06-22,0.09282724559307098,0.09582147241838133,0.0898330130563558,0.09282724559307098,563200
1988-06-23,0.09133012592792511,0.09582147185068646,0.08983301252413958,0.09282724504311542,790400
1988-06-24,0.08983304351568222,0.09282727706764006,0.08983304351568222,0.09133015743595775,265600
1988-06-27,0.08983304351568222,0.09282727706764006,0.08983304351568222,0.08983304351568222,2736000
1988-06-28,0.09282724559307098,0.09282724559307098,0.0898330130563558,0.0898330130563558,793600
1988-06-29,0.09282724559307098,0.09282724559307098,0.0898330130563558,0.09282724559307098,1110400
1988-06-30,0.09282724559307098,0.09282724559307098,0.08683801519139402,0.09282724559307098,358400
1988-07-01,0.09133012592792511,0.09282724504311542,0.08983301252413958,0.09282724504311542,361600
1988-07-05,0.08983304351568222,0.09582150490819112,0.08983304351568222,0.09133015743595775,720000
1988-07-06,0.09282724559307098,0.09881569924369168,0.09282724559307098,0.09282724559307098,867200
1988-07-07,0.09282724559307098,0.09881569924369168,0.0898330130563558,0.09282724559307098,883200
1988-07-08,0.09282724559307098,0.09881569924369168,0.09282724559307098,0.09282724559307098,118400
1988-07-11,0.09881570190191269,0.09881570190191269,0.0928272480901978,0.0928272480901978,4201600
1988-07-12,0.09582149982452393,0.0988157275062207,0.09282727214282716,0.0988157275062207,1590400
1988-07-13,0.09582149982452393,0.0988157275062207,0.09582149982452393,0.09582149982452393,1280000
1988-07-14,0.09881570190191269,0.09881570190191269,0.09582147499605524,0.09582147499605524,838400
1988-07-15,0.09881570190191269,0.09881570190191269,0.09582147499605524,0.09881570190191269,1462400
1988-07-18,0.0973186045885086,0.0988157124904541,0.09282725803704978,0.0988157124904541,4899200
1988-07-19,0.09881570190191269,0.09881570190191269,0.0928272480901978,0.09731859416038895,2300800
1988-07-20,0.09881570190191269,0.09881570190191269,0.0928272480901978,0.09881570190191269,134400
1988-07-21,0.09582149982452393,0.0988157275062207,0.09282727214282716,0.0988157275062207,1945600
1988-07-22,0.09582149982452393,0.0988157275062207,0.09582149982452393,0.09582149982452393,1900800
1988-07-25,0.10181067883968353,0.10181067883968353,0.09582144984870296,0.09582144984870296,6547200
1988-07-26,0.10181067883968353,0.10181067883968353,0.09582144984870296,0.10181067883968353,1724800
1988-07-27,0.09881570190191269,0.09881570190191269,0.09582147499605524,0.09881570190191269,953600
1988-07-28,0.09582149982452393,0.10181073193919588,0.09582149982452393,0.0988157275062207,3932800
1988-07-29,0.09582149982452393,0.09731861937677877,0.09582149982452393,0.09582149982452393,982400
1988-08-01,0.09881570190191269,0.09881570190191269,0.09582147499605524,0.09582147499605524,828800
1988-08-02,0.09582149982452393,0.0988157275062207,0.09582149982452393,0.0988157275062207,1123200
1988-08-03,0.09582149982452393,0.0988157275062207,0.09582149982452393,0.09582149982452393,332800
1988-08-04,0.09582149982452393,0.09731861937677877,0.09582149982452393,0.09582149982452393,1379200
1988-08-05,0.09582149982452393,0.09731861937677877,0.09582149982452393,0.09582149982452393,1145600
1988-08-08,0.09582149982452393,0.0988157275062207,0.09582149982452393,0.09582149982452393,1363200
1988-08-09,0.09582149982452393,0.09731861937677877,0.09582149982452393,0.09582149982452393,944000
1988-08-10,0.08683802932500839,0.09282726070148276,0.08683802932500839,0.09282726070148276,185600
1988-08-11,0.08983304351568222,0.09282727706764006,0.0868380446352183,0.0868380446352183,502400
1988-08-12,0.08983304351568222,0.09582150490819112,0.08983304351568222,0.08983304351568222,310400
1988-08-15,0.08983304351568222,0.09133015743595775,0.08983304351568222,0.08983304351568222,1043200
1988-08-16,0.08983304351568222,0.09282727706764006,0.08983304351568222,0.08983304351568222,214400
1988-08-17,0.09582149982452393,0.09582149982452393,0.08983303874972393,0.08983303874972393,611200
1988-08-18,0.09282724559307098,0.09282724559307098,0.0898330130563558,0.09282724559307098,451200
1988-08-19,0.08983304351568222,0.09282727706764006,0.08983304351568222,0.09282727706764006,496000
1988-08-22,0.09282724559307098,0.09582147241838133,0.0898330130563558,0.0898330130563558,352000
1988-08-23,0.09432438015937805,0.09432438015937805,0.08983303320275601,0.09282726641097273,777600
1988-08-24,0.09282724559307098,0.09582147241838133,0.0898330130563558,0.09432435900572615,736000
1988-08-25,0.09282724559307098,0.09582147241838133,0.09282724559307098,0.09282724559307098,2742400
1988-08-26,0.08983304351568222,0.09282727706764006,0.08983304351568222,0.09282727706764006,8838400
1988-08-29,0.08983304351568222,0.09282727706764006,0.08983304351568222,0.08983304351568222,96000
1988-08-30,0.08983304351568222,0.09282727706764006,0.08983304351568222,0.08983304351568222,665600
1988-08-31,0.08983304351568222,0.09133015743595775,0.08983304351568222,0.08983304351568222,342400
1988-09-01,0.08983304351568222,0.09282727706764006,0.08983304351568222,0.08983304351568222,1379200
1988-09-02,0.08683802932500839,0.09282726070148276,0.08683802932500839,0.08983302767743115,1043200
1988-09-06,0.08683802932500839,0.09282726070148276,0.08683802932500839,0.08683802932500839,1059200
1988-09-07,0.09282724559307098,0.09582147241838133,0.0898330130563558,0.0898330130563558,537600
1988-09-08,0.09282724559307098,0.09582147241838133,0.08683801519139402,0.09282724559307098,1126400
1988-09-09,0.09582149982452393,0.09582149982452393,0.08983303874972393,0.09282727214282716,592000
1988-09-12,0.09881570190191269,0.09881570190191269,0.0928272480901978,0.09582147499605524,2044800
1988-09-13,0.09582149982452393,0.0988157275062207,0.09282727214282716,0.0988157275062207,2147200
1988-09-14,0.09582149982452393,0.0988157275062207,0.09582149982452393,0.09582149982452393,3516800
1988-09-15,0.09582149982452393,0.0988157275062207,0.09582149982452393,0.09582149982452393,902400
1988-09-16,0.10181067883968353,0.10480490495973718,0.09582144984870296,0.09582144984870296,6812800
1988-09-19,0.10181067883968353,0.10480490495973718,0.10181067883968353,0.10181067883968353,1174400
1988-09-20,0.10480491816997528,0.10480491816997527,0.10181069167251143,0.10181069167251143,4771200
1988-09-21,0.10181067883968353,0.10480490495973718,0.10181067883968353,0.10480490495973718,883200
1988-09-22,0.10181067883968353,0.10480490495973718,0.09881567596875661,0.10181067883968353,7974400
1988-09-23,0.10181067883968353,0.10480490495973718,0.09881567596875661,0.10181067883968353,5228800
1988-09-26,0.09881570190191269,0.10181070555884726,0.09881570190191269,0.10181070555884726,5609600
1988-09-27,0.09881570190191269,0.10181070555884726,0.09881570190191269,0.09881570190191269,2409600
1988-09-28,0.09881570190191269,0.10480493246470471,0.09881570190191269,0.09881570190191269,768000
1988-09-29,0.10031283646821976,0.10181072119080498,0.09881571707401925,0.09881571707401925,668800
1988-09-30,0.09582149982452393,0.10181073193919588,0.09582149982452393,0.10031284705847554,2758400
1988-10-03,0.09582149982452393,0.0988157275062207,0.09582149982452393,0.09582149982452393,486400
1988-10-04,0.09282724559307098,0.09582147241838133,0.09282724559307098,0.09582147241838133,2172800
1988-10-05,0.09282724559307098,0.09582147241838133,0.09282724559307098,0.09282724559307098,1360000
1988-10-06,0.09282724559307098,0.09582147241838133,0.09282724559307098,0.09282724559307098,4153600
1988-10-07,0.09282724559307098,0.09881569924369168,0.09282724559307098,0.09282724559307098,2812800
1988-10-10,0.09282724559307098,0.09881569924369168,0.09282724559307098,0.09282724559307098,89600
1988-10-11,0.09282724559307098,0.09582147241838133,0.09282724559307098,0.09282724559307098,1174400
1988-10-12,0.09282724559307098,0.09582147241838133,0.09282724559307098,0.09282724559307098,944000
1988-10-13,0.09282724559307098,0.09282724559307098,0.09282724559307098,0.09282724559307098,51200
1988-10-14,0.09582149982452393,0.09582149982452393,0.09282727214282716,0.09282727214282716,48000
1988-10-17,0.09582149982452393,0.10480495962089265,0.09282727214282716,0.09582149982452393,2809600
1988-10-18,0.10779917240142822,0.11079339966923069,0.10480494513362575,0.10480494513362575,1232000
1988-10-19,0.10181067883968353,0.11079335719984447,0.10181067883968353,0.10779913107979083,1558400
1988-10-20,0.09881570190191269,0.10480493246470471,0.09881570190191269,0.10181070555884726,892800
1988-10-21,0.09881570190191269,0.10181070555884726,0.09582147499605524,0.09881570190191269,662400
1988-10-24,0.10181067883968353,0.10480490495973718,0.09881567596875661,0.09881567596875661,681600
1988-10-25,0.10181067883968353,0.10181067883968353,0.09582144984870296,0.10181067883968353,556800
1988-10-26,0.09881570190191269,0.09881570190191269,0.09881570190191269,0.09881570190191269,131200
1988-10-27,0.09881570190191269,0.09881570190191269,0.09582147499605524,0.09881570190191269,665600
1988-10-28,0.09881570190191269,0.10181070555884726,0.09582147499605524,0.09881570190191269,1216000
1988-10-31,0.09582149982452393,0.10181073193919588,0.09582149982452393,0.0988157275062207,214400
1988-11-01,0.09881570190191269,0.10181070555884726,0.09582147499605524,0.09582147499605524,2614400
1988-11-02,0.09881570190191269,0.10181070555884726,0.09881570190191269,0.09881570190191269,496000
1988-11-03,0.09881570190191269,0.10181070555884726,0.09881570190191269,0.09881570190191269,1625600
1988-11-04,0.09881570190191269,0.10181070555884726,0.09881570190191269,0.09881570190191269,332800
1988-11-07,0.10181067883968353,0.10181067883968353,0.09881567596875661,0.09881567596875661,838400
1988-11-08,0.09881570190191269,0.10181070555884726,0.09582147499605524,0.10181070555884726,486400
1988-11-09,0.09881570190191269,0.10181070555884726,0.09881570190191269,0.09881570190191269,876800
1988-11-10,0.10181067883968353,0.10181067883968353,0.09881567596875661,0.09881567596875661,1481600
1988-11-11,0.09881570190191269,0.10181070555884726,0.09881570190191269,0.10181070555884726,275200
1988-11-14,0.10181067883968353,0.10181067883968353,0.09881567596875661,0.09881567596875661,1068800
1988-11-15,0.09881570190191269,0.10181070555884726,0.09881570190191269,0.10181070555884726,310400
1988-11-16,0.10181067883968353,0.10181067883968353,0.09582144984870296,0.09881567596875661,1702400
1988-11-17,0.09582149982452393,0.09582149982452393,0.09582149982452393,0.09582149982452393,470400
1988-11-18,0.09881570190191269,0.09881570190191269,0.0928272480901978,0.09582147499605524,1094400
1988-11-21,0.09282724559307098,0.09282724559307098,0.09282724559307098,0.09282724559307098,144000
1988-11-22,0.09881570190191269,0.09881570190191269,0.0928272480901978,0.0928272480901978,204800
1988-11-23,0.09282724559307098,0.09881569924369168,0.09282724559307098,0.09881569924369168,540800
1988-11-25,0.09282724559307098,0.09881569924369168,0.09282724559307098,0.09282724559307098,268800
1988-11-28,0.09582149982452393,0.0988157275062207,0.09282727214282716,0.09282727214282716,1257600
1988-11-29,0.09282724559307098,0.09582147241838133,0.09282724559307098,0.09582147241838133,771200
1988-11-30,0.09282724559307098,0.09582147241838133,0.09282724559307098,0.09282724559307098,1360000
1988-12-01,0.09282724559307098,0.09881569924369168,0.09282724559307098,0.09282724559307098,5084800
1988-12-02,0.09881570190191269,0.09881570190191269,0.0928272480901978,0.0928272480901978,422400
1988-12-05,0.09582149982452393,0.0988157275062207,0.09282727214282716,0.0988157275062207,1030400
1988-12-06,0.09582149982452393,0.0988157275062207,0.09282727214282716,0.09582149982452393,800000
1988-12-07,0.09582149982452393,0.09731861937677877,0.09582149982452393,0.09582149982452393,204800
1988-12-08,0.09582149982452393,0.0988157275062207,0.09582149982452393,0.09582149982452393,390400
1988-12-09,0.09582149982452393,0.0988157275062207,0.09582149982452393,0.09582149982452393,473600
1988-12-12,0.09881570190191269,0.09881570190191269,0.09582147499605524,0.09582147499605524,611200
1988-12-13,0.09582149982452393,0.10181073193919588,0.09582149982452393,0.0988157275062207,1459200
1988-12-14,0.09582149982452393,0.0988157275062207,0.09582149982452393,0.09582149982452393,1187200
1988-12-15,0.09881570190191269,0.09881570190191269,0.09582147499605524,0.09582147499605524,1196800
1988-12-16,0.09881570190191269,0.10181070555884726,0.09582147499605524,0.09881570190191269,5139200
1988-12-19,0.10181067883968353,0.10181067883968353,0.09881567596875661,0.09881567596875661,1721600
1988-12-20,0.09881570190191269,0.10181070555884726,0.09881570190191269,0.10181070555884726,1056000
1988-12-21,0.09881570190191269,0.10181070555884726,0.09881570190191269,0.09881570190191269,2377600
1988-12-22,0.09582149982452393,0.0988157275062207,0.09582149982452393,0.0988157275062207,1040000
1988-12-23,0.09582149982452393,0.0988157275062207,0.09582149982452393,0.09582149982452393,2803200
1988-12-27,0.09282724559307098,0.09881569924369168,0.09282724559307098,0.09582147241838133,2169600
1988-12-28,0.09881570190191269,0.09881570190191269,0.0928272480901978,0.0928272480901978,2470400
1988-12-29,0.10480491816997528,0.10480491816997527,0.09582146192661255,0.09881568842407638,1996800
1988-12-30,0.10779917240142822,0.10779917240142822,0.09881571384684977,0.10480494513362575,1340800
1989-01-03,0.10181067883968353,0.10779913107979083,0.10181067883968353,0.10779913107979083,364800
1989-01-04,0.10181067883968353,0.10480490495973718,0.10181067883968353,0.10181067883968353,140800
1989-01-05,0.10181067883968353,0.10779913107979083,0.10181067883968353,0.10181067883968353,652800
1989-01-06,0.10181067883968353,0.10779913107979083,0.10181067883968353,0.10181067883968353,243200
1989-01-09,0.10181067883968353,0.10779913107979083,0.10181067883968353,0.10181067883968353,678400
1989-01-10,0.10181067883968353,0.10480490495973718,0.09881567596875661,0.10181067883968353,2675200
1989-01-11,0.10779917240142822,0.10779917240142822,0.10480494513362575,0.10480494513362575,1420800
1989-01-12,0.10480491816997528,0.10779914466743912,0.10480491816997527,0.10779914466743912,1056000
1989-01-13,0.10779917240142822,0.10779917240142822,0.10480494513362575,0.10480494513362575,713600
1989-01-16,0.10779917240142822,0.10779917240142822,0.10480494513362575,0.10779917240142822,272000
1989-01-17,0.10779917240142822,0.10779917240142822,0.10480494513362575,0.10779917240142822,2425600
1989-01-18,0.10480491816997528,0.10779914466743912,0.10480491816997527,0.10779914466743912,51200
1989-01-19,0.10779917240142822,0.11079339966923069,0.10480494513362575,0.10480494513362575,1808000
1989-01-20,0.10779917240142822,0.1137884036882042,0.10779917240142822,0.10779917240142822,140800
1989-01-23,0.10779917240142822,0.11079339966923069,0.10779917240142822,0.10779917240142822,825600
1989-01-24,0.10779917240142822,0.1137884036882042,0.10779917240142822,0.10779917240142822,425600
1989-01-25,0.11378834396600723,0.11378834396600723,0.1077991158226979,0.1077991158226979,1433600
1989-01-26,0.12127401679754257,0.12277112520430682,0.11079343550751049,0.11378844049527628,4188800
1989-01-27,0.12876024842262268,0.12876024842262268,0.11977679463714698,0.12127391318766913,5836800
1989-01-30,0.12576602399349213,0.12576602399349213,0.1197767958267704,0.12576602399349213,816000
1989-01-31,0.12277109175920486,0.1257660959310765,0.11977686433854395,0.1257660959310765,665600
1989-02-01,0.11977683007717133,0.11977683007717133,0.11678260351298916,0.11977683007717133,268800
1989-02-02,0.12277109175920486,0.1257660959310765,0.11678263691788301,0.11977686433854395,5116800
1989-02-03,0.13175451755523682,0.1347487442210112,0.12277106080689877,0.12277106080689877,5984000
1989-02-06,0.13774368166923523,0.14073790690100743,0.1287602292232758,0.131754454455048,2937600
1989-02-07,0.14522935450077057,0.1467264624777665,0.1347487762193529,0.1377437803473558,15814400
1989-02-08,0.14073804020881653,0.14672649634465795,0.14073804020881653,0.14522938802210478,16214400
1989-02-09,0.13774368166923523,0.14373213213277963,0.13774368166923523,0.14073790690100743,5017600
1989-02-10,0.13774368166923523,0.14373213213277963,0.13774368166923523,0.13774368166923523,5043200
1989-02-13,0.14073804020881653,0.14073804020881653,0.1347488073215965,0.13774381214089582,2947200
1989-02-14,0.13774368166923523,0.14073790690100743,0.13774368166923523,0.14073790690100743,1344000
1989-02-15,0.14223507046699524,0.14373218939068322,0.13774373654154756,0.13774373654154756,4720000
1989-02-16,0.1437322497367859,0.14672647741848266,0.14073802205508912,0.14223513018453104,5216000
1989-02-17,0.1557098925113678,0.15870411933343795,0.14373220847203183,0.14373220847203183,18841600
1989-02-21,0.1557098925113678,0.15870411933343795,0.15271566568929765,0.1557098925113678,7571200
1989-02-22,0.15271568298339844,0.1587041373056939,0.1467264519099596,0.15570991014454616,9836800
1989-02-23,0.1497214436531067,0.15570989748866923,0.1497214436531067,0.15271567057088795,4892800
1989-02-24,0.1557098925113678,0.1557098925113678,0.14972143886722752,0.14972143886722752,5827200
1989-02-27,0.1497214436531067,0.15570989748866923,0.1497214436531067,0.15570989748866923,1603200
1989-02-28,0.15271568298339844,0.1587041373056939,0.1497214558222507,0.1497214558222507,553600
1989-03-01,0.1557098925113678,0.1557098925113678,0.15271566568929765,0.15271566568929765,3267200
1989-03-02,0.16469334065914154,0.1706817939735039,0.1527156572794042,0.15570988393658539,11955200
1989-03-03,0.17966531217098236,0.1856545442856543,0.15870416489654815,0.1646933970112201,9878400
1989-03-06,0.17667101323604584,0.1826594661842346,0.17667101323604584,0.17966523971014023,4659200
1989-03-07,0.16768750548362732,0.17966518444674354,0.16768750548362732,0.17667095889364604,5433600
1989-03-08,0.18265946209430695,0.18265946209430695,0.1646933269010552,0.16768755330810586,24044800
1989-03-09,0.17966531217098236,0.17966531217098236,0.17367685680758882,0.17966531217098236,3852800
1989-03-10,0.1781681478023529,0.17966526697802276,0.1736768131209635,0.17966526697802276,2128000
1989-03-13,0.17068181931972504,0.1766710502744998,0.17068181931972504,0.1766710502744998,1513600
1989-03-14,0.16768750548362732,0.17667095889364604,0.16768750548362732,0.17068173103672482,156800
1989-03-15,0.17068181931972504,0.1736768231726764,0.16768759221790167,0.16768759221790167,3132800
1989-03-16,0.16768750548362732,0.17367673334054853,0.16768750548362732,0.17068173103672482,947200
1989-03-17,0.15870408713817596,0.17068176874767788,0.15271563470887392,0.16768754253302687,1584000
1989-03-20,0.1497214436531067,0.1587041244064505,0.1497214436531067,0.1587041244064505,3574400
1989-03-21,0.1557098925113678,0.15870411933343795,0.14972143886722752,0.14972143886722752,3190400
1989-03-22,0.16768750548362732,0.16918462397157846,0.15570982652051107,0.15570982652051107,2403200
1989-03-23,0.16169914603233337,0.16768760053292606,0.16169914603233337,0.16768760053292606,1689600
1989-03-27,0.16619037091732025,0.17068171452384662,0.16469326399701392,0.16469326399701392,4563200
1989-03-28,0.16469334065914154,0.1676875673163227,0.16469334065914154,0.16619044827632762,310400
1989-03-29,0.16768750548362732,0.16768750548362732,0.1646932799305298,0.1646932799305298,1849600
1989-03-30,0.16768750548362732,0.17068173103672482,0.15271560096741357,0.16768750548362732,4608000
1989-03-31,0.17068181931972504,0.1736768231726764,0.16768759221790167,0.16768759221790167,6793600
1989-04-03,0.16768750548362732,0.17367673334054853,0.16768750548362732,0.17068173103672482,6377600
1989-04-04,0.16768750548362732,0.17068173103672482,0.1646932799305298,0.16768750548362732,780800
1989-04-05,0.16768750548362732,0.16768750548362732,0.1646932799305298,0.16768750548362732,8790400
1989-04-06,0.16469334065914154,0.1676875673163227,0.16169911400196035,0.1676875673163227,2960000
1989-04-07,0.16619037091732025,0.16768748926043026,0.1616990387335976,0.16469326399701392,4083200
1989-04-10,0.16768750548362732,0.16768750548362732,0.1646932799305298,0.16619038699567615,1072000
1989-04-11,0.16768750548362732,0.17068173103672482,0.1646932799305298,0.16768750548362732,11433600
1989-04-12,0.17068181931972504,0.17517393101218276,0.1691847114802187,0.1691847114802187,9289600
1989-04-13,0.16768750548362732,0.17367673334054853,0.16768750548362732,0.17068173103672482,5756800
1989-04-14,0.17068181931972504,0.17068181931972504,0.16768759221790167,0.16768759221790167,10320000
1989-04-17,0.17068181931972504,0.17068181931972504,0.16768759221790167,0.17068181931972504,784000
1989-04-18,0.16768750548362732,0.17367673334054853,0.16768750548362732,0.17068173103672482,3507200
1989-04-19,0.1691846400499344,0.17068174725735738,0.1676875214197055,0.1676875214197055,10886400
1989-04-20,0.16768750548362732,0.17068173103672482,0.16768750548362732,0.16918462397157846,2323200
1989-04-21,0.17068181931972504,0.1736768231726764,0.16768759221790167,0.16768759221790167,3558400
1989-04-24,0.16768750548362732,0.17367673334054853,0.16768750548362732,0.17068173103672482,1113600
1989-04-25,0.16768750548362732,0.17367673334054853,0.16768750548362732,0.16768750548362732,784000
1989-04-26,0.17217887938022614,0.17367676345582947,0.16768753456038527,0.16768753456038527,643200
1989-04-27,0.17667101323604584,0.17667101323604584,0.16768755706279753,0.17217890248534326,3190400
1989-04-28,0.1886487603187561,0.1886487603187561,0.17367684608347256,0.17667107358028317,11036800
1989-05-01,0.200626403093338,0.20661487996126834,0.18864872972042465,0.18864872972042465,13241600
1989-05-02,0.18565449118614197,0.20362062888906032,0.18565449118614197,0.20062639064094032,4176000
1989-05-03,0.1886487603187561,0.1916429878155667,0.1826595285739044,0.18565453282194547,3833600
1989-05-04,0.1886487603187561,0.1916429878155667,0.18565453282194547,0.1886487603187561,2572800
1989-05-05,0.20362061262130737,0.20661485063021032,0.19164292952593634,0.19164292952593634,13900800
1989-05-08,0.20661494135856628,0.21559839038982923,0.20362070203483873,0.20362070203483873,8387200
1989-05-09,0.21559834480285645,0.22158757608963242,0.20661489767108934,0.20661489767108934,19724800
1989-05-10,0.22158761322498322,0.22158761322498322,0.2155983809344858,0.2155983809344858,10809600
1989-05-11,0.20960983633995056,0.22158751908077712,0.2066148445143239,0.22158751908077712,4499200
1989-05-12,0.2126041054725647,0.21559834415416954,0.2096098896365825,0.2096098896365825,4288000
1989-05-15,0.2185925841331482,0.2185925841331482,0.20960989088064297,0.2126041067343962,14620800
1989-05-16,0.21559834480285645,0.21859258349347024,0.21260410611224265,0.21859258349347024,2873600
1989-05-17,0.20960983633995056,0.21859252725515047,0.20960983633995053,0.21559828933487823,13913600
1989-05-18,0.2126041054725647,0.21559834415416954,0.2096098896365825,0.2096098896365825,406400
1989-05-19,0.20960983633995056,0.21559828933487823,0.20960983633995053,0.21260405141460598,4892800
1989-05-22,0.21559834480285645,0.21859258349347024,0.20661489767108934,0.2096098902672515,3145600
1989-05-23,0.21559834480285645,0.21859258349347024,0.21260410611224265,0.21559834480285645,1424000
1989-05-24,0.21559834480285645,0.21559834480285645,0.21260410611224265,0.21559834480285645,3596800
1989-05-25,0.2126041054725647,0.21859258283577435,0.2126041054725647,0.21559834415416954,3056000
1989-05-26,0.21559834480285645,0.21859258349347024,0.21260410611224265,0.21260410611224265,2281600
1989-05-30,0.21559834480285645,0.21859258349347024,0.21559834480285645,0.21559834480285645,3302400
1989-05-31,0.21559834480285645,0.21859258349347024,0.21559834480285645,0.21559834480285645,2332800
1989-06-01,0.20661494135856628,0.2185926297135568,0.20362070203483873,0.21559839038982923,3987200
1989-06-02,0.20960983633995056,0.21559828933487823,0.2066148445143239,0.2066148445143239,1817600
1989-06-05,0.2126041054725647,0.21559834415416954,0.2096098896365825,0.2096098896365825,4358400
1989-06-06,0.20661494135856628,0.21260415106610167,0.20362070203483873,0.21260415106610167,4348800
1989-06-07,0.20661494135856628,0.20960993458800162,0.20362070203483873,0.20661494135856628,9840000
1989-06-08,0.2126041054725647,0.2126041054725647,0.20362065836782678,0.2066148970494316,5145600
1989-06-09,0.21559834480285645,0.21559834480285645,0.2096098902672515,0.21260410611224265,3286400
1989-06-12,0.21559834480285645,0.21559834480285645,0.2096098902672515,0.21559834480285645,8256000
1989-06-13,0.2126041054725647,0.21559834415416954,0.2096098896365825,0.21559834415416954,21193600
1989-06-14,0.2185925841331482,0.2185925841331482,0.2126041067343962,0.2126041067343962,14009600
1989-06-15,0.20960983633995056,0.21559828933487823,0.20960983633995053,0.21559828933487823,1331200
1989-06-16,0.2126041054725647,0.21559834415416954,0.2096098896365825,0.2096098896365825,1328000
1989-06-19,0.22158761322498322,0.22158761322498322,0.21260414174207443,0.21260414174207443,16236800
1989-06-20,0.2185925841331482,0.22158757673807475,0.2155983454337722,0.22158757673807475,6137600
1989-06-21,0.2185925841331482,0.2185925841331482,0.2126041067343962,0.2185925841331482,4348800
1989-06-22,0.2185925841331482,0.2185925841331482,0.2126041067343962,0.2185925841331482,892800
1989-06-23,0.2126041054725647,0.21859258283577435,0.2126041054725647,0.21859258283577435,268800
1989-06-26,0.20960983633995056,0.21859252725515047,0.20960983633995053,0.21260405141460598,4220800
1989-06-27,0.2126041054725647,0.2126041054725647,0.2066148970494316,0.2096098896365825,6492800
1989-06-28,0.20960983633995056,0.21260405141460598,0.2066148445143239,0.21260405141460598,2768000
1989-06-29,0.20960983633995056,0.21260405141460598,0.2066148445143239,0.20960983633995053,1171200
1989-06-30,0.20960983633995056,0.21260405141460598,0.2066148445143239,0.20960983633995053,2915200
1989-07-03,0.2126041054725647,0.2126041054725647,0.2096098896365825,0.2096098896365825,156800
1989-07-05,0.2185925841331482,0.2185925841331482,0.2066148982757164,0.2126041067343962,2454400
1989-07-06,0.23655946552753448,0.23655946552753448,0.215598333657019,0.21859257219283895,23907200
1989-07-07,0.2515313923358917,0.2545256309082496,0.23955370698656356,0.23955370698656356,31993600
1989-07-10,0.24853698909282684,0.2545254622698188,0.24853698909282684,0.2515312256813228,6470400
1989-07-11,0.2455429881811142,0.25153144370315894,0.24254799509160604,0.24853720451932335,8899200
1989-07-12,0.24254803359508514,0.2485372439735644,0.23655955427676806,0.24554302716003593,1904000
1989-07-13,0.24853698909282684,0.25752045276333385,0.2395535482679265,0.24254778485642248,12169600
1989-07-14,0.26350903511047363,0.26350903511047363,0.24853711360777778,0.24853711360777778,10848000
1989-07-17,0.2515313923358917,0.2635090776852199,0.24853715376353389,0.2635090776852199,3600000
1989-07-18,0.24853698909282684,0.2515312256813228,0.24254778485642248,0.2515312256813228,2777600
1989-07-19,0.2605147957801819,0.2605147957801819,0.2425479052147606,0.24853711242315946,5008000
1989-07-20,0.26350903511047363,0.27548671852458606,0.25752058177892484,0.2605147970218902,19900800
1989-07-21,0.2605147957801819,0.2694982639085105,0.2605147957801819,0.2635090338544937,2368000
1989-07-24,0.2515313923358917,0.26051483911286205,0.2515313923358917,0.26051483911286205,2108800
1989-07-25,0.2515313923358917,0.257520623386126,0.24554293803679783,0.2515313923358917,5491200
1989-07-26,0.25452566146850586,0.25452566146850586,0.25153142253663724,0.25153142253663724,1747200
1989-07-27,0.24853698909282684,0.2545254622698188,0.2395535482679265,0.2545254622698188,3766400
1989-07-28,0.2515313923358917,0.2545256309082496,0.23655946841420572,0.24853715376353389,5539200
1989-07-31,0.2455429881811142,0.25452568288699456,0.24554298818111417,0.25153144370315894,3990400
1989-08-01,0.24254803359508514,0.25153148363272293,0.24254803359508514,0.24554302716003593,5798400
1989-08-02,0.23356524109840393,0.24254793352415147,0.23057024876913337,0.24254793352415147,4588800
1989-08-03,0.26650330424308777,0.26650330424308777,0.23057024981503557,0.2335652421578919,12496000
1989-08-04,0.26350903511047363,0.2665032731990571,0.2605147970218902,0.2665032731990571,7020800
1989-08-07,0.26350903511047363,0.2665032731990571,0.25752058177892484,0.26350903511047363,20044800
1989-08-08,0.2724924087524414,0.2784808833542426,0.2605147284892526,0.2635089657901532,64179200
1989-08-09,0.2874644994735718,0.2964479478471276,0.2724925728909966,0.2724925728909966,19212800
1989-08-10,0.2874644994735718,0.29045873857808147,0.2844702603690621,0.2874644994735718,7305600
1989-08-11,0.2874644994735718,0.29045873857808147,0.28147604411017824,0.2874644994735718,7782400
1989-08-14,0.27848106622695923,0.2874645150884912,0.27548682695980403,0.2874645150884912,3488000
1989-08-15,0.27548664808273315,0.27848088540569105,0.26650320505426783,0.27848088540569105,4384000
1989-08-16,0.2724924087524414,0.275486646053342,0.2724924087524414,0.275486646053342,1427200
1989-08-17,0.27548664808273315,0.2814758766338529,0.2724924107597753,0.2724924107597753,3635200
1989-08-18,0.27548664808273315,0.27848088540569105,0.2724924107597753,0.27548664808273315,528000
1989-08-21,0.26949840784072876,0.2784811040154749,0.26949840784072876,0.2754868643420161,3280000
1989-08-22,0.26949840784072876,0.27249262466855734,0.2635091745880154,0.26949840784072876,4000000
1989-08-23,0.2724924087524414,0.2724924087524414,0.2665032030910538,0.2694981942971529,4288000
1989-08-24,0.29345372319221497,0.2994421783842723,0.2694983489214732,0.2724925650946893,10336000
1989-08-25,0.29644790291786194,0.3024363802192754,0.29345368711277764,0.29345368711277764,11619200
1989-08-28,0.2994421124458313,0.30243635080532844,0.29345365857245725,0.2964478740863342,2441600
1989-08-29,0.29045870900154114,0.2994421564603394,0.28746447020192584,0.2994421564603394,4364800
1989-08-30,0.26949840784072876,0.2874645540960168,0.2635091745880154,0.2874645540960168,7136000
1989-08-31,0.27848106622695923,0.2814760593998079,0.26949837127112075,0.26949837127112075,3507200
1989-09-01,0.2874644994735718,0.2874644994735718,0.2754868119955063,0.278481051100016,1120000
1989-09-05,0.2874644994735718,0.29045873857808147,0.2844702603690621,0.2874644994735718,268800
1989-09-06,0.2844701409339905,0.2844701409339905,0.27848093417951875,0.2844701409339905,928000
1989-09-07,0.27848106622695923,0.284470275821336,0.2724925876926489,0.284470275821336,1267200
1989-09-08,0.2724924087524414,0.2784808833542426,0.2694981942971529,0.2784808833542426,1849600
1989-09-11,0.2724924087524414,0.2784808833542426,0.2694981942971529,0.2724924087524414,643200
1989-09-12,0.2724924087524414,0.275486646053342,0.2694981942971529,0.2724924087524414,492800
1989-09-13,0.2724924087524414,0.275486646053342,0.2694981942971529,0.2724924087524414,2745600
1989-09-14,0.26650330424308777,0.2754867506150668,0.26350906580571604,0.27249251217769505,3484800
1989-09-15,0.2605147957801819,0.2665032719288055,0.2515313504974713,0.2665032719288055,5056000
1989-09-18,0.26650330424308777,0.26650330424308777,0.25752061177659336,0.2605148273683443,3708800
1989-09-19,0.26650330424308777,0.27249251217769505,0.2605148273683443,0.26650330424308777,53472000
1989-09-20,0.26350903511047363,0.2665032731990571,0.26350903511047363,0.2665032731990571,16912000
1989-09-21,0.28147608041763306,0.28147608041763306,0.26350915850735157,0.26350915850735157,16745600
1989-09-22,0.2844701409339905,0.2844701409339905,0.27548669633214284,0.28147592593223075,19443200
1989-09-25,0.2844701409339905,0.28746437878136644,0.28147592593223075,0.2844701409339905,4208000
1989-09-26,0.28147608041763306,0.28447029706273935,0.275486847530413,0.28447029706273935,4211200
1989-09-27,0.2724924087524414,0.2784808833542426,0.2665032030910538,0.2784808833542426,5968000
1989-09-28,0.27548664808273315,0.2814758766338529,0.2694981962824297,0.2724924107597753,4736000
1989-09-29,0.28147608041763306,0.28147608041763306,0.275486847530413,0.275486847530413,5408000
1989-10-02,0.2874644994735718,0.29045873857808147,0.2754868119955063,0.28147604411017824,3379200
1989-10-03,0.29644790291786194,0.29944214156856863,0.2904586945565326,0.2904586945565326,22505600
1989-10-04,0.29345372319221497,0.29644793936543107,0.29045873026774266,0.29644793936543107,6252800
1989-10-05,0.2844701409339905,0.29345360838145435,0.2844701409339905,0.29345360838145435,9427200
1989-10-06,0.30243638157844543,0.30243638157844543,0.2754867714811398,0.2844702185335481,13254400
1989-10-09,0.2994421124458313,0.30243635080532844,0.2964478740863342,0.30243635080532844,1734400
1989-10-10,0.29644790291786194,0.3024363802192754,0.2874644559058259,0.29944214156856863,3030400
1989-10-11,0.2874644994735718,0.2934537315882437,0.28147604411017824,0.2934537315882437,4006400
1989-10-12,0.28147608041763306,0.2874645365534745,0.27848108702114815,0.2874645365534745,2832000
1989-10-13,0.26650330424308777,0.2844701969870458,0.26350906580571604,0.28147598139529484,3472000
1989-10-16,0.26650330424308777,0.26650330424308777,0.23655945774964288,0.26650330424308777,10425600
1989-10-17,0.26650330424308777,0.27249251217769505,0.26350906580571604,0.26650330424308777,6486400
1989-10-18,0.2605147957801819,0.2694982639085105,0.2605147957801819,0.2665032719288055,1529600
1989-10-19,0.26350903511047363,0.27548671852458606,0.26350903511047363,0.26350903511047363,12288000
1989-10-20,0.2724924087524414,0.2724924087524414,0.2635089657901532,0.2635089657901532,1603200
1989-10-23,0.26949840784072876,0.27249262466855734,0.26650341426147417,0.27249262466855734,857600
1989-10-24,0.2605147957801819,0.2694982639085105,0.2575205805514881,0.2694982639085105,2976000
1989-10-25,0.25752049684524536,0.2635089482017234,0.2545255058390529,0.2605147111006791,8745600
1989-10-26,0.25452566146850586,0.26350910932409616,0.25452566146850586,0.25752065430598353,6633600
1989-10-27,0.25452566146850586,0.2605148703922276,0.25153142253663724,0.25452566146850586,4486400
1989-10-30,0.2515313923358917,0.2545256309082496,0.24554293803679783,0.2545256309082496,3811200
1989-10-31,0.2515313923358917,0.257520623386126,0.24853715376353389,0.2515313923358917,5116800
1989-11-01,0.2605147957801819,0.2694982639085105,0.2575205805514881,0.2575205805514881,2745600
1989-11-02,0.26650330424308777,0.2694982965859441,0.2605148273683443,0.2605148273683443,2198400
1989-11-03,0.26350903511047363,0.2665032731990571,0.2605147970218902,0.2665032731990571,787200
1989-11-06,0.25752049684524536,0.2665031853027676,0.25752049684524536,0.2635089482017234,2227200
1989-11-07,0.2605147957801819,0.2665032719288055,0.2605147957801819,0.2605147957801819,4928000
1989-11-08,0.2724924087524414,0.2724924087524414,0.2635089657901532,0.2635089657901532,7526400
1989-11-09,0.27548664808273315,0.27848088540569105,0.2694981962824297,0.2724924107597753,8611200
1989-11-10,0.27848106622695923,0.27848106622695923,0.2724925876926489,0.27548682695980403,4262400
1989-11-13,0.2724924087524414,0.2784808833542426,0.2724924087524414,0.2784808833542426,2819200
1989-11-14,0.27548664808273315,0.27848088540569105,0.2724924107597753,0.2724924107597753,3366400
1989-11-15,0.28147608041763306,0.28147608041763306,0.2694983913945716,0.275486847530413,11843200
1989-11-16,0.28147608041763306,0.28447029706273935,0.27848108702114815,0.28147608041763306,2553600
1989-11-17,0.2844701409339905,0.28746437878136644,0.28147592593223075,0.28147592593223075,6316800
1989-11-20,0.2844701409339905,0.28746437878136644,0.27848093417951875,0.2844701409339905,2476800
1989-11-21,0.28147608041763306,0.28447029706273935,0.27848108702114815,0.28447029706273935,809600
1989-11-22,0.28147608041763306,0.28447029706273935,0.275486847530413,0.28147608041763306,2329600
1989-11-24,0.2844701409339905,0.28746437878136644,0.28147592593223075,0.28147592593223075,556800
1989-11-27,0.2844701409339905,0.28746437878136644,0.2844701409339905,0.2844701409339905,1558400
1989-11-28,0.2874644994735718,0.29045873857808147,0.2844702603690621,0.2844702603690621,2742400
1989-11-29,0.2874644994735718,0.29045873857808147,0.2844702603690621,0.2874644994735718,6435200
1989-11-30,0.29045870900154114,0.29045870900154114,0.28447023140231054,0.28746447020192584,1846400
1989-12-01,0.29644790291786194,0.29644790291786194,0.28447021725511923,0.2904586945565326,20380800
1989-12-04,0.29345372319221497,0.2994421783842723,0.29345372319221497,0.29644793936543107,2457600
1989-12-05,0.29345372319221497,0.29644793936543107,0.2874644912489014,0.29345372319221497,5027200
1989-12-06,0.29045870900154114,0.2934537017067323,0.28447023140231054,0.2934537017067323,1625600
1989-12-07,0.2844701409339905,0.2904586166287424,0.27848093417951875,0.2904586166287424,3494400
1989-12-08,0.28147608041763306,0.28447029706273935,0.27848108702114815,0.28447029706273935,3968000
1989-12-11,0.27848106622695923,0.2814760593998079,0.27548682695980403,0.2814760593998079,1808000
1989-12-12,0.28147608041763306,0.28147608041763306,0.27848108702114815,0.27848108702114815,960000
1989-12-13,0.28147608041763306,0.28147608041763306,0.27848108702114815,0.28147608041763306,1475200
1989-12-14,0.27548664808273315,0.2814758766338529,0.2724924107597753,0.2814758766338529,6496000
1989-12-15,0.27548664808273315,0.27848088540569105,0.2694981962824297,0.27548664808273315,3795200
1989-12-18,0.2515313923358917,0.26949830873545416,0.24853715376353389,0.26949830873545416,4009600
1989-12-19,0.2605147957801819,0.2635090338544937,0.236559429066137,0.2515313504974713,7475200
1989-12-20,0.25752049684524536,0.2665031853027676,0.25752049684524536,0.2605147111006791,12086400
1989-12-21,0.25452566146850586,0.2605148703922276,0.25153142253663724,0.25752065430598353,6336000
1989-12-22,0.26350903511047363,0.26350903511047363,0.2515313516963612,0.25452558978494466,4550400
1989-12-26,0.26650330424308777,0.26650330424308777,0.2605148273683443,0.26350906580571604,240000
1989-12-27,0.28147608041763306,0.28147608041763306,0.2665033979980867,0.2665033979980867,3724800
1989-12-28,0.27548664808273315,0.2814758766338529,0.27548664808273315,0.2814758766338529,3612800
1989-12-29,0.29045870900154114,0.2964479176607241,0.2784810227431276,0.2784810227431276,3164800
1990-01-02,0.29345372319221497,0.29345372319221497,0.2874644912489014,0.29045873026774266,2307200
1990-01-03,0.2874644994735718,0.2964479478471276,0.2844702603690621,0.2934537315882437,4316800
1990-01-04,0.2844701409339905,0.2904586166287424,0.27848093417951875,0.28746437878136644,1286400
1990-01-05,0.2724924087524414,0.2844700890156302,0.2694981942971529,0.2844700890156302,1171200
1990-01-08,0.26650330424308777,0.2754867506150668,0.26350906580571604,0.27249251217769505,1504000
1990-01-09,0.2605147957801819,0.2694982639085105,0.2605147957801819,0.2665032719288055,3404800
1990-01-10,0.26350903511047363,0.26350903511047363,0.25752058177892484,0.2605147970218902,1142400
1990-01-11,0.25752049684524536,0.2635089482017234,0.2545255058390529,0.2635089482017234,1328000
1990-01-12,0.24853698909282684,0.2545254622698188,0.24254778485642248,0.2545254622698188,6272000
1990-01-15,0.25452566146850586,0.25752065430598353,0.2425479746810469,0.24853718360476867,10822400
1990-01-16,0.25752049684524536,0.25752049684524536,0.24254782637533825,0.2545255058390529,6396800
1990-01-17,0.25752049684524536,0.2605147111006791,0.2545255058390529,0.25752049684524536,3568000
1990-01-18,0.2515313923358917,0.2545256309082496,0.24554293803679783,0.2545256309082496,8252800
1990-01-19,0.2515313923358917,0.2515313923358917,0.24554293803679783,0.2515313923358917,1283200
1990-01-22,0.23955366015434265,0.2515313431620598,0.23356520702597833,0.2515313431620598,4169600
1990-01-23,0.22757600247859955,0.24254792513986437,0.2185925564579065,0.23955368681957845,13718400
1990-01-24,0.23356524109840393,0.23356524109840393,0.20960987158836775,0.22757601034534397,15958400
1990-01-25,0.23655946552753448,0.2425479425991744,0.23356524983733604,0.23356524983733604,8422400
1990-01-26,0.22158761322498322,0.2395537565938731,0.21859262012689715,0.23655951740146172,5100800
1990-01-29,0.20661494135856628,0.2245818394210922,0.20062646271111115,0.22158762294299214,6060800
1990-01-30,0.1946372091770172,0.20960988739003755,0.18864874330080172,0.20661489483498618,11376000
1990-01-31,0.22158761322498322,0.22158761322498322,0.19164300527509848,0.19463724446750985,15990400
1990-02-01,0.21559834480285645,0.22158757608963242,0.2096098902672515,0.22158757608963242,6451200
1990-02-02,0.22158761322498322,0.2245818295717681,0.21260414174207443,0.2155983809344858,8352000
1990-02-05,0.23356524109840393,0.2395536951003621,0.21859256401411525,0.22158755634338584,3712000
1990-02-06,0.23955366015434265,0.24853710517506897,0.23655942216735182,0.23655942216735182,5996800
1990-02-07,0.23655946552753448,0.2425479425991744,0.23057025739600667,0.23955370406335444,1862400
1990-02-08,0.2305702269077301,0.23655943424730566,0.22458175062794575,0.23655943424730566,3856000
1990-02-09,0.23655946552753448,0.23655946552753448,0.22757601886018672,0.23057025739600667,5254400
1990-02-12,0.23955366015434265,0.23955366015434265,0.23655942216735182,0.23655942216735182,4259200
1990-02-13,0.24254803359508514,0.24554302716003593,0.23655955427676806,0.2395537939359266,5542400
1990-02-14,0.23955366015434265,0.24254789814133346,0.23655942216735182,0.24254789814133346,2390400
1990-02-15,0.24254803359508514,0.24254803359508514,0.23655955427676806,0.2395537939359266,2368000
1990-02-16,0.24254803359508514,0.24554302716003593,0.2395537939359266,0.24254803359508514,3107200
1990-02-20,0.23955366015434265,0.24254789814133346,0.23655942216735182,0.24254789814133346,8009600
1990-02-21,0.23955366015434265,0.23955366015434265,0.2305702151336163,0.23955366015434265,3232000
1990-02-22,0.2515313923358917,0.2515313923358917,0.23955370698656356,0.23955370698656356,19961600
1990-02-23,0.2515313923358917,0.2515313923358917,0.24554293803679783,0.2515313923358917,2451200
1990-02-26,0.24853698909282684,0.2545254622698188,0.24554277534993751,0.2515312256813228,8694400
1990-02-27,0.23356524109840393,0.2545256182791696,0.22757601034534397,0.2485371414315908,44582400
1990-02-28,0.224581778049469,0.23655946313130893,0.224581778049469,0.23356524747144033,30070400
1990-03-01,0.2185925841331482,0.224581792591828,0.2155983454337722,0.224581792591828,23104000
1990-03-02,0.22158761322498322,0.22158761322498322,0.2155983809344858,0.21859262012689715,36582400
1990-03-05,0.22158761322498322,0.22158761322498322,0.2155983809344858,0.22158761322498322,8736000
1990-03-06,0.2185925841331482,0.22158757673807475,0.2155983454337722,0.22158757673807475,11852800
1990-03-07,0.23356524109840393,0.23356524109840393,0.21559832559032588,0.21859256401411525,9635200
1990-03-08,0.23955366015434265,0.23955366015434265,0.23356520702597833,0.23356520702597833,5564800
1990-03-09,0.23955366015434265,0.24554289003369545,0.23655942216735182,0.23955366015434265,4019200
1990-03-12,0.23655946552753448,0.2425479425991744,0.23655946552753448,0.23955370406335444,243200
1990-03-13,0.23655946552753448,0.2425479425991744,0.23356524983733604,0.23655946552753448,7958400
1990-03-14,0.2305702269077301,0.23655943424730566,0.22458175062794575,0.23655943424730566,2371200
1990-03-15,0.224581778049469,0.2305702550604487,0.224581778049469,0.2305702550604487,3836800
1990-03-16,0.23356524109840393,0.23356524109840393,0.22757601034534397,0.22757601034534397,1494400
1990-03-19,0.22757600247859955,0.23057024079888544,0.22158754868364755,0.23057024079888544,1334400
1990-03-20,0.224581778049469,0.22757601655495885,0.21859256997860876,0.22757601655495885,3267200
1990-03-21,0.22757600247859955,0.22757600247859952,0.22158754868364755,0.22458176415831363,2790400
1990-03-22,0.2185925841331482,0.23057026999057997,0.2185925841331482,0.227576031291204,23584000
1990-03-23,0.22757600247859955,0.22757600247859952,0.22158754868364755,0.22158754868364755,3872000
1990-03-26,0.224581778049469,0.22757601655495885,0.224581778049469,0.22757601655495885,412800
1990-03-27,0.23655946552753448,0.23655946552753448,0.22458178032436676,0.22458178032436676,3913600
1990-03-28,0.2305702269077301,0.23655943424730566,0.2305702269077301,0.23655943424730566,1561600
1990-03-29,0.23356524109840393,0.2365594566765727,0.23356524109840393,0.2365594566765727,537600
1990-03-30,0.23356524109840393,0.2365594566765727,0.23057024876913337,0.2365594566765727,1756800
1990-04-02,0.23655946552753448,0.23655946552753448,0.22458178032436676,0.23057025739600667,2451200
1990-04-03,0.23955366015434265,0.24554289003369545,0.23356520702597833,0.23955366015434265,2812800
1990-04-04,0.23955366015434265,0.24554289003369545,0.23655942216735182,0.24254789814133346,4003200
1990-04-05,0.2455429881811142,0.24853720451932335,0.24254799509160604,0.24254799509160604,3961600
1990-04-06,0.24853698909282684,0.2515312256813228,0.24554277534993751,0.24853698909282684,1273600
1990-04-09,0.24254803359508514,0.25153148363272293,0.24254803359508514,0.2485372439735644,2873600
1990-04-10,0.23655946552753448,0.24554293504050376,0.23655946552753448,0.2425479425991744,2118400
1990-04-11,0.24254803359508514,0.24554302716003593,0.2395537939359266,0.24254803359508514,3440000
1990-04-12,0.2515313923358917,0.2515313923358917,0.2425479455589214,0.24554293803679783,3254400
1990-04-16,0.24853698909282684,0.2545254622698188,0.24554277534993751,0.2515312256813228,4595200
1990-04-17,0.24853698909282684,0.2545254622698188,0.24853698909282684,0.24853698909282684,7257600
1990-04-18,0.2455429881811142,0.25153144370315894,0.24554298818111417,0.24853720451932335,2291200
1990-04-19,0.2455429881811142,0.24554298818111417,0.24254799509160604,0.24554298818111417,896000
1990-04-20,0.24254803359508514,0.24554302716003593,0.2395537939359266,0.24254803359508514,1168000
1990-04-23,0.23955366015434265,0.23955366015434265,0.23356520702597833,0.23655942216735182,998400
1990-04-24,0.23655946552753448,0.2425479425991744,0.23655946552753448,0.23955370406335444,700800
1990-04-25,0.24254803359508514,0.24254803359508514,0.2395537939359266,0.2395537939359266,758400
1990-04-26,0.2455429881811142,0.24853720451932335,0.24254799509160604,0.24254799509160604,1228800
1990-04-27,0.23955366015434265,0.24554289003369545,0.23955366015434265,0.24254789814133346,1888000
1990-04-30,0.25752049684524536,0.2635089482017234,0.24554281738153066,0.2485370316369644,12281600
1990-05-01,0.26949840784072876,0.27249262466855734,0.26051493491455663,0.26051493491455663,11120000
1990-05-02,0.28147608041763306,0.28147608041763306,0.2665033979980867,0.2694983913945716,3782400
1990-05-03,0.27548664808273315,0.2844700911111985,0.27548664808273315,0.2844700911111985,5475200
1990-05-04,0.2874644994735718,0.2934537315882437,0.28147604411017824,0.28147604411017824,11257600
1990-05-07,0.3054313659667969,0.3084255817051337,0.2934536805710625,0.29644789630939933,37350400
1990-05-08,0.31441405415534973,0.31740904659989083,0.3024363689393375,0.30842557707728796,15411200
1990-05-09,0.3084254860877991,0.3174089529601636,0.3024362797167416,0.3114197237434913,12224000
1990-05-10,0.3054313659667969,0.3114198202890923,0.3054313659667969,0.3084255817051337,11753600
1990-05-11,0.3084254860877991,0.31441396139918354,0.3084254860877991,0.3084254860877991,10361600
1990-05-14,0.31441405415534973,0.31441405415534973,0.30842557707728796,0.30842557707728796,5904000
1990-05-15,0.31441405415534973,0.31441405415534973,0.30842557707728796,0.31441405415534973,7558400
1990-05-16,0.32040315866470337,0.3293866252817667,0.31141971489325415,0.3144139524638531,9673600
1990-05-17,0.32339757680892944,0.32639181605140444,0.3204033375664545,0.32639181605140444,12099200
1990-05-18,0.32040315866470337,0.32639163380590136,0.32040315866470337,0.32040315866470337,11516800
1990-05-21,0.3293866813182831,0.3293866813182831,0.3204032131729179,0.3204032131729179,8473600
1990-05-22,0.3443585932254791,0.3443585932254791,0.3323809093833738,0.33537514757894893,29398400
1990-05-23,0.3503470718860626,0.3503470718860626,0.33836938796636984,0.344358595456121,21696000
1990-05-24,0.3563362956047058,0.35933053395604553,0.347352849490844,0.347352849490844,11273600
1990-05-25,0.3503470718860626,0.3563362793758138,0.3503470718860626,0.35334206400646206,13379200
1990-05-29,0.3563362956047058,0.3563362956047058,0.34435861113950433,0.347352849490844,8790400
1990-05-30,0.3593306243419647,0.3623248634464744,0.3533421689785712,0.3533421689785712,11872000
1990-05-31,0.3623248040676117,0.3713082509689336,0.3563363268400017,0.3563363268400017,10528000
1990-06-01,0.3593306243419647,0.3683140727155205,0.3593306243419647,0.36531985645663667,14604800
1990-06-04,0.3653198778629303,0.36831409429726336,0.35933064539731313,0.3653198778629303,8803200
1990-06-05,0.3802917003631592,0.3802917003631592,0.36531979898170497,0.37130825340294865,17158400
1990-06-06,0.3683139681816101,0.3802916522602005,0.3683139681816101,0.3802916522602005,12720000
1990-06-07,0.3563362956047058,0.37430245677258667,0.35334208009898627,0.36831398006990734,9024000
1990-06-08,0.3383692800998688,0.3563361657817683,0.3383692800998688,0.3533419513669223,11971200
1990-06-11,0.3383692800998688,0.3443584856803608,0.335375042839411,0.3383692800998688,4179200
1990-06-12,0.3533420264720917,0.3533420264720917,0.33537511412559506,0.34435855887603506,4617600
1990-06-13,0.3713083565235138,0.37729758935925645,0.3533422115190297,0.3533422115190297,11865600
1990-06-14,0.3683139681816101,0.37430244469099566,0.36232476061240526,0.37430244469099566,3059200
1990-06-15,0.3653198778629303,0.36831409429726336,0.35933064539731313,0.36232488467727336,3216000
1990-06-18,0.3563362956047058,0.3653197645641878,0.3563362956047058,0.35933053395604553,3872000
1990-06-19,0.3713083565235138,0.3713083565235138,0.3533422115190297,0.35933066760340043,4499200
1990-06-20,0.3772975206375122,0.3832859756311334,0.3713082888926605,0.3713082888926605,12121600
1990-06-21,0.3802917003631592,0.3802917003631592,0.36531979898170497,0.3802917003631592,12384000
1990-06-22,0.3922693133354187,0.4042469967116164,0.380291629959221,0.3832858680383263,22441600
1990-06-25,0.40724122524261475,0.41323043232017986,0.3892750661294378,0.3952635421472437,18537600
1990-06-26,0.3982577621936798,0.410235444748826,0.3922692864459698,0.410235444748826,11984000
1990-06-27,0.38927513360977173,0.3982578491936225,0.3772974712837061,0.3952636106656722,4652800
1990-06-28,0.401252806186676,0.401252806186676,0.3862801518971241,0.3862801518971241,6742400
1990-06-29,0.4132305085659027,0.4132305085659027,0.4042470618218867,0.4072413003832606,2352000
1990-07-02,0.41023555397987366,0.4162247623820218,0.4012528379665329,0.40724131530876007,3568000
1990-07-03,0.41921886801719666,0.41921886801719666,0.4072411860738482,0.41323039257536687,3494400
1990-07-05,0.41921886801719666,0.42520807451871534,0.4102354237947631,0.41921886801719666,3728000
1990-07-06,0.41921886801719666,0.42221310573811155,0.41622463029628176,0.42221310573811155,1948800
1990-07-09,0.41023555397987366,0.42221323972424896,0.40724131530876007,0.42221323972424896,1372800
1990-07-10,0.3982577621936798,0.41622465155626226,0.3952635243198248,0.410235444748826,3488000
1990-07-11,0.41921886801719666,0.41921886801719666,0.3892750286886699,0.3952635041304997,7532800
1990-07-12,0.4521579444408417,0.45814642343628775,0.4162248772877971,0.42221335628324314,10278400
1990-07-13,0.4611411988735199,0.4821015975488241,0.4581462295829221,0.4581462295829221,15769600
1990-07-16,0.4641355574131012,0.4671297964200237,0.4611413184061787,0.46413555741310125,5536000
1990-07-17,0.449163556098938,0.46712971819175764,0.4461685865335676,0.4641354796862678,3900800
1990-07-18,0.4371858239173889,0.452157745891736,0.4341908546746781,0.44616853846611615,3363200
1990-07-19,0.4132305085659027,0.4311966709940407,0.4042470618218867,0.4311966709940407,9750400
1990-07-20,0.41921886801719666,0.42820231223963023,0.41323039257536687,0.41622463029628176,7068800
1990-07-23,0.4042470157146454,0.4132304614340357,0.3892750935555354,0.4102354921543651,5977600
1990-07-24,0.44018006324768066,0.44018006324768066,0.4012527735889888,0.40424701177970274,12300800
1990-07-25,0.4521579444408417,0.45814642343628775,0.44317449488754984,0.4461687343852729,11206400
1990-07-26,0.4521579444408417,0.4551521839385647,0.4461687343852729,0.4551521839385647,1513600
1990-07-27,0.4431743919849396,0.45215783945232524,0.4431743919849396,0.45215783945232524,4284800
1990-07-30,0.4521579444408417,0.45814642343628775,0.44317449488754984,0.44317449488754984,2748800
1990-07-31,0.4551520049571991,0.46114121265760616,0.45515200495719904,0.45515200495719904,7145600
1990-08-01,0.44018006324768066,0.4581462234517678,0.4341908558064492,0.4581462234517678,4547200
1990-08-02,0.4252082109451294,0.4341909269899439,0.4192190025219963,0.4341909269899439,3625600
1990-08-03,0.3922693133354187,0.4192189181669194,0.3533420479733383,0.4192189181669194,16796800
1990-08-06,0.3832859992980957,0.3892752085671418,0.3683140727155205,0.3892752085671418,6483200
1990-08-07,0.4162246286869049,0.4192188663962423,0.3892750271834966,0.4192188663962423,15225600
1990-08-08,0.3982577621936798,0.4222131273039722,0.38927504857211487,0.41921888943011726,35004800
1990-08-09,0.4252082109451294,0.4252082109451294,0.39825786963091564,0.40125283937244394,6044800
1990-08-10,0.41921886801719666,0.42520807451871534,0.41323039257536687,0.41921886801719666,2441600
1990-08-13,0.4431743919849396,0.44616863078741714,0.41622478064273555,0.41622478064273555,5820800
1990-08-14,0.41921886801719666,0.4461684696248085,0.41921886801719666,0.4431742319038936,5923200
1990-08-15,0.4252082109451294,0.4341909269899439,0.4222132412036011,0.42820244962673426,3062400
1990-08-16,0.4222131371498108,0.42820234409691293,0.4192188992061314,0.4192188992061314,4448000
1990-08-17,0.4252082109451294,0.4252082109451294,0.4162247638403915,0.4162247638403915,3884800
1990-08-20,0.4042470157146454,0.42221317609361525,0.3862801242758648,0.4192189378737554,7104000
1990-08-21,0.38628020882606506,0.4012528653222469,0.37729751504594494,0.3982578953870281,5289600
1990-08-22,0.38927513360977173,0.40125281878145874,0.3832859254939852,0.40125281878145874,5302400
1990-08-23,0.3593306243419647,0.37729754393470216,0.3533421689785712,0.37729754393470216,12377600
1990-08-24,0.3832859992980957,0.3892752085671418,0.3533421689785712,0.3623248634464744,10800000
1990-08-27,0.41041526198387146,0.41041526198387146,0.3954367789592454,0.3954367789592454,9705600
1990-08-28,0.41640710830688477,0.41940265873854005,0.39543679252490915,0.40741972563172457,10284800
1990-08-29,0.41041526198387146,0.4164070940218235,0.40442416132608877,0.4164070940218235,1324800
1990-08-30,0.40741974115371704,0.4164071241712811,0.4014286400621559,0.4104152916994976,2374400
1990-08-31,0.41041526198387146,0.41041526198387146,0.40142861099719745,0.41041526198387146,3004800
1990-09-04,0.41041526198387146,0.4164070940218235,0.40442416132608877,0.40442416132608877,6467200
1990-09-05,0.4223981201648712,0.4283899511458117,0.4104151895830306,0.41940257036442113,7731200
1990-09-06,0.39543676376342773,0.4253944600416369,0.39543676376342773,0.41940262823393853,5926400
1990-09-07,0.4044240713119507,0.4134114516784401,0.3894455916211394,0.3984322406076222,5088000
1990-09-10,0.4373774230480194,0.440372973472546,0.41940265774047414,0.41940265774047414,19516800
1990-09-11,0.4283900856971741,0.4433685707839984,0.4223982528342823,0.43438118717979574,10185600
1990-09-12,0.4313856065273285,0.43737743897476217,0.4283900559937213,0.4283900559937213,12028800
1990-09-13,0.4194025993347168,0.4373773621391073,0.4194025993347168,0.4373773621391073,2268800
1990-09-14,0.4403728246688843,0.4433683740812033,0.41640696661044085,0.42239806543507885,7664000
1990-09-17,0.4373774230480194,0.44636407432159925,0.4373774230480194,0.4373774230480194,3072000
1990-09-18,0.44636398553848267,0.44636398553848267,0.43138550501492084,0.43138550501492084,11030400
1990-09-19,0.4433685839176178,0.4493604169580018,0.4403730330875717,0.4403730330875717,8956800
1990-09-20,0.43438106775283813,0.4463639988038135,0.4313855178351116,0.44037289896836035,5081600
1990-09-21,0.4313856065273285,0.44037298950836934,0.4283900559937213,0.43737743897476217,1337600
1990-09-24,0.4253944456577301,0.43438109599519914,0.4223981641651239,0.43138554588270944,5612800
1990-09-25,0.4433685839176178,0.4433685839176178,0.4313856492171416,0.4313856492171416,4713600
1990-09-26,0.4194025993347168,0.44336846215384346,0.41341149931998056,0.44336846215384346,12672000
1990-09-27,0.3804583251476288,0.4253945090520441,0.34450952430014165,0.4253945090520441,24771200
1990-09-28,0.38644951581954956,0.3984324522122518,0.3654799485232542,0.37446657942684725,6070400
1990-10-01,0.41041526198387146,0.41041526198387146,0.40142861099719745,0.40142861099719745,10131200
1990-10-02,0.40741974115371704,0.41940267471706166,0.4014286400621559,0.40741974115371704,6128000
1990-10-03,0.40741974115371704,0.4104152916994976,0.39843235813615296,0.39843235813615296,2844800
1990-10-04,0.39244115352630615,0.4074196336844018,0.39244115352630615,0.4044240839287886,4147200
1990-10-05,0.3714710474014282,0.3924413700191977,0.3714710474014282,0.3924413700191977,3353600
1990-10-08,0.3624834716320038,0.3804582334117978,0.3505005409054909,0.3804582334117978,9324800
1990-10-09,0.3624834716320038,0.38644933308502966,0.3505005409054909,0.3564923719587719,777600
1990-10-10,0.35649242997169495,0.3654798351797619,0.35349690250323573,0.35948798029578444,18979200
1990-10-11,0.33851751685142517,0.35649227367567043,0.31455166200566326,0.35649227367567043,17308800
1990-10-12,0.3355220854282379,0.3415139397851366,0.3265347038663841,0.3415139397851366,16902400
1990-10-15,0.36547988653182983,0.36547988653182983,0.33552216208556407,0.338517712830546,3820800
1990-10-16,0.35050052404403687,0.35948790450157986,0.34450942465901757,0.3564923548090702,5616000
1990-10-17,0.35948798060417175,0.3714709132909775,0.3445094975907068,0.3445094975907068,4307200
1990-10-18,0.3894457519054413,0.3894457519054413,0.3564924979190708,0.3594880488141115,6374400
1990-10-19,0.38644951581954956,0.395436900959175,0.3774628849159565,0.395436900959175,4073600
1990-10-22,0.41041526198387146,0.42239819467960615,0.3834538462635107,0.3834538462635107,4099200
1990-10-23,0.41341152787208557,0.41640707808634014,0.4014285956349257,0.4044241458491803,4224000
1990-10-24,0.4194025993347168,0.4223981493420849,0.40741966792515344,0.41041521793252156,2451200
1990-10-25,0.4044240713119507,0.4223981006649229,0.4044240713119507,0.41640700134060105,6803200
1990-10-26,0.4044240713119507,0.4074196209741116,0.3984322406076222,0.4074196209741116,6147200
1990-10-29,0.3804583251476288,0.4134115754362151,0.37746279744435995,0.41041529349708866,5222400
1990-10-30,0.40741974115371704,0.4104152916994976,0.38045832348124725,0.3834538740270278,11059200
1990-10-31,0.4223981201648712,0.4403728817276523,0.4164070205639711,0.41940257036442113,28723200
1990-11-01,0.4313856065273285,0.4343811570609356,0.41940267301268047,0.42539450546011415,16940800
1990-11-02,0.4313856065273285,0.44037298950836934,0.41940267301268047,0.4343811570609356,9625600
1990-11-05,0.4373774230480194,0.440372973472546,0.4253944899697201,0.4373774230480194,6752000
1990-11-06,0.41640710830688477,0.44936035719567585,0.4104152760633798,0.44936035719567585,10131200
1990-11-07,0.41341152787208557,0.4223981785148494,0.4074196960634349,0.41640707808634014,7561600
1990-11-08,0.41341152787208557,0.4223981785148494,0.4074196960634349,0.41041524627768955,5804800
1990-11-09,0.41341152787208557,0.41940262830059477,0.41041524627768955,0.41940262830059477,5801600
1990-11-12,0.45535150170326233,0.4583470524220334,0.4164071482184442,0.4164071482184442,11334400
1990-11-13,0.4583469331264496,0.4583469331264496,0.4433684520508319,0.45235583324823225,9219200
1990-11-14,0.4583469331264496,0.4643387643847412,0.44936028330912353,0.45235583324823225,8192000
1990-11-15,0.47332626581192017,0.482312917911949,0.45235594815133284,0.4553514988513424,11971200
1990-11-16,0.45535150170326233,0.4763218194951892,0.4523559509844912,0.4763218194951892,5091200
1990-11-19,0.46433892846107483,0.4673344794586755,0.4463641597148056,0.4613433774634742,9174400
1990-11-20,0.4493604004383087,0.47332626895821145,0.4493604004383087,0.4673344361381033,2345600
1990-11-21,0.45535150170326233,0.4583470524220334,0.4463641181666844,0.45535150170326233,4172800
1990-11-23,0.44636398553848267,0.4553513664046387,0.4433684357097798,0.4493602667472329,1555200
1990-11-26,0.4523559510707855,0.45535150179012807,0.44037301681315055,0.4433685675324931,2576000
1990-11-27,0.4823126196861267,0.4823126196861267,0.4583467661442097,0.46433859521959286,8048000
1990-11-28,0.4793172776699066,0.4972920412725898,0.4793172776699066,0.4883046594712482,13843200
1990-11-29,0.4823126196861267,0.4823126196861267,0.46733414406738055,0.47632152199055133,4825600
1990-11-30,0.4853092133998871,0.4853092133998871,0.47332627888853535,0.482312931236839,5152000
1990-12-03,0.4793172776699066,0.4883046594712482,0.4673343457281589,0.4853091093308421,9571200
1990-12-04,0.512270450592041,0.5152660003069603,0.47332611015803144,0.47332611015803144,46230400
1990-12-05,0.5392321348190308,0.5512150711483426,0.5182618133976373,0.5182618133976373,51196800
1990-12-06,0.533240795135498,0.5512148259436268,0.5242534140414007,0.5482192760389497,34012800
1990-12-07,0.533240795135498,0.5392318949448524,0.5272489639460778,0.533240795135498,12649600
1990-12-10,0.5182618498802185,0.5332410698816005,0.5182618498802185,0.5272492356049592,4051200
1990-12-11,0.5092747807502747,0.5242532571717938,0.5092747807502747,0.5122703297586091,10848000
1990-12-12,0.5212578177452087,0.5212578177452087,0.5032830571567529,0.5122704374509808,3964800
1990-12-13,0.5212578177452087,0.5332407476775124,0.5182615367271323,0.5212578177452087,11683200
1990-12-14,0.5242535471916199,0.5242535471916199,0.5182617144803906,0.5242535471916199,2688000
1990-12-17,0.5212578177452087,0.5242533673832844,0.5152659870890566,0.5182615367271323,22243200
1990-12-18,0.533240795135498,0.533240795135498,0.509274933137949,0.5182615828519805,6275200
1990-12-19,0.5482192635536194,0.5631977441159461,0.5362363328277482,0.5452237137171639,28041600
1990-12-20,0.5482192635536194,0.5542103632265304,0.5392318826642037,0.5452237137171639,4508800
1990-12-21,0.5482192635536194,0.5512148133900749,0.5452237137171639,0.5482192635536194,4812800
1990-12-24,0.5452237725257874,0.5482193226853472,0.5452237725257874,0.5482193226853472,1532800
1990-12-26,0.5482192635536194,0.5512148133900749,0.5452237137171639,0.5482192635536194,4345600
1990-12-27,0.5542104244232178,0.5751807383540759,0.5452237739215328,0.5512148742559895,10928000
1990-12-28,0.551214873790741,0.5572067055002702,0.548219323626041,0.554210423955441,32262400
1990-12-31,0.557206928730011,0.557206928730011,0.5512150946200169,0.5542106459848029,6764800
1991-01-02,0.5482192635536194,0.5751806748418173,0.5482192635536194,0.5572066444430351,13142400
1991-01-03,0.512270450592041,0.5572066218359087,0.5032830700672636,0.5482192413111312,17644800
1991-01-04,0.5092747807502747,0.5152658787669435,0.48830447493223966,0.5092747807502747,12537600
1991-01-07,0.4883045256137848,0.5152659322468363,0.48530897629453973,0.49729190495144293,9670400
1991-01-08,0.5092747807502747,0.5092747807502747,0.48830447493223966,0.4942955729489085,15081600
1991-01-09,0.4942958652973175,0.524253567238511,0.4883047637372465,0.5122706327380895,9872000
1991-01-10,0.5062788724899292,0.5092751550804544,0.4793174488378938,0.5002877700696478,15174400
1991-01-11,0.512270450592041,0.5212578311168184,0.5062786197821829,0.5062786197821829,11033600
1991-01-14,0.5212578177452087,0.5242533673832844,0.5062786067948286,0.5062786067948286,7523200
1991-01-15,0.5362364649772644,0.5422275661266157,0.5182616987687516,0.5212579807236567,12646400
1991-01-16,0.551214873790741,0.551214873790741,0.5302445598775827,0.5362363915871119,11081600
1991-01-17,0.5661935210227966,0.5751809055165787,0.5602024189471702,0.5602024189471702,13404800
1991-01-18,0.5781764984130859,0.5781764984130859,0.5631980107592681,0.5691898446490324,22672000
1991-01-21,0.5871637463569641,0.5931555788466373,0.5691897116483938,0.5691897116483938,11193600
1991-01-22,0.5901591181755066,0.5961509488504878,0.5871635685280174,0.5931553992029988,16240000
1991-01-23,0.5991467237472534,0.6021422745209202,0.5871637892723084,0.5871637892723084,6851200
1991-01-24,0.6081339120864868,0.6171212929005835,0.6021420810837413,0.6081339120864868,3948800
1991-01-25,0.6111298203468323,0.6261083095690386,0.6051387172101386,0.6081342687784854,4134400
1991-01-28,0.6410872936248779,0.6800316437852111,0.6111295948537125,0.6171214271600265,15292800
1991-01-29,0.6710441708564758,0.6890189339801833,0.6560656891734554,0.6560656891734554,32995200
1991-01-30,0.6890191435813904,0.6890191435813904,0.6710443749897168,0.6710443749897168,18060800
1991-01-31,0.6590611934661865,0.6920144359845091,0.6590611934661865,0.6890188861319488,20048000
1991-02-01,0.6890191435813904,0.6950102455250639,0.6620569906938801,0.6620569906938801,7180800
1991-02-04,0.7069929242134094,0.7129847553628756,0.6920144434098355,0.6920144434098355,10147200
1991-02-05,0.703997790813446,0.712985177164548,0.703997790813446,0.7099888941271849,14697600
1991-02-06,0.703997790813446,0.703997790813446,0.6770363631406336,0.6980059561192135,14169600
1991-02-07,0.6590611934661865,0.7039973667748034,0.6470782626758922,0.6980055356896296,12352000
1991-02-08,0.6560655236244202,0.6680484522231314,0.6500736936351049,0.6620566222338161,12662400
1991-02-11,0.6950100660324097,0.6950100660324097,0.6560657193152831,0.6620568197117007,14851200
1991-02-12,0.7908735275268555,0.7998609095483323,0.7039974516662892,0.7129848336877661,30556800
1991-02-13,0.7878779172897339,0.7908734672753008,0.7639120546450279,0.7758949859673809,21628800
1991-02-14,0.7938688397407532,0.8118435983949195,0.7848821917935921,0.7878777411093124,14896000
1991-02-15,0.7788907289505005,0.8058521482614126,0.7669077946589543,0.799861046805773,20006400
1991-02-19,0.7609166502952576,0.7788906850288884,0.7579203683561312,0.7788906850288884,13740800
1991-02-20,0.7279630899429321,0.7639118754786335,0.7189757107140282,0.7609163261956369,23052800
1991-02-21,0.7249677181243896,0.7369506495695854,0.7159803366954696,0.730958818156941,21635200
1991-02-22,0.7519292235374451,0.7609166060720415,0.7249678073138391,0.730958908083448,12844800
1991-02-25,0.7788907289505005,0.7848825617864069,0.7549248603674081,0.7549248603674081,19219200
1991-02-26,0.7429420948028564,0.7728998030254461,0.7369509919865982,0.766907968828755,6000000
1991-02-27,0.7609166502952576,0.7669077514130593,0.7249678494477705,0.745937434740302,11382400
1991-02-28,0.7219712138175964,0.7549244479625142,0.7039971878893749,0.7549244479625142,28579200
1991-03-01,0.7189759612083435,0.72796334356849,0.7129848605550251,0.7249677932418308,12457600
1991-03-04,0.7399462461471558,0.7399462461471558,0.7099885499590246,0.7249677637431597,20985600
1991-03-05,0.7699033617973328,0.7728996439692855,0.7369508403283951,0.7399463911200653,27878400
1991-03-06,0.7818859815597534,0.7938689112824315,0.7728993328027357,0.7848822625254139,28508800
1991-03-07,0.7579202651977539,0.7878779608499823,0.7579202651977539,0.7818861291674862,5523200
1991-03-08,0.748933732509613,0.7639122170009427,0.7459374505071543,0.7639122170009427,2428800
1991-03-11,0.7219712138175964,0.7459370693084699,0.718975664726204,0.7429415202170775,8115200
1991-03-12,0.7429420948028564,0.7549250318158057,0.7159806693688288,0.7189762207769578,95628800
1991-03-13,0.7818859815597534,0.790873361696759,0.7429416428060464,0.7429416428060464,40502400
1991-03-14,0.7848823070526123,0.8088481678575772,0.7758949264057432,0.7878778568082255,18483200
1991-03-15,0.7818859815597534,0.7848822625254139,0.7758948823884083,0.7788904319740808,7852800
1991-03-18,0.8358099460601807,0.8388054971334264,0.7758952676935073,0.7758952676935073,18604800
1991-03-19,0.8657665252685547,0.880745736573699,0.8178348044041363,0.8298177346202409,22432000
1991-03-20,0.9166946411132812,0.9226857412756662,0.8627710827512722,0.874754014456151,25446400
1991-03-21,0.904711902141571,0.9316733213761834,0.8897326857843287,0.9256814885572336,31107200
1991-03-22,0.9286778569221497,0.9406607922928849,0.8837416664368093,0.8987201528051452,20112000
1991-03-25,0.9226858019828796,0.9436561166911662,0.9166947014263161,0.9286776339196002,6803200
1991-03-26,0.9855956435203552,0.9885919240502977,0.9226854544696665,0.9256810036197275,19808000
1991-03-27,0.994583249092102,1.0335275910609374,0.982600318380149,0.9885921494261498,21404800
1991-03-28,0.9406604170799255,0.9975787888519273,0.9226856555034738,0.9915876892464707,32041600
1991-04-01,0.9286778569221497,0.9406607922928849,0.9166949215514144,0.9406607922928849,9708800
1991-04-02,1.0005749464035034,1.0005749464035034,0.9286773717414535,0.9316729211740512,24729600
1991-04-03,1.009561538696289,1.0425147747666492,0.9975786102506954,1.0065659894298682,23411200
1991-04-04,0.9676221013069153,1.0155538372059545,0.9586347179807836,1.0155538372059545,12953600
1991-04-05,0.9796048402786255,0.9885922218157024,0.9586345271521468,0.9676219086892237,14188800
1991-04-08,0.973613440990448,0.9826008265171137,0.9616305040817028,0.9766097237529543,11545600
1991-04-09,0.9496475458145142,0.9945837410567594,0.9436564431851001,0.9826008044175213,16006400
1991-04-10,0.9556386470794678,0.9556386470794678,0.9196898647258186,0.9436557196282513,18016000
1991-04-11,0.9796048402786255,0.9796048402786255,0.9586345271521468,0.9646263586368987,24752000
1991-04-12,1.0035710334777832,1.0095621355525832,0.9826007134552979,0.9885925469104404,14768000
1991-04-15,1.024540901184082,1.0275364508990013,1.0005750407046885,1.0005750407046885,18265600
1991-04-16,1.0724729299545288,1.0724729299545288,1.0155538121345444,1.0275367458134763,25283200
1991-04-17,1.0604897737503052,1.093442285917686,1.0455105612595947,1.0904467359715742,13603200
1991-04-18,1.0574934482574463,1.084455590786594,1.0455105175933959,1.0515023486154438,20473600
1991-04-19,1.024540901184082,1.0515023113783948,1.0035705904196077,1.0515023113783948,15612800
1991-04-22,0.9975784420967102,1.0215442949481615,0.9766088693865305,1.0185487461866767,12016000
1991-04-23,0.9556386470794678,1.0125577353177078,0.9406601706104096,1.0095614549200167,14419200
1991-04-24,0.9526435136795044,0.988592311716841,0.9526435136795044,0.9736130973328244,19299200
1991-04-25,0.9286778569221497,0.9466518942880863,0.8867372174344099,0.9466518942880863,32009600
1991-04-26,0.982600748538971,0.9915881333524073,0.907707581647861,0.9196905176056533,21907200
1991-04-29,0.9616302251815796,1.0155537913217783,0.9616302251815795,0.9885923739417861,26409600
1991-04-30,0.9436556696891785,0.9646259744640029,0.9166942671957248,0.9526430476469333,21072000
1991-05-01,0.9706175923347473,0.9736131427993718,0.9406606249280972,0.9466517258573462,23683200
1991-05-02,0.994583249092102,1.0095617296370314,0.9766092187141967,0.982600318380149,12348800
1991-05-03,0.9975784420967102,1.0035702709994665,0.9855955156709847,0.9945828933352255,11308800
1991-05-06,1.0515024662017822,1.0604898480498632,1.0125581200336011,1.0125581200336011,44137600
1991-05-07,1.0964385271072388,1.1054251766166054,1.054497903876665,1.0604897349296252,25443200
1991-05-08,1.0784642696380615,1.0964390398222248,1.0724731671636012,1.0934427572046035,13104000
1991-05-09,1.0724729299545288,1.0904469647828121,1.0455107806417596,1.0814595816785557,25875200
1991-05-10,1.0544980764389038,1.0724728411591968,1.0544980764389038,1.0724728411591968,8662400
1991-05-13,1.024540901184082,1.072472622142869,1.024540901184082,1.0664807913330108,13542400
1991-05-14,1.024540901184082,1.0305320006139207,1.0125579709443853,1.0215446200891432,9478400
1991-05-15,1.0185490846633911,1.0395193957220568,1.0155535349064475,1.0185490846633911,13136000
1991-05-16,1.0305322408676147,1.0305322408676147,1.0155537574209819,1.021544858247559,8425600
1991-05-17,1.0574934482574463,1.0634852792794942,1.0245409374663415,1.0275364872873427,5356800
1991-05-20,1.093442440032959,1.0994342721497774,1.0544980911042667,1.060489923221085,13456000
1991-05-21,1.1413744688034058,1.1713321744318714,1.1024301097287332,1.1054256608774689,25459200
1991-05-22,1.1533573865890503,1.1623447712738864,1.1353833485997362,1.1503618354875575,13417600
1991-05-23,1.1803189516067505,1.1982929806261462,1.1593486416007948,1.165339740813929,19123200
1991-05-24,1.1535214185714722,1.1864793614837823,1.1475294643061662,1.1834833843511294,14944000
1991-05-28,1.1475296020507812,1.1565182660120774,1.1385409380894853,1.1565182660120774,12022400
1991-05-29,1.1355446577072144,1.1505252726572044,1.1235600194503683,1.1505252726572044,17040000
1991-05-30,1.1804875135421753,1.1804875135421753,1.1325489491645122,1.1385409039694991,13539200
1991-05-31,1.1744943857192993,1.1834830460320704,1.1655057254065282,1.180487069755869,7126400
1991-06-03,1.1685025691986084,1.1774904990735462,1.1565179312144394,1.1714985458235878,12214400
1991-06-04,1.1565182209014893,1.1655061530277429,1.1235602753185878,1.1655061530277429,23257600
1991-06-05,1.0876060724258423,1.1625098764387185,1.078617411128708,1.1535212151415843,21228800
1991-06-06,1.0696285963058472,1.0935978686683543,1.0366713954205062,1.0906018924940764,40236800
1991-06-07,1.054648518562317,1.0726258476891581,1.0276832563565677,1.0636371831257376,20032000
1991-06-10,1.0576444864273071,1.0636371732420726,1.048656553431918,1.0546485087621775,11817600
1991-06-11,1.0786174535751343,1.087606115225996,1.0546481768290201,1.0576441535512155,11996800
1991-06-12,1.0756218433380127,1.0846105080514856,1.057644513911067,1.0846105080514856,12412800
1991-06-13,1.1325483322143555,1.1355443079848058,1.0666324763601873,1.0726251593851315,8604800
1991-06-14,1.1385407447814941,1.159514046635396,1.1325487908142875,1.14453343023304,7856000
1991-06-17,1.1475296020507812,1.153521557035336,1.1385409380894853,1.1475296020507812,8006400
1991-06-18,1.1385407447814941,1.1685027090705453,1.1355447677978907,1.15352136118385,9942400
1991-06-19,1.1325483322143555,1.1445329667802002,1.1145710146235666,1.1265556491894115,7971200
1991-06-20,1.1445326805114746,1.1655052371430474,1.1205634173749397,1.1235593923960414,9763200
1991-06-21,1.1505255699157715,1.1595142338018527,1.1385409285624821,1.1475295924485636,12480000
1991-06-24,1.0906016826629639,1.1415361937624866,1.0876057070651097,1.1385402181646325,11580800
1991-06-25,1.0696285963058472,1.10258652867533,1.0606406677830134,1.0935978686683543,8777600
1991-06-26,1.1025866270065308,1.1085793113736697,1.0636367388148518,1.0666327152563178,13932800
1991-06-27,1.0965945720672607,1.1055825005551827,1.0876059120951997,1.102586524392542,6057600
1991-06-28,1.0756218433380127,1.0995911282509236,1.07262586559503,1.090602463537451,8857600
1991-07-01,1.1415365934371948,1.1505252548618674,1.0846101112108684,1.0846101112108684,13433600
1991-07-02,1.1415365934371948,1.1655058695801503,1.1265559787189119,1.1265559787189119,14406400
1991-07-03,1.1235601902008057,1.1445334932087219,1.1205642130523548,1.1385408074274401,5344000
1991-07-05,1.1055828332901,1.1235601586446566,1.1055828332901,1.1235601586446566,1523200
1991-07-08,1.1265558004379272,1.1265558004379272,1.0876059157406301,1.0906018919133125,12112000
1991-07-09,1.1625096797943115,1.1804869993476255,1.1385404080459751,1.1445330917251209,16441600
1991-07-10,1.1804875135421753,1.1984641094415782,1.1685028724477595,1.1685028724477595,16592000
1991-07-11,1.1954679489135742,1.1954679489135742,1.174494647339992,1.1834833096550028,7289600
1991-07-12,1.2583872079849243,1.2643798937651376,1.1924720533088562,1.2014599847526066,14595200
1991-07-15,1.29434072971344,1.300333413648635,1.2643795044899284,1.270371456940969,9145600
1991-07-16,1.2703715562820435,1.2943408309288744,1.2673755798222424,1.2943408309288744,12195200
1991-07-17,1.2344173192977905,1.2673752461306294,1.1984634167939714,1.25838658763367,20659200
1991-07-18,1.2853525876998901,1.2883492966175885,1.2344180453968603,1.2344180453968603,10332800
1991-07-19,1.3003336191177368,1.309321549214504,1.2793603192567402,1.2913449575366998,15996800
1991-07-22,1.2763644456863403,1.3093216550059243,1.2643798064380383,1.3003337241829447,11385600
1991-07-23,1.237413763999939,1.27936036522924,1.2224331484827442,1.27936036522924,9862400
1991-07-24,1.2134445905685425,1.2374138700438932,1.204456659378555,1.2284259388539058,11475200
1991-07-25,1.2404102087020874,1.2404102087020874,1.2044563002104929,1.2134442287202858,5894400
1991-07-26,1.2523949146270752,1.258386867300702,1.2284256409642047,1.2464022304692668,3782400
1991-07-29,1.1834828853607178,1.2493980119092496,1.1774902021377234,1.2464020360397863,20627200
1991-07-30,1.1954679489135742,1.210448565115706,1.174494647339992,1.2044566112285853,16832000
1991-07-31,1.2044564485549927,1.2104484016328418,1.195467787453988,1.2104484016328418,9046400
1991-08-01,1.246402382850647,1.246402382850647,1.2044565145545396,1.2044565145545396,12268800
1991-08-02,1.210448145866394,1.2523947344849906,1.1924715589470503,1.2523947344849906,16659200
1991-08-05,1.1714987754821777,1.1804874386034894,1.1625101123608659,1.1744947526944831,48864000
1991-08-06,1.1505255699157715,1.17449485262235,1.120564332274777,1.1685028976879341,46000000
1991-08-07,1.2044564485549927,1.2164410861949218,1.144533260355347,1.1535211899721207,27702400
1991-08-08,1.2314215898513794,1.2613828155200104,1.2044563404527782,1.2104482929928384,13481600
1991-08-09,1.1625096797943115,1.186478951542648,1.1385404080459751,1.1804869993476255,40124800
1991-08-12,1.1445326805114746,1.1685019436480095,1.1145707358488757,1.1685019436480095,21651200
1991-08-13,1.1505255699157715,1.1655061887362685,1.1445336149813556,1.1505255699157715,18624000
1991-08-14,1.1774907112121582,1.1804874198612811,1.1445334994312582,1.1535214309254762,21388800
1991-08-15,1.2074521780014038,1.2224327891146314,1.1714982724392087,1.1804869317007778,12844800
1991-08-16,1.1984641551971436,1.210448796749115,1.1685029170594499,1.1984641551971436,11420800
1991-08-19,1.1385407447814941,1.1565180696517927,1.120564151395535,1.1505253842002467,16284800
1991-08-20,1.1565182209014893,1.1625101756523248,1.138540893680112,1.1505255346662184,9952000
1991-08-21,1.1804875135421753,1.1804875135421753,1.144533590258928,1.1685028724477595,14841600
1991-08-22,1.1685025691986084,1.198463798416905,1.162509884464398,1.1834831838077569,8070400
1991-08-23,1.1924713850021362,1.1984633359398507,1.1625094358616552,1.1625094358616552,7987200
1991-08-26,1.2044564485549927,1.222433039272771,1.1864791263529835,1.1864791263529835,15136000
1991-08-27,1.2883492708206177,1.3063258665446107,1.2044567839783034,1.2044567839783034,16924800
1991-08-28,1.3063255548477173,1.3243028777666508,1.2703716404941103,1.2883489634130438,9513600
1991-08-29,1.2643795013427734,1.3063253628481137,1.2643795013427734,1.3063253628481137,5638400
1991-08-30,1.2344173192977905,1.2703712218016097,1.2344173192977905,1.2703712218016097,9036800
1991-09-03,1.2014594078063965,1.246401969381047,1.1984634320971606,1.246401969381047,7414400
1991-09-04,1.1205638647079468,1.2104482716101916,1.1145711807895824,1.2044563191759798,27360000
1991-09-05,1.0786174535751343,1.1445333303690859,1.0606408617576866,1.1385406454404194,42092800
1991-09-06,1.1025866270065308,1.1445332231238827,1.0786173525063887,1.0846100368735279,24348800
1991-09-09,1.0786174535751343,1.0906020919481914,1.0486562233846295,1.0846101385038007,22512000
1991-09-10,1.0276827812194824,1.084609988488836,0.9647636213344991,1.0726253517734023,54870400
1991-09-11,1.0786174535751343,1.0906020919481914,1.042663538455963,1.0606408617576866,42348800
1991-09-12,1.1774907112121582,1.1984640143341008,1.1025868931873728,1.1145715333307138,25164800
1991-09-13,1.2164413928985596,1.2284260335601984,1.1685028302520037,1.1804874709136428,23846400
1991-09-16,1.1984641551971436,1.2284261248193071,1.1864795136451722,1.2224334383010864,10633600
1991-09-17,1.1804875135421753,1.1984641094415782,1.1565182313533438,1.1864794683471624,9996800
1991-09-18,1.2044564485549927,1.2164410861949218,1.1685025356352052,1.1685025356352052,7814400
1991-09-19,1.1984641551971436,1.2583873629570008,1.1924722001633927,1.2164414832673356,11228800
1991-09-20,1.1984641551971436,1.2284261248193071,1.1924722001633927,1.1924722001633927,20937600
1991-09-23,1.2284259796142578,1.2344179339397348,1.198464013533723,1.2044566993435832,11920000
1991-09-24,1.210448145866394,1.2404100993774025,1.210448145866394,1.2164408291622264,5763200
1991-09-25,1.2404102087020874,1.2583867972058145,1.2164409363743576,1.2284255725382225,8041600
1991-09-26,1.2344173192977905,1.2464019534657302,1.2284253679558301,1.2344173192977905,12905600
1991-09-27,1.246402382850647,1.246402382850647,1.2284257911478211,1.246402382850647,9228800
1991-09-30,1.29434072971344,1.300333413648635,1.2344175477822623,1.2344175477822623,13756800
1991-10-01,1.2643795013427734,1.294340726491709,1.2583868174224948,1.294340726491709,9331200
1991-10-02,1.2583872079849243,1.2703718480609711,1.2344179278328304,1.2703718480609711,8806400
1991-10-03,1.246402382850647,1.2583870211472878,1.2224331062573652,1.246402382850647,6323200
1991-10-04,1.246402382850647,1.2523950677411029,1.2284257911478211,1.246402382850647,3955200
1991-10-07,1.2284259796142578,1.2523952598849322,1.2224332938043976,1.2284259796142578,7731200
1991-10-08,1.2404102087020874,1.2464021610419496,1.2284255725382225,1.2284255725382225,4598400
1991-10-09,1.2703715562820435,1.2913448544690735,1.234417644311797,1.2464022816352125,7494400
1991-10-10,1.2793604135513306,1.2823563904710698,1.2643797974683102,1.2823563904710698,1952000
1991-10-11,1.2883492708206177,1.2883492708206177,1.2763646298431444,1.2793606072164039,2547200
1991-10-14,1.309321403503418,1.309321403503418,1.2793601768799638,1.2883488374606755,2064000
1991-10-15,1.33928382396698,1.351268465050612,1.3093218555156796,1.3123185643999185,3571200
1991-10-16,1.3932139873504639,1.3962106954695075,1.3422794586220308,1.3422794586220308,3577600
1991-10-17,1.3812294006347656,1.420180024270918,1.3722414703965289,1.393214039103363,9049600
1991-10-18,1.41718327999115,1.4261719414850202,1.3752374121601925,1.3812293654999308,3872000
1991-10-21,1.41718327999115,1.41718327999115,1.4141873033212806,1.41718327999115,3145600
1991-10-22,1.420179843902588,1.4351604572146683,1.4111911833216642,1.4171831360528209,4028800
1991-10-23,1.420179843902588,1.420179843902588,1.4141871596872426,1.420179843902588,4611200
1991-10-24,1.420179843902588,1.4471450941611703,1.420179843902588,1.4321644808490899,6204800
1991-10-25,1.4231760501861572,1.4231760501861572,1.4171833650026773,1.4201800733365706,1616000
1991-10-28,1.4141870737075806,1.420179757558583,1.4141870737075806,1.4141870737075806,2633600
1991-10-29,1.41718327999115,1.41718327999115,1.4081953499815423,1.41718327999115,1718400
1991-10-30,1.4830994606018066,1.4830994606018066,1.4171835714049021,1.4171835714049021,4473600
1991-10-31,1.5340336561203003,1.5520109787700846,1.486095104366541,1.486095104366541,6377600
1991-11-01,1.5280417203903198,1.552010996541664,1.5280417203903198,1.5340336736860272,7033600
1991-11-04,1.4591294527053833,1.5220486017984816,1.4381561591796674,1.5220486017984816,5408000
1991-11-05,1.4621256589889526,1.465121635255184,1.4261717493416832,1.4591296827227211,2803200
1991-11-06,1.4920873641967773,1.4920873641967773,1.4321641915680723,1.4621254121404044,3398400
1991-11-07,1.4591294527053833,1.5010753082727657,1.4561334769114378,1.5010753082727657,5472000
1991-11-08,1.46811842918396,1.46811842918396,1.4531370840050712,1.462125744815563,5497600
1991-11-11,1.5040723085403442,1.5070682849178985,1.4651216896953734,1.4741103503122275,3318400
1991-11-12,1.5250452756881714,1.5310379615032876,1.4920880639003749,1.5070686812115899,4316800
1991-11-13,1.5220489501953125,1.5280416346389771,1.5040723598327517,1.5100643127921998,3100800
1991-11-14,1.5370289087295532,1.540025615415777,1.5280409831225956,1.5280409831225956,5929600
1991-11-15,1.5100640058517456,1.5400259590114729,1.4920874191431635,1.5340332757859003,5728000
1991-11-18,1.489090919494629,1.5070682401948508,1.4681183539899298,1.5070682401948508,6806400
1991-11-19,1.4561336040496826,1.4920875111683896,1.4381562847482727,1.489090803628746,8873600
1991-11-20,1.41718327999115,1.456133902636501,1.3932140036636704,1.456133902636501,9670400
1991-11-21,1.4501408338546753,1.4561335170919771,1.417182904759688,1.417182904759688,5478400
1991-11-22,1.4411523342132568,1.456133678222256,1.4261717216884076,1.4531369705299662,6508800
1991-11-25,1.420179843902588,1.444149117795592,1.4141871596872426,1.444149117795592,3945600
1991-11-26,1.4231760501861572,1.4351606890688107,1.4201800733365706,1.4261720270357439,3020800
1991-11-27,1.4381567239761353,1.4441494094015372,1.4231761076391345,1.4231761076391345,2563200
1991-11-29,1.4411523342132568,1.4471450181136865,1.4381563580051169,1.4441490419055467,822400
1991-12-02,1.46811842918396,1.4771063585102444,1.4261718330578033,1.4381564703103897,6348800
1991-12-03,1.5040723085403442,1.5160569455347526,1.4621257133178192,1.4621257133178192,5849600
1991-12-04,1.5160571336746216,1.5310377489056506,1.4980798102099608,1.507068471942291,4508800
1991-12-05,1.5130598545074463,1.534033146807456,1.5100638788885894,1.5220485128480228,2336000
1991-12-06,1.5190529823303223,1.5280416433046868,1.4980796838848789,1.510064321355958,2995200
1991-12-09,1.5280417203903198,1.5370296503338807,1.5250450122582087,1.5250450122582087,3718400
1991-12-10,1.5580027103424072,1.5729833227631247,1.5250447778295122,1.5310374616882865,2985600
1991-12-11,1.5580027103424072,1.5669913703884957,1.546018074109004,1.5639953942011813,3657600
1991-12-12,1.5639954805374146,1.5669914568901142,1.5550068199951308,1.5609987727005297,2092800
1991-12-13,1.6239192485809326,1.626915226010261,1.5639960425721242,1.5639960425721242,6172800
1991-12-16,1.6418954133987427,1.6508840748103106,1.6149301606482944,1.6269147987022998,2313600
1991-12-17,1.6179263591766357,1.635903684465221,1.6059417194790309,1.635903684465221,3449600
1991-12-18,1.599949836730957,1.6179264313369508,1.5879651964988315,1.6179264313369508,3932800
1991-12-19,1.599949836730957,1.6059417911048253,1.5819725106405742,1.5939571508726997,2505600
1991-12-20,1.599949836730957,1.6149304541500167,1.5939571508726997,1.6119344769630826,3321600
1991-12-23,1.6388989686965942,1.6418949444833988,1.5999490890159926,1.5999490890159926,3116800
1991-12-24,1.6778489351272583,1.6838416184947556,1.6448910053162373,1.6448910053162373,2345600
1991-12-26,1.761741280555725,1.7677339635785483,1.6838415216473235,1.6838415216473235,2355200
1991-12-27,1.8246606588363647,1.8246606588363647,1.7557495500450815,1.7617415023381777,3417600
1991-12-30,1.866607427597046,1.866607427597046,1.8036882651402546,1.8186688787758327,3942400
1991-12-31,1.7857111692428589,1.8755963253831376,1.7857111692428589,1.8666076634722504,8854400
1992-01-02,1.761741280555725,1.7946992084711457,1.761741280555725,1.779718598140152,4099200
1992-01-03,1.896568775177002,1.8995654832815771,1.8156730175227371,1.8216649707633858,5900800
1992-01-06,1.9235355854034424,1.9475048716297496,1.8995662991771352,1.9055582549914294,4588800
1992-01-07,1.9055572748184204,1.917541911766964,1.893572637869877,1.917541911766964,2057600
1992-01-08,1.9085530042648315,1.9145456877058924,1.8875804409313544,1.8965683688668042,4451200
1992-01-09,1.9834587574005127,2.0224086637915466,1.9235355431510193,1.9235355431510193,5843200
1992-01-10,1.986454725265503,1.992446680918085,1.9774660603020844,1.9774660603020844,2096000
1992-01-13,1.9534963369369507,1.9864542800937923,1.9475043826271876,1.9864542800937923,3366400
1992-01-14,2.0523698329925537,2.0553665422130463,1.9534967158293755,1.9534967158293755,5907200
1992-01-15,2.121281147003174,2.1272738323696414,2.073342590008752,2.073342590008752,7305600
1992-01-16,1.986454725265503,2.1212817737785996,1.9415121319329556,2.1152898181260174,12243200
1992-01-17,1.9594881534576416,1.9954420578193959,1.923534249095887,1.9864533988579431,7436800
1992-01-20,1.9504996538162231,1.9774649014190906,1.9355190419795318,1.9774649014190906,2540800
1992-01-21,1.8935738801956177,1.9654817490638057,1.8875819235322697,1.950501125920767,7648000
1992-01-22,1.971472978591919,1.9714729785919187,1.893572479211411,1.8995651629256627,4777600
1992-01-23,2.0313966274261475,2.0493732197519994,2.001434664903999,2.001434664903999,4681600
1992-01-24,2.109297037124634,2.109297037124634,2.013419899073514,2.0194125859439653,2979200
1992-01-27,2.1152899265289307,2.1692204561041457,2.1122932170645212,2.1542398347204283,8454400
1992-01-28,2.0793344974517822,2.1152884017464753,2.0733418143273057,2.1092957186219987,4316800
1992-01-29,1.9774655103683472,2.067350672036352,1.9774655103683472,2.067350672036352,2896000
1992-01-30,2.0074284076690674,2.0134203644399404,1.9834591176162109,1.9834591176162109,5587200
1992-01-31,1.9954429864883423,2.0194122672180255,1.9894503005637227,2.0194122672180255,1510400
1992-02-03,1.998439073562622,2.0134196919710594,1.9894504099237849,1.9894504099237849,2662400
1992-02-04,2.010423183441162,2.010423183441162,2.0074272068478862,2.0074272068478862,2953600
1992-02-05,2.118285655975342,2.1212816336036577,2.0194125423649396,2.0254044976215715,7859200
1992-02-06,2.094315528869629,2.16921932833043,2.0883228445409796,2.0973115052918523,2371200
1992-02-07,2.0613574981689453,2.097311408020729,2.058361521885672,2.097311408020729,1446400
1992-02-10,2.1542389392852783,2.163227600973097,2.0613578086411346,2.0643537853756477,3926400
1992-02-11,2.2111663818359375,2.229142975574198,2.1632278232214386,2.1632278232214386,6019200
1992-02-12,2.172215700149536,2.220154257567922,2.148246421440343,2.2111663266652264,7302400
1992-02-13,2.1542389392852783,2.211166154662426,2.151242962550765,2.1662235777076106,3468800
1992-02-14,2.121281147003174,2.1482464024414543,2.121281147003174,2.1482464024414543,3196800
1992-02-18,2.055365562438965,2.118284722323948,2.025403604908293,2.118284722323948,3667200
1992-02-19,1.866607427597046,2.0493729621068706,1.866607427597046,2.0373883249015674,9072000
1992-02-20,1.929526925086975,1.9534962036594843,1.8995656926135047,1.8995656926135047,13984000
1992-02-21,1.896568775177002,1.9684766029702936,1.87559620735048,1.9385153737985474,3238400
1992-02-24,1.7857111692428589,1.9055575564403662,1.7377726143638559,1.899565602822639,11350400
1992-02-25,1.8785927295684814,1.8785927295684812,1.785711575489043,1.785711575489043,16969600
1992-02-26,1.9894505739212036,1.9894505739212034,1.8726001314372374,1.8726001314372374,5616000
1992-02-27,1.944507122039795,2.0313962867429316,1.9415111457353207,1.9894496925436003,6179200
1992-02-28,1.9175420999526978,1.9355194228818844,1.9115501466324758,1.929526738077402,36227200
1992-03-02,1.9235355854034424,1.9475048716297496,1.9145469201974359,1.9145469201974359,5782400
1992-03-03,1.9055572748184204,1.9325225250815963,1.9055572748184204,1.9295265487155076,4201600
1992-03-04,1.8935738801956177,1.9235358579663637,1.8935738801956177,1.9055585250069824,5299200
1992-03-05,1.7946995496749878,1.8935726207347106,1.7737262523337793,1.8935726207347106,10483200
1992-03-06,1.8486301898956299,1.851626897946031,1.8156729846993533,1.8216649378316807,7168000
1992-03-09,1.8606147766113281,1.875596121999712,1.8546228236433489,1.8546228236433489,4073600
1992-03-10,1.938515067100525,1.9385150671005247,1.8636112745376525,1.8666072506839748,5718400
1992-03-11,1.896568775177002,1.9295267124533233,1.8815881605911289,1.9295267124533233,4028800
1992-03-12,1.8995656967163086,1.9085536275871635,1.8905770343611206,1.8905770343611206,1785600
1992-03-13,1.9055572748184204,1.9205378881330526,1.893572637869877,1.917541911766964,2387200
1992-03-16,1.9175420999526978,1.9175420999526978,1.890576847043178,1.9085534384881042,3107200
1992-03-17,1.9175420999526978,1.929526738077402,1.9085534384881042,1.9175420999526978,3030400
1992-03-18,1.9115498065948486,1.9175417588491872,1.8815878508707649,1.914545782722018,2864000
1992-03-19,1.932523250579834,1.941511914536768,1.9115506766596053,1.9175426316412525,1478400
1992-03-20,1.929526925086975,1.9714735283310316,1.9295269250869753,1.9714735283310316,2752000
1992-03-23,1.932523250579834,1.932523250579834,1.9115506766596053,1.932523250579834,2348800
1992-03-24,1.9564918279647827,1.9714731729855575,1.9355192616072574,1.9355192616072574,3984000
1992-03-25,1.9624840021133423,1.962484002113342,1.9475033924710443,1.9594880264816845,2460800
1992-03-26,1.9954429864883423,2.022408244438137,1.9534963794691977,1.9654810198340393,3372800
1992-03-27,1.929526925086975,2.001434760804502,1.9235349711860137,2.001434760804502,1312000
1992-03-30,1.9085530042648315,1.9235343471254363,1.9085530042648315,1.9235343471254363,956800
1992-03-31,1.8995656967163086,1.9175422899423515,1.8995656967163086,1.9115503360284483,3497600
1992-04-01,1.8935738801956177,1.8935738801956177,1.875597278720905,1.8845852137159271,3203200
1992-04-02,1.9235355854034424,1.9475048716297496,1.8995662991771352,1.8995662991771352,5088000
1992-04-03,1.9175420999526978,1.92353478475718,1.9055574618279933,1.9205380766128086,2188800
1992-04-06,1.9175420999526978,1.92353478475718,1.9115501466324758,1.9175420999526978,4777600
1992-04-07,1.8636114597320557,1.911550008773598,1.8636114597320557,1.911550008773598,1174400
1992-04-08,1.8066840171813965,1.8426379243318516,1.7677341339727652,1.8426379243318516,7561600
1992-04-09,1.8696035146713257,1.8755961993707293,1.8126763017061047,1.8126763017061047,5382400
1992-04-10,1.8763179779052734,1.903293607277259,1.8703229870638645,1.8703229870638645,3788800
1992-04-13,1.8823133707046509,1.8823133707046509,1.8523405937421267,1.8703241135664046,3203200
1992-04-14,1.9182801246643066,1.9332665051967979,1.8763181128201722,1.8763181128201722,6326400
1992-04-15,1.9122859239578247,1.94825367740124,1.9122859239578247,1.9302694347966238,2460800
1992-04-16,1.8313584327697754,1.9062910751076982,1.8313584327697756,1.9062910751076982,4390400
1992-04-20,1.708469271659851,1.8103775773494621,1.6964800161807156,1.8103775773494621,11216000
1992-04-21,1.7234554290771484,1.7264525596071927,1.696479790774782,1.7084690446609432,5552000
1992-04-22,1.753427505493164,1.7654167546448536,1.7444361174536684,1.7504303761466655,3212800
1992-04-23,1.6964796781539917,1.771412327026599,1.6964796781539917,1.771412327026599,2041600
1992-04-24,1.6455241441726685,1.7084682464930674,1.642527015042833,1.6994761273379186,5440000
1992-04-27,1.708469271659851,1.7324477826181222,1.6575143870489641,1.6605122497433091,8432000
1992-04-28,1.7414381504058838,1.7414381504058838,1.7024732759746375,1.7024732759746375,7312000
1992-04-29,1.7744096517562866,1.8103774149675627,1.7384418885450104,1.7444368816298976,4774400
1992-04-30,1.8343560695648193,1.8343560695648193,1.7684155309863758,1.7804047863430086,4483200
1992-05-01,1.8373531103134155,1.8763187371351937,1.8313588488122423,1.8763187371351937,4646400
1992-05-04,1.8583333492279053,1.8673254677300828,1.831357725486962,1.831357725486962,2464000
1992-05-05,1.8493421077728271,1.8793156064064322,1.8463449774392473,1.8643292229725978,5648000
1992-05-06,1.852339506149292,1.8673258858313684,1.8493416448002742,1.8553366357325567,3081600
1992-05-07,1.813373327255249,1.8553360553574372,1.8103761986095281,1.8523389267117165,2886400
1992-05-08,1.7624199390411377,1.8103769441851143,1.7624199390411377,1.8103769441851143,3600000
1992-05-11,1.813373327255249,1.8223654449579356,1.7684142022728642,1.7684142022728642,7817600
1992-05-12,1.7953904867172241,1.8163718585174882,1.789395495446094,1.8163718585174882,716800
1992-05-13,1.7564252614974976,1.7893951458673911,1.7564252614974976,1.7893951458673911,2051200
1992-05-14,1.765417218208313,1.7684150801076857,1.73844158347517,1.7624200880748278,1571200
1992-05-15,1.8433480262756348,1.84634515690053,1.7564261157916248,1.7594232464165198,5337600
1992-05-18,1.8943029642105103,1.8943029642105103,1.8493430590171003,1.8493430590171003,2192000
1992-05-19,1.9182801246643066,1.9362643667159318,1.8793152425735116,1.8853095020801902,4064000
1992-05-20,2.0261826515197754,2.0261826515197754,1.9122851760449202,1.9122851760449202,5801600
1992-05-21,2.005201578140259,2.0141936972300165,1.9782259526366233,2.0141936972300165,4179200
1992-05-22,2.0022060871124268,2.0201903400055365,2.0022060871124268,2.014195345119088,8185600
1992-05-26,1.9422589540481567,1.9932130955184344,1.9362646935297325,1.9932130955184344,2460800
1992-05-27,2.0082013607025146,2.0201906203730777,1.9242765430085718,1.9422600666312482,3923200
1992-05-28,2.086130142211914,2.089127272693139,1.9872189822037043,2.0022053663758026,2700800
1992-05-29,2.128092050552368,2.1460755580611006,2.0861293134225227,2.0861293134225227,3705600
1992-06-01,2.1071109771728516,2.131089478387434,2.1041138474624748,2.1041138474624748,3622400
1992-06-02,2.0801351070404053,2.1220971134575635,2.0801351070404053,2.1071107348632716,3587200
1992-06-03,2.1550679206848145,2.182043550872289,2.0681460390997493,2.083132419007706,5072000
1992-06-04,2.1220974922180176,2.161062376224066,2.1220974922180176,2.161062376224066,2972800
1992-06-05,2.065147876739502,2.1161027318258285,2.0381722504833424,2.1161027318258285,5152000
1992-06-08,2.0291805267333984,2.0441676391447117,2.0291805267333984,2.0441676391447117,2150400
1992-06-09,1.966238021850586,2.0471656843499924,1.9602437596182514,2.0351764281191964,3529600
1992-06-10,1.939261794090271,1.9872188045669028,1.9242754112578004,1.9662374295418998,2585600
1992-06-11,1.9962103366851807,2.002204595339279,1.918279851822064,1.918279851822064,2944000
1992-06-12,2.014194965362549,2.0261842211087546,1.9962114476262893,1.9962114476262893,3852800
1992-06-15,2.0022060871124268,2.0171924766791944,1.996211823992214,2.014195345119088,2457600
1992-06-16,2.023185968399048,2.047164466597064,2.0022045995343607,2.0022045995343607,4076800
1992-06-17,1.9572449922561646,2.023186236935916,1.9542478625250277,2.023186236935916,3830400
1992-06-18,1.915283203125,1.972232333458467,1.8883075688807849,1.9452559674483778,7779200
1992-06-19,1.9242761135101318,1.9422596331188864,1.9122868565155708,1.9182811191297644,4176000
1992-06-22,1.8823133707046509,1.9182811421193893,1.8583348564281583,1.9182811421193893,7248000
1992-06-23,1.852339506149292,1.8883072564457273,1.8343552651181978,1.870323015414633,14185600
1992-06-24,1.8283610343933105,1.8583337942237141,1.8223660433677713,1.852339534963939,7049600
1992-06-25,1.8343560695648193,1.8373532004624589,1.8103775588515536,1.8313589386671796,4870400
1992-06-26,1.8673256635665894,1.8703227927931105,1.8223657981061077,1.828360788324816,1155200
1992-06-29,1.9602429866790771,1.966237246547828,1.8553368530833887,1.8613311129521395,2608000
1992-06-30,1.9902160167694092,1.996211009208912,1.948253996756637,1.9602432498697058,5590400
1992-07-01,2.0441675186157227,2.0561567687783784,1.9842212678024427,1.9842212678024427,3664000
1992-07-02,2.068145990371704,2.0801352403687408,2.032178240380594,2.068145990371704,3721600
1992-07-06,2.134086847305298,2.1460760992564514,2.0621513355983776,2.0621513355983776,4275200
1992-07-07,2.09212589263916,2.17005570397045,2.0891280293062358,2.1340879298714923,15587200
1992-07-08,2.08313250541687,2.11610312799462,2.047164753086359,2.086129635169631,5139200
1992-07-09,2.1700549125671387,2.17604990528042,2.0891272674166506,2.0891272674166506,3513600
1992-07-10,2.0741400718688965,2.164059805029292,2.0741400718688965,2.164059805029292,9504000
1992-07-13,2.1250951290130615,2.1250951290130615,2.0771381121001236,2.0771381121001236,4860800
1992-07-14,2.1970291137695312,2.2000269740489173,2.140080744943572,2.1580642477924297,7075200
1992-07-15,2.2180123329162598,2.2689664873525395,2.212018070872511,2.212018070872511,9321600
1992-07-16,2.158064365386963,2.164059354506915,2.1101073794894747,2.122096625963847,6224000
1992-07-17,2.134086847305298,2.1520710911149608,2.1220975953541443,2.134086847305298,2950400
1992-07-20,2.086130142211914,2.1250950337657586,2.077138019002266,2.11010864959366,9734400
1992-07-21,2.128092050552368,2.134086309133385,2.092124303769221,2.092124303769221,4224000
1992-07-22,2.086130142211914,2.122097903284533,2.083133011730689,2.122097903284533,963200
1992-07-23,2.09212589263916,2.09212589263916,2.062152381673577,2.0801366346061743,1414400
1992-07-24,2.1700549125671387,2.1700549125671387,2.0861301369429954,2.0861301369429954,2313600
1992-07-27,2.152070999145508,2.185040891777801,2.146076007543196,2.1700545104207736,6851200
1992-07-28,2.1460750102996826,2.170053502034875,2.1340857644320868,2.152069999116228,2265600
1992-07-29,2.212017297744751,2.241990061019846,2.152071039428712,2.158065299377392,5251200
1992-07-30,2.212017297744751,2.2180115576934307,2.194033054367015,2.206022306030223,3984000
1992-07-31,2.206021785736084,2.215013905304145,2.1820432880650396,2.215013905304145,3993600
1992-08-03,2.259974241256714,2.2659685010379214,2.2060222443967064,2.212017235943742,2460800
1992-08-04,2.265968084335327,2.283952323903375,2.2539788352118597,2.2719630747799076,7577600
1992-08-05,2.2270030975341797,2.274960091657308,2.2150138490033977,2.274960091657308,5497600
1992-08-06,2.158064365386963,2.2359948333531467,2.134085872438219,2.221007726436033,8649600
1992-08-07,2.1071109771728516,2.116103098069766,2.0951217265655604,2.1101081068832284,6044800
1992-08-10,2.1370840072631836,2.146076129293873,2.101116250906303,2.1071112428487213,3772800
1992-08-11,2.098118543624878,2.137083419350778,2.080135036276645,2.1340862900870188,4768000
1992-08-12,2.09212589263916,2.116104408705132,2.0891280293062358,2.1071122822388335,1740800
1992-08-13,2.0741400718688965,2.1071106894787537,2.0681458132665687,2.0981185698095777,3017600
1992-08-14,2.098118543624878,2.1041135339180723,2.080135036276645,2.080135036276645,2972800
1992-08-17,2.0771379470825195,2.1041143157774216,2.071143686327617,2.0741408167050683,4144000
1992-08-18,2.1101090908050537,2.1101090908050537,2.0681470599959706,2.0771384533196935,3654400
1992-08-19,2.134086847305298,2.1430789692101295,2.1101083434029912,2.1101083434029912,3689600
1992-08-20,2.134086847305298,2.1400818391638077,2.1101083434029912,2.1220975953541443,4067200
1992-08-21,2.1161036491394043,2.1460764175801623,2.09811940266217,2.1460764175801623,3740800
1992-08-24,2.09212589263916,2.104115150672146,2.0861308977395487,2.104115150672146,2169600
1992-08-25,2.1310906410217285,2.1370849037127018,2.0891278751201803,2.0891278751201803,2921600
1992-08-26,2.128092050552368,2.1310891798428764,2.110107811277954,2.1310891798428764,1776000
1992-08-27,2.1220974922180176,2.1400817351536277,2.1220974922180176,2.1340867435864808,3676800
1992-08-28,2.09212589263916,2.1340879298714923,2.09212589263916,2.1340879298714923,1740800
1992-08-31,2.0441675186157227,2.0921245192663465,2.02618327748886,2.0921245192663465,4950400
1992-09-01,2.1011159420013428,2.116103053771053,2.0201890509205978,2.032178301276905,6899200
1992-09-02,2.1220974922180176,2.131089613685823,2.107111110948896,2.110108240849554,3008000
1992-09-03,2.1220974922180176,2.155068116422749,2.1220974922180176,2.1220974922180176,3696000
1992-09-04,2.1220974922180176,2.1340867435864808,2.1161032324167013,2.1250946221186755,1168000
1992-09-08,2.1011159420013428,2.116103053771053,2.0981188123537082,2.116103053771053,1929600
1992-09-09,2.1400816440582275,2.1460759036043906,2.1011160299449716,2.1071110212569337,1753600
1992-09-10,2.2000277042388916,2.2120169540391967,2.1460757142546503,2.1460757142546503,7088000
1992-09-11,2.259974241256714,2.2659685010379214,2.215014365834346,2.215014365834346,8188800
1992-09-14,2.367877244949341,2.3738715040767615,2.2689653834551646,2.277957503912044,8211200
1992-09-15,2.382864475250244,2.3948537295511687,2.2959425645100437,2.3648802279158527,6608000
1992-09-16,2.4338181018829346,2.445807353616348,2.289947081081973,2.289947081081973,8764800
1992-09-17,2.475780963897705,2.475780963897705,2.421828962706934,2.4637917116070764,5724800
1992-09-18,2.397850751876831,2.4458077669143674,2.397850751876831,2.4338185131549834,4588800
1992-09-21,2.421827793121338,2.4338170396219385,2.3978493001201366,2.4038442892532035,1507200
1992-09-22,2.4937641620635986,2.5297319144010544,2.445807158946991,2.445807158946991,4481600
1992-09-23,2.421827793121338,2.5057525186255427,2.3978493001201366,2.4877690147574083,4627200
1992-09-24,2.48177433013916,2.499758567979502,2.373871098393979,2.421828090280726,3483200
1992-09-25,2.2959420680999756,2.4637915920218485,2.2659685729452868,2.45779660028457,4740800
1992-09-28,2.241990089416504,2.3498933557520574,2.194033082156258,2.2539793412315654,5156800
1992-09-29,2.3738715648651123,2.3738715648651123,2.224006301652976,2.241989811261495,6377600
1992-09-30,2.409839391708374,2.4458071438234246,2.3738716395933235,2.3738716395933235,3497600
1992-10-01,2.397850751876831,2.4338185131549834,2.397850751876831,2.397850751876831,1241600
1992-10-02,2.3438994884490967,2.409840018597378,2.2899474803587023,2.3978507647735103,1806400
1992-10-05,2.361884117126465,2.3738733766042643,2.1460774465260775,2.3439005937929287,5742400
1992-10-06,2.4518024921417236,2.487770249495153,2.4038454823371507,2.4218289951309173,5200000
1992-10-07,2.4937641620635986,2.5177426636219025,2.457796409726143,2.457796409726143,3673600
1992-10-08,2.553710460662842,2.5716947030292867,2.4937642057177047,2.511748448084149,4300800
1992-10-09,2.4637911319732666,2.5776886360556595,2.4458068918853697,2.5537101371156066,3449600
1992-10-12,2.57169508934021,2.5836843421302205,2.451802561440105,2.475781067020126,2640000
1992-10-13,2.5177440643310547,2.5597068312863396,2.4937655494326636,2.5597068312863396,2332800
1992-10-14,2.5357272624969482,2.5417215228471295,2.475781000165648,2.4937645129820893,3401600
1992-10-15,2.5117480754852295,2.5357265739062544,2.475780327853692,2.505753084997124,2476800
1992-10-16,2.5597057342529297,2.625646256079751,2.499759472698597,2.565699994525419,7835200
1992-10-19,2.5597057342529297,2.6076627434963955,2.511748725009464,2.5597057342529297,6254400
1992-10-20,2.5776898860931396,2.6016683966614482,2.5597063690499433,2.5597063690499433,2988800
1992-10-21,2.553710460662842,2.5776889626408965,2.529731958684787,2.5776889626408965,2804800
1992-10-22,2.5776898860931396,2.5776898860931396,2.5117493479133266,2.5297328649565234,2384000
1992-10-23,2.57169508934021,2.589678602642267,2.5537108442722354,2.5537108442722354,2227200
1992-10-26,2.4398136138916016,2.4937648923134557,2.4098401122836757,2.4937648923134557,10038400
1992-10-27,2.4458072185516357,2.493764222836962,2.361882461052315,2.4577964696229673,11534400
1992-10-28,2.5357272624969482,2.5417215228471295,2.439813242766868,2.445807503117049,5553600
1992-10-29,2.5417211055755615,2.5537103560735592,2.5057533540815675,2.5417211055755615,2270400
1992-10-30,2.49975848197937,2.5716939673346673,2.4937634923169627,2.5357262246570187,2696000
1992-11-02,2.4637911319732666,2.4997588803833457,2.4637911319732666,2.493763889765475,2944000
1992-11-03,2.4637911319732666,2.469785390825422,2.4338176424153435,2.4637911319732666,3635200
1992-11-04,2.475780963897705,2.5237379730602183,2.4518024593164482,2.457796719578819,2958400
1992-11-05,2.4338181018829346,2.493764360550002,2.4098395984161076,2.475780848832808,5345600
1992-11-06,2.4458072185516357,2.4817749717656303,2.409839465337641,2.433817967480304,3091200
1992-11-09,2.5177440643310547,2.535728316387949,2.45180351424358,2.45180351424358,2286400
1992-11-10,2.5417211055755615,2.5417211055755615,2.523737595711453,2.5357268462094513,2504000
1992-11-11,2.553710460662842,2.5776889626408965,2.541721209673814,2.541721209673814,2680000
1992-11-12,2.5117480754852295,2.553710081839174,2.4937638357866114,2.553710081839174,2673600
1992-11-13,2.505753517150879,2.535727011229376,2.4997592573946745,2.5237377599511426,2232000
1992-11-16,2.469785213470459,2.51174794948507,2.469785213470459,2.505752959297699,3091200
1992-11-17,2.4278244972229004,2.4697865237334042,2.3978509939159265,2.4637922621316393,8424000
1992-11-18,2.5117480754852295,2.5117480754852295,2.3978498421025107,2.439812580222154,5686400
1992-11-19,2.49975848197937,2.5417204825538278,2.4937634923169627,2.5297312349946113,2672000
1992-11-20,2.5776898860931396,2.5896791413772937,2.517743609672369,2.517743609672369,4259200
1992-11-23,2.5417211055755615,2.583683848201443,2.5297318550775634,2.583683848201443,2630400
1992-11-24,2.5417211055755615,2.583683848201443,2.5177426045795657,2.5537103560735592,3246400
1992-11-25,2.5776898860931396,2.60766339018656,2.5537113755248315,2.5716956243340974,3812800
1992-11-27,2.6376354694366455,2.6376354694366455,2.6136569651690396,2.6136569651690396,3278400
1992-11-30,2.613656997680664,2.661614006812419,2.595673485139199,2.661614006812419,2723200
1992-12-01,2.661613702774048,2.661613702774048,2.6076624395466643,2.6136566991204613,3718400
1992-12-02,2.643630027770996,2.6795977782728753,2.643630027770996,2.67360278730635,2806400
1992-12-03,2.631640672683716,2.6376349316455006,2.5896779328883097,2.613656432266905,2275200
1992-12-04,2.727555274963379,2.733549535254237,2.6376355164733862,2.6376355164733862,2972800
1992-12-07,2.727555274963379,2.739544527310985,2.7215602829066308,2.727555274963379,2400000
1992-12-08,2.721559762954712,2.7755117540943988,2.709570512897643,2.733549013011781,5337600
1992-12-09,2.6795990467071533,2.7155668142349936,2.6795990467071533,2.709571820430635,2228800
1992-12-10,2.631640672683716,2.6855919304026914,2.625645681956203,2.6795976714409067,1436800
1992-12-11,2.6196517944335938,2.6316410458228416,2.601667551466806,2.6316410458228416,1217600
1992-12-14,2.6975812911987305,2.6975812911987305,2.613656539916992,2.6256457901000974,2481600
1992-12-15,2.6556193828582764,2.6975813942187865,2.649624391654897,2.6915871347811935,1884800
1992-12-16,2.613656997680664,2.673603259095358,2.607662737422138,2.661614006812419,2232000
1992-12-17,2.631640672683716,2.6376349316455006,2.6016671825776077,2.613656432266905,2307200
1992-12-18,2.7515342235565186,2.7515342235565186,2.6676094435839057,2.6855929591236043,3267200
1992-12-21,2.7335493564605713,2.7575278595874186,2.7335493564605713,2.7575278595874186,2044800
1992-12-22,2.7934958934783936,2.7994908857422063,2.7335496296698443,2.739544621933657,3300800
1992-12-23,2.7335493564605713,2.793495614277689,2.7155658449983573,2.745538608023995,5289600
1992-12-24,2.6676087379455566,2.6855922487282404,2.6616137465074523,2.6855922487282404,2350400
1992-12-28,2.631640672683716,2.667608421751609,2.613656432266905,2.667608421751609,3936000
1992-12-29,2.6795990467071533,2.709571820430635,2.661614797060181,2.661614797060181,4139200
1992-12-30,2.6915876865386963,2.6915876865386963,2.6736034410076943,2.6855926941063837,1609600
1992-12-31,2.727555274963379,2.7575280399494493,2.709571030559024,2.709571030559024,2016000
1993-01-04,2.757528066635132,2.7695173190987625,2.6975818043169766,2.6975818043169766,3851200
1993-01-05,2.7335493564605713,2.7575278595874186,2.721560104897148,2.751533599688628,1912000
1993-01-06,2.7515342235565186,2.76352347783832,2.7455392305326134,2.7515342235565186,6035200
1993-01-07,2.739544153213501,2.7815061648170705,2.739544153213501,2.7815061648170705,3728000
1993-01-08,2.6676087379455566,2.73954424460792,2.6256459931762706,2.733549253169816,4376000
1993-01-11,2.727555274963379,2.727555274963379,2.655619760877741,2.6795982655729538,3022400
1993-01-12,2.7934958934783936,2.7994908857422063,2.727555369171947,2.727555369171947,3324800
1993-01-13,2.9613451957702637,2.9613451957702637,2.8054849223086706,2.8114799140939684,4032000
1993-01-14,3.051265001296997,3.0692485134223966,2.9733344973779468,2.997313001389059,3163200
1993-01-15,3.1351897716522217,3.2131195439624043,3.0692485196058787,3.0692485196058787,5017600
1993-01-18,3.0572588443756104,3.1411835969663136,3.003307583593043,3.1232000872940477,3859200
1993-01-19,2.9853224754333496,3.0872314398750977,2.9613439816547684,3.0692472036583833,4409600
1993-01-20,3.0392751693725586,3.0512644190904665,2.979328920783018,2.9913181705009264,1700800
1993-01-21,3.06325364112854,3.06325364112854,2.98532315278346,3.0452694008313204,2075200
1993-01-22,3.0212910175323486,3.06924801781064,3.0033075083108653,3.0512645085891563,2393600
1993-01-25,3.111210584640503,3.147178332834233,3.027285838855133,3.027285838855133,3888000
1993-01-26,3.0452704429626465,3.1172059652373547,3.0452704429626465,3.1172059652373547,2372800
1993-01-27,2.973335027694702,3.0332812984143533,2.973335027694702,3.0332812984143533,3657600
1993-01-28,3.0572588443756104,3.069248094745711,2.9913183332229427,2.9913183332229427,2558400
1993-01-29,3.093226432800293,3.105215682539829,3.069247933321221,3.0872321738133905,1921600
1993-02-01,3.1291937828063965,3.1411830310163826,3.11720453459641,3.11720453459641,3020800
1993-02-02,3.1771509647369385,3.1891402136604743,3.0992212126167975,3.1351889593874045,2020800
1993-02-03,3.153172731399536,3.2610759807630183,3.1411834814702604,3.183146222105597,2406400
1993-02-04,3.195136070251465,3.2011303304555203,3.1291948174115762,3.1291948174115762,1932800
1993-02-05,3.111210584640503,3.207124579823783,3.069247845864963,3.201129589241973,2020800
1993-02-08,3.105215549468994,3.1591675368677143,3.093226300243245,3.1112105399647185,5531200
1993-02-09,3.093226432800293,3.1291941820189013,3.0872321738133905,3.123199923031999,2118400
1993-02-10,3.1232011318206787,3.1232011318206787,3.0692491212285753,3.0932276299881734,2060800
1993-02-11,2.967341184616089,3.117206516648847,2.955351928782824,3.117206516648847,9294400
1993-02-12,2.6795990467071533,2.793496611328929,2.6736040529027947,2.7815073554863154,26057600
1993-02-16,2.469785213470459,2.5537099537340184,2.3858604732069,2.5417207051249386,25009600
1993-02-17,2.3438994884490967,2.463792026687772,2.307931726977494,2.4577970338928483,27227200
1993-02-18,2.3738715648651123,2.385860815192714,2.349893064209909,2.385860815192714,18908800
1993-02-19,2.2180123329162598,2.3678783969693296,2.2180123329162598,2.3678783969693296,15315200
1993-02-22,2.014194965362549,2.212018051057991,2.014194965362549,2.212018051057991,29467200
1993-02-23,2.0261826515197754,2.044166887090586,1.9182794333915032,2.0141934050610786,28924800
1993-02-24,2.247985363006592,2.247985363006592,2.0261838107407533,2.0261838107407533,25040000
1993-02-25,2.17604923248291,2.253978991299213,2.17604923248291,2.206021991484336,12419200
1993-02-26,2.1220974922180176,2.1940330004287976,2.110108240849554,2.1640602378905545,2747200
1993-03-01,2.2539796829223633,2.2539796829223633,2.1340871465967055,2.1340871465967055,8313600
1993-03-02,2.307931661605835,2.313925922464992,2.2599746476687366,2.2599746476687366,6131200
1993-03-03,2.409839391708374,2.421828642413391,2.3259146367732564,2.3259146367732564,10377600
1993-03-04,2.1700549125671387,2.2479854272439717,2.1700549125671387,2.2300011808700986,20192000
1993-03-05,2.2539796829223633,2.2539796829223633,2.170054907494403,2.170054907494403,11804800
1993-03-08,2.1820428371429443,2.289946054364299,2.1760485798467424,2.2659675616484423,8694400
1993-03-09,2.224005699157715,2.2599734403966627,2.1880379579187674,2.218010709735106,8060800
1993-03-10,2.3199198246002197,2.349892578339084,2.2300000998523957,2.2300000998523957,9563200
1993-03-11,2.349893093109131,2.3798665851796352,2.3199203328044025,2.373871594059224,8451200
1993-03-12,2.409839391708374,2.4158343829437774,2.2899468846582063,2.2899468846582063,4243200
1993-03-15,2.4458072185516357,2.499759214255534,2.4278237078275446,2.493764222836962,5417600
1993-03-16,2.361884117126465,2.481776711904458,2.355889853270728,2.44580893347106,4428800
1993-03-17,2.2839529514312744,2.373871978680151,2.277957959339539,2.349893473844998,5520000
1993-03-18,2.2899460792541504,2.307930314869279,2.247984082428071,2.2839518218927957,5801600
1993-03-19,2.194032669067383,2.289946665529345,2.194032669067383,2.289946665529345,10988800
1993-03-22,2.158064365386963,2.1700536118613347,2.146075118912591,2.1700536118613347,6820800
1993-03-23,2.247985363006592,2.271963869642577,2.176049843098636,2.176049843098636,6822400
1993-03-24,2.1880388259887695,2.224006581497359,2.1700545823515456,2.218011589696331,7934400
1993-03-25,2.235995292663574,2.2599737905378983,2.1880382969149257,2.200027545852088,6368000
1993-03-26,2.2423269748687744,2.278300134893407,2.2063538148441415,2.2303359215272303,4803200
1993-03-29,2.3322596549987793,2.3502458645550077,2.2303353612613845,2.242326411590747,2896000
1993-03-30,2.422192096710205,2.4341831466939188,2.3322595877701557,2.3322595877701557,9270400
1993-03-31,2.470156669616699,2.5301119285879783,2.464161509657431,2.5121257168344546,13971200
1993-04-01,2.3682332038879395,2.470156782874496,2.3622373117780375,2.470156782874496,3185600
1993-04-02,2.3322596549987793,2.3742279652137324,2.3142727135669205,2.36223691488437,3744000
1993-04-05,2.3502466678619385,2.3682336154416794,2.320269397730211,2.3262645590062045,2377600
1993-04-06,2.308279037475586,2.3442522115774693,2.302283142520555,2.3442522115774693,2299200
1993-04-07,2.3322596549987793,2.3322596549987793,2.3022816632375585,2.3142727135669205,2024000
1993-04-08,2.2363314628601074,2.3322598745243326,2.1823713653611305,2.3322598745243326,5801600
1993-04-12,2.3022825717926025,2.3142736268540225,2.2303362414240837,2.2423272964855037,4046400
1993-04-13,2.3262641429901123,2.3802242442035313,2.314273090706658,2.314273090706658,6049600
1993-04-14,2.248323440551758,2.332260835337338,2.188368158562058,2.332260835337338,8728000
1993-04-15,2.2423269748687744,2.260313920818998,2.224340760794365,2.2483228674774534,4235200
1993-04-16,2.2303354740142822,2.2543175758854033,2.2183444230787215,2.236331365419896,5161600
1993-04-19,2.3502466678619385,2.3502466678619385,2.224340962307275,2.2363320167351417,10996800
1993-04-20,2.5241174697875977,2.5421036865374007,2.3382557494094014,2.356242698035128,14692800
1993-04-21,2.4941394329071045,2.554094707736602,2.4761532163962117,2.554094707736602,11995200
1993-04-22,2.4881443977355957,2.542103781884798,2.4761533421606674,2.4941395595850846,5366400
1993-04-23,2.362238883972168,2.4701584268947543,2.362238883972168,2.4701584268947543,5523200
1993-04-26,2.4341843128204346,2.446175368548614,2.374229034179537,2.374229034179537,7196800
1993-04-27,2.5960640907287598,2.5960640907287598,2.470157631902522,2.470157631902522,8310400
1993-04-28,2.56608510017395,2.614049307653837,2.5241167845669112,2.5840720439167697,3960000
1993-04-29,2.5241174697875977,2.530112631412224,2.494139466036695,2.530112631412224,2849600
1993-04-30,2.5900678634643555,2.674005247928478,2.5600905920936956,2.5600905920936956,3688000
1993-05-03,2.7279653549194336,2.7339605164297898,2.590067857670327,2.590067857670327,5843200
1993-05-04,2.7579424381256104,2.7639383311029437,2.6919920066301017,2.7219692758891894,4016000
1993-05-05,2.8838493824005127,2.889844544563272,2.793916094951213,2.793916094951213,14499200
1993-05-06,2.7099783420562744,2.9497994342736438,2.7099783420562744,2.90183521583017,19624000
1993-05-07,2.6020586490631104,2.7099781322039767,2.6020586490631104,2.662013917474703,6806400
1993-05-10,2.7219691276550293,2.7699333413582017,2.6380317536744777,2.6380317536744777,5676800
1993-05-11,2.8478760719299316,2.8538712337940435,2.733960677752277,2.733960677752277,3243200
1993-05-12,2.7219691276550293,2.805906501635581,2.7159739668800427,2.805906501635581,4702400
1993-05-13,2.7219691276550293,2.7339601810808225,2.626040700248685,2.626040700248685,23646400
1993-05-14,2.6859962940216064,2.721969458673682,2.6740052391375815,2.721969458673682,9515200
1993-05-17,2.674004077911377,2.703982068041004,2.674004077911377,2.697986177264842,5492800
1993-05-18,2.7219691276550293,2.775929234009008,2.7159739668800427,2.7579422879324085,6364800
1993-05-19,2.8119029998779297,2.8178981619440777,2.7219697138778964,2.7219697138778964,6617600
1993-05-20,2.8838493824005127,2.8838493824005127,2.823894101392976,2.829889263555735,7134400
1993-05-21,2.859867811203003,2.8778540329710083,2.853871916029583,2.8778540329710083,3675200
1993-05-24,2.8778533935546875,2.8898444493611652,2.8538712819417316,2.859867175782953,6846400
1993-05-25,2.9258170127868652,2.9378080661179586,2.8778527994624903,2.8778527994624903,6641600
1993-05-26,2.8778533935546875,2.919822454815342,2.8778533935546875,2.919822454815342,5820800
1993-05-27,2.9078314304351807,2.937808704337372,2.877853424657017,2.883849318563039,8907200
1993-05-28,2.865861654281616,2.9078307055332586,2.865861654281616,2.901834813121971,3740800
1993-06-01,2.8538711071014404,2.8598670005753277,2.8358848904316183,2.8538711071014404,3830400
1993-06-02,2.7939155101776123,2.8478756177284024,2.7699334027941136,2.8478756177284024,3979200
1993-06-03,2.7519476413726807,2.79391597026704,2.7519476413726807,2.79391597026704,4041600
1993-06-04,2.6859962940216064,2.7519474618216986,2.6859962940216064,2.7519474618216986,2116800
1993-06-07,2.6380319595336914,2.6800010157369383,2.6260409051721747,2.674005122618242,3078400
1993-06-08,2.6140499114990234,2.650023075418735,2.6140499114990234,2.638032020778831,2892800
1993-06-09,2.6140499114990234,2.632036859396826,2.5960636954771146,2.6140499114990234,1992000
1993-06-10,2.6680097579956055,2.691991864890506,2.6140496515441685,2.6140496515441685,6830400
1993-06-11,2.7339603900909424,2.7519473375426364,2.6919920658301155,2.6919920658301155,3574400
1993-06-14,2.7639381885528564,2.793915456265867,2.751947135092488,2.7579422958847615,3945600
1993-06-15,2.7999117374420166,2.8178979541903764,2.7699337336935193,2.775929627193588,5022400
1993-06-16,2.8538711071014404,2.865862162173295,2.829888996957731,2.829888996957731,4571200
1993-06-17,2.8778533935546875,2.8838492873959085,2.8538712819417316,2.8538712819417316,3459200
1993-06-18,2.8718583583831787,2.8838494147190668,2.865862464277236,2.8838494147190668,2320000
1993-06-21,2.8778533935546875,2.8778533935546875,2.8538712819417316,2.8718582315894308,1508800
1993-06-22,2.8718583583831787,2.907831527390843,2.8598673020472907,2.8838494147190668,4475200
1993-06-23,2.9258170127868652,2.9497991194490525,2.8598665854037564,2.8598665854037564,5537600
1993-06-24,2.9797770977020264,2.9797770977020264,2.9138259389081758,2.9138259389081758,3236800
1993-06-25,2.9557955265045166,2.991768692758876,2.949799632857486,2.973781743693726,3062400
1993-06-28,3.0517239570617676,3.0577191188077353,2.9617906758647474,2.9617906758647474,3766400
1993-06-29,3.09369158744812,3.129664745441703,3.0757053743892153,3.0757053743892153,4848000
1993-06-30,3.081700563430786,3.0936916162067813,3.0757054029806783,3.0936916162067813,2532800
1993-07-01,3.0097544193267822,3.081700740107502,3.0097544193267822,3.081700740107502,5035200
1993-07-02,2.9797770977020264,2.9977633116339257,2.9438039379624192,2.9977633116339257,5246400
1993-07-06,3.0037593841552734,3.033736653129696,2.9737813833049986,3.009754545199817,3440000
1993-07-07,3.063714027404785,3.0697091872232294,3.0097539296602758,3.0157498213544223,2435200
1993-07-08,3.1416568756103516,3.17163488349121,3.069710534947519,3.069710534947519,7569600
1993-07-09,3.099686861038208,3.135660011851752,3.099686861038208,3.129664120778348,1737600
1993-07-12,3.0876963138580322,3.1176735784824907,3.0577183173578275,3.0936914740326253,1739200
1993-07-13,3.129664421081543,3.1356603127302756,3.0817002153944695,3.0876961070432025,1331200
1993-07-14,3.1956162452697754,3.237584568178609,3.1536471904850893,3.1536471904850893,3622400
1993-07-15,3.171633243560791,3.19561534471484,3.1356600918297173,3.19561534471484,3416000
1993-07-16,3.09369158744812,3.165637903435286,3.087696427053743,3.165637903435286,5158400
1993-07-19,2.9977638721466064,3.105683371543884,2.9617907056808472,3.087697154248977,3270400
1993-07-20,2.985771656036377,3.021744808518743,2.9737806052089217,3.021744808518743,2284800
1993-07-21,2.8838493824005127,2.9737819379738233,2.859867269997498,2.9737819379738233,6392000
1993-07-22,2.889843702316284,2.9378079131431107,2.871857489194112,2.8778526496095775,4224000
1993-07-23,2.9617905616760254,2.9617905616760254,2.9018352871481703,2.9078311805389108,4467200
1993-07-26,3.0457279682159424,3.069710078201895,3.0097548032370143,3.0097548032370143,6200000
1993-07-27,3.0157506465911865,3.0457279176378598,2.991768537003487,3.0457279176378598,2841600
1993-07-28,3.123670816421509,3.1296659791792236,3.021746462655802,3.021746462655802,4808000
1993-07-29,3.099686861038208,3.189619372134255,3.063713710224664,3.189619372134255,6027200
1993-07-30,3.027740955352783,3.0936913745308905,3.027740955352783,3.0936913745308905,2726400
1993-08-02,2.9977638721466064,3.081701260566711,2.9857728166580197,3.027741876806045,4156800
1993-08-03,3.021745443344116,3.069709656730531,3.015750282608722,3.021745443344116,3502400
1993-08-04,3.039731979370117,3.0577181910265328,3.0277409276406013,3.033736087567501,2916800
1993-08-05,3.0037593841552734,3.0697098150245146,2.9917683301903337,3.057718761059575,3222400
1993-08-06,2.9917688369750977,3.0097550550313206,2.9917688369750977,3.0037598929712384,3355200
1993-08-09,2.937808036804199,2.991768142193608,2.907830769713488,2.991768142193608,3867200
1993-08-10,2.8538711071014404,2.9318133310064565,2.847875945503473,2.9318133310064565,7080000
1993-08-11,2.5301125049591064,2.6620141047437045,2.494139341381489,2.494139341381489,56286400
1993-08-12,2.7219691276550293,2.7219691276550293,2.6020585933970986,2.674004913951857,27654400
1993-08-13,2.674004077911377,2.763937316424667,2.6560178693340735,2.73395932629504,12168000
1993-08-16,2.7459516525268555,2.7519475460904252,2.6740053210196018,2.6740053210196018,3905600
1993-08-17,2.8718583583831787,2.8838494147190668,2.7519477950242983,2.7519477950242983,6195200
1993-08-18,2.9797770977020264,3.021745418126997,2.90183488566164,2.90183488566164,5470400
1993-08-19,2.8838493824005127,2.9917688882140787,2.8838493824005127,2.9797778320125716,3556800
1993-08-20,2.8838493824005127,2.9018356007647794,2.871858326199005,2.9018356007647794,3307200
1993-08-23,2.7579424381256104,2.8478757096545926,2.7579424381256104,2.8418798166772596,7222400
1993-08-24,2.7819244861602783,2.811902486647341,2.6859960556030273,2.7639382713687155,5705600
1993-08-25,2.7339603900909424,2.8178977704884716,2.727965228857628,2.7939156618034633,2832000
1993-08-26,2.7999117374420166,2.805906899066162,2.715974351572516,2.733960568320876,2409600
1993-08-27,2.8059067726135254,2.8059067726135254,2.7639384475081057,2.8059067726135254,1563200
1993-08-30,2.7939155101776123,2.829888671252861,2.781924456485863,2.7939155101776123,2660800
1993-08-31,2.84187912940979,2.877852282946623,2.787919765042382,2.793914924694013,3187200
1993-09-01,2.835883617401123,2.8778519253750465,2.8178966769297333,2.8418787763078583,5691200
1993-09-02,2.9797770977020264,3.027741310688169,2.9737812051408543,3.021745418126997,13056000
1993-09-03,2.9497992992401123,2.9797773003329207,2.9378082451781604,2.9797773003329207,7046400
1993-09-07,2.889843702316284,2.9198217000209383,2.889843702316284,2.9138258077296975,11193600
1993-09-08,2.7099783420562744,2.7819246697214854,2.691992126077918,2.775929508353997,18147200
1993-09-09,2.7459516525268555,2.7519475460904252,2.69798743152202,2.7339605972756464,10651200
1993-09-10,2.7279653549194336,2.8059068458095213,2.7279653549194336,2.7819247360162773,8289600
1993-09-13,2.6380319595336914,2.7459514487873427,2.6380319595336914,2.7279652331830055,10214400
1993-09-14,2.680001974105835,2.7099792547915666,2.6080556222087137,2.6380329028944454,12523200
1993-09-15,2.6859962940216064,2.7279653520536487,2.6620141842535565,2.6859962940216064,4948800
1993-09-16,2.7879204750061035,2.7879204750061035,2.703983095378245,2.709978256556586,2979200
1993-09-17,2.7579424381256104,2.7699334922044176,2.7399562229453296,2.7639383311029437,2451200
1993-09-20,2.7339603900909424,2.7519473375426364,2.7339603900909424,2.7459514444334467,2512000
1993-09-21,2.7939155101776123,2.8059065638693617,2.733960241718865,2.733960241718865,5870400
1993-09-22,2.9138259887695312,2.9198218814333052,2.811902400367767,2.811902400367767,5924800
1993-09-23,3.075704574584961,3.075704574584961,2.9258160893173857,2.9617892379565336,8396800
1993-09-24,3.2975401878356934,3.3095312430641872,3.0697101384943184,3.0697101384943184,15574400
1993-09-27,3.2855491638183594,3.3754824448243483,3.249575997791151,3.309531274503165,10091200
1993-09-28,3.29154372215271,3.309529931931911,3.225592578585812,3.2735567804978687,8025600
1993-09-29,3.267561435699463,3.2975386942548903,3.2495744950657284,3.2855476444575995,8238400
1993-09-30,3.29154372215271,3.387472125976823,3.225592578585812,3.2735567804978687,10726400
1993-10-01,3.159642219543457,3.2315885236103785,3.09369107487762,3.2255926323336426,15123200
1993-10-04,3.2495760917663574,3.2555719855489236,3.1536476462529595,3.1536476462529595,6414400
1993-10-05,3.243579626083374,3.2735568873187915,3.1716333208675764,3.2735568873187915,5393600
1993-10-06,3.243579626083374,3.261565836449492,3.2315885752140745,3.2375837347108924,2785600
1993-10-07,3.243579626083374,3.2555706769526735,3.219597524344775,3.219597524344775,1918400
1993-10-08,3.2555718421936035,3.2855491141585476,3.2315897318712787,3.2555718421936035,3155200
1993-10-11,3.2495760917663574,3.3335134815905807,3.1896208133204835,3.2675630412380983,4395200
1993-10-12,3.3694863319396973,3.375482225158673,3.2615668408811302,3.2615668408811302,4992000
1993-10-13,3.2555718421936035,3.303536062838254,3.1956165663877907,3.2855491141585476,10107200
1993-10-14,3.357494831085205,3.3694858840533666,3.2615664073399135,3.2615664073399135,4697600
1993-10-15,3.267561435699463,3.3574939432413426,3.2555703859021725,3.3574939432413426,5038400
1993-10-18,3.2615668773651123,3.3155269894359396,3.2615668773651123,3.2675627706511583,4494400
1993-10-19,3.225592851638794,3.303535052281671,3.225592851638794,3.267561897802428,3926400
1993-10-20,3.2495760917663574,3.2495760917663574,3.207607762792225,3.231589874170574,2374400
1993-10-21,3.2136030197143555,3.2375851318017763,3.19561680158678,3.2375851318017763,1550400
1993-10-22,3.2016115188598633,3.273557845126377,3.1956163576089263,3.2016115188598633,2216000
1993-10-25,3.279552698135376,3.3095299586344593,3.2495747057606468,3.3095299586344593,3521600
1993-10-26,3.2615668773651123,3.297540041453698,3.2255937132765267,3.2795538253473535,2902400
1993-10-27,3.3514997959136963,3.3634908493304256,3.2675624219965926,3.2675624219965926,2840000
1993-10-28,3.2855491638183594,3.3754824448243483,3.2675629467427236,3.351500334139543,4745600
1993-10-29,3.3514997959136963,3.3574949566841514,3.297539689600506,3.297539689600506,1716800
1993-11-01,3.4354374408721924,3.435437440872193,3.303535842881698,3.327517951607242,7012800
1993-11-02,3.561342716217041,3.5613427162170415,3.4114549206979894,3.459419132364212,9513600
1993-11-03,3.573333740234375,3.591320685401634,3.507383315664585,3.561342687414797,9118400
1993-11-04,3.6572704315185547,3.6632663227539495,3.5613420267574125,3.5733330773525553,14942400
1993-11-05,3.513378143310547,3.6332886601470844,3.495391931722923,3.6332886601470844,8836800
1993-11-08,3.519376277923584,3.549353560298829,3.4893982636721597,3.519376277923584,3256000
1993-11-09,3.5313663482666016,3.543357404233762,3.5133793983778743,3.5133793983778743,6558400
1993-11-10,3.5973165035247803,3.615303451980362,3.549352283477783,3.549352283477783,9545600
1993-11-11,3.5913209915161133,3.609307206340686,3.5673388838327864,3.5973161524990225,3814400
1993-11-12,3.5493521690368652,3.615303335412997,3.531365953037125,3.5973163875373637,5984000
1993-11-15,3.5313663482666016,3.5493525662793544,3.5133793983778743,3.5493525662793544,2424000
1993-11-16,3.525369644165039,3.531365536708665,3.495392377074328,3.525369644165039,5246400
1993-11-17,3.519376277923584,3.5433583965742517,3.5133803823228273,3.519376277923584,2752000
1993-11-18,3.54335618019104,3.5613423919905047,3.5193740765412724,3.525369236515853,3171200
1993-11-19,3.54335618019104,3.5793293356656917,3.525369236515853,3.54335618019104,2953600
1993-11-22,3.381477117538452,3.5493518680545453,3.381477117538452,3.5493518680545453,5772800
1993-11-23,3.4414331912994385,3.447429085445278,3.3994648597825683,3.405460022052406,3576000
1993-11-24,3.495391607284546,3.5373599183440256,3.459418455572573,3.459418455572573,5195200
1993-11-26,3.507383346557617,3.513378507082321,3.4893964012319296,3.4953922936324218,657600
1993-11-29,3.4534225463867188,3.5013867484198675,3.4414314958784313,3.5013867484198675,4044800
1993-11-30,3.471410036087036,3.4953921408894484,3.4294409867449365,3.4594189836858305,4403200
1993-12-01,3.5913209915161133,3.61530309919944,3.4774056140823886,3.4774056140823886,8596800
1993-12-02,3.573333740234375,3.5853247930539536,3.5373605817756397,3.5793296325820556,6424000
1993-12-03,3.6272926330566406,3.627292633056641,3.5553463401551095,3.561341498625801,3572800
1993-12-06,3.6872503757476807,3.7112324896326214,3.621299196626076,3.6272950910353283,6593600
1993-12-07,3.6572704315185547,3.687248423944235,3.645279380923412,3.687248423944235,2000000
1993-12-08,3.6692636013031006,3.675259496001434,3.645281486261904,3.657272543782502,5366400
1993-12-09,3.585325002670288,3.6872493235336106,3.5613428956290156,3.6632672164923377,3793600
1993-12-10,3.609307289123535,3.6153031821198107,3.519374749186295,3.561343072656777,6011200
1993-12-13,3.585325002670288,3.6033119488891554,3.5673387883272465,3.5973160561909245,3235200
1993-12-14,3.609307289123535,3.633289397356914,3.591321073886432,3.5973162350068457,3547200
1993-12-15,3.6272926330566406,3.6632657795074066,3.585323596259645,3.6033105354227972,4129600
1993-12-16,3.7172253131866455,3.7651895107761506,3.651274907438863,3.651274907438863,9083200
1993-12-17,3.729217290878296,3.7472042353895416,3.6992400258605604,3.723222130625051,3592000
1993-12-20,3.7472047805786133,3.7771820499578075,3.7172267793235565,3.741208887577257,9230400
1993-12-21,3.6632673740386963,3.7651909674096276,3.65127632000236,3.753199913373291,4176000
1993-12-22,3.6272926330566406,3.6572698891611766,3.5253683521750356,3.6572698891611766,7436800
1993-12-23,3.6872503757476807,3.71722765216584,3.6572723674534875,3.669263424395958,2993600
1993-12-27,3.6752593517303467,3.6812545143172732,3.5973171149680194,3.645281343167593,4992000
1993-12-28,3.6272926330566406,3.6872478771412505,3.6033105354227972,3.6632657795074066,2684800
1993-12-29,3.585325002670288,3.657271323794107,3.549351842108379,3.6272940559304283,4588800
1993-12-30,3.585325002670288,3.6033119488891554,3.5673387883272465,3.5793298418478825,3396800
1993-12-31,3.6392853260040283,3.663267434472339,3.6212983787148616,3.6212983787148616,2736000
1994-01-03,3.705235004425049,3.705235004425049,3.5913203783174783,3.627293533700246,3267200
1994-01-04,3.6033127307891846,3.6872501236476154,3.603312730789185,3.6872501236476154,3712000
1994-01-05,3.6272926330566406,3.6392836818735628,3.597314645076567,3.615301584239719,5630400
1994-01-06,3.651275157928467,3.6632662081484693,3.6272930574884628,3.6392841077084648,2419200
1994-01-07,3.6992411613464355,3.7052363234399013,3.6752590492206108,3.693245267376989,5720000
1994-01-10,3.705235004425049,3.7531992116020723,3.693243952630793,3.699239844465781,2857600
1994-01-11,3.7172253131866455,3.7591943520152493,3.6752570062336156,3.6752570062336156,3156800
1994-01-12,3.74120831489563,3.7531993671869617,3.7172262103129654,3.7531993671869617,1425600
1994-01-13,3.7651925086975098,3.7711884041080364,3.72322416832845,3.7412103908077166,2427200
1994-01-14,3.8491296768188477,3.867116630031757,3.77718332771943,3.77718332771943,5100800
1994-01-17,3.9690401554107666,3.99302227115343,3.8371385188261184,3.8371385188261184,6545600
1994-01-18,3.9690401554107666,3.981031213282098,3.9150807609278195,3.9750360502844777,4387200
1994-01-19,3.9750351905822754,4.028994573395137,3.9630441353043135,3.9810303522832897,8185600
1994-01-20,4.011006832122803,4.022997882843835,3.9570467379403347,4.0170019915454915,5633600
1994-01-21,3.9990172386169434,4.017003455314721,3.9510530182549766,4.017003455314721,2873600
1994-01-24,3.9330670833587646,4.011009327473137,3.9270719202063336,4.005013432444596,2724800
1994-01-25,3.8731095790863037,3.9330648357285067,3.8491274764294228,3.9330648357285067,6000000
1994-01-26,3.993021011352539,3.9990169043345416,3.885101524559227,3.885101524559227,5364800
1994-01-27,4.076957702636719,4.100939806769876,3.9750341260086692,3.999016230141826,7232000
1994-01-28,4.076957702636719,4.106935698741034,4.058971490474719,4.106935698741034,4104000
1994-01-31,4.100940704345703,4.14890492310998,4.070963433555978,4.088949649654634,6400000
1994-02-01,4.142910003662109,4.142910003662109,4.088949888462899,4.100940943854286,4220800
1994-02-02,4.148904323577881,4.184877482452833,4.112931164702928,4.136913270619563,3982400
1994-02-03,4.1249213218688965,4.148903422577437,4.076957120451817,4.136912372223167,4057600
1994-02-04,4.034988880157471,4.142908335218323,4.017001938376173,4.124921393437026,3699200
1994-02-07,3.9990172386169434,4.017003455314721,3.957048179862262,4.017003455314721,5988800
1994-02-08,3.927070379257202,3.9870256466361225,3.9210744865813987,3.9810297539603194,2718400
1994-02-09,4.011006832122803,4.034988933564866,3.873109382893116,3.939060527796615,5681600
1994-02-10,4.064968109130859,4.094946115991653,4.022999777776947,4.022999777776947,6800000
1994-02-11,4.076957702636719,4.112930858836455,4.058971490474719,4.06496665057014,5179200
1994-02-14,4.106936931610107,4.1249231491714236,4.0649678708404435,4.100941037839031,5857600
1994-02-15,4.076957702636719,4.142908854940769,4.06496665057014,4.1249219109030335,5355200
1994-02-16,4.100940704345703,4.112931759036773,4.040985430890356,4.076958594963564,11875200
1994-02-17,4.052975177764893,4.118926323222566,4.0289930761213135,4.118926323222566,5052800
1994-02-18,4.011006832122803,4.0529751437085855,3.9870247306807403,4.0529751437085855,8240000
1994-02-22,3.9330670833587646,4.011009327473137,3.9270719202063336,4.011009327473137,4992000
1994-02-23,3.8791065216064453,3.9510528490686125,3.8791065216064453,3.9390617944915847,4104000
1994-02-24,3.927070379257202,3.945056593532967,3.867115111878282,3.867115111878282,8577600
1994-02-25,3.8910973072052,3.987025737190218,3.8910973072052,3.9390615221977088,5182400
1994-02-28,3.9630422592163086,3.9810284676806873,3.9030870112090694,3.9030870112090694,5396800
1994-03-01,3.951051950454712,4.017002369690879,3.9150787949052415,3.981029214141409,3545600
1994-03-02,3.921074867248535,3.9450569765283428,3.8791065419468187,3.933065921888439,6176000
1994-03-03,3.8970947265625,3.939063804940535,3.8791085014549584,3.933067908653846,5067200
1994-03-04,3.903088331222534,3.9210745457698,3.8851013847994347,3.8910972775657457,3076800
1994-03-07,4.058971881866455,4.076958095762799,3.9870255625294644,4.0229987221979595,11675200
1994-03-08,4.118927001953125,4.118927001953125,4.070962790762263,4.07695795122323,5907200
1994-03-09,4.184879779815674,4.196870839356692,4.1369155416515975,4.166893556442242,6956800
1994-03-10,4.148904323577881,4.202864427828206,4.124922217661246,4.184877482452833,5084800
1994-03-11,4.1249213218688965,4.148903422577437,4.088948170806087,4.148903422577437,7463200
1994-03-14,4.1369123458862305,4.148903396164162,4.076957094496575,4.148903396164162,8514400
1994-03-15,4.292795658111572,4.328768806084574,4.160894115543898,4.160894115543898,9300000
1994-03-16,4.364741802215576,4.412705997844319,4.292795508772462,4.292795508772462,5748000
1994-03-17,4.424699783325195,4.448681895971944,4.376735558031697,4.400717670678446,4710400
1994-03-18,4.400716304779053,4.424698409982208,4.36474314697432,4.41270735738063,3585600
1994-03-21,4.424699783325195,4.43669083964857,4.388726614355072,4.412708727001821,2320000
1994-03-22,4.520626068115234,4.5565992198508996,4.388724511751129,4.4246976634867945,4546400
1994-03-23,4.472662448883057,4.5565998138755,4.448680344599501,4.532617709591944,7353600
1994-03-24,4.448678970336914,4.472661067212045,4.412705825024217,4.472661067212045,5256800
1994-03-25,4.51155424118042,4.523553055651645,4.427562539881849,4.4395613543530725,5449600
1994-03-28,4.367569923400879,4.523554563522339,4.343572286459116,4.523554563522339,4002400
1994-03-29,4.211584091186523,4.307574611783367,4.175587645962707,4.271578166559551,5220800
1994-03-30,4.055599689483643,4.223583108574681,4.055599689483643,4.2115842929253215,5392000
1994-03-31,4.103594779968262,4.115593595114367,3.9476101830688832,4.067598334529944,7267200
1994-04-04,4.211584091186523,4.211584091186523,3.9956054198436246,4.00760423491823,5636800
1994-04-05,4.3075737953186035,4.331571420919264,4.211583292915961,4.223582105716291,7477600
1994-04-06,4.331573486328125,4.367569941893178,4.271579393719702,4.319574667806441,5462400
1994-04-07,4.391566753387451,4.415564385919623,4.331572672057021,4.379567937121365,1948800
1994-04-08,4.41556453704834,4.5475515204927195,4.379568087018055,4.391566903694816,4340800
1994-04-11,4.45156192779541,4.5115560238573424,4.439563108583023,4.439563108583023,3572000
1994-04-12,4.379568576812744,4.475559120962064,4.355570940775414,4.4635603029433994,2966400
1994-04-13,4.259578704833984,4.391565650617572,4.223582265074824,4.379566837364519,5600000
1994-04-14,4.2355804443359375,4.2355804443359375,4.187585198507768,4.2355804443359375,5673600
1994-04-15,4.223584175109863,4.235582993789153,4.175588900392706,4.235582993789153,2948000
1994-04-18,4.115593910217285,4.223583254800246,4.115593910217285,4.223583254800246,3466400
1994-04-19,3.839621067047119,4.103595015406609,3.7076340928673743,4.067598567903042,15434400
1994-04-20,3.63564133644104,3.9356117437381557,3.575647254981617,3.9116141111543867,21404800
1994-04-21,3.7916250228881836,3.887615529796745,3.6836357026160518,3.695634515979622,13485600
1994-04-22,3.9236130714416504,3.947610704906125,3.8036249041192756,3.8876166212449377,10876000
1994-04-25,3.827623128890991,3.9356124961637775,3.7916266731333956,3.899616040406182,13840800
1994-04-26,3.7916250228881836,3.8516190897060345,3.7316309560703322,3.827621462978894,6523200
1994-04-28,3.7676291465759277,3.8876173359573265,3.7556303276377876,3.839622060204767,6480800
1994-04-29,3.9836061000823975,3.9836061000823975,3.7916250832109566,3.7916250832109566,7330400
1994-05-02,4.2355804443359375,4.24757925579298,4.031600649566218,4.031600649566218,6285600
1994-05-03,4.463557720184326,4.559548208790441,4.427561286957033,4.535550586638912,16616000
1994-05-04,4.583546161651611,4.619542597476101,4.463558042236648,4.607543785534604,15428000
1994-05-05,4.679539203643799,4.775529751410851,4.607546292818509,4.631543929760272,13461600
1994-05-06,4.595546245574951,4.703535582938331,4.559549799787158,4.607545060837548,8436000
1994-05-09,4.367569923400879,4.619545111289391,4.367569923400879,4.583548655876746,7296000
1994-05-10,4.4395623207092285,4.523554040290214,4.427563503626231,4.511555223207216,8087200
1994-05-11,4.355568885803223,4.463558197021484,4.27157719930013,4.4395605723063145,5414400
1994-05-12,4.535551071166992,4.547549883524576,4.379566510518392,4.379566510518392,4016800
1994-05-13,4.61954402923584,4.643541660556545,4.4875570569719585,4.523553503953018,4580800
1994-05-16,4.475559234619141,4.631543872823025,4.439562779649014,4.61954505449965,2846400
1994-05-17,4.4395623207092285,4.4395623207092285,4.319574149879249,4.415564686543233,4637600
1994-05-18,4.607544898986816,4.679537788033485,4.487556750575702,4.535552009940147,7270400
1994-05-19,4.703535079956055,4.751530335873973,4.655539824038136,4.655539824038136,5367200
1994-05-20,4.607544898986816,4.739531862239043,4.595546084145705,4.703535417715709,2877600
1994-05-23,4.631542205810547,4.691536275833999,4.607544577801166,4.643541019815237,4185600
1994-05-24,4.763529300689697,4.787526929408537,4.607544714017239,4.643541157095498,4787200
1994-05-25,4.751532077789307,4.823524988058842,4.679539167519772,4.7035368042762835,5140000
1994-05-26,4.583546161651611,4.7515295288325605,4.583546161651611,4.7515295288325605,5199200
1994-05-27,4.595546245574951,4.631542691362744,4.571548615049755,4.607545060837548,2808000
1994-05-31,4.61954402923584,4.631542844896193,4.559549950934076,4.571548766594429,3143200
1994-06-01,4.631542205810547,4.667538647824618,4.571548135787094,4.607544577801166,3875200
1994-06-02,4.727533340454102,4.73953215603901,4.619544000189921,4.63154281577483,5093600
1994-06-03,4.763529300689697,4.823523372486797,4.715534043252018,4.715534043252018,7240800
1994-06-06,4.847521781921387,4.871519414505157,4.775528884170079,4.787527700461964,5276800
1994-06-07,4.763529300689697,4.859519815565057,4.715534043252018,4.847521001205637,4979200
1994-06-08,4.61954402923584,4.799526264141132,4.5835475822547815,4.751531001499721,3416000
1994-06-09,4.463557720184326,4.5955446420177335,4.463557720184326,4.5955446420177335,4777600
1994-06-10,4.691537380218506,4.703536197047709,4.511555127780456,4.511555127780456,4300000
1994-06-13,4.679539203643799,4.763530932939969,4.6435427482311535,4.655541566702036,4207200
1994-06-14,4.667539119720459,4.739532011027201,4.655540304502669,4.70353556537383,2116000
1994-06-15,4.631542205810547,4.70353508983869,4.631542205810547,4.691536275833999,2004800
1994-06-16,4.739532947540283,4.739532947540283,4.667540042008026,4.679538859596735,2385600
1994-06-17,4.679539203643799,4.7995273883526135,4.679539203643799,4.7995273883526135,4276800
1994-06-20,4.61954402923584,4.679538107537604,4.571548766594429,4.655540476216898,1972800
1994-06-21,4.499556064605713,4.583547777811686,4.403565535227457,4.583547777811686,9873600
1994-06-22,4.403563499450684,4.499553984452334,4.331570635699446,4.499553984452334,5864000
1994-06-23,4.331573486328125,4.487558127110024,4.271579393719702,4.403566397458232,6794400
1994-06-24,4.45156192779541,4.5355536622821155,4.439563108583023,4.487558385432569,12652000
1994-06-27,4.559549808502197,4.559549808502197,4.487556916789004,4.535552177931133,8809600
1994-06-28,4.595546245574951,4.595546245574951,4.511554538736767,4.523553353999365,5983200
1994-06-29,4.595546245574951,4.65554032188794,4.583547430312353,4.595546245574951,9928800
1994-06-30,4.331573486328125,4.655541586413608,4.223584119632964,4.607546312326869,67585600
1994-07-01,4.391566753387451,4.463559650983966,4.319573855790935,4.367569120855279,16532000
1994-07-05,4.391566753387451,4.45156083471788,4.367569120855279,4.403565569653537,6044800
1994-07-06,4.271579265594482,4.2955769019180465,4.199586356623789,4.2955769019180465,13730400
1994-07-07,4.343572616577148,4.355571435959958,4.23558324213186,4.2835785196630995,6282400
1994-07-08,4.2955756187438965,4.3555696916313815,4.271577989588903,4.3555696916313815,3516800
1994-07-11,4.259578704833984,4.295575144593145,4.199584638568717,4.283576331340091,4450400
1994-07-12,4.18758487701416,4.2475789296934465,4.115592013799017,4.2475789296934465,6405600
1994-07-13,4.283577919006348,4.2955767367066455,4.139592106602773,4.21158501280456,8000800
1994-07-14,4.427563667297363,4.463560119877017,4.295576674505301,4.295576674505301,9676000
1994-07-15,4.4395623207092285,4.48755758904122,4.415564686543233,4.427563503626231,4424000
1994-07-18,4.41556453704834,4.463559803755387,4.391566903694816,4.439562170401864,2014400
1994-07-19,4.331573486328125,4.439562853023286,4.319574667806441,4.403566397458232,4144000
1994-07-20,4.199587821960449,4.367571334838868,4.127594887869699,4.34357369014195,10895200
1994-07-21,4.18758487701416,4.235580119157589,4.007602718976302,4.223581308621732,19199200
1994-07-22,4.367569923400879,4.367569923400879,4.2235841017503,4.247581738692063,10840000
1994-07-25,4.2355804443359375,4.35556855890636,4.187585198507768,4.343569747449318,5161600
1994-07-26,4.259578704833984,4.283576331340091,4.127591759050396,4.223582265074824,9790400
1994-07-27,4.2355804443359375,4.283575690164106,4.211582821421852,4.283575690164106,6002400
1994-07-28,4.103594779968262,4.223582931429322,4.103594779968262,4.211584116283216,10932000
1994-07-29,4.367569923400879,4.367569923400879,4.139592372454129,4.151591190925011,7521600
1994-08-01,4.41556453704834,4.463559803755387,4.391566903694816,4.391566903694816,8552800
1994-08-02,4.4395623207092285,4.499556406124218,4.427563503626231,4.475558771958222,7055200
1994-08-03,4.51155424118042,4.583547128007767,4.475557797766746,4.583547128007767,5590400
1994-08-04,4.2355804443359375,4.415562616191572,4.223581632878895,4.367567370363402,13238400
1994-08-05,4.259578704833984,4.271577518087038,4.187585825315663,4.247579891580931,5606400
1994-08-08,4.319576263427734,4.367571555243598,4.27158097161187,4.295578617519802,3809600
1994-08-09,4.391566753387451,4.427563202185709,4.307575039524849,4.319573855790935,3177600
1994-08-10,4.4395623207092285,4.4395623207092285,4.391567052377237,4.391567052377237,4804800
1994-08-11,4.45156192779541,4.499557204644956,4.427564289370637,4.45156192779541,2955200
1994-08-12,4.4395623207092285,4.463559954875224,4.391567052377237,4.463559954875224,4682400
1994-08-15,4.45156192779541,4.5475524814945025,4.45156192779541,4.463560747007796,3536000
1994-08-16,4.4395623207092285,4.463559954875224,4.391567052377237,4.4395623207092285,8115200
1994-08-17,4.571549415588379,4.583548232952128,4.4155647898596415,4.427563607223391,7884000
1994-08-18,4.691537380218506,4.691537380218506,4.463559860463643,4.535552761438863,5904800
1994-08-19,4.763529300689697,4.775528115049117,4.631542342736079,4.691536414533179,6408800
1994-08-22,4.835525035858154,4.847523857287083,4.71553682156887,4.751533285855655,3988800
1994-08-23,4.847521781921387,4.9075158633808105,4.823524149337618,4.871519414505157,4445600
1994-08-24,4.871519088745117,4.883517904234638,4.775528564828957,4.847521457766077,5596000
1994-08-25,4.8235249519348145,4.88351904337679,4.8235249519348145,4.871520225088394,3487200
1994-08-26,4.907517433166504,4.967511533816461,4.823525692256563,4.883519792906521,4061600
1994-08-29,4.919514179229736,4.979508254586197,4.907515364158444,4.919514179229736,4406400
1994-08-30,4.871519088745117,4.9195143507031975,4.823523826787038,4.9195143507031975,3097600
1994-08-31,5.015505313873291,5.0754993965751245,4.859520698848523,4.883518331929257,7201600
1994-09-01,5.039504528045654,5.063502168655395,4.9555127859115595,5.0155068874359126,3108800
1994-09-02,4.967510223388672,5.0635007591063275,4.9435125894592575,5.05150194214162,1545600
1994-09-06,4.883518218994141,4.979508749097219,4.847521770205486,4.95551111657145,3985600
1994-09-07,4.967510223388672,4.967510223388672,4.883518504635723,4.89551732160043,4575200
1994-09-08,5.111495018005371,5.135492647197885,4.955510428254033,4.955510428254033,5630400
1994-09-09,5.159492492675781,5.1954889519270075,5.027505475421284,5.039504295171693,7456800
1994-09-12,5.087497234344482,5.1954865624319835,5.063499605880594,5.15949011973615,4517600
1994-09-13,5.0994977951049805,5.135494250129251,5.0395037033978625,5.0994977951049805,4456800
1994-09-14,5.111495018005371,5.111495018005371,5.051500945024087,5.087497388812857,4688000
1994-09-15,5.183488845825195,5.195487662597938,5.087498311643247,5.087498311643247,4485600
1994-09-16,5.183488845825195,5.183488845825195,5.123494761961478,5.1714900290524515,5988000
1994-09-19,5.171489715576172,5.243482611848694,5.147492083485331,5.183488531621592,4968800
1994-09-20,5.087497234344482,5.183487748200039,5.02750316318476,5.1474913055042055,5821600
1994-09-21,5.051502227783203,5.099497498355965,4.967510504280869,5.087498680712774,9302400
1994-09-22,5.051502227783203,5.063501045426394,4.991508139567251,5.0395034101400125,4680000
1994-09-23,4.9915080070495605,5.099497362971306,4.979509189724922,5.039503276348114,4844800
1994-09-26,4.895516872406006,5.003506215179668,4.883518056542266,4.991507399315927,5564000
1994-09-27,4.9435133934021,4.979509850150173,4.883519298821977,4.883519298821977,4666400
1994-09-28,5.1474928855896,5.1594917035047265,4.931514163117308,4.943512981032436,8835200
1994-09-29,5.159492492675781,5.243484230928643,5.039504295171693,5.1834901321765985,4219200
1994-09-30,5.087497234344482,5.207485376663928,5.087497234344482,5.15949011973615,4205600
1994-10-03,5.0994977951049805,5.111496613446404,5.015506066715016,5.06350134008071,4025600
1994-10-04,5.039504528045654,5.195489192008972,5.027505707740783,5.123496270179748,5585600
1994-10-05,4.955512046813965,4.991508502359829,4.883519135722236,4.991508502359829,4307200
1994-10-06,4.9435133934021,4.967511031234149,4.847522842073904,4.931514574486075,2801600
1994-10-07,5.111495018005371,5.123493832601628,4.943511613657777,4.955510428254033,3672000
1994-10-10,5.195488929748535,5.2314853888461,5.123496011553406,5.135494831252594,2291200
1994-10-11,5.183488845825195,5.2674805632343995,5.147492395506965,5.219485296143426,4017600
1994-10-12,5.243483066558838,5.31547596907452,5.231484249472891,5.279479517816679,5950400
1994-10-13,5.087497234344482,5.3034758905194845,5.051500791648649,5.267479447823651,5665600
1994-10-14,5.123495101928711,5.123495101928711,4.991508108670594,5.039503378946273,3862400
1994-10-17,5.219485282897949,5.219485282897949,5.087498298732714,5.099497115475008,2076800
1994-10-18,5.087497234344482,5.219484190895873,5.051500791648649,5.207485376663928,2645600
1994-10-19,5.0035080909729,5.039504552059037,4.97951045024881,5.039504552059037,2987200
1994-10-20,4.9795098304748535,5.039503924817924,4.90751691726317,5.015506287080696,2945600
1994-10-21,4.895516872406006,4.979508583452187,4.847521608951046,4.979508583452187,2949600
1994-10-24,4.955512046813965,5.051502594936269,4.847522680176372,4.847522680176372,4320000
1994-10-25,4.919514179229736,4.955510624443613,4.88351773401586,4.88351773401586,3407200
1994-10-26,5.051502227783203,5.051502227783203,4.943512868994489,4.955511686637679,2680800
1994-10-27,5.063502311706543,5.123496414925815,5.02750584977498,5.051503491062689,4040000
1994-10-28,5.075499534606934,5.123494802073665,5.015505450273518,5.027504267140201,4381600
1994-10-31,5.063502311706543,5.099498773638106,5.02750584977498,5.075501132350397,2471200
1994-11-01,4.907517433166504,5.051503274726401,4.907517433166504,5.051503274726401,5085600
1994-11-02,4.7875285148620605,4.931514334857912,4.7875285148620605,4.9075166981919365,7424800
1994-11-03,4.64354133605957,4.775528299100023,4.607544891593992,4.775528299100023,17600800
1994-11-04,4.64354133605957,4.751530669456304,4.619543706415851,4.655540150881429,15127200
1994-11-07,4.64354133605957,4.691536595347007,4.631542521237711,4.64354133605957,5597600
1994-11-08,4.667539119720459,4.679537934938249,4.607545043631507,4.643541489284878,7872800
1994-11-09,4.727533340454102,4.811525049548464,4.679538078114466,4.751530971623919,7039200
1994-11-10,4.679539203643799,4.763530932939969,4.631543929760272,4.751532114469088,4421600
1994-11-11,4.691537380218506,4.715535013876913,4.63154329607249,4.6675397465601,2715200
1994-11-14,4.703535079956055,4.727532707915014,4.679537451997095,4.691536265976574,2717600
1994-11-15,4.8235249519348145,4.8235249519348145,4.727534405627654,4.727534405627654,7372800
1994-11-16,4.883518218994141,4.883518218994141,4.8235241376797156,4.8235241376797156,5472800
1994-11-17,4.847521781921387,4.943512312256464,4.823524149337618,4.943512312256464,2460000
1994-11-18,4.8595194816589355,4.871518295193896,4.8355218545890155,4.8595194816589355,2543200
1994-11-21,4.775528907775879,5.0035064184485964,4.763530091424683,4.88351825493664,3444000
1994-11-22,4.655540466308594,4.787527438291569,4.60754520376933,4.775528622656753,3873600
1994-11-23,4.583546161651611,4.607543785534604,4.475556854178144,4.487555666119641,5975200
1994-11-25,4.631542205810547,4.667538647824618,4.631542205810547,4.655539833819928,899200
1994-11-28,4.61954402923584,4.715534554518663,4.559549950934076,4.61954402923584,2557600
1994-11-29,4.691537380218506,4.7275338307061165,4.63154329607249,4.6675397465601,3160800
1994-11-30,4.571549415588379,4.739532858680866,4.55955059822463,4.739532858680866,3988800
1994-12-01,4.51155424118042,4.5595494990653185,4.487556612237971,4.487556612237971,6546400
1994-12-02,4.535551071166992,4.559548695882161,4.463558197021484,4.499554634094238,5031200
1994-12-05,4.51155424118042,4.595545942478991,4.499555426709195,4.5595494990653185,3342400
1994-12-06,4.41556453704834,4.5115550704624345,4.379568087018055,4.499556253785673,5868800
1994-12-07,4.18758487701416,4.475556329874733,4.115592013799017,4.439559898267161,16528000
1994-12-08,3.9356112480163574,4.187586358407648,3.9356112480163574,4.187586358407648,34871200
1994-12-09,4.019603729248047,4.079597814759212,3.899615558225717,3.959609643736882,22524800
1994-12-12,4.18758487701416,4.307572982372732,4.139589634870731,4.151588445406588,10862400
1994-12-13,4.283577919006348,4.2955767367066455,4.175588559703667,4.223583830504858,7059200
1994-12-14,4.283577919006348,4.319574372107241,4.247581465905454,4.27157910130605,7093600
1994-12-15,4.2355804443359375,4.3075733130781915,4.187585198507768,4.3075733130781915,5357600
1994-12-16,4.343572616577148,4.379569074725578,4.25958088089748,4.295577339045909,6369600
1994-12-19,4.403563499450684,4.403563499450684,4.283575393198621,4.343569446324652,6155200
1994-12-20,4.391566753387451,4.439562018451794,4.355570304589193,4.415564385919623,6219200
1994-12-21,4.427563667297363,4.451561302350465,4.3915672147177105,4.415564849770813,5200000
1994-12-22,4.41556453704834,4.427563353725102,4.391566903694816,4.427563353725102,4057600
1994-12-23,4.355568885803223,4.4395605723063145,4.343570073445638,4.4395605723063145,2832000
1994-12-27,4.41556453704834,4.41556453704834,4.355570453664531,4.403565720371578,5744000
1994-12-28,4.259578704833984,4.403564463870626,4.223582265074824,4.379566837364519,4925600
1994-12-29,4.41556453704834,4.427563353725102,4.247581103573674,4.259579920250436,3748800
1994-12-30,4.331573486328125,4.427564034501601,4.271579393719702,4.427564034501601,2744800
1995-01-03,4.139592170715332,4.319574439007303,4.127593352829201,4.319574439007303,6892800
1995-01-04,4.0915961265563965,4.199585467139996,4.079597310935997,4.139591389037997,7276000
1995-01-05,4.103594779968262,4.1275924102604735,4.067598334529944,4.091595964822155,6524800
1995-01-06,4.103594779968262,4.19958530113711,4.067598334529944,4.115593595114367,12976000
1995-01-09,4.3075737953186035,4.3435702337195945,4.103593977712987,4.103593977712987,9991200
1995-01-10,4.391566753387451,4.475558467250052,4.331572672057021,4.463559650983966,9035200
1995-01-11,4.355568885803223,4.475557009379068,4.247579574584961,4.463558197021484,4856000
1995-01-12,4.2355804443359375,4.391564993277488,4.175586387050726,4.379566181820445,4885600
1995-01-13,4.247580051422119,4.271577678831283,4.1635883554900435,4.271577678831283,6985600
1995-01-16,4.223584175109863,4.28357826850631,4.211585356430574,4.223584175109863,5084800
1995-01-17,4.223584175109863,4.307575905864889,4.211585356430574,4.247581812468442,6314400
1995-01-18,4.2355804443359375,4.283575690164106,4.223581632878895,4.271576878707064,5168000
1995-01-19,4.403563499450684,4.403563499450684,4.235580150697796,4.247578961323002,10840000
1995-01-20,4.391566753387451,4.391566753387451,4.295576223258764,4.391566753387451,4441600
1995-01-23,4.331573486328125,4.355571123371494,4.295577030763071,4.319574667806441,3944000
1995-01-24,4.3075737953186035,4.331571420919264,4.2715773569176125,4.319572608118934,3475200
1995-01-25,4.211584091186523,4.283576981634156,4.199585276111918,4.283576981634156,6011200
1995-01-26,4.211584091186523,4.283576981634156,4.175587645962707,4.223582906261129,4840000
1995-01-27,4.223584175109863,4.247581812468442,4.127593625675549,4.235582993789153,5033600
1995-01-30,4.51155424118042,4.547550684594094,4.223582693871031,4.223582693871031,10353600
1995-01-31,4.655540466308594,4.6795380975782255,4.475558231786354,4.5115546786908025,13500800
1995-02-01,4.703535079956055,4.763529149853453,4.6075445681202165,4.655539824038136,7759200
1995-02-02,4.583546161651611,4.763528340774057,4.5595485377686185,4.715533093008071,5815200
1995-02-03,4.739532947540283,4.7875282178951215,4.5835483188870585,4.5835483188870585,11893600
1995-02-06,4.751532077789307,4.787528532924075,4.65554153076326,4.775529714545819,10712800
1995-02-07,4.691537380218506,4.7275338307061165,4.6435421129016925,4.691537380218506,3988800
1995-02-08,4.727533340454102,4.73953215603901,4.63154281577483,4.643541631359739,7611200
1995-02-09,4.607544898986816,4.71553423255682,4.607544898986816,4.703535417715709,10384000
1995-02-10,4.64354133605957,4.703535410168867,4.559549632306555,4.64354133605957,6481600
1995-02-13,4.583546161651611,4.667537845242086,4.571547349710115,4.65553903330059,1764800
1995-02-14,4.343572616577148,4.463560810405246,4.27157970028029,4.27157970028029,39053600
1995-02-15,4.283577919006348,4.355570825208135,4.27157910130605,4.331573189807539,15294400
1995-02-16,4.2355804443359375,4.295574501621149,4.211582821421852,4.271576878707064,11510400
1995-02-17,4.127591133117676,4.223581624585528,4.0915946988172305,4.223581624585528,19148000
1995-02-21,4.019603729248047,4.139591900270377,4.007604912145814,4.1275930831681436,22363200
1995-02-22,4.1755876541137695,4.199585284309825,4.055599503133489,4.067598318231517,17464000
1995-02-23,4.115593910217285,4.27157851905934,4.103595094152512,4.1995856226707,10020000
1995-02-24,4.163589954376221,4.163589954376221,4.079598226189957,4.127593499439251,7736000
1995-02-27,4.115593910217285,4.1995856226707,4.067598645958192,4.115593910217285,5749600
1995-02-28,4.127591133117676,4.127591133117676,4.043599453083305,4.115592321684194,8917600
1995-03-01,4.2355804443359375,4.283575690164106,4.151588764136641,4.151588764136641,6400800
1995-03-02,4.139592170715332,4.247581531690515,4.139592170715332,4.223583895918252,7816800
1995-03-03,4.127591133117676,4.187585190285084,4.079595887383749,4.16358756741812,7571200
1995-03-06,4.067598819732666,4.1035952694648135,4.0436011865779005,4.1035952694648135,4715200
1995-03-07,4.0795979499816895,4.13959203748142,4.007605044982013,4.055600314981797,8988800
1995-03-08,4.103594779968262,4.175587670844898,4.043600704237732,4.175587670844898,9488000
1995-03-09,4.055599689483643,4.115593767730442,4.043600873834283,4.079597320782363,9748800
1995-03-10,4.103594779968262,4.175587670844898,4.019603073945519,4.055599519383837,8998400
1995-03-13,4.151590824127197,4.211584911181059,4.115594371894881,4.115594371894881,4505600
1995-03-14,4.18758487701416,4.223581308621732,4.18758487701416,4.18758487701416,5416000
1995-03-15,4.271579265594482,4.2835780837562645,4.103595811329531,4.199586356623789,8839200
1995-03-16,4.499556064605713,4.559550145467123,4.271578557332357,4.271578557332357,16135200
1995-03-17,4.475559234619141,4.499556871265892,4.427563961325638,4.499556871265892,9641600
1995-03-20,4.4395623207092285,4.48755758904122,4.403565869460235,4.475558771958222,2881600
1995-03-21,4.379568576812744,4.415565030868739,4.355570940775414,4.415565030868739,7248800
1995-03-22,4.391566753387451,4.403565569653537,4.355570304589193,4.379567937121365,5648800
1995-03-23,4.379568576812744,4.379568576812744,4.343572122756749,4.367569758794079,6253600
1995-03-24,4.45156192779541,4.487558385432569,4.379569012521091,4.379569012521091,7256800
1995-03-27,4.595546245574951,4.619543876100146,4.511554538736767,4.511554538736767,5320800
1995-03-28,4.670466423034668,4.718491784711118,4.586422040100882,4.598428380519994,8994400
1995-03-29,4.646453380584717,4.802535793886012,4.598428022645856,4.670466059554147,15598400
1995-03-30,4.5503997802734375,4.682469430888234,4.538393448399365,4.670463099014161,4005600
1995-03-31,4.490373611450195,4.550405344223593,4.454354571786157,4.526392651114234,6808000
1995-04-03,4.454354286193848,4.490373323548515,4.406328903054291,4.478366977763626,2620000
1995-04-04,4.454354286193848,4.550405052472961,4.370309865699624,4.466360631978737,6729600
1995-04-05,4.358301639556885,4.418333342581084,4.334288958347205,4.418333342581084,5285600
1995-04-06,4.298268795013428,4.370306819510859,4.250243445348474,4.334287807262144,10004800
1995-04-07,4.370306968688965,4.370306968688965,4.286262603906485,4.286262603906485,3857600
1995-04-10,4.310274600982666,4.358299944726205,4.286261929110896,4.346293608790321,5574400
1995-04-11,4.298268795013428,4.334287807262144,4.286262457597189,4.310275132429667,2949600
1995-04-12,4.370306968688965,4.370306968688965,4.274256266080416,4.274256266080416,4062400
1995-04-13,4.406325340270996,4.4543506845791265,4.38231266811693,4.38231266811693,4421600
1995-04-17,4.322284698486328,4.454354508717855,4.29827200571696,4.394322776794434,5584000
1995-04-18,4.190211772918701,4.3462941598755584,4.154192760544042,4.3342878224173385,15420000
1995-04-19,3.781996965408325,4.14218715259007,3.625914550962902,4.130180813017345,77760800
1995-04-20,3.7699906826019287,3.7699906826019287,3.529863887531742,3.673939964573854,58239200
1995-04-21,3.878047227859497,3.9380789186932357,3.745977508025273,3.8060091988590115,18575200
1995-04-24,3.7099573612213135,3.902058713258663,3.649925688709642,3.86603970975166,17893600
1995-04-25,3.5658812522888184,3.769988933396259,3.529862249740446,3.7459762650306776,21304800
1995-04-26,3.4818382263183594,3.613907952144228,3.457825548895474,3.517857242452687,25675200
1995-04-27,3.5898959636688232,3.6019023046844376,3.48183889452829,3.529864258590749,19688000
1995-04-28,3.493844747543335,3.5898954622524304,3.4698320688660615,3.5898954622524304,16064800
1995-05-01,3.5298640727996826,3.541870413183355,3.4338133497303036,3.4578260304976483,19492000
1995-05-02,3.6859450340270996,3.7099577052585464,3.5058499997912476,3.5778880134855884,15804000
1995-05-03,3.637921094894409,3.7339718168718194,3.613908414400057,3.7219654766246433,13880800
1995-05-04,3.325756549835205,3.5058516698623823,3.3017438671649146,3.4578263045218014,44124000
1995-05-05,3.409801483154297,3.4218078264048404,3.2777317073983205,3.373782453402667,34224800
1995-05-08,3.457824945449829,3.493843955298265,3.4218059356013932,3.4218059356013932,23605600
1995-05-09,3.517857789993286,3.5538768117338315,3.4818387682527403,3.505851449413104,14768800
1995-05-10,3.721966028213501,3.7459787122664916,3.553877239842569,3.565883581869064,20340000
1995-05-11,3.7459752559661865,3.757981586914796,3.697949932171748,3.757981586914796,7718400
1995-05-12,3.637921094894409,3.7339718168718194,3.625914754647233,3.7339718168718194,7256000
1995-05-15,3.6859450340270996,3.697951369642823,3.589894349101312,3.649926027179929,7862400
1995-05-16,3.6739389896392822,3.721964335909077,3.6499263165043847,3.6859453262067308,4984800
1995-05-17,3.7339704036712646,3.7579830750775107,3.6739387251556495,3.6739387251556495,5903200
1995-05-18,3.7099573612213135,3.794001702737654,3.685944692216645,3.78199536823532,10303200
1995-05-19,3.637921094894409,3.6859464558831143,3.613908414400057,3.661933775388762,6233600
1995-05-22,3.5058510303497314,3.553876386929865,3.4338129954795313,3.529863708639798,20612800
1995-05-23,3.457824945449829,3.5298629651467004,3.457824945449829,3.48183761868212,19688000
1995-05-24,3.5058510303497314,3.5778890652199316,3.4818383520596647,3.5058510303497314,27839200
1995-05-25,3.517857789993286,3.5418704711536497,3.4578260870923767,3.505851449413104,10592800
1995-05-26,3.4698312282562256,3.5418692468359394,3.4458185553963205,3.529862910405987,7868000
1995-05-30,3.517857789993286,3.529864130573468,3.4818387682527403,3.517857789993286,5754400
1995-05-31,3.5778894424438477,3.5778894424438477,3.49384505956765,3.5178577403894207,6893600
1995-06-01,3.637921094894409,3.661933775388762,3.589895733905704,3.60190207415288,6764000
1995-06-02,3.721966028213501,3.7339723702399965,3.6019026079485497,3.6619343180810255,7256800
1995-06-05,3.8060097694396973,3.8540351293064443,3.7339717296395767,3.7459780696062634,9493600
1995-06-06,3.781996965408325,3.8180159841264993,3.7699906258356,3.7940033049810498,7547200
1995-06-07,3.97409987449646,4.010118906591594,3.9020618103061917,3.938080842401326,18305600
1995-06-08,3.9981112480163574,4.022123928184624,3.974098567848091,3.9861049079322237,15116000
1995-06-09,4.022121906280518,4.022121906280518,3.950083901988926,3.9981092381833205,9519200
1995-06-12,3.98610520362854,4.0221242265528945,3.938079839729401,4.01011788557811,7086400
1995-06-13,4.070148944854736,4.082155283925104,3.938079215080689,3.986104571362161,15579200
1995-06-14,3.8420283794403076,3.9020600728690624,3.8060093633830547,3.8900537341833115,25392800
1995-06-15,3.8660426139831543,3.9140679880699016,3.8420299269397806,3.8660426139831543,14764000
1995-06-16,3.8420283794403076,3.8780473954975605,3.8300220407545567,3.8780473954975605,8520000
1995-06-19,3.914064645767212,3.9260709790364365,3.818013979613415,3.842026646151864,7788800
1995-06-20,3.8540353775024414,3.938079762681622,3.854035377502441,3.902060740461973,4287200
1995-06-21,4.046135425567627,4.058141762142012,3.878046713526242,3.914065723249396,17556800
1995-06-22,4.2862653732299805,4.2862653732299805,4.178208262980485,4.226233645313594,36239200
1995-06-23,4.130181789398193,4.262251555919647,4.082156419754028,4.262251555919647,13220000
1995-06-26,4.130181789398193,4.310276925563812,4.106169104576111,4.250245213508606,30400000
1995-06-27,3.9380784034729004,4.190211471987934,3.926072066876946,4.106167115816256,35934400
1995-06-28,3.9020581245422363,3.9020581245422363,3.7940011303241437,3.84202646108774,25974400
1995-06-29,3.9380784034729004,3.974097413260762,3.8660403838971766,3.8780467204931304,12580000
1995-06-30,3.97409987449646,3.97409987449646,3.878049122242769,3.938080842401326,14227200
1995-07-03,4.034131050109863,4.058143734931946,3.9620929956436157,3.974099338054657,5537600
1995-07-05,3.9981112480163574,4.094161968689423,3.9861049079322237,4.04613660835289,9252800
1995-07-06,3.8900537490844727,4.022123475133637,3.842028394157504,3.9861044589384105,25851200
1995-07-07,3.878047227859497,3.9020599041929924,3.8420282133592543,3.8660408896927496,22072800
1995-07-10,3.914064645767212,3.9260709790364365,3.842026646151864,3.9020583124979873,10256800
1995-07-11,3.9981112480163574,4.034130268268757,3.9140668674274246,3.926073207511558,9295200
1995-07-12,4.106167316436768,4.118173653619331,3.9620912702460034,4.046135630523949,11736000
1995-07-13,4.262248516082764,4.310273851475245,4.142185177601559,4.142185177601559,18412000
1995-07-14,4.274257659912109,4.286264001653436,4.166200584240174,4.286264001653436,11934400
1995-07-17,4.418334007263184,4.466359376907349,4.3703086376190186,4.3703086376190186,17460800
1995-07-18,4.322284698486328,4.406329123179118,4.310278352101644,4.394322776794434,10394400
1995-07-19,4.15419340133667,4.286263133749108,3.914066615132238,4.250244115818442,17044800
1995-07-20,4.250241756439209,4.2982670870204425,4.178203760567357,4.226229091148592,8828000
1995-07-21,4.202219486236572,4.238238510404314,4.202219486236572,4.226232169015067,6537600
1995-07-24,4.2862653732299805,4.2862653732299805,4.154195571813931,4.154195571813931,8751200
1995-07-25,4.394320964813232,4.442346330548896,4.334289257643653,4.370308281945401,8264800
1995-07-26,4.394320964813232,4.442346330548896,4.334289257643653,4.418333647681065,6201600
1995-07-27,4.394320964813232,4.442346330548896,4.382314623379317,4.418333647681065,10260800
1995-07-28,4.322284698486328,4.430341815948487,4.310278352101644,4.406329123179118,5317600
1995-07-31,4.322284698486328,4.418335469563802,4.322284698486328,4.418335469563802,6979200
1995-08-01,4.346296310424805,4.3823153406216955,4.274258250031023,4.322283623626878,5119200
1995-08-02,4.322284698486328,4.418335469563802,4.274259312947591,4.370310084025065,5758400
1995-08-03,4.070148944854736,4.298269387191728,3.938079215080689,4.298269387191728,40277600
1995-08-04,3.9380784034729004,4.070148106028394,3.9380784034729004,4.046135432836486,18620800
1995-08-07,4.010117053985596,4.010117053985596,3.938079023075675,3.938079023075675,10954400
1995-08-08,3.9620916843414307,4.010117038091024,3.950085345904032,4.010117038091024,5018400
1995-08-09,3.9620916843414307,3.9981106996536253,3.950085345904032,3.986104361216227,3325600
1995-08-10,3.9620916843414307,4.010117038091024,3.950085345904032,3.950085345904032,4196000
1995-08-11,3.98610520362854,4.0221242265528945,3.9620925216789704,3.9740988626537552,6788800
1995-08-14,3.98610520362854,4.046136908502464,3.9500861807041856,3.98610520362854,6425600
1995-08-15,4.010117053985596,4.046136069440556,3.986104377015622,3.986104377015622,6223200
1995-08-16,4.118175029754639,4.142187712143879,3.9861052766138196,3.9861052766138196,8216000
1995-08-17,4.178206443786621,4.1902127841423304,4.058143040229535,4.142187422719496,7424800
1995-08-18,4.214225769042969,4.286263816377036,4.1421877217089005,4.226232110265313,8463200
1995-08-21,4.190211772918701,4.262249797668019,4.178205435460481,4.23823712275158,6047200
1995-08-22,4.142187118530273,4.202218815900277,4.130180779056273,4.190212476426277,3301600
1995-08-23,4.046135425567627,4.142186118162704,4.046135425567627,4.142186118162704,3148000
1995-08-24,4.010117053985596,4.0701487464105295,3.986104377015622,4.0701487464105295,5063200
1995-08-25,4.022121906280518,4.034128240329116,3.986102904134722,4.022121906280518,3133600
1995-08-28,4.034131050109863,4.082156419754028,4.010118365287781,4.082156419754028,4864800
1995-08-29,4.05814266204834,4.05814266204834,3.9861046266273634,4.034129983574681,2398400
1995-08-30,4.070148944854736,4.118174301136208,3.986104571362161,4.082155283925104,6644800
1995-08-31,4.05814266204834,4.0941616797588285,4.034129983574681,4.070149001285169,2963200
1995-09-01,4.022121906280518,4.094159910572109,4.010115572231919,4.082153576523511,6571200
1995-09-05,4.178206443786621,4.178206443786621,4.022124019162408,4.022124019162408,6999200
1995-09-06,4.238235950469971,4.25024228460728,4.190210613920736,4.2022169480580445,6676000
1995-09-07,4.226231098175049,4.250243774869225,4.142186729745432,4.226231098175049,7068800
1995-09-08,4.418334007263184,4.442346692085266,4.1902135014534,4.226232528686523,17129600
1995-09-11,4.358301639556885,4.490371386210124,4.334288958347205,4.466358705000444,17967200
1995-09-12,4.370306968688965,4.4063259821671705,4.334287955210759,4.394319644341102,8372800
1995-09-13,4.394320964813232,4.454352671982813,4.370308281945401,4.382314623379317,10701600
1995-09-14,4.3823161125183105,4.49037322214205,4.334290730463316,4.430341494573306,12752000
1995-09-15,4.442344665527344,4.51438268713049,4.40632565472577,4.442344665527344,20004000
1995-09-18,4.490373611450195,4.538398997668914,4.4303418786767965,4.466360918340836,14216000
1995-09-19,4.5503997802734375,4.5503997802734375,4.490368120903075,4.502374452777148,8788000
1995-09-20,4.57441520690918,4.610434224286418,4.538396189531942,4.550402528657688,17740000
1995-09-21,4.646453380584717,4.658459720069431,4.550402664706996,4.562409004191712,9044000
1995-09-22,4.610435485839844,4.634448170661926,4.562410116195679,4.586422801017761,8728000
1995-09-25,4.562409400939941,4.634447444112677,4.538396719882362,4.610434763055098,5924000
1995-09-26,4.562409400939941,4.598428422526309,4.562409400939941,4.562409400939941,5415200
1995-09-27,4.514382362365723,4.5624077066462085,4.41833167380475,4.5624077066462085,13947200
1995-09-28,4.622439861297607,4.646452535901751,4.466357476370675,4.490370150974818,8872800
1995-09-29,4.6944780349731445,4.730497048029204,4.610433671175672,4.610433671175672,14333600
1995-10-02,4.75451135635376,4.814543065398631,4.646454280072993,4.646454280072993,12754400
1995-10-03,4.730497360229492,4.742503698707233,4.694478344796273,4.730497360229492,7386400
1995-10-04,4.6824727058410645,4.7064853863838385,4.646453685026902,4.7064853863838385,5639200
1995-10-05,4.76651668548584,4.76651668548584,4.682472310678785,4.6944786499369355,5588800
1995-10-06,4.706484317779541,4.7785223430516774,4.694477980234185,4.730496992870253,4779200
1995-10-09,4.7184929847717285,4.7545120151898335,4.610435893517414,4.658461267408221,6049600
1995-10-10,4.670466423034668,4.670466423034668,4.57441569968177,4.658460082615556,4986400
1995-10-11,4.598426818847656,4.670464836897489,4.574414146164379,4.670464836897489,2798400
1995-10-12,4.670466423034668,4.682472763453781,4.550403018843546,4.598428380519994,4332000
1995-10-13,4.6824727058410645,4.7304980669266135,4.670466365569677,4.694479046112451,6705600
1995-10-16,4.6944780349731445,4.6944780349731445,4.646452684231732,4.682471697287792,3413600
1995-10-17,4.742505073547363,4.742505073547363,4.70648604767232,4.730498731589016,5727200
1995-10-18,4.826547145843506,4.838553482027196,4.742502792557674,4.766515464925054,9509600
1995-10-19,4.790530681610107,4.874575079533092,4.766517996489255,4.802537024170534,9998400
1995-10-20,4.76651668548584,4.8025357032602916,4.718491328453236,4.790529364002141,3268800
1995-10-23,4.886580944061279,4.886580944061279,4.75451118881638,4.76651753020228,10004800
1995-10-24,5.2347636222839355,5.2347636222839355,4.898586141953774,4.9105924805369945,24648800
1995-10-25,5.162725925445557,5.270782979699068,5.150719586084055,5.19874494353006,22716800
1995-10-26,5.210752487182617,5.210752487182617,5.006644670864405,5.210752487182617,15798400
1995-10-27,5.102695465087891,5.174733518712661,5.042663753733915,5.078682780546301,6506400
1995-10-30,5.174731254577637,5.186737591595218,5.12670590650731,5.162724917560055,3976800
1995-10-31,5.102695465087891,5.210752545525046,5.102695465087891,5.186739860983456,4691200
1995-11-01,5.222759246826172,5.27078461921078,5.10269581586465,5.10269581586465,9884800
1995-11-02,5.522915840148926,5.570941195280656,5.19874469300975,5.234763709358547,19788000
1995-11-03,5.594954490661621,5.618967170879054,5.498903769791894,5.618967170879054,12976000
1995-11-06,5.522915840148926,5.594953872846521,5.522915840148926,5.570941195280656,8893600
1995-11-07,5.522915840148926,5.6069602116294535,5.486896823800129,5.522915840148926,18787200
1995-11-08,5.522915840148926,5.534922178931859,5.414858791102534,5.486896823800129,11869600
1995-11-09,5.510908603668213,5.570940287804032,5.486895930013885,5.570940287804032,7004000
1995-11-10,5.47489070892334,5.582947762388931,5.4508780303754305,5.510909726745203,4720800
1995-11-13,5.594954490661621,5.594954490661621,5.51091010990061,5.522916450009326,4310400
1995-11-14,5.582947731018066,5.630973087844028,5.558935052605086,5.606960409431047,6072800
1995-11-15,5.534923076629639,5.570942098820288,5.474891372978559,5.558935758090072,3369600
1995-11-16,5.534923076629639,5.546929417359855,5.486897713708775,5.534923076629639,4886400
1995-11-17,5.606959819793701,5.66699150951312,5.486896440354864,5.510909116242631,4759200
1995-11-20,5.318807601928711,5.594953369071736,5.282788588823099,5.570940693667994,4812800
1995-11-21,5.486896514892578,5.51090919110655,5.294795105180803,5.294795105180803,11211200
1995-11-22,5.594954490661621,5.618967170879054,5.498903769791894,5.51091010990061,8829600
1995-11-24,5.558935165405273,5.606960523205751,5.558935165405273,5.582947844305512,3357600
1995-11-27,5.618967056274414,5.642979736002082,5.462884638044569,5.570941696819077,5096000
1995-11-28,5.787055969238281,5.787055969238281,5.546929165535448,5.654986227201723,12792000
1995-11-29,5.751036643981934,5.787055662629002,5.727023964883887,5.787055662629002,6607200
1995-11-30,6.039189338684082,6.039189338684082,5.75103716347848,5.775049844745613,10000800
1995-12-01,5.8831071853637695,6.015176938504589,5.79906279700143,6.015176938504589,12248800
1995-12-04,5.811067581176758,5.8710992710649474,5.7630422292662065,5.8710992710649474,10139200
1995-12-05,5.9311299324035645,5.967148940090225,5.787053901656919,5.787053901656919,8262400
1995-12-06,6.0151753425598145,6.027181680568916,5.907118300477902,5.907118300477902,7656800
1995-12-07,5.991163730621338,6.039189091187441,5.93113202991371,6.003170070762864,7412000
1995-12-08,5.919124126434326,5.979155811286602,5.871098778552506,5.967149474316146,4216000
1995-12-11,6.0632004737854,6.111225824072809,5.967149773210582,6.003168785926139,6585600
1995-12-12,6.0632004737854,6.075206811357253,5.991162448354287,6.039187798641696,4578400
1995-12-13,6.087213516235352,6.099219854531674,6.0031691481610965,6.0632008396427075,5318400
1995-12-14,6.05119514465332,6.135239521662394,6.02718246550787,6.0992205029442195,6510400
1995-12-15,6.243294715881348,6.243294715881348,6.051193340008075,6.075206011992234,12188800
1995-12-18,5.979157447814941,6.195271572434759,5.907119406275003,6.195271572434759,9050400
1995-12-19,5.7990617752075195,5.979156861394089,5.751036418891101,5.919125165998565,9767200
1995-12-20,5.751036643981934,5.871100039472162,5.6309732484917046,5.7390303044329105,9749600
1995-12-21,5.955144882202148,6.087214627573567,5.739030753412554,5.751037093900865,12664000
1995-12-22,6.039189338684082,6.0872147012183495,5.955144954249115,5.955144954249115,6112000
1995-12-26,6.027182579040527,6.087214278034955,5.979157219844986,6.063201598437184,1830400
1995-12-27,6.207275867462158,6.2312885400635585,6.01517448665095,6.01517448665095,3241600
1995-12-28,6.279314994812012,6.303327671656417,6.159251610589985,6.195270625856593,3443200
1995-12-29,6.279314994812012,6.291321333234214,6.171257949012188,6.255302317967606,3212800
1996-01-02,6.207275867462158,6.243294876364259,6.147244185958655,6.243294876364259,7608800
1996-01-03,6.231290340423584,6.267309359732391,6.135239622266766,6.219284000653982,8917600
1996-01-04,6.291323661804199,6.291323661804199,6.171260233143814,6.243298290340045,6700800
1996-01-05,6.039189338684082,6.267309810721851,5.979157635516248,6.267309810721851,9153600
1996-01-08,5.919124126434326,6.039187496138877,5.895111452493416,6.039187496138877,1856800
1996-01-09,5.582947731018066,5.919125228799799,5.498903356572633,5.919125228799799,10149600
1996-01-10,5.570942401885986,5.763043864019986,5.522917036352487,5.558936060502612,13175200
1996-01-11,5.582947731018066,5.642979427050519,5.534922374192105,5.594954070224556,8502400
1996-01-12,5.45088005065918,5.594956175346207,5.390848332039585,5.582949831622288,10568000
1996-01-15,5.594954490661621,5.654986191205201,5.474891089574462,5.486897429683178,8028800
1996-01-16,5.691003322601318,5.703009658724949,5.582946297488634,5.654984314230424,6560000
1996-01-17,5.727025508880615,5.751038194452441,5.642981109379222,5.666993794951049,5332800
1996-01-18,5.8230743408203125,5.907118712749678,5.775048985432104,5.775048985432104,6118400
1996-01-19,5.67899751663208,5.8590925752990595,5.642978504898684,5.823073563565663,6225600
1996-01-22,5.570942401885986,5.691005815719736,5.570942401885986,5.654986791569612,3340800
1996-01-23,5.534923076629639,5.606961121010936,5.462885032248342,5.59495478028072,7772800
1996-01-24,5.8230743408203125,5.871099696208521,5.53492220849106,5.53492220849106,6166400
1996-01-25,5.85909366607666,5.943138042434318,5.799061968678334,5.811068308157999,6009600
1996-01-26,5.955144882202148,5.955144882202148,5.859094158295663,5.859094158295663,3581600
1996-01-29,5.943138122558594,6.051195179332386,5.871100084709399,5.955144462200126,6013600
1996-01-30,5.943138122558594,5.967150801841659,5.859093745067866,5.955144462200126,5087200
1996-01-31,6.027182579040527,6.135239637230497,5.883106501453901,5.9191255208505575,7932800
1996-02-01,6.0632004737854,6.135238499216514,6.027181461069843,6.111225824072809,6980800
1996-02-02,6.0992207527160645,6.111227092780466,6.0632017325228595,6.0992207527160645,4912000
1996-02-05,6.027182579040527,6.075207938236069,5.799062122861702,6.051195258638298,13734400
1996-02-06,6.003170490264893,6.099221218109131,5.967151467323303,6.027183172225952,14009600
1996-02-07,6.0151753425598145,6.14724506065993,5.97915632853251,6.039188018578018,6124800
1996-02-08,6.207275867462158,6.243294876364259,6.039187159252351,6.039187159252351,6500000
1996-02-09,6.1952691078186035,6.339345133581827,6.183262772338335,6.1952691078186035,8860800
1996-02-12,6.447404384613037,6.507436082793792,6.267309290070774,6.291321969343076,7567200
1996-02-13,6.471415042877197,6.555459394083394,6.363358019897801,6.387370691670999,6436000
1996-02-14,6.435399532318115,6.555462956428528,6.3993805050849915,6.471418559551239,6348000
1996-02-15,6.435399532318115,6.471418559551239,6.375367820262909,6.411386847496033,7684000
1996-02-16,6.243294715881348,6.43539609175462,6.207275707905109,6.43539609175462,7568800
1996-02-20,6.159252643585205,6.231290686200237,6.099220941406012,6.219284345764398,7227200
1996-02-21,6.171257019042969,6.195269692268817,6.111225335978348,6.123231672591272,4661600
1996-02-22,6.243294715881348,6.2913200598496655,6.17125669992887,6.17125669992887,5648000
1996-02-23,6.255302906036377,6.2673092455873105,6.183264868730776,6.2673092455873105,2978400
1996-02-26,6.1952691078186035,6.291319791660753,6.159250101377798,6.243294449739678,3413600
1996-02-27,6.231290340423584,6.231290340423584,6.015176224570743,6.147245962036368,3165600
1996-02-28,6.087213516235352,6.267308590680185,6.0511945013463855,6.231289575791218,5583200
1996-02-29,6.255302906036377,6.291321924689178,6.003169775466772,6.0511951336705065,10796800
1996-03-01,6.423391819000244,6.62749959642642,6.279315740817061,6.303328420514258,13879200
1996-03-04,6.3753662109375,6.471416925979873,6.33934719279661,6.423391568458686,4637600
1996-03-05,6.327342510223389,6.423393250416534,6.315336167699246,6.375367880319962,4972000
1996-03-06,6.243294715881348,6.339345403817983,6.18326303592095,6.315332731833824,7897600
1996-03-07,6.267309665679932,6.267309665679932,6.207277963901388,6.219284304257097,5820000
1996-03-08,6.003170490264893,6.219284627914429,5.991164149284363,6.219284627914429,7408800
1996-03-11,6.0992207527160645,6.135239772909269,5.895112971621235,5.907119311685637,8248000
1996-03-12,6.039189338684082,6.051195679317649,5.883106910447714,6.051195679317649,6305600
1996-03-13,6.019678115844727,6.1592521792945485,5.931131728209565,5.9791570863327195,8032800
1996-03-14,6.0151753425598145,6.195270412696336,6.0151753425598145,6.14724506065993,7608800
1996-03-15,5.943138122558594,6.051195179332386,5.9191254432755285,6.051195179332386,5534400
1996-03-18,5.967151165008545,5.997167382343602,5.955144824636295,5.967151165008545,3373600
1996-03-19,6.039189338684082,6.0872147012183495,6.003170316783382,6.027182998050516,4760800
1996-03-20,5.943138122558594,6.015176160407789,5.835081065784801,6.015176160407789,7455200
1996-03-21,5.991163730621338,6.051195431328967,5.907119349630658,5.919125689772184,5338400
1996-03-22,5.919124126434326,6.039187496138877,5.919124126434326,6.039187496138877,1927200
1996-03-25,5.907120227813721,6.0391899890046785,5.883107543960819,6.027183647078227,2296000
1996-03-26,5.835081100463867,5.9311318181669765,5.7870557416123125,5.871100119602533,3448800
1996-03-27,5.919124126434326,5.979155811286602,5.763041745818411,5.823073430670687,4989600
1996-03-28,5.835081100463867,5.907119138741199,5.763043062186536,5.89511279902831,3789600
1996-03-29,5.907120227813721,5.9671519374459745,5.835082176255018,5.8951138858872705,6361600
1996-04-01,6.16005277633667,6.172060676485475,5.991942174253408,6.075997475295039,7657600
1996-04-02,6.136038780212402,6.160054587571356,6.015959743417639,6.148046683891879,6580000
1996-04-03,6.100012302398682,6.136035997097887,6.063988607699477,6.136035997097887,6389600
1996-04-04,6.003951549530029,6.11202267742157,5.919896227836609,6.08800687122345,5784800
1996-04-08,5.859854698181152,5.9078862940678825,5.751783607436008,5.859854698181152,7160000
1996-04-09,5.847845554351807,5.955916622091367,5.787806072274273,5.883869243598327,3832800
1996-04-10,5.607689380645752,5.8478473840995315,5.523634079436929,5.835839483926843,9472000
1996-04-11,5.7758002281188965,5.787808128801057,5.52363431379354,5.6557212212972985,9473600
1996-04-12,5.8238301277160645,5.847845922057161,5.715759053181126,5.77579853903387,5787200
1996-04-15,5.919893741607666,5.979933231887663,5.835838455215671,5.871862149383669,8429600
1996-04-16,6.015959739685059,6.015959739685059,5.883872799292772,5.91989651030885,4548800
1996-04-17,5.847845554351807,5.967924518506874,5.823829761520793,5.955916622091367,4269600
1996-04-18,5.763792991638184,5.835840404033661,5.739777187506357,5.835840404033661,7500000
1996-04-19,5.763792991638184,5.775800893704096,5.571666558583577,5.571666558583577,14465600
1996-04-22,5.559658527374268,5.76379285775302,5.547650625587282,5.76379285775302,14060800
1996-04-23,5.631706237792969,5.6677299450709615,5.547650920810984,5.571666725662979,10274400
1996-04-24,5.595682621002197,5.715761647203961,5.595682621002197,5.667730036723255,6092000
1996-04-25,5.643712997436523,5.679736697420161,5.559657697474703,5.595681397458341,5677600
1996-04-26,5.607689380645752,5.73977628254533,5.571665680127685,5.619697280818441,4519200
1996-04-29,5.583673000335693,5.643712494962959,5.535641404633881,5.6076887981866,3952000
1996-04-30,5.619696617126465,5.679736110899184,5.595680819617378,5.6076887183719215,4215200
1996-05-01,5.535641670227051,5.619696966738091,5.49961797172232,5.607689067236514,8640000
1996-05-02,5.463595867156982,5.511627479175945,5.41556425513802,5.499619576171205,12440800
1996-05-03,5.463595867156982,5.571666994199648,5.439580061147502,5.463595867156982,9364800
1996-05-06,5.39154577255249,5.499616845944411,5.295482596204117,5.487608948900864,10036000
1996-05-07,5.2234368324279785,5.343515840070001,5.145385843912714,5.187413130135372,28999200
1996-05-08,5.211430072784424,5.235445879571449,5.139382652423349,5.187414265997399,21213600
1996-05-09,5.247453689575195,5.271469495934808,5.11536675459733,5.247453689575195,10404800
1996-05-10,5.127372741699219,5.319499120779284,5.115364843006715,5.271467526009268,10878400
1996-05-13,5.211430072784424,5.283477493145499,5.127374749029836,5.163398459210374,12179200
1996-05-14,5.187411308288574,5.211427101382503,5.127371825553753,5.211427101382503,10517600
1996-05-15,5.283474445343018,5.35552182414315,5.187411273609508,5.187411273609508,8123200
1996-05-16,5.307491302490234,5.343514999113472,5.28347550474141,5.28347550474141,5584800
1996-05-17,5.307491302490234,5.403554493485533,5.2954834036158225,5.403554493485533,7096800
1996-05-20,5.247453689575195,5.343516915013643,5.223437883215584,5.319501108654031,6544000
1996-05-21,5.115364074707031,5.259458837374835,5.067332487151097,5.247450940485851,11654400
1996-05-22,5.163395881652832,5.235443266047987,5.103356394656869,5.115364292056062,7700800
1996-05-23,5.079342365264893,5.1754055778467345,5.079342365264893,5.139381873128544,5720000
1996-05-24,5.103358268737793,5.163397777781767,5.079342465120203,5.091350366928998,9333600
1996-05-28,5.043318271636963,5.115365675517491,4.983278768403189,5.115365675517491,9030400
1996-05-29,4.983278751373291,5.067334055613323,4.935247148950416,5.067334055613323,10906400
1996-05-30,5.151389122009277,5.223436522317099,4.995286421342329,5.067333821650152,9296000
1996-05-31,5.271469593048096,5.283477496449116,5.17540636583993,5.283477496449116,6528800
1996-06-03,5.343516826629639,5.343516826629639,5.223437796817737,5.259461505761307,4240800
1996-06-04,5.103358268737793,5.343516304913689,5.043318759693819,5.331508403104894,19317600
1996-06-05,5.25946044921875,5.30749205149472,5.1393814435288245,5.1393814435288245,10052000
1996-06-06,5.283474445343018,5.319498134743084,5.2474507559429515,5.295482341809707,6555200
1996-06-07,5.0673346519470215,5.139382064060013,5.019303043871695,5.019303043871695,13099200
1996-06-10,4.887217044830322,5.043319800562003,4.875209140543269,5.043319800562003,13524000
1996-06-11,4.851191997528076,4.9472552053999195,4.827176195560115,4.923239403431959,15109600
1996-06-12,5.055327415466309,5.091351126265356,4.875208861471072,4.875208861471072,16433600
1996-06-13,5.043318271636963,5.103357774870736,4.971270867756435,5.043318271636963,6343200
1996-06-14,5.019303798675537,5.175406548395111,5.019303798675537,5.139382836921364,13653600
1996-06-17,5.019303798675537,5.043319606324703,4.959264279552624,5.043319606324703,7053600
1996-06-18,5.043318271636963,5.091349874223982,5.019302470343454,5.091349874223982,4726400
1996-06-19,4.887217044830322,5.091351417710213,4.8031617148209556,5.091351417710213,13540800
1996-06-20,4.635049343109131,4.731112541930045,4.611033543403902,4.707096742224817,23217600
1996-06-21,4.683082580566406,4.707098388671875,4.623043060302734,4.659066772460938,22692000
1996-06-24,4.635049343109131,4.683080942519588,4.611033543403902,4.683080942519588,12801600
1996-06-25,4.683082580566406,4.683082580566406,4.599027252197266,4.611035156250001,5799200
1996-06-26,4.755129814147949,4.779145621290111,4.623042874866061,4.683082392721465,7352800
1996-06-27,4.839186191558838,4.899225722471479,4.767138754463669,4.767138754463669,7802400
1996-06-28,4.851191997528076,4.911231502447978,4.827176195560115,4.899223601463998,8937600
1996-07-01,4.899223327636719,4.911231227949553,4.827175925759708,4.8511917263853785,4297600
1996-07-02,4.791153430938721,4.887216657624209,4.779145527603035,4.887216657624209,9641600
1996-07-03,4.755129814147949,4.791153524861191,4.671074489150384,4.791153524861191,12380800
1996-07-05,4.659064769744873,4.6710726686359685,4.611033174180493,4.6470568708537785,6032800
1996-07-08,4.62304162979126,4.68308113147686,4.575010028442779,4.63504953012838,8626400
1996-07-09,4.3828840255737305,4.611034152932364,4.370876124133803,4.611034152932364,25338400
1996-07-10,4.250795841217041,4.406898513352131,4.178748454077769,4.406898513352131,36861600
1996-07-11,2.977959632873535,3.5063073096736783,2.881896418909873,3.4342598992009314,116028800
1996-07-12,3.182093858718872,3.2181175627798404,3.074022746535967,3.074022746535967,64288800
1996-07-15,3.1340620517730713,3.2181173558436136,3.098038350028553,3.2181173558436136,27572800
1996-07-16,3.0860297679901123,3.1820929514294933,3.0500060742003448,3.134061359709803,24789600
1996-07-17,3.194101572036743,3.2301252739770074,3.1460699694497247,3.218117373330253,14917600
1996-07-18,3.2901647090911865,3.3622121114800447,3.2061094063041855,3.2421331074986144,10948800
1996-07-19,3.278157949447632,3.3622132814847507,3.242134235717438,3.3381974723312884,13724800
1996-07-22,3.3261892795562744,3.3502050866288826,3.1941023406569276,3.278157665411057,6880000
1996-07-23,3.2181179523468018,3.3381969804194433,3.1700863411177447,3.3381969804194433,8064800
1996-07-24,3.11004638671875,3.158077991146839,3.0740226833976836,3.0740226833976836,10048800
1996-07-25,3.122054100036621,3.1700857015756463,3.110046199651865,3.1340620004213777,10350400
1996-07-26,3.2181179523468018,3.2661495635758584,3.122054729888688,3.1460705355032164,11048800
1996-07-29,3.2181179523468018,3.24213375796133,3.1700863411177447,3.2181179523468018,3820800
1996-07-30,3.242133378982544,3.2661491817898223,3.182093871964349,3.242133378982544,19508000
1996-07-31,3.242133378982544,3.3021728860007395,3.1941017733679877,3.2661491817898223,8912800
1996-08-01,3.3141801357269287,3.3742196309393733,3.2421327414719956,3.2421327414719956,16432800
1996-08-02,3.374220132827759,3.3862280336563275,3.314180628684916,3.314180628684916,11880000
1996-08-05,3.4942989349365234,3.5063068350565803,3.3742199337359557,3.3862278338560126,23803200
1996-08-06,3.6143786907196045,3.6383944959735555,3.5783549828386785,3.602370788092629,27286400
1996-08-07,3.67441725730896,3.67441725730896,3.6263856591742023,3.6263856591742023,11690400
1996-08-08,3.770481824874878,3.81851344047838,3.746466017073127,3.770481824874878,18700000
1996-08-09,3.806504011154175,3.866543506598247,3.7344566166212885,3.7944961120653606,10524800
1996-08-12,3.710439682006836,3.8305186361170893,3.6744159957737597,3.8185107407060643,5596000
1996-08-13,3.5903613567352295,3.698432434362711,3.5543376641927353,3.6504008443060525,7092000
1996-08-14,3.6263842582702637,3.734455312324675,3.6263842582702632,3.6504000480601326,9372000
1996-08-15,3.67441725730896,3.710440955910028,3.6383935587078917,3.6383935587078917,7120800
1996-08-16,3.7344558238983154,3.7344558238983154,3.650400548119254,3.674416341198986,7407200
1996-08-19,3.770481824874878,3.7824897287757535,3.7344581131722516,3.758473920974003,4779200
1996-08-20,3.710439682006836,3.758471263650937,3.6624081003627347,3.7224475774178614,5800000
1996-08-21,3.746462106704712,3.8305173462782154,3.698430541234139,3.7224463239694257,6341600
1996-08-22,3.866544246673584,3.8905600494479544,3.782488936963289,3.782488936963289,6286400
1996-08-23,3.830522060394287,3.8665457788305972,3.782490435812541,3.8425299665397237,6284000
1996-08-26,3.770481824874878,3.830521344379255,3.7344581131722516,3.8065055365775042,3828800
1996-08-27,3.830522060394287,3.8665457788305972,3.7704825296671043,3.7704825296671043,7619200
1996-08-28,3.818511962890625,3.866543559908117,3.794496164381879,3.8185119628906246,5947200
1996-08-29,3.7344558238983154,3.7944953065976454,3.7344558238983154,3.7944953065976454,5450400
1996-08-30,3.710439682006836,3.7464633682399118,3.6624081003627347,3.7224475774178614,8835200
1996-09-03,3.710439682006836,3.7704791590619626,3.6504002049517092,3.6744159957737597,6464000
1996-09-04,3.8905582427978516,3.902566138608956,3.6864240140090754,3.69843190982018,13727200
1996-09-05,3.806504011154175,3.890559304775876,3.770480313887732,3.842527708420618,13128000
1996-09-06,3.722450017929077,3.8065053409145726,3.6624105015108666,3.8065053409145726,17397600
1996-09-09,3.746462106704712,3.7704778894399986,3.698430541234139,3.7224463239694257,5265600
1996-09-10,3.710439682006836,3.758471263650937,3.6744159957737597,3.758471263650937,4294400
1996-09-11,3.8545353412628174,3.9265827308191317,3.8425274430034317,3.866543239522203,13612000
1996-09-12,3.962609052658081,3.998632771318609,3.866545802896673,3.878553709116849,14734400
1996-09-13,4.070678234100342,4.130717736078223,4.04666243330919,4.130717736078223,16033600
1996-09-16,4.130719184875488,4.286821944769039,4.118711280268292,4.118711280268292,16129600
1996-09-17,4.106703281402588,4.154734898728934,4.034655855413069,4.034655855413069,8038400
1996-09-18,4.118709564208984,4.1427253634172,4.082685865396662,4.118709564208984,5683200
1996-09-19,4.070678234100342,4.118709835682647,4.010638732122461,4.118709835682647,6699200
1996-09-20,4.082686424255371,4.106702226750991,4.022646918016322,4.106702226750991,6060800
1996-09-23,4.058670520782471,4.118710025527774,4.010638916986228,4.058670520782471,4624000
1996-09-24,3.998631238937378,4.046662845411101,3.9866233373189477,4.0346549437926695,5946400
1996-09-25,3.962609052658081,4.022648583758961,3.938593240217729,3.986624865098433,6052800
1996-09-26,3.974616765975952,4.0346562941629,3.950600954701173,3.9626088603385625,7343200
1996-09-27,3.9385902881622314,4.0106376714822725,3.9265823909422246,3.9505981853822383,6489600
1996-09-30,3.998631238937378,3.9986312389373784,3.9265838292267947,3.9385917308452254,5727200
1996-10-01,3.9145748615264893,4.0226459466606554,3.806503776392322,4.0106380483124155,8313600
1996-10-02,3.9385902881622314,4.034653465922286,3.902566596502211,3.9385902881622314,6798400
1996-10-03,3.974616765975952,3.998632577250731,3.9265851434263936,3.9385930490637833,6030400
1996-10-04,3.9265830516815186,4.08268574180953,3.926583051681519,4.08268574180953,8212800
1996-10-07,3.8785512447357178,3.92658283909777,3.8425275489641786,3.914574940507257,7222400
1996-10-08,3.806504011154175,3.9025672038646904,3.7944961120653606,3.866543506598247,7460800
1996-10-09,3.7824888229370117,3.842528328062996,3.758473020886618,3.8305204270377993,7480800
1996-10-10,3.746462106704712,3.7944936721752853,3.698430541234139,3.7584699980723553,7228000
1996-10-11,3.722450017929077,3.7464658244963616,3.6744184047945083,3.7464658244963616,9282400
1996-10-14,3.7584733963012695,3.782489200750479,3.698433885178246,3.73445759185206,8822400
1996-10-15,3.770481824874878,3.8065055365775042,3.746466017073127,3.758473920974003,10139200
1996-10-16,3.7584733963012695,3.8065050051996883,3.73445759185206,3.794497102975084,6465600
1996-10-17,3.7944955825805664,3.8185113774070256,3.698432403274729,3.7704797877541067,5308000
1996-10-18,3.830522060394287,3.878553684976034,3.7584746235216673,3.7944983419579774,10699200
1996-10-21,3.6984329223632812,3.8425277115462664,3.6984329223632812,3.80650401425052,5972000
1996-10-22,3.5183157920837402,3.7224501554469605,3.5183157920837402,3.710442251719712,14061600
1996-10-23,3.4822914600372314,3.5663467711415784,3.4822914600372314,3.542330967968908,13692000
1996-10-24,3.410245180130005,3.5183163302045473,3.3742214634384906,3.506308424640709,13435200
1996-10-25,3.4582743644714355,3.5063059528668723,3.4102427760759992,3.4582743644714355,10496000
1996-10-28,3.4822914600372314,3.518315164796237,3.4582756568645605,3.4822914600372314,14592000
1996-10-29,3.5903613567352295,3.5903613567352295,3.458274484079418,3.5063060741360768,12766400
1996-10-30,3.6023712158203125,3.6864265441894535,3.4822921752929688,3.6023712158203125,8773600
1996-10-31,3.6263842582702637,3.6624079429550673,3.56634478379559,3.6263842582702632,4444800
1996-11-01,3.6504018306732178,3.686425532949598,3.6143781283968375,3.6383939299144243,5345600
1996-11-04,3.578355550765991,3.6864266915609374,3.5663476462332198,3.662410882495394,4344800
1996-11-05,3.56634521484375,3.6023689038825757,3.5303215258049243,3.578353111190025,9633600
1996-11-06,3.8545353412628174,3.914574832559746,3.602369477815717,3.602369477815717,16116000
1996-11-07,4.262801170349121,4.322840623452629,4.094690701659296,4.106698592279998,26131200
1996-11-08,4.178750038146973,4.214773745372377,4.1307184285131,4.20276584296391,15860000
1996-11-11,4.226782321929932,4.2988297478719195,4.190758608958938,4.190758608958938,9042400
1996-11-12,4.202765941619873,4.250797552381243,4.14272642816816,4.214773844310216,9847200
1996-11-13,4.262801170349121,4.310832732831928,4.214769607866314,4.238785389107718,4984000
1996-11-14,4.166741371154785,4.286820373205355,4.130717670539615,4.274812473000298,5008000
1996-11-15,4.178750038146973,4.214773745372377,4.1307184285131,4.214773745372377,3370400
1996-11-18,4.2147746086120605,4.226782513479901,4.178750894008539,4.19075879887638,2111200
1996-11-19,4.082686424255371,4.13071802924661,3.9866232142728917,3.9866232142728917,15438400
1996-11-20,4.082686424255371,4.154733831742231,4.082686424255371,4.0946943255031805,5372800
1996-11-21,4.0466628074646,4.0826865119820885,4.02264700445294,4.0826865119820885,6060800
1996-11-22,4.226782321929932,4.2748139392245905,4.082687470045957,4.130719087340616,5603200
1996-11-25,4.3348541259765625,4.3828857506411225,4.202767158149022,4.214775064315162,5976000
1996-11-26,4.2147746086120605,4.358869467026149,4.166742989140698,4.346861562158308,5679200
1996-11-27,4.130719184875488,4.2147745171258615,4.118711280268292,4.2147745171258615,5535200
1996-11-29,4.142726421356201,4.154734324026799,4.09469481067381,4.106702713344408,1600000
1996-12-02,4.142726421356201,4.142726421356201,4.0706790053326145,4.142726421356201,5141600
1996-12-03,4.190755844116211,4.286819015328044,4.190755844116211,4.226779533320649,8294400
1996-12-04,4.298827171325684,4.358866656958724,4.142724508679779,4.154732405806387,7412000
1996-12-05,4.490955352783203,4.563002764859939,4.334852626616942,4.3468605286297315,18176000
1996-12-06,4.550993919372559,4.707096613176894,4.382883326044812,4.418907024615043,23295200
1996-12-09,4.563002109527588,4.587017910104049,4.490954707798205,4.526978408662897,10473600
1996-12-10,4.575011253356934,4.59902706046117,4.53898754270058,4.53898754270058,6404000
1996-12-11,4.5149712562561035,4.550994963087934,4.430915940315165,4.430915940315165,7061600
1996-12-12,4.454933166503906,4.538988509268131,4.442925260394731,4.514972697049781,7402400
1996-12-13,4.298827171325684,4.418906142591764,4.274811377072467,4.3948903483385475,5629600
1996-12-16,4.5149712562561035,4.563002865365211,4.370876428928781,4.3948922334833345,12995200
1996-12-17,4.442923069000244,4.490954669746193,4.370875667881322,4.466938869373219,8157600
1996-12-18,4.5149712562561035,4.52697915853338,4.3948922334833345,4.454931744869719,7356000
1996-12-19,4.5149712562561035,4.587018669919765,4.454931744869719,4.587018669919765,7063200
1996-12-20,4.502962589263916,4.587017890930175,4.4909546890258785,4.587017890930175,7547200
1996-12-23,4.454933166503906,4.514972697049781,4.406901542067207,4.442925260394731,3918400
1996-12-24,4.478947639465332,4.563002957096049,4.430916029390637,4.442923931909311,1974400
1996-12-26,4.466938495635986,4.4909542939996205,4.418906898908718,4.478946394817804,2872800
1996-12-27,4.40689754486084,4.454929125731258,4.394889649643235,4.454929125731258,2444800
1996-12-30,4.3348541259765625,4.4069015629734025,4.3228462198104225,4.4069015629734025,5760000
1996-12-31,4.3228440284729,4.358867728710175,4.310836128393809,4.334851928551991,4947200
1997-01-02,4.346859931945801,4.370875732674784,4.226780928300889,4.322844131216819,4596000
1997-01-03,4.466938495635986,4.4909542939996205,4.3708753021814495,4.394891100545084,6853600
1997-01-06,4.478947639465332,4.526979249540028,4.406900224353289,4.466939736946658,7845600
1997-01-07,4.490955352783203,4.490955352783203,4.466939548757625,4.478947450770414,4583200
1997-01-08,4.394891262054443,4.514970258285439,4.382883362431344,4.466938659793041,17476000
1997-01-09,4.370876789093018,4.442924208693452,4.370876789093018,4.418908402159974,13426400
1997-01-10,4.418907165527344,4.430915065433668,4.32284396627675,4.382883465808371,9239200
1997-01-13,4.262801170349121,4.430911639038945,4.238785389107718,4.39488796717684,11206400
1997-01-14,4.190755844116211,4.2387874297221275,4.094692672904378,4.226779533320649,21769600
1997-01-15,4.250795841217041,4.274811636930131,4.130716862651588,4.166740556221224,11301600
1997-01-16,4.2748122215271,4.298828020524443,4.214772724033741,4.262804322028428,5828800
1997-01-17,4.154733657836914,4.310836367524428,4.130717856346528,4.2868205660340415,6850400
1997-01-20,4.178750038146973,4.214773745372377,4.142726330921568,4.166742135738504,4791200
1997-01-21,4.346859931945801,4.394891533403766,4.202765127571907,4.202765127571907,8323200
1997-01-22,4.250795841217041,4.346859024069404,4.250795841217041,4.346859024069404,10483200
1997-01-23,4.3828840255737305,4.563002547172651,4.262805011174451,4.262805011174451,13241600
1997-01-24,4.550993919372559,4.563001818895969,4.442922823661864,4.442922823661864,16844800
1997-01-27,4.430914878845215,4.599025470454518,4.41890697944455,4.55099387285186,10623200
1997-01-28,4.454933166503906,4.538988509268131,4.358869917630506,4.454933166503906,9632000
1997-01-29,4.466938495635986,4.514970092363255,4.430914798090535,4.45493059645417,3542400
1997-01-30,4.478947639465332,4.478947639465332,4.382884419315942,4.466939736946658,4828800
1997-01-31,4.683082580566406,4.71910629272461,4.514971923828125,4.538987731933594,16624800
1997-02-03,4.695089340209961,4.695089340209961,4.514970823322111,4.6710735379582475,10099200
1997-02-04,4.550993919372559,4.695088713653484,4.5269781203257375,4.695088713653484,7872800
1997-02-05,4.40689754486084,4.526976497036885,4.394889649643235,4.466937020948862,11530400
1997-02-06,4.3828840255737305,4.454931434213299,4.3468603212539465,4.406899828453587,8237600
1997-02-07,4.490955352783203,4.55099486284715,4.3828842346681,4.406900038693678,7291200
1997-02-10,4.599024772644043,4.6710721581162735,4.526977387171812,4.538985284750518,6757600
1997-02-11,4.502962589263916,4.623041591644287,4.44292308807373,4.599025791168213,8614400
1997-02-12,4.671073913574219,4.671073913574219,4.478947480111011,4.514971186385363,9929600
1997-02-13,4.8631978034973145,4.947253074175046,4.623039887275224,4.707095157952956,49536000
1997-02-14,5.2234368324279785,5.235444733192181,4.971270916379732,5.019302519436541,31451200
1997-02-18,5.103358268737793,5.175405679590562,4.99528715245864,5.139381974164177,15523200
1997-02-19,4.935245990753174,5.0793407642058215,4.899222297390012,5.0793407642058215,10573600
1997-02-20,4.971271991729736,5.007295701814734,4.875208764836408,4.875208764836408,9592000
1997-02-21,4.923238754272461,5.019301949477777,4.8992229554711315,4.995286150676448,8929600
1997-02-24,4.899223327636719,4.923239128262389,4.863199626698213,4.899223327636719,5529600
1997-02-25,4.935245990753174,4.959261786328615,4.887214399602292,4.899222297390012,9164000
1997-02-26,4.887217044830322,4.959264470552636,4.791153810533903,4.935248661978532,8917600
1997-02-27,4.827178478240967,4.935249638201586,4.815170571578676,4.887218011552422,5381600
1997-02-28,4.803161144256592,4.9112322700023645,4.79115324139595,4.875208561420441,7132000
1997-03-03,4.935245990753174,4.947253888540895,4.767135421725086,4.803159115088247,9028000
1997-03-04,4.947253704071045,5.055324780130849,4.923237909391088,4.98327739609098,9632000
1997-03-05,5.055327415466309,5.079343222665673,4.911232572270119,4.9592641866688485,8964800
1997-03-06,4.971271991729736,5.043319411899732,4.947256185006404,5.031311508538066,5142400
1997-03-07,5.163395881652832,5.175403779052025,4.971269523265749,4.995285318064135,14405600
1997-03-10,5.175405025482178,5.223436626646746,5.103357623735326,5.115365524026468,10290400
1997-03-11,5.2954840660095215,5.2954840660095215,5.163397161868694,5.187412962621572,14897600
1997-03-12,5.271469593048096,5.3074933032511575,5.247453786246054,5.271469593048096,10818400
1997-03-13,5.187411308288574,5.2714665841173245,5.17540341174161,5.247450791023396,6525600
1997-03-14,5.187411308288574,5.247450791023396,5.187411308288574,5.187411308288574,8012000
1997-03-17,5.187411308288574,5.223434997929467,5.127371825553753,5.187411308288574,11073600
1997-03-18,5.055327415466309,5.199422258662498,5.043319511866626,5.175406451463133,3904800
1997-03-19,4.911231517791748,5.139381637200167,4.85119201268427,5.055326330049697,6470400
1997-03-20,4.983278751373291,5.0193024531904475,4.875207645921822,4.959262950161854,4644800
1997-03-21,4.911231517791748,5.007294725963714,4.87520781472726,4.9832789239207225,5039200
1997-03-24,5.175405025482178,5.24745242722903,4.839183817330204,4.8511917176213455,10845600
1997-03-25,4.9952874183654785,5.199421759981375,4.935247906125508,5.199421759981375,7986400
1997-03-26,5.007294654846191,5.043318357399041,4.92323934888954,4.9952867539952415,7346400
1997-03-27,4.851191997528076,4.995286809335841,4.827176195560115,4.9592631063839,4262400
1997-03-31,4.575011253356934,4.8271772279514105,4.575011253356934,4.8271772279514105,9748000
1997-04-01,4.686033725738525,4.698049196830163,4.589909957005427,4.589909957005427,5733600
1997-04-02,4.7941718101501465,4.7941718101501465,4.625955255408036,4.674017128191496,8931200
1997-04-03,4.662003040313721,4.782157757847579,4.662003040313721,4.7701422860941936,5724800
1997-04-04,4.818203449249268,4.890296268938783,4.63797140002548,4.662002339921985,9079200
1997-04-07,4.854250907897949,4.8662663804422515,4.806189017720742,4.818204490265043,8301600
1997-04-08,4.8302178382873535,4.842233305546775,4.746109567471405,4.8302178382873535,4453600
1997-04-09,4.914325714111328,4.962387579286011,4.866263848936645,4.902310247817658,9433600
1997-04-10,5.046496868133545,5.106574211801801,4.902311243329729,4.902311243329729,10495200
1997-04-11,4.854250907897949,5.094560358783986,4.854250907897949,4.92634374316376,10371200
1997-04-14,4.806187629699707,4.890295913219452,4.782156691551209,4.854249505996704,10300000
1997-04-15,4.776150226593018,4.902312309039629,4.758126652891404,4.902312309039629,7082400
1997-04-16,4.758126258850098,4.85425002165515,4.637971555343783,4.794172669901993,10671200
1997-04-17,4.842235088348389,4.962389805180855,4.770142258248909,4.770142258248909,7405600
1997-04-18,4.52983283996582,4.866266048239144,4.469755481345584,4.8542505765150965,17688000
1997-04-21,4.445722579956055,4.541846311414564,4.3976607142268,4.469753512820682,13170400
1997-04-22,4.325570106506348,4.469755776723225,4.313554633988274,4.433709359169006,10203200
1997-04-23,4.289525032043457,4.409679794845794,4.277509555763223,4.373633366005093,13578400
1997-04-24,4.229443073272705,4.361613169312477,4.217427609996363,4.349597706036135,12798400
1997-04-25,4.2775068283081055,4.313553234164634,4.205414016595047,4.241460422451576,7935200
1997-04-28,4.301537036895752,4.385645302980306,4.265490637145229,4.301537036895752,6157600
1997-04-29,4.51781702041626,4.51781702041626,4.3976623124264655,4.469755137220342,12642400
1997-04-30,4.674017906188965,4.7581261975599745,4.565878674426238,4.6139405552096715,8033600
1997-05-01,4.57789421081543,4.674017973772184,4.4817704478586755,4.649987033032995,9667200
1997-05-02,4.6980485916137695,4.734095000245078,4.589909365719847,4.625955774351154,8224800
1997-05-05,4.7100629806518555,4.722078447439232,4.64998564671497,4.674016580289724,6556000
1997-05-06,4.7100629806518555,4.830217648525627,4.6860320470771,4.73409391422661,16259200
1997-05-07,4.854250907897949,4.998436578429572,4.782158072632138,4.782158072632138,9696000
1997-05-08,4.914325714111328,5.142619573691072,4.914325714111328,5.094557708516389,29262400
1997-05-09,4.866264343261719,5.0464963559751155,4.75812513563368,4.96238808337553,15984800
1997-05-12,4.986418724060059,4.998434190865023,4.860256689290884,4.926341390035239,6660000
1997-05-13,4.998435974121094,5.082544271762554,4.9744050319378195,5.034482387396006,7500000
1997-05-14,4.96238899230957,5.022466340884747,4.926342583164464,5.010450871169711,10212800
1997-05-15,4.878279209136963,4.962387471363463,4.866263743104606,4.9383565392987485,3235200
1997-05-16,4.890296936035156,4.962389765559016,4.830219578098607,4.890296936035156,5787200
1997-05-19,4.938358306884766,4.938358306884766,4.890296425552553,4.902311895885607,2615200
1997-05-20,4.998435974121094,4.998435974121094,4.866265792113084,4.914327676479633,4697600
1997-05-21,4.974404335021973,5.022466212655035,4.92634245738891,4.998435273838504,5087200
1997-05-22,4.9263434410095215,4.986420800046223,4.878281553780161,4.974405328238883,4205600
1997-05-23,4.974404335021973,4.986419804430238,4.878280579755847,4.902311518572379,6094400
1997-05-27,5.082543849945068,5.142621200417232,4.950373678906308,4.962389149000741,6719200
1997-05-28,5.094559192657471,5.106574662451474,5.034481843687453,5.106574662451474,4521600
1997-05-29,5.118589401245117,5.178666741635318,5.070527528932956,5.070527528932956,5432800
1997-05-30,5.430993556976318,5.430993556976318,5.058513910369536,5.094560327783095,13831200
1997-06-02,5.298820495605469,5.455021553299054,5.214712233770461,5.406959689393336,18281600
1997-06-03,5.2147135734558105,5.2988218568986465,5.154636228139499,5.274790918772122,9929600
1997-06-04,5.226728916168213,5.262775322486615,5.202697978622612,5.214713447395413,10642400
1997-06-05,5.190683841705322,5.22673025727272,5.166652897993723,5.22673025727272,7160000
1997-06-06,5.250759601593018,5.250759601593018,5.166651324221962,5.190682260613692,5022400
1997-06-09,5.358898162841797,5.358898162841797,5.238743495513506,5.250758962246335,12612800
1997-06-10,5.382930755615234,5.406961696488517,5.322853403432029,5.358899814741952,9052000
1997-06-11,5.358898162841797,5.430990963238772,5.322851762643309,5.394944563040284,6596800
1997-06-12,5.394944667816162,5.443006535680894,5.298820932086698,5.370913733883796,6289600
1997-06-13,5.418976306915283,5.443007243974774,5.3829299013260465,5.394945369855792,4525600
1997-06-16,5.202698230743408,5.250760108163671,5.166651822678212,5.166651822678212,12474400
1997-06-17,5.1426215171813965,5.238745283857685,5.094559633843253,5.166652458850469,9574400
1997-06-18,5.010450839996338,5.130605536399127,4.98641990071578,5.09455912747829,5741600
1997-06-19,5.166651248931885,5.190682184973428,5.0344811007033945,5.058512036744938,18542400
1997-06-20,5.274792194366455,5.274792194366455,5.154637474677014,5.166652946645959,9694400
1997-06-23,5.2147135734558105,5.286806387835384,5.178667166266024,5.2147135734558105,12539200
1997-06-24,5.202698230743408,5.22672916945354,5.0344816597724895,5.082543537192752,15393600
1997-06-25,5.250759601593018,5.28079863876567,5.214713197005422,5.226728665201287,13679200
1997-06-26,5.202698230743408,5.3228529242940645,5.1065744759028835,5.262775577518736,6684800
1997-06-27,5.046496868133545,5.2988217115402225,5.022465930666242,5.286806242806571,16827200
1997-06-30,4.998435974121094,5.064521431808176,4.950374089754544,5.046497858487642,13314400
1997-07-01,5.022465705871582,5.088551147631829,4.980411933869044,4.986419301283987,10948800
1997-07-02,5.046496868133545,5.046496868133545,4.974404055731637,4.99843499319894,7920800
1997-07-03,5.094559192657471,5.1366137036195205,5.022466373893449,5.022466373893449,6220800
1997-07-07,5.106576442718506,5.214715708564309,5.094560968735639,5.118591916701373,5409600
1997-07-08,5.046496868133545,5.0885513753843306,4.974404055731637,5.058512336867196,10404800
1997-07-09,4.8842902183532715,5.028475896631357,4.806189275936167,5.022467793353295,19432000
1997-07-10,4.90831995010376,4.9383582589618396,4.872273539454404,4.878280907879579,10655200
1997-07-11,4.974404335021973,4.992427905817397,4.908319619959538,4.92634245738891,9782400
1997-07-14,4.8842902183532715,4.962390427404093,4.878282115075209,4.9503749542142526,8908000
1997-07-15,5.046496868133545,5.0885513753843306,4.890295774596078,4.890295774596078,10621600
1997-07-16,5.184676647186279,5.21471496115498,5.052506452318296,5.052506452318296,13470400
1997-07-17,5.166651248931885,5.196690285666798,5.142620312890341,5.190682184973428,8041600
1997-07-18,5.094559192657471,5.178667481215495,5.022466373893449,5.172660113001531,5150400
1997-07-21,5.130605220794678,5.172659728631744,5.064520508521317,5.070527876288885,3180800
1997-07-22,5.094559192657471,5.1366137036195205,5.082543722863467,5.130605602039481,6504800
1997-07-23,5.2687835693359375,5.2687835693359375,5.1366134091781674,5.23874452988979,11041600
1997-07-24,5.443007946014404,5.49707792805521,5.064521005193138,5.280799466624174,15752000
1997-07-25,5.346883773803711,5.430992057886017,5.322852835494481,5.430992057886017,10497600
1997-07-28,5.274792194366455,5.340877656878752,5.2447538811272,5.322854082242232,4684000
1997-07-29,5.346883773803711,5.394945650422171,5.2567681218271165,5.274790958876021,5568800
1997-07-30,5.449015140533447,5.479053444048094,5.364906863980077,5.382929699415671,11187200
1997-07-31,5.479053974151611,5.491069443393172,5.358899281736006,5.455023035668491,5134400
1997-08-01,5.430993556976318,5.479055446861064,5.334869777206826,5.4610326048374045,3999200
1997-08-04,5.76742696762085,5.779442440470059,5.503086564938227,5.503086564938227,19035200
1997-08-05,5.50909423828125,5.659287270496678,5.455024247994675,5.659287270496678,18918400
1997-08-06,5.5811872482299805,5.659287451471634,5.485063469861036,5.533125359045508,17226400
1997-08-07,4.878279209136963,5.364905950130347,4.854248277072249,5.334866918366531,65564800
1997-08-08,4.974404335021973,4.986419804430238,4.716072109427287,4.872273211734741,34592000
1997-08-11,4.7821574211120605,4.998435897443762,4.698049124760843,4.998435897443762,21329600
1997-08-12,4.7100629806518555,4.854248582100381,4.692040147153736,4.81820218173825,13834400
1997-08-13,4.6379714012146,4.76413420238664,4.625955931263266,4.76413420238664,11359200
1997-08-14,4.752119541168213,4.770142382479362,4.668011237195025,4.710065022498513,13120800
1997-08-15,4.800179481506348,4.884287751353065,4.71607121165963,4.7521176130225085,13083200
1997-08-18,4.7941718101501465,4.896303656497989,4.782156341954281,4.800179910931068,10767200
1997-08-19,4.87227201461792,4.890294847619083,4.788163749425454,4.800179215881521,6690400
1997-08-20,4.824211120605469,4.872272996111545,4.746110206225084,4.872272996111545,7590400
1997-08-21,4.752119541168213,4.83021974246021,4.686034078506174,4.83021974246021,8521600
1997-08-22,4.776150226593018,4.782157595582775,4.674018353471607,4.710064767508663,5291200
1997-08-25,4.7100629806518555,4.806186714950873,4.6860320470771,4.80017934824013,6372000
1997-08-26,4.722079753875732,4.758126164210662,4.692041445279672,4.698048813652447,8022400
1997-08-27,4.686033725738525,4.734095610105074,4.613940899188702,4.716072770150697,5757600
1997-08-28,4.662003040313721,4.680026614626898,4.601925681546791,4.674018512067106,5492800
1997-08-29,4.674017906188965,4.722079786972398,4.655995067578227,4.674017906188965,2835200
1997-09-02,4.812195777893066,4.836226716276138,4.710063923081993,4.710063923081993,7988800
1997-09-03,4.878279209136963,4.974402937395819,4.878279209136963,4.902310141201677,11913600
1997-09-04,4.9263434410095215,4.974405328238883,4.836227769137569,4.87227418455959,8820000
1997-09-05,5.094559192657471,5.142621071833484,5.046497313481456,5.142621071833484,14274400
1997-09-08,5.016458511352539,5.154636033684387,4.992427574132565,5.124597728842422,5004000
1997-09-09,5.088550567626953,5.178666202141361,4.974403266094022,4.974403266094022,6907200
1997-09-10,5.076537132263184,5.13060638793538,5.052506188994165,5.088552603897693,6588800
1997-09-11,5.046496868133545,5.196690593987192,5.010450461932591,5.0825432743344985,12861600
1997-09-12,5.154636383056641,5.208706362149353,5.094559035934768,5.142620913632266,11602400
1997-09-15,5.136613845825195,5.2026985648387125,5.112582905571898,5.190683094712064,6440000
1997-09-16,5.160645008087158,5.214714259300062,5.124598596156512,5.136614066800061,4095200
1997-09-17,5.154636383056641,5.190682791329763,5.1245980761787315,5.172659953876229,5121600
1997-09-18,5.196691036224365,5.262775753200236,5.148629157199706,5.148629157199706,6204800
1997-09-19,5.184676647186279,5.262776850197883,5.178668544372803,5.262776850197883,4483200
1997-09-22,5.196691036224365,5.220721975736695,5.124598217687376,5.184675566468201,4034400
1997-09-23,5.046496868133545,5.214713430404663,4.920334813113212,5.202697961671012,13591200
1997-09-24,4.938358306884766,5.106574891547507,4.920335468068241,5.034482069549189,9615200
1997-09-25,4.866264343261719,4.92634168083285,4.734094200605227,4.92634168083285,12204000
1997-09-26,4.800179481506348,4.866264183988669,4.788164014385388,4.866264183988669,4899200
1997-09-29,4.704057216644287,4.740103629287668,4.613940818352763,4.740103629287668,17307200
1997-09-30,4.806187629699707,4.824211199994097,4.7340948152542115,4.74611028432846,9961600
1997-10-01,4.914325714111328,4.962387579286011,4.812194617298059,4.818201983761963,17733600
1997-10-02,4.686033725738525,4.84223484992981,4.668010885784147,4.84223484992981,16336000
1997-10-03,4.662003040313721,4.812196803914142,4.613941153300177,4.752119445147213,11002400
1997-10-06,4.631963729858398,4.716072014014631,4.565878282766911,4.698048443583848,7817600
1997-10-07,4.824211120605469,4.902311301619833,4.505800828694699,4.619948149704642,9396000
1997-10-08,5.130605220794678,5.166651627498154,4.980412226213208,5.046496938486569,37399200
1997-10-09,5.052505016326904,5.136613298247254,5.01045050868372,5.058512384066777,9049600
1997-10-10,4.980412483215332,5.0525053003424585,4.962388912250521,5.0104507903352715,4500000
1997-10-13,5.010450839996338,5.076536289700906,4.9744044310755005,4.980412532578674,2460800
1997-10-14,4.992427349090576,5.034481120646885,4.932350008748728,5.022465652578515,4455200
1997-10-15,4.932350158691406,4.992427500859597,4.926342057791591,4.950372994658867,6392000
1997-10-16,4.96839714050293,5.0404899594700865,4.938358099250242,4.97440450873382,6676000
1997-10-17,4.986418724060059,4.992426824145488,4.866264056010419,4.878279522815383,5032000
1997-10-20,5.070528507232666,5.142621329610382,5.046497566440094,5.094559448025238,6096000
1997-10-21,5.076537132263184,5.094559973031853,5.052506188994165,5.088552603897693,3932000
1997-10-22,5.130605220794678,5.154636158596995,5.046496938486569,5.142620689695836,6187200
1997-10-23,5.016458511352539,5.094558690634452,4.956381168302604,5.094558690634452,5952800
1997-10-24,4.96238899230957,5.082543689459923,4.96238899230957,5.082543689459923,3743200
1997-10-27,4.139331817626953,4.601927273472999,4.133323712988803,4.421695134825231,29982400
1997-10-28,4.565878868103027,4.662002633747302,4.079252671211955,4.085260039881656,28332800
1997-10-29,4.571887016296387,4.649987209987788,4.535840603815861,4.541847972546212,11971200
1997-10-30,4.505800247192383,4.589908518473307,4.457738377888997,4.517815714518229,8492800
1997-10-31,4.451732635498047,4.553863778355915,4.3736317026953895,4.517817363223809,14307200
1997-11-03,4.511807918548584,4.577892615874341,4.49378435259056,4.535838850915378,7462400
1997-11-04,4.668010711669922,4.722079962882458,4.517816961943522,4.517816961943522,7123200
1997-11-05,4.824211120605469,4.860257527235026,4.6559945563342,4.692040962963757,9143200
1997-11-06,5.130605220794678,5.19068256530047,5.094558814091203,5.142620689695836,26991200
1997-11-07,5.094559192657471,5.100567294237511,4.998435434305443,5.05851278327546,9038400
1997-11-10,5.070528507232666,5.154636800006668,5.034482096043808,5.142621329610382,4887200
1997-11-11,5.058510780334473,5.106572640480168,5.022464385225201,5.094557175443745,3240800
1997-11-12,5.010450839996338,5.070528188197732,4.9443661236578365,5.022466309636616,5165600
1997-11-13,5.076537132263184,5.094559973031853,4.9563824159180925,4.998436199955781,2860800
1997-11-14,5.118589401245117,5.154635805479238,4.998434720464716,5.100566565811043,3684800
1997-11-17,5.172659873962402,5.208706281678635,5.148628935484914,5.154636303421265,4682400
1997-11-18,5.052505016326904,5.166651603678655,5.046496915221013,5.148628767093019,2507200
1997-11-19,5.106576442718506,5.118591916701373,5.010452650855569,5.028476228513036,4279200
1997-11-20,5.172659873962402,5.262775526569963,5.142620834182521,5.262775526569963,6169600
1997-11-21,5.112579822540283,5.166649038821871,5.05850987289304,5.166649038821871,4635200
1997-11-24,5.046496868133545,5.09455874306815,4.99843499319894,5.09455874306815,9050400
1997-11-25,4.902310848236084,5.028473626454548,4.8902953804708,5.022465525888929,11375200
1997-11-26,4.96839714050293,4.992428080158649,4.914327159594523,4.926342629422383,4096000
1997-11-28,5.00444221496582,5.034480514839199,4.968395815098236,4.968395815098236,1040800
1997-12-01,5.052505016326904,5.076535954018433,5.01045050868372,5.046496915221013,5261600
1997-12-02,5.082543849945068,5.1065747901339344,5.046497439661771,5.070528379850636,2077600
1997-12-03,5.022465705871582,5.088551147631829,4.980411933869044,5.088551147631829,6133600
1997-12-04,4.950374126434326,5.022466953518321,4.923339682960909,5.022466953518321,4465600
1997-12-05,4.992427349090576,5.094558460988733,4.9143264399631885,4.944365476817098,6284800
1997-12-08,5.040489196777344,5.064520132796864,4.9984346920602,5.004442792748064,5107200
1997-12-09,4.96839714050293,4.9984354483895395,4.938358099250242,4.97440450873382,3260000
1997-12-10,4.860255718231201,4.974402263389388,4.8061857617288775,4.902309476963455,11564000
1997-12-11,4.8302178382873535,4.908318742156553,4.818202371027932,4.854248772806196,6624800
1997-12-12,4.728087425231934,4.8422340142190965,4.698048386004135,4.830218545201183,5380800
1997-12-15,4.7461113929748535,4.800181383122226,4.716073079955582,4.734095921093904,5505600
1997-12-16,4.7941718101501465,4.812195379126933,4.710063532779091,4.752118038147608,5149600
1997-12-17,4.770140647888184,4.806187050768951,4.758125180261262,4.770140647888184,5060000
1997-12-18,4.559871196746826,4.77014155345276,4.505801215478048,4.77014155345276,16598400
1997-12-19,4.571887016296387,4.59591795795007,4.5178170308925285,4.541847972546212,11340000
1997-12-22,4.523825168609619,4.613940833837434,4.511809697688168,4.589909891994531,5447200
1997-12-23,4.463747501373291,4.541847690209724,4.397662049250685,4.5358403218528105,11217600
1997-12-24,4.51781702041626,4.541847962014218,4.475763239302901,4.529832491215239,4761600
1997-12-26,4.559871196746826,4.571886666654767,4.541847625201872,4.541847625201872,930400
1997-12-29,4.631963729858398,4.631963729858398,4.553862813601735,4.565878282766911,4611200
1997-12-30,4.728087425231934,4.782156669129529,4.6139401028787415,4.6139401028787415,5274400
1997-12-31,4.776150226593018,4.866265895002573,4.722080238854348,4.7280883412102765,5143200
1998-01-02,4.776150226593018,4.8722739973585005,4.752119283901647,4.782157595582775,4058400
1998-01-05,4.770140647888184,4.836226086519229,4.764133280757695,4.776148748384617,6488800
1998-01-06,4.7941718101501465,4.806187278346012,4.655994292580688,4.722079000974956,7586400
1998-01-07,4.836227893829346,4.854250735321937,4.758126958384869,4.788166005360812,8560000
1998-01-08,4.854250907897949,4.902312798075156,4.824212593220317,4.836228065764619,9160800
1998-01-09,4.758126258850098,4.866265492005782,4.758126258850098,4.85425002165515,8975200
1998-01-12,4.674017906188965,4.782157137951692,4.6139405552096715,4.6139405552096715,10134400
1998-01-13,4.6139397621154785,4.6740171027680235,4.595916926602702,4.6740171027680235,8431200
1998-01-14,4.6980485916137695,4.752118571243762,4.6199484062623,4.637971243894923,5257600
1998-01-15,4.51781702041626,4.625956257607075,4.51781702041626,4.6139407868080955,12656800
1998-01-16,4.6259565353393555,4.692041995384437,4.511809922579007,4.5178172916560975,8945600
1998-01-20,4.607931137084961,4.649984897380971,4.547853812829393,4.637969432529857,9444800
1998-01-21,4.607931137084961,4.674015827083198,4.5658766434231755,4.589907573125403,7494400
1998-01-22,4.6139397621154785,4.6740171027680235,4.541846953332424,4.601924293984969,5034400
1998-01-23,4.547855854034424,4.649986984425313,4.5058013414973965,4.6079332052543895,9566400
1998-01-26,4.499795436859131,4.553864703862987,4.475764488553785,4.547857333469822,4848000
1998-01-27,4.6139397621154785,4.6439787991247385,4.4877777134281205,4.493785080810388,8758400
1998-01-28,4.686033725738525,4.704057299059059,4.625956370280339,4.631964472509235,7218400
1998-01-29,4.758126258850098,4.782157199551361,4.69204153860468,4.69804890709694,5391200
1998-01-30,4.9263434410095215,4.9263434410095215,4.782157779321438,4.818204194743459,7356000
1998-02-02,5.034483909606934,5.094561283229928,5.004445589478625,5.082545808505329,9916000
1998-02-03,5.010450839996338,5.01645894149951,4.9263425525143845,4.9984353703560584,6534400
1998-02-04,5.040489196777344,5.04649656409924,4.968396388718783,4.9984346920602,6724800
1998-02-05,5.016458511352539,5.1125822602324345,4.998434941754557,5.028473979962526,5368000
1998-02-06,5.022465705871582,5.034481174067447,4.9683964656731785,5.034481174067447,3493600
1998-02-09,5.208706378936768,5.238744685911489,4.998435296649494,4.998435296649494,10347200
1998-02-10,5.226728916168213,5.352891704965625,5.178667041077011,5.262775322486615,8953600
1998-02-11,5.160645008087158,5.250760671230708,5.154636906082319,5.214714259300062,4455200
1998-02-12,5.382930755615234,5.406961696488517,5.088552096600584,5.238745110375541,17620000
1998-02-13,5.593201160430908,5.671301341888307,5.394945556160699,5.394945556160699,31290400
1998-02-17,5.461032867431641,5.635256859958301,5.437001921333738,5.569172124872205,10353600
1998-02-18,5.617232799530029,5.647271108958452,5.461031683750328,5.461031683750328,17975200
1998-02-19,5.635255813598633,5.6652948573264705,5.56917109078321,5.59920940114491,5607200
1998-02-20,5.635255813598633,5.69533316768817,5.617232974054841,5.6652948573264705,6608000
1998-02-23,5.731379508972168,5.737387610989585,5.617232904302538,5.629248374971243,6108000
1998-02-24,5.731379508972168,5.935642510340149,5.701341198983471,5.791456862315692,17188000
1998-02-25,5.815487861633301,5.875565215575794,5.767425978479307,5.767425978479307,8200800
1998-02-26,5.851533889770508,5.875564829769565,5.815487479771921,5.839518419770979,5354400
1998-02-27,5.833509922027588,5.89358726039365,5.797463519007951,5.827501821508009,2713600
1998-03-02,5.881572246551514,5.893587715151858,5.761417560548071,5.767424928165242,6292000
1998-03-03,6.031765937805176,6.061804979477289,5.863549357866386,5.863549357866386,13246400
1998-03-04,6.175951957702637,6.236029311376787,5.923627072271206,6.007735367415016,11158400
1998-03-05,6.091841697692871,6.1218807315242065,6.037772463508723,6.055795297114807,7887200
1998-03-06,6.15192174911499,6.205992107229292,6.13990627694875,6.175952693447471,9938400
1998-03-09,6.205990314483643,6.23602825285586,6.133897135628893,6.139904503293534,8960800
1998-03-10,6.35618257522583,6.35618257522583,6.248043363170948,6.248043363170948,12426400
1998-03-11,6.320137977600098,6.35618439192101,6.242038146604296,6.326146446686426,8944000
1998-03-12,6.422266483306885,6.452304411072758,6.278080909875091,6.278080909875091,8256800
1998-03-13,6.3021159172058105,6.4222706394906455,6.296107447725344,6.416262170010179,5133600
1998-03-16,6.266068935394287,6.308122351035029,6.248044995310885,6.278084406539116,3982400
1998-03-17,6.248043060302734,6.278082462227814,6.211996658031757,6.278082462227814,5104000
1998-03-18,6.3021159172058105,6.332153864410794,6.2119991421259595,6.224014614354443,4529600
1998-03-19,6.230020523071289,6.374206130547595,6.163934719612059,6.326144261388826,5608800
1998-03-20,6.16393518447876,6.26005893004568,6.151919716282895,6.254051929313726,5010400
1998-03-23,6.21800422668457,6.21800422668457,6.08583373743836,6.139902966349523,6254400
1998-03-24,6.37420654296875,6.392229011703447,6.236027926830993,6.260058862965217,7507200
1998-03-25,6.404244899749756,6.428275837459886,6.314129616702785,6.374206960978111,6143200
1998-03-26,6.416259765625,6.440290701076779,6.350175426498558,6.380213362447332,5626400
1998-03-27,6.332152366638184,6.464322529888696,6.3081214278653635,6.440291591115876,5865600
1998-03-30,6.26291036605835,6.304984393964141,6.202805660050112,6.2749313072599975,5004000
1998-03-31,6.226849555969238,6.320011880407002,6.178765775614264,6.286954281412957,7468000
1998-04-01,6.208818435668945,6.244881268400613,6.106639675895678,6.106639675895678,6633600
1998-04-02,6.599498748779297,6.6355615834720805,6.323017016134627,6.323017016134627,14141600
1998-04-03,6.707688331604004,6.731730225265667,6.551416022803194,6.587478863295689,12502400
1998-04-06,6.599498748779297,6.725719403904288,6.521363340645184,6.707687252857646,6416800
1998-04-07,6.551412582397461,6.5994963444701025,6.52737070136114,6.5994963444701025,4441600
1998-04-08,6.605509281158447,6.743749399679874,6.587477131951107,6.587477131951107,6123200
1998-04-09,6.737736225128174,6.755766897739064,6.599494709713071,6.611515647253532,4986400
1998-04-13,6.725717067718506,6.737738008440612,6.659601160046925,6.719705863657457,5668000
1998-04-14,6.972145080566406,6.972145080566406,6.689653729105465,6.7317262846848065,10496000
1998-04-15,6.797845363616943,6.9120436113210975,6.761782527383964,6.900022665910105,7983200
1998-04-16,6.719709873199463,6.815877456357952,6.677637289268056,6.7858258203213575,3668800
1998-04-17,6.713700771331787,6.725721720369624,6.641575077104773,6.7016798222939515,2613600
1998-04-20,6.713700771331787,6.773805516520967,6.695668614074531,6.7016798222939515,4704800
1998-04-21,6.713700771331787,6.725721720369624,6.647584817923188,6.695668614074531,4280000
1998-04-22,6.76779317855835,6.779814125589536,6.689657756556013,6.689657756556013,4682400
1998-04-23,6.509341239929199,6.743748890109905,6.485299354402961,6.743748890109905,4569600
1998-04-24,6.4312052726745605,6.557425922941293,6.4251955341573295,6.4973212007667644,7247200
1998-04-27,6.208818435668945,6.298974783797904,6.1547234528712345,6.250891006822347,9595200
1998-04-28,6.323014259338379,6.3771092214927245,6.2388676817426205,6.274930500712231,6624800
1998-04-29,6.419185161590576,6.491310837563503,6.298975701635696,6.491310837563503,8984000
1998-04-30,6.755768299102783,6.827893939306727,6.431202918185034,6.443223858219024,11359200
1998-05-01,6.6956658363342285,6.743749612537706,6.6295513777546455,6.707686780385098,7000800
1998-05-04,6.701676368713379,6.791832706336303,6.6535925973410865,6.695665163591718,4484000
1998-05-05,6.755768299102783,6.821884202989685,6.653591042513815,6.671621718864848,5973600
1998-05-06,6.731727600097656,6.8639579636710035,6.647581005096436,6.743748542240688,5621600
1998-05-07,6.76779317855835,6.815876966683097,6.68364654934004,6.755772231527162,8633600
1998-05-08,6.98416805267334,7.02023088254945,6.761781335470812,6.761781335470812,8900000
1998-05-11,6.930074214935303,7.080335265303598,6.924063009872448,6.960125838048867,7950400
1998-05-12,6.906032085418701,6.960125592071496,6.83991616906508,6.930073970019984,4170400
1998-05-13,6.960128307342529,7.020233042293674,6.924065466371842,6.960128307342529,6102400
1998-05-14,6.996187210083008,7.11038687590632,6.960124389412477,6.9841662698594975,10771200
1998-05-15,6.761781215667725,6.984167928930075,6.761781215667725,6.984167928930075,4563200
1998-05-18,6.659603118896484,6.76178187878915,6.497321105114561,6.76178187878915,6199200
1998-05-19,6.4552483558654785,6.6535947094387975,6.431206462547544,6.647583502408956,5775200
1998-05-20,6.341047286987305,6.51535020261934,6.274931375954419,6.431203613286618,11716000
1998-05-21,6.539393424987793,6.593488405769676,6.395142099436592,6.419183987028458,7404000
1998-05-22,6.377110481262207,6.50332963888994,6.329026713137328,6.49130869685872,6080800
1998-05-26,6.250890731811523,6.407163000106811,6.226848844381479,6.407163000106811,7927200
1998-05-27,6.166743755340576,6.262911299283509,6.106639040376243,6.214827527312043,4841600
1998-05-28,6.010471343994141,6.10062878100411,5.818136260986328,5.986429458618164,53719200
1998-05-29,6.154723644256592,6.190786478109658,6.08259797655046,6.08259797655046,36219200
1998-06-01,6.0825958251953125,6.1066377059273105,6.034512063731318,6.1066377059273105,12657600
1998-06-02,5.9804182052612305,6.0825958316303295,5.944355384125082,6.0825958316303295,11284800
1998-06-03,6.010471343994141,6.106638885498047,5.998450401306152,6.02850312487618,10268800
1998-06-04,5.986431121826172,6.010473013881699,5.920316285523633,6.010473013881699,4841600
1998-06-05,6.046534538269043,6.130681142181336,5.962387934356751,5.962387934356751,7752800
1998-06-08,6.046534538269043,6.15472302901342,6.022492651436959,6.082597368517169,5479200
1998-06-09,6.118658542633057,6.118658542633057,6.022491021334305,6.046532901658993,7256800
1998-06-10,6.148713111877441,6.226848879617141,6.0946184980036495,6.112650280528308,8200800
1998-06-11,6.136692523956299,6.202807351746899,6.118660740385992,6.148713468436428,6409600
1998-06-12,6.142700672149658,6.202805375399655,6.112648687374655,6.1186587908496595,6903200
1998-06-15,6.0345139503479,6.142702447465691,6.0224930062237005,6.142702447465691,8744800
1998-06-16,5.956377983093262,6.058555637914346,5.890262425750059,6.058555637914346,7861600
1998-06-17,6.052545070648193,6.088607899072016,6.028503185032312,6.058555175202103,11317600
1998-06-18,6.160735130310059,6.1667448691918505,6.034514472386568,6.052546256982875,10434400
1998-06-19,6.094618797302246,6.160734725056039,6.064566803218912,6.154723519169132,5528800
1998-06-22,6.004463195800781,6.076588875427816,5.97441046243934,6.0705780352753855,4661600
1998-06-23,5.9623870849609375,6.05855461858934,5.938345201553837,6.05855461858934,4396800
1998-06-24,6.1246724128723145,6.1246724128723145,5.926326435110738,5.938347381226581,7944000
1998-06-25,6.160735130310059,6.190786759520084,6.076588147311109,6.124671927967576,7218400
1998-06-26,6.274930953979492,6.274930953979492,6.166742489255708,6.166742489255708,7123200
1998-06-29,6.3290276527404785,6.3711002223957385,6.280943877477115,6.335037390948215,7296800
1998-06-30,6.1246724128723145,6.232861294765066,6.094619680732544,6.232861294765066,11105600
1998-07-01,6.317006587982178,6.3951419875890165,6.154723115875144,6.166744059460838,9270400
1998-07-02,6.256900787353516,6.3109942904285745,6.2448798458479375,6.268921728859094,5815200
1998-07-06,6.250890731811523,6.2569019373692125,6.214827900666457,6.250890731811523,3695200
1998-07-07,6.244881629943848,6.268923519823515,6.226849478833844,6.2508913687135115,9404800
1998-07-08,6.250890731811523,6.250890731811523,6.226848844381479,6.250890731811523,7382400
1998-07-09,6.196795463562012,6.238868020947429,6.190784259706986,6.232858284492344,3653600
1998-07-10,6.112648010253906,6.19078374897352,6.022490598515987,6.184774013014232,5412800
1998-07-13,6.0345139503479,6.178765279838288,5.974409229726905,6.178765279838288,4840800
1998-07-14,6.004463195800781,6.0525469822188045,5.962389515834834,6.034515195461869,3866400
1998-07-15,5.914304733276367,6.004462184475208,5.896273683256737,6.004462184475208,6879200
1998-07-16,5.914304733276367,5.926325677856197,5.733990564578916,5.854200010377217,15615200
1998-07-17,5.974410533905029,5.998452427401629,5.9203166403878615,5.9203166403878615,5804000
1998-07-20,5.8962721824646,5.950366052455078,5.87824040333441,5.950366052455078,4980800
1998-07-21,5.758033752441406,5.902285119934719,5.733991857859188,5.896275013139363,9314400
1998-07-22,5.607769966125488,5.770052320797881,5.583728081455496,5.74601043612789,9272800
1998-07-23,5.439477443695068,5.61378076218034,5.385382829671933,5.607770657122317,16610400
1998-07-24,5.457509994506836,5.523625570541583,5.397405258884514,5.4755417820437255,10622400
1998-07-27,5.43346643447876,5.595749537756856,5.391393499291947,5.43346643447876,6753600
1998-07-28,5.547666072845459,5.565697122157856,5.457508625182866,5.457508625182866,10200000
1998-07-29,5.553677082061768,5.601760866322042,5.547666975879394,5.5897399202569735,4942400
1998-07-30,5.337299823760986,5.559687683267839,5.253153204917908,5.559687683267839,19011200
1998-07-31,5.43346643447876,5.4394772730483965,5.313257000087637,5.337298886965861,10849600
1998-08-03,5.307247161865234,5.541655203854988,5.265173490864393,5.433466707467364,10774400
1998-08-04,5.054807186126709,5.301236164806159,5.054807186126709,5.301236164806159,16819200
1998-08-05,5.084860324859619,5.18703873606276,4.9165670753370785,5.108902217648553,15696800
1998-08-06,3.6423449516296387,4.051056926399961,3.137465453383946,4.03903598596554,161821600
1998-08-07,3.492084503173828,3.6543668758775114,3.462031777147116,3.618304044865562,61660000
1998-08-10,3.209592580795288,3.534158122673463,3.13746690482236,3.534158122673463,58244000
1998-08-11,3.365863800048828,3.365863800048828,2.8429531836769977,2.9811936514718194,44596000
1998-08-12,3.353844165802002,3.5822421555878017,3.2576765911553496,3.462032687279486,39219200
1998-08-13,3.0833723545074463,3.1615081198981962,3.0172567988382024,3.0773615159465333,60422400
1998-08-14,3.0112464427948,3.1374659713436324,2.9872045579569177,3.1014031440868086,21409600
1998-08-17,3.0713508129119873,3.1014027987631723,3.0112461075096,3.035287989670555,17489600
1998-08-18,3.101402521133423,3.257674741190533,3.101402521133423,3.167518058007561,16209600
1998-08-19,3.1074154376983643,3.1434782818474725,3.053320804624481,3.125446492922697,19796800
1998-08-20,3.1554980278015137,3.2216128500380337,3.0713514235094754,3.0953933104500577,78269600
1998-08-21,3.2757065296173096,3.299748409711015,3.083371488867668,3.1314552490550787,14641600
1998-08-24,3.2937397956848145,3.2937397956848145,3.2216141067282127,3.2696978993659473,17336800
1998-08-25,3.383896827697754,3.407938720847648,3.3538440944102104,3.3658650409851574,17336800
1998-08-26,3.3899049758911133,3.431978631448946,3.317779338106196,3.32379017477157,14724000
1998-08-27,3.329801559448242,3.3778853364799857,3.2937387266744342,3.32379145416938,28860800
1998-08-28,3.4319796562194824,3.4379897609795123,3.3478330536780256,3.3478330536780256,11284800
1998-08-31,3.4740519523620605,3.582240421466761,3.413947247303893,3.413947247303893,13128000
1998-09-01,3.6183040142059326,3.822660054875371,3.407937868602184,3.4800635300149265,19870400
1998-09-02,3.5341570377349854,3.6483563564846313,3.5341570377349854,3.6062826915663115,15600800
1998-09-03,3.5341570377349854,3.576230702653305,3.4800631642115367,3.5221360954297647,13599200
1998-09-04,3.462031364440918,3.5341570178667703,3.4560212601721405,3.5341570178667703,12001600
1998-09-08,3.5702199935913086,3.582240936330673,3.4259686807189325,3.486073394415756,11704000
1998-09-09,3.413947105407715,3.5822402725757008,3.3718741804657095,3.546177451039704,8840000
1998-09-10,3.4259684085845947,3.437989350369102,3.3177799325240285,3.3177799325240285,11754400
1998-09-11,3.462031364440918,3.5341570178667703,3.383895606746288,3.4139475954903498,7276800
1998-09-14,3.5702199935913086,3.6002727172897795,3.4620315089370264,3.4620315089370264,5613600
1998-09-15,3.6183040142059326,3.630324957774723,3.516126360721298,3.54617835279319,4095200
1998-09-16,3.648357629776001,3.696441415778318,3.5942630036732197,3.612294790274263,8716000
1998-09-17,3.810638666152954,3.8286704462497765,3.558198880698027,3.606282649356108,11760800
1998-09-18,3.9669103622436523,3.996963080322762,3.7204814490148705,3.8046280324564026,10421600
1998-09-21,3.858722448348999,3.942869043795862,3.8467015061423044,3.942869043795862,7776800
1998-09-22,3.8647334575653076,3.9248381712622784,3.7926078011289417,3.858722619345551,7280800
1998-09-23,4.002974033355713,4.002974033355713,3.8707436598815,3.9428693181401617,3858400
1998-09-24,3.7565433979034424,3.9789303784919063,3.6062813098113957,3.966909440792535,8156800
1998-09-25,3.6183040142059326,3.702450619187466,3.5762310785652507,3.702450619187466,13583200
1998-09-28,3.648357629776001,3.666388682676696,3.624315736774842,3.6543677361761167,5143200
1998-09-29,3.5161261558532715,3.648356527405529,3.486073431832241,3.648356527405529,3483200
1998-09-30,3.365863800048828,3.456021232971606,3.3538428579057964,3.450010395050049,9376800
1998-10-01,3.209592580795288,3.3177810947546797,3.209592580795288,3.3177810947546797,21282400
1998-10-02,3.5401670932769775,3.546177196251167,3.2576746446917504,3.2576746446917504,23016800
1998-10-05,3.6062822341918945,3.630324115753174,3.4560208412838986,3.5101147079467774,16000000
1998-10-06,3.6543657779693604,3.67840765808758,3.5101144972600435,3.5101144972600435,9760800
1998-10-07,3.6543657779693604,3.774575178560458,3.6122928546124538,3.6122928546124538,10343200
1998-10-08,3.383896827697754,3.534158293034415,3.3538440944102104,3.534158293034415,16084000
1998-10-09,3.5702199935913086,3.5882517745504146,3.3778849097614736,3.3778849097614736,5900800
1998-10-12,3.588252305984497,3.6183043004336666,3.5101157997562478,3.59426241139424,3452000
1998-10-13,3.546177864074707,3.6904291670201186,3.510115038338354,3.5882515276171527,4002400
1998-10-14,3.6062822341918945,3.606282234191895,3.498093767166138,3.498093767166138,4800800
1998-10-15,3.804629325866699,3.8647340487579567,3.5581995951624292,3.5822414843189323,5260800
1998-10-16,3.7264912128448486,3.8647323827519533,3.726491212844848,3.8046276857705847,3022400
1998-10-19,3.816650152206421,3.834681201665087,3.792608263794728,3.798618369047547,4093600
1998-10-20,3.624314308166504,3.6784081792465715,3.606282528673109,3.672398075215479,10695200
1998-10-21,3.6122934818267822,3.6844191347048536,3.5822407596108783,3.648356308265818,11272800
1998-10-22,3.546177864074707,3.6363352952656234,3.5221359802504715,3.6363352952656234,13204800
1998-10-23,3.5161261558532715,3.594261917647724,3.510115317569015,3.558199089042563,6252000
1998-10-26,3.5161261558532715,3.534157203305789,3.456021441511336,3.5161261558532715,6063200
1998-10-27,3.5401670932769775,3.558198135899476,3.462030618713004,3.5161252139803594,7978400
1998-10-28,3.5702199935913086,3.582240936330673,3.4620315089370264,3.540168003592956,8836000
1998-10-29,3.954890489578247,4.002974264527527,3.60628312119597,3.60628312119597,20413600
1998-10-30,4.135204792022705,4.219351401162702,4.0270162945569945,4.039037238719851,14140800
1998-11-02,4.291477680206299,4.297488519997919,4.099142546079405,4.135205383728198,7996800
1998-11-03,4.375624656677246,4.387645603536249,4.189300347212878,4.243394241228208,6528000
1998-11-04,4.417697906494141,4.51386547198299,4.387645175428726,4.411687066800939,10311200
1998-11-05,4.465780735015869,4.5980111093088,4.15924631866855,4.231371977373785,25627200
1998-11-06,4.778326034545898,4.7843361402337505,4.501844297798722,4.513865242874687,14715200
1998-11-09,4.7302422523498535,4.760294248177612,4.622053746709454,4.760294248177612,7512000
1998-11-10,4.688167572021484,4.7903459500566195,4.670136525132992,4.736251341990935,7771200
1998-11-11,4.501845359802246,4.670138630566808,4.447750727349135,4.664127789760714,4555200
1998-11-12,4.411688804626465,4.513867250058025,4.351584052519837,4.513867250058025,4068800
1998-11-13,4.357590675354004,4.387642655459266,4.327537961548865,4.387642655459266,5415200
1998-11-16,4.24940299987793,4.441738055403945,4.17126651672048,4.3756225132168725,7892000
1998-11-17,4.375624656677246,4.411687497254256,4.213342240930885,4.249405081507895,10705600
1998-11-18,4.579981327056885,4.676148913976714,4.399667101582204,4.471792791772076,8120000
1998-11-19,4.67013692855835,4.68215787208913,4.601016503256361,4.658115985027569,6363200
1998-11-20,4.616044044494629,4.868483953177929,4.610033937328581,4.736253524820009,14231200
1998-11-23,4.507854461669922,4.6160429687499995,4.459770680745443,4.6160429687499995,10240000
1998-11-24,4.5138654708862305,4.6040221966599715,4.4717917941449326,4.507854631194489,2395200
1998-11-25,4.417697906494141,4.525886417669096,4.231372881509347,4.501844526296884,7445600
1998-11-27,4.471791744232178,4.471791744232178,4.363603234291077,4.423707962036133,1281600
1998-11-30,4.339560031890869,4.423706625307036,4.315518148057678,4.423706625307036,3407200
1998-12-01,4.321528434753418,4.387643240013219,4.231371015026447,4.231371015026447,4432000
1998-12-02,4.616044044494629,4.616044044494629,4.309510236515128,4.315520343681176,6102400
1998-12-03,4.399665832519531,4.531896226393069,4.399665832519531,4.519875281495475,7216800
1998-12-04,4.4958319664001465,4.622052214659785,4.4657799805335765,4.471790084226884,8753600
1998-12-07,4.610031604766846,4.760293012294803,4.549926895015648,4.555936999140733,7368000
1998-12-08,4.634072780609131,4.754282181744258,4.549926199814542,4.573968080041567,5416000
1998-12-09,4.165255546569824,4.567956618451833,4.13520283354587,4.471789110694952,33112800
1998-12-10,4.135204792022705,4.513864900002794,4.039037238719851,4.447749340256979,29911200
1998-12-11,4.351580619812012,4.3816333390087845,4.183287446670111,4.207329328547526,14297600
1998-12-14,4.135204792022705,4.351581786954125,3.996964300999956,4.327539898628412,10848000
1998-12-15,4.117173671722412,4.213341223369065,4.0991418889385685,4.123183776850232,6613600
1998-12-16,4.213339805603027,4.267433668351881,4.135203329332527,4.1412141661379245,4785600
1998-12-17,4.189298629760742,4.231371559668778,4.1231830822908835,4.195308733876146,7437600
1998-12-18,4.165255546569824,4.231370341302751,4.13520283354587,4.13520283354587,8583200
1998-12-21,4.291477680206299,4.31551957197216,4.129195277636888,4.141216223519819,7389600
1998-12-22,4.207329273223877,4.363601503372193,4.201319169683557,4.2794549179077155,5060000
1998-12-23,4.267435550689697,4.321530170999279,4.207330824623645,4.225362609293596,3352000
1998-12-24,4.291477680206299,4.327540517855091,4.2554148425575065,4.2554148425575065,1203200
1998-12-28,4.27945613861084,4.369613587032801,4.22536225651783,4.231372361772516,3850400
1998-12-29,4.23137092590332,4.31551750681617,4.23137092590332,4.291475626555356,3020000
1998-12-30,4.285466194152832,4.411685718429525,4.243392530260552,4.255413472272621,4600000
1998-12-31,4.141217231750488,4.435730110734949,4.135206390495454,4.285468617465446,5648800
1999-01-04,4.357590675354004,4.4116845330234264,4.207328573728063,4.207328573728063,8197600
1999-01-05,4.429717540740967,4.531895181972535,4.369612830104726,4.381633772231974,3544000
1999-01-06,4.616044044494629,4.664127836624781,4.5439183562994,4.555939304331938,9819200
1999-01-07,4.53790807723999,4.622054710280331,4.525887129662799,4.592001974487145,16314400
1999-01-08,4.375624656677246,4.555938859562297,4.339561816100236,4.543917912703294,6981600
1999-01-11,4.441740989685059,4.495834892936994,4.3034997103514545,4.315520659263051,5336800
1999-01-12,4.339560031890869,4.459769451056821,4.291476264224488,4.375622857640654,4710400
1999-01-13,4.1291937828063965,4.327538951220655,4.111162003659621,4.231371418971307,14664000
1999-01-14,4.105151176452637,4.273444328237227,4.0871194004829015,4.129193055279007,7566400
1999-01-15,4.345571041107178,4.35759198349793,4.147225124809708,4.159246067200461,7883200
1999-01-19,4.2433929443359375,4.399665205742077,4.177278123668028,4.399665205742077,2730400
1999-01-20,4.189298629760742,4.255413443530532,4.1472249661526375,4.219350617737901,5700800
1999-01-21,4.008985996246338,4.207331245243354,3.948881264171433,4.195310298828372,7722400
1999-01-22,4.23137092590332,4.327538446946577,4.057067660862396,4.08110954112321,9796000
1999-01-25,4.159248352050781,4.225363938370046,4.123185505067681,4.219353097022613,6718400
1999-01-26,3.9729199409484863,4.1592440927023295,3.7926058906868247,4.135202219334108,23600800
1999-01-27,4.105151176452637,4.141213994692192,4.039035642830162,4.039035642830162,11113600
1999-01-28,4.27945613861084,4.357592642823221,4.105152814422019,4.105152814422019,10466400
1999-01-29,4.30349588394165,4.345569534573124,4.27344390523332,4.28546484345662,6196000
1999-02-01,4.567958354949951,4.628063070146661,4.303497608084427,4.303497608084427,10325600
1999-02-02,4.519874572753906,4.561948240148226,4.483811743715976,4.49583268672862,11712800
1999-02-03,4.531895160675049,4.531895160675049,4.489822230277441,4.519874218604293,7556000
1999-02-04,4.423707008361816,4.4838117231493415,4.4176969037331295,4.4838117231493415,5339200
1999-02-05,4.351580619812012,4.423706265444255,4.309507693376541,4.417696161824906,7929600
1999-02-08,4.27945613861084,4.3455716986136395,4.2674351944012585,4.303498027030002,4517600
1999-02-09,4.039035797119141,4.279454594566708,4.039035797119141,4.273444491480491,4452800
1999-02-10,4.087123394012451,4.105155187601057,3.9969666271713162,4.039039589377011,7659200
1999-02-11,4.19530725479126,4.219349130176884,4.093129651252267,4.093129651252267,3926400
1999-02-12,4.285466194152832,4.33354996220111,4.093131121959719,4.183287820200204,4804800
1999-02-16,4.567958354949951,4.567958354949951,4.285466560375483,4.285466560375483,7449600
1999-02-17,4.501845359802246,4.537908203537509,4.43572977943738,4.519876414819661,9936000
1999-02-18,4.53790807723999,4.567960079332762,4.507855341446804,4.519876289023996,9178400
1999-02-19,4.519874572753906,4.64008400288034,4.519874572753906,4.60402117384241,14034400
1999-02-22,4.7061991691589355,4.724230215344565,4.519874200940347,4.519874200940347,16460800
1999-02-23,4.7061991691589355,4.760293041415897,4.664125505225677,4.682157285111381,8416000
1999-02-24,4.573970317840576,4.7242317759244,4.4477500180458724,4.694179777787762,8765600
1999-02-25,4.598012447357178,4.652106340277671,4.549928660894359,4.549928660894359,9060000
1999-02-26,4.7422637939453125,4.7482739003867644,4.616043487970931,4.616043487970931,12141600
1999-03-01,4.802368640899658,4.862473375243206,4.724232119402861,4.73625306627157,9242400
1999-03-02,4.9947028160095215,5.030765649577459,4.754283925556602,4.754283925556602,12898400
1999-03-03,4.844440460205078,4.9947026279300255,4.838430355020184,4.970660739790049,16857600
1999-03-04,4.808378219604492,4.898535678072221,4.808378219604492,4.892524838447571,13155200
1999-03-05,4.958639144897461,4.964649249293528,4.8324188818789295,4.8324188818789295,8576000
1999-03-08,4.97667121887207,5.048796888710796,4.910556388370033,4.934598278316274,4676800
1999-03-09,5.04278564453125,5.084858575587962,4.940607268479083,4.940607268479083,6381600
1999-03-10,5.030764579772949,5.042785521739312,4.970659869941134,4.97666997407428,2359200
1999-03-11,5.156985759735107,5.229111434696438,5.078849978710486,5.090870924537374,6697600
1999-03-12,5.054807186126709,5.175016622970386,5.048796347434437,5.1449638969093785,4648800
1999-03-15,5.181027889251709,5.235122514806363,5.0487974790851915,5.0487974790851915,4201600
1999-03-16,5.193048477172852,5.217090368270874,5.150975534601457,5.17501742569948,2812800
1999-03-17,5.150975704193115,5.2591642176962345,5.150975704193115,5.217090540039309,6048000
1999-03-18,5.156985759735107,5.217090488869549,5.096881030600665,5.144964813908219,8805600
1999-03-19,5.156985759735107,5.241132380523325,5.156985759735107,5.205069543042661,7756000
1999-03-22,5.217090129852295,5.226106205452168,5.114912464205316,5.120922569855018,2940800
1999-03-23,5.090869426727295,5.217088953923793,5.036774819571588,5.156984242473058,4888800
1999-03-24,5.054807186126709,5.1089010658562755,5.024754460065702,5.096880122171908,2489600
1999-03-25,5.072837829589844,5.090869610526123,5.042785839629536,5.090869610526123,4916800
1999-03-26,5.0367751121521,5.072837941117389,5.0367751121521,5.04879605514053,2484000
1999-03-29,4.97667121887207,5.024754998764554,4.9706611132356375,4.994703003181879,4996000
1999-03-30,5.007496356964111,5.019519156460047,4.971427958476303,4.971427958476303,3477600
1999-03-31,5.061600208282471,5.175817206967657,5.031543566826588,5.055589173516767,5542400
1999-04-01,5.073622226715088,5.133736234140622,5.0135082192895535,5.037553822259767,8440800
1999-04-05,5.115703105926514,5.151771515367311,5.0435662870449205,5.049577321711552,7556000
1999-04-06,4.857211112976074,5.097667108667959,4.851200079990509,5.097667108667959,8712800
1999-04-07,4.875247001647949,4.917326445398563,4.779064577288075,4.839178592512996,6340000
1999-04-08,4.298151969909668,4.622767615451144,4.298151969909668,4.616755847700993,37804000
1999-04-09,4.556642055511475,4.700915682598909,4.376300021652181,4.376300021652181,14400800
1999-04-12,4.472483158111572,4.568665591619348,4.454449318735731,4.556642787430876,12843200
1999-04-13,4.42439079284668,4.466470963489765,4.412367991779162,4.460459196049235,19121600
1999-04-14,4.57467794418335,4.640803008748239,4.364278477138887,4.376301282861033,11712800
1999-04-15,4.682881832122803,4.688892866326672,4.520573635227765,4.556642041891817,10268000
1999-04-16,4.8151326179504395,4.8151326179504395,4.658836190326052,4.658836190326052,10644800
1999-04-19,4.911316871643066,4.94738529150649,4.8632256451585025,4.8632256451585025,9004800
1999-04-20,5.211885929107666,5.217896964233331,4.899293023416268,4.905304058541933,10848000
1999-04-21,5.193851947784424,5.247954939147416,5.103681273931182,5.20587475321911,11850400
1999-04-22,5.18182897567749,5.18182897567749,5.07362373024571,5.151772329964444,5704000
1999-04-23,5.18182897567749,5.247954770348248,5.18182897567749,5.205874585773442,12952000
1999-04-26,5.229918003082275,5.278009203110618,5.157781203039761,5.193849603061018,3506400
1999-04-27,5.259976387023926,5.271999189355623,5.139748363706963,5.229919014287876,18260000
1999-04-28,5.356160640716553,5.4343085157395,5.229920806076731,5.265989225428984,6328800
1999-04-29,5.404248237609863,5.434304866647018,5.314076882871642,5.434304866647018,5450400
1999-04-30,5.398237705230713,5.46436347832628,5.296044262572985,5.398237705230713,3068000
1999-05-03,5.524479389190674,5.542513230191122,5.386216761660786,5.386216761660786,8764000
1999-05-04,5.722853660583496,5.8250478428578525,5.5725690048909335,5.650716849735805,9639200
1999-05-05,5.81903600692749,5.981344196341555,5.7228535935898455,5.867127213596312,9644000
1999-05-06,5.61464786529541,5.921229646688318,5.59661403135004,5.91521787949752,6863200
1999-05-07,5.67476224899292,5.782967461367785,5.62667104349298,5.632682811087252,7960800
1999-05-10,5.6627397537231445,5.734876565872484,5.6386941496733645,5.6627397537231445,8779200
1999-05-11,5.776958465576172,5.801004076808926,5.614650222848169,5.650718639697301,8098400
1999-05-12,5.81903600692749,5.867127213596312,5.680774154661415,5.770944800258667,5289600
1999-05-13,5.734877586364746,5.83106001967904,5.72285478220046,5.8190372155147525,5699200
1999-05-14,5.506443977355957,5.638694815240052,5.500432942540796,5.614649208352034,5898400
1999-05-17,5.434306621551514,5.530489039632071,5.386215412511235,5.500432400888704,9071200
1999-05-18,5.482397079467773,5.530488281919245,5.302055070274755,5.428294843616625,8064800
1999-05-19,5.758923530578613,5.78296914030963,5.518467433268441,5.518467433268441,9416800
1999-05-20,6.408153533935547,6.4201763360630055,5.903195844582276,5.915218646709735,15860000
1999-05-21,6.059492111206055,6.299948147365026,5.915218489510673,6.299948147365026,16188800
1999-05-24,5.76493501663208,6.083538963005124,5.7348776390384275,6.059493354455697,12136000
1999-05-25,5.81903600692749,5.915218420265134,5.686785188588229,5.770944800258667,7906400
1999-05-26,5.67476224899292,5.843081468242709,5.608637208337282,5.837070434461998,6232000
1999-05-27,5.6627397537231445,5.722853763847594,5.626671347648474,5.674762555748035,4520800
1999-05-28,5.60863733291626,5.81302496083086,5.590602763546419,5.722853581608807,5467200
1999-06-01,5.590602397918701,5.650716402197397,5.446328787649832,5.512454559263161,5352000
1999-06-02,6.029435157775879,6.107582998527429,5.608637116538754,5.614648150221081,11141600
1999-06-03,6.155675888061523,6.221802046454059,6.089550830389612,6.107584670186043,10276000
1999-06-04,6.330007076263428,6.342029880332658,6.125619040179652,6.131630075307404,9160000
1999-06-07,6.528381824493408,6.58849583761029,6.287925772025879,6.3480397851427615,11044000
1999-06-08,6.366074085235596,6.5524267734183335,6.342028482397363,6.516358369160985,6553600
1999-06-09,6.19775390625,6.486301095655387,6.191741772657271,6.444220563386986,7104000
1999-06-10,6.372086524963379,6.480291767840115,6.299949696378888,6.372086524963379,11698400
1999-06-11,6.708725452423096,6.720748257893389,6.426190257685038,6.43821306315533,9987200
1999-06-14,6.684675693511963,6.732766885551618,6.588493309432654,6.6606300974921355,10437600
1999-06-15,6.678667068481445,6.732768942239433,6.654621465116305,6.678667068481445,6748800
1999-06-16,6.564450263977051,6.702713228625373,6.516359053251945,6.67866762326282,8080000
1999-06-17,6.468268871307373,6.540405698868422,6.4261897890438515,6.480291675900881,5848800
1999-06-18,6.432199478149414,6.540404703015479,6.3420291912413385,6.492313491963895,8844000
1999-06-21,6.330007076263428,6.45624578517662,6.311972136345857,6.432200177038159,4631200
1999-06-22,6.20376443862915,6.43219762532286,6.09555924493213,6.348038030225177,9371200
1999-06-23,6.149664402008057,6.203766651245794,6.095561418956623,6.203766651245794,5632800
1999-06-24,6.01741361618042,6.149664456823795,6.01741361618042,6.149664456823795,4458400
1999-06-25,5.813024997711182,6.083537669466437,5.813024997711182,5.993367023485878,6177600
1999-06-28,6.065502643585205,6.107582074435423,5.9031944853303004,5.915217284689425,8649600
1999-06-29,6.215790748596191,6.233825691545232,6.089551651556771,6.089551651556771,5980800
1999-06-30,6.023423671722412,6.167697292601991,6.023423671722412,6.167697292601991,6258400
1999-07-01,5.855103969573975,6.071514383233794,5.794989965779581,6.071514383233794,8378400
1999-07-02,5.921230316162109,5.963309756001289,5.8551045386544915,5.867127340581913,6248000
1999-07-06,6.0114006996154785,6.071514706611633,5.9031954870223995,5.939263891220093,4978400
1999-07-07,5.849094390869141,6.023424678324988,5.825048783370837,6.023424678324988,3370400
1999-07-08,5.873140811920166,5.945277644407534,5.82504959026192,5.82504959026192,2699200
1999-07-09,5.825048446655273,5.939264708763117,5.807013875167177,5.873139658871979,4526400
1999-07-12,5.584591388702393,5.867126843135126,5.5485229859782015,5.831058440410934,6177600
1999-07-13,5.632683753967285,5.7048205742925,5.482398344716248,5.560546933642072,6127200
1999-07-14,5.380204677581787,5.644706342017204,5.302056091637223,5.644706342017204,11119200
1999-07-15,5.861117362976074,5.897185775259577,5.440319219668541,5.446330254808928,11784000
1999-07-16,5.885162353515625,5.9272417965232655,5.807013768196222,5.813025536519398,6703200
1999-07-19,5.807013034820557,5.921230014213454,5.66875118661256,5.897184411584798,5641600
1999-07-20,6.023423671722412,6.119606085642132,5.686785223003395,5.686785223003395,10695200
1999-07-21,5.933252811431885,6.131628666074578,5.782967428199749,6.029435221880113,6060800
1999-07-22,6.0114006996154785,6.071514706611633,5.927241089820861,5.927241089820861,5049600
1999-07-23,5.987356185913086,6.107584221774794,5.951287775154573,6.023424596671599,2715200
1999-07-26,6.3480401039123535,6.414166255475114,5.969322169165328,5.975333203872045,8563200
1999-07-27,6.131630897521973,6.311972982743208,6.113597055906761,6.311972982743208,4441600
1999-07-28,6.161688327789307,6.251858631936138,6.107584971199151,6.1496651558209985,3488800
1999-07-29,5.9813432693481445,6.203764698813606,5.903194703716047,6.155673499597996,3361600
1999-07-30,5.867126941680908,6.077526328012713,5.867126941680908,5.999377753890929,3604000
1999-08-02,5.951287746429443,6.089550353909902,5.867128121732461,5.867128121732461,3470400
1999-08-03,5.512454986572266,5.770944858101259,5.494420416983907,5.770944858101259,15193600
1999-08-04,5.34413480758667,5.53048783512435,5.314077441576006,5.4884084032855665,15730400
1999-08-05,6.053480625152588,6.0835372605211235,5.560545787837635,5.674762029577017,13562400
1999-08-06,5.951287746429443,6.071515781710846,5.867128121732461,6.035447371126425,7784000
1999-08-09,5.807013034820557,5.951286650592496,5.722853425620259,5.951286650592496,4688000
1999-08-10,5.560545921325684,5.8010019453005555,5.446328943030845,5.8010019453005555,9110400
1999-08-11,5.53048849105835,5.650716501733531,5.446328883585723,5.560545860633916,8080000
1999-08-12,5.807013034820557,5.8911726440208545,5.542511405905334,5.542511405905334,8764000
1999-08-13,6.053480625152588,6.095560061431245,5.813024606950172,5.86712684413895,5465600
1999-08-16,6.07151460647583,6.131628612480541,6.035446202873003,6.053480771581192,7536800
1999-08-17,6.107583999633789,6.143652409080445,6.053481752370639,6.059492787038248,7013600
1999-08-18,6.107583999633789,6.167698015378216,6.035447180740476,6.107583999633789,4425600
1999-08-19,6.023423671722412,6.0835376804222365,5.963309663022588,6.0835376804222365,5149600
1999-08-20,6.0114006996154785,6.041458070020337,5.945275658826489,6.029435268621106,5345600
1999-08-23,6.07151460647583,6.119605811279599,6.011400600471119,6.011400600471119,4031200
1999-08-24,5.933252811431885,6.071514659544435,5.933252811431885,6.0474690569323775,2384000
1999-08-25,6.0114006996154785,6.083537508010864,5.945275658826489,5.95729846022572,6424000
1999-08-26,5.945276737213135,6.035447397156231,5.939264968516291,6.035447397156231,2348000
1999-08-27,5.951287746429443,6.0294363362692005,5.9392649429013025,5.9392649429013025,2753600
1999-08-30,5.776958465576172,5.963311585723109,5.758923890244696,5.927243168873978,3537600
1999-08-31,5.849094390869141,5.909208409614899,5.764934764625079,5.764934764625079,3931200
1999-09-01,6.065502643585205,6.107582074435423,5.909206251916582,5.945274649993956,5355200
1999-09-02,6.047469139099121,6.065503708209977,5.969321296454922,6.0594919405685035,4471200
1999-09-03,6.149664402008057,6.173710376090275,6.083538615368937,6.083538615368937,6020000
1999-09-07,6.155675888061523,6.167698692530394,6.059493452310562,6.0835390612483025,2349600
1999-09-08,6.107583999633789,6.191743621675987,6.071515590187133,6.155675212229331,4163200
1999-09-09,5.95729923248291,6.0594926907171445,5.849094005862962,6.047469887759372,5456800
1999-09-10,5.782966613769531,6.023422606026061,5.7709438141567055,5.975331407574755,5199200
1999-09-13,5.837069511413574,5.879148942664986,5.801001112992317,5.867126143191234,6579200
1999-09-14,5.927239418029785,5.981342375973245,5.831057033964393,5.831057033964393,14480800
1999-09-15,5.93926477432251,6.083538412565162,5.903196364761847,6.023424396630724,5549600
1999-09-16,5.933252811431885,6.059491858238406,5.891172639954006,6.005389619268056,9317600
1999-09-17,5.861117362976074,5.999379243155971,5.837071754787072,5.9633108308724685,8267200
1999-09-20,5.578579425811768,5.837070003181781,5.494419822405124,5.8130244022084545,13934400
1999-09-21,5.590602397918701,5.596614165253335,5.332112546427075,5.578579597062962,8744800
1999-09-22,5.770946502685547,5.794992113113404,5.5845933887765575,5.5906044244766235,9200800
1999-09-23,5.855103969573975,5.981343744448964,5.7709443642618234,5.7709443642618234,6416800
1999-09-24,5.62667179107666,5.849094012972631,5.56655777621473,5.831059441607223,4525600
1999-09-27,5.716840744018555,5.782965765280369,5.626669393245764,5.626669393245764,5522400
1999-09-28,5.788980484008789,5.885162915860949,5.590603851406847,5.686786283259008,10420800
1999-09-29,5.81903600692749,5.963309626933957,5.782967601925873,5.813024973000676,7727200
1999-09-30,4.682881832122803,5.758922264026861,4.62276782101605,5.758922264026861,44358400
1999-10-01,4.400346755981445,4.761030916307793,4.00960594920147,4.682883048477319,56380800
1999-10-04,4.063706398010254,4.304162397892518,4.027637998027915,4.280116797904292,30089600
1999-10-05,4.129832744598389,4.171912183577831,3.7871825297608552,4.039661365078246,37184800
1999-10-06,4.1358442306518555,4.256072260612665,4.039661806683208,4.1358442306518555,18813600
1999-10-07,4.11781120300293,4.304164319189425,4.03966260125041,4.1839362655807815,20707200
1999-10-08,4.063706398010254,4.183934397951386,4.021626964937596,4.1418549648787275,7894400
1999-10-11,4.171913146972656,4.2019705250248665,4.105788089359791,4.111799124681983,5782400
1999-10-12,3.955502510070801,4.201970358608212,3.9194340981248663,4.195958589710363,9325600
1999-10-13,3.859318733215332,3.931455531967021,3.817239300850246,3.9194327321750726,12376800
1999-10-14,4.08775520324707,4.153881021971328,3.8953902525060315,3.8953902525060315,9828800
1999-10-15,4.153877258300781,4.207979484769698,3.943477917155603,4.105786064189128,8841600
1999-10-18,4.250060081481934,4.472481510104598,4.0576952853484025,4.1538776834151685,10751200
1999-10-19,4.232025146484375,4.382310497286116,4.195956750349565,4.316184737465599,6476800
1999-10-20,4.43641471862793,4.472483130974498,4.262084425859713,4.262084425859713,8013600
1999-10-21,4.634788990020752,4.634788990020752,4.448435254350734,4.460458052335466,9898400
1999-10-22,4.6708598136901855,4.833167304007449,4.484505981081538,4.785076087052151,11749600
1999-10-25,4.706927299499512,4.7850751447558135,4.634790488272037,4.646813290143283,5340800
1999-10-26,4.712940216064453,4.815134439697283,4.694906372960944,4.706929179634578,7047200
1999-10-27,4.736984729766846,4.803110518028316,4.7309736947323735,4.785075945297473,5039200
1999-10-28,4.803110599517822,4.85721285100082,4.736984810134463,4.736984810134463,9643200
1999-10-29,4.971429824829102,5.163794688980869,4.755019352658363,4.761030387756246,6285600
1999-11-01,5.019519805908203,5.284021429041212,5.001485237424182,5.097667645836186,9892000
1999-11-02,5.3200907707214355,5.3802047865837475,5.169805364158821,5.278010592710983,24812000
1999-11-03,5.0916571617126465,5.296044801645821,5.0495769865843005,5.296044801645821,16022400
1999-11-04,5.0014848709106445,5.145758472956143,4.9473826370503255,5.073621671933394,10320800
1999-11-05,5.055588722229004,5.103679931316492,5.043565919957132,5.04957695418626,5796800
1999-11-08,5.284022808074951,5.3140794516411685,5.0555895284795165,5.0736233678565,10465600
1999-11-09,5.1277265548706055,5.284023015465045,5.061600762327616,5.284023015465045,6244000
1999-11-10,5.115703105926514,5.229919368915536,5.0796346964857175,5.097668534299281,6501600
1999-11-11,5.067612171173096,5.175817405427891,5.025531990944932,5.115703386397449,7606400
1999-11-12,5.121715068817139,5.157783484794725,5.031544395780076,5.043567201105938,4832800
1999-11-15,5.247954845428467,5.284023261088409,5.121715023711772,5.121715023711772,6517600
1999-11-16,5.296046257019043,5.350148515550281,5.259977840060277,5.2659888759798275,7211200
1999-11-17,5.422285556793213,5.500434163432191,5.296046459517591,5.326103107892225,10895200
1999-11-18,5.62667179107666,5.62667179107666,5.3200906821876455,5.38621573162894,14350400
1999-11-19,5.356160640716553,5.5425137737962595,5.32610325768274,5.530490967345508,6948000
1999-11-22,5.290032863616943,5.392227047207251,5.229918853803114,5.362169675393538,5176800
1999-11-23,5.356160640716553,5.506445354444006,5.284023802012046,5.3862172899364955,5582400
1999-11-24,5.0916571617126465,5.241941824168465,5.0916571617126465,5.217896219470444,6660000
1999-11-26,4.983452320098877,5.09165754948061,4.983452320098877,5.09165754948061,2566400
1999-11-29,4.839177131652832,4.977438958024572,4.839177131652832,4.977438958024572,6400000
1999-11-30,4.9954752922058105,5.025531934476451,4.785075861056525,4.839178844482858,8896000
1999-12-01,5.079636096954346,5.157783972048139,4.941373455738427,4.941373455738427,6919200
1999-12-02,5.247954845428467,5.290034296791502,5.043567156688796,5.055589961908776,5880800
1999-12-03,5.199860572814941,5.422281971941329,5.169803210498385,5.253962797646032,6028800
1999-12-06,5.199860572814941,5.235928967306791,5.121712017842586,5.181826008662334,3196800
1999-12-07,5.043565273284912,5.205872716237758,4.965416701630933,5.199861682779348,5707200
1999-12-08,5.055588722229004,5.103679931316492,4.983451908597772,5.025531349642516,4776000
1999-12-09,4.857211112976074,5.187838473959148,4.82715448042132,5.145758307806336,4570400
1999-12-10,4.899292469024658,4.983452087956743,4.755018836569654,4.869235095356378,5748000
1999-12-13,4.83316707611084,4.917326701814262,4.706928004462556,4.893281094470427,4732800
1999-12-14,5.0014848709106445,5.007496637902617,4.839177435516201,4.881256869206061,5968800
1999-12-15,5.085647106170654,5.085647106170654,4.8331681718217565,4.959408005903139,4660000
1999-12-16,4.953395366668701,5.067612374311863,4.947384331431555,4.989463779532794,9250400
1999-12-17,4.881258964538574,5.007498787424922,4.857213353875823,4.9774414071895805,8908800
1999-12-20,4.7730536460876465,4.863225051648591,4.718951389802113,4.863225051648591,7089600
1999-12-21,4.7730536460876465,4.8091220615492665,4.7490080357799,4.7490080357799,3832000
1999-12-22,4.83316707611084,4.947384077900907,4.742996415478308,4.767042022822143,6478400
1999-12-23,4.900795936584473,4.929349729697193,4.869235708603325,4.899293086057126,4181600
1999-12-27,4.983452320098877,5.019520729892788,4.911315500511055,4.917326535236535,5304800
1999-12-28,4.971429824829102,4.995475432848073,4.94738421681013,4.971429824829102,5236800
1999-12-29,5.019519805908203,5.031542606959704,4.9533940332181805,4.959405800650701,3588800
1999-12-30,5.103679180145264,5.151770382154578,4.995473975624306,5.001485008968717,2928000
1999-12-31,5.109691143035889,5.13974851666645,5.091657305908465,5.0976683403463925,1234400
2000-01-03,5.169805526733398,5.199862902516602,5.091657670561717,5.109691508980685,3431200
2000-01-04,5.103679180145264,5.217895418010633,5.091656379642935,5.133735814494332,5997600
2000-01-05,5.0916571617126465,5.211885185202749,5.061599788933311,5.109690998329352,10562400
2000-01-06,5.278009414672852,5.338123417117872,5.085644606848784,5.097667407337788,15300000
2000-01-07,5.897183895111084,5.9152177285964,5.470374118925533,5.530488120232406,16160800
2000-01-10,5.794989109039307,5.951285495797628,5.752909679511081,5.9452744632136305,9336000
2000-01-11,5.807013034820557,5.897184411584798,5.644705583983903,5.674762220362946,9988000
2000-01-12,5.75291109085083,5.867127342287749,5.722853719116739,5.758922124909492,6378400
2000-01-13,5.933252811431885,5.957298414043941,5.7529107918414555,5.782967428199749,6981600
2000-01-14,5.927239418029785,6.041456366014115,5.915216620021611,5.963307812054307,9292800
2000-01-18,5.67476224899292,5.867127070992679,5.60262544074301,5.79499026274277,5514400
2000-01-19,5.722853660583496,5.813025041049904,5.626671246119908,5.626671246119908,7730400
2000-01-20,5.867126941680908,5.867126941680908,5.626670919480871,5.722853328360886,8457600
2000-01-21,5.61464786529541,5.867126677225182,5.5545338624549885,5.867126677225182,12880800
2000-01-24,5.308067798614502,5.584592262780474,5.247953784665378,5.5184664805296135,9503200
2000-01-25,5.308067798614502,5.4042502209331005,5.247953784665378,5.33812443868224,8416000
2000-01-26,5.296046257019043,5.4162743135482625,5.241943264673983,5.241943264673983,8797600
2000-01-27,5.211885929107666,5.3200911656931495,5.181828552038169,5.296045557563042,9053600
2000-01-28,5.061600208282471,5.253965061803895,5.025531798247204,5.025531798247204,12754400
2000-01-31,5.097667694091797,5.3140781150673915,5.055588256919982,5.061599290595864,4790400
2000-02-01,5.235931873321533,5.332114312015717,5.109692055628531,5.14576047013885,3984000
2000-02-02,5.3741936683654785,5.434307691501558,5.278011231347752,5.278011231347752,6660000
2000-02-03,5.326101303100586,5.386215313293595,5.296044664910882,5.326101303100586,13720800
2000-02-04,5.458354473114014,5.464366243625723,5.350149208228494,5.350149208228494,7199200
2000-02-07,5.596614360809326,5.626670997092144,5.368181136568406,5.386214971575386,11616800
2000-02-08,5.38621711730957,5.494422371898379,5.362171505178724,5.38621711730957,8325600
2000-02-09,5.187839984893799,5.452341657189774,5.16980541305769,5.434307085353664,7526400
2000-02-10,5.566558837890625,5.813026712738686,5.488410970572278,5.566558837890625,20888000
2000-02-11,5.38621711730957,5.6867872689451495,5.374194311244147,5.494422371898379,18896000
2000-02-14,5.470374584197998,5.5304885906177566,5.422283379062192,5.446328981630095,7276000
2000-02-15,5.710831165313721,5.909207772699853,5.602625943234092,5.614648745687385,16885600
2000-02-16,5.897183895111084,6.011400130687399,5.704819090929087,5.740887491713212,16412800
2000-02-17,6.047469139099121,6.221800494218726,5.9512867273440655,5.963309528813448,12419200
2000-02-18,5.566558837890625,6.011402632711258,5.5064448115635125,5.975334216914991,15170400
2000-02-22,5.656730651855469,5.734878524804368,5.548525396670481,5.578582045092719,5828800
2000-02-23,5.506443977355957,5.626672011796043,5.470375567023931,5.602626404908026,9806400
2000-02-24,5.061600208282471,5.458352718670408,4.995475156791322,5.446329915325319,13012000
2000-02-25,4.929348945617676,5.085645375600675,4.863223899839369,5.061599770987906,9658400
2000-02-28,4.947384834289551,5.043567278369894,4.857213426057323,4.905304648097495,8533600
2000-02-29,4.917326927185059,4.995475521541077,4.905304122962113,4.923338696203399,7711200
2000-03-01,5.253966331481934,5.326103168985118,4.791088657743429,4.917327756467073,12564800
2000-03-02,5.04957914352417,5.290035293215797,5.001487913585844,5.265989678246634,7538400
2000-03-03,5.235931873321533,5.320091507178945,5.007498581422846,5.0435669959331655,3794400
2000-03-06,5.04957914352417,5.223910218957567,5.025533528555007,5.223910218957567,4090400
2000-03-07,4.712940216064453,4.965419156210763,4.7009174093908195,4.95339634953713,8610400
2000-03-08,4.580690383911133,4.755021487213726,4.460462289845224,4.700918477977042,10363200
2000-03-09,4.7189507484436035,4.773052997376033,4.532596926979255,4.58068814105861,6700000
2000-03-10,4.893279552459717,4.90530235234291,4.670858121527374,4.712937554211816,6710400
2000-03-13,4.8151326179504395,4.857212058480972,4.712938432981536,4.712938432981536,6282400
2000-03-14,4.8151326179504395,4.851201024325298,4.718950200950816,4.797098047856207,3949600
2000-03-15,4.947384834289551,4.977441481157752,4.76103098197698,4.779065557148951,12876000
2000-03-16,5.013509273529053,5.115703474548616,4.785075997277129,4.869235625369943,11164000
2000-03-17,4.965419292449951,5.193852625516656,4.923339834844616,5.09767016948857,9671200
2000-03-20,5.097667694091797,5.133736097587729,4.9714286487628065,4.989462483603999,5468800
2000-03-21,5.193851947784424,5.229920364088483,5.097669504306935,5.097669504306935,4168800
2000-03-22,5.0916571617126465,5.284021999296811,5.00148577718826,5.169805010074403,5897600
2000-03-23,5.253966331481934,5.253966331481934,5.02553301272185,5.049578625222911,6003200
2000-03-24,5.524479389190674,5.536502194462239,5.2359320626731325,5.247954867944697,8687200
2000-03-27,5.3621697425842285,5.470374961604986,5.326101336243975,5.46436392745508,4664800
2000-03-28,5.326101303100586,5.404249883258298,5.28402186287228,5.290032896984781,3800800
2000-03-29,5.356160640716553,5.380206253618055,5.241943612527482,5.332115027815051,3594400
2000-03-30,5.509411811828613,5.569558228988314,5.347016852602017,5.353031127213391,5237600
2000-03-31,5.737968921661377,5.743983931241557,5.431222522513683,5.509412507591008,7032800
2000-04-03,5.972539901733398,6.014642028830597,5.7078956524648525,5.713909927389067,7430400
2000-04-04,5.8462324142456055,5.966525262275351,5.557529578974218,5.966525262275351,8253600
2000-04-05,5.774056911468506,5.864276917814853,5.683837639331462,5.768042635957045,5006400
2000-04-06,5.936450481414795,5.96652331651043,5.737966979789264,5.768040549093937,5516000
2000-04-07,5.942465782165527,5.948480790750034,5.798114386647336,5.924422224830336,5463200
2000-04-10,6.1469621658325195,6.183050006336429,6.020655091173335,6.026669364152823,7511200
2000-04-11,6.297329425811768,6.297329425811768,5.97253846716326,6.062757708820949,10399200
2000-04-12,6.531900405883789,6.628134666007307,6.231168342997795,6.255226908028675,10133600
2000-04-13,6.387547969818115,6.598061113578578,6.092830963550602,6.561973271941187,13784000
2000-04-14,6.152978897094727,6.327403141299719,5.954495351603348,6.327403141299719,5155200
2000-04-17,6.13493537902832,6.213126466107582,5.9424668181176274,6.0988475238575655,5120800
2000-04-18,6.2431960105896,6.273269943308132,6.00862542931932,6.0627568195320976,4708000
2000-04-19,6.225155353546143,6.327403535789773,6.098847134306872,6.1108764185954465,5062400
2000-04-20,6.459726333618164,6.574005280433394,6.104862777367638,6.104862777367638,9542400
2000-04-24,6.682267189025879,6.712339661184052,6.489798668275082,6.4958125753394045,5580000
2000-04-25,6.567988395690918,6.676251940674835,6.495812699034974,6.676251940674835,12896000
2000-04-26,6.47776985168457,6.658209102867729,6.447695908944851,6.592047309891377,8431200
2000-04-27,6.453710079193115,6.5920460783807355,6.435665423236667,6.519870391391166,7212800
2000-04-28,6.417623043060303,6.543929776972874,6.369505912347267,6.543929776972874,5775200
2000-05-01,6.213126182556152,6.39957935821984,6.207110806092927,6.357477596651337,6320800
2000-05-02,6.062758445739746,6.267256250457158,6.032685606268228,6.255226967826722,12139200
2000-05-03,5.89434814453125,6.026670245735013,5.798113889110332,6.014640963807398,15127200
2000-05-04,6.008627891540527,6.201096807976432,5.966525029269686,6.201096807976432,17708000
2000-05-05,6.068771839141846,6.146961788327248,6.044713280283422,6.104859677429481,11467200
2000-05-08,6.351461887359619,6.37552045511477,6.026671222665094,6.068774083341217,8276000
2000-05-09,6.531900405883789,6.567988253430109,6.255226908028675,6.279285473059554,8402400
2000-05-10,6.580017566680908,6.736398240112082,6.5198711538227645,6.56798828410928,10783200
2000-05-11,6.658210754394531,6.7965468137391385,6.616107517799161,6.646181467998533,12660000
2000-05-12,6.868720531463623,6.898794472903361,6.65820881505875,6.742413795304364,12364000
2000-05-15,7.181481838226318,7.217569686659616,6.928866899193231,6.928866899193231,13902400
2000-05-16,7.277716636657715,7.458155892112038,7.175468459442808,7.458155892112038,12806400
2000-05-17,7.181481838226318,7.2897453835262125,7.14539398979302,7.2055404038485165,8849600
2000-05-18,7.458152770996094,7.56040237383962,7.187494735289816,7.193508640412362,13567200
2000-05-19,7.349892616271973,7.452142265764863,7.277716911365864,7.398009752876044,8583200
2000-05-22,7.343880653381348,7.464173526750257,7.175470630664875,7.398011712187925,7230400
2000-05-23,7.259671688079834,7.379964495931877,7.229597751907791,7.313802717404221,6759200
2000-05-24,7.4942474365234375,7.626569622401059,7.361925250645816,7.361925250645816,19460000
2000-05-25,7.367936134338379,7.584463215485034,7.343877569766528,7.506272146417396,22335200
2000-05-26,7.301775932312012,7.46417201262708,7.235615599589308,7.313805217208737,6431200
2000-05-30,7.307790756225586,7.54837643596275,7.301775380022929,7.373951083944078,7100800
2000-05-31,7.175468444824219,7.3619216075379486,7.169453068778787,7.319819848893591,7738400
2000-06-01,7.3138017654418945,7.4160513730163835,7.133362577149742,7.163436509407371,9206400
2000-06-02,7.205540657043457,7.343878148441286,7.17546818316815,7.289745639680024,7372800
2000-06-05,7.211555004119873,7.337861725847516,7.187496441084307,7.205539629151905,5560800
2000-06-06,7.061189651489258,7.27771676175639,6.976984664163151,7.1935117744302834,8763200
2000-06-07,7.085245609283447,7.187495219008374,7.0371284913935765,7.0611870503385115,7371200
2000-06-08,7.121336936950684,7.22960050524892,7.103293743110289,7.11532302847676,6693600
2000-06-09,7.404022693634033,7.482212280686228,7.133363155059378,7.133363155059378,4442400
2000-06-12,7.689719200134277,7.734829011632915,7.313804104312305,7.40402446151875,11328000
2000-06-13,7.770916938781738,7.987444036147173,7.698741239659927,7.698741239659927,18617600
2000-06-14,7.891202449798584,8.017510540291967,7.722792641418736,7.770909729527264,8972000
2000-06-15,7.891202449798584,7.999465898042772,7.891202449798584,7.897217820020648,10037600
2000-06-16,7.770916938781738,7.927297620212331,7.722799806033864,7.879180487464456,9452000
2000-06-19,7.698741912841797,7.8791811764240265,7.692728004931632,7.849108700036231,8903200
2000-06-20,7.7167863845825195,7.8791809836235505,7.704757100638056,7.722800292345526,5228800
2000-06-21,7.800991535186768,7.843093295662833,7.638595464334201,7.686712601117408,3891200
2000-06-22,7.734828948974609,7.975414608351736,7.692727192792778,7.776932173574772,8808800
2000-06-23,7.686710834503174,7.7829450859523535,7.64460908370323,7.746857241658911,5790400
2000-06-26,7.674682140350342,7.84309209327339,7.674682140350343,7.698740705053635,8347200
2000-06-27,7.7167863845825195,7.764903520360373,7.626566020789818,7.746858860234453,8472000
2000-06-28,7.940829277038574,8.017516679137989,7.494242211088857,7.734827835842913,8736000
2000-06-29,8.27614688873291,8.564849687177082,7.951356240483217,7.987444090288739,19946400
2000-06-30,8.252087593078613,8.468614672780383,8.240058310872959,8.27614615748992,8524000
2000-07-03,8.474634170532227,8.474634170532227,8.209989833273035,8.222019121330272,4158400
2000-07-05,8.564849853515625,8.655070213990788,8.420498451490081,8.498689528463116,7004800
2000-07-06,8.829497337341309,8.847542003439077,8.378399774343285,8.396442972022117,13102400
2000-07-07,8.637022018432617,8.79941801343377,8.528758511237779,8.75731480420466,12748000
2000-07-10,8.408466339111328,8.582891625419155,8.300202824015473,8.564846972027562,6252800
2000-07-11,8.438541412353516,8.588906691653811,8.39643819436185,8.408467475442595,8452000
2000-07-12,8.588910102844238,8.691159766849346,8.414486192107864,8.438544763824515,13590400
2000-07-13,8.252087593078613,8.57687821263127,8.203970464255997,8.492673237191692,9004000
2000-07-14,8.131793022155762,8.32426149605294,8.011500225970027,8.252085818341499,11498400
2000-07-17,8.366368293762207,8.426514717626715,8.071650082616847,8.131796506481354,8053600
2000-07-18,8.011502265930176,8.113751902932727,7.855121591069677,7.987443700567022,18284000
2000-07-19,8.077665328979492,8.203972082849287,8.059620667901791,8.13179637537554,5704800
2000-07-20,8.167881965637207,8.209985184205221,7.951354903219726,8.083676996919298,4423200
2000-07-21,8.179917335510254,8.276151657104492,8.095712304115295,8.264122366905212,3734400
2000-07-24,7.921283721923828,8.185927952341022,7.873166589120702,8.131795443728326,5619200
2000-07-25,7.5784478187561035,7.933312379399043,7.5784478187561035,7.921283097147049,10554400
2000-07-26,7.52431583404541,7.692725764337512,7.518300459468806,7.578446863144556,11900800
2000-07-27,7.879179000854492,7.951354686358503,7.542359135169109,7.542359135169109,11498400
2000-07-28,7.813020706176758,7.933313546391808,7.782946761913766,7.873167126284283,4742400
2000-07-31,7.873167991638184,8.035562609568354,7.8130215649198576,7.849109420950853,5440000
2000-08-01,8.029546737670898,8.089693149681848,7.82504893683367,7.82504893683367,3895200
2000-08-02,8.047591209411621,8.155854768282628,7.873167320995355,7.939327650540612,9508800
2000-08-03,8.173894882202148,8.179908786807138,7.8791768461156995,7.9633817895093015,12517600
2000-08-04,8.438541412353516,8.468613880846334,8.228028259231381,8.228028259231381,9188000
2000-08-07,8.462600708007812,8.612966000340965,8.462600708007812,8.492673179107152,6219200
2000-08-08,8.372380256652832,8.534776297564255,8.360350974674882,8.516731640388226,6905600
2000-08-09,8.456584930419922,8.480643493522113,8.228028580949113,8.372379959562256,6224800
2000-08-10,8.504700660705566,8.5347745938562,8.354335400206152,8.444554262822217,4545600
2000-08-11,8.877612113952637,8.901670683367142,8.456587149198786,8.456587149198786,11681600
2000-08-14,8.997901916503906,9.082106880963167,8.901667671407608,8.901667671407608,7801600
2000-08-15,8.955801010131836,8.973844198574032,8.859566755991631,8.913697789736403,5898400
2000-08-16,8.87159538269043,8.98587281683471,8.817462884524556,8.98587281683471,3748800
2000-08-17,8.931741714477539,9.10616555160035,8.823478187443982,8.823478187443982,4786400
2000-08-18,8.793404579162598,8.937755953923133,8.685141048092197,8.937755953923133,8038400
2000-08-21,8.835509300231934,8.895655716610577,8.769347508006241,8.7934060745577,4527200
2000-08-22,8.997901916503906,9.058048319689092,8.829491987585385,8.829491987585385,4323200
2000-08-23,8.793404579162598,8.991888453667393,8.739273547836456,8.985873078843312,5681600
2000-08-24,8.781379699707031,8.883629375625377,8.757321125187286,8.81746756148665,4443200
2000-08-25,8.637022018432617,8.781373361359067,8.588904904123801,8.763330177702159,8910400
2000-08-28,8.661083221435547,8.745288197199503,8.63702465693156,8.661083221435547,4236000
2000-08-29,8.733260154724121,8.859568370509935,8.691158395074485,8.697172302845097,4428000
2000-08-30,8.721226692199707,8.75731452678812,8.66108030121902,8.733255970395845,4172800
2000-08-31,9.095641136169434,9.226459582002917,8.703186532878114,8.70920043985673,6971200
2000-09-01,9.040006637573242,9.190371936354186,8.985874131487666,9.142254805797357,4242400
2000-09-05,9.082111358642578,9.130228504913532,8.895658151052016,9.046023498939363,3391200
2000-09-06,8.901668548583984,9.021961366808092,8.901668548583984,8.949785675873628,6530400
2000-09-07,8.835509300231934,8.943772849713492,8.817464641109156,8.901669624039258,4832800
2000-09-08,8.709198951721191,8.799419288330622,8.697169671401134,8.697169671401134,5390400
2000-09-11,8.997901916503906,9.04000513294256,8.709199181215011,8.709199181215011,6009600
2000-09-12,8.799419403076172,9.268561341676062,8.781374748151778,9.094136040551705,7288000
2000-09-13,8.805436134338379,8.859568648062004,8.631012245667975,8.715217236023669,8502400
2000-09-14,9.09414005279541,9.202403624852499,8.973847194954201,8.99189185783972,7286400
2000-09-15,8.919713020324707,9.202400403072764,8.823478767743554,9.082107587346323,7742400
2000-09-18,8.775362014770508,8.985873717038194,8.763332732686118,8.913698024531863,7361600
2000-09-19,9.076095581054688,9.214431613894789,8.865582375248641,8.919714887868484,7596800
2000-09-20,8.883627891540527,9.046022508209992,8.811452180038852,9.015950029293599,5052800
2000-09-21,9.088123321533203,9.16029901382168,9.003918347196645,9.009932254011575,5604800
2000-09-22,9.412912368774414,9.455014114720033,9.033989313173976,9.088121807581741,15180800
2000-09-25,9.364795684814453,9.647483044811247,9.26856143997843,9.430955993930196,6460800
2000-09-26,9.376824378967285,9.449000058080243,9.202399086901996,9.238486926458476,4830400
2000-09-27,9.430960655212402,9.55125352071256,9.400888173046747,9.418931368662387,9971200
2000-09-28,9.569293975830078,9.617411100866514,9.442985788400375,9.479073632177702,10519200
2000-09-29,9.503134727478027,9.731691132316106,9.491105443012865,9.581325810710837,8254400
2000-10-02,10.194815635681152,10.224888101771487,9.358779933150844,9.52718985482708,10532800
2000-10-03,10.134666442871094,10.387281255787306,9.996329025398666,10.10459251664847,8753600
2000-10-04,9.870027542114258,10.273007792749471,9.839953600080875,9.996334280766757,7397600
2000-10-05,10.086553573608398,10.200831017066914,9.79785080897443,9.821909372693927,8195200
2000-10-06,9.90611743927002,10.104599917730395,9.827926348554445,10.09257063211405,5328000
2000-10-09,9.912131309509277,10.014380971061842,9.827926310520727,9.906117400933706,4176000
2000-10-10,10.188801765441895,10.339168523344057,9.954231502689819,9.972274691323886,12500000
2000-10-11,10.152714729309082,10.303081499201136,9.95423229641682,10.068509749326662,13369600
2000-10-12,9.767780303955078,10.248951747499664,9.69560458742339,10.176776030967975,10779200
2000-10-13,9.996334075927734,10.06850977322685,9.779806984030381,9.779806984030381,6508000
2000-10-16,10.4835205078125,10.489534414896303,10.140685219905485,10.140685219905485,15316000
2000-10-17,10.279021263122559,10.778235686256892,10.224888764864238,10.778235686256892,11013600
2000-10-18,10.086553573608398,10.212860298926662,10.07452429174865,10.206846392205886,18152000
2000-10-19,10.062496185302734,10.16474435884525,9.845969086534433,10.086554751832546,10554400
2000-10-20,10.134666442871094,10.18278355009323,9.960241194982064,10.020387579009734,8279200
2000-10-23,10.062496185302734,10.200832208639966,9.990320485713301,10.074525468567641,4642400
2000-10-24,10.260979652404785,10.387287873542824,10.068511100894263,10.068511100894263,8260000
2000-10-25,10.056480407714844,10.357212477323541,9.942202955472693,10.104597538852236,18965600
2000-10-26,10.3391695022583,10.435403766533337,10.15271488101625,10.15271488101625,13609600
2000-10-27,10.555696487426758,10.706061789588217,10.441417565575925,10.513593263033822,13244000
2000-10-30,11.163172721862793,11.259406969465058,10.6579429219509,10.730118607652598,16620000
2000-10-31,10.525622367858887,11.07896937234061,10.471491329890476,11.030852241516113,14316800
2000-11-01,10.212859153747559,10.53764972754165,10.092566348638636,10.53163582149522,15431200
2000-11-02,10.032423973083496,10.393302533266356,10.032423973083496,10.35721467724807,9264800
2000-11-03,10.212859153747559,10.357210519878267,10.092566348638636,10.11662490966042,9104000
2000-11-06,10.495552062988281,10.537653826946002,10.236921697181561,10.29706812313445,16323200
2000-11-07,10.465474128723145,10.501561970546327,10.285034919607227,10.495548064451485,11733600
2000-11-08,10.633889198303223,10.87447492677162,10.55569957076037,10.585772052609542,7455200
2000-11-09,10.934616088867188,10.952660744014935,10.543665202737175,10.561708389466878,16479200
2000-11-10,10.874470710754395,11.018822091870604,10.850412147235026,10.874470710754395,7906400
2000-11-13,10.579757690429688,10.922591604602696,10.429390882368432,10.922591604602696,12493600
2000-11-14,10.904550552368164,11.05491592155303,10.519613327678613,10.651935498665646,11344000
2000-11-15,11.060925483703613,11.175202927983033,10.97672051008049,11.06693939046759,15515200
2000-11-16,11.090993881225586,11.34962408229597,11.066935326168696,11.115052436282474,9970400
2000-11-17,11.109042167663574,11.343612422033129,11.030851103928292,11.066938948325003,10740000
2000-11-20,11.066939353942871,11.223320018726847,10.904544782414767,10.970705098691194,18385600
2000-11-21,11.090993881225586,11.193243474426195,11.024833589027976,11.066935326168696,8228000
2000-11-22,10.844400405883789,11.012810384146068,10.621857914685112,11.006795007856034,14561600
2000-11-24,11.072949409484863,11.199256074613865,10.850407066919127,10.91055344755615,4035200
2000-11-27,11.090993881225586,11.199257378981583,10.760189483402202,11.012804311499531,13892800
2000-11-28,11.199262619018555,11.499994697939568,11.139116203234352,11.247379751645918,11324000
2000-11-29,11.379698753356934,11.415786592955318,11.084982130845777,11.115054596302121,8297600
2000-11-30,11.289482116699219,11.590214172705881,11.247378894649165,11.409774939101883,11784000
2000-12-01,11.163172721862793,11.34361193611704,11.072953848944712,11.277451625099525,9815200
2000-12-04,11.247376441955566,11.451874195445667,11.066937247699594,11.199259323487308,6685600
2000-12-05,11.391729354858398,11.698476761241578,11.307524386026287,11.343612229811479,7825600
2000-12-06,11.331583976745605,11.638331410962179,11.23534971791974,11.367671823805304,10204800
2000-12-07,11.235347747802734,11.536079753900239,11.054908544144233,11.379699110729536,6588000
2000-12-08,11.475937843322754,11.596230692833474,11.307527854007745,11.403762133616322,7756800
2000-12-11,11.590213775634766,11.704491218793127,11.475934864058214,11.475934864058214,8472800
2000-12-12,11.38571548461914,11.47593436015976,11.331582984560267,11.47593436015976,6848000
2000-12-13,11.367670059204102,11.644343510380498,11.301509750740498,11.638329604346547,9902400
2000-12-14,11.09700870513916,11.337594243804316,10.952657381940066,11.211286101796313,10673600
2000-12-15,11.307524681091309,11.469920716571382,11.259407554788792,11.307524681091309,18532800
2000-12-18,11.632315635681152,11.788696300897135,11.175202921972897,11.283466459430116,8542400
2000-12-19,11.265424728393555,11.493981114821215,11.103028666985757,11.403760754390573,11905600
2000-12-20,11.34361457824707,11.590215629374699,11.006794633187774,11.01882391693989,11152800
2000-12-21,11.614272117614746,11.620286024204942,11.391729673832382,11.524051771416495,7305600
2000-12-22,11.499994277954102,11.72253674243747,11.367672168061326,11.65637495328193,6125600
2000-12-26,11.7886962890625,11.83681341677296,11.355642139668369,11.499993522799747,4935600
2000-12-27,11.716520309448242,11.836813125767012,11.379700423755684,11.76463743597575,5977600
2000-12-28,12.029280662536621,12.053339223861695,11.572167997360228,11.740577926635742,5698800
2000-12-29,11.812752723693848,12.209718955752805,11.800723443934485,12.173631116474718,3029200
2001-01-02,11.34361457824707,11.969137333357196,11.187233889469539,11.8368152120839,4878000
2001-01-03,11.006793975830078,11.668404542683254,10.970706126728997,11.536082429312618,7880400
2001-01-04,10.236920356750488,11.235350896833085,10.16474465505777,11.018823791754931,25899600
2001-01-05,10.381271362304688,10.633886308548487,10.309095663377887,10.429388494922554,8884800
2001-01-08,10.345184326171875,10.66997499687727,10.273008621570677,10.345184326171875,6092000
2001-01-09,10.453452110290527,10.633891444760446,10.285042064785271,10.46548139925519,5587200
2001-01-10,10.874470710754395,11.00679281011092,10.453445849165453,10.453445849165453,7573200
2001-01-11,10.657944679260254,10.838383923265788,10.465476152321017,10.682003245127659,8792800
2001-01-12,10.429389953613281,10.694034220025614,10.345184959754812,10.573741371656372,6419200
2001-01-16,10.333154678344727,10.669974621294264,10.248949692607342,10.429388947758879,8226800
2001-01-17,10.140686988830566,10.465477675305566,10.008364857303715,10.369243397831493,11669600
2001-01-18,10.056480407714844,10.236919649480063,9.888070448733973,10.140685387205279,10007200
2001-01-19,9.92416000366211,10.152716415867662,9.719662161162406,10.056482137044272,13198000
2001-01-22,10.645915985107422,10.742150253899352,10.152715357548772,10.200832491944738,10538000
2001-01-23,11.259408950805664,11.307526083074064,10.64591551438356,10.64591551438356,10196800
2001-01-24,11.487963676452637,11.536080801799034,11.006792422988651,11.139114517691247,5084800
2001-01-25,11.644344329833984,11.680432173831404,11.415787984516996,11.487963672511833,8775200
2001-01-26,11.512022972106934,11.74057933205472,11.415788715286812,11.548110818414479,4901600
2001-01-29,11.309452056884766,11.51154462857713,11.282506576448258,11.51154462857713,4058800
2001-01-30,10.986104965209961,11.159326216196519,10.901418335021246,11.130456374803376,8954000
2001-01-31,10.857146263122559,10.922585571686927,10.570367922417525,10.922585571686927,7565600
2001-02-01,10.920663833618164,11.143927281025562,10.758990252101835,10.932211474592043,8748000
2001-02-02,11.7598295211792,11.946524272008627,11.51924380483585,11.528867820857055,18066800
2001-02-05,12.011956214904785,12.03697731956604,11.67513641955984,11.738651361959437,9640000
2001-02-06,11.721332550048828,12.121666668970107,11.721332550048828,12.096645557097183,9046400
2001-02-07,11.908028602600098,12.38727559984587,11.90610424021363,11.91380315817796,9883200
2001-02-08,11.721332550048828,11.933047617317598,11.655893227295174,11.923424338661581,8996800
2001-02-09,11.269027709960938,11.519236550546038,11.211287321242665,11.432626334573067,9462800
2001-02-12,11.37873649597168,11.642418846001409,11.168945820380559,11.423004158904432,10798000
2001-02-13,11.276731491088867,11.692463497175632,11.265183114677582,11.692463497175632,6012400
2001-02-14,10.970704078674316,11.56158229224514,10.949532427013954,11.52886300092206,7660000
2001-02-15,10.826355934143066,11.317150589649035,10.824431571695733,11.211293034023708,11206400
2001-02-16,10.953381538391113,11.124678373919005,10.82635236665736,10.82635236665736,7935200
2001-02-20,10.893718719482422,11.259409227388987,10.633886492534044,11.230538653635083,7041200
2001-02-21,10.870620727539062,11.090034698766647,10.760913741925272,11.066938684481915,7615200
2001-02-22,10.597318649291992,10.961084092072888,10.395226084005493,10.95146081139478,8439600
2001-02-23,10.456812858581543,10.605012941904182,10.195055608614469,10.605012941904182,7837600
2001-02-26,10.814805030822754,10.970704784176318,10.52802736955137,10.639658720654268,7338400
2001-02-27,11.049614906311035,11.278652122808536,10.914886829579407,11.028443256997772,8135200
2001-02-28,11.399906158447266,11.449948366398147,11.153546778408673,11.163170054027269,7023200
2001-03-01,11.353718757629395,11.644345911034588,11.072714149545957,11.54811164730703,10278400
2001-03-02,11.700163841247559,11.73865769976909,11.336398383348111,11.423008647259953,6264400
2001-03-05,11.548113822937012,11.700164164482581,11.31715139963641,11.700164164482581,6898800
2001-03-06,11.646267890930176,11.673214095997553,11.413381196558314,11.586603129517806,6894000
2001-03-07,11.644344329833984,11.74057858049377,11.57698064805576,11.644344329833984,6291600
2001-03-08,11.83681583404541,11.929200650010898,11.62317562590867,11.634724003232826,5147600
2001-03-09,11.738654136657715,11.933046998582638,11.6866875535588,11.884929873588353,5487200
2001-03-12,11.482671737670898,11.66359188001027,11.374889103433688,11.586604913448658,5508400
2001-03-13,11.336394309997559,11.544259896589498,11.184344027286748,11.499992232169076,9993200
2001-03-14,11.182424545288086,11.45188085918803,11.134307398820908,11.259412273319324,6459600
2001-03-15,11.145853996276855,11.317150892839363,11.095812495003813,11.182422757429876,5696400
2001-03-16,10.743595123291016,11.136231167851959,10.710875820015588,11.13430607106558,10479200
2001-03-19,10.922593116760254,11.028450700565381,10.624266931778735,10.807112249738198,7978400
2001-03-20,10.922593116760254,11.184350531833658,10.835982099388989,10.912969833543324,5508400
2001-03-21,10.45103931427002,10.845599589072394,10.43179275811734,10.730118783738206,12255200
2001-03-22,10.143092155456543,10.528029233582338,9.729284502787628,10.489535378927917,17008000
2001-03-23,10.489535331726074,10.628112914174723,10.195058703231902,10.293217334660225,8599600
2001-03-26,10.7974853515625,11.03807103884517,10.537653102980917,10.537653102980917,5816000
2001-03-27,10.84367561340332,10.922587671174721,10.807106861726991,10.845599975403514,9350000
2001-03-28,10.7974853515625,11.063092155901158,10.749368214105967,10.82635592772012,10938800
2001-03-29,11.128706932067871,11.167221378194919,10.861032670117922,10.880289525880466,6665200
2001-03-30,11.411787986755371,11.496519925958925,11.199959607950591,11.265433954334222,11462400
2001-04-02,11.265432357788086,11.55428959773137,11.211512574737963,11.411786369467826,7739600
2001-04-03,11.213438034057617,11.51577522158638,11.169146678484827,11.361718172941462,9202000
2001-04-04,11.527326583862305,11.64672067167736,11.14988673554262,11.226914871235468,8889200
2001-04-05,11.554288864135742,11.746860345204672,11.525402848134643,11.725677364750785,15155600
2001-04-06,11.350168228149414,11.592808821078826,11.213442587865043,11.554294359626288,7660800
2001-04-09,11.511924743652344,11.544662282660838,11.390605220096798,11.458004955405434,6402800
2001-04-10,11.390605926513672,11.50614854695186,10.880291094607198,11.072862618405555,21452800
2001-04-11,11.134485244750977,11.400234148448137,11.034347966044772,11.26735932929853,10278400
2001-04-12,11.251946449279785,11.419483353975487,11.12099784446429,11.134477783083394,6153200
2001-04-16,11.213438034057617,11.542735113273995,11.090192395141685,11.39830649243152,6614000
2001-04-17,11.36942195892334,11.567770376223622,11.165295896878948,11.18840427204937,8026800
2001-04-18,11.685240745544434,11.68716613766011,11.342463649989854,11.37134893933763,12273200
2001-04-19,11.631319046020508,11.74493626189111,11.556215542972224,11.685238831653342,7152800
2001-04-20,11.594733238220215,11.660207596801088,11.50615049855262,11.592807845880568,6340000
2001-04-23,11.504222869873047,11.939434179648227,11.477262240143606,11.69486826233222,7620800
2001-04-24,11.700641632080078,11.733379162400905,11.554287645133194,11.560064553883176,4900400
2001-04-25,12.132004737854004,12.209033633204983,11.602433102471487,11.700644246172097,7560000
2001-04-26,12.492111206054688,12.565287832333508,12.137778953770036,12.247544627790091,10723200
2001-04-27,12.559513092041016,12.979319008340468,12.442044362993654,12.757861496077215,12341200
2001-04-30,12.609583854675293,12.786749301571001,12.469005997748932,12.6134346386495,7725200
2001-05-01,12.740528106689453,12.767487992723389,12.430487948095585,12.430487948095585,7168400
2001-05-02,12.170522689819336,12.51907747646991,12.170522689819336,12.517151349500446,21074800
2001-05-03,11.862404823303223,12.172445074583083,11.839296447594755,11.93943372180081,15918000
2001-05-04,11.775747299194336,11.82774095677479,11.515775338282264,11.729529816831537,14088400
2001-05-07,11.70834732055664,11.771896269617363,11.60050774823831,11.746861768356897,6767600
2001-05-08,11.382904052734375,11.669835241144776,11.273138331718027,11.669835241144776,10938400
2001-05-09,11.400232315063477,11.621689087028068,11.27698667943067,11.332831853037955,11662000
2001-05-10,11.057455062866211,11.44837570334669,11.024718260814222,11.400232828845319,14080800
2001-05-11,11.255803108215332,11.355940365569841,11.042048648728004,11.284688389339468,6279600
2001-05-14,11.390605926513672,11.496520117682355,11.265434142203913,11.371348333372596,4814000
2001-05-15,11.415637016296387,11.592803158600766,11.32320279472093,11.390603252991836,6251200
2001-05-16,11.702568054199219,11.795002269547123,11.246173886355871,11.26543073907766,5676800
2001-05-17,11.240396499633789,11.438745613288152,11.07285952640111,11.419488025524599,13045200
2001-05-18,10.922656059265137,11.226918656859972,10.793632768206356,11.09211845569178,14292000
2001-05-21,10.683863639831543,10.986200748564025,10.59335482595306,10.77629784492793,14784000
2001-05-22,10.456633567810059,10.716605565014872,10.302576496097242,10.687719542680316,22848400
2001-05-23,10.212067604064941,10.331462476939679,10.110004932202981,10.110004932202981,27742800
2001-05-24,10.649202346801758,10.683865270829763,10.187031250764816,10.225544957816489,21636000
2001-05-25,10.48552131652832,10.629949982776361,10.418120831517923,10.418120831517923,10410000
2001-05-29,10.360345840454102,10.626094697863397,10.225545652805796,10.620317788333388,9436800
2001-05-30,10.633797645568848,10.762820188016654,10.369974181987233,10.408488625939476,13345200
2001-05-31,11.072864532470703,11.15759575313195,10.755121169437189,10.880292975384256,14947200
2001-06-01,10.918802261352539,11.030493329560121,10.762819109546845,11.024716420656821,9252800
2001-06-04,10.93035888671875,11.024719252453728,10.778227947908201,10.918805065944449,6000400
2001-06-05,10.999686241149902,11.07093824039485,10.826372294618558,10.928434976507088,8168800
2001-06-06,11.24617862701416,11.33861288132634,10.941915230459685,11.024721054352248,9837200
2001-06-07,11.126779556274414,11.361716990125888,10.986202468108132,11.24617439932129,5886400
2001-06-08,11.213438034057617,11.284689281318025,11.0593809854127,11.128706840953402,4761200
2001-06-11,10.920733451843262,11.207665411568689,10.83215070681209,11.207665411568689,7986400
2001-06-12,10.938065528869629,11.015094454230187,10.687722623351227,10.920734057393618,7834400
2001-06-13,11.092118263244629,11.163370248167114,10.945764244396848,11.034346959346873,5786800
2001-06-14,11.203810691833496,11.303947966805849,11.072862004146728,11.182627707854456,8593200
2001-06-15,11.003538131713867,11.101750032540105,10.936138383775983,11.034349550000064,8583600
2001-06-18,11.24617862701416,11.28469234869262,10.980429686740298,11.015092623932635,7112400
2001-06-19,11.174925804138184,11.438749332771131,11.074788519012131,11.438749332771131,4019200
2001-06-20,11.323204040527344,11.47726109343617,11.092118093863117,11.194181488279318,5333600
2001-06-21,11.662132263183594,11.775749496650388,11.415640202254393,11.438749315049133,8900800
2001-06-22,11.7795991897583,11.856628089401742,11.477261970751139,11.496519562963012,7057200
2001-06-25,11.995280265808105,12.033794717077543,11.862405445658656,11.881663038594402,7188400
2001-06-26,11.891288757324219,11.97024303385922,11.825814425470666,11.825814425470666,5282000
2001-06-27,12.11274528503418,12.226362477292723,11.860476404703698,11.862401796103883,7210000
2001-06-28,12.04534912109375,12.166669391352263,11.950989482249867,12.058829069500018,8438800
2001-06-29,11.891288757324219,12.12044855151071,11.812334480789218,12.045345792684964,10572800
2001-07-02,12.028016090393066,12.116598806862855,11.79500474440001,11.935581855650415,6340400
2001-07-03,11.993352890014648,12.064604874552389,11.9490615327788,12.026090427294525,5186000
2001-07-05,11.922101020812988,11.96831850204216,11.746860992764029,11.746860992764029,8037600
2001-07-06,11.924028396606445,11.956765937633218,11.843148709249828,11.924028396606445,9109600
2001-07-09,12.228285789489746,12.286057071496128,11.97794307772762,12.054971208868894,11081600
2001-07-10,12.11274528503418,12.247544721102084,12.037641797593992,12.11274528503418,4155600
2001-07-11,12.22443962097168,12.31879998605969,12.097342451111562,12.130079990485697,5451200
2001-07-12,12.53062629699707,12.549883151390157,12.043420681753313,12.151260241717644,6953600
2001-07-13,12.669281959533691,12.707795680358531,12.494041150610844,12.517150264628311,7370000
2001-07-16,12.459379196166992,12.659653792490108,12.286065234989147,12.659653792490108,10996400
2001-07-17,12.705870628356934,12.709721412638176,12.470933118687006,12.532555951616477,6964400
2001-07-18,12.77904987335205,12.888815612667278,12.63269506453024,12.709723988605116,4762000
2001-07-19,12.831042289733887,12.981249338041538,12.752088715499461,12.892665129089186,5118000
2001-07-20,12.675055503845215,12.921546777738639,12.544106830938848,12.773267375825961,4970000
2001-07-23,12.661578178405762,12.95043547525152,12.601881473869645,12.806006826828641,3278000
2001-07-24,12.519075393676758,12.709720794212785,12.391977480516633,12.613435030620264,3979200
2001-07-25,12.41316032409668,12.507519959961169,12.189777384500537,12.324577598909018,5373200
2001-07-26,12.519075393676758,12.636544142795966,12.372720621638962,12.41316046604332,3200800
2001-07-27,12.517146110534668,12.75786045881418,12.262951817519653,12.613431849846473,7972800
2001-07-30,12.815630912780762,13.048642196932681,12.557584399198598,12.563361307773699,9415600
2001-07-31,12.983173370361328,13.09486522043881,12.75401422806258,12.863779951289262,5433600
2001-08-01,12.517146110534668,12.998574807093693,12.44974638685716,12.709717589158277,13364400
2001-08-02,12.314946174621582,12.780969533737895,12.143557676604264,12.67120384996047,10416400
2001-08-03,12.380422592163086,12.4690053107302,12.13393055907797,12.4690053107302,3914800
2001-08-06,12.232144355773926,12.370795365575201,12.195556027490639,12.324578607175486,2504800
2001-08-07,12.397754669189453,12.418937655191016,12.247549109690514,12.305321156822808,3202800
2001-08-08,12.261022567749023,12.495959946889993,12.218657352774041,12.397748106435253,3197600
2001-08-09,12.255252838134766,12.38235076130918,12.083864282972376,12.212886863743295,4291600
2001-08-10,12.397754669189453,12.461303627194141,12.228292250381145,12.23792068003583,2673200
2001-08-13,12.569144248962402,12.653876199940958,12.44204779169888,12.4921168053866,3058800
2001-08-14,12.613436698913574,12.70009330992666,12.492117149654383,12.588402925981969,2083600
2001-08-15,12.594173431396484,12.700086849960801,12.569138201994829,12.574916579766937,3250400
2001-08-16,12.78674602508545,12.829111983966387,12.555659377335894,12.594174553229355,3902400
2001-08-17,12.636541366577148,12.846443579875821,12.538329497912533,12.671204292623258,3858000
2001-08-20,12.727048873901367,12.80215310551832,12.555660367963382,12.63654150911921,2973600
2001-08-21,12.85222053527832,12.948506278061176,12.75978704496093,12.77519164721127,3092400
2001-08-22,12.975465774536133,13.015905608972615,12.769414350005219,12.806003401296996,6982400
2001-08-23,13.239291191101074,13.239291191101074,13.002427589523245,13.044793556407411,8267200
2001-08-24,13.116044044494629,13.345204583250643,13.096787189712643,13.335575421257728,5888000
2001-08-27,13.19115161895752,13.343283324882139,13.116048829466228,13.116048829466228,3996000
2001-08-28,13.273951530456543,13.377940300910296,13.152632032862359,13.283580691670375,5410400
2001-08-29,13.335578918457031,13.39335096715731,13.256623883180268,13.374092638121065,7060800
2001-08-30,13.23543930053711,13.48000444909236,13.177667265216588,13.37794179333614,15083600
2001-08-31,13.106414794921875,13.268175606258096,12.96583843366928,13.235438806427089,7135600
2001-09-04,13.092934608459473,13.171889621047987,13.052494773671626,13.106414553388754,7621600
2001-09-05,13.152631759643555,13.287431198614689,13.07560287914418,13.07560287914418,7783600
2001-09-06,12.875328063964844,13.154556096120674,12.873401937968252,13.154556096120674,11350400
2001-09-07,12.574917793273926,12.76748926656018,12.44974604179711,12.709717236892805,9340000
2001-09-10,12.78674602508545,12.832962766953866,12.574917699884491,12.594174553229355,6265600
2001-09-17,12.42279052734375,12.709721712196446,12.33035554116881,12.709721712196446,7342800
2001-09-18,12.035717964172363,12.430490101078759,12.012609591369692,12.430490101078759,10604400
2001-09-19,11.891288757324219,12.28606013999922,11.727603294991281,12.218660416591984,11763200
2001-09-20,11.825817108154297,12.033794704022386,11.804634123248986,11.891291454860689,11702000
2001-09-21,11.544658660888672,11.650572812261602,11.323201197889265,11.47725821212278,9954400
2001-09-24,11.864330291748047,11.939433059586548,11.7295300941549,11.937507667801809,10732000
2001-09-25,12.130080223083496,12.26680582434528,11.920177239407527,11.939434097336608,13761600
2001-09-26,12.632688522338867,12.66157453755808,12.045345667897234,12.226363325347451,10426400
2001-09-27,12.707795143127441,12.940806523436827,12.671207550651893,12.804080910323265,14284000
2001-09-28,12.806001663208008,12.892658229638505,12.574916506590956,12.76748796017303,13672800
2001-10-01,12.88303279876709,13.021684504744742,12.767490200186996,12.809854693276744,10371200
2001-10-02,12.952359199523926,12.952359199523926,12.738604721969132,12.883033343603241,6199600
2001-10-03,12.952359199523926,13.164187550746503,12.854147325435637,13.000502073401963,10845600
2001-10-04,13.114119529724121,13.21040528466953,12.863777448388468,12.979320060482156,9160400
2001-10-05,13.214258193969727,13.333651595741694,13.027463585024956,13.162263060962369,4912400
2001-10-08,13.114119529724121,13.2142575376216,12.98124618695819,13.104491835751993,4842800
2001-10-09,13.110269546508789,13.168040121481178,12.952360957524341,13.114120330491968,5490000
2001-10-10,13.272028923034668,13.333651751210873,13.081383527927676,13.110269550023672,5781200
2001-10-11,13.03323745727539,13.429934224732508,12.96583773501866,13.320168542999044,10624400
2001-10-12,12.919617652893066,13.046715512923006,12.69238475623992,13.046715512923006,7058800
2001-10-15,13.137231826782227,13.16804251185302,12.727053470919136,12.727053470919136,5676400
2001-10-16,13.210404396057129,13.345205325435584,13.152633828498297,13.287433288672828,5624400
2001-10-17,13.1044921875,13.277805375690555,12.908068419384742,13.227737839601936,8776400
2001-10-18,13.058270454406738,13.248917260873792,12.873402025968959,13.23351119120306,8037200
2001-10-19,13.019759178161621,13.18537078500629,12.960062483556197,13.012056141889317,4982400
2001-10-22,13.258549690246582,13.381795353244973,13.01013223755177,13.019761401837723,5991200
2001-10-23,13.096796989440918,13.349065355014542,13.067910951051928,13.345214568858317,5245600
2001-10-24,12.709717750549316,13.114117566953308,12.709717750549316,13.114117566953308,12027200
2001-10-25,12.806001663208008,12.998573116790084,12.632687061143422,12.802150880585948,13698400
2001-10-26,12.981242179870605,13.248916378456075,12.690458878318175,12.709715729522191,11688000
2001-10-29,12.95621109008789,13.191148569760655,12.909994338592869,13.087159776993822,4933600
2001-10-30,12.869553565979004,13.181518452497697,12.806004619020037,13.143004740573195,4770000
2001-10-31,12.661578178405762,12.931178615969307,12.615361422287613,12.91769866755134,6725200
2001-11-01,12.559513092041016,12.796375207251735,12.440118236673756,12.796375207251735,12727200
2001-11-02,12.623064041137695,12.834892424624122,12.559515085330524,12.651948594500828,7049600
2001-11-05,12.7308988571167,12.85029368671884,12.66927605101318,12.707789753876535,4936000
2001-11-06,12.85222053527832,13.21425586843231,12.651946013985523,12.844517499551232,10031200
2001-11-07,12.690459251403809,13.056345311851056,12.488258634808233,13.046716151364175,7729600
2001-11-08,12.361165046691895,12.709718991308266,12.284136152903782,12.709718991308266,12485200
2001-11-09,12.234064102172852,12.403527920107972,12.132001467754788,12.40160179421228,7875600
2001-11-12,12.405457496643066,12.455526505362759,12.020314440162096,12.305320948407847,5857600
2001-11-13,12.507515907287598,12.586470912165668,12.382345631969544,12.405453267189536,4131600
2001-11-14,12.524849891662598,12.634615582244905,12.355387509298083,12.53640371092267,3448000
2001-11-15,12.54603099822998,12.742453242317241,12.520995767969257,12.524848019949516,2955200
2001-11-16,12.601877212524414,12.686607658555252,12.561437380945305,12.651944735886916,3953600
2001-11-19,12.979318618774414,12.990872437939208,12.601878677617899,12.767490275264636,9357200
2001-11-20,13.622509002685547,13.643691987560679,12.97932082688897,12.97932082688897,17129600
2001-11-21,13.647539138793945,13.826630645384705,13.499258300100792,13.622503910098352,8177200
2001-11-23,13.714941024780273,13.747677823733428,13.576289324268329,13.647541300699132,1906800
2001-11-26,13.759234428405762,13.768863592025877,13.412606576142949,13.508892335527745,10623600
2001-11-27,13.699532508850098,13.707235542970876,13.576286901324709,13.626355888508002,6812800
2001-11-28,13.80737590789795,13.903661657518448,13.632136607574692,13.699536338468253,6678000
2001-11-29,13.730350494384766,13.826636258106387,13.597475670303599,13.768864212191751,3621600
2001-11-30,13.759234428405762,13.765012808100286,13.605178094912542,13.730349875953596,4274800
2001-12-03,13.736120223999023,13.778486172960614,13.553176487047006,13.582062494902944,4538400
2001-12-04,13.728424072265625,13.747680930754665,13.585921556401775,13.720721035029184,4272400
2001-12-05,13.85744857788086,13.938328276366287,13.587848113725103,13.83626558981977,6498000
2001-12-06,13.901735305786133,13.955655083928372,13.734197592955232,13.865146255245142,5562000
2001-12-07,13.89211654663086,13.961442447354111,13.824716773484605,13.903670373683113,7320800
2001-12-10,13.772712707519531,13.87670149136236,13.684129995920955,13.845890816077771,4570400
2001-12-11,13.815079689025879,14.019206488285716,13.7207200606874,14.019206488285716,12632800
2001-12-12,13.422235488891602,13.626362316374689,13.058275402916841,13.624436189635013,11105200
2001-12-13,13.480003356933594,13.568586059831848,13.314391769583537,13.383717618669783,5158400
2001-12-14,13.664873123168945,13.682205321723083,13.21810731307044,13.422232627838405,6288800
2001-12-17,13.662946701049805,13.759232446565882,13.481930498538219,13.518518082775689,6554400
2001-12-18,13.672574043273926,13.75537983216331,13.541625388034987,13.634060337875756,7292400
2001-12-19,13.368311882019043,13.786191643918091,13.2778030507166,13.768860915815312,14377200
2001-12-20,13.337501525878906,13.480004014079238,13.287432528163821,13.480004014079238,8088400
2001-12-21,13.360611915588379,13.410680923615445,13.110269813861334,13.335578146176918,11612400
2001-12-24,13.530075073242188,13.620583920485014,13.360611199526575,13.383720310270723,3302000
2001-12-26,13.526223182678223,13.632138106588942,13.487709466276563,13.622508942886475,3177600
2001-12-27,13.585917472839355,13.603248199509103,13.424156677903296,13.52814544553283,2908400
2001-12-28,13.634064674377441,13.682207556039502,13.557035769877313,13.585921792715379,3930800
2001-12-31,13.628283500671387,13.85359325725687,13.591695917167437,13.678352498713034,4166400
2002-01-02,13.560888290405273,13.6128834320125,13.316323066695738,13.480008591465523,4607200
2002-01-03,13.408754348754883,13.535852256604775,13.325948536756826,13.424160422895008,5070000
2002-01-04,13.480003356933594,13.562809150608622,13.393346780177671,13.43378661394402,2894800
2002-01-07,13.393346786499023,13.57051219237915,13.210403002189176,13.51851707093804,3896800
2002-01-08,13.356759071350098,13.374089800760869,13.194998250829983,13.354832945014262,5042000
2002-01-09,13.39527416229248,13.53392588867271,13.327874425636555,13.335577462569242,6437600
2002-01-10,13.595555305480957,13.643698207744844,13.339434712827927,13.339434712827927,5205200
2002-01-11,13.817007064819336,13.870926857316698,13.522372863527213,13.605178678920778,5914800
2002-01-14,13.961429595947266,14.103932052170297,13.818927139724236,13.818927139724236,7298800
2002-01-15,13.990323066711426,13.999950762458546,13.845894407665961,13.98069390176001,5045600
2002-01-16,14.057723999023438,14.232964825325276,14.003804196839617,14.073130076562935,7812000
2002-01-17,13.930620193481445,14.05771807582315,13.865146595332423,14.019204367406525,5668000
2002-01-18,13.97683334350586,14.142444874271266,13.884398419905269,13.928690490822968,5612000
2002-01-22,13.971061706542969,14.096231995373708,13.894032819352176,13.932546528345663,5226800
2002-01-23,13.942173957824707,14.057716539652356,13.81892834131473,14.038459687548354,5626400
2002-01-24,14.31383991241455,14.344650588352742,14.057719465435344,14.057719465435344,17440400
2002-01-25,14.288810729980469,14.404354854004465,14.154011210891897,14.269553865711325,8096000
2002-01-28,14.25029182434082,14.288805538887154,14.086606333712847,14.261845644863913,4985200
2002-01-29,14.048089027404785,14.338872376667807,14.019204480461283,14.25028967123217,11738800
2002-01-30,13.961429595947266,14.050012283286097,13.828554830337266,14.048086157482086,6111200
2002-01-31,14.317686080932617,14.31961220668414,14.00957207484544,14.132817677280311,8150000
2002-02-01,14.437084197998047,14.442861107368385,14.292655586924361,14.319615476788478,5052800
2002-02-04,14.231033325195312,14.440935542902714,14.18289045296475,14.346575924707892,3544800
2002-02-05,14.442862510681152,14.566108153235982,14.231034154365286,14.231034154365286,9528800
2002-02-06,14.365836143493652,14.543001602176165,14.259922681309288,14.435162013274498,4558400
2002-02-07,14.462116241455078,14.485225345391495,14.31576152159837,14.365830512192122,5109200
2002-02-08,14.33309555053711,14.479450289117516,14.213700702063116,14.462118091646923,4526400
2002-02-11,14.327311515808105,14.4120419272025,14.167476911663973,14.327311515808104,5208400
2002-02-12,14.550698280334473,14.587287325950646,14.385086715929308,14.404345036276915,6916400
2002-02-13,14.481377601623535,14.552629592372684,14.346578126372808,14.550703465810791,4550400
2002-02-14,14.352352142333984,14.585363456391288,14.279175508984979,14.541072838828715,6866400
2002-02-15,14.309988975524902,14.346578033944699,14.16748646414877,14.346578033944699,5624800
2002-02-19,14.213703155517578,14.32539498763996,14.182892476879308,14.252218340320507,2720800
2002-02-20,14.227179527282715,14.327317513399295,13.942174577389657,14.119339975345202,7030800
2002-02-21,14.427450180053711,14.446707027874371,14.18288512740438,14.211771133737024,7390800
2002-02-22,14.390868186950684,14.481375553703076,14.356205259759001,14.481375553703076,6266800
2002-02-25,14.321544647216797,14.462121035789119,14.302286319616977,14.433235013593508,6018800
2002-02-26,14.192520141601562,14.367760926380544,14.154006426082965,14.323468831250494,7226400
2002-02-27,14.048089027404785,14.204072926918757,13.826632998417605,14.038461334824888,7901600
2002-02-28,13.959505081176758,14.180962559683472,13.828556426258292,14.125116658550219,8864000
2002-03-01,13.72071647644043,14.026904391539038,13.687979680965164,13.980687652679626,8964000
2002-03-04,13.119894981384277,13.672575682241808,13.065975199681857,13.63598662928494,18821600
2002-03-05,13.239291191101074,13.377942912102338,13.098713343640345,13.104491723018741,11461600
2002-03-06,13.485787391662598,13.578222395685536,13.32595262908363,13.32595262908363,7760800
2002-03-07,13.595555305480957,13.614812172545555,13.349063880962616,13.481938761356476,9818000
2002-03-08,13.763083457946777,13.807374074135748,13.687980700753528,13.749603513558341,7263200
2002-03-11,14.073125839233398,14.100085732207855,13.730348797811898,13.76308560082317,7952800
2002-03-12,14.123188972473145,14.190590153115368,13.944098940308953,14.019201685798297,7435600
2002-03-13,14.182894706726074,14.302288125376105,14.08468280654274,14.125122655040748,6050000
2002-03-14,14.327311515808105,14.327311515808104,14.094300313368112,14.163626130365492,6421600
2002-03-15,14.356205940246582,14.419753418773597,14.30613693877334,14.3658336337427,8298400
2002-03-18,14.429386138916016,14.496785886821472,14.223334641488295,14.356209479647848,5922400
2002-03-19,14.502561569213867,14.516041517652647,14.30999003768606,14.47560167233631,5578400
2002-03-20,14.500639915466309,14.577667368669962,14.45057089552034,14.560336632460489,3534400
2002-03-21,14.508339881896973,14.554558111756315,14.41012944915562,14.41012944915562,4208800
2002-03-22,14.381241798400879,14.53722426624567,14.350429648641619,14.494858294928772,4612800
2002-03-25,14.317686080932617,14.381235007901575,14.263766313517795,14.263766313517795,4145200
2002-03-26,14.323465347290039,14.394717319792989,14.298431585212432,14.317688438287801,6843200
2002-03-27,14.525753021240234,14.612444591508098,14.257970694647335,14.294573050864159,6808800
2002-03-28,14.722246170043945,14.795453780154277,14.566200844991874,14.67986312625296,7059600
2002-04-01,14.620153427124023,14.670242650389824,14.473739565930252,14.641344965051966,2827600
2002-04-02,14.837844848632812,14.94958176834465,14.699138620828677,14.756932514964443,6759200
2002-04-03,14.766565322875977,14.891787629474619,14.631709965847772,14.839771508830395,5457200
2002-04-04,14.803169250488281,14.878303818251458,14.7029922764662,14.766566888528807,4071200
2002-04-05,14.918760299682617,14.988114156142501,14.81472951499279,14.833994148498908,5567600
2002-04-08,14.849393844604492,15.016997630685294,14.78967162066892,14.805083902316555,4983600
2002-04-09,14.891780853271484,14.959207766205768,14.841691659464674,14.959207766205768,5236400
2002-04-10,15.017004013061523,15.026637060634457,14.882150165820663,14.930312464091926,5315600
2002-04-11,15.094063758850098,15.153786007276368,14.951503769639128,15.026636836236577,7431600
2002-04-12,14.795459747314453,15.095992041154698,14.699135143412137,15.095992041154698,8284400
2002-04-15,14.737665176391602,14.833989785387624,14.593178262897565,14.833989785387624,7513600
2002-04-16,14.805096626281738,14.882156630951634,14.643271939292559,14.882156630951634,6786000
2002-04-17,15.329099655151367,15.446615806736705,14.920682745559946,15.017007363594024,15121200
2002-04-18,16.232620239257812,16.336650972326566,15.450463572806786,15.488994290497025,25330800
2002-04-19,16.525449752807617,16.57168515377456,16.111253638445504,16.317388243761034,12965200
2002-04-22,16.565898895263672,16.903034885342887,16.471501229584447,16.52544275282972,13741200
2002-04-23,16.404085159301758,16.629484445921534,16.365554424539457,16.5678367400991,11564800
2002-04-24,16.565898895263672,16.83368107837146,16.406001228442697,16.406001228442697,7490000
2002-04-25,16.760478973388672,17.27677884423435,16.67186052530727,16.70268363038937,13598000
2002-04-26,16.575538635253906,16.933866292743673,16.490772510317488,16.762408608974543,10620800
2002-04-29,16.567834854125977,16.662232571402814,16.37711251560422,16.57554100020122,9427200
2002-04-30,16.916532516479492,17.093770968087245,16.637191653186935,16.65067704376387,9374800
2002-05-01,17.263288497924805,17.67363061191977,17.126507793259815,17.126507793259815,13777200
2002-05-02,17.32494354248047,17.39622427942413,17.1168820425883,17.265222757617597,9292000
2002-05-03,17.251733779907227,17.511809865726644,17.155409194803998,17.338425318581525,6946400
2002-05-06,17.290264129638672,17.588870950436874,17.147704146129552,17.151556483069097,5678800
2002-05-07,17.059083938598633,17.48291150846092,16.83753710761752,17.29026234583325,8957200
2002-05-08,17.32109832763672,17.37696532818026,16.635265857428195,17.059095176284686,9952000
2002-05-09,17.049449920654297,17.59849970888558,17.049449920654297,17.323011363240216,8422000
2002-05-10,16.991662979125977,17.330726065022894,16.97625215642843,17.061016825554827,5848400
2002-05-13,16.928083419799805,17.01092262327119,16.66608042602039,16.953127283250577,6313200
2002-05-14,16.83754539489746,16.928090781065478,16.546644604608062,16.928090781065478,8843200
2002-05-15,17.02825927734375,17.25173301031653,16.799006304690028,16.799006304690028,7772800
2002-05-16,17.145780563354492,17.27678209161919,17.010926697404173,17.193942868307733,6234800
2002-05-17,17.059083938598633,17.315306207848117,16.89533097452794,17.05137779571795,6108800
2002-05-20,16.7412166595459,16.79708510687687,16.471507471319317,16.76048128660562,7725200
2002-05-21,16.79901695251465,16.895341594374933,16.61792762527954,16.743149953657387,7406000
2002-05-22,16.639110565185547,16.81827436524793,16.567829837918875,16.654521382873053,4470400
2002-05-23,16.953128814697266,16.96083495871591,16.73350885445424,16.82790654653846,7124000
2002-05-24,17.03981590270996,17.174671183043817,16.85679980700952,16.876064427115413,5966800
2002-05-28,17.12265968322754,17.184307365974302,16.933864297851635,16.991658173666085,4355200
2002-05-29,17.317237854003906,17.382739351531562,17.12651554230894,17.14578016988877,6769200
2002-05-30,17.565757751464844,17.642817741378074,17.319166959580155,17.36732926955129,10878800
2002-05-31,17.4925537109375,17.588878342672185,17.255594470159394,17.396229079202815,5923600
2002-06-03,17.409709930419922,17.627403012264185,17.309531516444313,17.338429192391004,7082800
2002-06-04,17.338436126708984,17.53108541700575,17.165051471482407,17.409716893245868,8448800
2002-06-05,17.679410934448242,17.744912406354757,17.32686412522645,17.35768722333823,7126400
2002-06-06,17.627405166625977,17.816202065394524,17.473285189272183,17.708317493328053,9927200
2002-06-07,18.184167861938477,18.224624039792026,17.685206865280453,17.72373613853215,16947600
2002-06-10,18.309375762939453,18.39028805482591,18.109020466508895,18.184153518945802,7187200
2002-06-11,18.715877532958984,18.83724604820219,18.619552894569896,18.66771521376444,13393600
2002-06-12,18.694673538208008,18.85842502039834,18.590642821690345,18.71586506211696,8467200
2002-06-13,18.388355255126953,18.744757251389405,18.340192982096454,18.59448972490566,6043600
2002-06-14,17.673635482788086,18.552116749070688,17.559973171311437,18.436526064441175,16908800
2002-06-17,18.109024047851562,18.299746336386924,18.010772548389294,18.012699451852352,11331200
2002-06-18,18.376813888549805,18.60028774896513,18.035825324747393,18.0377507592081,7998000
2002-06-19,18.744768142700195,18.802562022039332,18.49432358950691,18.58101514341401,7468800
2002-06-20,18.521297454833984,18.70431364134618,18.436531320551943,18.631107460700704,9300800
2002-06-21,18.031959533691406,18.53284701272244,17.926003386667407,18.34983091435605,12666800
2002-06-24,17.342267990112305,18.0338788900003,16.972382142211206,18.031951987829107,12966400
2002-06-25,17.290264129638672,17.51566332041592,16.953128060258532,17.390441057829687,12705600
2002-06-26,17.531082153320312,17.569611416287863,16.87607439429177,16.95313439002404,12123200
2002-06-27,17.714088439941406,17.723721485188854,17.213200952797514,17.53299924161947,9781200
2002-06-28,17.637035369873047,17.937567660432105,17.3037515972992,17.627402321669262,14964400
2002-07-01,17.79115104675293,17.916373304669612,17.492545706886375,17.87784405752443,10658000
2002-07-02,17.386594772338867,17.86821789622637,17.116885529002438,17.72373095906012,15376800
2002-07-03,17.37696075439453,17.791156911834804,16.779748407986187,17.388520708186224,10966000
2002-07-05,17.700613021850586,17.702539925943967,17.446316064019808,17.685202198495062,4461200
2002-07-08,17.985727310180664,18.128287289838582,17.843167330522743,17.97416882987765,7991600
2002-07-09,17.708314895629883,18.153335566803648,17.68519793127585,18.05123025165167,9804000
2002-07-10,17.001296997070312,17.72758405210408,16.93001624257317,17.61777403397438,12147200
2002-07-11,17.270999908447266,17.30760225451541,16.535080072901778,16.953128455939076,16940400
2002-07-12,17.74684715270996,18.012702554331483,17.550344119940057,17.897113313182864,14453600
2002-07-15,17.789230346679688,17.82390726912105,16.95506024371302,17.795011058584148,13169200
2002-07-16,17.290264129638672,17.71023940628694,17.24210183401294,17.434751016515875,11535200
2002-07-17,17.820051193237305,17.820051193237305,17.38659048853694,17.52915048653974,12235200
2002-07-18,17.2806396484375,18.552126059057457,16.91845953492965,18.072428298590125,23974000
2002-07-19,16.991662979125977,17.575391431534978,16.95506062169755,17.43475683466617,17581600
2002-07-22,15.88200569152832,17.107255120208517,15.700914914207258,16.991664386720128,20810400
2002-07-23,16.13822364807129,16.375182822686654,15.69705825132835,15.941722100909653,15755200
2002-07-24,17.097612380981445,17.097612380981445,15.804936736778021,15.874290549653603,15815200
2002-07-25,16.806720733642578,17.531082349976007,16.240332918720824,16.856809951900008,14739600
2002-07-26,16.51581573486328,16.783597991857086,16.244179670976468,16.664154964717277,12287600
2002-07-29,16.791303634643555,16.99165749319942,16.404078362068216,16.770112106754574,11758000
2002-07-30,16.442607879638672,17.18816076531877,16.165194048754987,16.664154739498855,17766800
2002-07-31,16.88762664794922,17.03018661967577,16.201794615461008,16.490768365331764,13916800
2002-08-01,16.61214256286621,16.85680642077715,16.273079530745168,16.827908744382157,11552000
2002-08-02,16.39252281188965,16.58902585600948,16.170977365973823,16.58709895210324,8817200
2002-08-05,15.82420539855957,16.36554918802936,15.806867675812047,16.278857634698195,10998800
2002-08-06,16.240333557128906,16.42912901292532,15.989888925793958,16.038051241835507,10178400
2002-08-07,16.46572494506836,16.615991063869824,15.980248209159667,16.567828770931072,10469200
2002-08-08,16.989736557006836,17.08798660890382,16.355920395540476,16.355920395540476,8567200
2002-08-09,17.010929107666016,17.141930654492192,16.452245997089754,16.90497143383708,7523200
2002-08-12,17.193944931030273,17.25174029182652,16.779748764782735,16.82791107551391,7393200
2002-08-13,16.7238826751709,17.288345095630024,16.69113265198934,17.06872504519311,7125600
2002-08-14,17.338436126708984,17.338436126708984,16.689207489281802,16.723884420327117,7322000
2002-08-15,16.980100631713867,17.606210541348734,16.943496812815628,17.569606722450498,10296400
2002-08-16,17.070646286010742,17.288339359979737,16.856805549456748,16.9531301525965,6504800
2002-08-19,17.290264129638672,17.33842642526441,17.053304988449547,17.118806474794788,5017600
2002-08-20,17.184309005737305,17.53107817290022,17.10725049729829,17.16504437862755,5895200
2002-08-21,17.197786331176758,17.45401001405654,17.05329949087861,17.367318497796113,4560800
2002-08-22,17.719871520996094,17.868210737007946,17.28833631664126,17.338425512999624,10267600
2002-08-23,17.384662628173828,17.82390254959495,17.309529561077937,17.671710981741917,5392400
2002-08-26,17.409709930419922,17.5503430330053,17.292193792754414,17.5503430330053,4666000
2002-08-27,17.001296997070312,17.392374755149817,16.935796954935526,17.367330880768375,6842400
2002-08-28,16.673799514770508,17.105333587295867,16.60829798057242,16.93387580719167,4984800
2002-08-29,16.820199966430664,16.92423070329021,16.527373850297487,16.59865457827439,5432400
2002-08-30,17.020557403564453,17.340355797554643,16.845247386820358,16.876070496115183,5183600
2002-09-03,16.282703399658203,16.949270665634863,16.232615685407243,16.947343762841772,6598400
2002-09-04,16.721946716308594,16.721946716308594,16.18830775064613,16.33086770932214,8457200
2002-09-05,16.615997314453125,16.68535115995809,16.432981120357695,16.57746805352685,7490400
2002-09-06,16.691129684448242,16.849101999128965,16.57746734074492,16.702688168269727,8617600
2002-09-09,17.037899017333984,17.095692906646395,16.606363667523382,16.691129802271366,4929600
2002-09-10,17.107250213623047,17.26907484241778,16.964688741821806,17.045602526015983,4556400
2002-09-11,17.103395462036133,17.249809263192585,17.049453922082893,17.149630857739375,2970800
2002-09-12,17.272933959960938,17.42705249146164,16.935797743194243,17.051387009269085,5632800
2002-09-13,17.685197830200195,17.71024169803954,17.080279436446645,17.272928643878906,7474400
2002-09-16,17.816207885742188,17.816207885742188,17.54649857216067,17.685206303133878,6383200
2002-09-17,17.625478744506836,17.995366406307404,17.575390999825185,17.893261073386178,6578000
2002-09-18,17.685197830200195,17.70253555336663,17.4174155494531,17.482915574477598,7571600
2002-09-19,17.26136589050293,17.559972701478664,17.24210126684566,17.531075031094467,9670000
2002-09-20,17.342267990112305,17.37116564349739,17.203561899496172,17.203561899496172,9586800
2002-09-23,17.297977447509766,17.519524393232263,17.09762203823534,17.34421285894318,7859600
2002-09-24,16.639110565185547,17.068717422780352,16.571682174891595,16.991657455156286,9770400
2002-09-25,16.82598304748535,16.991661502916255,16.723879190723814,16.924234566356464,9602400
2002-09-26,16.864519119262695,16.972402251943468,16.616001357368106,16.953137616792965,13634000
2002-09-27,16.83754539489746,17.178533933869307,16.833691586662077,16.8568100266828,9158000
2002-09-30,16.80286979675293,16.91460672764828,16.644897451961928,16.799015988213196,10308000
2002-10-01,17.043676376342773,17.045603280046084,16.79901104891276,16.86643945035681,12082800
2002-10-02,17.242101669311523,17.338426259642873,16.9434948513657,16.947348658065053,9407200
2002-10-03,17.64281463623047,17.735285432013775,17.39237008054015,17.454017767661288,9960800
2002-10-04,17.31338882446289,17.640891965286336,17.21321039023178,17.592729652236,8780400
2002-10-07,17.386594772338867,17.721804055021373,17.242107835172614,17.290270147561365,10882000
2002-10-08,17.66786003112793,17.723728482066598,17.267149295303856,17.46365232547392,9143200
2002-10-09,17.527225494384766,17.86821394396328,17.47328248181141,17.559975506813842,9857200
2002-10-10,17.758398056030273,18.031959486269812,17.529145105583567,17.529145105583567,13088400
2002-10-11,18.010778427124023,18.15141302989668,17.868218390056537,17.868218390056537,9843200
2002-10-14,18.253507614135742,18.290111424277306,17.95682773616894,17.979946164120943,12294400
2002-10-15,18.584871292114258,18.683122810105456,18.413413596484762,18.59065053379663,11356800
2002-10-16,18.875768661499023,18.947047922558788,18.54633724657059,18.584867967221403,12774400
2002-10-17,18.82183074951172,19.35739688811321,18.648447603919642,19.249512310872664,16254000
2002-10-18,19.21290397644043,19.361243203026724,18.77944330771595,18.810266413197656,11264000
2002-10-21,19.1339168548584,19.457567542072862,19.027959215968064,19.24565373408882,9056000
2002-10-22,19.06071662902832,19.457573600444903,18.97209815336234,19.13584971643637,9114000
2002-10-23,19.33620834350586,19.349693734021592,18.87770212637625,19.06842596769534,7117600
2002-10-24,18.933563232421875,19.264920093192263,18.885400932188894,19.207124744993983,9154800
2002-10-25,18.704313278198242,19.21676094215836,18.205352471518445,18.93549323907985,15302400
2002-10-28,18.424968719482422,18.706236365169936,18.128288785588186,18.706236365169936,11838000
2002-10-29,18.240028381347656,18.398000684453706,17.924083775135557,18.34983837899702,7964800
2002-10-30,18.36525535583496,18.600287701605296,18.197649960950223,18.374886937505877,5423200
2002-10-31,17.521448135375977,18.59065202636558,17.14578269789157,18.49432740446731,22192400
2002-11-01,17.856660842895508,18.00885393861871,17.261373849760595,17.521450063546926,13972000
2002-11-04,17.995370864868164,18.299755625691688,17.90289855905767,18.164901710757054,8641600
2002-11-05,17.5715389251709,18.15719285517776,17.413566589891214,17.983808226261715,9198800
2002-11-06,18.209199905395508,18.34020140700828,17.64666465073927,17.723724616946186,11367600
2002-11-07,18.307451248168945,18.51358581094048,18.141772836618372,18.234245089263855,7851200
2002-11-08,16.72772979736328,18.309379497070427,16.66608211433463,18.309379497070427,38267600
2002-11-11,16.951204299926758,17.09761811731961,16.47150815809382,17.010926557037873,17381200
2002-11-12,17.20743179321289,17.338433348415027,16.812500223468998,16.953134829561357,10819200
2002-11-13,17.375028610229492,17.531073963082495,17.157334113754434,17.159261016941745,8793200
2002-11-14,17.473289489746094,17.694836460544767,17.41934792533544,17.53108486292745,8702800
2002-11-15,17.897113800048828,18.00306999490206,17.415490723996907,17.454019982162265,7656400
2002-11-18,17.910598754882812,18.083983352034025,17.820053383604016,17.926011045695578,6014400
2002-11-19,17.627405166625977,17.926012071575066,17.44824131761593,17.912526683791388,7996000
2002-11-20,17.290264129638672,17.421265632532535,17.01092340292806,17.16504186705244,18701600
2002-11-21,16.353988647460938,17.33649916398257,16.01300024818099,17.323013780277634,37980400
2002-11-22,16.30197525024414,16.76047980072332,16.230694519665974,16.486918299255827,16452400
2002-11-25,14.72802734375,15.976394517565879,14.456392798905446,15.976394517565879,56801200
2002-11-26,15.238558769226074,15.371487251616863,14.93032019465084,14.93032019465084,30924400
2002-11-27,15.487071990966797,15.631558918214129,15.37148274312834,15.604588142711723,14601600
2002-11-29,15.691277503967285,15.758705903035684,15.487069812517134,15.487069812517134,5710000
2002-12-02,14.766565322875977,15.83962158777705,14.718403010322433,15.768340836070836,20198000
2002-12-03,15.20580005645752,15.252035448784222,14.693352524732024,14.76848705823327,16115600
2002-12-04,16.005294799804688,16.086207105548464,15.109475786793855,15.200021139800933,21419200
2002-12-05,16.04767417907715,16.10546804002466,15.508255991455812,16.00721656567868,15631200
2002-12-06,16.057310104370117,16.321240030566056,15.95327936272639,16.047678526501098,9826400
2002-12-09,15.591096878051758,16.276927430533707,15.566053015895854,16.05923440466521,11081600
2002-12-10,15.76254940032959,15.935933885357102,15.591091817856828,15.591091817856828,8882000
2002-12-11,16.003376007080078,16.124744527206648,15.893565973690116,15.932095242677072,5769600
2002-12-12,16.136293411254883,16.151704226396554,15.970615022661715,16.047674977555623,6933600
2002-12-13,15.781825065612793,16.221065088671224,15.652750430201191,16.19987355512042,8337200
2002-12-16,15.93209171295166,15.932091712951658,15.683575484388525,15.781825539477365,12798400
2002-12-17,15.86658763885498,15.980249957120778,15.81457153370541,15.835763062500167,5204400
2002-12-18,15.799161911010742,15.978325732691346,15.65852734289286,15.876221887933,5330800
2002-12-19,15.797231674194336,16.14400076227818,15.556420215746252,15.89355625757357,9201600
2002-12-20,15.621920585632324,15.872365096087318,15.43697755767335,15.720172074478088,11512800
2002-12-23,16.128589630126953,16.149781157570278,15.643112872075518,15.68164359006184,7364000
2002-12-24,16.234546661376953,16.307754294547998,16.118957440860765,16.18060512312251,2969600
2002-12-26,16.026487350463867,16.29426961974609,15.989883532283923,16.29426961974609,3905200
2002-12-27,15.84539794921875,16.134371772000854,15.843471045523746,16.134371772000854,3376800
2002-12-30,16.105466842651367,16.1574829304129,15.700903966911062,15.864655432115923,6438400
2002-12-31,16.08620834350586,16.170974462597023,15.914750671560016,16.10739987327865,4596800
2003-01-02,16.51197052001953,16.51197052001953,15.951361848699802,16.088142668642398,10068400
2003-01-03,16.679569244384766,16.77974618861489,16.5119638996455,16.567832347891922,8318000
2003-01-06,16.25959014892578,16.7084630652086,16.22105943326833,16.644888486721197,9381600
2003-01-07,16.1401424407959,16.26151232257135,15.94171408971068,16.26151232257135,8544400
2003-01-08,16.278852462768555,16.375177033554166,16.128586367510408,16.182527891982943,5682400
2003-01-09,16.278852462768555,16.442603939144835,16.088130224156007,16.278852462768555,7050800
2003-01-10,16.076570510864258,16.21720503297442,15.98024593867263,16.18252812819358,6765200
2003-01-13,15.92244815826416,16.15169958419338,15.826123609780765,15.951345816768372,7900000
2003-01-14,15.84539794921875,15.922457929253351,15.749073341624715,15.922457929253351,7093200
2003-01-15,15.797231674194336,15.997586983998723,15.681642468098556,15.941718549263188,9206400
2003-01-16,15.847326278686523,15.889709345008573,15.604587834167425,15.81650169598067,8652000
2003-01-17,16.248027801513672,16.346279274694982,15.797229518322307,15.845391803439144,8505600
2003-01-21,16.02070426940918,16.407928008696093,16.009144320767323,16.2480288589507,7129600
2003-01-22,15.94172191619873,16.34435805425947,15.893559614337104,16.047679568213034,11032000
2003-01-23,16.3347225189209,16.394443288427865,16.086204925138986,16.086204925138986,15162000
2003-01-24,16.33857536315918,16.577461388203517,16.276927688585655,16.33664992974499,13107600
2003-01-27,15.89933967590332,16.30968344961078,15.866589661698532,16.30968344961078,8908400
2003-01-28,16.2114315032959,16.248033854158155,15.932089263681155,16.013003049864267,8867600
2003-01-29,16.565898895263672,16.565898895263672,16.07656991043029,16.213352091254578,10755200
2003-01-30,16.510042190551758,16.683426831076257,16.46187987206147,16.523527580937145,8853600
2003-01-31,16.933860778808594,16.935787681874316,16.452237898124597,16.452237898124597,9518400
2003-02-03,16.571685791015625,17.097618825252358,16.432979582781048,16.93579418074687,14044000
2003-02-04,16.240333557128906,16.573615961049963,16.095846609004262,16.573615961049963,13009600
2003-02-05,16.169048309326172,16.515817476429486,16.169048309326172,16.24225448024939,7538400
2003-02-06,16.186378479003906,16.379027599757467,16.099686962583263,16.170967666388695,7111600
2003-02-07,16.307750701904297,16.42911913623898,16.242249227170717,16.37517760986801,7011200
2003-02-10,16.490774154663086,16.548569512845756,16.307757970079656,16.35206647086229,5423200
2003-02-11,16.07464599609375,16.56782736355783,16.06116061400829,16.519665074710275,11144800
2003-02-12,15.458166122436523,16.159408853602642,15.277076935682363,16.08620271170596,20561200
2003-02-13,15.363779067993164,15.554501431087086,15.169202896466567,15.267454434338035,12744400
2003-02-14,15.408087730407715,15.408087730407715,15.103701561299296,15.36570466005121,11654800
2003-02-18,15.801084518432617,15.866586001528926,15.431198459124843,15.431198459124843,6559600
2003-02-19,15.777975082397461,16.009153612257872,15.73366510477897,15.79723971491962,6644000
2003-02-20,15.700906753540039,15.893555916160164,15.51789063696951,15.777966712547382,8484400
2003-02-21,15.83383560180664,15.98795405446064,15.477433464864399,15.700907205437987,10335200
2003-02-24,15.460100173950195,15.654676301078254,15.373408611360835,15.6527493973016,9526800
2003-02-25,15.566049575805664,15.598799573647915,15.263590514412078,15.383032028847616,9771200
2003-02-26,15.831911087036133,15.903191819137527,15.527525002663769,15.566055723987523,7871600
2003-02-27,15.920534133911133,15.995667224919847,15.724032542764611,15.893563356102732,8824000
2003-02-28,15.970624923706055,16.086214192808693,15.874300287820974,15.89356492103853,6041200
2003-03-03,16.149776458740234,16.24610102098519,16.039966516572832,16.04767265792797,7499200
2003-03-04,15.88200569152832,16.2287734826018,15.88200569152832,16.151713483541947,7731200
2003-03-05,16.2210693359375,16.2210693359375,15.874301502104052,15.930169971566658,9066400
2003-03-06,16.280780792236328,16.365545422493188,16.072719348358113,16.074646251485625,9167600
2003-03-07,16.452241897583008,16.511962678970804,16.16326809892451,16.182532724875728,8483200
2003-03-10,16.145919799804688,16.498467988068835,16.10546366718689,16.45223261790505,6504800
2003-03-11,16.08812713623047,16.23646630005799,15.980242638196247,16.192157829087026,4983200
2003-03-12,16.115108489990234,16.16712313572341,15.83384078870652,16.047681553003898,8335600
2003-03-13,16.51197052001953,16.51197052001953,16.165202678837545,16.180613505038618,8240400
2003-03-14,16.11318016052246,16.592876292409333,16.086209388114163,16.540861651278146,9812000
2003-03-17,16.700763702392578,16.74892601417034,16.14015368779679,16.17097827283717,11094400
2003-03-18,16.806720733642578,16.876074583599884,16.61985071957968,16.68342532700674,7786400
2003-03-19,16.90496826171875,16.90496826171875,16.633332168763012,16.775893643126953,6547600
2003-03-20,16.835617065429688,16.96854551214968,16.598659321916816,16.75085092899409,6178800
2003-03-21,17.31916618347168,17.31916618347168,16.964690833674435,17.03019233659439,7850400
2003-03-24,17.203580856323242,17.321097031731515,16.918459282431698,17.321097031731515,7697200
2003-03-25,17.4655818939209,17.586950393568504,17.116885748296944,17.205504227851932,8354000
2003-03-26,17.263288497924805,17.517585288391412,17.242096976236237,17.41933382145316,6722400
2003-03-27,17.28641700744629,17.326873171600614,16.982030854517102,17.263298569445077,7393200
2003-03-28,17.756635665893555,17.756635665893555,17.226673126229233,17.286413887480897,9069200
2003-03-31,17.66606330871582,17.862632092531506,17.513819319772693,17.63330233484279,7777600
2003-04-01,17.59089469909668,17.75855603682361,17.24786477458014,17.666052874904782,11131600
2003-04-02,17.66606330871582,17.914664141018747,17.61017616313249,17.671844484071208,9322800
2003-04-03,17.9223690032959,18.043778070466004,17.556212783364426,17.748926428561155,8679600
2003-04-04,17.79325294494629,18.086177067216294,17.7277295346548,17.729657082975056,8158000
2003-04-07,17.812524795532227,18.21144203851676,17.800962445682675,17.92815270489365,9087200
2003-04-08,18.057270050048828,18.113157190038077,17.704605156071786,17.81059679098497,10516800
2003-04-09,17.81059455871582,18.14977098256266,17.762416147896772,18.05726778686319,7107200
2003-04-10,17.660280227661133,17.810596651835755,17.51189135182656,17.810596651835755,10178000
2003-04-11,17.908878326416016,17.976327805237517,17.46949146976354,17.66027755851246,6285200
2003-04-14,18.14205551147461,18.273100798964546,17.720012319209346,17.908872266290203,6379200
2003-04-15,18.06882667541504,18.174818268125485,17.74892140912006,18.14205731057615,12858000
2003-04-16,17.353866577148438,18.328997277166984,16.997345111303872,18.11508498577569,32850400
2003-04-17,17.70073890686035,17.812513116414557,17.313384267701906,17.353855406216926,13449200
2003-04-21,17.251724243164062,17.920440802903226,17.193911033882358,17.7026749210609,11239600
2003-04-22,17.594751358032227,17.660273272904845,17.112967382952352,17.15150951284354,10440000
2003-04-23,17.4887638092041,17.6217366987416,17.39240698380904,17.594756905254062,6598400
2003-04-24,17.556209564208984,17.698817223824868,17.238231813881978,17.604387966674043,13541200
2003-04-25,17.479127883911133,17.787470907498523,17.45214808989051,17.54657883925119,7132800
2003-04-28,17.50418472290039,17.536945697157645,17.27678251109273,17.4540787520848,7626000
2003-04-29,17.4425048828125,17.58511250680353,17.363491616769817,17.504173163750874,7396800
2003-04-30,17.754711151123047,17.78747359477359,17.305689385492492,17.396263581794813,15325200
2003-05-01,17.52344512939453,17.78553570446827,17.440578234771397,17.754700827265303,7833200
2003-05-02,17.854921340942383,17.903099757150922,17.23823673129993,17.346157383403295,12119600
2003-05-05,17.987886428833008,18.172892775709734,17.8722585647511,17.893457178033056,9244000
2003-05-06,18.13050651550293,18.163267493922355,17.95899142814365,17.987897308931995,5408800
2003-05-07,17.876121520996094,18.167118121670953,17.86070407359527,18.13050352195488,6044800
2003-05-08,17.770132064819336,18.05727509787834,17.729662359780605,17.87612519965102,5580400
2003-05-09,18.016796112060547,18.016796112060547,17.804811421883358,17.852989827391276,3480800
2003-05-12,18.155555725097656,18.20758924237095,17.90888244846654,17.98018703979751,4229200
2003-05-13,18.04185676574707,18.134358516552098,17.953208641938577,18.109306265352572,4456800
2003-05-14,18.043771743774414,18.115076296799508,17.951270049875394,18.028355774983186,5080800
2003-05-15,17.958984375,18.11315440304917,17.775905536938122,18.028361402223055,7245600
2003-05-16,18.38680648803711,18.529414149712473,17.949345763975398,17.958982032722837,19221200
2003-05-19,18.172889709472656,18.569879181610425,18.170962162148236,18.338623492465434,8457200
2003-05-20,18.45232582092285,18.849315336760736,18.259612235325747,18.29237319200814,17442800
2003-05-21,18.86666488647461,18.928333189967198,18.307795059035847,18.452330283186132,12160000
2003-05-22,18.652753829956055,18.87051971896485,18.61421021887811,18.71249458926634,8098000
2003-05-23,18.40030288696289,18.68744585963117,18.330925844262154,18.569890396737627,5964400
2003-05-27,18.377168655395508,18.643112888907726,18.37524110775242,18.37524110775242,7092800
2003-05-28,18.396442413330078,18.542905179590942,18.259615916406897,18.452329540854464,7568800
2003-05-29,18.31743812561035,18.558330255246002,18.21722617632015,18.396449979580627,6176800
2003-05-30,18.48895263671875,18.500514988093883,18.14013984391766,18.317437563306402,6593200
2003-06-02,18.180606842041016,18.589160349946702,18.147845871154477,18.514002136600595,9913600
2003-06-03,18.498577117919922,18.5139945580103,18.057262819777,18.117005032555205,8828400
2003-06-04,18.375242233276367,18.539048506059157,18.32706383126448,18.500506372564903,6177600
2003-06-05,18.695140838623047,18.71248435140292,18.248045486750016,18.377163205070055,7504000
2003-06-06,18.85895538330078,18.982291985175305,18.695149096775705,18.695149096775705,7203600
2003-06-09,18.72212791442871,19.05937673929386,18.670094415230984,18.860881951905057,6990000
2003-06-10,19.045888900756836,19.242456161538605,18.885936230830595,18.885936230830595,7956800
2003-06-11,19.51225471496582,19.51225471496582,19.045888090943976,19.045888090943976,9931600
2003-06-12,19.660646438598633,19.704971226181044,19.402410846605257,19.512257571157267,6752400
2003-06-13,19.444799423217773,19.801319232123003,19.390839859096488,19.66063767970292,5492800
2003-06-16,19.84950828552246,19.878415630481435,19.608616194678742,19.733880375975204,5888800
2003-06-17,20.213733673095703,20.256130909332963,19.99018661423797,19.99018661423797,8028000
2003-06-18,20.096174240112305,20.30045018833779,20.042214666640522,20.234928269204374,6985200
2003-06-19,19.244384765625,20.138575963510927,19.17115410960698,20.096178726236335,8929800
2003-06-20,19.498762130737305,19.676058290085713,19.178856848606486,19.40240533061907,11751400
2003-06-23,19.398550033569336,19.421674722620207,19.09406221857055,19.406257283060985,6885200
2003-06-24,19.471786499023438,19.841796337557334,19.36001223416786,19.43709798476786,5043000
2003-06-25,19.27521514892578,19.510325994759178,18.982291100694663,19.333029821611706,7099800
2003-06-26,19.487205505371094,19.564289791862063,19.094069469055366,19.27521930665537,3667000
2003-06-27,19.356157302856445,19.656790092604012,19.27136283588629,19.656790092604012,3061000
2003-06-30,19.36772346496582,19.625959072093508,19.271366631806785,19.579708203857976,3873600
2003-07-01,19.390844345092773,19.394697970441023,19.078647761509774,19.36771818213871,3967600
2003-07-02,19.84178924560547,19.888040091318896,19.290628310703546,19.317608093227037,4742800
2003-07-03,19.622100830078125,19.89960891479155,19.5681412514479,19.83794061488726,2006200
2003-07-07,20.03451156616211,20.123159671774374,19.672210421013478,19.683772769918573,4246400
2003-07-08,20.119308471679688,20.204101491022776,19.849509025814758,20.0345139820479,4300800
2003-07-09,20.14243507385254,20.423798366868002,19.957430100153747,20.11931037107071,4942000
2003-07-10,19.872631072998047,20.207952394696157,19.69147978102523,20.100033226859612,4005400
2003-07-11,19.733875274658203,20.042216777172435,19.602829952303622,19.65678953145758,5327000
2003-07-14,19.21355628967285,19.89576299918045,19.198140310299824,19.733884188596743,9717200
2003-07-15,19.282922744750977,19.360008480404613,19.105626581949288,19.2752140241568,7472200
2003-07-16,18.73561668395996,19.367717065374855,18.558320522399804,19.30990239646745,8215600
2003-07-17,19.961280822753906,20.103888516380273,18.211440475034763,18.98229509831666,17773400
2003-07-18,20.211801528930664,20.21951024924709,19.73387263161672,20.05763153346632,6584200
2003-07-21,20.23107147216797,20.31971953901415,19.363860396595612,20.211798938702728,5512000
2003-07-22,20.362117767333984,20.42763967943547,20.17711143487438,20.331282888494734,4936000
2003-07-23,21.0096435546875,21.2948604318327,20.327438460046565,20.716719424633624,11104200
2003-07-24,20.524009704589844,21.04819122055423,20.524009704589844,21.02892014399737,4639200
2003-07-25,20.8554744720459,20.886307895981165,20.335146659181884,20.527860337215515,5298000
2003-07-28,21.071313858032227,21.19850559735496,20.72443010315785,20.735992453900373,4351000
2003-07-29,21.256315231323242,21.564656763458967,21.071308841753407,21.071308841753407,6255600
2003-07-30,21.102144241333008,21.68028517945172,20.96724527722068,21.487571533412147,14137600
2003-07-31,20.076904296875,20.666607483212058,19.98054749020355,20.62806534865875,12282200
2003-08-01,20.234941482543945,20.581826781788894,19.888056183298993,20.080769911704174,7297400
2003-08-04,20.196393966674805,20.327439326034256,19.71846340010249,20.080764584078064,5352200
2003-08-05,19.598976135253906,20.196389581321807,19.598976135253906,20.196389581321807,5949200
2003-08-06,18.80499839782715,19.545018111156505,18.31165045198577,19.541164485067455,19397000
2003-08-07,19.259801864624023,19.32917889341267,18.885936928406142,18.885936928406142,8590800
2003-08-08,19.22126007080078,19.687628246247,19.109487265221887,19.25980368504225,5909600
2003-08-11,19.57200050354004,19.868779741613217,19.22511676821365,19.22511676821365,6006000
2003-08-12,19.71845817565918,19.764709034270414,19.394699224803954,19.656789874081436,4338600
2003-08-13,19.440948486328125,19.938149953990408,19.3985527270855,19.86877293662878,4183800
2003-08-14,19.737728118896484,19.857211089642284,19.4062604654563,19.656788753369426,3394200
2003-08-15,19.737728118896484,19.772416628449253,19.464075138140313,19.737728118896484,1746800
2003-08-18,19.91118049621582,20.200251061764998,19.753155312527163,19.888054321667873,3114400
2003-08-19,19.837949752807617,19.97284876152147,19.68763329444392,19.82253230315777,2950400
2003-08-20,19.386999130249023,19.841803608124266,19.333039526143306,19.837949980811977,5701400
2003-08-21,19.109487533569336,19.525748281202766,19.07479901540917,19.3869942085621,6664000
2003-08-22,18.851247787475586,19.252092502645723,18.816559274234162,19.232821433131235,5652400
2003-08-25,18.770307540893555,18.882081797286,18.71249286474897,18.81270477402781,4573600
2003-08-26,18.97844696044922,18.99386293995369,18.48124523177883,18.577602087554226,7245800
2003-08-27,18.86666488647461,18.97073042429741,18.751037001212048,18.88593595563698,3869000
2003-08-28,18.80885124206543,19.194278527641725,18.774162727552028,18.916771881822914,4282200
2003-08-29,19.05167007446289,19.094067309410672,18.708640039395707,18.71249366516898,3753600
2003-09-02,19.194278717041016,19.30605298383029,18.924479320417685,19.078650824284853,4537000
2003-09-03,19.097917556762695,19.390843053517035,19.040104358660617,19.252089025611095,6917200
2003-09-04,19.22126007080078,19.232823890217496,18.990004266506155,19.078652373828714,4987400
2003-09-05,19.1171875,19.29063002469574,19.051665585274943,19.221253014817446,4534000
2003-09-08,19.467927932739258,19.63751684788825,19.13646176373234,19.155732830375232,4746400
2003-09-09,19.390844345092773,19.579702863208958,19.317612230882332,19.46407498901502,3455200
2003-09-10,19.271364212036133,19.606685537644807,19.232822071727423,19.290635282190486,2882600
2003-09-11,19.279069900512695,19.44865734958949,19.070938846903786,19.275214804915397,3250600
2003-09-12,19.232826232910156,19.43324717022428,19.094072145316744,19.232826232910156,6627200
2003-09-15,19.286779403686523,19.38698983895819,19.117190477443067,19.363865145589163,3561800
2003-09-16,19.302194595336914,19.352299071986053,19.194273981142313,19.271359714056153,3594600
2003-09-17,19.53346061706543,19.649088542222987,19.24053497169152,19.317620745226172,4220800
2003-09-18,19.498762130737305,19.61438999682157,19.4216763965851,19.46792724896119,6927000
2003-09-19,19.255945205688477,19.583559252888953,19.24823648419441,19.560433088406757,5179800
2003-09-22,19.155736923217773,19.27136481806849,18.963023275037088,19.259802469669957,5354600
2003-09-23,19.101781845092773,19.286786814573748,19.020840976335197,19.271369366211466,4412600
2003-09-24,18.90520477294922,19.1171894490619,18.901351147691095,19.04010518159413,4239400
2003-09-25,18.500511169433594,18.920627002717687,18.46196902594602,18.88593848546346,5348400
2003-09-26,18.627702713012695,18.70478699925767,18.500510994189156,18.5197820657504,5627000
2003-09-29,18.80113983154297,18.878225571693413,18.569884081379833,18.700929398549132,5646400
2003-09-30,19.39469337463379,19.47177909592608,18.808843951215337,18.866658609756517,7696800
2003-10-01,19.949716567993164,19.984405084094945,19.078651509631854,19.394701780653183,8299600
2003-10-02,20.138572692871094,20.304306518779978,19.799396320047308,19.949712703944158,6571600
2003-10-03,20.273475646972656,20.458482047154323,20.273475646972656,20.408376085843102,5902600
2003-10-06,19.84950828552246,20.31202139400013,19.730025279160067,20.27347777729195,4800000
2003-10-07,19.907320022583008,19.945862163285582,19.65679169715101,19.65679169715101,4290400
2003-10-08,19.753154754638672,20.003683159154523,19.72617495357252,19.90732630669287,3131000
2003-10-09,19.880329132080078,20.04220779701019,19.78397236382522,20.003665677823285,3717000
2003-10-10,20.107744216918945,20.15399655769506,19.88034349106871,19.88034349106871,2811000
2003-10-13,20.40837287902832,20.531709479576943,20.269618835839054,20.331287136113367,4213000
2003-10-14,20.215656280517578,20.408369874287455,20.08075588270584,20.408369874287455,3228400
2003-10-15,19.783977508544922,20.323574668918972,19.77241369355166,20.127007457489334,5604600
2003-10-16,20.574113845825195,20.81307840846374,20.196395191884022,20.254208416400942,8438000
2003-10-17,20.809221267700195,20.855472133561417,20.65890338064633,20.73598913727404,5051600
2003-10-20,21.159961700439453,21.202357473090185,20.886307169727743,20.967248029106813,6224000
2003-10-21,21.410486221313477,21.445174737125615,20.735988446301786,21.159959358482215,5840400
2003-10-22,21.198497772216797,21.410482455881326,21.082869896607804,21.410482455881326,2948000
2003-10-23,20.80536460876465,21.121414863943787,20.77067609440165,21.04432911310508,5065800
2003-10-24,20.909435272216797,21.05589808764774,20.57796749164144,20.805369703643922,4088800
2003-10-27,20.196393966674805,20.813077145843586,19.668357432329813,20.234936114014598,23816200
2003-10-28,20.177114486694336,20.562541708753738,20.084612776761457,20.234929158118515,11444600
2003-10-29,20.14628028869629,20.404515811678394,20.11159178125068,20.1771137007101,6759400
2003-10-30,19.676067352294922,20.319731838087172,19.51033346213643,20.312023114092735,9547600
2003-10-31,19.61053466796875,20.01908652399046,19.58740850864588,19.868770164111684,8392000
2003-11-03,19.433231353759766,19.8032424429577,19.390835612868234,19.772407572904733,8052800
2003-11-04,19.148033142089844,19.61054631113473,19.07865609321867,19.433248591636822,9676400
2003-11-05,19.271364212036133,19.32147017066818,18.98229374885559,19.070941847796348,6968000
2003-11-06,18.92447280883789,19.29062890181819,18.82040877036586,19.27135783803774,7779600
2003-11-07,18.442697525024414,18.928336793998497,18.33863343767572,18.928336793998497,13116400
2003-11-10,18.593017578125,18.69322805064469,18.411866237863457,18.411866237863457,7621400
2003-11-11,18.8550968170166,18.909057856906962,18.569881529036127,18.59300768898914,5906800
2003-11-12,19.132612228393555,19.17500946950194,18.539053793453284,18.539053793453284,6597800
2003-11-13,19.232826232910156,19.275222008307054,19.043966175843853,19.13261429396437,5786200
2003-11-14,19.148033142089844,19.367726640085618,19.059385017485305,19.232827639663242,4433200
2003-11-17,19.21355628967285,19.263662265929728,18.820421615315585,19.148034334042947,4000200
2003-11-18,18.92447280883789,19.275211462678662,18.885930681276985,19.23281571047683,4141400
2003-11-19,19.880329132080078,19.96126846454513,19.07864011446162,19.23281153178443,12004800
2003-11-20,19.5797061920166,19.864923035787907,19.498766813348908,19.810963450009442,5793000
2003-11-21,19.93429946899414,19.945861816946458,19.49491260334523,19.8687760665914,7094400
2003-11-24,20.35055160522461,20.358260324045233,19.999812985468946,20.02293914193082,5820400
2003-11-25,20.7475528717041,20.79380373737639,20.10003487113801,20.350561741294044,6366400
2003-11-26,20.724428176879883,20.77838776904792,20.52400578433531,20.77453414258818,4981400
2003-11-28,20.77452850341797,21.15995573746811,20.581814886392895,20.72442255131075,2435200
2003-12-01,21.0636043548584,21.07516670436609,20.774533854857353,20.832347072684406,4232600
2003-12-02,21.16766357421875,21.194644834014262,20.897865679146186,21.063599511998337,5649400
2003-12-03,21.005786895751953,21.252460121299958,20.85547049082666,21.198500536997383,4901200
2003-12-04,20.882457733154297,21.02506546687293,20.65505549654349,21.005794389930777,4582000
2003-12-05,20.56639862060547,20.867031409869217,20.458479459390443,20.867031409869217,4418000
2003-12-08,20.720571517944336,20.762968757248082,20.446918480987335,20.56640147627167,3248600
2003-12-09,20.58182716369629,20.828500505385833,20.53172118170026,20.79381197481767,3681400
2003-12-10,20.516294479370117,20.543274272059016,20.25420380443073,20.52400320160815,3880400
2003-12-11,20.71671485900879,20.924845928601044,20.585669534112366,20.61264932421266,4780000
2003-12-12,20.994218826293945,21.00963479597314,20.720564412884258,20.832338647214414,3349800
2003-12-15,20.998079299926758,21.244752538705406,20.959537157725773,21.19850167400653,4600600
2003-12-16,21.14839744567871,21.163814891937704,20.940267802336717,20.99808102037504,4246600
2003-12-17,21.5530948638916,21.576221032218683,21.117563054228924,21.152251571575277,7271600
2003-12-18,21.695695877075195,21.79205267012994,21.533815700193475,21.55308676474683,5528600
2003-12-19,21.60320281982422,21.75737434898434,21.395071696544658,21.718830731549975,6463200
2003-12-22,21.745805740356445,21.807475514672234,21.510696342075047,21.699554879907947,4738400
2003-12-23,21.591636657714844,21.74966178557458,21.522259628870234,21.699555826900497,3728400
2003-12-24,21.664871215820312,21.7535193308071,21.44517774165986,21.59164054786305,1288800
2003-12-26,21.776641845703125,21.853727597621706,21.672576301156305,21.718827164192085,1457400
2003-12-29,22.393325805664062,22.45114048946047,21.776642706515307,21.853728461481023,5714000
2003-12-30,22.28154754638672,22.393320319902774,22.07727012522677,22.393320319902774,3737800
2003-12-31,22.42416000366211,22.613018553696236,22.33165680650059,22.470410867098646,5115200
2004-01-02,22.755624771118164,22.863543928625752,22.516658821939583,22.7594783966199,6243600
2004-01-05,21.661012649536133,22.64385188406334,21.371942199952347,21.96935416836784,16714000
2004-01-06,21.884559631347656,22.04258475115103,21.645595138781456,21.680283651435285,8181800
2004-01-07,22.088838577270508,22.096547299525387,21.73809980126003,22.084983480998854,5916400
2004-01-08,22.135089874267578,22.335512245956505,22.088839010120427,22.088839010120427,5619200
2004-01-09,21.934663772583008,22.142794831285126,21.757367598261148,22.13508611019006,4552400
2004-01-12,21.853721618652344,22.088832436050154,21.757364822688523,22.02716414544483,4224400
2004-01-13,21.780492782592773,21.992478941768614,21.653302557375515,21.969352777961728,5563000
2004-01-14,22.347076416015625,22.347076416015625,21.85372990412894,21.950086736624844,5012800
2004-01-15,22.47040557861328,22.601450886081892,21.99247667157818,22.316235580013096,6498800
2004-01-16,22.60916519165039,22.663124778004388,22.32780344116995,22.586039024517913,4826200
2004-01-20,22.574472427368164,22.81729199054867,22.431864765945782,22.643849445419736,4150800
2004-01-21,22.52436637878418,22.62457828010762,22.354778929998282,22.586034675641613,4043400
2004-01-22,23.383874893188477,23.437835953248985,22.894383488663674,23.01001139107338,9719200
2004-01-23,22.998445510864258,23.38387279788626,22.647706738485773,23.38387279788626,5273200
2004-01-26,23.08709716796875,23.12563931204006,22.717085821556807,22.998447590085338,3292600
2004-01-27,22.91751480102539,23.121792340202386,22.813449217736498,23.11408361511184,3593000
2004-01-28,22.902084350585938,23.106361773805837,22.84041605515627,22.932919233444846,4438400
2004-01-29,23.47637367248535,23.51106218369906,22.867399383752556,23.087092798009962,6065400
2004-01-30,23.464813232421875,23.499501746454612,23.218140008317256,23.433978344264602,4653400
2004-02-02,23.133352279663086,23.484091148108078,22.998451810083427,23.437840272678194,8136800
2004-02-03,23.16032600402832,23.21043196360188,22.89438170220885,23.144908559499775,4115000
2004-02-04,23.152610778808594,23.22584141431799,23.03698291789817,23.160319498907693,3396800
2004-02-05,22.786466598510742,22.890532168936463,22.40103921335865,22.836572570261378,5426600
2004-02-06,22.979169845581055,23.029275794555325,22.48967711250907,22.663119651044518,3985600
2004-02-09,22.95219612121582,23.09480381488602,22.798026078685158,23.029281877625404,3283400
2004-02-10,23.125638961791992,23.20272471905567,22.89823678652283,22.902090412756174,11177200
2004-02-11,22.894386291503906,23.125642124634762,22.505103825710865,23.125642124634762,10029200
2004-02-12,22.817296981811523,23.1102210896598,22.794170813972777,23.010010636268902,8163000
2004-02-13,22.998445510864258,23.12178359537664,22.778752074884792,22.875108896640292,6720000
2004-02-17,23.318349838256836,23.40314430816095,23.01000831627144,23.12563620322992,4619800
2004-02-18,23.24126434326172,23.518772451214527,23.202722203951993,23.39543584107736,6803200
2004-02-19,23.530336380004883,23.819406855116217,23.406999761580458,23.491794238105427,6757200
2004-02-20,23.526479721069336,23.788570369006553,23.264389073132115,23.645961227728055,5626600
2004-02-23,23.591999053955078,23.680647135379832,23.433973957452146,23.626687561494165,4608600
2004-02-24,23.86565399169922,23.888780155399726,23.56502121503381,23.568876310794682,5143400
2004-02-25,23.85024070739746,23.98513966846602,23.66523578780841,23.83867688909987,5036600
2004-02-26,23.888778686523438,24.008261652863585,23.318346582913197,23.76158846971193,6991400
2004-02-27,23.896493911743164,24.012121814032596,23.796283455169267,23.896493911743164,4890400
2004-03-01,23.75773811340332,24.03524623495058,23.688361083016506,23.89649217417695,5242000
2004-03-02,23.618988037109375,23.877225131621852,23.54961099501878,23.769304471542767,5216000
2004-03-03,24.019821166992188,24.02752988684286,23.684499940071806,23.684499940071806,7821800
2004-03-04,24.089202880859375,24.089202880859375,23.838674582783135,24.06993181261234,5388400
2004-03-05,24.347442626953125,24.466925623142135,23.86951358277413,23.877222305459405,6338600
2004-03-08,24.069934844970703,24.35129659363083,24.050663774295877,24.35129659363083,4818400
2004-03-09,23.669084548950195,23.857944525917723,23.58814518894473,23.838671989479,5029400
2004-03-10,23.750032424926758,23.87722415364616,23.634404516274614,23.77315859477264,5235000
2004-03-11,23.360746383666992,23.803986848972706,23.356891287718767,23.75002726800404,4574600
2004-03-12,23.827112197875977,23.89648921968522,23.433976231053016,23.553459206455216,4629800
2004-03-15,23.94274139404297,24.069933097783444,23.684505831110496,23.684505831110496,3550200
2004-03-16,24.247222900390625,24.432227763225136,24.039091878343815,24.089197821493148,5380600
2004-03-17,24.412965774536133,24.551719840815775,24.01982974350664,24.03139209226711,3813200
2004-03-18,24.698179244995117,24.74442863369886,24.40525370737282,24.412962428919545,4089600
2004-03-19,24.46306037902832,24.605668005257897,24.362848502000535,24.49389378483761,5538200
2004-03-22,24.262643814086914,24.57098529629653,24.150869567320875,24.463066145095205,4611000
2004-03-23,24.551721572875977,24.721309071243667,23.93889205043302,24.281922143886188,4958400
2004-03-24,23.89263916015625,24.513175882950662,23.788573611910504,24.513175882950662,6591600
2004-03-25,24.008256912231445,24.18555304382707,23.680642960939164,24.06992519584244,4577800
2004-03-26,23.923471450805664,24.069934230715887,23.854094421916002,23.97357740951229,3785800
2004-03-29,24.37828254699707,24.443804497906495,24.131609251332957,24.22411100206259,4554400
2004-03-30,24.540237426757812,24.7446103998027,24.332007527248052,24.7446103998027,3783800
2004-03-31,24.84872055053711,24.871856219542803,24.478533665599148,24.62892139808047,3800000
2004-04-01,25.053085327148438,25.064653157890536,24.802438207175292,24.81400603791739,4411800
2004-04-02,25.110939025878906,25.350015483609173,24.948980494739548,25.08394642768444,4385000
2004-04-05,25.835887908935547,25.835887908935547,25.303746799175165,25.353875074813615,5603400
2004-04-06,25.905298233032227,25.924579923452942,25.643083129964204,25.739485698121964,4191000
2004-04-07,25.781898498535156,25.839740617582887,25.51968344189484,25.83588369178707,3334200
2004-04-08,25.643081665039062,25.916864589929816,25.47726913960125,25.83202986408172,2611600
2004-04-12,26.25234031677246,26.302468578305753,25.74333502484319,25.816598954473076,3295200
2004-04-13,25.98627471923828,26.41430233550724,25.886015229686905,26.41430233550724,5088600
2004-04-14,25.79730796813965,26.3178808470498,25.38084848822327,25.99011295603012,5099000
2004-04-15,24.659772872924805,25.14178415758223,23.803717748186155,24.91041862326777,22416800
2004-04-16,25.222761154174805,25.392427618493876,24.389841823624643,24.679049434181458,9732400
2004-04-19,25.08780288696289,25.346164000283466,25.08780288696289,25.157212852307207,7295400
2004-04-20,24.486244201660156,25.037666826557523,24.409121878481358,24.991392550058663,6904400
2004-04-21,24.975971221923828,25.080087622854702,24.54023275743463,24.582650114558714,6768400
2004-04-22,25.53125,25.581378264948217,24.841007415700144,24.841007415700144,6527400
2004-04-23,25.430988311767578,25.515823015803527,25.315307031513814,25.450269996129194,2523800
2004-04-26,24.64048194885254,25.484965929210524,24.52865468510344,25.434837683517937,9575400
2004-04-27,24.87956428527832,25.13406838314445,24.52866059691444,24.910413801741818,24536600
2004-04-28,24.428407669067383,24.894995697901688,24.33200511082957,24.879570935546926,7985400
2004-04-29,24.015792846679688,24.474669736210966,23.984944808358534,24.428395472250884,6735600
2004-04-30,23.707313537597656,24.0852113350519,23.52222082890493,24.015801385418865,8378400
2004-05-03,24.085206985473633,24.10448719667073,23.42195860018143,23.715021634940427,7755200
2004-05-04,23.715024948120117,23.92711024288984,23.68417542910618,23.84998791634102,7168200
2004-05-05,24.11606788635254,24.14691594463535,23.718888287435796,23.77287496365712,6424400
2004-05-06,23.792144775390625,24.035079563654868,23.518361942338945,23.94253248732082,6344200
2004-05-07,23.34098243713379,23.946390268658995,23.31398984370166,23.634046981519784,6557200
2004-05-10,23.267723083496094,23.340988503140274,22.60061751204204,23.340988503140274,8979600
2004-05-11,23.649471282958984,23.676463875868432,23.240723993066528,23.267716585975975,7510800
2004-05-12,23.861560821533203,23.96567575743435,23.47595060159692,23.529935797030202,6470400
2004-05-13,24.027372360229492,24.166190798153373,23.796005355050635,23.830710332278155,5878200
2004-05-14,24.108354568481445,24.31658447000924,23.74202451304991,23.98495939816567,5716400
2004-05-17,24.139202117919922,24.30887157677581,23.718886868187766,23.907836546190072,5237600
2004-05-18,24.27802276611328,24.4746848317775,24.14691521266596,24.185477123083686,5195400
2004-05-19,24.351287841796875,24.663631202428245,24.177762935342578,24.312725934259053,7940400
2004-05-20,24.154619216918945,24.31657624252699,23.83456356188609,24.31271931732972,7510600
2004-05-21,24.37055778503418,24.505520727047998,24.0929180517649,24.19703295174088,7680200
2004-05-24,24.571083068847656,24.72918172523094,24.320435843780448,24.370565582991134,6141800
2004-05-25,24.53252601623535,24.636640970112897,24.328153035097856,24.53252601623535,5592400
2004-05-26,24.29729461669922,24.667481474267277,24.100634089760597,24.532517040773037,9423800
2004-05-27,24.844858169555664,24.84871509420042,24.289580170557027,24.32428513743105,11126800
2004-05-28,25.16106605529785,25.188058652161036,24.756174160377658,24.829441041280194,7110800
2004-06-01,25.218910217285156,25.450275772274946,24.945127300650434,25.257470652788015,7209000
2004-06-02,25.326879501342773,25.396289458989084,24.98754356505665,25.311454739424423,5960600
2004-06-03,25.28832244873047,25.430996367099628,25.130220824407665,25.4117176186034,7407400
2004-06-04,25.04538345336914,25.330737143973046,24.960551673376937,25.296030693181716,5353400
2004-06-07,25.26517677307129,25.369293165359476,25.01838650227483,25.0646607812887,3784600
2004-06-08,25.08780288696289,25.141788088678155,24.70219262215511,24.833301642015638,6408600
2004-06-09,24.929702758789062,25.24590303986845,24.918134922233047,25.064665755230386,4101200
2004-06-10,24.62506675720215,25.091654730056984,24.55951226055254,25.045380448544513,5122600
2004-06-14,24.505537033081055,24.729190267378367,24.33201208432391,24.48625681010509,4372800
2004-06-15,24.571083068847656,24.71375696378362,24.374421037859857,24.58265090444004,4098400
2004-06-16,24.6019344329834,24.775459345162364,24.501676412050227,24.6019344329834,3614000
2004-06-17,24.58264923095703,24.76002956256727,24.528664040552705,24.621209660964084,4181000
2004-06-18,24.679054260253906,24.74846421803977,24.532521963707495,24.586507159544,4981000
2004-06-21,23.996522903442383,24.67905314345953,23.92325749397777,24.67905314345953,9431600
2004-06-22,23.676464080810547,24.07749752364478,23.5839169964728,23.996519744215504,7446000
2004-06-23,23.699600219726562,23.792147305903846,23.425817357555566,23.688032385574164,6658600
2004-06-24,23.637908935546875,23.8692759769943,23.47209640402147,23.703463445468895,6023400
2004-06-25,23.80371856689453,24.02351627334888,23.695748176632392,23.75358882670729,5434800
2004-06-28,23.425813674926758,23.965668405623916,23.2522888349894,23.83841636600792,6539200
2004-06-29,23.680316925048828,23.865409602337177,23.522216837928415,23.522216837928415,4138400
2004-06-30,24.004228591918945,24.01965334887002,23.688028429350844,23.792143332291918,4474600
2004-07-01,23.83071517944336,23.950254896649447,23.522227247444665,23.637910038070864,5915400
2004-07-02,23.502941131591797,23.68417691874659,23.391113824611825,23.649473414152244,3731400
2004-07-06,23.167463302612305,23.433533831506175,22.8821110854476,23.40654123311055,7073200
2004-07-07,23.6263370513916,23.703459385330547,23.155892138251588,23.194454040714145,4909200
2004-07-08,23.26386070251465,23.757441216308425,23.236866639117213,23.61476587484978,4545800
2004-07-09,23.23301124572754,23.52221885459552,23.04020617314889,23.29085335589552,6050800
2004-07-12,23.3448486328125,23.46824381492756,23.063353281675848,23.329423867301465,4823600
2004-07-13,23.90397071838379,24.03122128632292,23.603193840463877,23.6186185974825,6332400
2004-07-14,23.86927032470703,24.243311192679204,23.807572755795103,24.02351351149382,6228600
2004-07-15,25.338441848754883,25.365434440772024,23.873123616596754,23.873123616596754,15104200
2004-07-16,25.311450958251953,25.477263446638517,25.164920154876043,25.45027085280685,9925000
2004-07-19,25.191917419433594,25.361583922701765,24.810161167641795,25.2574704534684,6634400
2004-07-20,25.427133560180664,25.427133560180664,25.01453082826806,25.29602458282154,5850600
2004-07-21,24.79859161376953,25.488834241317328,24.79859161376953,25.488834241317328,5563000
2004-07-22,24.65591049194336,24.82172443186309,24.216315191415767,24.59421293171117,6478200
2004-07-23,24.254880905151367,24.563368754887463,23.984953485012497,24.55951182933608,7330400
2004-07-26,24.559507369995117,24.64434206488865,24.146904670080666,24.146904670080666,7167400
2004-07-27,23.715024948120117,24.56722305256876,23.163602299127223,24.563367598185035,16582800
2004-07-28,23.83071517944336,23.984959880935953,23.37569492812535,23.907837530189656,7769600
2004-07-29,24.682910919189453,25.130217242991424,24.100638665283896,24.193185764992535,31397000
2004-07-30,24.254880905151367,24.628921779399963,23.965673270213884,24.46310928435692,12278400
2004-08-02,24.31272315979004,24.378277659630346,23.927112954334255,23.95025009621663,6589800
2004-08-03,24.027372360229492,24.366708280913905,24.004235218415747,24.293442871649674,6757400
2004-08-04,24.04279899597168,24.281878415022657,23.86156317499701,24.08136090436042,5282600
2004-08-05,23.89240074157715,24.274155376604096,23.89240074157715,24.062070122027237,4996400
2004-08-06,23.657180786132812,23.82299325900397,23.4103905393439,23.483657405162166,6629200
2004-08-09,23.66489601135254,23.792148075087017,23.603198442235055,23.715025745943645,4370000
2004-08-10,24.3204288482666,24.3204288482666,23.869265738101376,23.869265738101376,6317400
2004-08-11,24.75617218017578,24.821728146147592,24.054363246883188,24.081355841587285,6553000
2004-08-12,24.78316879272461,24.848724769324352,24.50553042061662,24.60193298047033,5930200
2004-08-13,25.026100158691406,25.064660586584044,24.80630248353409,24.80630248353409,6019600
2004-08-16,25.149499893188477,25.191917254220495,24.79473918453214,24.956694776487517,3798400
2004-08-17,25.064655303955078,25.149489992622357,24.852568582286878,25.056944396790527,5296000
2004-08-18,25.09165382385254,25.23433064688393,24.929698257366407,25.00296218964986,3572400
2004-08-19,25.026100158691406,25.087796254925212,24.721467776987044,25.064660586584044,3655400
2004-08-20,25.284469604492188,25.319176064545516,25.022254458430208,25.026111385541327,2773200
2004-08-23,25.049243927001953,25.392436847574444,24.94127351720023,25.207345557049493,3346200
2004-08-24,25.056955337524414,25.323024409462317,24.96826368556329,25.06466624805581,3101200
2004-08-25,25.130210876464844,25.164917317175966,24.902702317248732,25.056946954024472,3121400
2004-08-26,25.180355072021484,25.272900725066147,25.026110355631534,25.130223847560124,2476000
2004-08-27,25.311450958251953,25.39628566514351,25.1610632294795,25.180344914490153,2054200
2004-08-30,25.12636947631836,25.392438592478197,25.10323085693295,25.21891512794034,2512400
2004-08-31,25.500398635864258,25.51196941183646,25.161062756646995,25.238183611296183,4267400
2004-09-01,25.70863914489746,25.78576297353115,25.423288333885928,25.442570026537663,3915000
2004-09-02,25.970855712890625,26.028697852067676,25.392440205066897,25.612237980360977,3614600
2004-09-03,25.8513126373291,26.09424604628427,25.812752199046624,25.835887873621537,3393800
2004-09-07,26.29090690612793,26.31404257964689,25.851311457431304,25.851311457431304,5462800
2004-09-08,26.45286750793457,26.626393918065308,26.35260800043503,26.383457532276932,6229200
2004-09-09,26.448999404907227,26.56468362944522,26.38344638392265,26.452856330251038,4603200
2004-09-10,26.55698013305664,26.603251482209018,26.25620165370189,26.37188591052855,2878000
2004-09-13,26.610958099365234,26.857748367650306,26.5415481525368,26.607101173993637,4433200
2004-09-14,26.969579696655273,26.97343368063056,26.495277832142683,26.757492899114585,5230200
2004-09-15,27.100685119628906,27.200944598097887,26.73821058037582,26.780627938882986,7341000
2004-09-16,26.907867431640625,27.108386294811158,26.84231443259186,27.1006724467048,3947200
2004-09-17,26.923297882080078,26.97728306236208,26.529976862600982,26.637947223164982,5174400
2004-09-20,26.89630699157715,26.99270952559714,25.901432134417608,25.901432134417608,2920600
2004-09-21,27.189373016357422,27.38603207837056,26.88088371371293,27.050553124364605,4668200
2004-09-22,27.1083927154541,27.27805916835588,26.934866395613874,27.193224470919116,4616600
2004-09-23,27.027427673339844,27.254939306753393,26.799918981899754,27.254939306753393,4094400
2004-09-24,27.505565643310547,27.679088989468326,26.965710983527934,26.98884664515665,4486400
2004-09-27,27.987594604492188,28.01458720619725,27.33205536855461,27.505581758349678,6643600
2004-09-28,28.407901763916016,28.824361471856985,27.90275336048917,27.99144205597504,8995000
2004-09-29,27.84876823425293,28.407901829786503,27.744651836040145,28.407901829786503,11144000
2004-09-30,28.434885025024414,28.612265299739924,27.976011053771508,28.087835382332642,8119600
2004-10-01,28.442615509033203,28.82436886828548,28.23052867501916,28.5737215940797,7091400
2004-10-04,28.2343807220459,28.71253657012711,28.234380722045902,28.44261059346171,5804800
2004-10-05,28.461889266967773,28.74724294668661,28.18039545515613,28.238237576286842,5189200
2004-10-06,28.766508102416992,28.793500687263037,28.461875820885275,28.46573274499788,3495600
2004-10-07,28.87833595275879,28.994020142719037,28.64311359061847,28.766508686989525,6549400
2004-10-08,28.303789138793945,28.9169079418398,28.006867638649005,28.882204436145432,8382600
2004-10-11,28.245956420898438,28.535164165822312,28.16883553237473,28.36164069565731,3205800
2004-10-12,27.987594604492188,28.24980971047263,27.844917742923744,28.24980971047263,6306400
2004-10-13,27.76778221130371,28.12254277278436,27.609680669051958,28.11868584829809,7235600
2004-10-14,28.0184326171875,28.874484608843318,28.014575692251125,28.612269610632826,12697200
2004-10-15,28.284509658813477,28.43104342843719,27.33590885018513,28.014583675779114,12027400
2004-10-18,28.284509658813477,28.407904814196694,28.08399363455546,28.16882835550128,6348000
2004-10-19,25.643081665039062,27.991446679058882,24.914278526758928,27.991446679058882,43429800
2004-10-20,26.93872833251953,27.544136218169353,25.37700587325845,25.66235953444873,21949800
2004-10-21,26.317893981933594,27.08911431840051,25.84359218053871,26.842324046088866,15085200
2004-10-22,26.93872833251953,27.08911607251092,26.302470925340117,26.302470925340117,10189800
2004-10-25,26.68422508239746,26.992714424032506,26.402731279479948,26.742067201700582,6794200
2004-10-26,27.382184982299805,27.467019708963626,27.05827083885363,27.05827083885363,10955200
2004-10-27,28.072416305541992,28.23437184059624,27.37831695249298,27.56341109396324,7764400
2004-10-28,28.01458168029785,28.215097690273094,27.56341845137429,28.130262975370062,8391400
2004-10-29,27.91818618774414,28.053149203766267,27.725381038577364,27.937464937476957,6300200
2004-11-01,27.84876823425293,27.964449525412157,27.601977949413204,27.841054382992294,7565400
2004-11-02,27.73694610595703,28.35392193326169,27.725378268878323,27.95674383637097,8684200
2004-11-03,29.125139236450195,29.59944109810747,28.824363737728625,28.824363737728625,11935400
2004-11-04,29.981191635131836,30.03903375079663,29.017166180625992,29.113568726076576,11276200
2004-11-05,30.648292541503906,30.72155646115616,30.08915612221671,30.096869971846402,7749200
2004-11-08,30.640586853027344,30.794831525016413,30.4554956002184,30.501766942434426,4736400
2004-11-09,30.58272933959961,31.12258394884164,30.55188277430622,30.945203695028148,9697200
2004-11-10,31.21900177001953,31.419520723650415,30.551897764449865,30.636729538092673,7204200
2004-11-11,31.504350662231445,31.69715575304552,31.02233793519625,31.21899995157883,6447000
2004-11-12,31.42722511291504,31.5043459609433,30.694565288759478,31.5043459609433,9760200
2004-11-15,31.488929748535156,31.550625849542556,31.165015656836353,31.369388588255074,6983200
2004-11-16,31.145742416381836,31.51978487545366,30.933658518064792,31.442663992788024,4560400
2004-11-17,31.346254348754883,31.997936545602023,31.08789621392371,31.997936545602023,3888400
2004-11-18,31.824399948120117,31.928516318913687,31.44650371109175,31.562184971786124,4480800
2004-11-19,31.512062072753906,32.06348470745328,31.153444513935824,31.986360911917572,4417600
2004-11-22,31.612308502197266,31.704854076711552,31.11872524018926,31.27296982569359,4220000
2004-11-23,31.816694259643555,31.889958187509105,31.30383205472486,31.523629722265447,4670800
2004-11-24,31.720300674438477,31.928530566976434,31.60075949381294,31.816703239022374,2930000
2004-11-26,32.344966888427734,32.47221889901539,31.774265715684013,31.774265715684013,1899600
2004-11-29,31.997934341430664,32.52621841029583,31.940092225474828,32.4221049551531,5391800
2004-11-30,31.94780731201172,32.10590892016541,31.697160071411233,31.997938525315384,10285800
2004-12-01,31.674022674560547,31.990222931682393,31.43494328328405,31.620037480074313,10310000
2004-12-02,31.562192916870117,31.72414848779386,31.442654701470047,31.639316718718725,5520000
2004-12-03,31.739580154418945,31.96323481548688,31.554488873652478,31.57376762183035,5222800
2004-12-06,31.323108673095703,31.415654270258013,30.79482179460002,31.2536987397311,7039600
2004-12-07,30.733137130737305,31.272992093417162,30.563470613646338,31.176589526580504,9265400
2004-12-08,31.828256607055664,31.85139227060712,30.82181405496679,30.84109573590731,6558800
2004-12-09,32.68046569824219,32.707458295594286,31.550627651408718,31.75500059449924,7172600
2004-12-10,32.688175201416016,32.75758515475917,32.24086890140531,32.60334342908313,5186000
2004-12-13,33.05836868286133,33.57508501596631,32.6496198092101,32.76530406329442,12231200
2004-12-14,33.5095329284668,33.75632326500363,32.93497445202694,33.06222360476074,7446600
2004-12-15,33.25117492675781,33.52495786583432,32.965821208306615,33.50953310197429,4992200
2004-12-16,33.18174362182617,33.4323877829417,32.934953442717564,33.39382736907554,6913400
2004-12-17,32.915687561035156,33.39384339477866,32.796149338092384,32.90411972552101,7738800
2004-12-20,32.68046569824219,33.34757266419041,32.595630980286316,33.08535760049612,5266200
2004-12-21,32.861724853515625,33.12394009182713,32.69205530461571,32.93113485606792,4816000
2004-12-22,32.96195983886719,33.123915410152854,32.796147341987414,33.123915410152854,4714800
2004-12-23,32.77686309814453,33.085352398209984,32.77686309814453,32.94267558208461,2610400
2004-12-27,33.035221099853516,33.27815737909395,32.888690300830454,33.00822850682369,2981600
2004-12-28,33.540367126464844,33.59820628673908,32.98508765205998,33.15090010944635,3184400
2004-12-29,33.68303680419922,33.8025779185542,33.3012836838336,33.37455053373138,3312000
2004-12-30,33.8758544921875,34.01081746985115,33.644488967339505,33.70233108404457,3060400
2004-12-31,33.94526290893555,34.226759628453216,33.81801084633281,33.875852960422435,3056800
2005-01-03,33.40156173706055,33.83344334483873,33.34757653608827,33.62521345167162,6252600
2005-01-04,33.05836868286133,33.613645453336815,32.87327446472097,33.39384772415484,5582000
2005-01-05,33.17403793334961,33.58278371641371,33.00051455728663,33.0660675711796,4577600
2005-01-06,33.906700134277344,33.97225315278979,33.23959328961391,33.23959328961391,4837600
2005-01-07,33.636775970458984,34.211334292267125,33.393839683769336,33.895134074805426,6653200
2005-01-10,33.77946090698242,34.126510757315835,33.60593745280224,33.62521620217056,5375200
2005-01-11,33.7447395324707,33.91055198753671,33.59049490929767,33.76016428898516,4238600
2005-01-12,33.96839904785156,34.126500632419585,33.77173997598639,33.93369554410083,4137400
2005-01-13,34.08792495727539,34.600786968898305,33.99537938002574,34.134196274914785,6493400
2005-01-14,34.53524398803711,34.58537519024743,34.05708822723655,34.08793774521645,4235600
2005-01-18,34.24216842651367,34.419548669590625,33.972239667245546,34.280728837274616,5881800
2005-01-19,34.041664123535156,34.30002222215317,33.77944909960242,34.24218305229243,4284600
2005-01-20,33.40541458129883,34.68178649722471,32.95810822537057,34.64708004522833,13230600
2005-01-21,34.26145935058594,34.388711399144974,33.40926131909642,33.40926131909642,9431400
2005-01-24,34.030094146728516,34.647069769492965,33.93754853880681,34.627791028077354,6587800
2005-01-25,33.8372917175293,34.496684741552194,33.771738696058655,34.03009679854086,4913600
2005-01-26,33.85657501220703,34.17662922600517,33.756315541561776,33.95297755729649,4652600
2005-01-27,34.1110725402832,34.203618149883965,33.470961239417754,33.470961239417754,5150800
2005-01-28,33.991539001464844,34.10722029384155,33.72546702764552,34.03009943225708,3807600
2005-01-31,34.28076934814453,34.384882874431014,34.064825497146934,34.08796412452389,4454400
2005-02-01,34.96713638305664,35.09053154112676,34.24604418128818,34.30002937907056,6627400
2005-02-02,34.704917907714844,34.93628343870514,34.508255882485535,34.820602144196165,5495000
2005-02-03,34.920867919921875,35.078969555491625,34.573821002572615,34.704927092776,4504400
2005-02-04,35.387447357177734,35.39901813462992,34.72420027323317,34.72420027323317,4584800
2005-02-07,34.29230499267578,35.04424348198687,34.222895059664644,35.04424348198687,9093200
2005-02-08,34.269187927246094,34.627805618767326,34.09566152955791,34.6085239272554,6125600
2005-02-09,33.61750030517578,34.566101127422876,33.50952991041194,34.47355549504996,5712600
2005-02-10,33.94526290893555,34.13421106912097,33.66376913139001,34.03009761733737,5493400
2005-02-11,33.8372917175293,34.27303014150549,33.72932134287835,33.97225468584298,5457600
2005-02-14,34.300018310546875,34.504394141311664,33.74474174940394,33.84114427747402,4230800
2005-02-15,34.78203582763672,34.80517443815852,34.407996437537484,34.43498903150283,5515600
2005-02-16,34.65480422973633,34.75506080545507,34.38102122624546,34.620097767392465,3695200
2005-02-17,34.3270263671875,34.65094053727173,34.21905595781709,34.55839489237895,4055600
2005-02-18,34.33857727050781,34.415698106282385,34.22289307487464,34.3578560084658,3898600
2005-02-22,33.5095329284668,34.08794833134491,33.41313036132045,33.94527147285808,7393400
2005-02-23,34.06864547729492,34.25759356777266,33.509512111975255,33.509512111975255,4139200
2005-02-24,34.43499755859375,34.43499755859375,33.78717220103318,34.07252297103818,4709200
2005-02-25,35.24091339111328,35.27947381992694,34.4928287158453,34.55067083005186,5175200
2005-02-28,35.152225494384766,35.433719278868416,34.859160933220295,35.05967693277143,4779200
2005-03-01,35.021121978759766,35.186934500110425,34.79746733285001,34.9709937065273,3699800
2005-03-02,35.264034271240234,35.73062497271826,34.770453928686294,34.785878682137465,4695800
2005-03-03,35.33731460571289,35.44528497912111,35.032682228184264,35.30261110367683,4119400
2005-03-04,35.97356414794922,36.112384009913946,35.44527728758504,35.55324763756396,3647600
2005-03-07,35.16765213012695,36.081549442936556,35.10981294866077,35.87717648982908,5007800
2005-03-08,34.83987808227539,35.271762529444565,34.8051745793101,35.163792153145295,5869600
2005-03-09,34.80131149291992,35.001827450267584,34.39641971150452,34.76275107134978,4079400
2005-03-10,35.25248718261719,35.41829970231028,34.87844478177654,34.87844478177654,4433000
2005-03-11,34.81288146972656,35.60338339948277,34.75118537980808,35.47613135268795,4051400
2005-03-14,34.88615798950195,35.24477562119071,34.658646423906525,34.81289110434829,3561000
2005-03-15,34.73575973510742,35.18306593700594,34.68948546237102,35.09052033350481,5361200
2005-03-16,34.73575973510742,34.78203106587214,34.47354474021115,34.70876714483744,4420000
2005-03-17,35.129093170166016,35.42215778378123,34.55839164793782,34.95556973453631,5190800
2005-03-18,35.186920166015625,35.38358213261331,34.83215959479853,35.22548058602244,6771200
2005-03-21,35.333465576171875,35.46843151506432,34.982561784180504,35.456860736494605,4991000
2005-03-22,35.49542236328125,36.015995578273646,35.42986638917784,35.42986638917784,5078200
2005-03-23,35.6226806640625,35.78463923600607,35.12909992016834,35.28334463812859,5375600
2005-03-24,35.80391311645508,36.03913561740212,35.54169801418491,35.622675818154285,4111200
2005-03-28,35.90803527832031,36.15096872906925,35.684380579042866,35.97744525595906,5015000
2005-03-29,35.90030288696289,36.096964879054774,35.784621611946136,36.073829212445794,5135600
2005-03-30,36.918643951416016,36.94950341379635,35.83473108585941,36.11631558704913,6992600
2005-03-31,36.791343688964844,37.281227994061005,36.75662900775884,36.860775994296596,7575800
2005-04-01,36.964935302734375,37.12694307530753,36.47119564750925,36.93407583855268,6994800
2005-04-04,37.223384857177734,37.31596032710513,36.75278822542168,36.85308003454702,7468400
2005-04-05,37.77499008178711,37.77499008178711,37.188674775576,37.22338947751229,6652400
2005-04-06,37.817405700683594,38.15299573047715,37.6862544578175,37.77497467589635,5697400
2005-04-07,38.21857833862305,38.477019770126375,37.80198433556276,37.987138206785424,5129200
2005-04-08,37.95629119873047,38.43845952457074,37.794283347549396,38.419171614368366,5506200
2005-04-11,37.49726867675781,38.106730190252364,37.45869579653254,37.94857755552998,6149400
2005-04-12,37.493385314941406,37.58596369678739,36.77977721000278,37.50110165155531,7787200
2005-04-13,37.01506423950195,37.763389746781606,36.259025340864035,37.53194974808335,8299600
2005-04-14,36.22433090209961,37.10380515422295,35.68044380554282,35.950456797713706,14320400
2005-04-15,35.977455139160156,36.64091894300224,35.580149079234424,35.6032951501754,10236000
2005-04-18,35.16740417480469,36.05073629473945,34.54251633679277,35.71900447876675,11377400
2005-04-19,35.950443267822266,35.96973116411303,35.10182880358483,35.14040165324657,9370400
2005-04-20,35.5454216003418,36.20116883033607,35.410415163921755,36.20116883033607,6901200
2005-04-21,35.65343475341797,35.950448980219626,35.21755589143312,35.79615755705632,6278600
2005-04-22,35.20212173461914,35.51842382100813,34.974536911102746,35.51456565303805,5440200
2005-04-25,35.005409240722656,35.11727260962865,34.58110183851021,35.1134144402399,9156000
2005-04-26,34.739253997802734,35.25228167578475,34.712252695957424,34.870405280280785,5553800
2005-04-27,35.75372314453125,35.83086884880203,34.176067888790065,34.75466949958082,8586400
2005-04-28,35.67657470703125,35.83086905939965,35.23683771567929,35.77686647750871,6771000
2005-04-29,36.45576477050781,36.5290523169871,35.680437679085124,35.76529973145939,7281400
2005-05-02,36.52134323120117,36.760499684931894,36.28218677747044,36.28218677747044,5504800
2005-05-03,37.304378509521484,37.40467029108539,36.459619117686145,36.68334580620551,9787800
2005-05-04,37.531978607177734,38.01414686809769,37.49340279196693,37.51269069957233,8295200
2005-05-05,37.493385314941406,37.86754818187186,37.41623960632323,37.77111457463907,5563200
2005-05-06,37.96014404296875,38.153011346242636,37.73255909478638,37.76341856961137,6171200
2005-05-09,38.02956008911133,38.24557339409032,37.60911092825877,37.99484539931784,5509400
2005-05-10,37.747989654541016,38.17229714240283,37.65926939821679,37.867566443440936,5778000
2005-05-11,37.801971435546875,37.917692933435916,37.2465129543514,37.70553783494599,5226600
2005-05-12,37.817405700683594,38.176138855662806,37.801975969586394,37.975555294319435,5875200
2005-05-13,36.78749465942383,37.805833347172836,36.18574693090288,37.80197517874918,8465000
2005-05-16,37.35837173461914,37.389231189354085,36.937922699804005,37.030498121089245,3817400
2005-05-17,37.558956146240234,37.58209926638545,36.914777520641756,37.10764470297096,4482000
2005-05-18,36.95335388183594,37.809681712542925,36.7566285288061,37.76339547153804,14641800
2005-05-19,37.2619514465332,37.30438247620974,36.922506152041535,37.030511339247035,8047200
2005-05-20,37.223384857177734,37.335248232178856,37.16552408487769,37.18481198995141,5964800
2005-05-23,37.57439422607422,37.69782913248543,37.177085270109075,37.30052017652029,6754800
2005-05-24,37.53582000732422,37.801977731042626,37.42010143308349,37.70554411438181,5595800
2005-05-25,37.29281997680664,37.7055558670462,37.17324319661017,37.609122220327414,3908200
2005-05-26,37.470245361328125,37.59368027131322,37.32752255109644,37.41624277214217,3173400
2005-05-27,37.7132682800293,37.80198852758143,37.35453500587724,37.51654576475847,3509200
2005-05-31,37.47796630859375,38.110570667946284,37.41624737454923,37.917703413438296,4026300
2005-06-01,37.97941207885742,38.226281881576206,37.42395355128007,37.570534519901976,4609700
2005-06-02,38.86659622192383,39.03631734474675,38.06426802031102,38.1722731738128,7376100
2005-06-03,39.03632736206055,39.59950228055856,38.95146825033281,39.13661914872847,5586200
2005-06-06,39.33720397949219,39.34491737428837,38.997755750048775,39.306344514466325,4030000
2005-06-07,39.89265441894531,40.25524572828498,39.33719883571453,40.11638109674725,7512100
2005-06-08,39.48378372192383,40.19353379051711,39.11347895445072,40.11638806755547,6118900
2005-06-09,39.92351150512695,40.147238169620735,39.1906155362556,39.36805301201687,4789300
2005-06-10,39.18290710449219,39.92351656047253,38.96689380597431,39.92351656047253,4118600
2005-06-13,39.491485595703125,39.638066546655295,39.26776188721583,39.290905008768355,3163300
2005-06-14,39.85409927368164,40.23983387870872,39.65351857395301,39.65351857395301,4838900
2005-06-15,39.784637451171875,40.178088104833385,39.383473406010026,40.178088104833385,4267500
2005-06-16,39.76150131225586,40.02380081309304,39.46834235416259,39.80778755522018,3961400
2005-06-17,40.00065994262695,40.11638145090341,39.81550906088887,40.11638145090341,5565800
2005-06-20,39.80008316040039,40.11638531148567,37.90998364848668,39.96209093324201,4142800
2005-06-21,40.01610565185547,40.50213206060066,39.42207402848276,39.84638443297853,4175200
2005-06-22,39.63036346435547,40.17039237690034,39.63036346435547,40.054670844597574,4268800
2005-06-23,39.884944915771484,40.1703876004783,39.707507412147216,39.730650538687634,4397400
2005-06-24,39.576351165771484,40.162669136093484,39.568637772205186,39.84636702731349,5233300
2005-06-27,39.5917854309082,39.830941859739255,39.49920998290798,39.560925967267984,3162900
2005-06-28,40.6486930847168,40.73355512999773,39.80779191144593,39.84636770869737,4676900
2005-06-29,40.99586486816406,41.38159939337136,40.725851877687305,40.741281611846105,5446800
2005-06-30,40.224388122558594,41.37387808265651,40.124096341173335,40.995857025386094,6069000
2005-07-01,40.74127197265625,40.887849998103846,40.26295915566269,40.887849998103846,3879900
2005-07-05,41.06529235839844,41.40473764110526,40.69498761101267,40.92642771026371,4410600
2005-07-06,41.273590087890625,42.045059061496055,40.309253870883836,41.235017227794465,13158300
2005-07-07,41.265869140625,42.04505136647672,41.0807153259612,41.281295927503606,10788600
2005-07-08,40.92643356323242,41.474175896475025,40.92643356323242,41.474175896475025,7231200
2005-07-11,40.4481086730957,41.15785854339803,40.4481086730957,40.934134832145254,6785600
2005-07-12,39.94667053222656,40.81071807505481,39.85409506082395,40.52527237860491,6813700
2005-07-13,39.65351867675781,40.03925328278495,39.26778407073068,39.962104595826624,7432600
2005-07-14,38.76631164550781,40.15495505616583,38.76631164550781,39.8849421223702,11669800
2005-07-15,39.2060546875,39.730653847522305,38.85117965069689,38.99775770252756,8325200
2005-07-18,39.19834518432617,39.499217655964244,39.19834518432617,39.37578272034552,5178800
2005-07-19,39.02090072631836,39.41434859414579,38.53487446600878,39.39120546748549,6622100
2005-07-20,38.380577087402344,38.990038213784565,38.14913701013271,38.84345724194161,7005900
2005-07-21,37.9254264831543,38.38059343761879,36.83765500796578,37.80199152649892,13331400
2005-07-22,39.19061279296875,39.37576659201827,38.19541737678211,38.21856344098818,8936700
2005-07-25,39.19061279296875,39.57634717664545,39.04403478662273,39.34490713502339,6013500
2005-07-26,40.11640548706055,40.41727805734598,39.42979824863029,39.42979824863029,8586200
2005-07-27,39.6689453125,40.50213347078707,39.42979174118986,40.23212042481708,6974900
2005-07-28,40.82612609863281,41.072998813745556,39.9312224387035,40.03151420331932,7996600
2005-07-29,40.34783172607422,40.841571459439784,40.27068599633121,40.82614172490699,6310200
2005-08-01,40.59470748901367,40.880153204949025,40.139540554408015,40.37869706002162,5474800
2005-08-02,40.91100311279297,40.92643284706907,40.51755518897537,40.59470091743501,5143300
2005-08-03,41.011295318603516,41.08072765207033,40.81071465687767,40.95729271956498,4557000
2005-08-04,40.856990814208984,41.11929034878707,40.748985642839216,41.01899857126363,4969400
2005-08-05,40.162662506103516,40.87241231384249,39.92350614414646,40.87241231384249,6605800
2005-08-08,39.48378372192383,40.34011478423319,39.38349192773715,40.34011478423319,4793400
2005-08-09,39.94667053222656,39.97753000366782,39.360355289448485,39.52236310013334,5291600
2005-08-10,39.81552505493164,40.42498641655947,39.81552505493164,40.131827302637504,3871700
2005-08-11,40.401832580566406,40.57155671017597,39.938952336257735,39.95438207012413,3648300
2005-08-12,40.18582534790039,41.181021188525435,39.908096002337956,40.88786210788497,2854800
2005-08-15,40.1009521484375,40.309249099807026,39.823222879944794,40.293819369010734,2574500
2005-08-16,39.42205810546875,40.293818753153325,39.42205810546875,40.116381266088354,3179200
2005-08-17,39.54548645019531,39.84636173185733,39.398908448554614,39.62263509020597,3490000
2005-08-18,39.576351165771484,39.89265327455148,39.537778312099796,39.65349981603496,2489300
2005-08-19,39.48378372192383,39.884947955749865,39.48378372192383,39.57635917806193,3139900
2005-08-22,39.62263488769531,39.884934376551534,39.49920000722883,39.77692922400833,2955400
2005-08-23,39.39121627807617,39.807807386893856,39.383499938458066,39.54550775538279,3124400
2005-08-24,39.059478759765625,39.68436680574434,38.92832749116755,39.607221078042556,3521900
2005-08-25,39.06718826293945,39.206052913303694,38.80488869479818,39.182909785883176,3349100
2005-08-26,38.92060470581055,39.26776628255617,38.750880614308215,39.10575558479477,3848200
2005-08-29,39.19061279296875,39.23690197846108,38.64287067444859,38.76630555950834,2925600
2005-08-30,38.94374084472656,39.252329511576484,38.8665951494739,39.19061060103865,4216600
2005-08-31,39.730655670166016,39.746085404159295,38.882040900981295,39.15205388856165,4497100
2005-09-01,40.154945373535156,40.38638539568392,39.73063817577583,39.73063817577583,5597500
2005-09-02,40.52525329589844,40.73355021566143,40.26295379800279,40.347815833045466,3555500
2005-09-06,41.034427642822266,41.07300344019493,40.57926089727426,40.617836694646925,4053500
2005-09-07,41.235008239746094,41.27358109143448,40.97270872817719,41.119286741761016,3663900
2005-09-08,41.528175354003906,41.68246679101581,41.00357622798595,41.49731588943332,5456300
2005-09-09,42.05277633666992,42.330505663662,41.58218269140095,41.58218269140095,5095100
2005-09-12,41.86762237548828,42.261070264892716,41.73647111707304,42.24564053196618,4839700
2005-09-13,40.91100311279297,41.7827639704072,40.88785998283926,41.55903723778499,5865000
2005-09-14,40.8415641784668,41.10386373292128,40.74898873069475,40.926426231808016,4075700
2005-09-15,41.19646072387695,41.52047640883289,40.91101497140996,40.91101497140996,4587700
2005-09-16,41.69789123535156,41.70560757197592,41.03442754582412,41.28901368186518,6548500
2005-09-19,41.273590087890625,41.73647029488565,41.00357712429695,41.70561377256107,2731200
2005-09-20,40.59470748901367,41.57447370224691,40.43269966726964,41.505041358224986,4785000
2005-09-21,40.57154083251953,41.15785577538445,40.3632439212213,40.9341320791779,5282900
2005-09-22,41.37388610839844,41.55132363731781,40.57155758752059,40.57927098316017,5339400
2005-09-23,42.43080139160156,42.80110621423228,41.38160292268731,41.56675680546323,12424900
2005-09-26,42.739383697509766,43.05568586920341,42.507940643604584,42.80881602509718,5999200
2005-09-27,42.63136672973633,43.12510925853471,42.63136672973633,42.66222618958374,5005300
2005-09-28,42.69309616088867,43.12511987636069,42.32279138030728,43.12511987636069,5539800
2005-09-29,42.986244201660156,43.194541139164116,42.16848618141351,42.16848618141351,4683300
2005-09-30,43.3565559387207,43.711430952367515,42.947675390638445,42.986251192795265,6656300
2005-10-03,43.80400085449219,43.912006023841094,43.31797759242212,43.36426384047442,5065000
2005-10-04,44.02001953125,44.74519928784297,43.8811548842334,44.01230319368213,6347800
2005-10-05,43.54942321777344,44.46747021728991,43.35655597849448,44.01230341487474,5651600
2005-10-06,43.51856994628906,43.97373681347875,43.16369488181465,43.510856550505245,4698700
2005-10-07,43.48768997192383,43.649700636201864,43.31025252335222,43.37968482435151,3217500
2005-10-10,43.109683990478516,43.7962908570871,43.109683990478516,43.48770211251408,3310600
2005-10-11,42.56964111328125,43.356539503680665,42.52335193399208,43.12509949307364,4149500
2005-10-12,42.45392608642578,42.89366305626298,42.19162658310887,42.515645001521456,4996500
2005-10-13,41.81362533569336,42.30736508324204,41.67476066383016,42.122211206450764,6319800
2005-10-14,43.53398132324219,43.811710541081005,42.53878594029299,42.81651515813181,8061000
2005-10-17,43.54170608520508,43.61113840779466,43.14825821914439,43.58799528123829,4411000
2005-10-18,43.59571075439453,43.819437464841485,43.20226286957454,43.20226286957454,4658100
2005-10-19,44.89950180053711,44.95350440161265,43.61114688492673,43.618863223892404,5653200
2005-10-20,44.058597564697266,45.05379333755475,44.03545443511667,45.04607699908065,5228900
2005-10-21,44.081722259521484,44.6063212253832,43.595696141136735,44.13572483457317,6067300
2005-10-24,44.12030792236328,44.59862078735319,44.00458934632029,44.51375873250271,4277400
2005-10-25,43.155967712402344,44.02772836323793,42.554222932970454,43.98915550815745,7084300
2005-10-26,41.64389419555664,43.59570972674221,41.53588901179594,43.24083471069402,9077400
2005-10-27,42.12992858886719,42.86282483231498,41.98334757442496,42.7779627593055,5078400
2005-10-28,43.76544189453125,43.76544189453125,42.62366797434194,42.62366797434194,8224300
2005-10-31,44.660335540771484,44.88406223503878,43.67285625975774,43.942869205997305,6624200
2005-11-01,45.51667022705078,45.84840212685107,44.745201240151616,44.83777669456174,10326600
2005-11-02,45.95640182495117,46.203271635838234,44.93806311931197,44.93806311931197,8163400
2005-11-03,44.490623474121094,46.2110022299641,44.46748034187284,46.2110022299641,13835900
2005-11-04,44.76063537597656,45.092367308408086,44.552338375873916,44.78377850612544,8213600
2005-11-07,45.13092803955078,45.2852223992102,44.75290700553123,45.13092803955078,3732600
2005-11-08,44.7991943359375,44.961202082538165,44.575467670868015,44.7837646063203,3639700
2005-11-09,44.25145721435547,45.038355856877565,44.05087364942142,44.79919943497015,5127500
2005-11-10,45.74040603637695,45.80983837672337,44.552342853969996,44.706637270619936,7370000
2005-11-11,46.01811599731445,46.118404824373826,45.59380579467871,45.82524879354183,3442800
2005-11-14,45.624664306640625,46.10297413805178,45.6169509135346,46.095260744945755,3739900
2005-11-15,46.09526443481445,46.18783987409685,45.840678298137654,45.91782694997312,4435700
2005-11-16,46.58129119873047,46.74329895514393,46.210986494248196,46.27270247353514,5215500
2005-11-17,47.044166564941406,47.05188290089358,46.32670035322337,46.86672909599994,4555800
2005-11-18,47.02875900268555,47.56107460333366,46.78960544800251,47.0981913443822,4937200
2005-11-21,46.905303955078125,47.21389266213864,46.7124367488953,47.059598308608386,5542000
2005-11-22,46.80500793457031,46.936159153186246,46.596713960572814,46.76643508541966,3744800
2005-11-23,46.69701385498047,46.88216769490448,46.55814921076757,46.80501903538595,3035500
2005-11-25,46.411582946777344,46.83589038155534,46.411582946777344,46.789604117021746,1713200
2005-11-28,45.05378723144531,46.41157126970292,45.05378723144531,46.33442555294254,6060800
2005-11-29,46.34212875366211,46.58899852449639,45.13092302084399,45.13092302084399,6894500
2005-11-30,46.18013381958008,46.78959502279855,46.13384462112226,46.65844376529505,5491600
2005-12-01,47.42219543457031,47.45305195473809,46.56586446285633,46.612150714568195,5504000
2005-12-02,47.807918548583984,47.93906682120385,47.422184180286024,47.422184180286024,3443700
2005-12-05,48.09336471557617,48.15508068875203,47.337325650922544,47.66134113166557,4634600
2005-12-06,48.78769302368164,49.51287270782728,47.63820310330802,48.51767715127109,5650200
2005-12-07,48.30168151855469,48.602554001027,47.86965775687173,48.57169453028084,5074000
2005-12-08,48.57169723510742,48.625699840459916,47.96223589707645,48.30168420834498,3976400
2005-12-09,49.11943054199219,49.33544386636481,47.94680023446412,48.71826924584458,2972600
2005-12-12,48.7568244934082,49.211991163401045,47.838774818060806,49.12712913194006,4086300
2005-12-13,48.93427658081055,49.111714089230894,48.30167226629607,48.73369300230369,5316300
2005-12-14,48.602542877197266,49.17343118365568,48.55625368167239,48.97284761263498,3095100
2005-12-15,48.857139587402344,48.9497150555205,48.24767829120563,48.72598830989065,4109900
2005-12-16,48.71053695678711,49.36628716747888,48.62567492245714,49.14256052113981,4788000
2005-12-19,47.715354919433594,48.71826694111982,47.08275059546201,48.40967817399782,12231700
2005-12-20,48.6488151550293,49.22741665473884,47.67676298748239,47.71533583221248,7769200
2005-12-21,49.21200180053711,49.75974401282705,48.926556188847734,49.28143411920205,13802700
2005-12-22,49.181148529052734,49.46659417667326,48.81084376386682,49.242867461377394,8951700
2005-12-23,49.104000091552734,49.45115876646178,48.833984191942854,49.33544018913227,3908300
2005-12-27,49.0654296875,49.844615064675835,48.7645572332538,49.83689872625264,4856800
2005-12-28,48.94971466064453,49.25830053285603,48.795420253078255,48.988287526805834,3890200
2005-12-29,48.525394439697266,48.9497017413261,48.40967292883473,48.93427201034975,3556600
2005-12-30,47.9390869140625,48.40968351149578,47.93137351834826,48.23224598085913,3388100
2006-01-03,47.622779846191406,48.29395703567481,46.751019073603146,48.29395703567481,8070500
2006-01-04,47.738502502441406,47.98537234679275,47.522489181443476,47.74621589754959,5585200
2006-01-05,47.591915130615234,48.50996500024371,47.43762370576499,48.00850904071957,5624200
2006-01-06,48.525394439697266,48.54853756470166,47.854214385367,48.40967292883473,5577600
2006-01-09,47.36819076538086,48.525394094083126,47.26018264931564,48.525394094083126,8828900
2006-01-10,48.30168151855469,48.42511645861823,47.39906112821664,47.40677746736373,6237800
2006-01-11,47.715354919433594,48.37110531383771,47.53791740836065,48.29395665059692,5515800
2006-01-12,48.239952087402344,48.53311110990196,47.63049385875694,47.75392877197986,5374100
2006-01-13,47.01331329345703,47.32190202791368,46.06440690794522,47.32190202791368,11002500
2006-01-17,47.05961227416992,47.05961227416992,46.272713486271,46.44243761981417,6332500
2006-01-18,47.10588836669922,47.64591419963918,46.735583677146074,47.05959917691005,7104900
2006-01-19,47.42219543457031,47.90821873506712,45.740392954230515,47.29876052513805,13389600
2006-01-20,45.886959075927734,47.36818054746701,45.81752677346621,47.36818054746701,10087400
2006-01-23,44.73748779296875,46.15699084492379,44.52919081359854,45.91011806191712,9610500
2006-01-24,44.98434829711914,45.28522066834919,44.78376475435243,44.78376475435243,8250200
2006-01-25,44.72977066040039,45.424093912632365,44.32089304681966,45.308372389620175,6529400
2006-01-26,44.660335540771484,45.14636178692311,44.06630411612402,44.73748419892593,9949700
2006-01-27,45.16179656982422,45.34694748426291,44.75291599317404,44.93035645531549,6418600
2006-01-30,44.56775665283203,45.285222932210665,44.47518121311484,45.05378286145759,6738800
2006-01-31,45.840667724609375,46.24954812772531,44.75289699945394,44.87633187099925,10652700
2006-02-01,45.902400970458984,46.0952682014273,45.55523936613194,45.748106597100254,7522900
2006-02-02,45.794403076171875,46.087562137892135,45.32380648688749,46.079845799390604,6235200
2006-02-03,45.99497985839844,46.2032768365783,45.58610223989015,45.79439921807001,5392400
2006-02-06,45.16179656982422,45.97955183728312,44.938069850533466,45.77897118948774,4891600
2006-02-07,44.53689956665039,45.57838435495119,44.51375644121715,45.13093097710633,5174300
2006-02-08,44.42890548706055,44.8069266400979,42.623667679392945,44.37490288561536,7318700
2006-02-09,44.806915283203125,45.66324329318118,44.77605582079302,45.130930809748286,5747900
2006-02-10,45.20808029174805,45.34694494125003,44.282319885628866,44.860921610913636,4224000
2006-02-13,45.20036315917969,45.34694119134602,44.876344689495795,45.13093084017031,3357500
2006-02-14,45.86383056640625,45.8792602988596,45.13093446093516,45.13093446093516,4771900
2006-02-15,45.51667022705078,46.09527196722515,45.30065985245362,45.8252589989787,4335100
2006-02-16,45.13092803955078,45.72495941134144,44.84548538707895,45.70181628741457,5087600
2006-02-17,44.74521255493164,45.05380140489282,44.614064206597035,44.93807985042704,7065300
2006-02-21,44.8763542175293,45.54753442476337,44.69891668525897,45.36238055378685,4688800
2006-02-22,45.93326950073242,46.133850165648205,45.007506020758946,45.007506020758946,5297100
2006-02-23,45.86383056640625,46.195562456851896,45.80211163659285,46.195562456851896,4772500
2006-02-24,45.43180847167969,45.871545561721526,45.13864943067824,45.59381625371181,5348000
2006-02-27,45.47038269042969,45.6401068154859,45.377807232635725,45.51667189078704,3247000
2006-02-28,44.922645568847656,45.53210686725551,44.644916220564525,45.46267453018473,5301200
2006-03-01,45.076927185058594,45.100070309873644,44.621760425201124,44.78376818474694,5289900
2006-03-02,44.421180725097656,44.91492035079167,44.1434514499147,44.74519625086424,5964400
2006-03-03,43.66515350341797,44.490625273429984,43.5802943674354,44.24375537639394,6531000
2006-03-06,43.74229431152344,43.8040103032123,43.3874192662803,43.43370552431675,5800300
2006-03-07,43.52627182006836,44.220594973652645,43.27940201944288,43.37198040186755,6308800
2006-03-08,44.1280403137207,44.24375893186237,43.44914657085442,43.534008656577896,6063300
2006-03-09,43.46456527709961,44.63719855609785,43.41827607583834,44.35946923437184,5283100
2006-03-10,43.33340072631836,43.811713497279264,43.31797394021501,43.503124802654156,6983600
2006-03-13,42.993961334228516,43.27940400248305,41.5435989819088,43.24854748318115,12402100
2006-03-14,43.88886260986328,43.92743546395875,42.77794852014504,42.77794852014504,7598000
2006-03-15,44.23603439331055,44.37489905444367,43.626573151995274,43.89658907883003,6608100
2006-03-16,43.642005920410156,44.236037469247435,43.55714385015897,44.19746460356626,6071300
2006-03-17,43.734580993652344,43.90430513262966,43.317989927949554,43.89659173673114,6645800
2006-03-20,43.61112976074219,43.90428872498514,43.317973739419116,43.64970555458144,4382400
2006-03-21,43.3642578125,43.90428652709641,42.8628048898117,43.773138251952,5928000
2006-03-22,43.69599914550781,43.90429610699903,42.43079058793484,42.43079058793484,4434600
2006-03-23,43.48768997192383,43.6265545739224,43.08652589314124,43.39511455156463,5577500
2006-03-24,43.03254699707031,43.804016124693206,42.77796371527377,43.34113582528794,4938800
2006-03-27,42.37678527832031,43.009389516492504,42.29963956846329,42.785662837818876,11124700
2006-03-28,41.90619659423828,42.30736083456531,41.04215212279893,42.091350452435655,12203500
2006-03-29,43.18684768676758,43.62658491797824,42.66224836831948,42.91683463003176,9507000
2006-03-30,43.426109313964844,43.974148141416855,43.009294990653785,43.0324505240327,8091100
2006-03-31,43.117374420166016,43.72716254932608,42.83949613627033,43.426125778772914,9771000
2006-04-03,42.81633758544922,43.68856298311004,42.715992002316014,43.68856298311004,7603400
2006-04-04,42.68510818481445,42.99386240980166,42.4535439883233,42.76229821331051,6934400
2006-04-05,42.68510818481445,43.01701794610122,42.49213753032207,42.58476262001883,5678600
2006-04-06,42.07532501220703,42.739144610545644,41.465539912232146,42.72370660308441,12065600
2006-04-07,41.44237518310547,42.631075077984235,41.41150211733467,42.183384707074374,8073100
2006-04-10,40.46979904174805,41.39605861534011,39.697916554504324,41.37290013846415,19075000
2006-04-11,39.7905387878418,40.76311230125512,39.27337897166793,40.639611229892864,14551300
2006-04-12,41.264835357666016,41.349742898876926,39.79053998567976,39.79053998567976,12100500
2006-04-13,41.29572296142578,41.52728717417889,40.956095645687796,41.26484694785904,7685500
2006-04-17,39.883182525634766,40.93294359588435,39.71337031332911,40.93294359588435,10399800
2006-04-18,38.339420318603516,40.855760096095786,38.21591917853944,40.67822739128489,41589900
2006-04-19,37.961185455322266,38.59412893428467,36.61810847282988,38.33940626995917,41951500
2006-04-20,38.68675994873047,39.196202410964595,37.860845698509976,38.092409918707524,19329200
2006-04-21,38.26222229003906,39.173044042246254,38.19275273454873,38.9877909127725,8944100
2006-04-24,38.71763610839844,38.92604479070696,37.89943938650188,38.192755636917454,11713600
2006-04-25,38.10013198852539,39.018671376352465,37.968910393407846,38.74851359890301,8586000
2006-04-26,37.79910659790039,38.594145043557816,37.66788497361251,38.277673171980624,12356600
2006-04-27,36.85739517211914,37.42858960753866,35.9388559126659,37.42858960753866,29892500
2006-04-28,38.3934326171875,38.51693368580601,36.98860391296757,37.05035591952569,15281800
2006-05-01,38.439762115478516,38.76395441641404,38.05382072286427,38.05382072286427,10991400
2006-05-02,37.49806594848633,38.59413805591476,37.39772036508121,38.05381953423214,11589500
2006-05-03,35.977455139160156,37.29737392362712,35.75360843690581,37.28965639177307,23876600
2006-05-04,35.91569900512695,36.39426837140212,35.568354165877075,35.969730555432434,11609000
2006-05-05,35.80762481689453,36.18584849641678,35.444839139036226,36.03918895285819,13241300
2006-05-08,34.79647445678711,36.0083300925267,34.642097323772745,35.62238873224023,19356900
2006-05-09,33.80846405029297,34.58034680461244,33.43024314959589,34.48772169855383,30915600
2006-05-10,35.63782501220703,35.83851617532719,34.20212557630411,34.57262894148864,29520300
2006-05-11,34.24843215942383,34.99715926786503,33.9088048553931,34.81190613734915,30196200
2006-05-12,35.383087158203125,35.63780680340255,33.654069392935135,33.90879198263206,17054700
2006-05-15,36.04692077636719,36.139545871018825,35.197848084481386,35.39081874929652,11640200
2006-05-16,36.28620910644531,36.97318727133288,36.1935839949714,36.332523134431874,10947600
2006-05-17,36.193572998046875,36.80336093101441,35.66097508827047,36.108665444785785,8631500
2006-05-18,34.96630096435547,35.66099687500165,34.47229629211824,35.58380680465201,17695600
2006-05-19,34.28702163696289,35.04346913107759,34.11720947733358,34.96627910897494,15505500
2006-05-22,33.59233856201172,34.40281488301782,33.48427544514412,34.29475176615021,12017300
2006-05-23,33.0520133972168,34.07089821525956,32.99798184963108,33.96283512008813,12139900
2006-05-24,32.488548278808594,33.01342883628585,31.986823263882034,33.01342883628585,20166900
2006-05-25,32.74326705932617,32.943958236838334,32.49626479815675,32.49626479815675,12934600
2006-05-26,33.2835807800293,33.50742746688762,32.76642079090709,32.805014336520884,8613600
2006-05-30,33.445682525634766,33.81618590951832,33.03658264685778,33.044303123636126,8673000
2006-05-31,33.93196105957031,34.07862064959058,33.54601972919895,33.76986640749402,9254900
2006-06-01,35.290470123291016,35.429409213894374,34.02458324845874,34.07089431566108,11753300
2006-06-02,36.26304244995117,36.56407617834791,35.7227240670476,35.7227240670476,12669300
2006-06-05,35.676414489746094,36.363389528303564,35.53747538706049,36.04691778207489,7065100
2006-06-06,35.64553451538086,36.06235177708646,35.19784124662341,35.73815959203829,6846900
2006-06-07,35.72273254394531,36.18586395826163,35.65326297902281,35.884830158430475,5290700
2006-06-08,35.699562072753906,36.23988035788973,35.34449686476382,36.06234775389469,6128300
2006-06-09,35.32905578613281,35.73815249255824,35.213272254938154,35.50658837466644,5693100
2006-06-12,34.85821533203125,35.62238034096992,34.77330778164938,35.32906415178659,4526700
2006-06-13,35.06663131713867,35.23644645347795,34.54175084527074,34.59578239874254,6359800
2006-06-14,34.71928405761719,34.94313075093937,34.3873742556564,34.54946891861431,5954700
2006-06-15,34.54173278808594,34.85048688466104,34.11719811366814,34.73470336232105,7777500
2006-06-16,34.18667984008789,34.7269982296962,34.11721029078828,34.65752868039659,7265100
2006-06-19,33.576900482177734,34.34878325188297,33.43024381595341,34.34106571976552,6743700
2006-06-20,33.73899459838867,34.09405995989311,33.576899926114784,33.84705771323793,5288500
2006-06-21,34.01686477661133,34.42596159830312,33.576891945301725,33.576891945301725,5706300
2006-06-22,34.29473876953125,34.88908863156239,34.11720615274242,34.11720615274242,5785900
2006-06-23,34.91225814819336,35.259605991696105,34.040029773286264,34.070905791486325,6156800
2006-06-26,34.688411712646484,35.27504428518032,34.46456794013936,34.819633318805046,4391200
2006-06-27,34.132652282714844,34.711564279669986,34.094055793985554,34.51859361401827,4393100
2006-06-28,34.29473876953125,34.42595737757161,33.11375951917605,34.341052778279725,7270400
2006-06-29,34.742427825927734,35.367653671292906,34.2947375354609,34.2947375354609,5401800
2006-06-30,34.56490707397461,34.96628643956171,34.178965716044566,34.75016022136054,7551500
2006-07-03,34.742427825927734,34.78874183300963,34.27158200416889,34.61892675154055,2175800
2006-07-05,34.81962585449219,34.91997142069061,34.18668233446871,34.7347182942088,5041600
2006-07-06,34.60350036621094,35.22100589290972,34.37193321726261,34.60350036621094,5323200
2006-07-07,35.035736083984375,35.19011312829296,34.7424199942478,34.75014046593669,4568800
2006-07-10,36.13954162597656,36.239887184353215,35.082063331463324,35.082063331463324,6973100
2006-07-11,37.119834899902344,37.78365441682425,36.20129565235836,36.232168718995425,15099500
2006-07-12,37.09669494628906,37.77594980960168,36.88056572205348,37.351414783906364,6576000
2006-07-13,37.05807113647461,37.62154785542665,36.903697018704385,37.10438513850421,5419500
2006-07-14,36.703025817871094,36.9809040914397,36.25533533395435,36.94231054111054,5044400
2006-07-17,36.78019714355469,37.359108937349376,36.48688101023937,36.525474540926155,4742500
2006-07-18,37.359130859375,37.67560270790589,36.571810004481215,36.77249824851326,9171400
2006-07-19,39.311981201171875,39.47407584110089,38.32397241170152,38.52466059287576,17651000
2006-07-20,38.7562255859375,40.091582163213644,38.185034096905326,39.48179713213852,10538600
2006-07-21,38.594120025634766,38.90287416363891,38.09239528750244,38.90287416363891,7790900
2006-07-24,39.21162796020508,39.27337996970438,38.54009105163848,38.67130965507768,7216400
2006-07-25,39.74424362182617,39.883179806239696,38.964640404650595,39.21936312248984,5764600
2006-07-26,39.003231048583984,39.690206165665906,38.8102603777408,39.55898752285195,5497400
2006-07-27,38.17730712890625,38.24677667056815,36.58723108897522,37.59067773392644,15388600
2006-07-28,36.93457794189453,39.010943835401086,36.64126470006313,38.26993731209306,10645700
2006-07-31,36.91916275024414,37.552106530913406,36.486907240116444,37.28194573289618,6357800
2006-08-01,36.91142272949219,37.05036182188411,36.63354454470834,36.66442055290615,4002600
2006-08-02,37.49034118652344,38.28537939735664,37.389995614588585,37.82225097142441,7799900
2006-08-03,36.872840881347656,37.64472366401476,36.76477776289412,37.54437807780828,5074900
2006-08-04,37.48262405395508,37.899438463926906,36.98089913344433,37.27421537671979,5253900
2006-08-07,37.4285774230957,37.77592213405534,37.15841682685229,37.15841682685229,2977800
2006-08-08,38.14643859863281,38.370285270579124,37.652434180888264,37.69103066842966,4884300
2006-08-09,37.80680847167969,38.57097352260338,37.74505939632636,38.49378349778876,3533400
2006-08-10,36.58724594116211,36.93459084597441,35.89255024253909,36.594963473591605,10786800
2006-08-11,36.71846008300781,36.8496816741463,36.26304916876044,36.34023920604745,3743600
2006-08-14,36.78792953491211,37.15843287929135,36.67214595157536,37.042652240453435,4225700
2006-08-15,37.150691986083984,37.27419302321497,36.857375918711526,37.27419302321497,3074000
2006-08-16,37.15843963623047,37.436317931169356,36.92687537194785,37.27422324062146,4098200
2006-08-17,37.853111267089844,38.11555138467683,37.14297797176726,37.15841597215444,5228300
2006-08-18,38.208194732666016,38.23907074822064,37.45175001857129,37.78365982453618,5029900
2006-08-21,38.2545166015625,38.54011244276791,37.83769913958736,37.83769913958736,3092200
2006-08-22,38.31624984741211,38.73306713692827,38.169593220877886,38.208186760018656,3905500
2006-08-23,38.31624984741211,38.55553450128212,38.169593220877886,38.32397032193924,2213900
2006-08-24,39.48952102661133,39.59758413954573,38.31625890353973,38.35485245180216,5342400
2006-08-25,39.27338790893555,39.420044544396646,38.70991395858693,39.17304234546297,2908200
2006-08-28,39.620731353759766,39.94492060034549,38.95691191227684,39.01094345337445,4092200
2006-08-29,39.38916778564453,39.821423097821814,39.05725803503488,39.1730416018051,3936000
2006-08-30,39.944915771484375,40.19963838686437,39.35056594676217,39.58213008697266,4515800
2006-08-31,40.09931564331055,40.16106474170601,39.55899704597778,39.94493848057269,4325200
2006-09-01,39.983516693115234,40.153331801417316,39.620733886058524,40.09930025686635,4312600
2006-09-05,39.13444137573242,40.1224499839299,39.095847841568066,40.06070091816651,4540100
2006-09-06,38.918312072753906,39.44319237913002,38.37027623490464,38.98778161167127,4551300
2006-09-07,38.7562255859375,39.22707445455769,38.57097540633191,38.98007225208456,2410100
2006-09-08,39.28885269165039,39.46638545909983,38.85659707666448,39.05728539588979,3330700
2006-09-11,39.82914352416992,39.94492709935882,38.75622711281417,38.771665119139264,3799000
2006-09-12,40.54698944091797,40.65505252688261,39.86001444200132,39.86001444200132,5188400
2006-09-13,40.17647933959961,40.739953152404055,40.083854273733905,40.346294414101514,3840300
2006-09-14,39.9912223815918,40.29225600264389,39.7519378124107,40.17647248170205,3341600
2006-09-15,40.299991607666016,40.431213186563156,40.06070987564544,40.16877297326746,5922000
2006-09-18,40.20737075805664,40.78628279453596,40.08386964138768,40.25368478099458,5669200
2006-09-19,40.037559509277344,40.25368869282551,39.45864741653968,39.9835279495151,4244500
2006-09-20,39.77511215209961,40.1301804101669,39.72108060196954,39.937209746988465,2802900
2006-09-21,38.81798553466797,40.060717275882496,38.60957683168487,39.659337878785315,4932000
2006-09-22,37.79910659790039,38.825709324919245,37.74507503039938,38.825709324919245,7753300
2006-09-25,37.683311462402344,38.23134744776595,37.28193212334066,38.14643988351269,5900000
2006-09-26,37.528934478759766,38.17731603740159,37.47490292758117,38.17731603740159,5621500
2006-09-27,37.88399124145508,38.06924137653677,36.980887263313925,37.528923084302505,6510100
2006-09-28,38.17730712890625,38.21590066438553,37.8222418913001,37.97661897771521,3614400
2006-09-29,37.97663879394531,38.40117379473595,37.75279204906495,38.05382590518014,5875600
2006-10-02,38.1541633605957,38.26994694723111,37.451750198104925,37.9071611239725,4923600
2006-10-03,38.26993942260742,38.42431358176973,37.78365257665079,38.15415585873735,4814500
2006-10-04,38.2545166015625,38.362579733667275,37.83769913958736,38.084701425683846,5259800
2006-10-05,39.11130142211914,39.1576154517487,37.899445619555905,37.99207367881501,5942600
2006-10-06,39.75196075439453,40.608751059249855,39.02639204530482,39.05726511680941,9803400
2006-10-09,39.14990234375,39.75197007448286,39.072712285643455,39.744252540922034,3768100
2006-10-10,38.32398223876953,39.35058483272742,38.2545126689153,39.32742929094241,5325500
2006-10-11,38.67131805419922,38.879726714777355,38.05381254757799,38.30081475022648,4648900
2006-10-12,38.300811767578125,38.594127964568365,37.88399742337948,38.594127964568365,5007900
2006-10-13,37.62925720214844,38.13098180930918,37.451724649713825,38.01519830165765,7707300
2006-10-16,36.69529342651367,38.87200176205044,36.39425973354552,36.39425973354552,32185700
2006-10-17,36.07008743286133,36.78793876281819,35.97746230965709,36.48690490402975,15103400
2006-10-18,37.05036163330078,37.07351716708217,36.00832139016347,36.28619662903475,9840300
2006-10-19,39.095863342285156,39.38917667382537,37.660160923960106,37.97663274077914,21289100
2006-10-20,39.13444137573242,39.71335322169149,39.04181630483839,39.25022197822549,12075800
2006-10-23,39.088134765625,39.504952080279395,38.84885304182221,39.18848032904146,6835900
2006-10-24,38.470619201660156,39.20390807566576,38.4629016731854,38.98006147142762,7961900
2006-10-25,37.53664016723633,38.51693112237177,37.389980633670355,38.478334648592806,13030300
2006-10-26,38.10783386230469,38.32396293995901,37.74505113086294,38.05380232901554,7951800
2006-10-27,38.13872146606445,38.52466278951967,37.76821814888728,38.01522036033873,5413500
2006-10-30,37.84540557861328,38.43203804449863,37.621561846800454,38.31625446861376,5325600
2006-10-31,37.652427673339844,38.046089400035434,37.4748950504274,37.89942983952221,6353500
2006-11-01,37.281925201416016,38.23906082370309,36.94229795195835,38.08468373049574,5523200
2006-11-02,37.528934478759766,37.97662783938091,37.119837607122214,37.12755513821971,5651900
2006-11-03,36.91916275024414,37.629293647775604,36.641284418340604,37.629293647775604,6676300
2006-11-06,37.366844177246094,37.60612889211925,36.919153708982265,36.926871240978606,6218100
2006-11-07,38.26222229003906,38.594132061326356,37.320524525503146,37.63699629062608,9393900
2006-11-08,37.05036163330078,37.575241991999064,36.564074812404215,37.389988888253356,15683000
2006-11-09,34.94313430786133,37.05037397431033,34.827350711391944,37.05037397431033,21445100
2006-11-10,35.59150695800781,35.89254069920397,34.950842990232665,35.082064562637754,10615800
2006-11-13,36.08551788330078,36.1704254553225,35.3522286957029,35.69185898378977,9117500
2006-11-14,36.61811828613281,36.67987032233583,36.170427801657524,36.29392892956441,8889300
2006-11-15,37.019500732421875,37.112128794344095,36.548651723398464,36.579527744039204,7700300
2006-11-16,36.75704574584961,37.27420857900689,36.664420665470026,37.20473903259765,5271300
2006-11-17,36.47145462036133,36.80336439003244,36.18585886895779,36.74161236567568,5714800
2006-11-20,36.131839752197266,36.95003374495973,36.07008770659276,36.83425307620069,6017800
2006-11-21,35.76131057739258,36.27847033692182,35.65324457535152,36.27847033692182,6131700
2006-11-22,35.93885803222656,36.03148312779839,35.67641780769081,35.68413533878067,4855300
2006-11-24,36.054649353027344,36.278496099469926,35.65326989390603,35.815367539829715,1842400
2006-11-27,35.64553451538086,36.19357039030965,35.64553451538086,36.04691377356054,5616900
2006-11-28,36.540931701660156,37.05037422953632,35.69957933575113,35.69957933575113,9759500
2006-11-29,36.71073532104492,36.74932885983768,36.23216601762022,36.63354529896113,8221000
2006-11-30,37.88399124145508,38.192742448090506,36.973169734559605,37.01176326732681,11434700
2006-12-01,37.6910285949707,38.470628721742976,37.42858839441895,38.161874505388525,7665800
2006-12-04,37.752784729003906,38.231351203767375,37.52893802752621,37.70647070454332,7844100
2006-12-05,37.72962951660156,37.95347327552375,37.57525237822491,37.899441718766774,4601200
2006-12-06,37.82997131347656,37.93031689286745,37.60612755952619,37.845409321421236,9797200
2006-12-07,38.200462341308594,38.78709168615703,37.8222386591382,37.88399066622633,10122900
2006-12-08,38.524662017822266,38.555538029759866,38.03837513555002,38.10784469016034,6141000
2006-12-11,38.6635856628418,38.83340071607944,38.092391448449895,38.51692908154399,4475300
2006-12-12,38.62499237060547,38.87971200751429,38.40886331667059,38.52464684358204,7116500
2006-12-13,38.37027359008789,39.02637540008267,38.31624205737626,38.9260298631192,6556600
2006-12-14,38.36256408691406,38.75622289966453,38.277656533605565,38.59412826762012,7522900
2006-12-15,38.6635856628418,38.709899662224075,37.930296867357995,38.339393556160616,7423600
2006-12-18,38.902889251708984,39.00323188265412,38.57869698662035,38.74851212283339,5465300
2006-12-19,40.392616271972656,40.546990430261296,38.972352226429514,38.980069756544616,13074400
2006-12-20,41.342041015625,41.450104129153864,40.40034312144658,40.570158268134236,10252900
2006-12-21,41.62762451171875,42.03672130480967,41.39606034477103,41.59674850425955,8171700
2006-12-22,41.257118225097656,41.61218345130218,40.84030098851082,41.496399904084306,4569100
2006-12-26,41.08730697631836,41.550438263922686,40.90205681687519,41.43465470589705,2317000
2006-12-27,41.203094482421875,41.37290665409981,40.17648919935316,40.40033586258598,4915000
2006-12-28,41.41922378540039,41.48869334319686,40.809435771909065,40.809435771909065,3626100
2006-12-29,41.47325134277344,41.712536006474146,41.21853161838093,41.21853161838093,4410400
2007-01-03,40.5778694152832,41.94410201671114,40.38489875877358,41.92866401085055,8360300
2007-01-04,40.840309143066406,40.909778696368484,40.1764896214018,40.523837387912174,5152500
2007-01-05,40.56243133544922,40.94837264776462,40.08386493263771,40.755401991606924,6215700
2007-01-08,41.15678024291992,41.288001816844975,40.30771055563439,40.48524320135778,4344100
2007-01-09,40.662776947021484,41.179936892748735,40.46980629064591,41.179936892748735,5483900
2007-01-10,40.7785530090332,41.1027422386835,40.29226622005976,40.77083253528077,5075600
2007-01-11,42.02900695800781,42.0676004980054,40.87118309109023,40.99468418578151,5491000
2007-01-12,42.5307502746582,42.716003482190764,41.87465093095924,41.99043455372957,8345700
2007-01-16,43.03246307373047,43.1868402117737,42.237424787881494,42.53073811121473,8213400
2007-01-17,42.95528030395508,43.44928483985657,42.85493471244406,43.18684456209649,6731900
2007-01-18,41.527278900146484,42.14478432595386,41.18765165207696,42.14478432595386,13144300
2007-01-19,41.06414794921875,41.52727625292693,40.9715228773767,41.52727625292693,8131200
2007-01-22,40.28455352783203,41.102750178254325,40.17649043040804,41.06415663553126,8795700
2007-01-23,39.72881317138672,40.48525804797807,39.67478160480873,40.29228732605682,7639300
2007-01-24,39.983516693115234,40.37717845427036,39.180758110503284,39.65160695116026,8157300
2007-01-25,40.21508026123047,40.446647385192044,39.98351608176719,39.98351608176719,4976800
2007-01-26,39.7828254699707,40.2459538004752,39.58213436745347,40.18420473050705,4097600
2007-01-29,39.92949295043945,40.14561917087249,39.63617669092397,39.63617669092397,5026500
2007-01-30,40.299991607666016,40.546993814944486,39.99124032081721,40.15333496725023,5881200
2007-01-31,40.33859634399414,40.523849523108076,39.705652644145545,40.523849523108076,4265600
2007-02-01,40.75538635253906,41.079578461620976,39.968066024194314,40.34628966070698,4694500
2007-02-02,40.840309143066406,41.25712646287886,40.71680804214033,40.793995126032186,4959500
2007-02-05,40.392616271972656,40.77855755669092,40.029830522098024,40.099300071127246,6472500
2007-02-06,39.35829162597656,40.05298413849628,38.987785419234896,39.983514592794485,10969400
2007-02-07,39.558998107910156,39.66706124137769,39.358309852113244,39.66706124137769,5172000
2007-02-08,39.5512580871582,39.875447303238396,39.49722360664696,39.582131147381645,4105700
2007-02-09,39.27338790893555,39.76739230680291,39.17304234546297,39.58213918535341,4438700
2007-02-12,39.84457015991211,40.13016877867616,39.659320025873704,39.71335156034306,4360200
2007-02-13,39.83687210083008,40.29228307428781,39.72108850209536,40.09159189574753,6080700
2007-02-14,39.86002731323242,40.083874031869286,39.60530752042088,39.91405887366212,5125200
2007-02-15,41.380619049072266,41.79743628311782,40.12244981793382,40.21507488844465,8389500
2007-02-16,41.64308547973633,41.89780532049592,41.24170599491842,41.30345509939053,6276000
2007-02-20,41.542728424072266,42.414956736183115,41.38063375694074,42.10620246540968,6237000
2007-02-21,41.318870544433594,41.78200182527416,41.07186837245122,41.550437657102954,4792000
2007-02-22,41.46552276611328,41.68164889220399,41.25711416831255,41.5427098270035,3893100
2007-02-23,40.93293762207031,41.90551144883292,40.81715698664536,41.74341679253874,4587700
2007-02-26,41.07187271118164,41.17993580477718,40.655055397743034,41.04099670029764,4700700
2007-02-27,39.91404724121094,41.43465685599623,39.31969730520094,41.07959157822351,8615400
2007-02-28,40.27684020996094,40.69365758176479,39.914054392520676,40.153339093630045,7015300
2007-03-01,40.70909881591797,41.064164185448945,39.55127465436113,40.184218293785605,8698200
2007-03-02,41.82060623168945,42.51530186125197,40.9097843815959,41.673949574114665,13175700
2007-03-05,40.8788948059082,42.33775219956932,40.855739274103406,41.60446621043659,9355200
2007-03-06,41.66622543334961,42.06760476796174,41.32659812460026,41.99813521111544,13281200
2007-03-07,41.527278900146484,41.68165599272286,40.99468102248102,41.534999374249274,6584300
2007-03-08,41.164493560791016,41.87462402021725,40.994678475059544,41.81287200922473,6038300
2007-03-09,40.90978240966797,41.527287970348105,40.786281297531936,41.2957237531554,4786100
2007-03-12,41.118186950683594,41.380627155625106,40.655055618405264,41.218532514352006,6895600
2007-03-13,40.90978240966797,41.697103103722185,40.886626871298326,41.11819108849103,10299700
2007-03-14,41.195369720458984,41.643063000335864,40.7013653733522,40.83258693433266,8599100
2007-03-15,41.72025680541992,41.859195918518715,41.048719721774866,41.19537636582419,6508200
2007-03-16,41.01012420654297,42.167948130373674,40.82487108315072,41.92094592884967,12425700
2007-03-19,41.91321563720703,42.083030715169045,41.16449167741539,41.3265862821076,7729800
2007-03-20,41.758853912353516,42.38407997464713,41.589041716464266,41.91323104502466,9084100
2007-03-21,42.476688385009766,42.56159592183897,41.14133215946269,41.72024397111882,13092400
2007-03-22,42.98615264892578,43.402970073199974,42.18339676397086,42.715994843099494,12849200
2007-03-23,43.619083404541016,43.79661898952418,42.661950651971004,42.80860728250234,8674100
2007-03-26,43.90468215942383,44.07449432547878,43.37980176725749,43.588210418073395,9689000
2007-03-27,43.10966110229492,43.69629378671831,42.37637466351531,43.22544472131262,15167800
2007-03-28,42.30689239501953,43.79662626087592,42.1370772565803,43.20999375235794,12456100
2007-03-29,40.80860900878906,41.503684903392504,40.4301781448137,41.503684903392504,26372300
2007-03-30,40.90900802612305,41.10980608497269,40.56147009146926,40.808607523642934,8706200
2007-04-02,41.49596405029297,41.6658721616478,41.03258204164828,41.24110482937168,8847400
2007-04-03,42.17559814453125,42.360949789738356,41.70449138162032,41.766277227430216,9027800
2007-04-04,42.523128509521484,42.785712414736665,42.01340715776387,42.17559055466158,8705200
2007-04-05,42.73167037963867,43.17188433716022,42.26056349096528,42.33779287273283,9043800
2007-04-09,42.38412857055664,42.77028133791857,42.33006741881491,42.5926514184655,8099000
2007-04-10,41.889835357666016,42.546293599431436,41.63497322745157,42.36093905508361,8314800
2007-04-11,41.04030227661133,41.86666869392111,40.85495065847109,41.60408477979673,10239700
2007-04-12,41.02485656738281,41.21021113502234,40.74682618897898,40.86267316201754,5216000
2007-04-13,40.893558502197266,41.20247879619659,40.31432963657439,41.20247879619659,6946800
2007-04-16,41.58864974975586,41.58864974975586,40.739114883241925,40.901298330212676,6470900
2007-04-17,42.18329620361328,42.592619836867456,41.77397551646873,42.32231133247551,12462200
2007-04-18,41.86667251586914,42.43817977388046,41.60408857777385,41.87439721922816,7377000
2007-04-19,40.198486328125,40.53830251226467,39.58064273802191,39.77371904406104,19605100
2007-04-20,41.08664321899414,41.58863990451086,40.24483031042693,40.53830715412209,13710900
2007-04-23,41.66588592529297,41.72766883866945,40.93219504748361,41.08665675009273,7865400
2007-04-24,41.88212966918945,41.990251974930885,41.20249995952806,41.62727036938635,9378500
2007-04-25,40.88584518432617,41.62726057779321,40.42246314125656,41.12526090937514,14426200
2007-04-26,40.708213806152344,41.411011548429876,40.29889291828739,41.00941241768399,14477500
2007-04-27,41.048030853271484,41.12526021043348,40.715939314474866,40.715939314474866,6330800
2007-04-30,40.978511810302734,41.36466438050348,40.731374401063086,41.36466438050348,7393900
2007-05-01,40.739105224609375,40.93218155268809,40.49968951719182,40.87039571356964,9132800
2007-05-02,41.54230499267578,41.66587372937117,40.71593851362955,41.00941242196168,7340900
2007-05-03,41.07891082763672,41.70447907435174,40.92445215091634,41.66586440517165,7602000
2007-05-04,41.37239074707031,41.580913511754325,40.93217700366316,41.04802396608005,5999900
2007-05-07,41.125267028808594,41.6427102890281,41.05575941739431,41.38785101125015,8083500
2007-05-08,41.01713180541992,41.12525406774144,40.7622696618529,40.93217775756425,8615500
2007-05-09,41.00169372558594,41.31833882113712,40.731388014546376,40.80089561825817,6941500
2007-05-10,40.947628021240234,41.38012005682916,40.159876248976985,40.74682699017321,4780800
2007-05-11,41.38785171508789,41.550035162442086,40.82406905563402,40.955359576031704,7440700
2007-05-14,40.800880432128906,41.31060168759279,40.76226281968709,41.28743053090567,5883800
2007-05-15,40.6850471496582,41.04030691298685,40.56147840823471,40.94763109344702,6632000
2007-05-16,41.55002212524414,41.56546858387575,40.61553347386269,40.81633154385205,6847500
2007-05-17,41.43418884277344,41.70449457360218,41.11754372404055,41.372402992234576,4840800
2007-05-18,41.295162200927734,41.55002139861535,41.04030005712943,41.495960267405536,5922600
2007-05-21,41.31834030151367,41.89756937116106,41.024863414647804,41.27200091534178,6847900
2007-05-22,41.619529724121094,41.97478943438481,41.20248417931895,41.38011698056155,6655700
2007-05-23,41.65042495727539,41.89756241694917,41.40328749760162,41.61953203828844,6721000
2007-05-24,41.86667251586914,42.03658063643407,41.44962691781584,41.54230568145732,8538300
2007-05-25,42.02113342285156,42.17559508004178,41.72765656880125,42.167870376821185,4909800
2007-05-29,42.14470291137695,42.314611031929005,42.013412415394825,42.013412415394825,5129700
2007-05-30,42.14470291137695,42.39956509220503,41.88211897330157,42.00568771203639,4266900
2007-05-31,42.299156188964844,42.72392346005837,42.098355186993736,42.2837097314201,7238100
2007-06-01,42.63897705078125,42.839778088704165,42.33777844000795,42.43045425575872,6150700
2007-06-04,42.63125228881836,42.8243286099216,42.39956129271664,42.39956129271664,4580400
2007-06-05,42.245113372802734,42.577204988691676,41.95936114963498,42.43818975663994,5617800
2007-06-06,41.681312561035156,42.191033874876204,41.56546560266243,41.943896446717545,4652900
2007-06-07,41.21022033691406,41.88984997519996,40.98625104362154,40.98625104362154,6274200
2007-06-08,41.44963455200195,41.58092801828676,40.93991304253788,41.34923695873249,5842100
2007-06-11,41.07891082763672,41.47278811316076,40.970788575488285,41.47278811316076,4416600
2007-06-12,40.92445373535156,41.163866461203526,40.754545649048474,41.163866461203526,6583200
2007-06-13,41.01713180541992,41.13297582385982,40.430178172659275,41.13297582385982,7285000
2007-06-14,40.893558502197266,41.08663479073822,40.777711550628545,41.08663479073822,4175300
2007-06-15,40.854957580566406,41.125263297031935,40.76227880968278,41.02486276829702,7574800
2007-06-18,40.831790924072266,41.07892844816534,40.669607476282124,40.78545447962461,4328700
2007-06-19,40.73139190673828,40.87812888587997,40.62326666587898,40.69277427623274,5666400
2007-06-20,39.77372741699219,40.77000207295054,39.688773353073245,40.77000207295054,12729100
2007-06-21,39.982242584228516,39.9899643403313,39.487967702551465,39.85094916159579,7153500
2007-06-22,39.619258880615234,40.08264379997568,39.41073610881964,39.91273570159911,7963200
2007-06-25,39.77372741699219,39.98997198252315,39.549758147771556,39.81234209710683,6007200
2007-06-26,39.99769973754883,40.19849785713013,39.66560816022818,39.99769973754883,5170500
2007-06-27,39.966793060302734,39.97451481581322,39.42617884514418,39.495686429180424,4839800
2007-06-28,40.23710250854492,40.430178821822224,39.735105861690386,39.79688874996154,6556300
2007-06-29,39.495689392089844,40.93217760586196,39.15587614803725,40.54602498693873,10126000
2007-07-02,40.32979202270508,40.32979202270508,39.75828468660056,39.843238758491516,6847500
2007-07-03,40.268001556396484,40.499692578381236,39.966802933205194,40.329787400185054,2751200
2007-07-05,40.507408142089844,40.58463748328885,39.928179244765715,40.267992470596084,6866000
2007-07-06,40.947628021240234,41.07119675339265,40.24483030472758,40.56919712183605,4825800
2007-07-09,40.1367073059082,40.98624195581612,40.11353614359772,40.932180820609844,7362800
2007-07-10,39.81233596801758,40.53058010279922,39.750553078567854,39.96679761080807,7001600
2007-07-11,39.7042121887207,40.08264305182942,39.503414123023276,39.71965864702215,12962500
2007-07-12,41.00169372558594,41.009415483282226,39.487975851541826,39.68105220117331,12038400
2007-07-13,40.91673278808594,40.99396508263354,40.44562610273336,40.93217924699546,4476300
2007-07-16,40.893558502197266,41.627248987874985,40.83177267573119,41.627248987874985,6168300
2007-07-17,40.932186126708984,41.256552979994765,40.6155410311204,40.6696021733347,5691200
2007-07-18,41.38011169433594,41.78170778308964,41.040295540006916,41.712200201168734,9001700
2007-07-19,40.07492446899414,40.39156954724822,39.61926419091035,40.121263850974415,17658500
2007-07-20,39.63471221923828,40.08265075776486,39.217666603253804,39.905017926203456,9549000
2007-07-23,39.518863677978516,39.89729459895248,39.43391256349685,39.7737258597569,6810200
2007-07-24,39.387569427490234,39.82006144650964,39.356676509107956,39.518859911448665,8679200
2007-07-25,39.54976272583008,39.711946168751744,39.15588822929009,39.379857524436154,8547700
2007-07-26,38.77745056152344,39.48024830574665,38.46080548876597,39.00914157518067,8703200
2007-07-27,37.943359375,38.91646273519631,37.920188213156884,38.54575655292577,10559500
2007-07-30,37.79663848876953,38.80835997866451,37.6499014718387,38.15190133657482,7892100
2007-07-31,37.402748107910156,38.020591794917074,37.171057093546445,37.96653065643591,10434800
2007-08-01,37.06293487548828,37.742561459220475,36.57638168227345,37.25601121211674,11590900
2007-08-02,37.34867858886719,37.68849180394351,36.684495669577174,36.684495669577174,10394800
2007-08-03,36.68449401855469,38.036028008711966,36.60726468327554,38.036028008711966,10970100
2007-08-06,37.456817626953125,37.49543231363485,36.692233867763264,36.87758848839199,9647900
2007-08-07,37.06293487548828,37.89702311774546,35.387030741575465,37.348687028787296,9495000
2007-08-08,36.73857498168945,37.3023576827847,36.259746362943545,37.3023576827847,10244600
2007-08-09,35.7808952331543,37.03975037344882,35.54920135574595,36.90845992595345,14537200
2007-08-10,36.669063568115234,37.12472391582011,35.564666504120545,35.834975187806386,11879500
2007-08-13,37.87384033203125,38.60753071822952,36.916180774426465,36.95479543767691,12146600
2007-08-14,37.44136047363281,38.13643641990823,37.20194477077997,38.06692882528069,6202000
2007-08-15,37.935630798339844,38.69248954478186,37.64987869774993,37.72710803971135,10229600
2007-08-16,37.73482894897461,37.943351686645194,37.047477857825406,37.53402796627986,9655400
2007-08-17,38.4608154296875,38.514876581976935,37.76574220906105,38.18278496299218,9515400
2007-08-20,38.267730712890625,38.97825318932746,38.0128714713125,38.70794454061655,7082900
2007-08-21,38.27546691894531,38.55349446255265,38.05149758599221,38.2677422130575,5805300
2007-08-22,37.57267379760742,38.01288781459926,37.147903302165766,37.842979616422596,10318200
2007-08-23,37.54948425292969,37.842961102719,37.33323970366968,37.76573174830072,5916500
2007-08-24,38.31407165527344,38.45308686401417,37.20194998534756,37.37958282126953,6220000
2007-08-27,37.989681243896484,38.568909984054486,37.989681243896484,38.16731103734511,4221300
2007-08-28,37.55719757080078,38.3372244199647,37.54175111537742,38.120979936257896,5267400
2007-08-29,37.603553771972656,37.84296953781208,37.27918687578216,37.696232553265666,6245200
2007-08-30,37.88157653808594,38.22139277499388,37.32551869370117,37.60354614283801,6553300
2007-08-31,38.622989654541016,38.84695891541174,37.85068429659601,38.07465355746673,9211400
2007-09-04,38.76199722290039,39.194489198797264,38.60753853861131,38.70021433840687,7922300
2007-09-05,38.06692123413086,38.61525717900627,37.95107428414971,38.50713493028271,6183800
2007-09-06,38.30632781982422,38.399006543438475,37.866114194040975,37.866114194040975,4168900
2007-09-07,37.989681243896484,38.22909685042796,37.82749790371858,37.958791283464784,4200100
2007-09-10,37.935630798339844,38.21366114317784,37.81978678539772,38.105538885987635,6124300
2007-09-11,38.28317642211914,38.406745161754,37.673054481248386,38.167329439787835,5778100
2007-09-12,38.205955505371094,38.414478351969116,38.11327672058633,38.25229195165168,6619700
2007-09-13,38.267730712890625,38.50714643955837,38.14416197082916,38.344963017998545,5046800
2007-09-14,38.5457649230957,38.73884128575319,37.98198229766923,38.05921166428762,7101700
2007-09-17,38.57666015625,38.700228917899516,38.283183242540524,38.40675200419004,6284300
2007-09-18,38.692501068115234,38.9859779579704,38.252287206388196,38.700225772278266,9324900
2007-09-19,38.49168395996094,38.955065813324126,38.306329450949676,38.80832891385145,7488600
2007-09-20,38.468528747558594,38.62298745345624,38.267727716114095,38.460804044597126,5387300
2007-09-21,38.5457649230957,38.74656304397043,38.445364389602595,38.74656304397043,9616200
2007-09-24,38.27546691894531,38.69250970741236,38.17506636518839,38.61528032520678,12594500
2007-09-25,38.213661193847656,38.545752667721096,38.17504652281574,38.25227586487957,7868700
2007-09-26,38.082366943359375,38.25999676936446,37.943351784553606,38.244550313262685,8035400
2007-09-27,38.04376220703125,38.213670335550766,38.02831869181244,38.19050211661129,7162100
2007-09-28,37.402748107910156,37.85840837947359,37.07065657374811,37.85840837947359,12939200
2007-10-01,37.178794860839844,37.82753174808739,37.00116490846535,37.742577652144725,7450800
2007-10-02,36.98570251464844,37.38730164773353,36.622718059605724,37.2251182322889,8577600
2007-10-03,36.33696365356445,36.916192626616315,35.98170392382593,36.916192626616315,13402800
2007-10-04,36.59181213378906,36.79261013974448,36.414182335337394,36.6227020950908,8023900
2007-10-05,36.83897018432617,37.08610769015577,36.59183267849657,36.63816911951996,7696600
2007-10-08,36.92391586303711,37.03975988538038,36.82351535345098,36.83896181231891,3853800
2007-10-09,37.44907760620117,37.45679936132734,36.88529226035051,36.90846341794965,7991400
2007-10-10,38.09782409667969,38.36812978908243,37.41046986464927,37.44136278552703,13164600
2007-10-11,38.10553741455078,38.30633546356304,37.99741516153569,38.259999038619675,10103300
2007-10-12,38.375850677490234,38.599819929617176,37.958808039525785,38.028315636871696,9159300
2007-10-15,37.78891372680664,38.42220409121407,37.649898481340415,38.42220409121407,8021300
2007-10-16,37.456817626953125,37.92792446436072,37.34869532579959,37.77346277152207,6462000
2007-10-17,37.534034729003906,38.159603054727924,37.26372906449335,37.44908362452257,5703600
2007-10-18,37.147884368896484,37.84296032889195,37.00886917689739,37.84296032889195,20643600
2007-10-19,36.64589309692383,37.04749227245941,36.58410724863617,36.869862377799485,11601200
2007-10-22,37.17103576660156,37.209650422488444,36.36783796127313,36.48368487504317,7585700
2007-10-23,37.71937942504883,37.951070354912844,37.18648999175058,37.20965820090398,6565100
2007-10-24,37.43364715576172,38.16733499698172,36.993433272585094,38.0360444809273,7371800
2007-10-25,37.47998046875,37.8120720295357,37.209674754673884,37.43364402982914,6569800
2007-10-26,37.06293487548828,37.67305386018979,36.29835128615069,37.54948512259202,6127600
2007-10-29,37.032047271728516,37.449092925793266,36.91620027467336,37.248291857045864,4789800
2007-10-30,36.99342727661133,37.225118291344224,36.6072746033528,36.89302675665301,5111300
2007-10-31,37.958797454833984,38.3217788543255,37.379568620504536,37.495412619704304,9457100
2007-11-01,37.495426177978516,38.17505574758867,37.4568114976156,37.70394898727179,6727600
2007-11-02,37.79663848876953,37.873870823558654,37.16334807406041,37.29464157014575,7492800
2007-11-05,37.935630798339844,38.19821468556345,37.456802396735824,37.456802396735824,6618400
2007-11-06,38.298614501953125,38.344953873967434,37.765724981285814,37.95880127884635,4752000
2007-11-07,38.49941635131836,39.03230887064142,38.23683244289982,38.42218700312323,10515700
2007-11-08,38.839237213134766,38.88557364916597,38.26000819385557,38.68477555210475,7339100
2007-11-09,39.905033111572266,40.32980359288907,38.53032994254659,38.76974576418766,16514700
2007-11-12,40.65416717529297,40.93219766857063,39.75829277812723,39.75829277812723,13544100
2007-11-13,41.16388702392578,41.16388702392578,40.4919819909865,40.7777342320576,11340300
2007-11-14,40.96306228637695,41.44961236719438,40.66958553009098,41.33376837247551,7846700
2007-11-15,40.947628021240234,41.55002522221938,40.71593701671833,40.71593701671833,7615200
2007-11-16,41.25654602050781,41.49596171429262,40.847225171043874,41.140701997923514,8204700
2007-11-19,41.31060791015625,41.46506659874864,40.94762351052072,41.12525335929048,8233200
2007-11-20,41.758544921875,42.052021743824554,41.20248419525705,41.295162947100536,8674200
2007-11-21,41.24883270263672,42.01341637099606,41.017141663958895,41.48052374131454,7021500
2007-11-23,41.758544921875,41.82033075643732,41.43417812875502,41.44189988501994,2963700
2007-11-26,41.22566223144531,42.337780924037645,41.17932284779558,41.75855188591662,6500600
2007-11-27,41.9284553527832,42.02885292036477,41.094364216465884,41.35694813573864,7889600
2007-11-28,42.26055145263672,42.32233435122888,41.441906686984154,42.16015092804932,8769300
2007-11-29,42.29143524169922,42.45362158726237,42.15242300367634,42.20648413682713,6164600
2007-11-30,42.4767951965332,42.4767951965332,41.75082921195611,42.43818051739495,6047100
2007-12-03,42.1910285949707,42.42271953661117,41.72764376557962,41.936166496889086,7170700
2007-12-04,41.959346771240234,42.46906813205751,41.62725526915056,41.91300739439837,9493200
2007-12-05,42.229652404785156,42.43045047872254,41.882114444017766,42.43045047872254,10883600
2007-12-06,43.23365783691406,43.24910429912569,41.82034042483129,42.136985534891146,6723600
2007-12-07,43.7510871887207,44.01367105314048,42.68530527476866,43.22591945988116,8187700
2007-12-10,44.69330978393555,44.75509562607488,43.61980581870892,43.75109926019947,11171800
2007-12-11,44.07546615600586,44.9095573494108,43.9673438782188,44.670141629945796,11885800
2007-12-12,44.38439178466797,45.05629665024688,44.22220541343615,44.22220541343615,13495200
2007-12-13,44.04457092285156,44.5542923100273,43.69703588995384,44.09863205890725,8543000
2007-12-14,43.81288146972656,44.36121755262138,42.56174764711992,43.45762172132522,6931000
2007-12-17,43.70475387573242,44.175860545949355,43.53484577929728,43.53484577929728,5754600
2007-12-18,44.175880432128906,44.38440329541034,43.51169715192407,43.936464638114224,6548300
2007-12-19,44.2994384765625,44.531129508706265,43.44217900613038,44.09863742155627,4455600
2007-12-20,44.87868118286133,45.0408646600899,44.098650837141086,44.53114305586282,6728800
2007-12-21,45.558284759521484,45.8285903993877,44.81686953311178,44.909548277732064,11114800
2007-12-24,45.473323822021484,45.921259235328286,45.380645091453125,45.380645091453125,1934400
2007-12-26,45.52739334106445,45.70502318825932,45.372931707730906,45.4733322113143,3192300
2007-12-27,45.071739196777344,45.90582741502977,44.94817046273583,44.94817046273583,4671800
2007-12-28,45.00996398925781,45.56602489685655,44.8555052448019,44.91728815336192,3735400
2007-12-31,44.94818115234375,45.233933365376714,44.69331892058418,44.793719461529925,3394900
2008-01-02,43.766536712646484,44.68558183745268,43.60435331866093,44.16813579259454,7698700
2008-01-03,43.967342376708984,44.24537276501574,43.6506973113843,43.82832718255561,4864000
2008-01-04,43.24909210205078,43.96733618872012,43.202752728484484,43.681584083671105,7250600
2008-01-07,43.92872619628906,44.10635606138123,42.89383697862665,42.89383697862665,6093200
2008-01-08,43.41127014160156,44.392097998742834,43.23364031731601,44.06000656104499,8142700
2008-01-09,43.39583206176758,44.39210656715868,43.056018803559105,43.31860271321,9381400
2008-01-10,43.31859588623047,43.46533280380856,42.53084428142688,43.179580723846875,6413600
2008-01-11,43.17957305908203,43.704740702395746,42.83975991474778,43.00966501386,6135400
2008-01-14,42.801151275634766,43.635242276648846,42.538570345067846,43.44216598338934,6194000
2008-01-15,42.43816375732422,42.78570162453796,42.11379409922139,42.484500175546046,6703900
2008-01-16,42.69302749633789,43.457610886597166,42.16785976176007,42.16785976176007,8403500
2008-01-17,41.98252868652344,42.89384943902385,41.54231477426107,42.89384943902385,7686000
2008-01-18,42.01340866088867,42.38411484396517,41.01713413668322,42.19876027937149,9705200
2008-01-22,39.55747604370117,40.91673199414545,38.86240013681386,39.7737205720169,16447400
2008-01-23,38.88557434082031,38.947360184775754,37.16333371306348,38.47625343600469,15512200
2008-01-24,38.47624588012695,39.02458188005015,38.05920035365975,38.901013162516605,11488400
2008-01-25,38.61526107788086,38.7697227114145,38.22910846710205,38.522585276204914,12519600
2008-01-28,40.159889221191406,40.159889221191406,38.298632934746045,38.53804871954959,13295200
2008-01-29,39.21765899658203,40.329780423499834,38.707937657948264,40.329780423499834,9873700
2008-01-30,38.73884582519531,39.619273670704686,38.715677601717225,39.00915158614579,9818900
2008-01-31,39.263980865478516,39.480225292694755,38.09007707495869,38.66930574452449,8361900
2008-02-01,38.692501068115234,39.4107453574828,38.344965979676,39.27173014366254,7346800
2008-02-04,38.53805160522461,38.754296236005764,38.4530975156714,38.545773365133016,4484300
2008-02-05,38.15187454223633,38.792886267181004,38.15187454223633,38.661595809414244,6981300
2008-02-06,38.13644027709961,38.46853182434057,38.059207971862634,38.337238378493325,6428300
2008-02-07,37.86613464355469,38.31407321126884,37.58038245669891,37.92019578847034,6909700
2008-02-08,37.22511672973633,37.73483811921013,36.75401001674626,37.73483811921013,5966200
2008-02-11,37.240570068359375,37.356414119208445,36.59955512510409,37.22512360569053,6717800
2008-02-12,37.27916717529297,37.572643935407214,36.985690415178716,37.44135053768105,7282300
2008-02-13,36.275184631347656,36.800352525291665,33.98143671062489,36.76173489941335,29371900
2008-02-14,35.997154235839844,36.37558222224555,35.680509147860874,36.21339879950025,7993500
2008-02-15,36.869842529296875,36.869842529296875,35.7886143352222,35.7886143352222,8617000
2008-02-19,37.13243865966797,37.4568054577462,36.900744722628325,37.217389764323606,5411200
2008-02-20,37.147884368896484,37.20967020805651,36.68450235964015,36.92391806721881,5012100
2008-02-21,36.916194915771484,37.2019470686187,36.83896555968664,37.2019470686187,4833500
2008-02-22,36.57638168334961,37.15561069325204,36.10527495058453,37.06293487657875,5900800
2008-02-25,37.055198669433594,37.18649206956229,36.53003096113916,36.53003096113916,6475100
2008-02-26,37.78891372680664,37.81208195234698,36.68451646899835,36.94710049419988,7154700
2008-02-27,37.974246978759766,38.29089495327547,37.68849486681148,37.68849486681148,7392400
2008-02-28,37.07836151123047,37.91245231990845,37.03202509704375,37.77343718512879,5639700
2008-02-29,35.896759033203125,36.83897267931123,35.77319027191941,36.74629684487636,10785100
2008-03-03,35.796348571777344,35.919917298809615,35.178504936615965,35.703672763030845,8229300
2008-03-04,36.11299133300781,36.41419284806209,35.533762409312935,35.533762409312935,8082300
2008-03-05,36.46826934814453,36.58411341403962,35.9276548689651,36.51460579605781,5990500
2008-03-06,35.37929916381836,36.36012703516621,35.33295979529041,36.36012703516621,6788000
2008-03-07,34.91592788696289,35.29435884507617,34.8618667423912,35.217126534179876,7434000
2008-03-10,34.80779266357422,35.31751394163648,34.73056332748703,34.877300244496816,6165400
2008-03-11,29.532960891723633,31.873045398083224,28.822438365294868,31.394216857168857,37638000
2008-03-12,28.328157424926758,29.82642858207828,26.77582218867156,27.60991329103748,35342400
2008-03-13,29.563846588134766,30.621906993486178,28.660250781496313,29.115911036311108,30377600
2008-03-14,28.72201919555664,30.67595266565148,28.28953032163011,29.841861929748323,13008400
2008-03-17,26.134815216064453,28.35905562380286,26.04986114950921,27.69487249921969,21053600
2008-03-18,27.077022552490234,27.077022552490234,25.926286458057884,26.49006892509163,19636900
2008-03-19,27.455453872680664,28.243205662251704,26.659980326103984,26.659980326103984,14692900
2008-03-20,27.277820587158203,27.594465614765852,26.907114428942712,27.594465614765852,12731500
2008-03-24,27.579017639160156,27.802986851418662,27.27009733069958,27.285543788039185,7288100
2008-03-25,27.2469425201416,27.401404240106107,26.883960866254128,27.34734308003537,9606500
2008-03-26,26.335609436035156,27.223761705583662,26.21204070642162,27.223761705583662,15311800
2008-03-27,26.25838279724121,26.575027883716437,26.111645836327252,26.451459141338574,11709500
2008-03-28,26.567304611206055,26.721763320786767,26.18115194503219,26.44373587587486,8048500
2008-03-31,26.559566497802734,26.938324664723357,26.14988845436729,26.590486374317564,14104200
2008-04-01,28.020511627197266,28.020511627197262,26.745094056417038,26.938338964190812,8887700
2008-04-02,27.79633331298828,28.45336744920438,27.672656750087185,27.672656750087185,9386800
2008-04-03,27.943206787109375,28.515209897939908,27.348012288927787,27.348012288927787,11752400
2008-04-04,28.21375846862793,28.352895047655565,27.842728574115387,27.943216758676122,5706400
2008-04-07,28.34515380859375,28.654346754894785,28.206020226309,28.39926508057653,7077800
2008-04-08,29.435060501098633,29.628305374298023,28.221479984618334,28.352888031708954,12245600
2008-04-09,28.816659927368164,29.589639027983672,28.716174767338657,29.589639027983672,7126600
2008-04-10,28.291048049926758,29.257272408854348,28.229211224270415,28.592512526805663,6794700
2008-04-11,27.72677993774414,28.60024779049048,27.618563255731637,28.213757955483853,7061600
2008-04-14,28.05142593383789,28.05915443118911,27.46395987993361,27.711313076730352,4541600
2008-04-15,28.78575325012207,29.450513036368662,27.889097292206472,27.927745671257203,9010100
2008-04-16,27.672658920288086,28.808939458272388,27.641739039967486,28.808939458272388,11659600
2008-04-17,28.36834716796875,28.376075665256337,27.61082764043008,27.61082764043008,7013500
2008-04-18,28.79347801208496,28.940343012902986,27.865902291757916,28.47655662708043,9058800
2008-04-21,29.22635269165039,29.450514480610362,28.631158189297626,28.631158189297626,8088300
2008-04-22,26.39724349975586,27.092923080129562,25.87934585064068,26.057130730581132,28718500
2008-04-23,26.84557342529297,27.185683289849088,26.103513930616533,26.32767865776326,17846700
2008-04-24,25.964380264282227,27.27844594031734,25.825243725132474,26.66779145723593,10118800
2008-04-25,26.273571014404297,26.505464243882155,25.948918134189388,26.134434486981107,10066100
2008-04-28,26.003032684326172,26.39725392267607,25.86389612357716,26.281305805824196,9751200
2008-04-29,25.817508697509766,25.879345505555747,25.46193599368826,25.871617010305712,10580800
2008-04-30,25.222320556640625,25.972108626286033,25.121832401403875,25.972108626286033,14293400
2008-05-01,25.4310245513916,25.64745784927633,24.982695064421772,25.291888017413555,26252600
2008-05-02,25.871623992919922,26.559575254441533,25.5160511931312,25.5160511931312,12916900
2008-05-05,25.562427520751953,26.304487007999583,25.554699024474957,25.94118870933505,11348000
2008-05-06,25.353715896606445,25.717017045933947,25.168202549187527,25.562420623963853,11935500
2008-05-07,25.24551010131836,25.68610817604779,25.168213331559173,25.307349876071914,8573600
2008-05-08,25.508317947387695,25.948915930584366,25.121828281518187,25.315073114452943,7207100
2008-05-09,25.46193504333496,25.67063979147891,25.214581923019566,25.577883108531083,5168500
2008-05-12,25.338272094726562,25.647465135558118,25.16821857608424,25.647465135558118,5080700
2008-05-13,25.160480499267578,25.577890109810454,25.121832116517147,25.361456807461966,6172000
2008-05-14,24.750795364379883,25.353718221807956,24.750795364379883,25.15274491889252,10210200
2008-05-15,24.503456115722656,24.913134397026372,24.341129618451177,24.81264621434838,16034800
2008-05-16,24.982696533203125,25.191401346440358,24.62712668043571,24.82037155024618,17738000
2008-05-19,25.84842872619629,25.979836750656773,25.083180811374476,25.183668953763995,13271900
2008-05-20,26.319950103759766,26.42816675670151,25.863892103017662,26.010760088023723,19432000
2008-05-21,26.404977798461914,26.690979368295412,26.14216466846604,26.28130120485695,12849000
2008-05-22,27.28616714477539,27.649468338643118,26.28129470179603,26.66778432976362,16315500
2008-05-23,26.861034393310547,27.471688832525707,26.528653012405204,27.440768948561853,12066300
2008-05-27,27.06973648071289,27.232061432270836,26.76054356935116,26.814651886537142,10348000
2008-05-28,26.459087371826172,27.239798301584692,26.44362742831105,27.085201815116225,15387500
2008-05-29,26.66779136657715,26.876496174592276,26.289030133805404,26.35859840314378,11342700
2008-05-30,26.443626403808594,26.845576073580823,26.327681254961337,26.729630924733566,7643400
2008-06-02,26.273571014404297,26.605949442490374,26.018486397900983,26.45135592196007,10343700
2008-06-03,26.24264907836914,26.513190666820325,25.894807787016074,26.312217336639755,9692600
2008-06-04,26.142166137695312,26.366330897666014,26.02621803462557,26.21946290728664,11208500
2008-06-05,26.23491859436035,26.40497499828915,25.94891705485651,26.180810274688874,10629800
2008-06-06,25.53151512145996,26.196278046047723,25.500598178608065,26.0648729300485,12431000
2008-06-09,25.454206466674805,25.701559586196286,25.31506996835875,25.53923465438815,9009800
2008-06-10,25.199134826660156,25.51605635786972,25.10637809644068,25.51605635786972,9300200
2008-06-11,24.696687698364258,25.191393947999945,24.549821227625817,25.114097202250058,11565800
2008-06-12,23.9700927734375,24.820370458056424,23.9469028593178,24.76626213278508,15830200
2008-06-13,23.76138687133789,23.87733348789576,23.189382285223328,23.421275518339073,18258400
2008-06-16,23.34398078918457,23.761388940000643,23.12754600491687,23.691820669141073,11135300
2008-06-17,23.189374923706055,23.58359447432995,23.158455049457555,23.405809620423316,7366800
2008-06-18,23.35943603515625,23.49857255767775,23.104352901980548,23.166191192618864,18323000
2008-06-19,21.55839729309082,22.19224023278608,20.816337697645064,20.94774426863125,51415000
2008-06-20,20.963205337524414,21.604778283407533,20.870447145943324,21.519750063986653,17673700
2008-06-23,20.398927688598633,21.05596053126264,20.26752112006583,21.048230559661732,15516700
2008-06-24,20.42984962463379,20.677202843313367,20.035629879485153,20.213414821118416,13895800
2008-06-25,20.70811653137207,21.0559563380948,20.46849188248768,20.46849188248768,8488200
2008-06-26,20.07427215576172,21.102334579386365,20.012433869917416,20.468491780897022,12442100
2008-06-27,20.105186462402344,20.638542451418495,20.08972652664173,20.329349633568736,20100800
2008-06-30,20.29071617126465,20.545799401301164,19.71098142351423,20.136119648794523,15309500
2008-07-01,19.81146240234375,20.252061921676134,19.5486507490866,20.190223625437756,11956400
2008-07-02,19.4172420501709,21.102335805959413,19.355403760732248,20.885902530094693,27401600
2008-07-03,17.747604370117188,19.31675291080748,17.562089511381657,18.937993223263142,22763500
2008-07-07,18.018150329589844,18.296423399717362,17.53117393120797,17.55436237082441,17254000
2008-07-08,17.99496841430664,18.62108157475856,17.399773676000322,17.6084785542649,23354900
2008-07-09,17.72441864013672,18.211395034369104,17.585282106258532,18.049070061072065,16839800
2008-07-10,17.45387840270996,17.909936460975853,17.144686873633468,17.701231625971154,12975200
2008-07-11,17.129220962524414,17.43068241408295,16.64997462796167,16.820029541138613,14181300
2008-07-14,17.144678115844727,17.392031212753817,17.028731535961185,17.15240808441573,10634900
2008-07-15,17.26062774658203,17.33019600167665,16.387161784442196,16.935976380920824,16152700
2008-07-16,17.415225982666016,17.51571265347421,16.982356467830755,17.31473783751666,19159200
2008-07-17,18.226858139038086,18.296426418046522,17.384310292683946,17.46933851688126,16009900
2008-07-18,18.474212646484375,18.775675701217747,17.96404621458682,18.335076078813838,15625200
2008-07-21,18.42010498046875,18.814324778460488,18.365996640922337,18.65199828547957,13714500
2008-07-22,20.259794235229492,20.406660769340572,18.667456701368224,18.860701597809594,26171000
2008-07-23,21.457914352416992,21.743915985176667,21.086884489967986,21.58159097323333,26577700
2008-07-24,20.885906219482422,21.59704741081689,20.723579759568633,21.442450922741035,11180800
2008-07-25,21.218280792236328,21.334227383720606,20.793141324339437,20.885899482131403,11244200
2008-07-28,20.700389862060547,21.604775862692833,20.700389862060547,21.23374461228223,8837000
2008-07-29,21.28012466430664,21.380611343506416,20.57671348688435,20.754498405498495,7623700
2008-07-30,21.086875915527344,21.58931216758352,20.630818008833323,21.37287743199179,10490000
2008-07-31,21.705263137817383,22.393214384160075,20.96320356526904,20.96320356526904,17290000
2008-08-01,21.743907928466797,21.883044443916713,21.21055325169688,21.635691293935114,10702100
2008-08-04,22.385480880737305,22.802890430194065,21.25693175696057,22.1845075506371,11467400
2008-08-05,23.53721809387207,23.560406527145275,22.385477746167627,22.385477746167627,13067600
2008-08-06,23.081159591674805,23.50629756576758,22.694669988193795,23.50629756576758,9772900
2008-08-07,22.54007911682129,23.150733548629454,22.42413250204566,23.027056962956618,7074200
2008-08-08,23.962364196777344,24.10923071273447,22.625110032541055,22.625110032541055,10644200
2008-08-11,24.155607223510742,24.634855119535352,23.374897821125924,24.01647069000872,7417400
2008-08-12,24.333393096923828,24.688964415911435,24.10149984818419,24.263824827433673,7479300
2008-08-13,24.433879852294922,24.60393479333566,23.861875260422,24.3411216735101,7219400
2008-08-14,24.65031623840332,25.01361755369053,24.03966318878453,24.511179689939404,7737000
2008-08-15,25.51604652404785,25.585614782071847,24.06284602448892,24.688960346704864,9848100
2008-08-18,24.83582878112793,25.88708122986936,24.658042399820523,25.70156487769283,8541000
2008-08-19,23.93916893005371,24.835826294666624,23.173919582718636,24.712148247484016,12564800
2008-08-20,23.374895095825195,23.931439690603977,23.104352031596488,23.923711194613837,7075300
2008-08-21,23.421279907226562,23.753661351493946,23.07343999237161,23.266684880960415,5937900
2008-08-22,23.660905838012695,23.745932590778445,23.274416041112605,23.54495771946941,6666400
2008-08-25,22.65602684020996,23.69181940165962,22.540080219760785,23.59906269503679,6565400
2008-08-26,22.7719669342041,23.467649406198806,22.424127172547593,22.64829037792523,6095000
2008-08-27,22.74879264831543,23.08117415289312,22.27727456281296,22.764252596049687,5643500
2008-08-28,23.235759735107422,23.359436317880945,22.748783374729328,22.84154007463889,5952400
2008-08-29,23.53721809387207,23.769111272649372,23.081160231181283,23.220296728184014,7137300
2008-09-02,22.632837295532227,24.263822822135385,22.41640253341231,23.56814165907014,12849800
2008-09-03,22.94203758239746,23.034794320161637,22.400951206186633,22.555547734915947,5111300
2008-09-04,21.689802169799805,22.895651129717514,21.42698904835681,22.84927130286905,13517500
2008-09-05,21.419260025024414,21.651154746504425,21.04823023986597,21.566126534527623,10914200
2008-09-08,22.54007911682129,22.609647380554907,21.813478070237494,22.153589418008384,8880900
2008-09-09,22.01445770263672,23.212576915455887,22.01445770263672,22.470515764872047,12618500
2008-09-10,22.65602684020996,22.864731641623234,21.96807561444909,22.03764388158685,8168400
2008-09-11,23.15846061706543,23.18938049874749,22.045371414651147,22.045371414651147,10032900
2008-09-12,22.88791847229004,23.18937993971722,22.346832350626876,23.18937993971722,7194800
2008-09-15,21.651153564453125,22.57872797670803,21.566125357118462,22.24634806711329,10762700
2008-09-16,20.700389862060547,21.488827767622556,19.97378877816882,21.434719442905102,17597900
2008-09-17,19.718708038330078,21.256937130096055,19.71097806608907,20.483957598092562,12287900
2008-09-18,20.538066864013672,20.654013504222004,19.247190927853453,19.98152210640876,12795600
2008-09-19,20.70811653137207,23.189379421823485,20.3602752503083,23.14300107579533,13050400
2008-09-22,20.49941635131836,20.940014423061807,20.205683320595146,20.87044615127691,6717500
2008-09-23,20.09746742248535,21.25693669685951,19.51000281321481,20.30617224571464,6472000
2008-09-24,19.401784896850586,20.306170931295128,19.30902671219467,20.105196093158415,4908000
2008-09-25,19.710973739624023,20.06654353861585,19.40178228955697,19.4713505501147,5511600
2008-09-26,19.950592041015625,20.25205492101772,19.324479323741805,19.324479323741805,4545800
2008-09-29,16.23257064819336,20.097468421572728,16.23257064819336,19.52546372803356,8695700
2008-09-30,19.62594223022461,20.09746003357054,18.29641848184343,18.304148451084938,10648200
2008-10-01,19.38632583618164,20.07427712063993,19.138972631627713,20.07427712063993,7038900
2008-10-02,19.138965606689453,19.680050174461275,19.092587266444063,19.394048689550377,10096200
2008-10-03,18.636533737182617,19.548649661719445,18.54377556081396,19.370863279874612,7621800
2008-10-06,17.20652961730957,18.54378424692988,16.73501149239182,18.373729230663063,12613300
2008-10-07,15.861540794372559,17.58528484513017,15.861540794372559,17.392039956722147,11134900
2008-10-08,14.841204643249512,16.248026874927515,14.841204643249512,15.660562370888352,12460900
2008-10-09,13.75903034210205,15.590991850837746,13.558057030405342,15.560071972520747,18043400
2008-10-10,13.41119384765625,14.68660965434996,11.215932076111374,12.8546476961235,22748600
2008-10-13,18.072256088256836,18.180474197018146,13.782221396121308,13.960006288194867,17691700
2008-10-14,17.770793914794922,19.517727308213356,17.51571080498795,18.7911263540228,14809700
2008-10-15,16.750465393066406,17.809447929534198,16.673167150186632,17.453876602023776,11159000
2008-10-16,17.492523193359375,18.551505621284495,16.000674188094358,18.25777409765762,20106300
2008-10-17,18.852962493896484,19.108045574679974,17.438410596035162,17.770791892825343,17641700
2008-10-20,19.718708038330078,19.79600628639872,18.706105264221108,19.030756726636234,9741400
2008-10-21,19.517730712890625,20.08973531725835,19.324485854347152,19.43270250334229,13449800
2008-10-22,18.597877502441406,19.18534181966134,17.546626885510562,18.319606017482997,15369300
2008-10-23,18.49739646911621,19.162159195839376,17.136952607679184,18.752479600989332,10879900
2008-10-24,17.70895767211914,18.126367249581865,16.433541975996125,17.144683072370956,10412300
2008-10-27,15.791971206665039,17.724419930449965,15.614186277918755,17.245171998241098,11761500
2008-10-28,17.353389739990234,17.376578180576928,15.459589443433138,16.441273726933066,11767800
2008-10-29,16.479917526245117,17.531169787739184,16.23256439985614,17.24516681388885,14461400
2008-10-30,17.307010650634766,17.538905386812953,16.325327799473737,17.538905386812953,9410800
2008-10-31,18.342798233032227,18.698369473771386,16.46445831883577,17.05965272711895,14807400
2008-11-03,18.15728759765625,18.543777333173008,17.97177270152917,18.30415410996819,5451000
2008-11-04,17.639387130737305,18.930262601730014,17.43068236896424,18.783396124074045,10569500
2008-11-05,17.600732803344727,18.273223731384128,17.37656817777127,17.453866375360064,11475300
2008-11-06,17.129220962524414,17.909930222986688,16.982354484488287,17.469332263219293,11371800
2008-11-07,17.33792495727539,17.716684615997664,16.874137108558408,17.322465018305273,7309700
2008-11-10,16.57267951965332,17.569822225375557,16.302136422201425,17.407497251509184,7087800
2008-11-11,15.583271980285645,16.294413424694557,15.142673749117213,16.294413424694557,9592200
2008-11-12,14.58612060546875,15.45958659963824,14.55520072458576,15.45958659963824,8305500
2008-11-13,16.108890533447266,16.1320804458063,13.805412315399037,14.67114840269312,13802000
2008-11-14,15.475045204162598,16.68089244202148,15.467315234609156,15.668290019975792,9847900
2008-11-17,14.60157585144043,15.482773095838699,14.60157585144043,15.250878463379895,8951100
2008-11-18,14.709798812866211,15.111746988567281,13.99865769138415,14.361957486033212,12303900
2008-11-19,13.704926490783691,15.088560534727016,13.681738048838302,14.617042557285101,9254900
2008-11-20,12.599567413330078,14.416069843609868,12.313565775088104,13.604441819652044,13078000
2008-11-21,13.25660228729248,13.295252159017595,11.741561962701546,12.924220762165762,17653300
2008-11-24,14.740717887878418,14.995801047617146,13.357085437883889,13.581248711913052,13471700
2008-11-25,16.023868560791016,16.224843456371193,15.034455504816899,15.14267218922863,13391300
2008-11-26,16.217117309570312,16.356253921986223,15.243162497001043,15.40548903626697,9609700
2008-11-28,16.240306854248047,16.526308573624156,16.039331915970266,16.08571029423681,3549700
2008-12-01,15.55234146118164,17.345652889548273,15.490503186904887,16.75045857817154,11531800
2008-12-02,15.706934928894043,16.402615817505726,14.879847535540327,15.846071401484503,8941500
2008-12-03,15.753318786621094,15.869266870672,14.725256291669789,15.335910696797676,8016700
2008-12-04,15.382287979125977,16.132078853647673,15.096286459964098,15.490506085113013,7406500
2008-12-05,16.549489974975586,16.673166569539617,14.864394531114051,15.08855928022467,8246800
2008-12-08,16.580406188964844,17.075112457665533,16.139806759769694,16.990084264854733,7721800
2008-12-09,16.062515258789062,17.14468631229597,15.606457215455057,16.41035516473336,8246400
2008-12-10,16.673158645629883,16.858673449310118,16.147532631365586,16.23256080259675,7030600
2008-12-11,18.15728759765625,18.52058741827912,16.39489387293696,16.47219211490858,13822100
2008-12-12,18.19593620300293,18.42782943861035,17.430685281947724,17.639390078599146,8309400
2008-12-15,18.381452560424805,18.922537311680518,18.134097888441826,18.28096440241955,10733200
2008-12-16,18.82204246520996,19.239450436621972,17.392030752882583,17.824898661027817,11878600
2008-12-17,18.474212646484375,19.200813903018503,18.29642768750163,18.520591010927347,8141000
2008-12-18,19.254919052124023,19.386325624903865,18.31188460145428,18.675184432390843,10148800
2008-12-19,20.476221084594727,20.80860241306957,19.26264384292871,19.33994206630395,17398000
2008-12-22,19.896488189697266,20.73130582442788,19.324483650561575,20.4607627584518,8160500
2008-12-23,20.08200454711914,20.561252425952283,19.8810297253079,20.043356166684415,5888900
2008-12-24,20.066547393798828,20.468497093279094,19.695517582436157,20.22114388570398,1965700
2008-12-26,20.32935905456543,20.46849559220811,20.089735836592645,20.159304105413984,2108200
2008-12-29,19.76508331298828,20.414386136491373,19.386323578335016,20.414386136491373,5507900
2008-12-30,20.9013614654541,20.955469781817076,19.911947407696275,19.958325753958675,5886600
2008-12-31,20.561246871948242,21.11006139244987,20.252055488965574,20.916816593793104,5584600
2009-01-02,21.32649803161621,21.426984687320004,20.514870393394908,20.63854695780309,4885900
2009-01-05,20.978654861450195,21.38833436519066,20.53032698773117,21.179629628888488,8518900
2009-01-06,20.483957290649414,21.156450122109266,19.950601008756525,20.95547526988381,7423000
2009-01-07,20.32935905456543,20.932283559569953,20.128385693905226,20.64628051282207,8228400
2009-01-08,20.646276473999023,20.800872924324594,19.90421705085473,20.174760101753968,6106900
2009-01-09,20.4453125,20.870450721251785,19.94287454390392,20.67720580716612,5931400
2009-01-12,19.803726196289062,20.708111848184924,19.54864313931027,20.545785462285306,6242600
2009-01-13,19.602764129638672,20.32163543027308,19.20854433657007,19.262652675440762,10393800
2009-01-14,18.613353729248047,19.29357531200083,18.373730401434702,19.092601859216717,7846700
2009-01-15,19.239456176757812,19.432701020555996,18.443288363887643,18.597883354321496,10735100
2009-01-16,19.710973739624023,19.803731911814705,19.13896918841469,19.62594553797766,9587900
2009-01-20,18.67518424987793,20.10519659277918,18.574697565483113,19.64140860665697,8196900
2009-01-21,19.363136291503906,19.417246096085904,18.443291728731282,18.713833379934158,8206400
2009-01-22,21.017314910888672,21.21055980329464,19.517734133002737,19.664600664046898,19846600
2009-01-23,21.674339294433594,22.08401736123262,20.043352573784208,21.001846685293035,14194800
2009-01-26,21.759370803833008,22.19996884595829,21.488827706671845,21.767100775105188,11956600
2009-01-27,22.478240966796875,22.802892374835984,21.712991535206378,21.852128063557597,14528200
2009-01-28,23.181652069091797,23.38262689035963,22.60964748902543,22.88792054529493,16850900
2009-01-29,22.17678451538086,22.957494066424914,22.037647955385072,22.942034121016153,8842900
2009-01-30,21.898508071899414,22.33910612878975,21.380611774038186,22.2308894760353,9325100
2009-02-02,22.5323486328125,22.802891710688908,21.48882617491274,21.643422640653878,9313100
2009-02-03,22.988401412963867,23.38262098500384,22.176773836278578,22.887914764878776,12365200
2009-02-04,22.400943756103516,23.14300478313184,22.22315883923157,23.03478665927569,13014100
2009-02-05,22.26181411743164,22.47824895784769,22.045380751357325,22.153597434394484,13264500
2009-02-06,22.370025634765625,22.748785387311,22.029914264878258,22.238619069650596,15279600
2009-02-09,22.818347930908203,22.957484432516573,22.346830114200053,22.895646151172954,12664700
2009-02-10,21.6202335357666,22.92656914959876,21.519746861321615,22.625107651922576,12561200
2009-02-11,22.068567276000977,22.17678542395443,21.372885921861805,21.488832568494733,14523700
2009-02-12,22.787433624267578,22.833813452370187,21.25693468107228,21.488827924220193,16370900
2009-02-13,22.385480880737305,22.756512082812563,22.145857699201613,22.74105214223837,9258200
2009-02-17,21.968069076538086,22.28499043280621,21.05595337826755,21.790284213137106,13399000
2009-02-18,21.898508071899414,21.98353628440152,21.488828426792637,21.98353628440152,10999400
2009-02-19,22.145856857299805,22.717861367729817,21.859855339255308,22.091748541688197,10142100
2009-02-20,21.62796401977539,22.076292028589375,21.287854133324267,21.743910638990148,14396200
2009-02-23,18.412370681762695,20.793147382922733,18.049070862764914,20.5612541323865,29258700
2009-02-24,18.71383285522461,19.084864133105146,18.242316366104955,18.373722939151076,13996100
2009-02-25,17.801713943481445,18.628801564799605,17.43841272617424,18.628801564799605,14346100
2009-02-26,15.513693809509277,18.04133639197445,15.080825828432063,18.04133639197445,34614900
2009-02-27,15.189043045043945,15.92337397436898,15.011258158774858,15.606452577335906,19846800
2009-03-02,13.511682510375977,14.879856701155344,13.140652671150173,14.8334783398375,30818800
2009-03-03,13.75903034210205,14.501091203959618,13.01697095458543,13.712651998967498,33608100
2009-03-04,13.882709503173828,14.307849063500814,13.619897860030358,13.99865759420742,30539200
2009-03-05,12.638216018676758,13.78995537866554,12.50680943535769,13.542602156968822,23363700
2009-03-06,13.836329460144043,13.967736002824505,12.61502219996018,12.808267028940797,24728700
2009-03-09,13.751303672790527,14.137793357026244,13.248865903811183,13.658545499863854,13752500
2009-03-10,14.92623519897461,14.980343533397171,13.63535924814752,13.63535924814752,18763300
2009-03-11,14.779369354248047,15.699213939144267,14.508826222196793,15.011262624954002,15788800
2009-03-12,15.776510238647461,15.923376744934503,14.578392697432385,14.709799261091048,15471200
2009-03-13,16.510845184326172,16.758198427271015,15.761054008015288,15.853812211290416,11716000
2009-03-16,15.985210418701172,16.812297943715876,15.93883207856843,16.71953978910954,8086100
2009-03-17,16.649978637695312,16.881871890995143,15.730132647502128,16.317597226781896,12679300
2009-03-18,16.96689796447754,17.69349751945562,16.449001721400176,16.479920129913143,11402800
2009-03-19,16.46445655822754,17.31473398280276,16.302131632057975,17.229707272383823,8968000
2009-03-20,15.946565628051758,16.897331485362464,15.652834081649504,16.78138338676608,13299800
2009-03-23,17.044198989868164,17.059658935165555,15.877001132404212,16.387167532485876,10350900
2009-03-24,16.3253231048584,17.00554422515455,16.317593135107867,16.758191090501406,8353700
2009-03-25,16.3716983795166,16.75045798023381,15.931100506730067,16.456726556489688,14040500
2009-03-26,16.71181869506836,16.85095377708146,16.13208402648517,16.363977304181844,12733100
2009-03-27,16.294404983520508,16.657704754938546,16.155268461684326,16.46445991335299,6794600
2009-03-30,15.87700366973877,16.132086910544945,15.583270559512405,15.807435379124199,8537100
2009-03-31,16.202123641967773,16.73625999183972,15.946667383593843,16.140194896801297,9877800
2009-04-01,16.008590698242188,16.333716869199616,15.366079631409322,15.954403249165491,12819300
2009-04-02,16.310504913330078,16.844641470707995,16.124718605654788,16.38791624398603,14884600
2009-04-03,15.900225639343262,16.64337078911485,15.590580350440268,16.295020577348065,9655100
2009-04-06,16.97623062133789,17.06912298402104,15.675725731793909,15.737654465748504,12855600
2009-04-07,18.152875900268555,18.39284953145475,16.024073891671904,16.56594988068903,21519900
2009-04-08,17.696155548095703,18.880542934969778,17.456180378567623,18.671534351490504,15949800
2009-04-09,18.470264434814453,18.50896934287915,17.804529385318947,18.238030556933474,8783700
2009-04-13,18.86505699157715,19.027619345304185,18.191580797500237,18.67152953628459,10678000
2009-04-14,18.9656982421875,19.252119640810225,18.330928169913133,18.717983236080226,11141200
2009-04-15,19.437908172607422,20.01074956046528,18.640574111353583,18.841842946519545,15740600
2009-04-16,18.857316970825195,20.204267972098794,18.323180745260654,19.600461739873772,12370500
2009-04-17,18.687013626098633,18.888282389261366,17.881940049945257,18.826353652634182,13915400
2009-04-20,18.741207122802734,19.25212121016912,18.207072151030008,18.207072151030008,9951200
2009-04-21,17.649715423583984,19.90237642832699,17.587786654523978,19.646920071392163,23880900
2009-04-22,17.657447814941406,18.292217747367108,17.417474140206767,17.6961541989293,17248100
2009-04-23,17.928386688232422,18.23028910238866,16.99171433841559,17.881940503707828,15036800
2009-04-24,17.850982666015625,18.276744206454403,17.463927525524838,18.13740411963801,14607200
2009-04-27,17.812274932861328,18.23803492964263,17.595523556837456,17.95935627646674,11906800
2009-04-28,18.49349021911621,18.996662976268343,17.56455896479247,17.804532687597202,14061200
2009-04-29,18.47800636291504,18.772167513467103,18.013540067282303,18.617344922756974,11349100
2009-04-30,18.207073211669922,18.934735774691273,18.090956970889756,18.88828957367883,10722700
2009-05-01,17.78130531311035,18.253512862874565,17.60326037603445,18.2380303092599,10355700
2009-05-04,18.361894607543945,18.392859726278363,17.649713118131718,17.789053199440346,9592300
2009-05-05,19.78624725341797,19.879141084611252,18.284475215022503,18.284475215022503,13811900
2009-05-06,20.072669982910156,20.126857439777655,19.546275013630225,19.925588688200186,9675400
2009-05-07,21.97698402404785,22.077619158197216,19.97203886027797,19.97203886027797,17479200
2009-05-08,22.348556518554688,22.983326487112237,22.093100275684023,22.24792139095547,17012400
2009-05-11,21.35769271850586,22.085356453576587,21.210611420922977,21.876346421721564,9914700
2009-05-12,21.148685455322266,21.52025790959934,20.413281824127765,20.947416673464428,9918900
2009-05-13,21.411880493164062,21.907310374669734,20.513913094686277,20.955155517464455,9800700
2009-05-14,21.520261764526367,21.8376468106368,20.916456787290887,21.41962809381977,6013100
2009-05-15,21.29576873779297,22.247923793450006,21.032571189262075,21.473813704005686,8907900
2009-05-18,21.52800178527832,21.543484341866286,20.591329259174415,21.43510939874626,10816500
2009-05-19,21.257055282592773,21.83763765671818,21.094492926556377,21.450582740634573,6927600
2009-05-20,21.50478172302246,21.969246658270766,21.001608915673433,21.42737040831507,9396300
2009-05-21,20.83903694152832,22.03890660233451,20.622285654896736,21.17964568437871,9292300
2009-05-22,20.359094619750977,21.164169815875404,20.22749584640363,20.86226735557765,6591500
2009-05-26,21.04805564880371,21.21835935234295,20.01848919579812,20.28942657040647,10316400
2009-05-27,21.28028678894043,21.55896690157265,20.83130298330956,20.862268096489966,7596100
2009-05-28,21.04805564880371,21.961505873191726,20.95516178001088,21.257064269716157,9964100
2009-05-29,20.59132194519043,21.195126672672544,20.12685574801372,21.109975594679906,11723600
2009-06-01,21.288028717041016,21.411886220547604,20.637776085382477,20.823562340642358,8330000
2009-06-02,21.752490997314453,22.00794723475508,20.993863562066245,21.45832837450547,9444800
2009-06-03,21.288028717041016,21.551226281116993,20.59132989069198,21.125466297375333,11787700
2009-06-04,21.1099853515625,21.620897961647792,20.91645780299995,21.466075332198542,6605900
2009-06-05,20.978384017944336,21.481555287948055,20.36683632985676,21.388661426233014,8517500
2009-06-08,20.165565490722656,20.900970602521564,19.86366305449883,20.893229325118686,10476700
2009-06-09,20.111377716064453,20.490691443985106,19.631430336449615,20.42102142492849,12179500
2009-06-10,19.9178524017334,20.34361384013311,19.67787868556131,20.14234503813471,9867400
2009-06-11,18.617347717285156,18.834099081514935,17.98257765778822,18.385115272858723,31038100
2009-06-12,18.741207122802734,18.911512310757534,18.17610703449349,18.42382206079354,15141300
2009-06-15,18.199321746826172,18.702492826272366,18.137393021301985,18.586376650476673,13557500
2009-06-16,18.594120025634766,19.26759480720625,18.013537604591612,18.30769871492793,14164100
2009-06-17,18.594120025634766,19.081808609652136,18.44703873221788,18.6018613017617,12144300
2009-06-18,19.70110321044922,19.879148184284833,18.55541910688143,18.64057169284537,16954800
2009-06-19,19.68561553955078,20.49843036650887,19.368230589862577,20.07267050029225,21833600
2009-06-22,19.012142181396484,19.492091056168913,18.942472159631166,19.422421034403598,9727600
2009-06-23,18.99665641784668,19.63916753395289,18.725717675188008,18.957950039468376,9052100
2009-06-24,19.20567512512207,19.615954094203804,18.85732639423967,19.043112679343245,9147500
2009-06-25,19.34501075744629,20.0571920914104,19.004401908203157,19.074071933650565,14774400
2009-06-26,19.174701690673828,19.538532795310292,19.004396575590782,19.298559150826556,15564900
2009-06-29,19.44564437866211,19.53853675435049,18.957954238556205,19.197927931665156,7976400
2009-06-30,19.337268829345703,19.70110150033875,19.06633001465877,19.360492662546672,10177400
2009-07-01,19.476604461669922,19.724319387017484,19.08180824571071,19.42241700631232,6875300
2009-07-02,18.508975982666016,19.437908874433944,18.493493423286985,19.29856879301894,10398500
2009-07-06,18.6483097076416,18.795391018612168,18.338666008096432,18.508969673721868,7908100
2009-07-07,19.48435401916504,20.36683918492642,18.578645015594866,18.617349935444803,19892000
2009-07-08,19.097288131713867,19.63142428774076,18.50896452789387,19.554013015251797,11864900
2009-07-09,19.30630874633789,19.8172213587604,18.74894845896932,19.259861071391825,8967800
2009-07-10,19.097288131713867,19.662387910838014,18.88053686404422,19.275333024890426,5621200
2009-07-13,19.36049461364746,19.44564720080138,18.787653292107255,19.13600196624092,5801600
2009-07-14,19.174701690673828,19.917846451590197,19.050844230521097,19.79398899143747,9708400
2009-07-15,19.2830810546875,19.422421098679255,18.694757244776596,19.399197265848052,12532300
2009-07-16,19.546279907226562,19.77851234522814,18.826357282324704,19.19792977372636,11892400
2009-07-17,19.422412872314453,19.739797737423853,19.190180548355368,19.554011582957163,9050100
2009-07-20,19.228893280029297,19.54627827448528,18.85732081966586,19.54627827448528,8006700
2009-07-21,19.809478759765625,20.02623013224512,19.314048738667264,19.72432617120262,12851000
2009-07-22,20.126863479614258,20.59132985521263,19.639174744959607,19.824960999899375,11307100
2009-07-23,20.939674377441406,21.164166980457182,20.15782459662175,20.32038698377308,9955300
2009-07-24,21.148685455322266,21.311249326879537,20.126860467811465,21.079015435583102,7961000
2009-07-27,21.380918502807617,21.829902236464086,20.947415846761793,20.9706396779242,7030300
2009-07-28,22.511119842529297,22.99880851673554,21.257060931502537,21.50477738388265,17732800
2009-07-29,21.992464065551758,22.913655340589145,21.829901681043882,22.08535791134025,17007300
2009-07-30,21.752490997314453,22.45693096954459,21.481552205726484,22.325332212287442,13690200
2009-07-31,21.721527099609375,21.953760995269537,21.47381212543671,21.737009654619598,8317500
2009-08-03,21.179655075073242,21.98472889745136,20.95516241332963,21.9382826999002,12181300
2009-08-04,20.846790313720703,21.272550381963402,20.51392265329544,21.04805916598942,8508800
2009-08-05,20.266206741333008,20.81582431445562,20.1578317779563,20.808083034714695,7892500
2009-08-06,20.111377716064453,20.475210365915157,19.677876523654803,20.335870327801924,11043400
2009-08-07,20.52165412902832,20.63002904520468,20.119116616805428,20.18878662763237,8506500
2009-08-10,20.95516014099121,21.009347611674578,20.26620262544926,20.49069378635147,7705000
2009-08-11,21.535737991333008,21.644112908927855,20.746145509291214,20.947414268037015,11762400
2009-08-12,21.51251983642578,21.767976103819386,21.288027204459805,21.48929600248171,6901500
2009-08-13,21.961498260498047,22.000203164454657,21.04804835274664,21.396396917848442,7858600
2009-08-14,21.721527099609375,22.054394649840543,21.373178470865703,21.737009654619598,6718400
2009-08-17,22.04665756225586,22.96784908946646,21.458333648537206,21.458333648537206,14909500
2009-08-18,21.814424514770508,22.046656971849085,21.520261827539827,21.96924566065691,8269600
2009-08-19,21.814424514770508,21.899577104731698,21.37318196042244,21.48155691019271,7561900
2009-08-20,21.97698402404785,22.402745440876057,21.690564130079444,21.721527764550032,8741100
2009-08-21,22.38726043701172,22.48789408365754,21.884089250787422,22.23243785209766,8182700
2009-08-24,22.98333168029785,23.006554040762047,22.100845070208436,22.518865276539948,11908000
2009-08-25,23.1613712310791,23.223299971944382,22.58853000895086,23.04525502651891,10207500
2009-08-26,22.395004272460938,23.099444308954368,22.302110415600175,23.091703031174493,10143100
2009-08-27,22.402746200561523,22.611754800694385,22.07761990685753,22.30985234100418,7784000
2009-08-28,21.814424514770508,22.549828279851305,21.659601892386153,22.52660592004222,9074200
2009-08-31,21.67508316040039,22.286630858287804,21.442850717138104,21.651859325475016,7603900
2009-09-01,21.15642738342285,22.03891235859928,21.109981194334022,21.628634981402104,10171000
2009-09-02,22.185993194580078,22.549824374728587,21.17965075285153,21.187392030279927,14380400
2009-09-03,22.348556518554688,22.526601465540796,21.698303995520693,22.402743982724576,10479600
2009-09-04,22.356300354003906,22.642721757518785,22.100844065030277,22.294371601419325,5837100
2009-09-08,21.551218032836914,22.44918532783034,21.35769057311424,22.44144405226175,13752600
2009-09-09,21.984722137451172,22.0156872439626,21.442846061979083,21.69056100808033,10975000
2009-09-10,22.534337997436523,22.58852545019547,21.71378050095222,21.791191780535293,9136500
2009-09-11,22.503376007080078,22.766573508162686,22.27114361271192,22.54208239047314,5430600
2009-09-14,22.263408660888672,22.58079371239055,22.007952363911595,22.333078694291324,7354500
2009-09-15,21.442846298217773,22.31758989583716,21.4118811913652,22.309848619124015,13570400
2009-09-16,22.673675537109375,22.71238043443879,21.527991972294206,21.6363683425115,14119100
2009-09-17,22.712390899658203,23.130409594116212,22.54982700767607,22.797543484815407,11461300
2009-09-18,22.124067306518555,22.650462427593535,21.992468526249812,22.36404103177407,15698600
2009-09-21,22.131803512573242,22.402742289441786,21.845382182398485,22.023428592424846,8258400
2009-09-22,21.349956512451172,22.27888922363817,21.295769041656534,22.232441554530332,12943800
2009-09-23,20.653255462646484,21.558964240405643,20.614549075948762,21.558964240405643,15226100
2009-09-24,20.150087356567383,20.931938770523097,20.11138096389755,20.691963565463862,13992100
2009-09-25,19.615949630737305,20.266202218888647,19.453385745450564,20.13460344565569,16839100
2009-09-28,19.972042083740234,20.196534745000296,19.631434667101374,19.69336342253553,8795400
2009-09-29,19.879138946533203,20.467462543487915,19.30629789919506,20.0649251124404,23216300
2009-09-30,19.383708953857422,19.817210002789558,18.981171527314707,19.46886002280121,22933900
2009-10-01,19.190189361572266,19.848181740475905,19.120519337088716,19.267599187444844,17202100
2009-10-02,18.79539680480957,19.283085597166902,18.539940489479907,19.105040599679153,11219600
2009-10-05,18.609603881835938,18.965693749640984,18.53993386830929,18.87279990610627,12436800
2009-10-06,18.872804641723633,19.035368539575988,18.439303374947222,18.93473339412026,11192200
2009-10-07,19.391456604003906,19.615949232341,18.88828535533173,18.90376791104417,12081700
2009-10-08,18.70250129699707,18.911511393992406,18.191588710896,18.803136444364284,24531700
2009-10-09,19.097288131713867,19.39144919537526,18.896019413841458,18.926984513435926,16555000
2009-10-12,19.53080177307129,19.755294460266626,19.20567540035615,19.20567540035615,13952400
2009-10-13,18.803133010864258,19.484349175774565,18.547675287963003,19.484349175774565,19003700
2009-10-14,19.252113342285156,19.298559521610454,18.849575850806126,19.058585872516094,9801800
2009-10-15,19.00440216064453,19.283082266135963,18.87280338599556,19.174707325777216,11123600
2009-10-16,18.92699432373047,19.321789212710687,18.834100453295253,19.128261669427136,12367000
2009-10-19,19.29082679748535,19.345014276803035,18.896030406958996,19.019887924398862,10270400
2009-10-20,20.09589958190918,20.52940234617232,19.73980960751231,19.879149676275603,21392200
2009-10-21,19.44564437866211,20.181048012769583,19.375974358646978,20.103636715364143,11959800
2009-10-22,19.902368545532227,20.126861167270697,19.368233677633025,19.391456034021328,13756100
2009-10-23,20.0107479095459,20.297167841595677,19.81722036975628,20.204275449335515,8293000
2009-10-26,19.59272003173828,20.27393753150208,19.577238956764347,20.072668791867205,14347500
2009-10-27,20.513917922973633,20.746150365464757,19.499834091898865,19.58498520001342,20485300
2009-10-28,20.03396987915039,20.521660096760094,19.97978240530441,20.351356396601584,11505700
2009-10-29,20.490694046020508,20.58358790872479,20.126862826465928,20.173309019569142,13044200
2009-10-30,20.088157653808594,20.738410254899364,20.049451262971143,20.374577563516528,11745700
2009-11-02,20.45198631286621,20.599067626672504,19.84817997973853,20.14234260735111,8189400
2009-11-03,20.831300735473633,20.90097075611383,20.328129512570435,20.57584448529215,11443700
2009-11-04,21.57444190979004,22.418220277768526,21.380914449616636,21.380914449616636,22424700
2009-11-05,21.837644577026367,21.969243349258086,21.41962590296536,21.63637725619931,11991700
2009-11-06,22.1937313079834,22.24791876575931,21.52025503270318,21.752488892953853,11891400
2009-11-09,22.549829483032227,22.634982077536865,21.829908237076946,21.915059355083553,11751800
2009-11-10,22.425966262817383,22.588530131280145,22.155028942875543,22.449190094454252,8063300
2009-11-11,22.735610961914062,22.782057147702606,22.18599210350877,22.441448340092183,8794200
2009-11-12,22.263408660888672,22.78206253372067,22.209221185241713,22.78206253372067,8428600
2009-11-13,22.511119842529297,22.72012990711671,22.333074888176043,22.356297244353943,6267600
2009-11-16,22.565305709838867,22.836244499196656,22.410484599132715,22.62723444942085,8281300
2009-11-17,22.425966262817383,22.588530131280145,22.28662770248915,22.418224985605093,6103400
2009-11-18,22.348556518554688,22.534342742779017,22.178251372309134,22.425966337941578,7327600
2009-11-19,22.162769317626953,22.23243933784442,21.57444699923143,22.18599314986534,6991000
2009-11-20,22.10858154296875,22.271145413368043,21.9073127625446,21.9073127625446,9008200
2009-11-23,22.511119842529297,22.898174861469965,22.395003632146643,22.40274490970518,9622100
2009-11-24,22.882692337036133,22.98332746893437,22.333074918122314,22.70464738244414,7241100
2009-11-25,22.86720848083496,23.022029583914875,22.73560973114338,22.898172110851924,8060900
2009-11-27,22.78980255126953,22.944623690763798,22.216961234495166,22.441452403536115,5456500
2009-11-30,22.1937313079834,22.828501201639764,22.062132563457265,22.789796296513394,12634400
2009-12-01,22.216964721679688,22.596278566250067,22.162775764028385,22.44919720562135,9705800
2009-12-02,21.899572372436523,22.294367168859008,21.798937246683625,22.232438428587084,11500500
2009-12-03,21.15642738342285,22.03117108100152,21.13320355062957,21.88409123613727,15325700
2009-12-04,21.257055282592773,21.71378020169121,21.133197827565805,21.404136564123796,11814700
2009-12-07,21.907320022583008,22.038918827375834,21.30351495770854,21.31899751744844,11281000
2009-12-08,22.031171798706055,22.387263197314677,21.729269345047054,21.798939369198788,15897400
2009-12-09,22.0621337890625,22.913655037624075,21.775712455124513,22.356294923257735,19103600
2009-12-10,23.463275909423828,23.780660921372156,22.09310220175573,22.23244077469824,27521700
2009-12-11,23.59487533569336,24.028378051869883,23.53294658716783,23.55617042155159,19072800
2009-12-14,23.958709716796875,24.183200892365196,23.811628374977534,23.904520766075482,20357700
2009-12-15,24.24512481689453,24.291571003193837,23.90451600553844,23.91999855980409,28990900
2009-12-16,24.926342010498047,25.019234381497515,24.314794416011484,24.384464432509894,34897200
2009-12-17,24.632179260253906,25.02697700265567,24.237382994349755,24.84118930864392,14802800
2009-12-18,24.415435791015625,24.77152576517092,24.059344340362337,24.678631893892412,15694400
2009-12-21,24.90311622619629,25.73915640817002,24.709590210903123,24.74829511866224,24416000
2009-12-22,25.019237518310547,25.166317370249597,24.91086257972434,25.07342498760365,10356400
2009-12-23,24.477359771728516,25.274693633303478,24.39994847351288,24.94956588549826,9500100
2009-12-24,24.5238094329834,24.694113131977094,24.190941837065708,24.686371853409483,4963400
2009-12-28,24.299318313598633,24.647668488579328,24.0593445688886,24.407694743869296,7968700
2009-12-29,23.88129997253418,24.353506190658567,23.780664819664796,24.0670862434107,9200000
2009-12-30,24.00515365600586,24.00515365600586,23.687768642673937,23.881296161851832,5806300
2009-12-31,23.59487533569336,24.113529158281338,23.57165297780743,23.958708025216435,5354200
2010-01-04,24.407682418823242,24.46186986834676,23.974179869640576,24.29156476813312,12199500
2010-01-05,24.36898422241211,24.748297972888604,24.214163097022507,24.562511736522428,11180700
2010-01-06,24.608957290649414,24.817967342307405,24.314794667612766,24.46187597913109,9761100
2010-01-07,25.553369522094727,25.58433463047601,24.45413475151652,24.45413475151652,11789800
2010-01-08,25.313400268554688,25.483702478534497,25.03472016659331,25.43725776353801,7228700
2010-01-11,25.483705520629883,25.64627090151053,25.31340329032039,25.3211430927452,7206900
2010-01-12,24.810226440429688,25.475961553991173,24.415431615384996,25.31339915267839,13121500
2010-01-13,25.189542770385742,25.19728257188564,24.523807627561222,24.763781339498834,8797200
2010-01-14,25.793357849121094,25.80110060666644,25.02699021995093,25.29792767410265,8818300
2010-01-15,26.126222610473633,26.31201038168877,25.623049734554822,25.963660156283165,19382000
2010-01-19,27.19448471069336,27.790549755931472,26.706794591317585,26.753242253685126,26477900
2010-01-20,26.745508193969727,27.92215611280235,26.544240830943984,27.82152095479137,26854700
2010-01-21,25.623037338256836,27.627982162279597,25.545627526948934,27.42671488108205,29192700
2010-01-22,25.669490814208984,26.404896000275926,25.623043145100993,26.18040336241416,21021600
2010-01-25,25.545629501342773,26.102989635421455,25.514664393228347,25.979132155958997,10925800
2010-01-26,25.112125396728516,25.47595801357686,25.112125396728516,25.1663128563023,11057200
2010-01-27,25.731416702270508,25.955906349295496,24.856671609326664,25.0347165480683,14387100
2010-01-28,25.878501892089844,26.389414459966453,25.57659941375309,25.801092060258398,16742100
2010-01-29,25.545629501342773,26.164916898655065,25.514664393228347,25.87075427755851,11931500
2010-02-01,25.64626121520996,25.863011037192265,24.941821340772616,25.568848455219957,13710200
2010-02-02,26.358449935913086,26.412637410006923,25.491447397415843,25.65400981969735,12114600
2010-02-03,25.793357849121094,26.3584580770638,25.406302655763337,26.3584580770638,8410400
2010-02-04,25.127607345581055,25.731415092445562,25.073419887310457,25.731415092445562,10648500
2010-02-05,25.189542770385742,25.259212795867274,24.64766512252888,25.09664743441329,12666000
2010-02-08,25.088905334472656,25.506925449066266,24.949565296274788,24.949565296274788,9558200
2010-02-09,25.545629501342773,25.59207716351441,24.771519516453598,25.328879650532283,11236500
2010-02-10,25.321142196655273,25.677232155514137,25.003757154542654,25.54563484797772,10755200
2010-02-11,25.63852310180664,25.700453321004435,25.1121280506069,25.32113811090639,7857600
2010-02-12,24.910863876342773,25.42951623885724,24.794746177244676,25.37532876674366,11688700
2010-02-16,24.485107421875,25.235993859333067,24.299321132498722,25.026986683094297,13934200
2010-02-17,25.197280883789062,25.708193385426426,24.523805984584225,24.523805984584225,11690900
2010-02-18,25.30565071105957,25.5378860355919,24.864408319239857,24.949560877835733,10327100
2010-02-19,24.725072860717773,25.36758407690075,24.639920291519605,25.096643815543388,11508200
2010-02-22,25.607572555541992,25.638534726183593,24.678638040871,24.856684548794636,16338800
2010-02-23,25.39854621887207,25.67722329507953,25.05019618236919,25.44499092174256,10746500
2010-02-24,26.02558135986328,26.05654647332551,25.05020390976902,25.452741525790767,10982600
2010-02-25,25.89397430419922,26.30425156755807,25.421766837241865,25.793339199848972,14779500
2010-02-26,26.21136474609375,26.551972078774178,25.824309750913383,25.94816723125129,9684700
2010-03-01,26.350711822509766,26.87710699286748,25.955913968243454,26.319746705901416,10970800
2010-03-02,26.281034469604492,26.606159244484378,26.017836957703775,26.404891948558053,7081500
2010-03-03,26.397144317626953,26.590671777295757,26.14168960642137,26.35843941629213,8089700
2010-03-04,25.50692367553711,26.397148354352435,25.096643390261654,26.35844344709875,17386600
2010-03-05,26.118473052978516,26.157177962903546,25.514665236765776,25.568852701259882,8133300
2010-03-08,25.623037338256836,26.195879982118345,25.568849879742302,26.118470170810443,7734800
2010-03-09,25.607572555541992,25.89399256670467,25.59982979813405,25.684982411641077,8770800
2010-03-10,25.731416702270508,25.97138890305501,25.49918134887298,25.561111563911037,7419000
2010-03-11,25.93269157409668,25.97913924894976,25.499188801122756,25.615306511757428,14678000
2010-03-12,25.47596549987793,26.11847835648153,25.375330351242056,26.07203068334283,9450400
2010-03-15,25.18179702758789,25.375324525071342,24.71733221482572,25.375324525071342,13520100
2010-03-16,25.58434295654297,25.630790634230642,24.841197831517537,24.887645509205214,12932100
2010-03-17,25.352096557617188,25.669481465104216,24.972781447208494,25.669481465104216,10614400
2010-03-18,26.00235939025879,26.07976922207666,24.756041608218766,25.127614116336993,15407200
2010-03-19,26.621646881103516,26.861622084327703,26.10299451177498,26.621646881103516,21827600
2010-03-22,25.777862548828125,27.217707629095198,25.70819253033148,26.68357278928448,20218800
2010-03-23,25.669490814208984,25.901723253757577,25.514668203511363,25.82431342490661,11409500
2010-03-24,25.32888412475586,25.808831573328852,25.32888412475586,25.65400895840331,10825800
2010-03-25,25.63852310180664,25.7468980324074,25.23598553600711,25.35984302140732,14786200
2010-03-26,25.25921058654785,25.754640523085264,25.235985278088357,25.623040285132628,8751000
2010-03-29,25.421772003173828,25.561112036590966,25.17405704443119,25.28243196975669,7967200
2010-03-30,25.59208106994629,25.77012603928855,25.23598817826608,25.383070987763023,7253100
2010-03-31,25.29016876220703,25.630779004711567,25.158571497962928,25.468216636058887,6961600
2010-04-01,25.561363220214844,25.561363220214844,25.19719616034535,25.414145239905288,6713400
2010-04-05,25.67758560180664,25.739572744324505,25.39090245693562,25.662088816177175,6722000
2010-04-06,25.886781692504883,26.343926416190666,25.762810392304107,25.778307174292824,9430900
2010-04-07,25.51487159729004,25.97976330345147,25.36765658000444,25.97976330345147,8395900
2010-04-08,25.274681091308594,25.53812056736742,24.949257420964745,25.44514279808489,11174600
2010-04-09,24.99574851989746,25.34441890084688,24.492116152490908,25.305678404232594,12831400
2010-04-12,24.99574851989746,25.08872925862426,24.80204308111561,24.933764316456692,8763300
2010-04-13,24.91826820373535,25.321175882034456,24.662577076710008,25.135217355238517,11119100
2010-04-14,24.058204650878906,24.88726333902643,23.972975299085004,24.879516425289825,16499100
2010-04-15,23.73278045654297,24.251910889197976,23.306629248509527,24.07370230968251,25271500
2010-04-16,23.81026840209961,24.10470144992548,23.508088438464355,23.663053356041654,15355500
2010-04-19,24.197673797607422,24.538595653193745,23.678543361226634,23.678543361226634,13524400
2010-04-20,24.003969192504883,24.972496046410225,23.446098256683094,24.964749132091114,26564000
2010-04-21,23.446090698242188,24.3681283797172,23.31437102946004,24.12793273332644,13735400
2010-04-22,23.60106086730957,23.64755121877794,23.151664481431165,23.43834907073421,14148700
2010-04-23,23.980730056762695,23.996225366203976,23.46159950517787,23.48484320826728,14799000
2010-04-26,23.12843132019043,24.135699081879295,23.012208344280992,24.1124553734106,16596800
2010-04-27,23.089683532714844,23.52358470111134,22.950216883431985,23.120677106681,16204300
2010-04-28,23.585569381713867,23.725037503000628,23.019948503400343,23.190410197353003,13270600
2010-04-29,24.251914978027344,24.592836888645706,23.856757270863085,23.87225257936696,13609500
2010-04-30,23.484840393066406,24.282907108897227,23.415106336447458,24.282907108897227,15545900
2010-05-03,23.446090698242188,23.69403325645464,23.159406191650145,23.632047616901527,9553500
2010-05-04,22.849483489990234,23.283383071230165,22.686771701220728,23.25239098292603,11745200
2010-05-05,23.24464225769043,23.32212469412031,22.578295373389846,22.655777809819725,11359500
2010-05-06,22.655776977539062,23.45384353109637,21.671753470094078,23.36086431522528,10439100
2010-05-07,22.485319137573242,22.686772894638437,21.88870625832493,22.508562835560415,14194800
2010-05-10,23.151668548583984,23.29113667178077,22.407840528674335,22.45432941045496,9059800
2010-05-11,23.12843132019043,23.306639981775252,22.895983890516238,23.097437738425075,9614100
2010-05-12,23.492589950561523,23.539078831327497,23.081935461061477,23.12842434182745,11345400
2010-05-13,23.38411521911621,23.5778206116167,23.190409826615717,23.399612005201416,7148300
2010-05-14,23.54683494567871,23.61656902862163,22.903732885759307,23.221409717896883,12201000
2010-05-17,23.585569381713867,23.810266872122074,23.143921316209045,23.608813083358402,8658100
2010-05-18,23.38411521911621,23.81801488451795,23.306632766545043,23.655303064187873,8907900
2010-05-19,23.236896514892578,23.438350281430914,23.050939532977512,23.329875744777475,10096000
2010-05-20,22.438825607299805,22.97345275309153,22.431078694304578,22.872726627754698,10194300
2010-05-21,22.23737907409668,22.52406221997161,21.818974727764846,22.11340774433647,11502800
2010-05-24,22.338106155395508,22.609294004732643,21.82672402937914,22.152149153012726,7996700
2010-05-25,22.36910057067871,22.384595879736473,21.780235968690427,21.95069619116535,8547300
2010-05-26,22.307113647460938,22.895976738506455,22.291616861418987,22.508565954586853,9613100
2010-05-27,22.7177734375,22.7177734375,22.353607747605647,22.710025042669667,6502100
2010-05-28,22.52406120300293,22.78750063631271,22.35360100174268,22.69452288211794,11697300
2010-06-01,22.454330444335938,22.9424688980004,22.384596379526727,22.60929536121306,8178500
2010-06-02,23.174911499023438,23.198156676605066,22.36909788830558,22.562803267921524,7967800
2010-06-03,23.70010757446289,23.723450303359055,23.07764964446616,23.279948842729286,8064800
2010-06-04,23.60674476623535,24.594898243778157,23.256611176851806,23.41222643525718,16676300
2010-06-07,23.70010757446289,24.174732673620877,22.813104653203354,23.707888484094944,16847400
2010-06-08,24.034679412841797,24.205856457662506,23.54449397552972,23.676766471956277,18435500
2010-06-09,23.75457763671875,24.244763147328452,23.692331834037248,24.03468300675701,10126400
2010-06-10,23.886844635009766,24.213635394612506,23.513368421137596,24.058020181827715,11766600
2010-06-11,23.863508224487305,23.9879998340451,23.443347929186952,23.731235703825014,9072700
2010-06-14,23.801267623901367,24.073593635875046,23.77014397267815,23.902416522262087,8390100
2010-06-15,24.26810073852539,24.283661072856475,23.933529063471784,24.042458824072796,9569200
2010-06-16,24.42371368408203,24.610451046554495,23.995774080589708,23.995774080589708,10152000
2010-06-17,24.509309768676758,24.540433414063752,24.25254563046243,24.540433414063752,9370800
2010-06-18,24.377038955688477,24.602680948417824,24.275890069192105,24.50931148975739,10243000
2010-06-21,24.236982345581055,24.74272968015184,24.1591747208647,24.594896825653475,7110500
2010-06-22,23.840167999267578,24.38481996142558,23.793484011786298,24.205863439366343,6578200
2010-06-23,23.50559425354004,24.05802708171381,23.43556902016584,23.9413163806807,8358400
2010-06-24,23.155454635620117,23.45890265663726,23.05430430591,23.40443777943486,8952600
2010-06-25,23.248828887939453,23.42778686971878,23.015407498219638,23.147680014809403,14216100
2010-06-28,22.711963653564453,23.598966881692927,22.65749875135408,23.24105381913487,9883000
2010-06-29,22.27623176574707,22.587462186925066,22.143959281963415,22.470750036955,14389900
2010-06-30,22.097278594970703,22.377385422018246,22.027251888208816,22.18286712191453,11078500
2010-07-01,21.669342041015625,22.02725505227089,21.10912830644973,22.02725505227089,15600900
2010-07-02,22.019474029541016,22.136186213022512,21.622657948309335,21.700464091887586,9312900
2010-07-06,22.47853660583496,22.61080912292395,22.011693824633355,22.167307590348223,13395000
2010-07-07,22.719741821289062,22.758644894151953,22.408511302157542,22.548564738955307,8978500
2010-07-08,23.093215942382812,23.256610624174108,22.758644183602097,22.81310907753253,8996400
2010-07-09,23.318851470947266,23.443343054619564,22.968719448390203,23.14767591441204,6971100
2010-07-12,23.37331199645996,23.396653235030175,23.038740392427435,23.2721616824678,8901800
2010-07-13,23.451120376586914,23.552270700382287,23.186575430738806,23.52892797549339,6905100
2010-07-14,23.5911808013916,23.645645691670683,23.171022016340864,23.34219759779754,4711100
2010-07-15,24.026901245117188,24.065805797951132,23.43556688261069,23.591180641775633,9214500
2010-07-16,23.60674476623535,24.213642493147795,23.458910419155956,23.910192887663026,9411300
2010-07-19,23.9802188873291,24.08914867451615,23.56784098780269,23.71567384639738,8575500
2010-07-20,23.987998962402344,24.501527204182636,23.528935612317383,24.392597420791965,13493900
2010-07-21,23.886844635009766,24.221414819600756,23.79347521052756,24.003555302570035,8884400
2010-07-22,24.120269775390625,24.275885012725578,23.8479438520829,24.190296483785666,9202600
2010-07-23,24.05802345275879,24.314787549923707,23.91797003902213,24.12026924952432,5746700
2010-07-26,24.485960006713867,24.501521824940838,23.995774605017715,23.995774605017715,5479000
2010-07-27,23.94908905029297,24.680476649903188,23.83237690536724,24.53264383869532,11856600
2010-07-28,23.598962783813477,24.058026142810824,23.458909354416722,23.956877268278184,7981800
2010-07-29,23.684551239013672,24.026902416298473,23.373322221456117,23.723454309686986,5540300
2010-07-30,23.692325592041016,23.87128204209522,23.29550814797086,23.497807324402114,4893200
2010-08-02,24.462623596191406,24.55599155588537,23.987998434900057,24.034682414747035,7440900
2010-08-03,25.225133895874023,25.349628468005285,24.330351419535305,24.42371938051979,9954200
2010-08-04,25.60639762878418,25.863163297073225,25.20958146738214,25.23292272154852,9379500
2010-08-05,26.003210067749023,26.05767793319787,25.427437447893972,25.48968177279876,7829600
2010-08-06,26.02654266357422,26.104348776986583,25.6452855843825,25.738656482212903,7479400
2010-08-09,26.05767250061035,26.291093864538887,25.956522154599636,26.06545192655871,6059400
2010-08-10,25.933177947998047,26.15881689210464,25.64528876284296,25.909833736590695,7957600
2010-08-11,24.890554428100586,25.793120449361773,24.696036183288243,25.55969618109667,17250600
2010-08-12,24.99949073791504,25.085079257934662,24.563768712412173,24.672698476759525,8998000
2010-08-13,24.921688079833984,25.046179695256804,24.62602086421907,24.906126256891852,6868600
2010-08-16,24.820531845092773,24.89055854352801,24.408154047703807,24.78162878332061,5231900
2010-08-17,25.17066764831543,25.349627102054,24.882781386059396,25.07729969236203,5544800
2010-08-18,25.318498611450195,25.645287878754097,24.991706376033054,25.116197949498336,6444900
2010-08-19,24.734949111938477,25.264039154726433,24.711606380383618,25.18623004954357,7067700
2010-08-20,24.59489631652832,24.766071900115282,24.42371924888438,24.703826098442118,5330200
2010-08-23,24.509309768676758,25.030617472395072,24.485967034636513,24.610458648070303,5077300
2010-08-24,24.15139389038086,24.44706106625061,24.01134047084264,24.275885489068852,7509700
2010-08-25,24.86722183227539,25.092863800503263,23.98021874957446,24.06580728704807,10921200
2010-08-26,24.78163719177246,25.20179604088781,24.78163719177246,24.929471547969147,9944700
2010-08-27,25.18623161315918,25.22513468410886,24.493746858667077,24.86722168238931,7051400
2010-08-30,24.828317642211914,25.271819163576144,24.804974910119125,25.155109955283102,7173200
2010-08-31,24.680482864379883,25.061738577381757,24.44706148386672,24.75050957534522,8650800
2010-09-01,25.357404708862305,25.38852834798482,24.7738498318263,24.906120845926605,8623100
2010-09-02,25.567489624023438,25.62195451866313,25.12398807160643,25.544148374353327,5430000
2010-09-03,26.384469985961914,26.384469985961914,25.60639655320796,25.637520202865623,7760900
2010-09-07,26.28331756591797,26.52452137984682,26.158825945077286,26.267755742298586,6831800
2010-09-08,26.337779998779297,26.42336853661589,25.933184495011186,26.283315105267665,8552100
2010-09-09,26.47005271911621,26.64900921313292,26.39224361207811,26.532297036632745,7507100
2010-09-10,26.934717178344727,27.051856805235463,26.395864765842585,26.54424579725516,8940700
2010-09-13,27.11433219909668,27.551658215817557,27.07528267983798,27.168997951186793,7101400
2010-09-14,27.0284366607666,27.333003942331388,26.536441755667553,26.559869091461458,8716000
2010-09-15,26.76290512084961,27.020614647662338,26.528622920367184,26.942521573854798,11169600
2010-09-16,26.73948097229004,26.856620596922443,26.489576552475217,26.731669876545116,6153700
2010-09-17,26.653568267822266,27.028420309050926,26.653568267822266,26.911277742828567,7286900
2010-09-20,27.278331756591797,27.356424843577084,26.82538351070827,26.841002723917388,5639200
2010-09-21,27.536041259765625,27.723468838757846,27.20023860329925,27.247093263752078,6428000
2010-09-22,27.864036560058594,27.879655771986236,27.262710306614686,27.426707563264827,7184300
2010-09-23,27.67660140991211,27.957741189429942,27.481365782920196,27.645365973678434,6711800
2010-09-24,27.903091430664062,28.067088736274705,27.80156801235516,28.067088736274705,8558100
2010-09-27,27.606313705444336,27.98116869336961,27.52822065407763,27.98116869336961,7505200
2010-09-28,27.364234924316406,27.809372057547666,27.26271153175448,27.684421335571525,8410300
2010-09-29,27.48918914794922,27.49699726572851,27.106525837431107,27.262715004562185,7872500
2010-09-30,27.418909072875977,27.77033401697364,27.395481736289835,27.715668245565237,7847200
2010-10-01,27.66880226135254,27.700040686767892,27.14556906235614,27.3876623907348,6503500
2010-10-04,26.97376823425293,27.56728352203748,26.825387178011255,27.56728352203748,5883300
2010-10-05,27.38766098022461,27.434518615934394,26.981570407920017,27.153378759795824,6887400
2010-10-06,26.513004302978516,27.50480185363511,26.505193207987116,27.364231934388673,13815400
2010-10-07,26.81757164001465,27.0128073092113,26.637955181840915,26.856618178041998,6878900
2010-10-08,26.82538414001465,26.98157329670963,26.70043341047074,26.90348020789233,6022300
2010-10-11,27.059659957885742,27.254895591119954,26.60671185883388,26.62233106697974,6746300
2010-10-12,27.34861183166504,27.379850252492243,26.89566366684989,26.958140508504304,6766300
2010-10-13,27.582895278930664,27.817177487625383,27.34861307023595,27.403278819629385,8050100
2010-10-14,27.942119598388672,28.316971612752067,27.512601851455134,27.53602917139691,10274300
2010-10-15,28.098323822021484,28.293559537554483,27.934326535948315,28.121751154586054,7825200
2010-10-18,28.30917739868164,28.40288970351966,27.98899095967966,28.184226665877464,8035000
2010-10-19,27.567272186279297,28.051455746615627,27.270513174885,27.82498466489896,13178200
2010-10-20,28.68402862548828,28.699647838942294,27.68442279691423,27.692230914111057,10386500
2010-10-21,28.49658966064453,28.777726423950334,28.207638825959272,28.777726423950334,6840200
2010-10-22,29.097925186157227,29.097925186157227,28.441933165292387,28.660599158287425,6622900
2010-10-25,29.33221435546875,29.636781588626647,29.254118283466383,29.300975926667803,7456100
2010-10-26,29.340017318725586,29.433729609604644,29.012022811118864,29.293159683756045,8050600
2010-10-27,28.059268951416016,29.176017151325,27.879652503893137,29.090112985322815,12700700
2010-10-28,28.30917739868164,28.42632001402451,28.074895147056367,28.332604730126032,6281600
2010-10-29,28.152976989746094,28.840207235125156,27.965552454953155,28.42630865665309,6696900
2010-11-01,28.199840545654297,28.613739211202336,27.879654167217915,28.324791254823133,7671800
2010-11-02,28.89488410949707,28.965169081898804,28.39508118533381,28.42631961285912,9988000
2010-11-03,28.629362106323242,29.24630761557304,28.168605748398242,28.621553989334128,10730400
2010-11-04,28.73869514465332,28.93393084941192,28.410700590607888,28.894884304272285,6839700
2010-11-05,28.785545349121094,29.043254863708267,28.488786320422825,28.684021974739643,7190400
2010-11-08,28.988588333129883,29.03544596135739,28.590308919904626,28.605928129313792,4370500
2010-11-09,28.879274368286133,29.113556693450924,28.746515476348595,29.08232123474064,6027600
2010-11-10,29.019838333129883,29.027646451420722,28.09051734535958,28.668413428826568,8385100
2010-11-11,29.261930465698242,29.285357798637744,28.691842524705372,28.87145902838307,5396400
2010-11-12,28.637176513671875,29.152601719978605,28.293562688528322,29.058886421162327,7373900
2010-11-15,27.700029373168945,28.410686876281233,27.676599074147024,28.36382925729639,9124200
2010-11-16,27.340795516967773,27.629746385862664,27.184609400770672,27.551650348704907,10840800
2010-11-17,27.590702056884766,27.598510171693555,27.004995137263986,27.40327453181996,9578000
2010-11-18,27.824987411499023,28.074888820795792,26.942521384198674,27.012806341754626,9207900
2010-11-19,28.113943099975586,28.49660641406748,27.598520928971794,27.754710097561556,14341600
2010-11-22,28.47316551208496,29.222869667598253,27.77812709838663,29.136968486931533,14972500
2010-11-23,28.152976989746094,28.379451033425223,27.94212215380959,28.231073028459207,6577900
2010-11-24,28.254507064819336,28.699644164557057,28.12955635224489,28.59031266343691,6306100
2010-11-26,28.020235061645508,28.32480234833822,27.910903520685157,27.92651975877001,2972200
2010-11-29,28.57468605041504,28.637159900989968,27.37203389149087,27.754697025351906,10899000
2010-11-30,28.520021438598633,28.879254285982316,28.14516938319053,28.363832337413758,12039400
2010-12-01,29.418107986450195,29.597727416246094,29.00420933819128,29.00420933819128,11012000
2010-12-02,29.714881896972656,29.722692995599864,29.394695371666202,29.425933808052505,8600200
2010-12-03,29.632604598999023,29.757967165168267,29.287858289253435,29.54641727434279,5383200
2010-12-06,29.21734046936035,29.679615473702256,29.178165229442406,29.515074683840126,5179900
2010-12-07,28.809907913208008,29.47589587787842,28.778566529513697,29.358370172343037,8523900
2010-12-08,28.86475944519043,28.997955868437042,28.739396874949147,28.919605382866028,5753700
2010-12-09,28.715879440307617,29.154646744807998,28.543504862752126,29.154646744807998,8309700
2010-12-10,28.731565475463867,28.872598767310095,28.543523078922235,28.825589662614686,7979300
2010-12-13,28.911771774291992,29.663947202098875,28.692385032855384,28.802076909133955,11122300
2010-12-14,28.598365783691406,29.052807003409562,28.473003203920822,28.668882421617337,8351800
2010-12-15,27.775672912597656,28.473002430433098,27.509277064212025,28.41815649007837,13520200
2010-12-16,27.90102767944336,28.018553380645272,27.37606998299616,27.775665138167405,10177800
2010-12-17,27.462257385253906,27.901027775672418,27.399577608839124,27.893190935571347,18279900
2010-12-20,27.56412124633789,27.68164996181813,27.407417288657363,27.650308572506148,6407700
2010-12-21,27.681640625,28.057728203253994,27.462253962693048,27.51709988105019,6873900
2010-12-22,28.08124542236328,28.104749972592643,27.6424748885102,27.74433292097033,5115000
2010-12-23,28.02639389038086,28.28495285798272,27.916702026011638,28.065569129244277,3808500
2010-12-27,27.8461856842041,27.97938209547256,27.775669057979872,27.814844297242406,2810600
2010-12-28,27.98720932006836,28.026384545870037,27.720813600187554,27.82266858949629,3082900
2010-12-29,28.136089324951172,28.230110507929588,27.948043970114817,28.081243385807134,3593700
2010-12-30,28.15959358215332,28.230110215877488,27.987221913289396,28.13608903387176,2865500
2010-12-31,28.29278564453125,28.37113611102992,28.04206056508105,28.237939720206437,2828000
2011-01-03,29.091981887817383,29.131157133094153,28.496507399643832,28.504344242026963,8212400
2011-01-04,29.35837173461914,29.381876279201215,28.856921524341413,29.01362247339394,6724300
2011-01-05,29.452392578125,29.624767206843085,29.217338168250595,29.38187595627478,7528100
2011-01-06,30.06353187561035,30.087039406650295,29.56991855695218,29.742290180932415,7157300
2011-01-07,30.12620735168457,30.19672394998746,29.81279958392106,30.071361440657654,6437700
2011-01-10,30.12620735168457,30.282911235566328,29.781458209369113,30.19672394998746,5725300
2011-01-11,30.619840621948242,30.635508329086907,30.040036824789212,30.18890395364372,5569100
2011-01-12,30.44745635986328,30.815710128048472,30.408281126602425,30.737356672648055,5872400
2011-01-13,31.02725601196289,31.02725601196289,30.502301327204563,30.768697089450487,8618200
2011-01-14,31.943981170654297,32.045839194333745,30.87839781521247,30.93324375360614,10560400
2011-01-18,32.03015899658203,32.11634629959631,31.708917314633375,31.95964238401386,6738900
2011-01-19,31.77942657470703,32.139843404945545,31.426843593439838,32.022314748230514,9424600
2011-01-20,31.58356475830078,31.732431881253238,30.847057019038175,31.340673462966162,11293100
2011-01-21,31.661909103393555,31.802942345724134,31.44252538815886,31.795108493985303,7384200
2011-01-24,31.191797256469727,31.73242264027061,31.105609951324947,31.661906025959304,7604100
2011-01-25,31.826444625854492,32.12418178169281,31.066435528334914,31.097773921939943,10000100
2011-01-26,31.53655242919922,32.2260480769599,31.426860551144465,31.802948271137698,8937900
2011-01-27,33.134925842285156,33.23678087322519,31.685417984139256,32.07717638003609,13558000
2011-01-28,32.06932830810547,33.25243682403219,32.01448239610822,33.150581838253316,7767400
2011-01-31,32.16334915161133,32.374898948335996,31.896953443388934,32.13984461493459,7320400
2011-02-01,32.96255111694336,33.048738442066025,32.35140897717078,32.406254913361686,9074600
2011-02-02,32.86851119995117,33.111399353497944,32.64912459138542,32.7039734851851,4285800
2011-02-03,33.72254943847656,34.54524113059878,32.0458246782386,32.7353170168274,14831200
2011-02-04,33.2916259765625,34.396384406610835,32.93904286295579,33.808746880225996,8338500
2011-02-07,32.75884246826172,33.11142268004046,32.57079709828393,33.01740148949145,7114100
2011-02-08,32.88420486450195,33.33864310696486,32.42976363315931,32.53162166585331,5618500
2011-02-09,32.96255111694336,33.26812218682965,32.7745087611115,32.88420063349331,5232500
2011-02-10,33.244625091552734,33.362153831951936,32.92338325519228,33.12709635115353,5457200
2011-02-11,33.205448150634766,33.56586521915363,32.93905227632085,33.0330734705258,5051100
2011-02-14,33.268131256103516,33.30730650850816,32.60997685351286,33.095759547747036,3752200
2011-02-15,32.93119812011719,33.26811046017725,32.82150628640057,32.993880875885715,4392700
2011-02-16,33.299476623535156,33.3464887253536,32.899884219160164,33.064422092203955,4993700
2011-02-17,33.36996841430664,33.49533093685435,33.02522222452,33.174089286020944,4823300
2011-02-18,33.56584930419922,33.926266201829556,33.34646562544658,33.44832062550833,6034900
2011-02-22,33.659873962402344,34.73329390562491,33.47966549480293,34.36504013029463,10738900
2011-02-23,33.62070083618164,34.23184289408376,33.34647119196375,33.36214188433034,7102200
2011-02-24,33.49534225463867,33.96545112581872,33.20544188370695,33.55802503153164,6313200
2011-02-25,33.315120697021484,33.70687893242078,33.22893340701314,33.57367957816839,5498700
2011-02-28,33.362144470214844,33.64420798803916,33.181932988470464,33.43265810801153,6644900
2011-03-01,33.26028060913086,33.65987276412533,33.205434685678256,33.346467914235994,5547400
2011-03-02,34.129981994628906,34.31019044246683,33.26027814589224,33.33862860534231,7233800
2011-03-03,35.1947135925293,35.27328956003194,34.36965394382745,34.7861119670573,8739600
2011-03-04,34.92754364013672,35.249709833998196,34.47179473309931,35.07683914546947,5622100
2011-03-07,34.228206634521484,35.178989402777006,34.031763765172144,34.94325855905386,6084100
2011-03-08,34.44037628173828,34.652532010543766,33.88247607669627,34.25964614649007,4696700
2011-03-09,34.958980560302734,34.97469335486008,34.20463752987397,34.503231583637834,4553400
2011-03-10,34.40894317626953,34.80182902300251,34.25964463612308,34.80182902300251,5117600
2011-03-11,34.25177764892578,34.62109118987312,33.99247163145717,34.47965208897755,4774800
2011-03-14,33.91389083862305,34.12604945964594,33.67030064467532,34.02389834638015,4516400
2011-03-15,33.623172760009766,33.85104727916638,33.12813573502707,33.26957488502213,4397900
2011-03-16,32.89239501953125,33.54458379691757,32.57808522483978,33.53672740091644,7141200
2011-03-17,33.21454620361328,33.57600020596427,32.931668115693725,33.31669729035735,5850600
2011-03-18,33.473873138427734,33.670316062943115,33.23814222850552,33.29314600757133,7372200
2011-03-21,33.937461853027344,34.126048286614136,33.52100401726776,33.654586698866666,4592100
2011-03-22,33.583866119384766,34.34606222935506,33.52100297764559,33.99246455077112,4505300
2011-03-23,33.59172821044922,33.686019941570095,33.30885001960652,33.505292874638386,3348200
2011-03-24,34.41679000854492,34.526797535457796,33.796029823844805,33.976759900893434,3917900
2011-03-25,34.37750244140625,34.58966110188514,34.259635519757865,34.283210702575744,4190300
2011-03-28,34.471797943115234,34.613237065540396,34.18891969826491,34.50322952531653,3531100
2011-03-29,34.95111083984375,34.95111083984375,34.377498088577646,34.377498088577646,4202900
2011-03-30,35.674034118652344,35.815473255489124,35.029701605276344,35.13970915670918,6533900
2011-03-31,35.51687240600586,35.94904613158899,35.446152851093686,35.86261078697629,5374300
2011-04-01,35.839046478271484,35.94119763503664,35.5954561805949,35.75261111466105,4511600
2011-04-04,35.83118438720703,36.216213796827496,35.76832421679847,36.0983468557753,3499900
2011-04-05,35.43043899536133,35.57187811290613,35.186848737927384,35.249711900160875,4950900
2011-04-06,35.32829284667969,35.56402374339841,35.22614468983953,35.50901996741341,5158600
2011-04-07,34.91181564331055,38.17276741454121,34.90395625249986,35.178977978766646,7706300
2011-04-08,34.87254333496094,35.548307369002934,34.68395683808476,35.061126834356436,4723900
2011-04-11,34.825374603271484,34.95895724777551,34.44820483831476,34.83323399278993,6048700
2011-04-12,35.21041488647461,35.28113442709829,34.59751120190945,34.72323449663157,3959100
2011-04-13,34.833251953125,35.493297134015314,34.636809078579915,35.26542567762811,4766300
2011-04-14,35.218284606933594,35.34400794922706,34.47180095066821,34.73110703023151,4719700
2011-04-15,35.34400939941406,35.4225883649972,35.021843134225804,35.35972519253069,5783300
2011-04-18,34.220359802246094,35.053278953115445,34.063204849584515,34.99041577305825,6722600
2011-04-19,34.542510986328125,34.55037037913575,34.023901967788355,34.259632794855506,5731300
2011-04-20,34.76253890991211,35.18685332032458,34.71539153209697,35.18685332032458,5168100
2011-04-21,37.56772232055664,38.42421305231935,37.37127951967051,37.787737298355744,18367400
2011-04-25,37.48917007446289,37.82705217218132,36.99413602220869,37.04128040957686,6650100
2011-04-26,37.20626449584961,38.306345356357184,36.876242036184856,37.81130866938086,10500000
2011-04-27,37.88205337524414,37.95277294896039,36.83697856086091,37.339871975073706,10513300
2011-04-28,38.58137130737305,38.58137130737305,37.76417139795014,37.86631951320315,7913500
2011-04-29,38.683536529541016,38.817119263757576,38.24350334283113,38.4635214349265,9542700
2011-05-02,39.194278717041016,39.445725328102256,38.68352610224035,38.81710880044916,9858200
2011-05-03,39.03713607788086,39.2964391654582,38.82497737123704,39.03713607788086,5879100
2011-05-04,38.942840576171875,39.10785188854379,38.47137582977694,38.934981181784245,7553000
2011-05-05,38.95855712890625,39.40644669837293,38.518523956500054,38.84854658769413,7393900
2011-05-06,39.382869720458984,39.485020862482365,39.013559125803184,39.335725345279435,6295300
2011-05-09,39.65789794921875,40.003636411944676,39.09214137613897,39.09214137613897,5665200
2011-05-10,39.6893310546875,40.058644748302115,39.43788432636989,39.8543454055996,5635900
2011-05-11,39.30429458618164,39.76004054151329,38.91140879823198,39.68146458291563,6196800
2011-05-12,39.351436614990234,39.57145166716508,38.55780575253623,39.29642985446625,5311300
2011-05-13,39.24928283691406,40.43579635643127,39.09998434945556,40.00362267703679,11099500
2011-05-16,39.42217254638672,39.86220586450147,38.801415058710624,38.94285423248031,6018900
2011-05-17,39.280723571777344,39.83862068794004,39.05284908856245,39.17857242456364,7224900
2011-05-18,39.76791000366211,39.83077018695803,39.092145797712654,39.17858117254081,7140400
2011-05-19,39.72075271606445,39.90147981952362,39.430018071150194,39.87790763134916,6101100
2011-05-20,39.08427429199219,39.877902158923774,39.07641489869211,39.65788710620616,10827500
2011-05-23,38.628536224365234,38.87212652776117,38.22779398069438,38.84855133873503,6741800
2011-05-24,37.68560028076172,38.64424246639813,37.559876961127465,38.6285266767588,9573100
2011-05-25,37.6148796081543,37.9684773708288,37.38700815885766,37.48129989641076,9448100
2011-05-26,37.481292724609375,37.63058819695843,36.907680018241265,37.457717546621836,11917200
2011-05-27,37.95276641845703,37.96062581278492,37.39486932040422,37.63845958739717,6039500
2011-05-31,38.46351623535156,38.46351623535156,37.99205152815005,38.23564177674485,6412000
2011-06-01,37.99204635620117,38.4949425749184,37.913470414437874,38.267068147332786,6614800
2011-06-02,38.80924606323242,38.88782499584224,37.93703939488205,38.188485984273896,8258700
2011-06-03,38.51203155517578,38.874685531054396,38.20456647288726,38.314938245256954,7949200
2011-06-06,37.960166931152344,38.48049307005876,37.84979216813177,38.38588613032684,5187400
2011-06-07,37.81826400756836,38.50414786112391,37.81826400756836,38.27551890747035,4530900
2011-06-08,37.999603271484375,38.23611471981642,37.5029271248027,37.82616013925129,6564200
2011-06-09,39.89168930053711,39.899574717985324,38.12573472524079,38.27552457529543,11530000
2011-06-10,38.95354461669922,39.70250023741045,38.756451190586105,39.68673240243256,8545400
2011-06-13,38.71701431274414,39.38713043327663,38.685478658096464,39.11908338358252,6362200
2011-06-14,39.10333251953125,39.41868318799798,38.81163510601399,38.94566019270474,6986300
2011-06-15,38.906219482421875,39.379245246565795,38.57510415418594,38.8037331231519,8991300
2011-06-16,39.15061950683594,39.30040935709693,38.3937818306663,38.84315438885487,9101200
2011-06-17,39.387142181396484,39.72614305145988,39.197934211885936,39.49751399817872,9675100
2011-06-20,40.419898986816406,40.71948167944293,39.14273509758501,39.2531068771302,8987600
2011-06-21,41.16885757446289,41.19250781275111,40.419902285477185,40.68794934656452,9781300
2011-06-22,40.82196807861328,41.49996959060629,40.77466760585452,40.97964333842184,6999500
2011-06-23,40.32530212402344,40.44355633401112,39.450207136047126,40.21492731766658,9979800
2011-06-24,39.78133010864258,40.514517778333214,39.59212213366815,40.404145958363706,7398600
2011-06-27,40.23069381713867,40.40413692827382,39.51327414026946,39.670949422446334,4544700
2011-06-28,40.8140869140625,40.97964458857968,40.22280692729642,40.47508614772417,5957100
2011-06-29,40.632755279541016,40.9008022867142,40.254336506015065,40.84561640353782,5630100
2011-06-30,40.6642951965332,41.026946183293525,40.53815258471529,40.79831721048164,6394000
2011-07-01,41.886260986328125,41.996632732137485,40.648515538486826,40.86925903010555,8152700
2011-07-05,41.665523529052734,41.870502250670285,41.20826862469967,41.84685201640871,4822300
2011-07-06,41.886260986328125,41.957214681120504,41.42900317379846,41.66551448730488,5319100
2011-07-07,41.49209213256836,42.17797613607198,40.97176581828875,42.00453302884351,7559100
2011-07-08,41.05849838256836,41.24770636173408,40.63277591833557,40.995427051242046,6927300
2011-07-11,40.15974044799805,40.632766298739156,40.002068171823566,40.50662667335604,6037500
2011-07-12,40.5302734375,41.019064068016064,39.99417932374471,40.00206474132073,6631700
2011-07-13,40.78255081176758,41.49208799105668,40.640643375909754,40.640643375909754,4869400
2011-07-14,41.20827102661133,41.43689999581657,40.82985221934334,40.84562004557184,7167600
2011-07-15,40.97175598144531,41.460546521165746,40.743127032699995,41.36594257966617,7030500
2011-07-18,40.955997467041016,41.15309081095612,40.246460225984315,40.6800649811164,7257700
2011-07-19,40.56182098388672,40.806214867087185,39.37926062288364,40.49874965441143,13946300
2011-07-20,40.609107971191406,40.900808261915465,40.18338866840952,40.80620129915903,7748900
2011-07-21,41.11368942260742,41.70496969422263,40.75103523705412,40.93236082612728,7831500
2011-07-22,41.58670425415039,41.68130823692017,41.097913501199095,41.405378700755655,5717300
2011-07-25,40.70372009277344,41.6497687884022,40.60123070716713,41.37383628983228,6533500
2011-07-26,40.412017822265625,41.13732289009403,40.33318168783908,40.90869388988899,5670100
2011-07-27,39.33195877075195,40.159750456593414,39.190051280904086,39.868053064086865,10581400
2011-07-28,39.35560989379883,40.12033327197894,39.253123487940634,39.29254156768661,7703600
2011-07-29,39.12697982788086,39.489630936316324,37.928651680201305,38.70913980455561,10759500
2011-08-01,37.85769271850586,39.702486677136626,36.02078117096831,39.6394153587669,23228700
2011-08-02,37.03778839111328,38.188813032850504,36.86434525067938,37.59753288036005,10060500
2011-08-03,37.1954460144043,37.282167543387295,36.24151521040123,37.04565619632773,8304300
2011-08-04,35.53199005126953,36.824921988071125,35.49257198147065,36.730318019072605,10154500
2011-08-05,35.918296813964844,36.43862319021507,34.88552647300185,35.934064644445904,14313700
2011-08-08,33.05649948120117,35.01954771618364,32.90670960618275,34.13657028137965,16743400
2011-08-09,35.263938903808594,35.319124796650726,32.96189020980648,33.37184470478061,19959800
2011-08-10,32.9934196472168,34.901284495594034,32.85151222017199,34.74360924249921,12690300
2011-08-11,34.63323974609375,35.019540983815446,32.53616686195944,32.75691042637183,13915800
2011-08-12,35.32700729370117,35.74484416422252,34.52286619781463,34.52286619781463,9500600
2011-08-15,36.217857360839844,36.28881105666749,35.461019943614644,35.6265775647443,8314700
2011-08-16,35.8709831237793,36.17844821222685,35.2008670595939,36.09172667294055,10044500
2011-08-17,35.89464569091797,36.43073992940716,35.57929808483431,36.0129029228283,4924400
2011-08-18,34.601707458496094,35.208755327098494,34.20752076517551,34.98801174120882,9901300
2011-08-19,34.1523323059082,34.87763733104212,33.884285254268256,34.01042486636908,8882900
2011-08-22,34.380958557128906,34.9249350271436,34.128679352999896,34.822445660652015,7162800
2011-08-23,35.374305725097656,35.461027260937904,33.99465258285229,34.530746615860046,9080100
2011-08-24,36.19422912597656,36.26518286492158,34.9959009834643,35.185111956453134,6286100
2011-08-25,35.5477409362793,36.58051071419748,35.3427652665864,36.47802137564877,5878900
2011-08-26,36.044437408447266,36.3282523498376,34.30212968655801,34.96436354733337,6009900
2011-08-29,36.86433029174805,36.91951918373295,36.241517736147244,36.45437886555707,4036700
2011-08-30,37.2742919921875,37.53445664798853,36.422850315959764,36.6908973822067,6002600
2011-08-31,37.4635009765625,38.228224068503074,37.06142889439362,37.63694407141226,6516400
2011-09-01,37.1954460144043,38.14149441004752,37.148142542030406,37.510796482087024,6493800
2011-09-02,36.177310943603516,36.992149922023785,36.14566594964884,36.22477843453554,5102800
2011-09-06,36.16147994995117,36.24059241624922,34.879888174242886,35.299173683210505,6797700
2011-09-07,37.34812545776367,37.53799228621697,36.54119671804117,36.76270852087516,6823700
2011-09-08,37.340240478515625,37.97312529655836,36.9051323547258,36.984241825293815,7435200
2011-09-09,36.01115036010742,37.13451958371747,35.82128356654346,36.86554338656952,9076000
2011-09-12,36.596580505371094,36.65196072942677,35.15676710787727,35.19632484189295,8216100
2011-09-13,37.96520233154297,38.1471564647324,36.64405290487985,36.69152038138519,11932000
2011-09-14,38.51106262207031,39.096479711083695,37.18200353102419,38.21835407756362,10108400
2011-09-15,39.982513427734375,40.140735292493524,38.44776526275102,38.8512311687784,11325800
2011-09-16,40.156578063964844,40.48884447454131,39.03320790621309,40.40182224753717,11790300
2011-09-19,39.515785217285156,39.697739418932095,39.07276432338417,39.286363521273955,8956300
2011-09-20,39.42082595825195,40.53628565208151,39.03318256719647,39.586957546776794,8440000
2011-09-21,37.981021881103516,39.87967869543222,37.95728965171975,39.49203518111704,7002700
2011-09-22,37.253211975097656,37.71205225920226,36.651972253690715,36.98423559550794,10065200
2011-09-23,37.65667724609375,37.87818917147414,36.77063859806976,37.023792497505184,7130000
2011-09-26,38.61391067504883,38.637642905156156,37.640850008833524,38.07595799518204,7147400
2011-09-27,39.12022399902344,39.86386315510591,38.65347096014393,39.24680094086369,8030600
2011-09-28,37.68830871582031,39.175589604757405,37.6250217725844,38.97781300316907,7338900
2011-09-29,36.84974670410156,38.55853683139109,36.22477176874674,38.25000272385601,9154500
2011-09-30,36.48583221435547,37.36396094299948,36.082369213054335,36.454190246798134,10485400
2011-10-03,33.95430374145508,36.56495869829025,33.91474900346762,36.208960020736995,12717100
2011-10-04,33.84354782104492,33.891015315300336,32.688532621326296,33.31350771544102,13800000
2011-10-05,35.1646842956543,35.346638427309315,33.891002356237394,34.44477750613584,8455800
2011-10-06,35.55232238769531,35.71845703393009,34.79286092828219,35.29916856789094,5804800
2011-10-07,35.51277542114258,35.955796211421344,35.16468959738713,35.5997976315395,5962900
2011-10-10,36.802284240722656,36.802284240722656,36.00326477951181,36.01117753653988,4752100
2011-10-11,36.89720916748047,37.03960858851809,36.30387925243436,36.6915227914439,4639600
2011-10-12,36.6915283203125,37.696234156657994,36.6836155636003,37.34814528929997,7267400
2011-10-13,36.8101921081543,36.881391828623606,36.12983989429917,36.40672903738314,5034600
2011-10-14,37.35606384277344,37.458905553330986,36.810198222559514,37.35606384277344,6074100
2011-10-17,36.865562438964844,37.66458171012147,36.75480800957644,37.07916156042755,5944600
2011-10-18,35.86875534057617,36.311775900376844,33.90681232059719,34.998539724994515,23926900
2011-10-19,36.746891021728516,37.51426213872311,35.76591780758521,35.916229947381524,12250600
2011-10-20,37.08708572387695,37.17410795026,36.34344343866382,36.92886376843802,7985300
2011-10-21,37.90983200073242,38.36867533995545,37.42725944380721,37.52219140377892,9218800
2011-10-24,38.7879524230957,38.95408708890268,37.9731136582193,38.13924530619434,7146200
2011-10-25,38.57434844970703,39.00154664896361,37.71204231468835,37.71204231468835,7477100
2011-10-26,38.57434844970703,39.1439460487158,38.07595356840592,39.10439133052498,10387600
2011-10-27,38.906612396240234,39.555319392856575,38.61390387772588,39.49202943326895,10025800
2011-10-28,38.64554977416992,39.04110300836954,38.12341962573969,38.898703602631144,6377300
2011-10-31,37.96520233154297,38.72466384863756,37.941467084374395,38.27373338424816,6164900
2011-11-01,36.56494140625,37.26111291553322,36.351342300731865,37.03169433656779,11125900
2011-11-02,36.67569351196289,37.18200112959801,36.446271929649654,37.18200112959801,7858100
2011-11-03,36.53330993652344,37.08708526478829,36.23268852669404,37.02379527626305,6721300
2011-11-04,36.05864715576172,36.47002001055036,35.66309378029877,36.44628777372906,8010400
2011-11-07,35.73426818847656,36.18520153147628,35.44155971831085,35.955779992613294,7919000
2011-11-08,36.50957489013672,36.60450684778631,35.66309097466594,35.82922265501086,7086400
2011-11-09,36.027000427246094,36.47001825502648,35.7026467956929,35.773846520562266,6423200
2011-11-10,36.493736267089844,36.628222896175714,35.94787096170765,36.43835906478023,5479700
2011-11-11,37.28485107421875,37.58546937850914,36.77854338506454,36.881385059664574,5104500
2011-11-14,37.134559631347656,37.42727137950895,36.913050648162724,37.12664988959114,4734200
2011-11-15,36.82600021362305,37.15826645192257,36.50955948239106,37.023776802329756,4911600
2011-11-16,35.52858352661133,36.62031105682574,35.473206327483084,36.38297977230027,8053800
2011-11-17,35.22007369995117,35.813403776396775,34.848252553005416,35.59189484689692,8147900
2011-11-18,35.2437858581543,35.394097989964116,34.919432388535206,35.291253323646515,5972300
2011-11-21,35.15676498413086,35.40200903818895,34.60299295534036,34.60299295534036,6656300
2011-11-22,35.14094161987305,35.59187500296402,34.79285592218353,35.06974494751416,4758800
2011-11-23,34.460609436035156,34.88780476665116,34.34985196145645,34.777050309905064,5515800
2011-11-25,34.54761505126953,34.990635721840526,34.3893961854805,34.45268312822983,2985100
2011-11-28,35.62351608276367,35.987427277987415,35.11720852850759,35.17258572863991,8826400
2011-11-29,36.29597091674805,36.54121202636086,35.67099599114562,35.84504040532151,6457300
2011-11-30,38.582271575927734,38.66929379004023,37.17410270852886,37.46681132322621,11702500
2011-12-01,38.38449478149414,38.81169309411791,38.289562829077425,38.43987200522326,7021500
2011-12-02,38.155067443847656,38.76421983191762,37.99684553484488,38.36075683090084,7639100
2011-12-05,38.31621551513672,39.29257613450495,38.03045084057698,38.76867524050086,8135400
2011-12-06,38.33207702636719,38.64165429621216,38.16538203922992,38.38764202207961,8306100
2011-12-07,39.165557861328125,39.45132244769281,37.958997956713574,38.093943690525954,10200500
2011-12-08,38.2288932800293,39.332259943121834,38.08601096111859,39.07824760462856,8641800
2011-12-09,38.8242301940918,38.95917593457396,38.197135990582005,38.26857714070421,5713500
2011-12-12,38.260650634765625,38.89568156490593,38.054263689928575,38.66548190645934,4947700
2011-12-13,38.04631423950195,39.13380452822288,37.86374309818861,38.451145374054974,5267700
2011-12-14,37.91136932373047,38.34001620110022,37.80817891211822,37.99075005735378,7513500
2011-12-15,38.51466369628906,38.73692376880035,38.00663894308246,38.00663894308246,9354200
2011-12-16,38.89567565917969,39.29257030876315,38.66547603568547,38.91155180853093,10214200
2011-12-19,38.871856689453125,39.34019242166577,38.768663249320745,38.832164808433866,5877400
2011-12-20,39.546573638916016,39.64182748527172,39.18143137116482,39.22905678031008,6053300
2011-12-21,39.681514739990234,39.68945129790129,39.33224563060721,39.554508616959545,6695000
2011-12-22,40.26892852783203,40.427686984386234,39.57039313583297,39.60214543275695,4627100
2011-12-23,40.76109313964844,40.880162786174736,40.23719214545314,40.44357912902314,3898000
2011-12-27,40.76109313964844,41.046857868858034,40.55470918414534,40.76109313964844,2999300
2011-12-28,40.253047943115234,40.880142111956665,40.213359090367184,40.76107252564715,2959600
2011-12-29,40.62612533569336,40.935702592243295,40.39592577587647,40.4276780657957,3774000
2011-12-30,40.2292594909668,40.62615431386263,40.2292594909668,40.530900404226436,2205400
2012-01-03,40.87221908569336,41.038914139268215,40.57057825441526,40.67377172818052,6021000
2012-01-04,41.467552185058594,41.475488745292516,40.6816994870094,40.68963604724332,5406400
2012-01-05,41.74536895751953,41.85649894720853,41.11827484077148,41.18971598100942,6330100
2012-01-06,41.896202087402344,42.404226801018716,41.65806588140293,41.87238937522224,5321700
2012-01-09,41.84856414794922,42.04701143161276,41.65011686428567,41.77712300470773,5079300
2012-01-10,41.76918029785156,42.1025732840987,41.5707330290103,42.039068704598286,7063200
2012-01-11,42.07876968383789,42.16608699179156,41.324672267290836,41.66600191034652,4281600
2012-01-12,41.9676399230957,42.261344147662015,41.69775143688654,42.245467998112545,4550300
2012-01-13,41.83270263671875,41.90414380495335,41.22148442583749,41.824763046878076,4995700
2012-01-17,42.52328109741211,42.57884609119035,41.96762813156464,42.110510409298705,6495700
2012-01-18,42.816993713378906,43.00750447755651,42.01526785344911,42.34865790567758,8389800
2012-01-19,41.53106689453125,42.08672015679106,40.816655124759116,41.52313033178564,18656600
2012-01-20,41.49135971069336,41.68186741316614,40.96745898679522,41.5469247095867,8873800
2012-01-23,41.618377685546875,42.1105262562435,41.24529570572549,41.43580649041855,7535900
2012-01-24,40.74519729614258,41.68980526609714,40.665816566693536,41.49135798457234,10397800
2012-01-25,40.93571090698242,40.99921549971975,39.546579735542664,40.189550110712695,13121500
2012-01-26,39.9672966003418,41.054790299950746,39.61009377919597,40.967472978135945,13576200
2012-01-27,40.499141693115234,40.67377635658001,39.943488423236445,39.95936457701203,7027300
2012-01-30,40.538822174072266,40.6181998984564,39.74503281796658,40.34037483504584,4852400
2012-01-31,41.1103515625,41.97558208352577,40.784898046961835,40.80077419748395,8843000
2012-02-01,42.27721405029297,42.555042104156875,41.372294791332266,41.404047088013684,7480600
2012-02-02,41.70570373535156,42.26929358981303,41.284993214245446,42.26929358981303,5319200
2012-02-03,40.72932052612305,41.88825190573293,40.284797532215826,41.864439201295724,9676900
2012-02-06,40.713462829589844,40.800780156180586,40.229250766180485,40.46738700265835,8577100
2012-02-07,41.30085372924805,41.380234471127295,40.41181061666022,40.554692923977186,5243300
2012-02-08,41.38816833496094,41.570739487290695,40.99921332332181,41.277038331635474,6022000
2012-02-09,42.118465423583984,42.491544371599176,41.435806075037746,41.443742636456726,9613500
2012-02-10,42.32484436035156,42.46772667364836,41.52311851624473,41.72950239763687,6574700
2012-02-13,42.745540618896484,43.05512090274497,42.372461811496805,42.467715652953636,5703700
2012-02-14,43.22977066040039,43.25358640185077,42.523298568053846,42.78525052754394,5982000
2012-02-15,43.35676193237305,43.53139651196636,43.03924809355324,43.28532078872718,7009300
2012-02-16,43.49170684814453,43.571084549350296,43.070996553171405,43.356761122416486,6907700
2012-02-17,43.40440368652344,43.539346428105205,43.29327365744053,43.50759715412879,6387400
2012-02-21,43.91241455078125,44.07910954180654,43.56314842271894,43.650465711750826,7502200
2012-02-22,43.801292419433594,44.166434759053494,43.404397782090456,43.70603855432966,6760100
2012-02-23,43.61078643798828,43.94417954446833,43.388526385712325,43.77748450526136,7195800
2012-02-24,44.174373626708984,44.24581478138765,43.65840939535576,43.745726698636986,5004500
2012-02-27,44.237876892089844,44.579206529989996,43.87273454440414,43.92829955261432,5355900
2012-02-28,44.3251838684082,44.41250115469307,43.85684817402453,44.15848888262718,4538200
2012-02-29,44.253746032714844,44.531571029765836,44.10292718118222,44.44425676502507,5582600
2012-03-01,44.5745849609375,44.66215526574799,44.25613699763531,44.383515575567216,4258200
2012-03-02,44.45518112182617,44.62236499199343,44.08100509502205,44.55071432807234,4408900
2012-03-05,43.81828689575195,44.646249427190895,43.81828689575195,44.29595595168822,4739900
2012-03-06,43.35653305053711,44.112844842106036,43.08585313682651,43.5555623095318,4445700
2012-03-07,43.300804138183594,43.57148404587564,43.18138840760926,43.27692159945781,4474900
2012-03-08,44.27206802368164,44.606435714767535,43.6351750142713,43.68294009188618,4883600
2012-03-09,44.40739059448242,44.670110575286344,44.18447888006285,44.38350806420728,4743200
2012-03-12,43.802345275878906,44.487006187523264,43.74661734464687,44.423315387861244,4567000
2012-03-13,44.04914474487305,44.08894997815567,43.54759030206699,43.88195790597461,6497400
2012-03-14,44.40739059448242,44.479041222252185,43.81826591010374,43.913799068148656,6684000
2012-03-15,44.35166549682617,44.781569290885365,44.21632710070265,44.50292963007544,4598700
2012-03-16,44.25613021850586,44.43923670642577,44.10486912942708,44.24817038726777,8510100
2012-03-19,44.686038970947266,44.85322277807424,44.42331895665227,44.82934024475459,5347700
2012-03-20,43.611270904541016,44.606416757871685,43.57146567779662,44.52680630438288,5378100
2012-03-21,42.9664421081543,43.7784819381994,42.95847923623315,43.7784819381994,6252500
2012-03-22,42.894798278808594,43.15751539208711,42.512662363255835,42.687806093126085,7550900
2012-03-23,42.719635009765625,42.98235505850395,42.608179123735475,42.88681883881085,6471200
2012-03-26,43.86603927612305,43.86603927612305,42.8788560365451,42.90273857134209,5098400
2012-03-27,44.12876510620117,44.24022099916155,43.13361886627592,43.98546380469631,7455900
2012-03-28,44.13671875,44.5506998921844,43.6908952406821,44.09691351337446,5435300
2012-03-29,46.262367248535156,46.429551118190794,43.77051976306706,43.786442470217004,17258500
2012-03-30,46.92313766479492,47.31323635414675,45.967799637790186,46.15090619419761,10802600
2012-04-02,47.066444396972656,47.185863182574714,46.262367423015874,46.923143069028534,9105900
2012-04-03,47.28936004638672,47.45654391944963,46.7480001400389,46.9868346782639,7948100
2012-04-04,47.018672943115234,47.19381662480843,46.70818474999795,47.098283431435284,4791300
2012-04-05,46.978858947753906,47.12216023885596,46.652451126231476,46.82759782356622,4826800
2012-04-09,46.28624725341797,46.86741236627569,46.182751181089806,46.58877259879106,4755600
2012-04-10,45.824501037597656,46.437511564593834,45.553821104079155,46.14294605312514,5841700
2012-04-11,46.190711975097656,46.60469320884421,46.05537049630284,46.23848009178033,6496000
2012-04-12,46.54098892211914,46.66836749280964,45.95186417152986,46.198658443961314,4303200
2012-04-13,46.21458435058594,46.6126427912231,45.96779006103562,46.48526421169701,5655400
2012-04-16,45.66526794433594,46.45342201045003,45.66526794433594,46.45342201045003,6628000
2012-04-17,46.25440216064453,46.493239719506214,45.61750908988672,45.86430648346912,5896300
2012-04-18,45.6334342956543,45.935959659688464,45.4662504248509,45.935959659688464,6551300
2012-04-19,46.740028381347656,47.24954277587478,45.37070920529234,45.60158082741252,10754500
2012-04-20,47.37691879272461,47.53614279157384,46.91517253670154,47.09827907244734,8378800
2012-04-23,47.122161865234375,47.23362079089573,46.89129025444172,47.00274614315787,4471400
2012-04-24,46.74799728393555,47.13013312913786,46.54896800808357,46.98683180756878,5030600
2012-04-25,46.86739730834961,47.36895176562427,46.70817333368126,46.8037095406491,6091300
2012-04-26,46.4693489074707,46.70818340248602,44.95672841441008,45.330901343054116,9384700
2012-04-27,46.10313415527344,46.76391270590482,45.84837696482273,46.66041664823883,7509600
2012-04-30,44.70196533203125,45.76079923413681,44.168565427645156,45.33885824723892,9874300
2012-05-01,45.48215866088867,45.68914771550883,44.70196447509743,44.79749765131097,4887100
2012-05-02,45.10798645019531,45.71303399841653,45.03633580292417,45.195559800965064,5175400
2012-05-03,44.35963439941406,44.99652730857341,44.0969143661043,44.99652730857341,7296800
2012-05-04,43.56350326538086,44.367579730962035,43.51573517395213,44.30389197933436,5787500
2012-05-07,43.985469818115234,44.12877113921136,43.19731255208655,43.26896321263462,4076600
2012-05-08,44.439231872558594,44.558650586750886,43.71476583092066,43.97748578736609,4702900
2012-05-09,43.96158218383789,44.55070706947393,43.66701670407449,44.08099791295285,6635800
2012-05-10,44.01730728149414,44.47109370402953,43.810315171984385,44.232259224318035,4030800
2012-05-11,43.9456672668457,44.29595771938142,43.802365936957024,43.9456672668457,3937800
2012-05-14,43.913822174072266,44.24023008633582,43.444112930869,43.64314221973571,4634300
2012-05-15,43.73866653442383,44.34371715024008,43.59536523262236,43.802357351644616,5514500
2012-05-16,43.70682907104492,44.017314247500536,43.65906095276496,43.81828497675251,4036200
2012-05-17,43.6909065246582,44.15265285526974,43.571487746994606,43.842167677679186,5465300
2012-05-18,42.98235321044922,44.05710982175311,42.81516635164718,43.69885660567015,6420400
2012-05-21,44.22428894042969,44.26409417421791,43.05399927494373,43.0619591069235,4825900
2012-05-22,44.35963439941406,45.08410065301,44.18448771054089,44.391476767163326,5832200
2012-05-23,44.07303237915039,44.48701353448849,43.54759534294145,44.14468302213093,4671800
2012-05-24,44.757694244384766,45.171675407497155,43.794390462457365,43.8103131653015,7192400
2012-05-25,44.678077697753906,45.028371062659524,44.47904848112837,44.71788293369004,4306500
2012-05-29,44.70196533203125,44.781575807577845,44.18448813014347,44.64623739175964,5005900
2012-05-30,44.7178840637207,44.95672155926268,44.40739896385003,44.58254565072883,4398100
2012-05-31,44.399436950683594,44.84526347859551,44.15263963465195,44.74972727029275,6343300
2012-06-01,43.81828689575195,44.502948103020856,43.73867336179871,43.96158821992199,5703900
2012-06-04,43.71477127075195,44.065061552658314,43.53962461132656,43.603315410006495,5508000
2012-06-05,44.61439514160156,44.74177373365048,43.56352099796172,43.659054182762105,6112200
2012-06-06,45.935943603515625,45.935943603515625,44.980602760505306,45.068176101348435,6776600
2012-06-07,45.73693084716797,46.48527987441386,45.69712559708128,46.01557063472072,7249100
2012-06-08,46.17478942871094,46.485274595854776,45.25129376161454,45.25129376161454,6406900
2012-06-11,45.7448616027832,46.47729049395227,45.69709654782138,46.349911952480774,6236300
2012-06-12,46.047401428222656,46.278276057140545,45.378663113493374,45.7528390267779,6023900
2012-06-13,46.35344696044922,46.76895832634785,46.001861826921385,46.12172198853138,6373600
2012-06-14,47.34428405761719,47.44816266515544,46.257562450612674,46.48129817622985,6649800
2012-06-15,47.064613342285156,47.82371755089413,46.75297752667796,47.69586813224909,9021000
2012-06-18,47.480125427246094,47.52008085037579,46.48929311631437,46.97672001605679,9718000
2012-06-19,48.15131759643555,48.542858039512694,47.44015522562144,47.607960014465746,8602400
2012-06-20,47.62395095825195,48.12735935992488,47.38423368779786,47.90362364725713,4344500
2012-06-21,46.61714172363281,47.97554378549357,46.56120779004185,47.807741984720685,5320500
2012-06-22,47.20044708251953,47.56801374168377,46.67306790471033,46.74498338569205,7494300
2012-06-25,46.09774398803711,47.224417822955225,46.06578392289204,46.8168987967807,6884400
2012-06-26,46.98470687866211,47.27236884078756,45.7301834701922,46.0737793640453,7458200
2012-06-27,47.37623977661133,48.42300579928581,47.00068082597046,47.54404154461973,7088700
2012-06-28,47.62395095825195,48.34310581778471,44.219958402194685,47.04063781581782,25319900
2012-06-29,46.74498748779297,48.42301146039424,46.24157907674437,48.21525730164353,11121700
2012-07-02,44.95508575439453,47.392219647632814,44.715368516025045,47.05661307537948,12997500
2012-07-03,43.85239791870117,45.33065716901452,43.74053004654827,45.05897674456997,8460200
2012-07-05,44.59550857543945,44.87517816099742,43.836401495563706,43.852383050191285,6937800
2012-07-06,44.603492736816406,44.699379005465815,44.06812443467355,44.17999225612612,4458600
2012-07-09,44.81924819946289,45.27471187795186,44.37177377490787,44.97906071167326,4241500
2012-07-10,44.50762176513672,45.09892418123251,44.14005506884252,44.96308550797313,5662700
2012-07-11,44.779293060302734,44.97905792615187,44.507612720821115,44.563546639405274,5316400
2012-07-12,43.60466766357422,44.66741804215971,43.500789096545155,44.65143648968067,6079200
2012-07-13,44.10808181762695,44.38775140311983,43.60467351556991,43.636636624817626,5053000
2012-07-16,44.07612991333008,44.1720162172794,43.72454476673545,44.09211147201674,3170100
2012-07-17,44.66743850708008,44.90715580775617,43.86038650205986,44.116085362537135,6180000
2012-07-18,45.027000427246094,45.13087901301492,43.84439276397874,44.37976420001498,5090200
2012-07-19,43.94028091430664,46.02582353816509,42.85355956427117,45.85802178363107,16696600
2012-07-20,44.27589797973633,44.61150463973011,43.83641575313309,43.844405008960415,8367300
2012-07-23,43.556724548339844,43.996209636650654,43.12523480880583,43.444856725195116,6037000
2012-07-24,43.868370056152344,44.02817952594723,43.39692480464882,43.66061286834658,7561100
2012-07-25,41.93463897705078,42.31818714184507,40.76002062675148,41.15156109290787,19603900
2012-07-26,41.55908203125,42.62982185167855,40.66413627106449,42.44603853786536,10510600
2012-07-27,42.621822357177734,42.757660972421554,41.303373318484375,41.3992626273063,8569900
2012-07-30,42.55789566040039,42.917472943911775,42.26224458203291,42.60584031425832,4405400
2012-07-31,40.82395935058594,42.50198346661189,40.81597009494635,42.14240904758547,9879500
2012-08-01,40.919837951660156,41.487169488505614,40.55227129805636,40.919837951660156,7617600
2012-08-02,40.83193588256836,41.359314987397184,40.208670499089706,40.552266299768924,7320500
2012-08-03,41.23945999145508,41.75085756773545,40.44838977002951,41.05567667798994,6408000
2012-08-06,40.75202941894531,41.615015034467966,40.72805861234848,41.43922099097193,4982600
2012-08-07,41.98259353637695,42.174366139891646,40.91984276928848,41.05568449093441,6590800
2012-08-08,42.134422302246094,42.27026405140595,41.47919351921222,41.790826349170864,5718000
2012-08-09,41.567073822021484,42.182349977138784,41.30338273489838,42.00655591905671,4890700
2012-08-10,41.47119140625,41.63899317833589,41.31137888838095,41.42324673643821,5381700
2012-08-13,41.47119140625,41.5510961410994,41.079650889879346,41.26343421856917,4259900
2012-08-14,41.527122497558594,41.76683973392503,41.39927310161849,41.70291351186996,3460200
2012-08-15,42.20632553100586,42.27824101301858,41.39927672012567,41.47119220213839,4647300
2012-08-16,42.66179656982422,42.773664439263435,42.174369668835475,42.22231434781121,5598900
2012-08-17,42.45404052734375,42.86155961215404,42.254275612635226,42.86155961215404,4653600
2012-08-20,42.509971618652344,42.84557518981223,42.15039418657354,42.326188275183284,4930500
2012-08-21,42.685752868652344,43.069304073678445,42.549914230006685,42.701734422875916,5323300
2012-08-22,43.12525177001953,43.22912733341141,42.62983257528739,42.693758812609246,5367100
2012-08-23,43.085289001464844,43.42888484805904,42.95743959679051,43.14122597366947,4450300
2012-08-24,43.27705001831055,43.41289167950035,42.99738049258039,43.04532209803744,4143200
2012-08-27,43.63663864135742,43.94028209690302,43.05332558739484,43.245098155403625,4773600
2012-08-28,43.41291427612305,43.78847025641514,43.31702491895967,43.46884821038295,4611700
2012-08-29,43.66061019897461,43.92430129472078,43.44486377013776,43.57271316705921,4611900
2012-08-30,43.7005729675293,43.884356328845534,43.36496936377898,43.51678960621306,5188200
2012-08-31,43.38893127441406,43.97224435753521,43.317015795773365,43.820424146258254,5070900
2012-09-04,43.5966796875,43.69256595701141,43.14920534949751,43.46883031209494,4233900
2012-09-05,43.37295150756836,43.89234143564154,43.293046771635694,43.740521218101364,4166100
2012-09-06,43.86036682128906,43.94027458443925,43.54873416542707,43.58868652291742,3741600
2012-09-07,43.85239791870117,44.156038415067336,43.70856692645576,43.92431341482387,3732700
2012-09-10,42.94146728515625,43.95627036660733,42.781654744208524,43.95627036660733,5447700
2012-09-11,42.190330505371094,43.09326836946373,42.10243349450774,42.91747434773702,6575400
2012-09-12,42.37727737426758,42.77842540171086,42.26495641626611,42.26495641626611,4834000
2012-09-13,43.2357292175293,43.299914364004756,42.18472345838165,42.232859257722005,6316500
2012-09-14,43.524566650390625,44.34290910029595,43.13946486111464,43.88560053424841,15735800
2012-09-17,43.7090950012207,43.83746226607897,43.33201482172335,43.79734806965771,5481600
2012-09-18,44.23058319091797,44.471271399786744,43.564675983847174,43.588746947095686,6600300
2012-09-19,44.08616256713867,44.38301120834453,43.90965648076518,44.17441561032542,6195400
2012-09-20,44.07814407348633,44.102215036240395,43.65292814453539,43.87757006012961,5776100
2012-09-21,45.07298278808594,45.1050753578132,44.05406665311451,44.1984801563713,26628600
2012-09-24,44.91253662109375,45.44205194012208,44.808237268106055,44.992768069744606,6443800
2012-09-25,45.089046478271484,45.329734723104906,44.80021936026454,45.105092769329325,6343300
2012-09-26,44.75205993652344,45.53028786261509,44.72799204124742,45.201346698274975,5562000
2012-09-27,45.121131896972656,45.281588661042825,44.687891288743366,45.1612460879902,4245400
2012-09-28,44.455230712890625,44.91253928552133,44.27070296082183,44.88847137975667,5838100
2012-10-01,45.297637939453125,45.377869387300535,44.543480692788265,44.70394052796628,4424400
2012-10-02,45.570411682128906,45.64261844374816,45.17728836038118,45.297630922735735,3828700
2012-10-03,45.618553161621094,45.85121974691646,45.434025440340235,45.71482782913361,4662900
2012-10-04,46.509098052978516,46.65351157146567,45.73889160087494,45.85121560676646,6897300
2012-10-05,45.835182189941406,46.65352467097304,45.60251556032595,46.61340741306087,6078300
2012-10-08,46.212249755859375,46.765835971121945,45.987607848515985,46.20422814224702,6050700
2012-10-09,46.10795974731445,46.404808459608304,45.81110797450373,46.21225604104235,5093300
2012-10-10,45.81911087036133,46.34060127266951,45.67469739021065,46.06782059466439,4141500
2012-10-11,46.26039505004883,46.6775894077667,45.99563891680524,46.164120370734516,5035900
2012-10-12,45.78703689575195,46.3325984732655,45.66669125992642,46.3325984732655,4283900
2012-10-15,46.124000549316406,46.364688748498665,45.666688992198665,45.843195099840024,4193300
2012-10-16,45.63459777832031,46.41282282469615,45.13717204993746,45.88330758199535,7531600
2012-10-17,44.920555114746094,46.29248056245976,44.647774347903926,46.19620589784382,6255200
2012-10-18,44.93659591674805,45.27356181549408,44.736021924320916,44.76811449763316,5384500
2012-10-19,44.655799865722656,45.0007874263186,44.42313326708508,44.93660227061858,5704800
2012-10-22,45.36183166503906,45.43403845148074,44.48732861169758,44.54348910553917,5723600
2012-10-23,45.07298278808594,45.18530372161546,44.407075738566725,44.992754424283675,5557400
2012-10-24,44.86439514160156,45.46611719914783,44.7440525664023,45.281589468762306,4545000
2012-10-25,45.0970573425293,45.506230015665864,44.76811610555497,44.88043705566576,4701900
2012-10-26,44.75205993652344,45.137161563518035,44.3990508769073,45.040886921898306,3346700
2012-10-31,44.928585052490234,45.05695231593381,44.535458586653476,45.040906025438744,4157700
2012-11-01,45.690765380859375,45.80308634978292,44.81626247357576,44.81626247357576,4833700
2012-11-02,44.96870803833008,45.92344261604466,44.920572217952916,45.74693644661489,4948200
2012-11-05,44.350929260253906,45.24950313293556,43.98989844875733,45.1371791034627,6149600
2012-11-06,45.241477966308594,45.321709415060596,43.84548442370884,44.35092877852073,4880800
2012-11-07,43.53258514404297,44.44720527107616,42.834588392309385,44.43115898177556,13812600
2012-11-08,42.87469482421875,44.110231332059385,42.85864853782282,43.60478402239436,8846100
2012-11-09,42.441471099853516,43.32399571427067,42.23287236956185,42.810526625117625,8585800
2012-11-12,41.87985610961914,42.930862018738004,41.75951047306329,42.55378494119523,5944000
2012-11-13,41.87184143066406,42.50565622153305,41.71940624041803,41.75149882589638,5669900
2012-11-14,41.11767578125,42.0643854392011,40.99733014012255,42.03229286016487,5792500
2012-11-15,41.11767578125,41.49475593363366,40.98930852562189,41.13372207076811,6668600
2012-11-16,41.6391716003418,41.871835158916916,41.02942480965341,41.117677876241224,6388000
2012-11-19,42.44947814941406,42.44947814941406,41.59904334949662,41.903916664261914,5868900
2012-11-20,42.63401412963867,42.666106708061314,42.248912370117196,42.45750800883089,4737800
2012-11-21,42.94690704345703,43.0832989649066,42.3772775762959,42.68215093555089,5097000
2012-11-23,43.25979995727539,43.26782463136977,42.922837097705774,43.05922595214592,1709300
2012-11-26,42.94690704345703,43.011092197201904,42.32913871098725,42.51366949774547,5692900
2012-11-27,42.1927490234375,43.18759746337644,42.1606564471938,42.62598962117784,7859400
2012-11-28,42.321109771728516,42.71423611907874,41.911940199235545,41.93600809746571,5744200
2012-11-29,43.61281204223633,43.7973397591739,42.521688967721595,42.73028458584168,10911600
2012-11-30,43.63689041137695,44.0300169012573,43.38015586878794,43.46840894164988,7818600
2012-12-03,43.2357292175293,44.08616404523172,43.18759341818894,43.773269107454446,3861300
2012-12-04,42.954925537109375,43.516533309500424,42.93887925098207,43.29188836423432,5948900
2012-12-05,43.19561767578125,43.50851263271472,43.01108995914142,43.107364624232545,4495100
2012-12-06,43.043182373046875,43.24375637653634,42.74633064431064,43.24375637653634,3771900
2012-12-07,43.39195251464844,43.416119419414045,43.00531583826559,43.3355681913873,4206200
2012-12-10,43.649715423583984,43.76248715606135,43.28724560941109,43.39195760906678,4113500
2012-12-11,44.10886764526367,44.286077379069944,43.561134334140355,43.69806689374194,4970400
2012-12-12,44.5035514831543,44.962682899697135,44.2216297616688,44.302177947031424,7054000
2012-12-13,43.802764892578125,44.616312486382,43.74638055799349,44.47937998030954,4911800
2012-12-14,43.536949157714844,43.92358590074999,43.43223407958584,43.63360757529471,3468700
2012-12-17,43.78665542602539,43.939698183672824,43.48056683801469,43.56111808365742,6336900
2012-12-18,44.26189041137695,44.57603254068454,43.875253708174135,43.99607594952261,4637800
2012-12-19,43.89137268066406,44.3988317261001,43.84304193088711,44.3988317261001,5537600
2012-12-20,44.67270278930664,44.712976880431235,43.859155086811576,43.88331892694309,5025900
2012-12-21,44.326324462890625,44.721017791418404,43.843029394181,44.6082491469005,9440100
2012-12-24,44.18136215209961,44.3424616303848,43.9236042159301,44.14108805070755,1713900
2012-12-26,43.67388153076172,44.18134049038962,43.593330294754175,44.14106640874358,3232400
2012-12-27,43.851112365722656,43.971937750224384,43.45642184542238,43.593354413321656,3245700
2012-12-28,43.383907318115234,44.0121916546504,43.33557657195262,43.56917056933161,3137400
2012-12-31,43.690006256103516,43.70611343592721,43.08588561307104,43.1986543081358,4948700
2013-01-02,43.931640625,44.3021671033215,43.50472674346687,44.205508690001885,5358100
2013-01-03,41.87763214111328,43.110036911015115,41.76486040614727,43.04559591960597,14413200
2013-01-04,41.95817947387695,42.47369510404357,41.93401563893649,42.046784298946,10458000
2013-01-07,41.95817947387695,42.1514993715472,41.52321200865554,41.78902648386269,7804500
2013-01-08,41.40239334106445,42.079008432340046,41.370172843214235,41.885688517954534,8196200
2013-01-09,42.183719635009766,42.28843471466363,41.482940720098604,41.555435302518084,5154300
2013-01-10,42.779788970947266,42.844226896357455,42.151504602797345,42.30454736427296,6506500
2013-01-11,42.54618835449219,43.01337630020551,42.15149805676998,43.01337630020551,10182500
2013-01-14,42.98115921020508,43.834980861389774,42.368982065456684,42.586465808508166,7119900
2013-01-15,43.19060134887695,43.37586465989963,42.86034882527709,42.86840548859624,5802900
2013-01-16,43.22280502319336,43.33557368400863,42.96504720626829,43.2066947755461,6474500
2013-01-17,43.818870544433594,43.92358254183941,42.82811031732125,43.30335185376029,14438900
2013-01-18,43.94775390625,44.004138240638106,43.67388582234385,43.81887498868921,7023900
2013-01-22,45.12376403808594,45.18014835950999,43.947743801648485,44.02023836815299,9330000
2013-01-23,45.03517532348633,45.309043442312955,44.66464877234329,45.19627475915779,6665700
2013-01-24,45.28487014770508,45.46207672450143,45.02711233353264,45.13182433304828,4221700
2013-01-25,45.13988494873047,45.41375303437705,44.88212711197084,45.3976427854901,5604700
2013-01-28,44.954620361328125,45.53457394046608,44.94656370076588,45.44596911057558,5736900
2013-01-29,45.33320999145508,45.66346247159612,44.84991472827377,44.90629907322104,7317600
2013-01-30,45.172115325927734,45.46209065116489,45.04323330664483,45.30904786234113,6269200
2013-01-31,44.471336364746094,45.13989806053082,44.471336364746094,44.97879859758249,6957500
2013-02-01,44.92240905761719,44.97879340222883,44.60021016893668,44.89824521641687,6369500
2013-02-04,44.906288146972656,45.40569354044409,44.55992549930432,44.55992549930432,4795700
2013-02-05,46.533382415771484,46.581713155371595,45.77621926499518,45.969536077964925,8645500
2013-02-06,46.21924591064453,46.348124825868446,45.993705504465886,46.267573583406175,5266100
2013-02-07,45.95343780517578,46.31591076483511,45.631242008702266,46.20314208243357,6050700
2013-02-08,46.50922393798828,46.928078105226675,46.00981545609166,46.04203595286867,4554600
2013-02-11,46.00982666015625,46.48506834884056,45.95344231342391,46.36424606557831,4166800
2013-02-12,45.92121887207031,46.21925391170024,45.856780939661306,46.07426472288467,4448600
2013-02-13,46.09841537475586,46.211184028745855,45.7117786727693,45.92120573407709,4261200
2013-02-14,45.95343780517578,46.090373400032036,45.71179018964161,45.92121730371359,5173800
2013-02-15,46.17093276977539,46.30786839781585,45.94539535031684,45.96150560495201,5750400
2013-02-19,45.639286041259766,45.81649568947961,43.528892800841405,43.65777170698797,14566200
2013-02-20,44.471336364746094,45.574865688676304,44.45522611117959,45.5184782648352,7542900
2013-02-21,44.495487213134766,45.059330520762416,44.20550889908879,44.761298619199856,6357300
2013-02-22,43.875267028808594,44.63243041836796,43.69805733377109,44.62437682891912,8400700
2013-02-25,42.932838439941406,44.10080559536654,42.924784850275365,44.05247483922111,6807800
2013-02-26,42.73146057128906,43.17448170325306,42.296493028175576,43.10198711273414,6325100
2013-02-27,43.39195251464844,43.50472116117071,42.634789407488086,42.65895323953852,5133800
2013-02-28,43.053653717041016,43.46445429362,43.00532297220762,43.35168562839109,5879800
2013-03-01,43.11003494262695,43.327518669629214,42.59451932575438,42.96504579129211,6972100
2013-03-04,42.94893264770508,43.09392178926187,42.79588991949079,42.94087906104758,4783000
2013-03-05,43.09392547607422,43.3677935365878,42.836167662969146,43.0375411465022,4911700
2013-03-06,43.18252182006836,43.4483331683186,42.9730917176022,43.14224774581407,5562600
2013-03-07,43.3355712890625,43.64165983201333,43.2469664682571,43.303350795548646,4455700
2013-03-08,43.343631744384766,43.69804798592709,43.11003775502667,43.47251065701067,4584400
2013-03-11,43.665828704833984,44.01219136828974,43.295302204812025,43.359743199276224,4008700
2013-03-12,44.16525650024414,44.30218906426585,43.56113574027688,43.63362728166455,5466300
2013-03-13,44.053653717041016,44.3771032187925,43.94853216627533,44.21537846791676,4343000
2013-03-14,44.25580596923828,44.320497099184436,43.71403163683205,44.134514727553515,5066800
2013-03-15,44.25580596923828,44.39327307805244,44.0051324676612,44.17494514144843,7888300
2013-03-18,44.474124908447266,44.85417750838678,43.89191719528753,43.90808997450222,5974200
2013-03-19,44.61160659790039,44.79759209031054,44.40945140450484,44.47414254702028,5486600
2013-03-20,44.377105712890625,44.902707326973015,44.32050250959934,44.854192058233764,4528800
2013-03-21,44.52265167236328,44.757149303751206,44.17494456504675,44.22345982723048,4953700
2013-03-22,44.0374641418457,44.71670536881225,43.8514818288794,44.587326234373,5415900
2013-03-25,44.360923767089844,44.57116375237577,44.02130153283709,44.191114192284765,5142500
2013-03-26,44.99974060058594,45.1048590645967,44.54691192415996,44.58734233990587,6059700
2013-03-27,45.78410339355469,46.1156377587856,44.82993071613045,44.91887948710709,8525800
2013-03-28,46.26118087768555,46.34204478338808,45.67897617984032,45.816440192570724,5685400
2013-04-01,47.684349060058594,47.99971054291841,46.099450629194514,46.22074493089855,9006100
2013-04-02,49.924232482910156,51.711283099701966,49.730162200008884,49.83528373177384,22664600
2013-04-03,49.86763000488281,50.74094171746126,49.82719959255442,50.466010595128346,10140400
2013-04-04,50.15872573852539,50.53877833871807,49.72207303800697,49.93231299865345,7648400
2013-04-05,50.21534729003906,50.58731517898947,49.85147042062407,50.06979530841572,6841300
2013-04-08,50.0455322265625,50.43366977376922,49.56036106371486,50.1910841923454,4545600
2013-04-09,50.28001022338867,50.59537164510624,50.09402792557169,50.207234273404495,4405900
2013-04-10,50.465999603271484,50.61963637051329,50.207241319157895,50.39322364307441,4400600
2013-04-11,50.926918029785156,50.94309080972311,50.401316562692486,50.44983181786396,4738900
2013-04-12,50.96735382080078,51.16950896441448,50.63581950866001,50.80563217362397,4162000
2013-04-15,49.80294418334961,50.94309913586175,49.79485933438043,50.71668634901031,4625600
2013-04-16,50.789459228515625,50.943096026696196,49.948493093474966,50.28002740454871,4976400
2013-04-17,50.15872573852539,51.06438286729763,50.10212255355741,50.449829595299164,8429000
2013-04-18,48.266563415527344,49.12370237819442,46.92425331755005,48.02397784787224,14015000
2013-04-19,48.54957580566406,49.12369562325125,48.08866236510619,48.46871190446996,6524600
2013-04-22,47.886512756347656,48.59809666098659,47.41751132931297,48.50915098638881,6020900
2013-04-23,47.33665084838867,48.242305060210434,46.997028591053756,48.088668256084404,6277700
2013-04-24,47.53880310058594,47.910767815038255,47.48219990858853,47.627751855051194,5883000
2013-04-25,47.98354721069336,48.040150406727996,47.39325453444446,47.813737622589464,5669100
2013-04-26,48.096744537353516,48.638521848967216,47.81372861052399,47.918847049265096,5798100
2013-04-29,48.525325775146484,48.913466417036965,48.3636041064424,48.476810508392504,4861600
2013-04-30,48.460628509521484,48.82450836419799,47.87842074203908,48.630438080156345,5701800
2013-05-01,48.290828704833984,48.87303350541427,47.95120641023927,48.4848959434797,4897800
2013-05-02,48.096744537353516,48.824504184404084,48.02396857264846,48.282726872790384,6072500
2013-05-03,47.64393615722656,48.5415057406884,47.60350573406884,48.347438475673904,5149500
2013-05-06,48.6789436340332,49.107511414374194,47.96735689234262,48.01587522176756,5609600
2013-05-07,48.921539306640625,49.43097107551707,48.46062587729986,48.58192018381789,4830700
2013-05-08,50.546875,50.75711809442746,48.76791205440554,48.77599690358677,10032800
2013-05-09,50.1425666809082,50.5873105197077,49.69782592675178,50.33663700007917,6416700
2013-05-10,50.87031555175781,50.93500667241178,49.980834235262556,50.166816580179116,5015700
2013-05-13,50.4498291015625,50.78136336083418,50.34470757994693,50.67624183921861,3490400
2013-05-14,49.91614532470703,50.52261072679917,49.77059338143351,50.377058783525655,5390300
2013-05-15,49.819114685058594,50.3608889958327,49.46331965384672,49.74633870909641,6808200
2013-05-16,50.24767303466797,50.417482584680926,49.48757094081796,49.568431749973996,6904800
2013-05-17,50.813716888427734,51.193769544507184,50.31237299728482,50.33663062736897,5840800
2013-05-20,50.587303161621094,50.87840397107138,50.474093692529586,50.72476717569684,2688200
2013-05-21,50.83797836303711,50.96735754100781,50.49835917760512,50.595392789922414,3248400
2013-05-22,50.360877990722656,51.16141355136963,49.75441268511321,50.13446526371392,6317500
2013-05-23,50.42557907104492,50.797543791693656,49.988923224382845,50.20725114771388,4479100
2013-05-24,50.18299102783203,50.55495573002485,49.7220775741056,50.150645466430255,4697900
2013-05-28,51.21803283691406,51.41210315297049,50.45793052536603,50.53070650830681,5341000
2013-05-29,51.226104736328125,51.3878294447173,50.78945203371227,51.20184710969453,5009100
2013-05-30,52.2854118347168,52.479479054573694,50.959271437361416,51.29080576553955,5671300
2013-05-31,50.64390563964844,52.43904115350144,50.619644925721076,52.11559170137234,5888300
2013-06-03,50.781368255615234,50.94309297723336,50.20724842428125,50.854144226111266,3756200
2013-06-04,50.42557907104492,50.93501089215068,50.06978404725686,50.619646279799625,5151100
2013-06-05,49.932334899902344,51.03205969245531,49.85147405295022,50.951195760859605,5380100
2013-06-06,50.069793701171875,50.069793701171875,49.285433697205605,49.93232965885319,4711400
2013-06-07,50.595394134521484,50.88649806385253,49.89189502840013,50.35280855495995,5214700
2013-06-10,51.492958068847656,51.670855581072395,50.595388743921276,50.60347667700931,5256600
2013-06-11,51.69512176513672,52.204550586842934,50.70051867107382,51.06439860418054,6063400
2013-06-12,51.6142463684082,52.16410853784433,51.44443372443358,51.94577755492806,3891100
2013-06-13,52.101558685302734,52.150287699265206,51.28937540477258,51.736075589417496,4379500
2013-06-14,51.81729507446289,52.34521237228097,51.64673732124013,52.08531395835101,3122600
2013-06-17,52.28023147583008,52.9868268489648,52.06093855581431,52.21525533682795,4975000
2013-06-18,53.34418869018555,53.368553192862954,52.35332427153365,52.71068683471056,5183300
2013-06-19,53.00308609008789,53.73405232968118,52.97872158151263,53.36044254330354,6370200
2013-06-20,51.81729507446289,52.64572243070219,51.69546943568955,52.629481490785864,5748300
2013-06-21,51.89851379394531,52.65384450621441,51.51678665383009,52.13404769309017,7806500
2013-06-24,52.50764846801758,52.82439944050138,51.54114841550899,51.56551601986152,5717100
2013-06-25,51.76044845581055,53.230501546350524,51.7035958648503,52.81628627137292,4959100
2013-06-26,52.613243103027344,52.84065347847189,51.99598194362928,52.00410551317173,4851700
2013-06-27,53.67720031738281,53.758423618166866,52.75943526532101,52.84065236963719,4483600
2013-06-28,53.1817626953125,53.709676858172315,52.82440007734392,53.29546785621768,6867800
2013-07-01,53.303585052490234,53.89648155795042,53.214244398291214,53.51475443482124,3736500
2013-07-02,53.01121139526367,53.32796864354705,52.832536240150084,53.14116372240229,4484800
2013-07-03,53.230499267578125,53.47415056277672,52.50765655782769,52.75943142180646,2271100
2013-07-05,53.7421760559082,53.75842319452412,53.011209729887206,53.571618279247936,2356500
2013-07-08,54.87108612060547,54.8873332519946,53.89646891706939,54.37565395314286,6192500
2013-07-09,55.2041130065918,55.593957613180926,54.651827983533614,55.244718463357835,4275700
2013-07-10,54.97670364379883,55.837616179477976,54.9117274760012,55.22847854842912,4383900
2013-07-11,55.52084732055664,55.67516412052244,54.94419795814028,55.447747606085215,6588900
2013-07-12,55.22846984863281,55.829483814915875,54.97669498366304,55.69141412744648,4645600
2013-07-15,54.91982650756836,55.38277065246039,54.789874230036595,55.33403545015315,3813600
2013-07-16,54.34318542480469,54.700541849052584,54.05891632389095,54.61120119387396,5459600
2013-07-17,53.790897369384766,54.773638321686164,53.539116357670395,54.424399289342176,8904300
2013-07-18,57.29953384399414,57.54318511420227,55.96755373816268,56.32491017376129,14082900
2013-07-19,58.030487060546875,58.5502838119261,56.98277618725811,57.34825614803642,7504900
2013-07-22,58.62338638305664,58.91577284453553,57.98988444867449,58.119830544628236,5038000
2013-07-23,59.03760528564453,59.07821073223194,58.33100359318292,58.64775458031167,3934300
2013-07-24,58.90765380859375,59.41120968575801,58.62339089264088,59.135064141356054,6023300
2013-07-25,58.98076248168945,58.980762481689446,58.23354902229291,58.54218268915271,3840600
2013-07-26,58.64775085449219,58.95637825411004,58.12795407804825,58.58277470832011,3826000
2013-07-29,59.118831634521484,59.175684225821534,58.44471791162964,58.56654666340624,3835300
2013-07-30,58.69649887084961,59.46807691441806,58.460971108531915,59.191931302008484,5375400
2013-07-31,59.16755676269531,59.82542950040579,58.85892931544474,58.85892931544474,5964700
2013-08-01,59.41935348510742,59.711733872162014,59.20818402001399,59.47620608765539,3254000
2013-08-02,58.688392639160156,59.313771326998015,58.42037054588556,59.313771326998015,3622500
2013-08-05,59.565528869628906,59.76045735130034,58.720863568256924,58.76959259044092,2871000
2013-08-06,59.48431396484375,59.589901778767036,58.90766446064687,59.435584940859435,3089500
2013-08-07,59.22439193725586,59.61424256336765,58.9807407178433,59.43556128458581,2807300
2013-08-08,59.43560791015625,59.83357621825094,59.17570935435374,59.411243388748254,2171600
2013-08-09,59.2325553894043,59.76859339024049,58.69651119209845,59.45184225418509,2556900
2013-08-12,58.7939567565918,58.95639096056394,58.48532929045765,58.81020389486962,3043300
2013-08-13,59.57365036010742,59.60613843925239,58.72897889174091,58.8264431291758,2627400
2013-08-14,58.87518310546875,59.53305598675662,58.728989820345745,59.44371530159986,3079000
2013-08-15,57.989891052246094,58.980755707151445,57.96552654375942,58.46907624306294,3402000
2013-08-16,58.014251708984375,58.460954989805664,57.665012652105915,57.78684138291778,3323600
2013-08-19,58.24165725708008,58.63962529504852,58.03861145453979,58.095464031392424,2794800
2013-08-20,58.85081481933594,59.159442314165,58.16046009356644,58.35538239574963,3110000
2013-08-21,58.35539245605469,58.75336069892387,58.0467649080191,58.62341454055548,3314200
2013-08-22,58.45283889770508,59.07821737436942,58.339133720129745,58.50969148649274,2959400
2013-08-23,58.91579818725586,59.06199148088058,58.40412475780387,58.48534187726893,3215600
2013-08-26,58.78581619262695,59.22439585232073,58.704599114120526,58.99698555391638,2797700
2013-08-27,58.08732986450195,58.590885593640806,57.924895730697166,58.43656882900075,3626200
2013-08-28,58.103607177734375,58.60716316844586,57.94929033293429,57.98990198571375,3297700
2013-08-29,58.83456802368164,59.15131905689737,57.786850684403596,57.94116131823456,5243500
2013-08-30,58.26603317260742,59.13506912981078,58.06298733030321,58.85080618987835,4186200
2013-09-03,58.93202209472656,59.10257985523394,58.30664363953282,58.32288458014281,3801500
2013-09-04,59.57365036010742,59.57365036010743,58.63963822320914,58.850807639417646,3333600
2013-09-05,60.13404083251953,60.28835761302359,59.40307476232352,59.56550891282679,2861600
2013-09-06,60.150306701660156,60.743203370041186,58.92391410514212,60.29649997629738,3584100
2013-09-09,60.30460739135742,60.54826484930307,59.92288026559364,60.190902230040535,2629600
2013-09-10,60.61326217651367,60.62138574783853,59.97163636417516,60.58889765900843,3925400
2013-09-11,61.289886474609375,61.29804063517842,60.596932101491525,60.80074257710278,3819200
2013-09-12,60.93117904663086,61.550764644196526,60.898568623621905,61.404020850557345,2823800
2013-09-13,60.71922302246094,61.3469565856945,60.42573542360299,61.07792525010763,3421000
2013-09-16,61.2409553527832,61.86053453222643,61.118667860593014,61.21649287850499,4224800
2013-09-17,60.58064270019531,61.428495289905854,60.270852919645016,61.23283891375852,5138100
2013-09-18,59.54528045654297,60.48281006395778,59.0561364673971,60.45019963537428,7725600
2013-09-19,57.751739501953125,59.61049646107934,57.57239148904876,59.58603397678065,8322900
2013-09-20,57.53164291381836,58.4936289771476,57.39305322990085,57.515340806218155,9088700
2013-09-23,58.55066680908203,58.64849806585111,57.57237912059703,57.71912289584992,4482500
2013-09-24,58.95829772949219,59.46374997894376,58.39577879218337,58.844164353777714,4855200
2013-09-25,58.68111801147461,59.23548278356259,58.58328673882292,58.941995185409986,4812900
2013-09-26,58.827877044677734,59.35777947097503,58.63221444870538,58.6974353140295,2413200
2013-09-27,58.689266204833984,58.787097477905995,58.289799391110925,58.45284529309514,3548000
2013-09-30,58.37948989868164,58.4284024365397,57.890345860689365,58.118612663765504,4183600
2013-10-01,59.17024612426758,59.463733643997486,58.41207106826544,58.48543983829752,4322300
2013-10-02,59.162132263183594,59.21104480985465,58.75451112144475,58.89310081688275,2705700
2013-10-03,59.12135314941406,59.496369981192196,58.90939468599589,59.10505104446016,5038300
2013-10-04,59.5045051574707,59.626792687701204,58.88492578529324,59.10503836386641,4297600
2013-10-07,58.836029052734375,59.268106430700044,58.827881108858996,59.17842928963496,4787000
2013-10-08,58.27349853515625,59.03982175463475,58.23273394888711,58.69742162126334,6049100
2013-10-09,58.19196701049805,58.599587977503,58.02892111161701,58.46099834147388,4464100
2013-10-10,60.31159973144531,60.31159973144531,58.566976307568346,58.8033972097769,4894300
2013-10-11,60.548030853271484,60.548030853271484,59.92029714371768,60.27085151185404,2935800
2013-10-14,60.91488265991211,60.98825145371387,59.936588537269024,60.21377404894888,2562200
2013-10-15,60.22193145751953,61.08608602561618,60.13225433594688,60.743685863140506,2922900
2013-10-16,61.29804992675781,61.542618802681886,60.63769965621578,60.73553093846724,4368600
2013-10-17,58.183841705322266,59.41485302633354,57.92296443373921,58.50993362994751,21810200
2013-10-18,56.05604934692383,58.16752343090511,55.06145297539452,58.094154626351504,21080600
2013-10-21,55.59950256347656,56.06419026012868,54.694583435290404,55.9663651996564,11496900
2013-10-22,56.137577056884766,56.76531079926851,55.61582255885551,55.61582255885551,7647300
2013-10-23,55.444602966308594,55.933746858870144,55.151115386811256,55.85222391341023,8227700
2013-10-24,55.118507385253906,55.7543950954898,54.76795310655946,55.444605401216556,6352500
2013-10-25,55.12665557861328,55.58318901965965,54.84947011811966,55.036978478436076,6892500
2013-10-28,54.57231521606445,55.27342401024464,54.39296093572006,55.06961345890864,6989300
2013-10-29,55.501686096191406,55.55875279690337,54.49893553247667,54.523391801381244,5860000
2013-10-30,55.444602966308594,55.98265938218569,55.248940433442336,55.534280072255115,4360500
2013-10-31,55.64842224121094,56.015278663703576,55.322324187993566,55.76255562686656,4216700
2013-11-01,55.95004653930664,56.007113220639745,55.39568182644148,55.656558972507334,4459000
2013-11-04,56.2109260559082,56.46365527230016,55.729936324359386,56.07233642679773,3698700
2013-11-05,56.02341842651367,56.20277262067631,55.656555878507874,55.84406423235103,3328700
2013-11-06,57.30335235595703,57.89847544385947,56.08864369917641,56.14571038184927,5479400
2013-11-07,56.871280670166016,57.86587685301959,56.78975771841462,57.80065600369747,4497300
2013-11-08,57.47457504272461,57.49903131353154,56.77346625383894,56.82237879545279,3741900
2013-11-11,57.47457504272461,57.84143154443727,57.30337492727174,57.66208348525168,3082600
2013-11-12,57.02617263793945,57.80065623214503,56.9609580081621,57.450101940406256,3604800
2013-11-13,57.89032745361328,57.988152498224494,56.91203346888771,57.0261668341354,3879500
2013-11-14,58.240882873535156,58.37131834222398,57.83326192670426,58.15935370832734,3581200
2013-11-15,58.59145736694336,58.664826177200574,57.955563245693185,57.988173679075565,3872600
2013-11-18,58.43654251098633,58.778942633051294,58.28979871298671,58.67296341997473,3263700
2013-11-19,58.37948989868164,58.62406502757973,58.094156394836475,58.501777463130686,4260900
2013-11-20,58.68111801147461,59.39852868484628,58.42024083753923,58.59958884103032,5031300
2013-11-21,59.43927764892578,60.06701104567707,58.99904636739336,59.01534846531642,4368000
2013-11-22,60.115962982177734,60.12411714638702,59.34963948123687,59.439316628124345,3178400
2013-11-25,60.38496398925781,60.865959918309,60.15669726488169,60.327897308163784,3773900
2013-11-26,60.7518310546875,61.13499578954944,60.36867253962841,60.49910802522658,4635400
2013-11-27,60.62138748168945,61.0860751105324,60.39312074749321,60.87411047743501,3640600
2013-11-29,60.71922302246094,61.08607941113215,60.51541253546528,60.808893914520766,2025600
2013-12-02,60.45834732055664,60.69476201780409,60.034418014190116,60.034418014190116,4276000
2013-12-03,60.107810974121094,60.44205704644608,59.44746055352019,60.44205704644608,5162400
2013-12-04,60.27146530151367,60.893412910934906,59.36309650469897,59.75590092069182,5548700
2013-12-05,59.53493118286133,60.295996532259,59.36307852248272,60.001390187749465,4104700
2013-12-06,60.14870071411133,60.32873864038087,59.6085869353027,59.9277490504703,3886000
2013-12-09,60.3287467956543,60.81157016908868,60.09142461017333,60.148708845047125,3988600
2013-12-10,60.598812103271484,60.893418564374656,60.29602039505039,60.312384645772035,3741100
2013-12-11,59.03574752807617,60.6397122090461,58.83934534603223,60.6233479620061,7304300
2013-12-12,58.11100769042969,59.38763108709679,58.02917397794037,59.07666048223256,5815300
2013-12-13,57.67729949951172,58.80662003161782,57.660929006335714,58.26650614005808,4737000
2013-12-16,58.15191650390625,58.41378810781884,57.71819224525523,57.8818658998953,4369500
2013-12-17,57.881893157958984,58.2828828745183,57.44816245154156,58.2828828745183,4280100
2013-12-18,59.232154846191406,59.305809573040044,57.8573269656457,58.127383891568485,4975700
2013-12-19,59.24034881591797,59.354917302542034,58.65113588841463,59.060310838790365,4359200
2013-12-20,60.02593994140625,60.33691677504847,59.42854824937775,59.43672724978072,7511500
2013-12-23,60.84430694580078,61.04070915143919,60.32056356842265,60.426946795744804,3263100
2013-12-24,60.66427230834961,60.901594514757896,60.49241958857407,60.72155654827479,1253500
2013-12-26,61.25346755981445,61.35167176148043,60.78700852804719,60.917947463601834,2121000
2013-12-27,61.12253189086914,61.638089876603686,61.03251293793762,61.37621826176065,2859900
2013-12-30,61.19619369506836,61.40896637960464,60.81156831116116,61.253477928192,1983800
2013-12-31,61.62174606323242,61.81814827860496,61.07344691990022,61.37623861138135,2280000
2014-01-02,61.024356842041016,61.61356981775117,60.97525784190342,61.302599077688484,3067000
2014-01-03,61.458072662353516,61.99818656178741,61.04889773618137,61.21257145275856,3206400
2014-01-06,60.754295349121094,61.7199484891475,60.656097356127624,61.7199484891475,3424500
2014-01-07,62.61195373535156,63.283000415809354,61.32714461873672,61.32714461873672,6542500
2014-01-08,61.88360595703125,62.5710167014288,61.76903749963166,62.4646334891328,6172200
2014-01-09,62.260040283203125,62.390972975135746,61.908149698585575,61.908149698585575,6291500
2014-01-10,61.13071823120117,62.44008270614199,61.00797077474894,62.35824274382379,6632200
2014-01-13,60.508785247802734,61.37623402408553,60.29601255500216,61.10617709593634,5248700
2014-01-14,60.57426071166992,60.83613244662025,60.304209972528554,60.598816454787,5783900
2014-01-15,61.24529266357422,61.26166315504058,60.54969662056932,60.54969662056932,7043300
2014-01-16,59.543113708496094,61.24527599033024,59.043919994394635,60.66424857171459,8892800
2014-01-17,59.346736907958984,59.83775188337013,59.166705159624975,59.83775188337013,5551300
2014-01-21,59.87046432495117,60.2469044206027,59.256702077875595,59.51038847540952,6379300
2014-01-22,60.06687927246094,60.50060368702178,59.935940301680574,60.41876995204094,4864700
2014-01-23,59.903194427490234,60.304190268354816,59.322166900527655,59.494019585107075,5050300
2014-01-24,58.593833923339844,59.674055215877225,58.41379600066489,59.60040674397149,5523600
2014-01-27,58.63475036621094,59.08483890223395,58.21739032005229,58.35650825426784,4233600
2014-01-28,58.68384552001953,59.21577397657301,58.48744337607312,58.634746544910826,2932700
2014-01-29,58.315616607666016,59.70680896377023,57.97190489878676,58.42199984879866,6005100
2014-01-30,59.57587432861328,59.77227655349923,58.53656647475039,58.67568445723151,4254000
2014-01-31,59.15031433105469,59.2075985593593,58.47108259293382,58.81479420627412,4291500
2014-02-03,57.89008331298828,59.09305893790391,57.808249553123176,59.03577468164677,4526100
2014-02-04,57.70185852050781,58.1028482603174,57.120830787126415,57.93918076262384,4646100
2014-02-05,57.95553207397461,58.266502747561,57.14536752731966,57.23538650400503,4394300
2014-02-06,57.99644088745117,58.151923072532526,57.35812292752015,57.91460092913103,4765600
2014-02-07,58.3974609375,58.634783204757525,57.37452335976004,57.69367938453367,6902900
2014-02-10,57.071720123291016,58.16012698578751,56.932602139111104,58.02919424876943,7774000
2014-02-11,57.79184341430664,57.99643078745392,56.94075919279263,57.08806235119912,5543000
2014-02-12,57.480892181396484,58.34834727501208,57.26812571400312,58.02919133040811,4120600
2014-02-13,58.274696350097656,58.49565432219684,57.22720946411221,57.390876948729556,3788000
2014-02-14,60.16509246826172,60.426964232516355,58.102853105195884,58.23379210908087,6848800
2014-02-18,60.41876983642578,61.065266955510715,60.107792903174385,60.165077141902735,5538400
2014-02-19,60.189640045166016,60.81158149866355,60.08325055806984,60.189640045166016,3926500
2014-02-20,60.13233184814453,60.64788985270706,59.9277444464672,60.23052980510196,4134000
2014-02-21,60.40239334106445,60.63971551893129,60.01776795774624,60.09142268222849,4552300
2014-02-24,62.2027587890625,62.8247000291772,60.5578742405611,60.67244269234603,9559000
2014-02-25,61.638126373291016,62.3091731738808,61.48263786370414,62.17824041068828,3761800
2014-02-26,62.243682861328125,62.30096709673284,61.19619613191999,61.64629101260945,5433200
2014-02-27,62.210960388183594,62.53012261239041,61.86725490797887,62.014558148568696,4227300
2014-02-28,63.23387908935547,63.59395495822638,62.03091026506116,62.22731244648494,6176600
2014-03-03,63.09476089477539,63.389367287533354,62.62830181349408,62.76741976465402,3673400
2014-03-04,63.937660217285156,64.29773608548415,63.45483688812085,63.6185043317498,5164500
2014-03-05,63.82307815551758,64.2404381643866,63.487558094533355,64.04403602518825,3917600
2014-03-06,63.53667068481445,64.1095129817036,63.46302220814846,63.954030783126704,4200500
2014-03-07,63.34027862548828,63.88857151777425,63.0456721847198,63.8394725254841,3434700
2014-03-10,63.733070373535156,63.74944086338476,63.10294387160101,63.24206181776,2986400
2014-03-11,63.6512451171875,64.19953797330614,63.43847242544245,63.75763458481671,3471200
2014-03-12,63.733375549316406,63.81550493631174,63.42949619082662,63.470557751289,2875400
2014-03-13,63.24879837036133,64.1440192077497,63.20773054993798,63.86477808029375,3178600
2014-03-14,62.17290496826172,63.25702939221054,62.131843399321816,63.25702939221054,5128700
2014-03-17,63.043487548828125,63.25702272337626,62.49320744161401,62.53427527229623,3517900
2014-03-18,64.06188201904297,64.10294983445709,63.051672660903144,63.21593765649073,3670800
2014-03-19,65.67166900634766,65.9509164832868,64.01263258243215,64.11940017492775,9060100
2014-03-20,66.96111297607422,67.01038935727668,65.23637070720872,65.35956792628572,7786500
2014-03-21,66.80506134033203,68.43125081253876,66.77221459760284,67.50317681170642,11828100
2014-03-24,66.75579071044922,67.1171675723062,66.41084348744278,67.0596763684718,5306200
2014-03-25,66.60794830322266,67.47032253633719,66.5093955447437,67.01038668784317,4588800
2014-03-26,66.9693374633789,67.59353220169923,66.58332237870806,66.92006107506238,6910000
2014-03-27,66.54225158691406,67.26500533581628,66.34513977633685,67.00218749968953,5453900
2014-03-28,67.03501892089844,67.63456897923025,66.7393481672306,66.85433054187149,4787400
2014-03-31,67.33890533447266,67.5688701080316,66.86255241755919,67.4128261637281,3513700
2014-04-01,67.2157211303711,68.20950751214686,67.00218595137669,67.63458920098084,4339800
2014-04-02,67.0268325805664,67.1336001835025,66.74758507632046,66.9693413688205,3832100
2014-04-03,67.55244445800781,67.63457383635372,67.01859409965456,67.05966192186247,4214700
2014-04-04,66.96111297607422,68.11094324400817,66.82970720417737,67.91383145312747,4788100
2014-04-07,66.59152221679688,67.33069920560106,66.32048960989029,66.93646938954872,5286700
2014-04-08,66.24656677246094,66.9775288517683,65.79484581735208,66.5832990849397,4044900
2014-04-09,66.84614562988281,66.98576625211342,66.11518323576695,66.36157772940989,3308900
2014-04-10,65.69625854492188,67.33887037888664,65.52378505428361,66.87072625684935,4850000
2014-04-11,64.84213256835938,65.6798685381095,64.73536500071556,65.51560351165357,3418700
2014-04-14,65.03103637695312,65.44168954774317,64.37398879726102,65.24457778026357,4013700
2014-04-15,65.30208587646484,65.4745595009117,64.11118761327698,65.17888864012518,4719100
2014-04-16,64.21793365478516,65.32669576935518,63.62659218939607,65.28562795300967,8098100
2014-04-17,62.23859786987305,62.953136692285874,60.456364489153515,61.959356702123316,13422900
2014-04-21,61.55691146850586,62.813515509612124,61.42550570436765,62.172891261450495,6912500
2014-04-22,62.222190856933594,62.57535295174288,61.55692823838873,61.754046337402414,6199400
2014-04-23,61.8690185546875,62.47678359452734,61.68833012677186,62.26324215552966,4645700
2014-04-24,62.90386199951172,63.30630669718494,62.34537959341111,62.54249139945082,4604900
2014-04-25,62.14005661010742,63.47878403145484,61.7868945427975,62.88744231260366,5416200
2014-04-28,62.20573425292969,62.895634768299814,61.942916500900466,62.706731571808746,5346800
2014-04-29,61.762237548828125,62.5917587508785,61.50763457501947,62.37821733661326,4813200
2014-04-30,61.630836486816406,62.5753401533451,61.53227745746762,61.80331008862359,6435900
2014-05-01,61.55691146850586,61.92650310391493,60.990214319924725,61.63904712042153,4598000
2014-05-02,61.62261199951172,61.86900640118992,61.19553547148208,61.335156041600435,3794700
2014-05-05,61.78688430786133,61.85258405879482,61.023069091882405,61.45836048891124,4476100
2014-05-06,61.811519622802734,62.09076078297658,61.50763400784557,61.70474578361948,4728200
2014-05-07,63.98797607421875,64.02082281168387,61.66367776920414,62.08253946561646,6383500
2014-05-08,63.150272369384766,64.11119971529557,63.02707510978963,63.9140878595871,4943100
2014-05-09,63.19950866699219,63.48697084567836,62.92848238713533,63.092741118325485,3465600
2014-05-12,63.848358154296875,64.07832294506831,63.322722556513455,63.40485194377888,3110900
2014-05-13,64.09476470947266,64.24260014095046,63.67589660927359,63.946929277994855,3059000
2014-05-14,63.380210876464844,64.1029644901538,63.191313920938185,64.1029644901538,2635300
2014-05-15,62.813507080078125,63.503401347878906,62.608180509984614,63.37199560137527,3075200
2014-05-16,62.953147888183594,62.969571262001814,62.427512200997306,62.706753418408674,2974600
2014-05-19,63.404850006103516,63.42949446099353,62.71495565487266,62.7642320325119,2149100
2014-05-20,62.96134567260742,63.5691105965845,62.71495126949971,63.39663702083708,2806500
2014-05-21,63.83192443847656,63.96333018359111,62.93669734397606,63.00240334956812,2401200
2014-05-22,64.34113311767578,64.57931269876377,63.758006391316876,63.82371239976939,3146900
2014-05-23,64.69428253173828,64.88318570288016,64.3575502693575,64.59572980424568,2251500
2014-05-27,64.97355651855469,65.15424494779526,64.6039711067962,65.07211555252351,2645500
2014-05-28,64.53826904296875,65.0556899043838,64.30830421567318,64.85857809042639,2250900
2014-05-29,65.18708801269531,65.2363643891254,64.1276020569567,64.55467860684804,3526800
2014-05-30,65.40062713623047,65.490971342566,64.78464732907221,65.08031813779382,5139900
2014-06-02,65.26924896240234,65.64704931858381,65.14605169567348,65.5156372297868,1986400
2014-06-03,65.60594940185547,65.85234381485958,65.11316684191748,65.13780503000385,2841100
2014-06-04,66.12337493896484,66.1726513140369,65.27743041452078,65.48275699874779,3552900
2014-06-05,65.54024505615234,66.32048353245925,65.44168604465335,66.09873358917373,3453700
2014-06-06,65.64701080322266,65.96731974914722,65.35134004297389,65.69628717457425,3286600
2014-06-09,65.50740051269531,65.90983889600292,65.09674731085106,65.74558012169345,2801700
2014-06-10,65.5484619140625,65.70451213552695,65.26922074520039,65.3759883216352,2459200
2014-06-11,65.84414672851562,65.98376734265142,65.22816679619332,65.50741429053681,2733500
2014-06-12,65.55120849609375,66.01329957857777,65.270648699215,65.83176199745367,2560000
2014-06-13,65.33667755126953,65.49346118602917,64.85807951554447,65.46870090513012,2265200
2014-06-16,64.36296081542969,65.36141111877096,64.20617722964678,65.33665714112486,4542900
2014-06-17,64.50323486328125,64.56924966459748,63.97512904378733,64.28044277823642,3430900
2014-06-18,65.36141967773438,65.49344930316023,64.18143165644673,64.50324599902345,4823000
2014-06-19,66.43411254882812,66.66515800807265,65.40265510897463,65.47691702279612,4538600
2014-06-20,67.17679595947266,67.24280448325517,66.39288414517839,66.69819796281128,7366500
2014-06-23,67.24278259277344,67.37481218839639,66.82195242163995,67.16026724326791,3066900
2014-06-24,67.44908142089844,67.98544069406337,67.18502849656593,67.19328192106585,4685500
2014-06-25,67.94416046142578,67.97716785447983,66.68165758081179,67.12724794376669,3629200
2014-06-26,67.90293884277344,68.05972246186745,67.38308631520002,68.05972246186745,2915900
2014-06-27,67.66361999511719,67.75438876948377,67.09425337327554,67.40782051945742,4755600
2014-06-30,67.45735168457031,68.10923388138818,67.33357546824693,67.89468885946232,3916100
2014-07-01,67.57284545898438,67.95242107600744,67.3748073752152,67.4490692958097,5482400
2014-07-02,68.06794738769531,68.09270136252566,66.89621307859738,67.49858708004491,3693500
2014-07-03,68.777587890625,68.85185610758703,67.92766788022065,68.15045994007221,2183400
2014-07-07,67.84516143798828,68.57130537908196,67.4903397438761,68.48053659950548,2558500
2014-07-08,67.60588073730469,67.72140352510662,67.15203671699723,67.68014268852603,2967300
2014-07-09,68.27424621582031,68.28249964015333,67.57285623994957,67.64712446791043,3079500
2014-07-10,67.72965240478516,68.08447417079161,66.87973211064676,67.06951683692965,3829400
2014-07-11,68.38153839111328,68.59607711153602,67.4408492461222,67.59762657327425,2758400
2014-07-14,69.53673553466797,69.88331003669256,68.6620615957152,68.7610837813675,3794500
2014-07-15,69.23143005371094,69.92456648582542,69.09115334180926,69.34695279239669,4356300
2014-07-16,69.11589813232422,69.42120548878054,68.67030778708704,69.37169754892628,3955200
2014-07-17,70.22988891601562,71.98749048370694,68.84360958379555,69.52024554978881,7117900
2014-07-18,70.56820678710938,70.78275175009833,69.6687787002434,70.52695225668106,3892100
2014-07-21,70.18862915039062,70.37842013071644,69.33870904199156,70.32065875331605,4025100
2014-07-22,71.00553131103516,71.59139837013342,70.526933557231,70.56818807672114,4366900
2014-07-23,70.91477966308594,71.41813150912436,70.77449663552916,71.22008710393291,2596300
2014-07-24,70.70023345947266,71.2365926969256,70.37841917610446,70.51044248172116,4022400
2014-07-25,69.87505340576172,70.14735968216517,69.31394030386217,69.41296248496796,3362600
2014-07-28,70.75801086425781,70.88178706947991,69.80906835158082,70.16389011560719,2206900
2014-07-29,69.53673553466797,70.60120042224175,69.30569006366285,70.10610208501409,4897800
2014-07-30,68.4475326538086,70.03185651652518,67.43258176987659,69.94108773236627,7171800
2014-07-31,66.87971496582031,67.81215039302803,66.46713191555743,67.47382926996397,5345400
2014-08-01,67.24278259277344,67.72138043363019,66.47537788088853,66.95397572174528,4625100
2014-08-04,67.88641357421875,68.10095852706347,66.97048497759252,67.3253003636757,3197700
2014-08-05,66.83018493652344,68.10094118669922,66.48361676707084,67.52332757094489,4599500
2014-08-06,67.25106048583984,67.7626659117512,66.62393226948399,66.79721645515075,3311300
2014-08-07,65.40265655517578,66.91270549591928,65.32014121726621,66.83844358045569,5465400
2014-08-08,66.11228942871094,66.17005078574407,64.97355653932114,65.52642243722761,3713400
2014-08-11,65.9060287475586,66.54965739665865,65.81525995904256,66.33511241511907,3460000
2014-08-12,66.19483947753906,66.33511623313086,65.62547273417121,65.69148754698584,3206200
2014-08-13,67.25928497314453,67.39130826448189,66.33509675171419,66.52488770893834,3049900
2014-08-14,67.51507568359375,67.72136716469682,66.14530352273785,67.42430692826709,2241100
2014-08-15,67.2262954711914,67.89467811988504,66.68168272372336,67.83691673414015,2442700
2014-08-18,67.94416046142578,68.0596894848732,67.12724794376669,67.47381612755946,2795800
2014-08-19,68.87664031982422,69.11593933095497,67.70490554437298,68.06797447891617,3549300
2014-08-20,68.84358978271484,69.10764261311746,67.96066254085149,68.43926026330499,2579600
2014-08-21,69.1241683959961,69.39647474737399,68.97563823120073,68.99214508035486,2648500
2014-08-22,69.1324234008789,69.31396097261396,68.86837046804207,68.98389323268827,2089300
2014-08-25,69.5119857788086,69.93282222396313,69.27268687060375,69.63576194450314,1988100
2014-08-26,70.2381362915039,70.41966753387938,69.43772421744053,69.68527025459836,2267800
2014-08-27,71.27786254882812,71.76471393827698,70.10612791669179,70.28766550951951,5800700
2014-08-28,71.24484252929688,71.78945521136976,70.56820653659663,70.96428905951493,2749700
2014-08-29,71.525390625,71.97923445268133,71.2530843283912,71.58315199438516,3297500
2014-09-02,71.2861099243164,71.97099940439479,70.7662574671285,71.8884840407089,3726100
2014-09-03,71.61617279052734,72.07826383206977,71.31085904064066,71.60791936606601,2824400
2014-09-04,71.83895874023438,72.98593911701073,71.55015186398093,71.59141268723901,3650100
2014-09-05,72.40831756591797,72.44957838473215,71.5748981309045,71.74818223799338,3873500
2014-09-08,72.54035949707031,72.61462142895577,72.13602354952239,72.36706906496798,2298000
2014-09-09,73.07672882080078,73.31602781409349,72.19380109166129,72.61463768645325,4409400
2014-09-10,72.30191040039062,73.3377543889349,71.83785431665558,73.28803590061757,3355800
2014-09-11,72.16100311279297,72.19415086347267,71.43176524241365,71.8958274296424,3034500
2014-09-12,71.4151840209961,72.29357715676674,71.15000837686046,72.29357715676674,2582400
2014-09-15,71.29090118408203,71.94555511879472,71.12516873172167,71.5146469492851,2441800
2014-09-16,72.22733306884766,72.40135410121428,71.1417642636701,71.2660668074434,2973700
2014-09-17,72.08645629882812,72.55880092580051,71.65554796216341,72.05330853104003,3302700
2014-09-18,72.61677551269531,72.89852825193563,72.25216287442025,72.44275455123251,2584000
2014-09-19,72.75768280029297,73.52006244296238,72.62509173776445,73.3460414151111,6486300
2014-09-22,72.7328109741211,73.2880280978085,72.49250075797927,72.75767653792235,2335400
2014-09-23,71.75495910644531,72.66650658667156,71.5809381299352,72.3598945867511,2640200
2014-09-24,73.09740447998047,73.30457318318491,71.76323752556091,71.77981456229803,2661500
2014-09-25,71.4151840209961,72.92337168244616,71.29088155480744,72.74935075869647,3657100
2014-09-26,71.76325225830078,72.06986427801306,71.19147081922705,71.47321727872882,2260500
2014-09-29,71.68866729736328,72.05327995384204,70.91799938824447,70.91799938824447,3114800
2014-09-30,71.47322845458984,72.16103031532839,71.3655029659868,71.82955900586371,2843200
2014-10-01,70.3379135131836,71.48148876337162,70.11417410291764,71.26603154891365,4140200
2014-10-02,70.3545150756836,70.66112080692334,69.38496675605849,70.3130787930511,3047000
2014-10-03,71.2826156616211,71.498072916578,70.49537699638081,70.74398200766093,3108100
2014-10-06,70.51195526123047,72.05329132266556,70.3959412628247,71.80469260706268,2596100
2014-10-07,69.76617431640625,70.54512478569706,69.55071697191315,70.35453301049564,3412900
2014-10-08,71.77985382080078,71.96215706860653,69.60043382483775,69.84903893356733,4787400
2014-10-09,70.38766479492188,71.72183220749311,70.13077121557617,71.55609339464277,4432800
2014-10-10,70.76055145263672,71.94555685016508,70.47880501238632,70.5119464458257,4036800
2014-10-13,69.56724548339844,71.22459504890918,69.40980157382998,70.6196659979784,3672600
2014-10-14,68.630859375,70.08104054318171,68.40711991943017,69.89044252212818,5929500
2014-10-15,68.08393096923828,68.7634441158882,66.89063712252133,68.09221316596613,8308900
2014-10-16,70.76055145263672,71.84611358298308,69.69156003901004,70.23848852507912,10233000
2014-10-17,73.07255554199219,73.59461847159488,71.88755013982176,71.97041636832073,8532800
2014-10-20,73.37090301513672,73.6195017819269,72.92341764816635,73.1222979260565,4890900
2014-10-21,75.36798095703125,75.47571274219789,73.6277649007578,73.88465842345002,5882100
2014-10-22,74.39013671875,75.77402849000141,74.34041825207426,75.77402849000141,4290300
2014-10-23,75.12767791748047,75.64145236699487,74.92879136706671,75.35970590400807,3159200
2014-10-24,75.93976593017578,75.98948440012708,75.06965477230223,75.12766808362893,2977300
2014-10-27,76.34581756591797,76.47012006750016,75.72431138029488,75.76574765491823,3948900
2014-10-28,76.76847076416016,76.8844847874982,74.87909230146632,75.45088021812528,4741300
2014-10-29,77.03362274169922,77.63026971841451,76.80988328657504,76.98390426773565,4330400
2014-10-30,77.79600524902344,78.01975103526296,76.6524360467285,76.70215452265354,2836400
2014-10-31,78.73240661621094,79.2793287806614,78.1523303737046,78.72411809669697,5031500
2014-11-03,78.60813903808594,79.27936400431791,78.30981542591823,79.09705442773867,4001200
2014-11-04,78.70758819580078,79.22136287091442,78.0943638795233,78.71587039732174,4437300
2014-11-05,79.38707733154297,79.56109834435627,78.74070544100735,79.19647927620119,3454700
2014-11-06,79.72684478759766,80.08317539684408,79.46995748405618,79.58597151290009,3743200
2014-11-07,77.57229614257812,79.3208015494792,77.07509222188432,79.1384919700236,6155400
2014-11-10,78.51695251464844,78.72412125479262,77.48110881392748,77.63027055972283,4087700
2014-11-11,79.2959213256836,79.34563980791371,78.49210547742096,78.765569774265,2291400
2014-11-12,79.28760528564453,79.52792173683045,78.32633948090084,78.91470415376565,2897700
2014-11-13,79.46996307373047,80.16604729575442,79.05562542091883,79.25450572402698,2767700
2014-11-14,78.8153076171875,79.65227143329705,78.61642731712361,79.56939884617057,2709600
2014-11-17,79.94230651855469,80.12461609456132,78.59156174484598,78.88988535607669,3297600
2014-11-18,81.36761474609375,81.71565679065118,80.25718676099048,80.37320077584296,4320800
2014-11-19,80.26545715332031,81.54990587058664,80.20745015899598,80.98640664474111,3433800
2014-11-20,80.25716400146484,80.25716400146484,79.69366480814145,79.93398129141194,3316700
2014-11-21,80.14118194580078,81.24332153570711,80.04173864067339,80.7129698862751,4408600
2014-11-24,80.29862213134766,80.62180492936311,79.97543933333219,80.60522788612205,3998800
2014-11-25,81.12730407714844,81.3261843567034,80.30691739198043,80.38149512595476,4066300
2014-11-26,81.30131530761719,81.8233783493502,81.06099876775266,81.2018720186869,2765900
2014-11-28,81.73220825195312,82.38686222280556,81.56647579044362,81.79021524571027,2177500
2014-12-01,82.08853912353516,82.72662238017779,81.21843421305181,81.83165191029076,4892800
2014-12-02,82.72663879394531,82.86751204707588,81.37589430131274,82.03883692660511,5297200
2014-12-03,83.84541320800781,84.2862660384097,82.93042845117958,83.0801526526489,6689000
2014-12-04,82.90547943115234,83.95354889144667,82.6975294939741,83.87868361407571,4065200
2014-12-05,83.45447540283203,83.77055704202022,82.91380426395766,83.02193595328099,3104900
2014-12-08,83.1134262084961,83.92859272354006,82.88052330309159,83.44614736455748,3085800
2014-12-09,84.02842712402344,84.08665286596266,82.14024405302573,82.38146679709678,3792200
2014-12-10,82.42301940917969,84.02839289280345,82.35648026416273,83.82044299257306,3908700
2014-12-11,82.95538330078125,83.73727066974179,82.54779689612195,82.67256811497423,2940600
2014-12-12,82.14854431152344,83.5210151552945,82.09031858341817,82.83061984624025,3086500
2014-12-15,81.740966796875,82.97203334201575,81.02562477893149,82.18182603911485,3649300
2014-12-16,79.72799682617188,82.16517010473805,79.64481812868341,81.22523876547554,4843800
2014-12-17,82.464599609375,82.97199779783382,79.99415414828484,80.31024201094033,6235000
2014-12-18,85.04317474365234,85.05981428663026,83.10508683105763,83.41284856876034,4681000
2014-12-19,85.25115203857422,86.50717140024368,84.84357195023898,84.84357195023898,7986500
2014-12-22,85.70867156982422,85.87502902905901,85.23454583026178,85.32604433668,2398100
2014-12-23,85.55059051513672,86.44893563691527,85.20955596746539,86.27425847647957,3028600
2014-12-24,85.40919494628906,85.94154625592608,85.29274349393899,85.67537060110757,950700
2014-12-26,85.30104064941406,85.67534788326901,84.97663935443938,85.33430704458323,2019900
2014-12-29,85.11805725097656,85.68368125049719,84.70215743797985,85.15964342459972,1708100
2014-12-30,85.55059051513672,85.7252676755724,85.05151200730226,85.05151200730226,1767600
2014-12-31,84.08660888671875,86.24097290394769,84.03670294719564,85.77516721206104,2313900
2015-01-02,83.82876586914062,85.35928049148774,83.18828294501404,84.42766261935786,3060900
2015-01-05,82.4479751586914,83.55426375696791,82.14020703506819,83.42949889913274,4679000
2015-01-06,82.28162384033203,83.29642047786527,81.89899674433438,83.0385646046366,3468300
2015-01-07,83.12174224853516,83.42951041463861,82.28162279509941,82.31489554382367,3225800
2015-01-08,87.08943176269531,87.32234102471661,83.77887229342733,84.48590081556719,5346100
2015-01-09,86.27428436279297,87.03121895179665,85.59220871666824,86.85654173894964,3397600
2015-01-12,85.30104064941406,86.50714737728133,84.7686894809363,86.3657429863696,3051500
2015-01-13,85.73358154296875,87.83803344255823,84.71046527817762,86.45724945446136,3856500
2015-01-14,85.94985961914062,86.07463083624587,84.16148909697256,84.51916320140617,4725600
2015-01-15,86.88977813720703,86.99790979149509,85.783483239301,86.14115729102525,5888900
2015-01-16,87.97943115234375,88.17074783144353,86.21602025723591,86.92304856967783,6045500
2015-01-20,87.85468292236328,88.48684609869845,86.92306501274034,88.33712190511848,6526800
2015-01-21,90.93233489990234,91.04046656672332,87.8546788208189,88.60329340764149,8293700
2015-01-22,94.70037841796875,94.92496785248096,90.94064720775152,91.29000149907385,8055200
2015-01-23,93.16155242919922,95.09132718995897,93.16155242919922,94.52570322493662,5256000
2015-01-26,92.8371810913086,93.16158252276001,92.1301524931742,93.16158252276001,4203400
2015-01-27,91.50627899169922,92.53770875506467,91.43141372507958,92.28816632783595,4718300
2015-01-28,90.21697998046875,92.22993340296021,90.20866020791036,91.97207756879351,6633500
2015-01-29,90.99055480957031,91.14859875924752,88.78628467124588,89.95912511566222,4912300
2015-01-30,88.37871551513672,90.99056598831734,88.28721704314846,90.35008303052746,5397500
2015-02-02,89.24376678466797,89.28535295090542,87.39717092753777,88.7779611075996,4657100
2015-02-03,89.67631530761719,89.83435926671757,88.60329303261831,89.29368824264608,4192600
2015-02-04,89.76780700683594,90.4498823923026,88.79460304454699,88.86114853242837,4768900
2015-02-05,90.51647186279297,91.3399520505473,90.10057188063602,90.10057188063602,3297700
2015-02-06,89.50164031982422,90.99888221571291,89.16060576617203,90.32512018949917,3661400
2015-02-09,88.57833862304688,89.20218833006136,88.4036614666181,88.9443324819228,3909700
2015-02-10,90.64122772216797,91.04880785849701,89.11071274795412,89.21885078646011,5437400
2015-02-11,91.3731918334961,91.54786900142432,90.15044531187075,90.44158027121226,3798500
2015-02-12,91.3648910522461,92.14678492980715,90.52477778606783,92.08023941977449,3378000
2015-02-13,91.03215026855469,91.36486503170325,90.39998079554324,91.2401001685862,3727600
2015-02-17,91.29833221435547,91.29833221435547,90.26689606950185,90.94897153503265,3430600
2015-02-18,91.30664825439453,91.68096191878088,90.62457276934663,91.29833482679088,2958700
2015-02-19,91.52291107177734,91.7974064691437,91.03215234266249,91.1153310353448,2674800
2015-02-20,93.67729187011719,93.8436492847567,91.03216836212601,91.4647014478659,4647100
2015-02-23,96.82148742675781,96.89634635444943,93.86859592044367,93.98504737204942,7060000
2015-02-24,96.01461791992188,96.97118862790651,95.92311946591563,96.70501303792291,3582800
2015-02-25,94.86679077148438,96.33907395176459,94.59229525352578,96.33907395176459,3845900
2015-02-26,94.54235076904297,95.34087766731749,94.30112811027344,95.16620050326941,3126800
2015-02-27,94.51738739013672,95.03310543289042,94.33439680670223,94.63383882783475,4016400
2015-03-02,95.15787506103516,95.53218234082125,94.51738581822055,94.51738581822055,2952200
2015-03-03,93.87689971923828,95.2327307299969,93.46099993538418,94.78355820189923,3163700
2015-03-04,94.6754379272461,94.80020914663125,92.87043417134147,93.36951270275424,3180900
2015-03-05,95.4822769165039,96.25585079892396,94.88338018867839,94.88338018867839,2941400
2015-03-06,93.89351654052734,95.79002455484246,93.66893348871588,95.79002455484246,3196900
2015-03-09,95.57379150390625,95.62369745760192,93.88523904516667,93.96841775003558,3942000
2015-03-10,93.54418182373047,95.16619484393811,93.54418182373047,95.04142363528717,3957900
2015-03-11,94.07417297363281,94.80025592478772,94.00740482236115,94.22439813031338,2593700
2015-03-12,95.8768310546875,96.01871491258655,94.43300695945616,94.57488444999633,3258600
2015-03-13,96.18563079833984,96.30247183612481,94.75014791428566,95.50962102724695,3066800
2015-03-16,98.91473388671875,99.05661777786185,96.66136325564598,96.81158838887487,4692200
2015-03-17,98.14692687988281,98.58925470397308,97.5794103739615,98.54752938826998,3303500
2015-03-18,100.11652374267578,100.58388794156438,97.4208256231952,98.00503087180594,5533500
2015-03-19,100.7842025756836,101.06795762029103,99.99969284729315,100.149917978956,4032500
2015-03-20,99.43218994140625,101.42684223693091,99.31534886389645,101.27661708479528,7195700
2015-03-23,99.34870910644531,100.55051003523864,98.97314313251756,99.71592747187876,4576500
2015-03-24,98.58090209960938,99.84946488980285,98.54751803047795,99.23187552927182,3054700
2015-03-25,97.26223754882812,99.94124639585743,97.23720109460447,99.1901209323542,3385500
2015-03-26,97.02022552490234,97.8214240425732,95.64316298591564,96.87000040487906,2856400
2015-03-27,98.48907470703125,98.6643362538886,96.82825108076452,96.86163514216955,2608500
2015-03-30,100.9844741821289,103.28792347525938,100.59221942066061,102.08612273669415,5178500
2015-03-31,98.7227783203125,100.92607591514592,98.6643577919404,100.81758246741488,4573100
2015-04-01,98.02169799804688,99.74928327019911,97.26223134316477,99.74928327019911,4826200
2015-04-02,97.94660186767578,98.79787320872228,97.53765822905065,98.14689988309394,2497100
2015-04-06,98.2303695678711,98.91472704583727,96.76985001646136,96.82827054382335,2544700
2015-04-07,97.93827819824219,100.0080460879921,97.87151005433012,99.69090058809005,2528500
2015-04-08,98.63933563232422,99.17346807412116,98.03843504346241,98.29715365413753,2627000
2015-04-09,98.93978118896484,99.11504279109687,98.14692380709826,98.33888062887752,2247200
2015-04-10,99.3153305053711,99.39878749282798,98.4557114365812,98.93977087813512,2232600
2015-04-13,99.6241226196289,101.24320845850255,99.42381822044813,100.98448990209359,3961000
2015-04-14,100.08313751220703,100.30013075729667,98.91472067288687,99.59907810676076,3208800
2015-04-15,97.91323852539062,100.76750972674927,97.27061267155133,100.46705945635777,7344000
2015-04-16,101.4852523803711,102.08615292736232,100.58390155988425,101.76066619230215,7068000
2015-04-17,99.07330322265625,101.02622988747824,98.26375705294663,100.98449820904284,4390000
2015-04-20,98.96480560302734,100.4253251436835,98.53916669688964,100.02472269660802,4650700
2015-04-21,99.54901123046875,99.84111386617883,99.11503108132233,99.31532912190069,3379800
2015-04-22,98.32215881347656,100.09982355077706,97.78802654173752,99.76598928910043,3846700
2015-04-23,98.69775390625,98.96482012102524,97.6127938270851,98.04678040569539,3244300
2015-04-24,99.05660247802734,99.39043039598741,98.49742734398951,98.71442058455108,3139200
2015-04-27,97.01187896728516,99.65751063010188,96.87000145443703,99.46555383179687,5174300
2015-04-28,98.13858032226562,98.26376900543923,95.37611351907647,97.55437495727004,4144800
2015-04-29,94.81693267822266,97.9132334575456,93.50663820969666,96.99519384213708,7122600
2015-04-30,92.97250366210938,95.41783095449415,92.7388215510053,94.75016232217395,6705600
2015-05-01,94.4747543334961,94.85866795943225,93.25626441696589,93.71528742578496,5805100
2015-05-04,95.60977935791016,95.9185772080885,94.683392174735,94.89203782198419,3531500
2015-05-05,94.61662292480469,95.3760897097082,94.31617270713579,95.09233470822055,3960400
2015-05-06,94.7167739868164,95.55135655593858,94.02407529363835,95.14241287992942,3369800
2015-05-07,95.7767105102539,96.09384963763124,94.39964780945347,94.43303188086591,3300200
2015-05-08,96.5445327758789,97.30399976736048,96.01874793562244,96.75317846338147,3066000
2015-05-11,95.78504180908203,96.63631962332614,95.74331649966844,96.4860945012454,3376400
2015-05-12,95.67655181884766,96.04377021216375,95.00054192875224,95.33437625291596,3844600
2015-05-13,96.69477081298828,97.06198930949095,95.65988984790845,95.65988984790845,3667700
2015-05-14,98.92304992675781,98.99816565308068,96.98681903158594,97.79636497078147,4771400
2015-05-15,99.59072875976562,99.60741760770976,98.73945106535749,99.13170584931429,3083800
2015-05-18,99.98299407958984,100.13321919635331,99.18178921194487,99.49893466253424,2824700
2015-05-19,100.60895538330078,101.093008550287,99.89121369233357,99.99970716008956,3554900
2015-05-20,101.18480682373047,101.69390279047681,100.1749625002686,100.75917422257073,3379200
2015-05-21,100.53380584716797,100.85094490069552,100.19163033775128,100.78418314077751,2983500
2015-05-22,99.80774688720703,100.80090238602864,99.43218720089953,100.40030623628212,2945900
2015-05-26,98.68106079101562,99.80774620965046,98.2303853500895,99.49895467285066,3014500
2015-05-27,99.69087982177734,100.02471410443707,98.70607218997883,99.21516803837903,2887700
2015-05-28,99.83277130126953,99.99968527164549,98.72277493292599,99.57404636961904,2873600
2015-05-29,100.32518005371094,101.50194465195464,98.2637598799549,100.19999138216326,6019900
2015-06-01,100.03309631347656,100.6173017346853,99.10670888315875,100.60061288009143,3876400
2015-06-02,98.27207946777344,99.88282378508183,97.98832450271239,99.72425108851327,4219500
2015-06-03,98.77284240722656,99.30697472382553,98.02171684720943,98.48073979148643,3438100
2015-06-04,97.35406494140625,98.45571375693622,96.83662141920273,98.41398207854427,3300300
2015-06-05,97.2538833618164,97.43749250351254,96.27742350900499,97.08696943337894,2724500
2015-06-08,97.57106018066406,98.20533840699771,97.07865310859528,97.12872602978996,3271300
2015-06-09,97.63780975341797,97.96329643523485,96.63631325049822,97.58773683847981,3047300
2015-06-10,98.93978118896484,99.21518863953764,97.42084093645997,97.67121192492257,4006400
2015-06-11,100.00416564941406,100.52380072761439,99.08223780914037,99.24148215772217,3815600
2015-06-12,98.60453033447266,99.73598774005275,98.47881142400166,99.60188586372918,3076600
2015-06-15,99.71923828125,101.3116566603961,97.22164493409308,97.91728410058829,6809500
2015-06-16,101.8731918334961,102.40120359360024,99.73598950074825,99.85332544743805,7229400
2015-06-17,100.35620880126953,102.41797751829544,99.8784819814017,102.16654605192473,4805900
2015-06-18,101.32001495361328,101.73069070127664,100.50704002861647,100.90095624129151,3478300
2015-06-19,100.85066986083984,101.31163060148381,100.49027911740555,101.11886717727965,4178700
2015-06-22,100.78363037109375,102.44310585099996,100.52381598971118,101.94023023056653,4435600
2015-06-23,102.87053680419922,102.89567930528649,101.42059715731703,101.72231995902189,4991000
2015-06-24,99.87843322753906,103.08842389651629,99.81976527459055,102.92080300075693,4650500
2015-06-25,102.52693176269531,103.43210034259162,100.15505732242869,100.2137253010703,6149500
2015-06-26,103.29798126220703,104.01876281947747,102.86216297829722,103.75056547684166,16358200
2015-06-29,101.57147979736328,103.11361320025384,101.5044288508906,102.28387851922751,3604000
2015-06-30,102.25032806396484,103.03816050670842,101.41221062081759,102.60233585544782,4982600
2015-07-01,103.40692901611328,103.63322430917499,102.43471609599511,103.04653825566538,3269300
2015-07-02,102.09109497070312,103.82599801371461,101.42898135022423,103.77571300776131,3682300
2015-07-06,102.3844223022461,103.17224829201216,99.95388061919243,100.23883745937144,6522800
2015-07-07,101.16078186035156,102.92083376353635,98.73862274498605,102.55206000944747,6476200
2015-07-08,99.55158233642578,100.56570360871758,99.23310003090273,99.77787761203885,4009800
2015-07-09,100.02094268798828,101.0434470948908,99.99580018524958,100.60762879398494,3315600
2015-07-10,102.37603759765625,102.87890673869464,101.16076357962473,101.40381838323104,4033500
2015-07-13,102.62748718261719,103.71704251015248,102.09109248441403,103.17226484638483,3766900
2015-07-14,104.7646713256836,104.93229224207346,102.25031921386719,102.40118059634929,4192400
2015-07-15,105.4854736328125,105.64471801089873,103.76733012562426,104.72278360548299,5067300
2015-07-16,104.7060317993164,105.18375857451912,102.33415746176179,105.11670763202369,7216600
2015-07-17,103.80086517333984,104.74794216915059,103.67514625242435,104.5132638660877,3702700
2015-07-20,102.79512786865234,104.11935524929125,102.5269304847294,103.96849382118896,3199700
2015-07-21,101.29486846923828,102.85376732929777,100.85904384474411,102.72804844168104,4239100
2015-07-22,101.08533477783203,101.61334640994046,100.64113360242412,101.38705753741627,3384700
2015-07-23,100.0125503540039,101.98212495484586,99.5348236942735,101.94021652733353,4896100
2015-07-24,98.84757995605469,100.33942808235636,98.54585714463086,99.83655886142634,3840600
2015-07-27,98.79727172851562,98.97327560614367,97.77477392434243,98.79727172851562,3752300
2015-07-28,101.84803009033203,101.8899385207198,99.31691819539701,99.51806459373515,5216900
2015-07-29,101.84803009033203,102.34252271272713,101.09372949798185,102.09946788400123,3924400
2015-07-30,101.0434341430664,102.18327434619681,100.19694015249763,101.52954378146904,3732400
2015-07-31,101.74745178222656,102.85376647426592,100.96800235867644,100.96800235867644,3593000
2015-08-03,101.32001495361328,102.39280423406447,100.69142688513061,101.9234605224492,2541300
2015-08-04,101.27809143066406,101.94020486477379,100.76684576060724,101.89830283638358,2058200
2015-08-05,103.85953521728516,104.12773260322125,102.04920446079906,102.04920446079906,3831900
2015-08-06,102.28385162353516,104.46295565625714,102.08270523133905,104.23666676432757,3014900
2015-08-07,102.09947204589844,102.13299751270952,100.79201081191127,102.00727861075022,2276300
2015-08-10,102.65263366699219,103.3734088303721,102.20004945208221,102.66939320339817,2480000
2015-08-11,102.46825408935547,103.10521882739143,101.63851310578869,101.63851310578869,2756000
2015-08-12,101.57984924316406,102.06595897949066,99.7779015420278,101.63014064665526,3005300
2015-08-13,101.0099105834961,102.24194423763407,100.81714715402049,101.68879005486863,3253400
2015-08-14,101.42898559570312,101.56308747629743,100.792020845869,101.05183524660846,2040500
2015-08-17,103.77570343017578,103.88465639779564,100.82553279048595,100.90934325744959,2951800
2015-08-18,105.1837387084961,105.77880132351159,103.77570115367695,103.82598615388629,4140200
2015-08-19,103.27284240722656,104.75630761230566,102.96273662115725,104.5216357285037,3411500
2015-08-20,100.39808654785156,102.60233306134369,100.39808654785156,102.45147166991234,3201600
2015-08-21,97.45631408691406,99.56837403235194,97.23002514706779,99.10740679186712,5627800
2015-08-24,92.5533218383789,94.22955694808833,79.62116771119754,92.91371264273961,8824900
2015-08-25,92.17615509033203,96.03987044774067,92.02529370153627,94.70726684198503,8109900
2015-08-26,95.09281921386719,95.40292501832047,92.42760507178892,94.33851211812247,7503200
2015-08-27,98.7051010131836,98.75539241430887,96.34999274474734,96.59304760147623,5783700
2015-08-28,98.29441833496094,98.76376208380047,97.22162896942544,98.38661177053,3333100
2015-08-31,96.9701919555664,99.55159538390423,96.51761413368071,98.23575116788933,4087000
2015-09-01,94.39717102050781,95.72978116064122,93.92782727018611,95.00899960445918,4658100
2015-09-02,95.73817443847656,96.04827385220061,94.3133707090095,95.40292612599433,4522100
2015-09-03,95.53699493408203,97.15456167532118,95.09279376168382,96.16558294656883,3137100
2015-09-04,94.1708755493164,94.76593816110713,93.24894764927906,94.28821147872142,3394900
2015-09-08,97.29704284667969,97.39761923348505,95.26880033689932,95.65433356149433,3990600
2015-09-09,96.86776733398438,99.08996791244593,96.65733162449379,98.72801823524259,3753500
2015-09-10,98.29032897949219,99.27517318718931,96.573178881228,96.67418393289675,5525700
2015-09-11,99.91487884521484,100.05798001775754,97.52433211129264,97.78527035312521,3752500
2015-09-14,99.15730285644531,100.58826302524785,98.61016876061335,100.19264288792338,2686500
2015-09-15,101.03438568115234,101.52259803881722,98.84585571967352,99.83911246506617,3072100
2015-09-16,101.97711944580078,102.15388462492628,100.63033254152086,101.23638183195693,3475700
2015-09-17,103.75321960449219,105.31886173045132,101.766706077404,102.27175047436127,5466500
2015-09-18,103.08826446533203,104.18252649332695,102.5411302403399,102.86940949093731,7458400
2015-09-21,104.32561492919922,104.60338519975849,102.17916800967672,103.94682677881896,3476700
2015-09-22,103.4754638671875,104.19936333730283,102.22126863630879,102.22126863630879,4566800
2015-09-23,103.77006530761719,104.55288647374135,102.72630589344789,103.53437831944883,3131300
2015-09-24,101.9266586303711,103.22294364444784,100.39468659955124,102.98725662770471,4735800
2015-09-25,97.95360565185547,103.03773260770697,96.99401943529281,102.84412895047635,8060200
2015-09-28,94.86443328857422,97.49067375377342,93.4418919891654,97.26340597003004,5727000
2015-09-29,96.14385223388672,96.68256704819704,93.9469032728451,95.02433290146577,5142700
2015-09-30,97.65059661865234,98.41657932599563,96.69942302192185,97.12871370343747,4638600
2015-10-01,98.15562438964844,98.23979738179314,96.72466425722567,97.59165827809257,3768300
2015-10-02,100.0243148803711,100.04114691345873,96.64892390027558,96.91828138360059,3521600
2015-10-05,100.71453094482422,101.29532913086597,99.4350782462639,100.73136297575795,3491200
2015-10-06,97.68424987792969,100.67243282307773,96.5226407589252,100.55458935042331,4652000
2015-10-07,98.00411987304688,98.32397984279513,96.46372892270341,98.02937113092328,4282000
2015-10-08,97.70952606201172,98.43342553414294,96.71626909480767,98.00413481881182,3646500
2015-10-09,100.39468383789062,100.5630362894972,97.60851658919282,97.63376785143646,4485100
2015-10-12,103.1219482421875,103.59332231978192,99.79705916775498,100.17584741324205,5840000
2015-10-13,104.36769104003906,106.05117668949782,102.34750697629093,103.66904937622463,6655700
2015-10-14,102.7515640258789,105.21787118329492,101.71621734776004,104.24986548401075,5592200
2015-10-15,101.15225219726562,101.43002892148155,97.608515027992,100.16741445357928,8012400
2015-10-16,100.9923095703125,101.7246217368514,99.81386830056319,101.7246217368514,4416500
2015-10-19,101.62362670898438,101.77514069318104,100.33575463231819,100.82396707272846,3707500
2015-10-20,101.36268615722656,102.3306918499725,100.74821738998038,101.54787063677664,3278400
2015-10-21,99.41824340820312,101.68253361315084,97.02769049785904,101.58994139065936,5305600
2015-10-22,95.79875183105469,100.19265054142488,92.65063536601855,99.50242166038512,10475000
2015-10-23,97.5748291015625,98.16405294656003,95.99235486406023,96.33746609125474,5497500
2015-10-26,98.08829498291016,98.48391515678462,96.8004294276088,97.57483132175247,3377100
2015-10-27,100.4788589477539,100.60511525353512,97.55800986355175,97.97046211374497,4008400
2015-10-28,100.823974609375,101.12700260041986,97.5664333386269,100.80714257520113,4405500
2015-10-29,100.76502227783203,102.41483727174956,100.58825707369667,100.83236323807049,3257500
2015-10-30,99.14048767089844,101.32060533983619,99.14048767089844,100.95023637167937,4237800
2015-11-02,99.90644073486328,100.96703188773314,99.1909543193408,99.86435103207242,3874200
2015-11-03,99.03947448730469,99.71286496628717,97.85261389429029,99.4687587502348,2758200
2015-11-04,96.49739074707031,99.11521127846,96.00917839864671,98.9889485784211,5396100
2015-11-05,97.83580017089844,98.29033577882988,95.64726304416784,96.78362132996642,4009100
2015-11-06,96.64051055908203,97.4738407424299,95.96712002074796,96.99404749534598,4106900
2015-11-09,96.17753601074219,96.49739596909414,95.1253574901249,96.06810533452564,2755100
2015-11-10,97.5495834350586,97.81052167706368,95.98394113905081,96.18595763537769,2842600
2015-11-11,96.41326141357422,98.36610526959498,96.25332815963591,97.93681446386037,2374200
2015-11-12,94.9654312133789,96.58157599742427,94.72132500818634,95.75667157352109,3341300
2015-11-13,93.7785873413086,95.13378761436022,93.5849836325931,94.68766486791618,3767300
2015-11-16,95.80717468261719,96.07653214828763,93.25669477474021,93.34928700562585,2450000
2015-11-17,96.28697967529297,97.17081237957699,95.26005220463591,95.73143264384908,1981400
2015-11-18,98.69435119628906,98.93003817162771,95.74825116057893,96.1691225942518,3319900
2015-11-19,93.12200164794922,95.71457095743007,92.26342683610181,92.4149407937205,15731900
2015-11-20,95.0916748046875,96.32903761367345,93.09674227367064,93.34084842976878,7059400
2015-11-23,94.40987396240234,96.37112977311499,94.35936502828952,95.09168356404132,3780400
2015-11-24,95.2768783569336,95.49572688124653,93.48396191782976,93.75331938174364,3244800
2015-11-25,96.3038101196289,96.84252507220778,95.11694952529844,95.51256972340859,2959200
2015-11-27,96.24488830566406,97.55801170852386,96.02603975684511,96.37115103582221,1740400
2015-11-30,94.87285614013672,96.64893444718606,94.79710234999217,96.43007946123016,4605200
2015-12-01,97.86103820800781,97.95363044725363,95.15904408035284,95.56307710434453,5467000
2015-12-02,99.4503402709961,100.92129726283974,98.15691201526056,98.26680891388166,6071100
2015-12-03,97.21853637695312,99.99137707818299,96.73667084594338,99.5855989729783,4286600
2015-12-04,99.53486633300781,99.96601118930366,97.42142000765256,97.71730120325702,3588200
2015-12-07,97.98783874511719,99.66168479753985,97.38761425035158,99.66168479753985,3164300
2015-12-08,97.96247100830078,98.35979998697088,96.33089003295504,97.1762686429844,3551900
2015-12-09,97.26081085205078,98.75712814143496,96.93111371286908,97.55669207314631,3839100
2015-12-10,98.24146270751953,98.95158420374489,96.66060214011037,97.2608267219191,3202600
2015-12-11,98.04702758789062,99.19673672277365,96.89731200327975,98.24146108323826,3830800
2015-12-14,97.93710327148438,98.68948966150256,96.73666728400887,97.96246359591004,3867200
2015-12-15,99.42499542236328,100.1773819947847,98.62188818879419,98.7994169525391,3124100
2015-12-16,100.45632934570312,101.24253161372268,98.82474857227443,100.00827976979247,3516900
2015-12-17,100.78602600097656,102.36687967127354,100.29570492207407,100.4563289013036,3945800
2015-12-18,97.91175079345703,100.48170255340592,97.91175079345703,100.27035789995348,7574800
2015-12-21,99.25591278076172,99.56024316833575,98.06392575970989,98.54579134381592,3185200
2015-12-22,99.28126525878906,100.04210084215629,98.24144673860593,99.91529921141301,2821600
2015-12-23,100.33800506591797,100.45635757395424,99.37427381492101,99.67015508501167,2479600
2015-12-24,100.04212188720703,100.75224341738637,99.99985681797729,100.20274591957356,900100
2015-12-28,100.03365325927734,100.27035823999047,99.23053970359837,99.97447701409907,1582600
2015-12-29,101.29326629638672,101.79204303755142,100.34643991722493,100.49015918485159,2027600
2015-12-30,100.53244018554688,101.53844296979995,100.31264635263813,101.47081112133814,1747700
2015-12-31,99.4503402709961,100.91284812044913,99.2136352895186,100.29571889040254,2372500
2016-01-04,98.45278930664062,98.83321354000299,96.82120837841651,98.83321354000299,4991000
2016-01-05,98.63877868652344,99.66168605361315,98.24144969894994,98.67259460564959,2816800
2016-01-06,97.6327896118164,98.61343205346971,96.79586645883849,97.87795022222973,2677300
2016-01-07,94.75848388671875,96.44924108151913,94.19208177439506,96.06036770068228,5277200
2016-01-08,93.12690734863281,95.52777941686938,92.78875462712332,94.97828205063232,4422400
2016-01-11,92.63658905029297,93.51578357314186,91.46151330574659,93.42279141064738,4525800
2016-01-12,94.90218353271484,95.63765863259681,93.03389799262338,93.295963239733,4037800
2016-01-13,92.3406982421875,95.56158832777994,92.08708210721788,95.02900218401523,3434300
2016-01-14,93.63414764404297,94.51334227564521,90.88666683893383,91.92647903948146,4238200
2016-01-15,92.37451934814453,93.5411459763516,91.12336259726342,92.21390179550058,6357000
2016-01-19,95.17272186279297,96.50842156401816,92.65349086237744,94.25125585888004,7122800
2016-01-20,97.041015625,97.84412275944382,93.11845922043813,94.75848940915976,8380700
2016-01-21,95.95046997070312,97.6243224168824,94.90220232496432,96.93956137312749,5413900
2016-01-22,96.65213775634766,97.34534795660137,96.28016910508524,96.9395633870672,3622200
2016-01-25,95.84904479980469,97.48062612098745,95.40099507347487,96.81277610353665,2908500
2016-01-26,96.33936309814453,96.52534745803946,94.47953239865137,95.45171926645702,4592500
2016-01-27,94.96138763427734,97.05792312591197,94.54714744180177,96.73668155292548,4720300
2016-01-28,94.15826416015625,95.73912443071515,93.50732548976536,94.92756176579948,3525600
2016-01-29,97.3537826538086,97.3537826538086,93.51576382502172,94.62320749939457,5280800
2016-02-01,97.97093963623047,98.19073991000803,96.46616654211105,97.07484025427797,4333500
2016-02-02,96.27171325683594,97.54823675685759,95.75603179158635,97.17626810658525,2997700
2016-02-03,95.31643676757812,96.68595241598511,93.2452617857787,96.68595241598511,3462300
2016-02-04,96.54224395751953,96.83813165922885,94.71622933834102,95.24881559190818,3608300
2016-02-05,94.4457015991211,96.55069258242271,93.75249138033722,96.43234009017135,3330800
2016-02-08,93.008544921875,93.93846648354429,92.00254883655549,93.41432946239674,5050200
2016-02-09,93.9722900390625,94.91910996104271,92.26462162310193,92.4590615426383,3680200
2016-02-10,95.30799865722656,96.7789623289346,94.116017971232,94.116017971232,3023200
2016-02-11,93.51579284667969,94.42034778541371,93.06773672398963,94.10755534875707,3955000
2016-02-12,94.53023529052734,94.60632271878497,93.16917522140028,94.00609823387266,2552100
2016-02-16,97.34535217285156,97.44679348233356,95.13045780307122,95.21499437754863,3445700
2016-02-17,100.00830078125,100.08438176685267,97.38762170410357,97.64123788890079,4466000
2016-02-18,99.28974151611328,101.44546012363193,98.96004428668978,100.17739187208653,3847100
2016-02-19,99.48414611816406,100.21962776449071,98.08081465615086,99.33197772408705,4481400
2016-02-22,102.51905822753906,103.25453991883884,100.56623575891169,100.68458824490567,5054800
2016-02-23,102.4176025390625,102.9670998324078,101.67366536048085,101.98645771508684,2804400
2016-02-24,101.614501953125,101.71594970384491,99.61095886178828,101.38625257616351,2559700
2016-02-25,102.45987701416016,102.48524378826554,101.29325694464427,101.61449846965479,2281700
2016-02-26,102.56978607177734,103.35598841999285,102.19781742754257,102.6965941504689,2877500
2016-02-29,100.68458557128906,102.98401629478653,100.57468867999198,102.37534269742231,4526300
2016-03-01,102.8572006225586,103.3221613777903,100.91283394096718,101.01427523321692,3295600
2016-03-02,102.51905822753906,103.00092376329361,101.75822266035685,102.485248759878,2670900
2016-03-03,102.98401641845703,103.01783233498749,101.5215086647158,102.17245377090569,3064100
2016-03-04,102.96713256835938,103.29682975924077,102.07102672287465,102.56134793742109,2873900
2016-03-07,102.93329620361328,103.76176358806842,102.20627011945173,102.35843851961873,2315400
2016-03-08,102.84876251220703,103.40670902860047,102.06256016431828,102.52751451969168,2522000
2016-03-09,102.79782104492188,103.66366925290433,102.24605604592806,103.45993645317725,2094000
2016-03-10,103.63821411132812,104.20696017134111,102.212123146789,102.8827226700141,2638200
2016-03-11,106.19330596923828,106.38005782558275,103.77403527646675,103.96078713281122,3766200
2016-03-14,106.29515075683594,106.97424062423664,105.56512445403172,105.93862809072486,2856400
2016-03-15,105.98106384277344,106.50736381450972,105.32743897785637,105.71791709507653,2610300
2016-03-16,106.02350616455078,106.57527109604848,105.34440986788557,105.59058211351815,2140900
2016-03-17,105.70945739746094,106.07447064235332,103.74857575526983,105.77736834449775,3911400
2016-03-18,107.56845092773438,107.87404363303361,105.7094297165545,105.98955744246923,6948400
2016-03-21,107.58544158935547,107.80614890442578,106.68564430872487,107.16100793225142,2667000
2016-03-22,108.6719970703125,109.35109351145805,106.97425596744863,107.50904651966243,3984000
2016-03-23,110.17448425292969,110.64986083449834,108.67199841579169,108.78234236005433,6166400
2016-03-24,109.15582275390625,110.62437223647824,107.95043296578481,109.47839641294038,4153900
2016-03-28,109.43598175048828,109.9283263882486,108.663509321277,109.35110278357757,1955100
2016-03-29,110.20845794677734,110.42915881151512,109.11341172888537,109.73309426722592,2463100
2016-03-30,110.08109283447266,111.28649566292161,109.83492704441149,110.42913149687432,2578500
2016-03-31,109.41899108886719,110.32728532794789,108.90118151160792,110.04715756129741,3181800
2016-04-01,110.28483581542969,110.72625042919147,108.96060492683115,109.24073268444805,3901700
2016-04-04,109.91984558105469,110.9469678936227,109.40203594286038,110.7771970021648,2812400
2016-04-05,107.840087890625,109.89435139903225,107.72124700290838,109.4614208452404,4440000
2016-04-06,108.68046569824219,109.01152338544945,107.7042671308919,108.00137582955617,3021400
2016-04-07,107.69579315185547,109.02851451011067,107.1525186157733,108.23906768793763,3186600
2016-04-08,106.6856460571289,108.78234291745565,106.32912333364116,107.9674375359658,3642300
2016-04-11,107.23739624023438,107.75520575666687,106.81296263504989,106.81296263504989,3119200
2016-04-12,107.63636779785156,108.11173137617965,106.44795237568832,107.21193418110349,2887200
2016-04-13,108.4512710571289,109.2152528026117,108.03532148237895,108.35789515066197,2592400
2016-04-14,108.63803100585938,109.13886603953834,108.28150184703894,108.41732371255968,1674600
2016-04-15,108.0862808227539,108.70595035916756,107.14403754969503,108.56164446453357,2835200
2016-04-18,108.49371337890625,108.68046519674454,107.46658485713837,107.70426663389884,2717400
2016-04-19,110.7771987915039,111.45629532099345,109.60575760195168,110.42916003914578,4340100
2016-04-20,113.68880462646484,114.69047489352596,111.11673744154517,111.44779520932626,7321000
2016-04-21,112.86538696289062,113.74820313881631,112.41547543699046,113.37469950384128,3786000
2016-04-22,113.85855865478516,114.02832949973596,112.94178054882855,113.51052000339061,2782800
2016-04-25,113.56146240234375,113.80764116427389,112.55130827809833,113.50204842881047,2702100
2016-04-26,113.9519271850586,114.26600387551824,112.89932729021355,113.72272943523662,2638000
2016-04-27,112.72958374023438,114.24056654774272,111.96559537348085,114.03683372607095,3358800
2016-04-28,112.10991668701172,114.0792821958009,111.78734295043138,112.72108926011418,3332800
2016-04-29,111.77888488769531,111.9486687782589,109.44449887206108,111.25259109448659,4161100
2016-05-02,112.13536834716797,112.8399167627924,111.13369826176363,112.56828597954315,2887700
2016-05-03,112.44096374511719,113.0945822139539,111.3119687270994,111.51568858120474,3632300
2016-05-04,112.07596588134766,112.39853964999574,110.85359470824869,111.21861443898558,2909300
2016-05-05,112.31364440917969,113.13704682916897,111.92317265594708,112.0929435465999,2054700
2016-05-06,112.08441925048828,112.28815204120365,110.86206136425272,112.126865200973,2618600
2016-05-09,112.61921691894531,113.4001732375061,111.68547071210989,111.83826060038453,2191800
2016-05-10,113.38319396972656,113.40865894857932,112.54281080953066,112.83142253831852,2223500
2016-05-11,110.93846893310547,113.74821760907892,110.84509301248308,113.52751677519281,3450800
2016-05-12,110.13204193115234,111.44777580952807,109.2916586887533,111.20161000564413,3210400
2016-05-13,109.50389099121094,110.37822334818154,109.12190326433738,109.5887829094887,3137300
2016-05-16,110.89604187011719,111.08279374317716,109.1049310531796,109.29168292623956,2466000
2016-05-17,109.979248046875,111.38837090851509,109.49540040925605,110.83661233088714,2294500
2016-05-18,110.78568267822266,111.43083020922245,109.44447059597812,109.59727346746874,2246400
2016-05-19,110.35273742675781,111.30346455819046,109.30013742218189,110.08959066378526,2756000
2016-05-20,111.15068054199219,111.8722099377786,110.52251410976072,110.88753376513559,2538100
2016-05-23,110.70926666259766,111.37138209018582,110.36122797682563,110.46310085600676,3036500
2016-05-24,112.55132293701172,112.89087766102128,110.61590634456627,110.99789407547476,2702400
2016-05-25,113.2558822631836,114.00288968910662,112.71260766779086,113.07762737007164,2211300
2016-05-26,112.88236999511719,113.71426927555206,112.61073919435115,113.32378461813497,1499300
2016-05-27,113.74822235107422,114.19812100027764,112.86540602603945,112.88237404672398,1833400
2016-05-31,113.46809387207031,114.3848721381494,113.3068070077572,114.2575472203693,3634100
2016-06-01,114.1980972290039,114.46974093566207,112.91631248900843,113.39167602297537,2618000
2016-06-02,115.47989654541016,115.57327246227463,113.75669704092732,113.96891385628419,4015000
2016-06-03,116.15901947021484,116.39670132147471,114.72443139838178,115.11491612698836,3625600
2016-06-06,117.27101135253906,117.47474416583621,115.8788695100593,116.22690820885099,2959900
2016-06-07,116.2438735961914,117.56810432336063,116.19294363786723,117.27949259106687,2943200
2016-06-08,119.18093872070312,119.59688827335518,116.29479568763128,116.52399343727093,6180800
2016-06-09,119.41863250732422,119.57991934914315,118.45092440909629,119.25735861819095,3682400
2016-06-10,118.19627380371094,119.17246590439379,117.68694830171997,119.0536250142873,2805800
2016-06-13,117.2200927734375,118.95178947295238,117.21160876265031,117.99256519378298,2804300
2016-06-14,117.03335571289062,117.36441351308667,116.58345698320599,117.04185267744043,2970700
2016-06-15,117.0461196899414,117.82210979496968,116.86705305750237,117.4554408731464,2369400
2016-06-16,118.23994445800781,118.43606937746236,116.29571452934486,117.0034843823091,3176100
2016-06-17,117.4128189086914,118.40199239621913,116.44070372589321,118.32523653077325,4430900
2016-06-20,118.12057495117188,119.24617570839433,117.79653225800406,118.7174854293711,3731700
2016-06-21,117.83917999267578,118.72601662246558,117.73685619238137,118.70043567239196,2021400
2016-06-22,117.59185791015625,118.99033930055461,117.36162940299012,118.06086359235378,2375200
2016-06-23,118.69192504882812,119.36557848845807,117.68569320120675,118.82836547082337,2646800
2016-06-24,117.07172393798828,118.20586054529177,115.2468755876046,115.68177780485861,4475100
2016-06-27,116.91817474365234,117.15693884590682,115.52821635350345,116.09954567044579,3996200
2016-06-28,118.28257751464844,118.60660714468825,117.37866977786027,117.8562110962593,4160200
2016-06-29,119.8260269165039,119.96245428726755,119.04151423501105,119.21205820721889,3704500
2016-06-30,120.4058609008789,120.49966202322494,119.58724475283084,119.96243623054592,4730800
2016-07-01,120.11592102050781,120.90895613558492,119.91126050129392,120.37174341660827,2882500
2016-07-05,120.71286010742188,121.01132180944992,119.40817988846847,119.51050366668576,3749300
2016-07-06,121.41213989257812,121.90672663955796,120.20978312897236,120.2183057755555,4083300
2016-07-07,120.06480407714844,121.6508879125525,119.33997585221248,121.40358806616014,3515500
2016-07-08,120.46561431884766,120.90050353600049,118.99891227726243,120.8322833234064,3605500
2016-07-11,119.65550994873047,120.74700723120021,119.39115176872501,120.46560375829684,4084000
2016-07-12,119.26319885253906,120.19267439541825,118.84535513514288,120.14151251403682,4310100
2016-07-13,120.64464569091797,120.73844682932912,119.31438446375702,120.20123395631185,3164700
2016-07-14,120.09886169433594,121.81286262534219,119.78335478179616,121.42059988646325,3000700
2016-07-15,120.5167465209961,121.753206666779,120.28650498669923,120.78961429244225,3748700
2016-07-18,120.02217102050781,121.00280877621927,119.05857855657224,120.88342667542246,4166300
2016-07-19,121.59120178222656,121.62531839056899,118.80277409305783,120.0221761019898,5326200
2016-07-20,121.95783996582031,123.20282247813148,121.7787603655095,122.34156709600748,5489800
2016-07-21,121.82990264892578,122.5632532069013,121.1988888510943,121.69347532151191,3475100
2016-07-22,122.52918243408203,122.83616677337268,121.87257451166334,122.52918243408203,2697500
2016-07-25,120.85785675048828,122.69976334080239,120.58498892877932,122.4098372140884,2725600
2016-07-26,120.83226013183594,121.25010397439901,120.25240795359097,121.0369207303373,2668100
2016-07-27,120.81519317626953,121.37800002308568,119.30586528481493,120.38030407373253,2684100
2016-07-28,121.73613739013672,121.96637890367681,120.39735357721482,120.54231660080058,2517000
2016-07-29,122.11138153076172,122.70829211902148,120.74701633069299,120.96019961304825,3269700
2016-08-01,122.3757095336914,122.92999379698146,121.97492397821216,122.29896668562256,2494900
2016-08-02,122.08580780029297,122.76799694652247,121.37803769960149,122.63155651494144,2679100
2016-08-03,121.83844757080078,122.46946141663422,121.45470746148621,122.22217466844747,1963600
2016-08-04,121.69351959228516,122.350114566098,121.30977937256164,122.02608490748635,1890900
2016-08-05,121.93228912353516,122.40128183638518,121.42916679449918,122.22221520354083,2000100
2016-08-08,121.19892883300781,122.0004998249513,120.96868731131376,121.60823697360853,1846400
2016-08-09,120.93458557128906,122.05166358331988,120.81519047462974,121.55707694217811,2140700
2016-08-10,121.25007629394531,121.37798100651362,120.17562466169286,120.97719555824004,1866300
2016-08-11,121.6253433227539,121.99201236172038,120.61058870916565,121.29277788744717,1857500
2016-08-12,121.83844757080078,122.06015337992227,120.66167232712759,121.22447900989893,1787900
2016-08-15,120.76406860351562,122.03464572397932,120.65322213822432,121.90674095184487,2369600
2016-08-16,120.30357360839844,120.76404370482014,119.66402385623478,120.3632581525304,1688500
2016-08-17,120.84080505371094,121.01134905970106,119.94543275767073,120.48264572595596,1849100
2016-08-18,121.23308563232422,121.80441535332994,120.46563090540356,120.80671900366232,1572700
2016-08-19,121.12216186523438,121.30124147937212,120.42292773138654,120.78959659183857,1950200
2016-08-22,121.1648178100586,121.94080789217365,120.84078814751271,121.18187611177315,1587900
2016-08-23,121.09659576416016,121.82994658661697,120.87488989194637,121.71056449978315,2295500
2016-08-24,119.27176666259766,121.15631241437448,118.96478224638837,121.08809220947535,2529800
2016-08-25,117.08023834228516,119.16943149787404,116.8499967991641,119.16943149787404,3891000
2016-08-26,116.50032806396484,117.93292565233119,115.9631153535364,117.39569993023538,3082400
2016-08-29,117.05465698242188,117.71125199276878,116.38099065794604,116.99495942965997,2315900
2016-08-30,116.71356964111328,117.41281699521369,116.17635666179167,117.05467067177466,2026600
2016-08-31,116.01432800292969,116.67093606044628,115.58796150017116,116.44069450568821,2837300
2016-09-01,115.7499771118164,116.80735765874006,115.41741177662712,116.67093027349574,2765400
2016-09-02,116.49183654785156,116.63679957267942,115.76700841204146,116.39803541276639,2390500
2016-09-06,115.9460678100586,116.69647675982498,115.65614181098289,116.50033886780149,2242400
2016-09-07,115.64196014404297,116.47293160814816,114.96518310168678,115.65052214355514,2816300
2016-09-08,116.02745819091797,116.18165261123272,115.1450885944373,115.19648673454222,2826700
2016-09-09,114.46833038330078,115.77903545854797,114.46833038330078,115.40211134520646,3322300
2016-09-12,116.10457611083984,116.26734563137545,113.41463070091545,113.68877159271378,3457400
2016-09-13,114.75101470947266,115.77901672960162,114.25414423419677,114.99945648298805,3331500
2016-09-14,114.5282974243164,115.38496804540127,113.92005553177339,114.68249186166865,4592400
2016-09-15,116.17308807373047,116.58428625734106,113.83438124776725,113.96287659522227,3302900
2016-09-16,118.6231918334961,118.69172705750542,116.10457790612266,116.17311313013198,7421900
2016-09-19,117.9464340209961,119.41134689709966,117.80937662224405,118.80310485405421,3239500
2016-09-20,117.76656341552734,118.67463258404376,117.41532516830509,118.33196941274923,2425700
2016-09-21,119.8568344116211,119.89967057299442,118.2120277746228,118.39192135192509,3506600
2016-09-22,120.82483673095703,121.14181379699696,120.21660781913232,120.35367827624373,3018300
2016-09-23,120.3708267211914,121.45880245382251,120.24233131140703,120.80773725798014,2802000
2016-09-26,119.69407653808594,120.07957588459485,118.99160002384806,119.89110721354383,2636500
2016-09-27,120.61068725585938,120.65352341414474,118.8116862537162,119.92536101033448,3048600
2016-09-28,120.2851333618164,121.39880786059184,119.6426303515718,120.90193729739181,1990400
2016-09-29,118.49468994140625,120.17375708613899,118.08347861996599,120.08808479289978,2201000
2016-09-30,119.93389892578125,120.34509720486324,118.58035764072224,119.23142267191517,4164100
2016-10-03,118.64031219482422,119.69401333805031,118.24623798022242,119.377049409445,2724400
2016-10-04,118.35760498046875,119.38560701443778,117.50093444020204,118.81163932106969,2452600
2016-10-05,117.87789154052734,119.01725204897052,117.02122085512164,118.40046118149512,4625600
2016-10-06,116.90984344482422,117.7836511588991,116.21594231696581,117.6294436461769,4025300
2016-10-07,117.0726089477539,117.83504526939832,116.49006613440703,117.54378039860296,2568700
2016-10-10,118.28912353515625,118.52042834625576,117.33821828037051,117.33821828037051,2586000
2016-10-11,115.43637084960938,117.95498466871831,115.11083181749801,117.63802070908787,3353600
2016-10-12,115.7361831665039,116.26731466319808,114.48543855638904,115.63337382358455,4287900
2016-10-13,114.9566421508789,115.35070334867169,114.45977158134059,115.35070334867169,3425700
2016-10-14,114.72532653808594,116.08742967094845,114.69962746552295,115.4620637856557,3452900
2016-10-17,114.9052505493164,115.16224131393261,113.96290750652989,114.84527732306721,3602500
2016-10-18,122.8380126953125,123.31774620186587,118.10918671173636,119.24856032567948,10141900
2016-10-19,123.6775894165039,125.38236943066373,122.34975980964012,123.20643081884887,5796000
2016-10-20,124.27723693847656,124.97113818219793,123.34345584916085,123.78036631502896,5203700
2016-10-21,124.5341567993164,124.59412999450247,123.15491709930207,123.58325224748353,3331800
2016-10-24,123.95165252685547,125.26235730160118,123.377684879959,125.07388875226155,2930200
2016-10-25,123.17213439941406,124.5428129951527,123.0179399200674,124.11447756795437,3095400
2016-10-26,121.84426879882812,123.17211098507953,121.55300390092346,123.14641191007367,3267600
2016-10-27,121.5958480834961,122.71808467208761,121.28744609129276,122.26405022131024,3358000
2016-10-28,120.23373413085938,121.9470754760985,119.45416068155386,121.35597062050988,4033600
2016-10-31,121.07329559326172,121.25318915572784,119.90822268750357,120.61926107802421,3761100
2016-11-01,119.4455795288086,121.22745600576593,118.92302299399695,121.22745600576593,3391400
2016-11-02,119.06008911132812,120.98759816828377,119.01725296237764,119.09436325919147,3149700
2016-11-03,118.07495880126953,120.22519818347122,117.92075123270007,119.23145674261444,2989700
2016-11-04,117.97216033935547,118.98302576931492,117.95502326054364,118.60608846602119,3520700
2016-11-07,121.58727264404297,122.02418309020797,119.54840515838636,119.5912413100164,3896600
2016-11-08,122.4182357788086,123.02647771733304,120.79056670440254,121.09040667315185,4389300
2016-11-09,121.56153869628906,123.52332146106797,116.69565653173227,119.53979579383483,8042400
2016-11-10,125.18529510498047,125.56223230907162,121.64724088774761,121.93850579208798,6075500
2016-11-11,125.43372344970703,126.35892938261095,125.08248532233692,125.68216527511812,4475400
2016-11-14,130.45382690429688,131.0020956872318,125.96486725718316,126.20474710449113,5740400
2016-11-15,130.41098022460938,131.8930299839104,129.79417625962165,131.5075177019747,4910700
2016-11-16,129.78558349609375,131.0705892732828,129.5542787961084,130.2053567558072,3899000
2016-11-17,129.16024780273438,130.1454138996533,128.66337721772274,130.05975467091477,4683000
2016-11-18,128.02943420410156,129.92268221307725,127.98659805451469,129.4001125603357,5664800
2016-11-21,128.85182189941406,129.0659895391358,127.26697613677098,128.26071712230117,3867800
2016-11-22,130.43666076660156,131.01062849962312,128.98032336188578,129.42579573369207,4992100
2016-11-23,131.53321838378906,131.70456298752262,129.32301939931568,130.2225132101269,2697200
2016-11-25,130.90786743164062,132.35564322572063,130.73653588000454,131.86733457821032,1664500
2016-11-28,130.30819702148438,130.94213812472069,128.5006210952081,130.84790381304717,5029600
2016-11-29,135.00271606445312,135.45675043451877,132.93813679120763,134.4458854058461,5827400
2016-11-30,136.1681671142578,137.4066739753866,135.09306478341816,135.43709227976373,7142400
2016-12-01,138.4215545654297,139.09241725930045,136.85619953052748,136.85619953052748,5250200
2016-12-02,138.2409210205078,139.78047453548487,138.0947087137108,138.47314674250524,3480000
2016-12-05,135.57472229003906,138.18936564957866,134.37059968298328,137.77652998729536,5854200
2016-12-06,135.30807495117188,136.09073941436,134.3963772200114,136.03913660621646,3216700
2016-12-07,137.09706115722656,137.5959102760982,134.47382164033561,135.7983421034153,4552300
2016-12-08,137.0282745361328,137.81954842435474,135.89295996359039,137.1056787686761,3407500
2016-12-09,137.7162322998047,137.75064290581554,135.6434460587822,137.20019132385008,4007200
2016-12-12,137.17445373535156,137.32066606940333,135.67790664901065,136.60679658634567,3471200
2016-12-13,138.07749938964844,139.08380644776534,137.6732730966171,137.95708848615303,3868900
2016-12-14,137.49267578125,139.16123655738346,136.5121830634137,138.5935794250028,3885700
2016-12-15,138.14634704589844,138.72260032930632,137.1228475112606,137.50128563739304,4422700
2016-12-16,141.00180053710938,141.0534033409618,138.6365757859652,138.79999341403496,7605300
2016-12-19,138.93760681152344,141.0018109852156,138.66238746264847,140.2707362129859,4732600
2016-12-20,138.98057556152344,140.28790320203444,138.82576718078292,139.08379427248684,3131200
2016-12-21,138.75701904296875,139.58269034465792,137.28627317135988,138.83442326678798,2767700
2016-12-22,138.97201538085938,139.23004253923744,137.84531035054175,138.80859774309303,2741700
2016-12-23,140.21913146972656,140.2277275629517,138.08613233111453,138.9548102038872,2044400
2016-12-27,139.8837127685547,141.0190271197988,139.7202951158325,140.416959320547,1344000
2016-12-28,138.85159301757812,140.40833880900541,138.74838741225201,139.47085289714556,1669100
2016-12-29,138.50755310058594,139.64286725964416,137.9485052374107,139.26442920662475,2476300
2016-12-30,137.6474609375,138.88598060832373,137.48405644865346,138.79137110225236,2855600
2017-01-03,138.8601837158203,139.56545698829885,136.8819932398154,138.58496440437358,3539700
2017-01-04,139.25579833984375,139.83205136802243,137.38942306606444,139.6342362983616,2695200
2017-01-05,139.48805236816406,139.8750996559647,138.91179916865104,139.11822351389097,2961100
2017-01-06,139.6858367919922,140.14167892803968,138.56772823942586,139.11817986354748,3081300
2017-01-09,139.29026794433594,139.70310360201378,138.28397364660367,139.33327466621694,3040800
2017-01-10,138.97201538085938,140.17612462154847,138.04312548498214,138.7053921292644,3500700
2017-01-11,139.23858642578125,140.14167457959383,138.13768321169786,138.73114151631188,3330600
2017-01-12,139.64285278320312,140.14170169921374,138.37853174795987,139.06659967086432,2555900
2017-01-13,139.1611785888672,139.9696572363037,138.82574735469686,139.47080842993222,3183300
2017-01-17,138.1807098388672,140.16749618952514,135.4714449866763,139.85786629566914,5475800
2017-01-18,135.66929626464844,138.64517168905047,134.25015354161945,138.52476077229093,6591600
2017-01-19,136.49496459960938,138.08612101085228,135.23925265374453,135.66929350826365,4976900
2017-01-20,136.4606170654297,137.44111004775016,135.72954209557057,136.77024711899458,3579100
2017-01-23,136.81317138671875,137.20020543945424,134.65435840856338,136.42612421018097,4062600
2017-01-24,137.9829559326172,138.73983233048003,136.83905836377062,137.06267497049805,3514100
2017-01-25,138.67959594726562,139.31604808824744,137.91412366033376,138.31836316145802,3605800
2017-01-26,139.97825622558594,140.6921254051563,138.6881340483916,139.212784258736,4202400
2017-01-27,140.18470764160156,140.881371652369,139.86646851875665,140.62334454220965,3110400
2017-01-30,139.41065979003906,140.58898081384825,138.73979701680213,140.14173459042127,2784600
2017-01-31,139.41928100585938,139.49668522701566,137.6216998637778,139.00643224540934,3037000
2017-02-01,139.9439697265625,140.96745644150087,139.35910705135728,139.97836723742782,3718500
2017-02-02,138.26670837402344,140.40831620642723,137.8366675893177,139.78046033542176,4714000
2017-02-03,139.22137451171875,139.33318929533746,137.79364933623793,138.58492266355287,2762300
2017-02-06,138.0517120361328,139.78908078373226,137.80229411201773,138.91179375540702,3479400
2017-02-07,138.0689239501953,139.05801272515498,137.21743828281006,138.51617014027906,2942700
2017-02-08,137.87965393066406,138.15488629165534,137.10558588202835,137.61303078332958,2339700
2017-02-09,137.9915313720703,138.73120227332618,137.2346551594902,137.87971653417355,3056800
2017-02-10,138.2581329345703,138.98059841107815,137.69908508046893,137.71627726528683,1905900
2017-02-13,139.32460021972656,139.3504016135835,138.20649169865348,138.20649169865348,3275800
2017-02-14,140.30511474609375,140.62334073652255,138.68815714840525,138.8601708425883,2969400
2017-02-15,141.30279541015625,141.8188496018577,139.83206327427263,139.83206327427263,4537900
2017-02-16,140.75238037109375,141.88769463886322,139.61707922713094,141.72427699815643,3191600
2017-02-17,135.56607055664062,137.75068537888663,134.5941871798854,136.75298747776333,12033600
2017-02-21,138.10330200195312,138.3183223913511,135.4800506265373,135.56605090801463,5419000
2017-02-22,138.10330200195312,139.14399333730958,137.30341932901507,138.39572658182163,2725300
2017-02-23,139.84927368164062,139.84927368164062,138.20651467273126,138.75696637285017,2459600
2017-02-24,140.24490356445312,140.270704962543,139.109602677088,139.90947226548118,2715700
2017-02-27,142.24034118652344,142.30914930968697,140.02992452274492,140.33095842110953,4071800
2017-02-28,142.24034118652344,143.42724522062383,141.8274924475421,142.31774540365458,4382100
2017-03-01,144.44210815429688,145.00976516846117,143.0745815396497,143.39280753677033,3514200
2017-03-02,143.90025329589844,144.86354050769228,143.59923260411486,144.76894412863763,1889800
2017-03-03,144.66578674316406,144.8808072386574,143.30685563678895,143.90031430416013,2254400
2017-03-06,145.09576416015625,145.65482507777105,143.74544286448491,144.00345684697996,2576500
2017-03-07,144.75177001953125,145.66345463058644,144.43353082834284,144.88077704041385,2702300
2017-03-08,144.9546661376953,145.42947709001177,143.99641609673927,144.6093430938619,2048200
2017-03-09,145.0409393310547,145.95603521679323,144.80786117241908,145.16179906347708,3631400
2017-03-10,146.74163818359375,146.75890762579502,145.08412739584116,145.39491149184008,3716600
2017-03-13,146.940185546875,147.56174048878063,146.37041257967806,146.75026122447602,3130200
2017-03-14,145.9474334716797,146.91431159314467,145.4639944109472,146.46541142116533,2522600
2017-03-15,148.2955780029297,148.45960479342062,146.14598662754693,146.20642309677055,2807600
2017-03-16,147.8811492919922,148.6063076202778,146.94879722445856,148.54588434594814,3138600
2017-03-17,146.4999542236328,148.08840080065215,146.4049920275758,147.6999238795927,5622900
2017-03-20,145.03233337402344,146.96610256119138,144.96326877740407,146.69847230951945,3928600
2017-03-21,144.77328491210938,145.74017569455714,144.220781539019,145.61067468936315,4953100
2017-03-22,144.19491577148438,145.36035921164535,142.98631849279494,145.14453732811347,2999800
2017-03-23,142.6928253173828,144.10861668971722,142.24392517515585,143.50431790385355,3947400
2017-03-24,142.4424591064453,144.51434415163135,141.88132741541855,143.41797834468835,5243900
2017-03-27,142.09715270996094,142.53742467005753,140.9835042627693,141.57054671562224,4383000
2017-03-28,142.74461364746094,143.36618178947012,141.44104090696104,142.07987848978263,7327100
2017-03-29,141.09568786621094,142.41651646982496,140.49138935029598,142.1488994965426,5900400
2017-03-30,142.43385314941406,143.24533258376547,141.11302392222683,141.27703753255602,2993800
2017-03-31,141.58786010742188,142.52885403849427,141.36340996965268,142.13173576257856,3496100
2017-04-03,142.9517822265625,143.4265930135523,141.79498007114933,142.11439224934125,3473700
2017-04-04,142.41656494140625,143.69422697743963,142.26116631429826,143.1935185587737,2886000
2017-04-05,142.76185607910156,144.39346900055915,142.6323682173678,143.09853769233177,3541600
2017-04-06,142.73599243164062,143.3230349473785,142.30434855964023,142.83095461038974,2923600
2017-04-07,143.32298278808594,143.73735706604063,142.11437248269698,142.40790022010563,2927800
2017-04-10,142.85684204101562,144.16904300704746,142.68418713902517,143.4697820917151,3234900
2017-04-11,143.15895080566406,143.16757893746563,142.0971109943775,142.34745854382606,3172900
2017-04-12,142.92588806152344,143.6683158990477,142.09713937058464,143.58199504563316,2978700
2017-04-13,142.40792846679688,143.00358584644036,142.15756768576446,142.3992871602433,1979800
2017-04-17,144.32443237304688,144.53162616467773,142.4079457845426,142.43384336190582,4396700
2017-04-18,145.54164123535156,146.95743225486154,144.77331586206972,146.8106749557765,5526200
2017-04-19,146.11146545410156,147.78624595453525,145.6280263761881,146.40498015530233,4703400
2017-04-20,148.08834838867188,148.64949322958017,145.35172829069165,146.34451692950327,3652100
2017-04-21,147.76031494140625,149.02070751325954,147.16464436492157,148.5977050021566,2982300
2017-04-24,148.77035522460938,149.48688552073352,148.226479815723,149.05524171627732,2830300
2017-04-25,150.24656677246094,150.8508786252679,149.51278022261758,149.780397268603,3394700
2017-04-26,150.54010009765625,151.63646589584263,150.19477714440075,150.28973930995554,2817500
2017-04-27,150.75592041015625,151.99905668328842,150.2293144381412,150.2724814534323,2438600
2017-04-28,150.9717254638672,151.07531575082524,150.13433551703054,150.7386341454894,2010800
2017-05-01,150.7213897705078,152.05948828136025,150.28974593944085,151.07534087343655,2709700
2017-05-02,150.33290100097656,151.39474105258935,146.99198222949644,150.9976361363155,4951000
2017-05-03,148.95159912109375,150.47099334422808,148.3645700241337,149.9961826494986,3622200
2017-05-04,150.22926330566406,150.39329000430754,148.81347262597373,149.39187355038243,2585200
2017-05-05,150.3156280517578,150.97173503802614,149.61636722500174,150.6782072518268,2189000
2017-05-08,150.5918731689453,150.69546345337255,149.8408172614042,150.15158811468592,2505900
2017-05-09,149.55596923828125,150.87679839503258,149.11568407088066,150.29839720381094,1653700
2017-05-10,149.68544006347656,149.90126196870523,148.88258889893336,149.38328412706696,1568700
2017-05-11,149.62501525878906,150.0911847733456,148.20058279512605,149.1415631309036,1901300
2017-05-12,148.32144165039062,149.68543765017154,148.07109404036007,149.03797194492435,2335400
2017-05-15,148.0797119140625,148.48545811505517,146.95743546818326,148.30416193414933,2831400
2017-05-16,145.1359100341797,147.62218258777162,144.3848540222503,147.3372960932789,4343700
2017-05-17,145.7747802734375,147.09560957027784,143.86690841537558,145.1359425511989,4442300
2017-05-18,148.01063537597656,150.1947516401327,144.9200646259431,145.2481180826488,3908000
2017-05-19,148.99484252929688,149.30562667315172,146.9747521806038,148.74449485609034,3877300
2017-05-22,150.81634521484375,150.9890001050264,149.00344910884024,149.11566754246093,3480300
2017-05-23,151.2652587890625,151.52424771124893,149.96169921677998,150.59189549501207,2471500
2017-05-24,151.58465576171875,152.02494083700637,150.66094494510813,151.4637960332074,1612300
2017-05-25,153.7083282470703,154.29535737160342,151.8867912582551,152.2148446941534,3212200
2017-05-26,153.23353576660156,154.4335049000621,152.80189200387875,153.38892119827509,1583600
2017-05-30,152.4479522705078,153.73425552106139,152.1458095178125,153.26807284599977,2285700
2017-05-31,151.23068237304688,152.71553777414752,151.0062323883114,152.7069096422148,3320400
2017-06-01,155.02919006347656,155.02919006347656,151.23935799522306,151.74869452195753,2890600
2017-06-02,154.86514282226562,155.3226841396785,153.95868832018888,155.3226841396785,2610100
2017-06-05,154.847900390625,155.66803419008318,154.66661736222565,154.986029575031,2640600
2017-06-06,156.09970092773438,156.3068815620341,154.07959753423006,154.69253764706076,3443900
2017-06-07,158.16293334960938,158.38738339245108,155.08961830498492,157.11834951562238,3783600
2017-06-08,156.8507537841797,158.63775258118076,156.23781368419918,158.16295485571393,3079900
2017-06-09,156.6522216796875,157.4637012071825,156.13424369192458,156.98026211072508,2392200
2017-06-12,154.7443389892578,156.9629949701994,152.30123292128042,156.6522108336048,3705600
2017-06-13,156.2982940673828,156.5918088241115,154.6580389738949,154.7098473186671,2458500
2017-06-14,157.4291229248047,157.84349727302367,156.20325614731138,156.20325614731138,2039300
2017-06-15,156.36293029785156,159.06750711253437,156.11153554972046,157.55051453789167,3078700
2017-06-16,157.44650268554688,158.16599220825253,156.3629365176997,156.75301769269944,4473300
2017-06-19,158.6514129638672,158.6514129638672,156.69231704944045,158.02727785112722,3887100
2017-06-20,158.8680877685547,158.99811037430527,157.95788984693561,158.41732069008324,2742600
2017-06-21,160.29837036132812,160.46307446052603,158.38263365210628,159.0587775761987,2866300
2017-06-22,161.66802978515625,163.540434805971,160.1770420715952,160.2810601637107,3841300
2017-06-23,160.5845184326172,161.46871219721828,159.62231107243787,161.46871219721828,3438500
2017-06-26,160.4717254638672,161.13920557123288,158.97207439015378,160.48040245394768,2327400
2017-06-27,160.02105712890625,161.92813094092264,159.69164878084962,160.9919281836507,2682800
2017-06-28,160.974609375,161.5033902666724,160.4458284833276,160.95726861033575,2451200
2017-06-29,160.60182189941406,161.3126343170432,159.78697815137954,161.0785935846602,2193600
2017-06-30,160.7318115234375,161.39929174572,160.30704897705382,160.4977576119917,2392000
2017-07-03,161.79806518554688,162.56089986033322,161.00923921280045,161.48599765741827,2087000
2017-07-05,163.18505859375,163.28041294193363,160.99192181265212,161.35599844377353,2587400
2017-07-06,162.0494842529297,163.13305038468712,161.36466305046864,163.07236433228843,1844700
2017-07-07,162.93368530273438,163.3410940177797,162.11016442358363,162.4049044773921,2252500
2017-07-10,162.05813598632812,162.96833411484127,161.3646510680741,162.38754429860185,2612000
2017-07-11,161.19126892089844,162.67359296819717,160.4457750143086,162.10146696909075,2664500
2017-07-12,161.832763671875,162.36154444922653,161.59004592756202,161.91944102220106,3342800
2017-07-13,160.78387451171875,162.34421239969063,160.64518809833018,162.1014946423534,2379300
2017-07-14,162.0147705078125,162.21415615993226,160.16838318095517,161.06990420334643,2716700
2017-07-17,161.53802490234375,162.3181871330951,161.02657169667992,162.16215997779446,2444600
2017-07-18,161.97146606445312,162.2748566364507,159.37957118915807,162.0581434162559,4235800
2017-07-19,163.9999237060547,164.19063242715492,162.54360376557352,162.54360376557352,3401600
2017-07-20,166.00230407714844,166.3663806502717,163.76582236185686,164.19058497739573,3099600
2017-07-21,166.24502563476562,167.30258708799957,165.22214570003456,165.89828981247936,4911500
2017-07-24,165.47349548339844,166.58306577467596,165.25678232920953,166.25365754763,2356500
2017-07-25,165.04876708984375,166.85182249302218,164.96208974650642,166.54843195065558,1960100
2017-07-26,165.35214233398438,166.02828634014233,164.16455844085698,164.71934360557944,2683500
2017-07-27,163.7744903564453,165.12679181212172,163.3670817163611,164.91007861582486,2631400
2017-07-28,165.6989288330078,165.77695564770104,162.62161157720018,163.93055471251589,1925000
2017-07-31,166.2710723876953,166.96455743551493,165.69028246294545,166.08036366886674,3767100
2017-08-01,166.6351318359375,167.64934815734003,166.1063510296891,167.64934815734003,3336800
2017-08-02,167.3026123046875,167.69269347033546,166.5571182699961,166.5571182699961,2463800
2017-08-03,168.8369140625,169.0016182015752,167.3112447549597,167.52795794276955,2886100
2017-08-04,168.93226623535156,169.93780536132533,168.6895485262762,168.99293904905886,2892300
2017-08-07,168.84556579589844,169.3916872229408,168.08273119648976,168.8715703184126,2074800
2017-08-08,168.94961547851562,169.02764228777102,168.23880301833998,168.75890679300207,1741000
2017-08-09,168.888916015625,169.34834689630975,168.31679004933437,168.94958882755859,2125900
2017-08-10,166.92984008789062,168.50750521168064,166.78246348081228,168.39481012172305,2698600
2017-08-11,167.3199462890625,168.63755314067433,167.00787872375963,168.09144482173826,2210700
2017-08-14,167.9180908203125,168.81961206867692,167.21592881979274,168.68958941698418,2322000
2017-08-15,168.6029052734375,169.04499553321145,168.00477459854363,168.57690074210532,1595200
2017-08-16,167.9700927734375,169.27037214384967,167.15524891830577,168.8716139836546,1881600
2017-08-17,167.04249572753906,168.37745615753107,167.00782744298394,167.9526936157843,2440900
2017-08-18,165.41281127929688,167.4759113705592,165.2481071771241,167.1638439209477,2858500
2017-08-21,166.4617462158203,166.704463947614,165.46487076217653,165.46487076217653,1930500
2017-08-22,168.8542022705078,169.00157884376532,166.05427223965862,166.565712069274,2021900
2017-08-23,168.37750244140625,168.6808930028037,167.92673525555526,168.60287942076934,1547000
2017-08-24,168.81954956054688,169.09694875094834,168.35145496064618,168.64618168010668,1923700
2017-08-25,168.48150634765625,169.50438627598774,168.29079767845482,169.32235459991963,1375000
2017-08-28,169.11428833007812,169.73842332583212,168.48148956917728,168.68086198453352,2009900
2017-08-29,170.5359344482422,170.80465667911477,168.45549318002867,168.88891954650006,2072200
2017-08-30,169.79916381835938,170.66601678745104,169.2096969212712,170.2325903029052,1506700
2017-08-31,172.4169921875,172.9284453196112,170.24119672970312,170.70929135541195,2990200
2017-09-01,173.1538543701172,173.36190381297757,171.948929454524,173.18852266369828,2241800
2017-09-05,172.77235412597656,173.75190159559094,172.2522506090069,172.67699983046438,2700800
2017-09-06,171.9662628173828,173.36189635544739,171.31612321692648,172.97180201347436,3040200
2017-09-07,172.43609619140625,173.5759804680948,171.47894763782332,172.0880445859793,2684600
2017-09-08,172.0706787109375,173.03653741330285,171.4180718384561,172.66236923554,2206000
2017-09-11,173.66302490234375,174.3939413449063,172.96690831438534,173.37587631191144,3307900
2017-09-12,171.82701110839844,173.5672958103401,171.33973351622572,173.54119260199647,2554700
2017-09-13,172.5753173828125,174.68975671820908,172.0967364805672,172.11414304355355,2394400
2017-09-14,172.05325317382812,172.61885370067824,171.49636256846944,172.24468556416886,2378600
2017-09-15,172.44479370117188,173.77612362804936,171.59205796946773,172.74065217232118,4198700
2017-09-18,172.4535369873047,173.0017309881217,171.8618332078431,172.4361304203828,1915200
2017-09-19,169.37326049804688,172.81033456683804,167.40674290065078,172.67110855711363,3819000
2017-09-20,170.33038330078125,170.40869293413286,168.85984044701888,169.69518303472933,2788500
2017-09-21,169.86050415039062,170.66103356701802,169.5907488528002,170.2259623659823,1895000
2017-09-22,167.96360778808594,170.43480933206183,163.8043276488817,169.7735058037266,5660200
2017-09-25,166.8498077392578,170.8176550192727,166.12758794298816,168.17242792503595,3105900
2017-09-26,167.67642211914062,169.120861554404,167.1021250023755,167.33706714601905,2775400
2017-09-27,169.23403930664062,170.21729141753022,166.8411471530661,168.1115479156633,3267200
2017-09-28,170.63497924804688,171.0265407857067,168.38129969018726,169.02521003205047,2088400
2017-09-29,170.4174346923828,170.62626042033196,169.22533029360903,170.39133147638918,2646300
2017-10-02,171.80093383789062,172.20990186677682,170.83507515139866,171.06130741697206,2893600
2017-10-03,172.83642578125,173.54123915021447,171.64432141209028,171.85316041217396,2533800
2017-10-04,174.44615173339844,174.663687342251,172.66235708534344,173.18444785751754,2286400
2017-10-05,172.20115661621094,173.967544430792,171.03516911564057,173.967544430792,4069000
2017-10-06,172.34042358398438,174.01980553422345,171.86184254752655,172.20119759568374,3361900
2017-10-09,170.80894470214844,172.56663595384907,170.35646696583254,172.29688067438872,3365400
2017-10-10,169.39932250976562,170.92207176775327,168.5204834321336,170.77414914739856,2499100
2017-10-11,169.904052734375,170.60887944907262,168.45091607072084,169.35587188159698,2935600
2017-10-12,167.867919921875,169.99107013092936,167.70259069254848,169.68651488982016,2954700
2017-10-13,167.51983642578125,167.68516562377891,161.84650365526932,164.97031201775758,5435000
2017-10-16,168.1115264892578,168.21595261668355,166.5104674934841,167.48502283398622,2927400
2017-10-17,177.413330078125,179.78881506793147,170.86985563517612,171.24402376436595,8949700
2017-10-18,178.579345703125,180.81561835315478,177.23062214134978,177.33504827235225,4796300
2017-10-19,176.8564453125,179.03180134340406,176.3778643302372,178.78816253012837,3471800
2017-10-20,180.54586791992188,181.17237156758569,177.23932384110086,177.7352981503977,5138800
2017-10-23,180.128173828125,181.381181011167,179.07530895717954,180.62416137029552,2261400
2017-10-24,181.1201629638672,181.1897759597976,179.14494897329217,179.58002023986626,3459900
2017-10-25,180.60678100585938,181.98160779351915,180.18041966458122,181.26809782469294,2908300
2017-10-26,181.99029541015625,184.20916140216718,180.62417861303808,180.92002387135403,4346000
2017-10-27,184.9922637939453,185.14018639606746,181.46818471864995,181.99026214778965,4385300
2017-10-30,182.1991424560547,185.14022843409,182.19044581065575,184.65295074532418,2477400
2017-10-31,182.92135620117188,183.18240160490782,180.81561295839126,182.19913633767476,3749600
2017-11-01,182.3209228515625,185.01836940781328,181.7901354947771,184.13951714975641,1902900
2017-11-02,183.6870574951172,184.0264124844026,181.8684498720719,182.82561177893783,2825900
2017-11-03,185.2272186279297,186.06256121989932,182.81693360701865,183.3564176759515,2196900
2017-11-06,184.57460021972656,186.14955582724275,184.29616155807403,184.39187775243067,2293700
2017-11-07,185.0792694091797,185.8101857737954,183.50431392923934,185.11408253739083,1845800
2017-11-08,183.39988708496094,185.27938426787927,183.33897075390541,184.53977131638646,2261100
2017-11-09,184.0873260498047,184.26135187626005,181.97288636759924,183.2432868503108,1839700
2017-11-10,183.66099548339844,184.30489247670522,182.90396243186072,184.00035054880442,1384700
2017-11-13,185.04449462890625,185.81021094815745,182.67770612797716,182.99965458229914,2662200
2017-11-14,184.2178955078125,185.07932818348348,183.53047541918443,184.6529668073869,1993900
2017-11-15,182.60809326171875,184.4527909885264,182.39925429597224,183.49564226949147,1816300
2017-11-16,183.71322631835938,184.47894284001512,182.64294127369794,183.06061931531758,1919600
2017-11-17,182.6428985595703,184.0003319613902,181.99029170915168,183.13018949416534,1887500
2017-11-20,182.9474639892578,183.3216188980242,182.36447009681552,182.72992836025753,2040400
2017-11-21,184.9922637939453,185.2097993754164,183.38249518013194,183.71315351270982,2327200
2017-11-22,183.79147338867188,185.17499657745438,183.3912020544151,184.6964156160557,2257800
2017-11-24,184.91400146484375,185.27945976814763,183.60009090220439,184.47023351311532,744000
2017-11-27,184.81820678710938,186.42797524484106,184.3048260511709,184.6876907618087,2856300
2017-11-28,188.07257080078125,188.22049340999405,184.91394975767122,186.1060538298525,2905700
2017-11-29,193.9373779296875,195.14687555642178,189.13418728311237,189.43003256681502,4247200
2017-11-30,199.21070861816406,199.71709673531996,194.07699275374955,195.4215437287851,6846400
2017-12-01,197.99717712402344,200.1274954862011,193.02062138082562,199.8393773481541,3325800
2017-12-04,193.31747436523438,202.3538624789663,193.3000090257861,200.16242199240074,5591500
2017-12-05,192.15626525878906,195.32555142698703,191.3443068678143,192.95077163341912,3246300
2017-12-06,192.0253143310547,193.7889405521316,191.2308079324039,192.96824280602203,2397500
2017-12-07,192.20864868164062,192.6102715356411,190.49741852287318,192.59280619708022,2661600
2017-12-08,195.49142456054688,195.85811670925426,192.2697559342939,192.55787404873877,2233300
2017-12-11,194.49610900878906,196.28592635123243,193.85875077540305,194.26909959662197,1599500
2017-12-12,194.2516632080078,195.06362158627897,193.17776472286573,193.29999544611567,2294100
2017-12-13,195.87557983398438,196.39942004529988,193.15156011097855,193.5968396110678,3059400
2017-12-14,193.16903686523438,198.16305777674256,192.95949277503385,196.4430883375265,2811700
2017-12-15,193.66671752929688,195.35175645289505,192.62774963158986,195.35175645289505,6293400
2017-12-18,194.40879821777344,196.27718961737574,193.98972338367867,194.3476895213309,3194100
2017-12-19,193.8587188720703,195.3866091994175,192.81976464007718,194.6881557074902,2340200
2017-12-20,194.15562438964844,196.347051406417,193.5881141340946,194.79296935398915,2633200
2017-12-21,193.55320739746094,195.5176384130607,193.27381525838786,194.8017060482988,2955300
2017-12-22,192.07765197753906,194.12939586161255,190.72437494690425,193.82381245006215,1959700
2017-12-26,191.7284698486328,192.44438888152547,191.2831902982987,191.2831902982987,1482400
2017-12-27,192.4443359375,193.3348814710169,191.42283370294234,192.06017851825166,1861900
2017-12-28,194.49610900878906,194.51356102345684,192.20862948319348,193.35237590706558,1452600
2017-12-29,192.4792938232422,195.5263356235918,192.4792938232422,195.5263356235918,2350200
2018-01-02,193.09046936035156,194.21673724318106,192.07769287333977,192.96823863413636,3485000
2018-01-03,195.11599731445312,195.40411543514762,192.53168688022546,193.49206729372457,2417600
2018-01-04,195.96286010742188,197.4034505180574,195.71839870237113,195.86682074671285,2749100
2018-01-05,199.69967651367188,199.979068636796,196.19862889947683,196.60897775397186,2432800
2018-01-08,196.23355102539062,199.68222935304473,196.1025942908354,199.17584110918122,2850800
2018-01-09,197.21139526367188,197.8662055312938,194.9588463443946,196.23353620496184,2672200
2018-01-10,195.7445831298828,196.45177597823846,194.72308086868608,196.29462793289142,2311600
2018-01-11,196.78358459472656,197.2463161263087,195.30807663388384,195.7271514824178,2543600
2018-01-12,199.6211395263672,200.72121624051601,197.77021299464477,198.58217152415057,3943800
2018-01-16,203.34042358398438,205.17389778668277,201.89984622625698,203.75077244532972,6852600
2018-01-17,208.16851806640625,208.63126285629002,204.169822236184,204.88574111522712,5124800
2018-01-18,212.29824829101562,212.9443193065786,208.2733468291859,208.89322649666659,6234200
2018-01-19,212.464111328125,213.33719168974105,210.47348916941235,213.18875630477515,4293600
2018-01-22,212.64747619628906,212.85702030413174,210.72670183525838,212.67366754450055,4012200
2018-01-23,214.0880584716797,215.63340124349972,211.6434305990289,212.14981884796123,3300000
2018-01-24,213.77378845214844,215.92155924979195,212.77847710935333,214.78655181484777,2733300
2018-01-25,214.06185913085938,214.94367891480852,212.94431721648365,213.68644093059822,2420500
2018-01-26,216.93426513671875,217.17000055001745,213.43321789854517,213.9046754029943,2615300
2018-01-29,216.0088348388672,218.95983766674752,216.0000955082918,217.64149099843664,2564700
2018-01-30,206.61448669433594,211.93155685053011,202.6419812366728,203.32298293353796,11565500
2018-01-31,206.72801208496094,215.65089639425236,205.83746619151086,212.01887809976952,5187400
2018-02-01,205.36598205566406,207.63599652734246,204.15240077758182,205.40089941149975,4268300
2018-02-02,202.44993591308594,206.3089506068762,201.8475081612271,203.42778193224643,3959900
2018-02-05,192.0951690673828,203.5237892418678,182.01981296598638,201.49823615337917,6290000
2018-02-06,196.60028076171875,197.76147954448732,183.53027659243702,185.267698439477,7064800
2018-02-07,197.1590118408203,200.18858841137745,193.396024326271,194.11195661084085,5589200
2018-02-08,188.9869842529297,197.8662100876929,188.8123575198234,196.73120293324854,4902400
2018-02-09,192.91583251953125,194.94137192549556,185.10175303221814,190.3315089219648,6225300
2018-02-12,197.04551696777344,199.06233055368128,193.9548049014046,194.20800567698632,4912000
2018-02-13,197.87496948242188,198.29404440385795,194.16437725437274,194.82791365682579,3536800
2018-02-14,199.74331665039062,200.23223950320323,195.50014571755474,196.3994173908669,2878400
2018-02-15,197.33360290527344,200.8084585889151,193.59682048078193,200.17111373316027,4662700
2018-02-16,200.25848388671875,201.28872587556572,197.05427982853527,197.30748065147017,3621700
2018-02-20,197.8924102783203,199.71714515035623,196.9756731771346,198.98376079826764,3172300
2018-02-21,196.55654907226562,200.2409485704752,196.5390837381194,197.44708128152547,3371900
2018-02-22,198.2677764892578,200.668747003759,196.5128901091769,197.57804900320005,2767900
2018-02-23,200.94822692871094,201.08792301704685,197.23763451100834,198.9750563168846,2393900
2018-02-26,204.3531494140625,204.74603283950555,200.5465192104134,202.24029692940655,3307000
2018-02-27,203.00863647460938,205.95091284264464,202.9387884514739,204.6500183907743,2899500
2018-02-28,197.45590209960938,204.9556608919051,197.39478006594578,204.66754270924542,4368600
2018-03-01,195.96286010742188,200.18856533432464,194.46990033530108,197.05421042359393,3514600
2018-03-02,196.60897827148438,197.1590231889893,194.33896389264962,194.88028280209005,2613600
2018-03-05,199.39410400390625,200.31082775694003,194.51357449229982,195.0199627178501,2627300
2018-03-06,197.47329711914062,200.06634669245472,195.47394908113105,199.86554195237517,2652800
2018-03-07,198.42498779296875,198.90518468116127,195.3517410306863,195.87559460365082,3242200
2018-03-08,196.85699462890625,199.71266915888702,196.14746012940475,199.66009966174028,3500900
2018-03-09,197.4701385498047,198.42495710993657,194.90354990395144,198.06580578760517,4834600
2018-03-12,195.14004516601562,198.84539840699532,195.14004516601562,198.15338726285466,3117300
2018-03-13,198.79287719726562,199.7739605205994,195.4817076147563,195.80581263415954,3343800
2018-03-14,197.42636108398438,200.93900021034798,197.11101096884585,198.95931043358004,3048200
2018-03-15,201.01785278320312,202.13909476930144,197.67164999020127,197.8205634795454,3330200
2018-03-16,199.59878540039062,202.5858502092415,199.5024280399032,201.17553613279424,5690300
2018-03-19,197.13729858398438,199.69513259016153,195.937209088807,199.11698845668263,3407300
2018-03-20,198.6527099609375,199.371012624403,196.11239930961128,197.23364116349043,3429100
2018-03-21,195.18389892578125,199.23088137955446,195.18389892578125,198.36366512534917,3419800
2018-03-22,188.51773071289062,194.16774116711798,188.42137336521358,194.15897290243825,5894800
2018-03-23,186.18765258789062,190.72517628997838,186.14385136137759,188.9907573233751,5741200
2018-03-26,191.8989715576172,192.19679848687824,188.0709692350313,188.50019983279452,3561300
2018-03-27,190.9266815185547,194.4217979219081,189.56892353589757,192.99397400817048,3722100
2018-03-28,191.399658203125,192.63478048684533,190.12073469736552,191.74128634902038,3179500
2018-03-29,187.4578094482422,195.64814431970356,187.4578094482422,192.1705380938164,5529400
2018-04-02,190.2609100341797,195.33278991604277,188.00967137847292,191.3646421153403,6220700
2018-04-03,196.7255859375,197.18109463977012,192.4420879086493,193.01146376179355,4652000
2018-04-04,200.41343688964844,201.01785913189016,193.0815625183457,193.3180784753662,4674000
2018-04-05,200.65869140625,202.85737389228024,198.67023341421827,201.00031957525482,3348100
2018-04-06,196.18247985839844,199.88783361238035,194.3079023687975,198.53883072664686,3231700
2018-04-09,195.10504150390625,198.08335129638144,194.7809364705482,197.6015645128368,3031500
2018-04-10,198.66146850585938,199.8615579331578,195.77077473448358,197.44386928127008,2737500
2018-04-11,194.3779754638672,197.4351193159552,194.19402902391442,196.454035992853,3482100
2018-04-12,196.42774963378906,197.7504610843389,195.70069207103418,196.25254473384254,2664500
2018-04-13,196.46282958984375,198.08338173820016,195.4116667700025,197.1811324259292,2496600
2018-04-16,201.75367736816406,203.09391212969487,198.27607090775157,198.94180415565788,4510600
2018-04-17,208.96292114257812,211.69594686170427,206.79927132618354,209.62865440675372,6180300
2018-04-18,207.07955932617188,210.0053129109524,206.9919702373511,209.3570894956402,2940100
2018-04-19,206.51895141601562,208.71764753460502,205.67802660565593,206.90438085670505,2734900
2018-04-20,205.90573120117188,207.69271944018126,204.53921864560948,206.77294726124313,2842000
2018-04-23,205.27508544921875,206.9131606635156,204.17136656171243,206.1072554064365,3051700
2018-04-24,205.1699676513672,207.88548361355018,203.71585230732703,206.68539402659692,2771200
2018-04-25,205.76560974121094,205.94081465736605,201.8587860501079,204.49545429663723,3118800
2018-04-26,207.63140869140625,208.34094307521232,205.2662896233004,206.49264369824212,2252800
2018-04-27,210.39071655273438,210.70606665965826,207.73652538873213,208.15700110880215,2301800
2018-04-30,207.07955932617188,211.10903166715184,207.07955932617188,211.10903166715184,3446900
2018-05-01,207.4737548828125,208.034375837304,205.2925820897673,207.60514519782697,2633500
2018-05-02,204.5042724609375,206.91319361700022,203.9786843167464,206.18613580958262,3542700
2018-05-03,205.10858154296875,205.6779706495387,200.86888558134177,203.19897139067797,2731600
2018-05-04,206.64157104492188,207.2985493505326,203.36544778201477,204.1888627303148,1999900
2018-05-07,204.7845001220703,207.59637292436412,203.77713881458175,206.6240445758614,3237800
2018-05-08,203.25155639648438,204.73194957123246,202.04271210159996,204.73194957123246,2698300
2018-05-09,200.7812957763672,204.4691257785417,199.92283467106444,204.14502082289474,3504200
2018-05-10,204.72320556640625,205.23125702697146,200.9127260483621,201.60473731560344,2169000
2018-05-11,208.72640991210938,209.18191866435788,204.05748195877553,204.60934807464852,3044900
2018-05-14,212.7733917236328,213.44789326669593,209.19944111440475,209.2695070456561,3893600
2018-05-15,209.7950439453125,212.17768601474347,209.0679864479396,211.8623359359583,2396600
2018-05-16,211.73971557617188,211.81854975990356,208.98041221550668,209.92644915280098,1906100
2018-05-17,212.82594299316406,213.35151763009014,210.70608118224368,211.53826441499507,2418700
2018-05-18,214.29759216308594,214.40270442906356,212.32665697844766,213.1851050052041,2283600
2018-05-21,217.15325927734375,218.26574646512563,214.472789492795,214.61294809537193,3040700
2018-05-22,214.77059936523438,217.28464564570731,213.59680123637744,217.24084441511374,2644100
2018-05-23,213.96469116210938,215.050900113026,211.66965120999978,213.76322155628688,3047800
2018-05-24,212.62445068359375,214.99833812654353,212.1601870932072,214.23624758501424,2610400
2018-05-25,214.569091796875,215.12095779898496,212.37040941901512,212.81714981304054,1554900
2018-05-29,212.1339111328125,213.61430437074532,210.44329339375824,213.61430437074532,2837800
2018-05-30,214.5603790283203,215.26991353249124,212.53688777827458,213.5092163048723,2071900
2018-05-31,211.5557403564453,214.39389106016648,210.82868286044172,213.92087262600762,2966100
2018-06-01,213.1675567626953,213.50918493177346,211.36304520252492,213.50918493177346,2371400
2018-06-04,214.2888641357422,214.82320716523674,212.633278907679,213.73699793763402,2188900
2018-06-05,214.1136474609375,214.70931486484056,211.9062095218689,214.6917916971862,1531900
2018-06-06,217.81021118164062,217.87153557515217,214.72680249776948,215.76921025739833,2650300
2018-06-07,218.0992889404297,218.99278323859562,217.45983375592544,218.78254535483342,2117200
2018-06-08,219.58843994140625,220.3067426952228,217.30216808739044,218.51976744278525,3034600
2018-06-11,222.30393981933594,223.36387070827274,219.3431532889866,219.72858270314543,2775200
2018-06-12,222.1287078857422,222.4440579521435,219.1416438354207,221.7958346583587,2567200
2018-06-13,221.5067901611328,224.88805223909557,221.16516199395627,222.61927711219784,3138300
2018-06-14,223.66171264648438,224.239856806441,222.1988424475097,222.90837693188425,2456600
2018-06-15,225.0242156982422,225.0242156982422,222.01779949970663,223.5210143057427,4772200
2018-06-18,224.04847717285156,224.17154638718353,221.64862078660929,223.28369087047002,1961900
2018-06-19,222.4222412109375,222.66837967815715,220.78717087095515,222.3782850388896,2370200
2018-06-20,222.23760986328125,223.0463523818504,221.42008147654062,222.68594399727118,2580400
2018-06-21,221.42884826660156,222.9760059844488,220.57614965356439,222.36065992698332,2150300
2018-06-22,223.60894775390625,224.25946413883716,220.81351264070045,221.73653847727283,2604000
2018-06-25,220.3915557861328,224.27704199306146,218.54550417303386,223.60015461312008,3060800
2018-06-26,219.56524658203125,221.93873213101992,219.36305088973097,220.259705755274,2158000
2018-06-27,218.15872192382812,221.3145788709369,218.12356503841636,220.02234536204702,2481000
2018-06-28,215.28414916992188,218.0092704155313,212.9370348440244,217.2444841221316,3556900
2018-06-29,215.67095947265625,217.5697532658623,215.0204564717992,215.28416665401733,2772600
2018-07-02,217.5522003173828,217.7719677774535,214.59852511749114,215.37211086927317,1793300
2018-07-03,217.11265563964844,218.6686129428118,216.90168747212843,218.27303421517112,1248000
2018-07-05,220.2069549560547,220.58494848015528,217.64007309872653,218.98504863675225,2182900
2018-07-06,220.43553161621094,221.28823036975248,219.25758133874496,220.65529905962802,1572300
2018-07-09,222.99362182617188,223.2925023218597,220.690463373987,221.63986031341295,2039600
2018-07-10,224.63748168945312,225.83301710556083,223.06395271315836,223.44194627334542,2012200
2018-07-11,223.80239868164062,225.04189043806912,223.05519732792064,224.28588980083705,1486000
2018-07-12,225.08578491210938,225.76268574730565,224.09244527691476,225.2000682649128,1592700
2018-07-13,227.41534423828125,227.6878537016523,225.0594170317659,225.38469535854026,2356200
2018-07-16,225.90333557128906,227.19556907138167,225.42863043345892,227.05491470361432,3625400
2018-07-17,220.02232360839844,221.98265846814354,216.48847348496514,221.12995988567124,6932300
2018-07-18,224.53199768066406,225.57807943323965,220.1542340084323,220.74320914113184,3359800
2018-07-19,222.3430633544922,225.48134820662622,221.39368000806138,224.44405253641528,2307600
2018-07-20,222.14089965820312,222.88811423212573,220.7959241559732,220.7959241559732,1959600
2018-07-23,222.17608642578125,224.36496144947358,221.90356354451617,222.32552666893594,1479600
2018-07-24,223.07272338867188,224.12761776492036,221.53435140577187,224.03970542905327,2476500
2018-07-25,224.03968811035156,224.40010988059052,222.20243578918928,223.99573194581592,3016900
2018-07-26,225.9208526611328,226.68563880387998,224.8659719851109,225.26155056192715,2021300
2018-07-27,224.99789428710938,226.61539278155362,224.5056173854027,226.61539278155362,1656800
2018-07-30,223.14303588867188,225.8242144072278,222.50131880240153,224.9627164957544,1681500
2018-07-31,222.59805297851562,224.33860740443487,222.27280144901377,223.40679557453407,2355900
2018-08-01,222.72988891601562,225.12975889052913,222.2376120228455,225.12975889052913,3006700
2018-08-02,225.11212158203125,225.3055179587104,221.72771181722047,222.8441339164978,1854400
2018-08-03,226.11434936523438,226.41322989693433,223.54746699611323,225.43747523406833,1422300
2018-08-06,225.70997619628906,226.39564958471485,224.5759686137488,225.48140945778647,1398100
2018-08-07,226.49227905273438,227.5383740320368,226.03517251448915,226.4835065990689,1462800
2018-08-08,227.5120086669922,228.1185688575193,226.72965064680898,226.89664919550563,1494300
2018-08-09,229.95584106445312,231.21290430493934,227.95156320880488,228.47901039757093,2315000
2018-08-10,228.87461853027344,229.87677105931024,227.77578119251382,228.98890190573377,1625000
2018-08-13,229.35806274414062,230.79972300210514,228.82181631423956,229.43717579240607,1635100
2018-08-14,231.61729431152344,232.33811107724824,229.30533670721493,229.3405070068117,1941600
2018-08-15,229.0943603515625,230.92284050006967,227.84609629877286,230.29870847367485,2017700
2018-08-16,231.2832489013672,231.85463885445526,229.8327892275039,229.9382733016643,2115900
2018-08-17,230.60633850097656,232.18868002911742,230.07011887049865,231.67880458901018,1969700
2018-08-20,230.66786193847656,231.6260446009395,229.9382459609027,231.19530907364145,1786200
2018-08-21,230.04373168945312,230.7733476723139,229.1998323633197,230.18438604832136,1559300
2018-08-22,229.20858764648438,230.27228112566434,228.7778521483327,230.27228112566434,2148500
2018-08-23,229.80641174316406,230.80853724657112,228.17132815844568,229.45476240308486,1603500
2018-08-24,232.32057189941406,232.76010681119797,230.09652631887081,230.09652631887081,2238600
2018-08-27,234.78189086914062,235.10716914743955,232.4435894016692,232.9534379525204,2614000
2018-08-28,236.03900146484375,236.59281963939463,235.00167888417337,236.06537248139014,2603900
2018-08-29,236.46975708007812,236.75106583183222,234.93138505446422,235.93353742243355,2880600
2018-08-30,235.93353271484375,237.49827572802076,235.6873674416613,236.87411691744288,2976300
2018-08-31,235.99502563476562,236.65432785803822,234.88741614207945,235.83679953967848,2961500
2018-09-04,236.03900146484375,236.83015878831208,234.33360418930607,235.5906673564784,2097300
2018-09-05,235.27426147460938,236.29395886652762,234.65010258167675,236.08299069262483,2230600
2018-09-06,237.84091186523438,238.16726075471865,235.45060274818613,236.03274951764146,2556100
2018-09-07,236.63255310058594,239.17282040140222,235.95339525432968,237.83213573379152,2958000
2018-09-10,229.09115600585938,235.32712832733736,228.22675127687268,235.30949730259704,4146200
2018-09-11,230.24664306640625,230.58182099221207,227.10659763137954,227.49469555414444,2283300
2018-09-12,231.6842803955078,233.2895645742405,230.07896929918738,230.3171091977277,2236300
2018-09-13,234.17164611816406,234.34806402274452,232.34585270196206,232.99855049724235,2734500
2018-09-14,234.01292419433594,235.1948489778912,232.22239253391754,234.0923041890228,2084600
2018-09-17,232.74276733398438,235.20365459531243,232.33703842889486,235.06252564623895,1940400
2018-09-18,232.231201171875,232.93681900792848,231.09336751246335,231.9136543033344,3557000
2018-09-19,234.0305938720703,234.27756286886125,232.1165908763411,233.27205585249885,2274300
2018-09-20,234.9655303955078,236.33267512261818,234.67444350677044,234.69207453248924,2095000
2018-09-21,235.21249389648438,236.24446068786378,234.48921809481595,234.70972704037857,5671600
2018-09-24,235.82106018066406,237.73508956117024,235.21248029030355,235.51236920880973,2699800
2018-09-25,232.42523193359375,235.79458779242466,232.00184511452295,235.7681277985823,3789700
2018-09-26,231.89599609375,234.17163622820817,231.49026723146204,233.29842954787765,2238000
2018-09-27,233.4307403564453,234.10109609557057,231.91363789046238,231.97538684908565,2761400
2018-09-28,234.65676879882812,234.7890687610822,232.72510859714396,233.19258640883606,2875100
2018-10-01,237.35585021972656,238.16730811967085,235.52120059641322,235.72407853019814,3314500
2018-10-02,238.70529174804688,239.4197384097282,235.94451609403876,237.26756945531375,2777300
2018-10-03,238.94346618652344,239.97545980116504,237.94676153687294,239.91371084182893,3002200
2018-10-04,236.66786193847656,239.5785694297792,235.77699713062563,239.03171151836094,2186600
2018-10-05,237.44406127929688,239.0317150402,236.34151646822585,236.95892541186686,2045700
2018-10-08,237.27639770507812,237.8408864736969,234.3127441876637,237.12643981418233,1865000
2018-10-09,238.24664306640625,239.87841444739126,236.80011855769223,237.4351853198964,2510100
2018-10-10,232.04595947265625,239.40216151189182,231.55202159285278,238.67888571732402,4267300
2018-10-11,226.7889862060547,233.21020421356735,225.6070617475872,231.09332418470635,4558500
2018-10-12,228.98532104492188,230.55537074644747,226.55972238383498,229.0647279613171,4006300
2018-10-15,229.54978942871094,231.48144975252714,228.72067372270794,229.44394945221578,3583400
2018-10-16,240.41647338867188,240.6281533396781,233.7394567855565,237.8762063062253,6453600
2018-10-17,235.7681884765625,239.03173211753185,234.29520357759083,238.31728518232288,3985100
2018-10-18,235.3359375,236.27972213731138,232.6016215099616,235.81224430386814,3132100
2018-10-19,234.00401306152344,236.36788871625376,232.76036666382075,235.1683064099982,3336600
2018-10-22,231.260986328125,235.35361875749916,229.38224562292584,235.28306773181964,2618100
2018-10-23,233.615966796875,234.19811359949034,228.62366833227713,229.08231721421927,4081800
2018-10-24,226.08340454101562,234.03052815616803,225.7393976862246,232.8662614511386,5265600
2018-10-25,233.06915283203125,233.89826871446928,223.4814271020837,227.7063865135373,4675600
2018-10-26,227.7239990234375,231.44619121928713,226.70083425346593,230.65236437360477,4830600
2018-10-29,226.2598114013672,231.12866619461263,223.4373130209197,229.08233669941083,3697700
2018-10-30,227.8121795654297,229.05585313279275,224.0194233629023,226.4097460322569,4169200
2018-10-31,230.52001953125,232.91915754494173,229.523314952819,230.09663273438974,4230200
2018-11-01,230.14955139160156,233.45718501726492,229.11758477424576,231.90482060624905,2771300
2018-11-02,230.22018432617188,234.95671250307848,228.94122158494332,233.3954918314605,2593600
2018-11-05,230.22018432617188,231.97542704263503,229.39106847915158,231.2256911914872,3287000
2018-11-06,232.4517059326172,232.86626380618662,229.94672766677436,229.94672766677436,2582400
2018-11-07,242.2334442138672,244.10335540282136,235.41529924886856,235.41529924886856,5796800
2018-11-08,244.0151824951172,245.2059361296253,242.2952289498007,243.44186464667837,3809100
2018-11-09,243.9269561767578,245.20591867790628,241.84536489547622,244.20038508374662,2904300
2018-11-12,240.24888610839844,245.02070243252007,239.91370823860314,243.4418510068179,3140600
2018-11-13,237.46168518066406,241.32500638954983,236.5090983362251,240.4253126234494,2516900
2018-11-14,233.7041778564453,238.60829432768736,232.28411326147938,237.52340761460243,3511900
2018-11-15,233.68653869628906,234.55094336590858,230.07901594142106,232.8574229913216,3657600
2018-11-16,239.12867736816406,239.73728413334948,233.66890133973178,233.73062337920857,3857800
2018-11-19,234.6655731201172,240.1518359212264,233.01617076702215,239.45504714075415,3670800
2018-11-20,230.6523895263672,235.30953803551105,229.6821446457956,234.2863731539628,3617700
2018-11-21,229.8144073486328,233.41312833656002,229.72622530638372,231.61376784259642,3234300
2018-11-23,230.7581787109375,231.9224723112236,227.81218266240305,229.3292851640381,1159300
2018-11-26,234.7626190185547,236.6501613701714,232.4164008876423,233.4042765390596,3879800
2018-11-27,239.16392517089844,239.29622511499718,233.76587211096705,234.24217882731037,3497300
2018-11-28,247.8079833984375,249.0869192333406,240.63702761451464,240.63702761451464,5044300
2018-11-29,249.21917724609375,251.77710232020775,247.24342588396922,247.34926586156968,4177800
2018-11-30,248.96255493164062,250.98004835153728,246.93625833615124,250.40487154133547,6143200
2018-12-03,253.36032104492188,253.53730270720945,250.1571527842333,250.41376809346716,4178800
2018-12-04,246.47610473632812,254.7848978987393,245.02495801897825,253.2010014602839,4635500
2018-12-06,244.971923828125,245.0515574764707,234.70760831810944,241.58291666139658,6694600
2018-12-07,238.18508911132812,244.5914530124108,236.50387123533915,242.23773718458142,3506900
2018-12-10,235.84017944335938,238.02577031036833,230.26560900704968,237.66297686239935,4061300
2018-12-11,236.45079040527344,240.26451065345424,235.07927690668885,238.53903379713296,3102800
2018-12-12,239.4769287109375,242.94554169170095,239.34417899187613,240.63608543193595,3167900
2018-12-13,240.81314086914062,241.84843249034475,238.57446011918142,239.67167103111876,2350400
2018-12-14,234.50405883789062,239.41501602754136,233.3449019542862,239.22917719622782,3360500
2018-12-17,228.35435485839844,232.49546648659873,227.16865334110742,230.98237320006595,5806800
2018-12-18,223.84158325195312,230.05325043639803,219.62082465087812,229.79666214357405,5065500
2018-12-19,221.4878387451172,227.0181771481326,219.08103439198067,223.31063612246263,5468500
2018-12-20,214.52403259277344,220.337517074647,212.40923180990526,219.8862463391872,7311700
2018-12-21,210.8961639404297,219.00143231209006,210.10864417845033,213.01096511036113,12209700
2018-12-24,206.11790466308594,210.50677319211704,205.78165580335326,209.03792572980333,3091000
2018-12-26,215.32928466796875,215.34697203146672,205.1180591791013,205.9055789124947,4159300
2018-12-27,217.64756774902344,217.64756774902344,208.15308687547648,211.56862429948512,4295800
2018-12-28,217.886474609375,221.02769580764107,216.6211262477108,218.30235710919874,3312700
2018-12-31,220.4348907470703,221.46132493756153,218.50591492524114,219.4969473840301,3123200
2019-01-02,215.45314025878906,217.98382364923975,213.6657311084365,216.7892651548085,4063600
2019-01-03,209.5777130126953,215.44428690711797,208.9406169379105,215.44428690711797,4623200
2019-01-04,212.0287322998047,215.4265822599566,211.30315896839747,212.18801305662208,5367600
2019-01-07,212.43577575683594,214.11699316042854,210.79879025717827,212.7189220503095,4133000
2019-01-08,215.2761688232422,216.60345010133028,212.10840272112554,214.42671636627568,3618600
2019-01-09,215.5858612060547,218.23157993397058,214.1877900506271,216.5768935180327,3425400
2019-01-10,216.67428588867188,216.91320034976934,213.61269732061893,214.2055481300187,3374100
2019-01-11,219.15185546875,219.2314891126307,215.25850208079558,215.417769368557,3967100
2019-01-14,219.49691772460938,221.14274697945174,217.77145483690435,218.19618104730802,4955500
2019-01-15,227.29251098632812,227.33676990179356,218.55900370150536,221.21356649949936,5325600
2019-01-16,231.35394287109375,231.9998960782606,228.44279235682467,228.93830848706637,6069400
2019-01-17,229.8585662841797,231.6017301418995,228.1950630677976,230.93808949053826,3583600
2019-01-18,234.9287872314453,235.60128505638818,230.43373983191842,232.36271548349927,4844800
2019-01-22,235.096923828125,236.69850783298665,233.37144726864685,233.65460710467752,4052700
2019-01-23,236.2737579345703,238.44166151841475,233.30951797784562,236.91971121960484,2971100
2019-01-24,235.48623657226562,237.2824893961192,233.83156365122878,236.0790737239799,2927300
2019-01-25,237.18511962890625,239.27338924927486,235.10573419388024,237.84876017291953,2809100
2019-01-28,236.05259704589844,236.19417698941987,234.14130831377858,236.16763243773542,2837300
2019-01-29,236.5569610595703,237.53916343979301,234.87574317844187,235.37125945911947,2173000
2019-01-30,239.23806762695312,241.06972262256417,236.4242372590825,238.63637314645473,3659000
2019-01-31,239.087646484375,240.45030268556405,238.01695332165562,239.33540461219215,4055100
2019-02-01,237.77804565429688,238.37090990960016,235.397785456257,237.55683208201518,3946800
2019-02-04,237.32676696777344,237.75150675795143,233.84043882544287,237.41525779951183,3398900
2019-02-05,235.64553833007812,240.75999492720578,235.22965574330436,239.0168309362957,3597000
2019-02-06,238.46823120117188,238.84871206507916,234.46869953089706,234.61027945775766,2570000
2019-02-07,238.02581787109375,239.42387584911927,236.4861799579903,237.70728326987708,2458200
2019-02-08,231.7433319091797,237.76035725112155,230.34527402005534,236.69852130736425,4547000
2019-02-11,227.5314178466797,231.10620930761866,226.82351829728086,231.09737912823078,4856200
2019-02-12,233.15911865234375,233.60154582246207,227.33678897517598,229.37194315627556,4327900
2019-02-13,233.4245147705078,235.6278199740293,232.84936497175295,233.17675668780083,3066400
2019-02-14,234.77838134765625,236.3180462039827,232.46006738435867,232.92903908683024,3015300
2019-02-15,239.91055297851562,239.91055297851562,235.91985140611953,236.9551428286287,3673700
2019-02-19,239.27342224121094,241.1139070554623,238.27353269645255,239.94592005969056,2486700
2019-02-20,238.47706604003906,239.43269670229358,237.30019482236193,238.21159357569636,2802800
2019-02-21,235.72520446777344,238.8575965743349,234.5749045604009,238.44171393023322,2554300
2019-02-22,236.35340881347656,237.48604819159388,235.32700163337356,235.813660675726,3191100
2019-02-25,234.1324005126953,237.29133613396,233.93773153034167,236.76924845122647,3679100
2019-02-26,232.69895935058594,234.86683586494723,232.53966507724334,234.1855078753376,3212900
2019-02-27,221.28436279296875,231.48671818991346,220.27562944093867,231.48671818991346,8952900
2019-02-28,214.32940673828125,222.93903518077013,211.6128975930169,220.94811303259573,11034300
2019-03-01,217.80686950683594,219.44385527960313,215.5151002264054,215.5151002264054,6921300
2019-03-04,208.84327697753906,219.84200740811835,207.50713859090823,219.5500039229964,8646300
2019-03-05,213.63037109375,215.19656701403545,207.887675222379,209.29459034479888,6924500
2019-03-06,211.5421142578125,213.90467350999504,209.73700400777798,213.90467350999504,4878700
2019-03-07,209.44500732421875,213.409150754994,208.4274302934736,212.63048816257694,5033500
2019-03-08,210.7684783935547,212.6515386732367,208.4146699856261,208.86766323960316,4921700
2019-03-11,215.97349548339844,216.74626614645868,209.9957009600568,212.47387456894393,4539600
2019-03-12,218.3983612060547,219.8195234457395,216.4975463760569,217.5722988797765,4235800
2019-03-13,224.0564422607422,224.50943554032267,219.4642860814421,220.24593430033232,4881600
2019-03-14,224.96238708496094,226.55231544489928,224.13632477422706,224.72256079431736,3865200
2019-03-15,223.30140686035156,226.26811054601498,222.00459638366843,225.912809793039,6466200
2019-03-18,226.49905395507812,226.77440357762663,222.43095167332748,224.42059530099746,3927400
2019-03-19,228.3909912109375,230.27403782931046,226.62340548205268,227.3428708955503,4164800
2019-03-20,222.5020294189453,228.8884171823787,222.03126772639794,228.65746827810602,4193500
2019-03-21,223.85211181640625,224.68705161504968,220.86765336239216,221.3384149844635,2699700
2019-03-22,219.47308349609375,223.12371492793517,219.38426849209208,222.56413838738638,3777900
2019-03-25,219.26885986328125,219.76626740559462,213.86840994767786,219.76626740559462,4110900
2019-03-26,216.1866912841797,220.18373353414233,214.70334612003865,219.62414328207913,4416200
2019-03-27,214.6944580078125,218.22072485948135,211.5412332345185,215.78697904021033,4819200
2019-03-28,215.1563262939453,215.70703907564925,212.18963614585942,215.4760901966535,3601500
2019-03-29,219.6241455078125,220.06826131786468,214.83657761758332,216.9860965118353,4294200
2019-04-01,218.0963897705078,222.23555244385304,215.89357910987437,221.8003276166883,4809500
2019-04-02,217.09268188476562,218.8602540398817,215.6626285109253,218.0697284825003,4057100
2019-04-03,218.3628387451172,219.87282965386254,217.25254931907833,218.78030865357485,2851400
2019-04-04,219.73959350585938,221.2673527928126,217.29695684458778,218.04306806286615,2255500
2019-04-05,220.97425842285156,221.4450200909712,217.76774177483853,221.12525616985798,3343000
2019-04-08,220.94761657714844,221.7736654822663,218.78032924500317,221.7736654822663,2195400
2019-04-09,220.9831085205078,222.00458287565638,218.4605343178865,219.89947856154444,2903800
2019-04-10,218.53160095214844,221.94240675442137,218.07860775372293,220.97423764523523,2753700
2019-04-11,209.10748291015625,219.32214637192843,206.67372343223641,218.5493892123236,8223400
2019-04-12,198.2710723876953,210.3154915383729,196.09490752962657,210.0667877576416,13979400
2019-04-15,204.4708709716797,205.15481296268413,199.32801699326743,200.53601227131742,10021800
2019-04-16,196.2636260986328,211.40796139691494,191.6981170123505,211.40796139691494,27361400
2019-04-17,192.60415649414062,199.1770791351253,184.8143743277129,198.77736403177204,22101400
2019-04-18,196.96534729003906,198.07563673361312,190.268087329869,192.8705992800044,13927200
2019-04-22,201.7262725830078,202.1259740791932,196.74329292877306,198.9638718557344,11191800
2019-04-23,204.8084259033203,206.01642131498548,200.82915248097402,202.73884483132514,10261400
2019-04-24,204.60414123535156,205.74107652547977,202.29473380352616,204.37319236016637,6104100
2019-04-25,204.99496459960938,206.17631425169958,202.63227884876758,202.9875660667373,5954500
2019-04-26,210.5108642578125,210.60857026436943,205.35024144179837,206.19405865115172,6186200
2019-04-29,210.9105682373047,211.4523899977084,207.98829254813532,210.8661539513692,5345300
2019-04-30,207.02012634277344,211.47016136739583,204.46201523464504,211.47016136739583,7632300
2019-05-01,206.0253143310547,208.39689104697524,204.6041519208428,207.02014292687528,4823200
2019-05-02,206.46942138671875,207.25994692523344,202.5878538446491,205.0926597715515,5499200
2019-05-03,206.0253143310547,207.75736321871145,201.78844585714162,206.8158399030282,4323100
2019-05-06,213.6196746826172,213.68185739290828,202.07266524031354,202.66777871593953,7180200
2019-05-07,211.44354248046875,215.97351566678492,209.97795215724426,212.45612599772429,5104700
2019-05-08,212.42056274414062,213.89503032123469,209.20516897642491,211.39910191671834,3768400
2019-05-09,211.37245178222656,213.655199696435,209.3295166153449,210.15557896059292,4299500
2019-05-10,213.69964599609375,215.50275513243122,209.95130740889493,213.1489467189875,4374400
2019-05-13,212.77587890625,213.26440898868796,209.80029767504112,210.02235557130035,4684400
2019-05-14,210.00457763671875,214.0549248659119,209.87134832633052,213.744038403889,5329700
2019-05-15,209.6937255859375,210.98165874337087,206.6204381716889,208.73443379570972,5099700
2019-05-16,210.32431030273438,213.57524052683567,209.3739097386406,209.52490745243736,4456400
2019-05-17,214.4013214111328,215.34284462207737,209.31174521460613,209.77362938437895,4486400
2019-05-20,218.49603271484375,219.1622062213958,212.97123268290554,213.17552209664777,5390800
2019-05-21,222.00457763671875,223.1059759945931,219.21553133973043,219.4020523601216,5345300
2019-05-22,221.4716339111328,222.972747280465,220.91205729515158,221.25846703012542,4038000
2019-05-23,218.94906616210938,220.41464272522674,217.07489714288846,220.26364499565335,3934600
2019-05-24,219.9527587890625,221.48939540604107,218.0696988946117,219.61522650024526,2973900
2019-05-28,215.0053253173828,221.43612657350764,214.93426516748036,220.72553862782095,6172700
2019-05-29,215.30728149414062,215.86687160165656,211.31024027665038,213.0423023135644,3958400
2019-05-30,216.2843780517578,217.92761180736696,214.36579468975023,214.88097060473396,2646600
2019-05-31,214.7744140625,216.3909886055838,212.71371014442298,214.90764338766044,3285700
2019-06-03,210.1200714111328,216.55087326664864,209.64043229625813,214.4990603778231,4999400
2019-06-04,213.8506317138672,214.1082264636137,208.58342491577758,211.51459185952854,4992000
2019-06-05,215.635986328125,218.31843596441686,214.2681020932783,215.99127354184864,3194400
2019-06-06,214.79217529296875,216.67522197661495,214.7122241472122,215.955756538178,2630100
2019-06-07,219.18890380859375,219.4553759847721,215.12080167539511,215.7514384872348,2837400
2019-06-10,220.40574645996094,221.7647394633591,218.49605430712552,219.46422331285748,2331000
2019-06-11,218.3894805908203,222.67076304449415,218.26512871952434,220.7433022627378,3043000
2019-06-12,217.1725616455078,218.9490243174547,215.21845541703314,218.68255220599573,3251800
2019-06-13,217.58120727539062,217.918726049399,215.946850916665,217.45685540005326,3107800
2019-06-14,218.91050720214844,219.56179741065137,216.6087200209207,218.33060543588016,2165500
2019-06-17,219.44586181640625,220.45401278658508,218.7767379576206,219.4726256816889,2270300
2019-06-18,219.20492553710938,222.45240541123852,218.71423209183777,220.81082517010879,3482500
2019-06-19,223.21078491210938,224.26353317855282,219.0354452331588,219.47261102584875,4204600
2019-06-20,221.04281616210938,225.55718291932936,220.7216361875514,224.46874042851397,3800800
2019-06-21,225.0753936767578,226.15491935771928,220.2755414378126,221.95281605792005,6323500
2019-06-24,222.72006225585938,225.3876404132501,221.13200970054123,224.22782323119515,3163800
2019-06-25,220.95361328125,223.96912208056355,220.73948875513437,222.41676350964238,3182700
2019-06-26,217.2153778076172,221.32825832369824,216.91204502486022,221.2568835018692,3852900
2019-06-27,219.77597045898438,221.39078728078337,216.9388916785915,217.92026522324392,3366200
2019-06-28,217.69720458984375,220.14174190327714,212.91519903375288,219.91870062475306,6727600
2019-07-01,216.47491455078125,219.62425590437033,214.7619593883777,219.42797851575932,4102700
2019-07-02,217.66151428222656,217.6793613954543,213.70921592383712,216.43032212332622,3863500
2019-07-03,218.76779174804688,220.82869077745158,217.72394668914725,217.97376542041133,2559400
2019-07-05,220.3558807373047,221.93500329015558,217.7418297043474,218.03624584471626,2965000
2019-07-08,221.11416625976562,221.23906881293055,218.47336553189066,219.83837686767788,1902500
2019-07-09,219.4725799560547,219.5439547863912,217.41168107850692,218.2503183182647,2774800
2019-07-10,220.79298400878906,222.24721727304566,219.0086540603445,220.2041654719538,2753000
2019-07-11,232.99783325195312,233.47067965060046,222.1937136956433,228.21582792598883,10268800
2019-07-12,237.22666931152344,237.77980725817966,233.41713454295734,233.41713454295734,5336100
2019-07-15,237.28016662597656,238.78792746888107,235.7545722868804,236.47722366996342,2611400
2019-07-16,236.12039184570312,238.33297084430788,234.80890820842023,236.71812714792878,3121600
2019-07-17,237.89578247070312,239.71580662277384,235.08546827631017,235.5315507588079,3995200
2019-07-18,232.4982147216797,237.77091337193687,229.51838675717818,236.99473414390442,5825800
2019-07-19,228.97412109375,234.38956868832972,228.75107986392428,232.944265875333,4413200
2019-07-22,227.78753662109375,231.02609939118017,227.0827187643057,230.3034480389621,4104300
2019-07-23,227.510986328125,228.483456501105,224.84342175423578,227.02922322948163,2889300
2019-07-24,224.04937744140625,225.56605506056883,218.69638799963985,225.53036084081094,4864000
2019-07-25,221.88140869140625,225.4946792718459,221.5156178139082,224.0493764850125,3362800
2019-07-26,225.66421508789062,226.5028523578882,219.92758711462312,222.16692995543738,3362600
2019-07-29,226.44932556152344,227.76972594236128,225.12891156732817,225.5749940648207,2005500
2019-07-30,227.4396514892578,227.55563731316352,223.4606026078729,225.41444643301875,1908800
2019-07-31,222.1580047607422,229.4291577773237,221.68515839340094,228.67974243437052,3532400
2019-08-01,222.37217712402344,224.45092368319933,220.61461058286102,222.31864938991464,3613600
2019-08-02,223.08584594726562,224.4419404676693,219.5617971572909,222.76466602436363,2677600
2019-08-05,218.63394165039062,222.98771098619315,216.43029312291327,221.37289459610355,5812400
2019-08-06,221.50674438476562,221.50674438476562,217.30465449261192,219.41015100699298,3533000
2019-08-07,219.87408447265625,220.4004586103811,215.24374546131227,219.71350129030995,3205800
2019-08-08,220.91790771484375,220.96251869049806,217.1262062113212,219.64211821395293,2830700
2019-08-09,221.81898498535156,223.41595432156552,219.5974892678016,221.00711158030057,2535000
2019-08-12,216.9745635986328,221.22127846122189,216.8228971554489,220.17743324710688,2667400
2019-08-13,222.34535217285156,223.45164162282902,215.46675434902875,215.61842075845712,2763400
2019-08-14,216.9745635986328,221.6227500594569,216.80505004055672,220.1239055157902,3464300
2019-08-15,217.9113006591797,218.81238240592788,215.41323594328117,218.0005226042808,2513500
2019-08-16,219.196044921875,220.46291772636914,217.84886691247536,218.91947591986445,2810000
2019-08-19,218.3217315673828,221.69411461742962,217.76857993827423,220.8019495012615,2672300
2019-08-20,214.26239013671875,218.22360566304354,214.04826559546655,217.87566179185882,3201300
2019-08-21,214.43186950683594,215.80579765739822,213.4950935065918,214.2891198354285,2761900
2019-08-22,207.82093811035156,214.4318846902464,207.58004972446452,214.4318846902464,4498200
2019-08-23,205.7868194580078,209.7480349539602,204.64484914013903,207.7852607075982,4826600
2019-08-26,206.16151428222656,209.2662450386754,205.60837627290454,207.44623421271828,2918300
2019-08-27,198.89035034179688,207.33915455120692,198.59594785167772,206.73248884466523,4988100
2019-08-28,202.8336944580078,204.99273187173588,196.9721645595626,198.43531444379798,4847600
2019-08-29,205.7510986328125,207.2499429896257,203.42254731730637,203.78833825351558,4052500
2019-08-30,208.76663208007812,209.7034081518272,207.24102377884577,208.4722159653365,3384100
2019-09-03,205.7510986328125,207.13395717732564,203.8329492285047,206.7503327418074,3382300
2019-09-04,202.28054809570312,207.82981497608418,202.0753539762529,206.93765005786673,4526100
2019-09-05,204.8321533203125,206.54510843851955,203.03890662157008,205.19794422722762,4256900
2019-09-06,204.3057861328125,206.94660053733233,203.9399952135785,205.34961755499734,4183200
2019-09-09,205.8046112060547,206.98227551494776,203.9132258033131,204.30578057294414,3895600
2019-09-10,207.3927001953125,209.02535030966308,205.93846676068077,206.49160475322884,4257600
2019-09-11,208.9539794921875,208.9896601038218,203.9310859731188,207.41945453810894,3168100
2019-09-12,205.2871856689453,210.90781465400252,204.93031147707347,209.65878901584725,4713700
2019-09-13,209.4015350341797,212.04583060240924,207.54603779480254,208.84578858105886,4523200
2019-09-16,210.13653564453125,211.58866796015488,208.0928080511178,208.69338948241162,2973600
2019-09-17,208.42445373535156,209.74212187480478,207.21434587583627,208.91746114765607,2392900
2019-09-18,206.71243286132812,208.97129506419287,205.47543461349983,206.8827458000937,2960500
2019-09-19,208.72032165527344,209.70632310217533,207.26818904674607,207.9583996338677,2666700
2019-09-20,208.75611877441406,210.64746464234753,207.88663665594132,210.44130286837017,6220100
2019-09-23,205.0630645751953,206.86476770783236,204.65969983535763,205.9594367426363,3281200
2019-09-24,201.68374633789062,206.02218453205705,199.81929050821603,205.6098609767523,5006800
2019-09-25,199.14697265625,203.028265195105,199.1111237931021,201.03831819037933,4658000
2019-09-26,193.15028381347656,200.4557256764602,191.31271801100561,199.9268556671252,10444400
2019-09-27,192.95306396484375,196.19794044655816,192.73794340261207,195.5704689999063,4834900
2019-09-30,194.79962158203125,195.8842243319983,191.03484723546595,191.50096462955065,5286300
2019-10-01,194.70108032226562,196.47589407517506,190.10268493591565,196.47589407517506,5523600
2019-10-02,194.2886505126953,196.62818221475996,192.97098244615586,193.75082178765987,4921200
2019-10-03,193.042724609375,193.93909684220503,190.97210693994643,193.28474894195446,3375800
2019-10-04,197.02261352539062,197.07639366931767,192.84551576470278,194.36934577870417,3700500
2019-10-07,198.3134002685547,199.46971444566904,196.29656271872,196.35034286497344,3843200
2019-10-08,197.30050659179688,198.9767184082623,195.76770394772882,196.74476014517322,4817000
2019-10-09,199.06637573242188,200.31233276811253,197.35430123892016,198.7347223354031,4483100
2019-10-10,200.54537963867188,200.90393678092002,194.97891507113934,195.57948289715398,5252200
2019-10-11,199.0574188232422,205.13482239922874,198.62715023768857,202.16781836460416,5891600
2019-10-14,197.730712890625,200.19573609873237,197.1122139700006,198.6629475087568,4075300
2019-10-15,213.8654327392578,214.98589795166126,207.1426414648371,208.57684240773509,13397700
2019-10-16,212.43124389648438,212.87045750285063,209.8227976187655,211.80377244015472,5368600
2019-10-17,218.4190216064453,219.26161369862925,212.6822447538919,213.9550916906286,6301200
2019-10-18,219.91598510742188,220.87511006988274,216.7069705108843,219.11821427738576,4922100
2019-10-21,218.6431427001953,220.14905536554923,217.05655980568585,219.6291577595078,3029200
2019-10-22,223.6269073486328,225.43758281767845,217.9528703226907,218.3920975749622,5660800
2019-10-23,222.12103271484375,225.66170015051273,221.16190790071582,222.64988902741962,3706600
2019-10-24,219.17198181152344,222.73955334275908,218.63416664870064,222.32721607479493,2546900
2019-10-25,219.53053283691406,220.579286736739,217.0565366529171,218.63416057953665,2815100
2019-10-28,221.44873046875,222.64986580246008,219.53945351524092,219.84421674721762,2957100
2019-10-29,226.14576721191406,226.9614693079539,220.78546455339944,221.4398125190697,3528900
2019-10-30,228.39566040039062,228.82591526643307,225.8678839975856,226.03819691973206,3299600
2019-10-31,226.51327514648438,229.22032329437815,224.01240247331182,228.0191877073363,3960400
2019-11-01,226.07408142089844,229.76711753035278,226.02926006689398,227.66962314504738,2919600
2019-11-04,225.21353149414062,227.52617357825275,224.01239594211847,227.34690186083316,3186400
2019-11-05,224.36196899414062,227.9205677952837,224.17372481015838,227.44549161375065,5393400
2019-11-06,224.55918884277344,225.87685719695392,223.2773693618964,223.83312947976697,3668600
2019-11-07,229.88365173339844,230.1436073816938,225.22251811687553,225.8410172443046,3646300
2019-11-08,230.3407745361328,231.56880012240606,228.574920137338,230.16148914692238,2200300
2019-11-11,227.75918579101562,229.8835833115756,227.0779479124003,228.61970903339284,1765600
2019-11-12,228.79901123046875,229.25615614289592,227.14968961332065,227.31103004915795,1892500
2019-11-13,227.2931365966797,230.2601267985539,226.95251073698932,228.45840967498765,3289800
2019-11-14,229.31893920898438,229.5430186182117,227.20349992264232,227.49930443850383,2101900
2019-11-15,241.48257446289062,247.01320089479918,228.8975195223185,229.56978474213543,10136000
2019-11-18,244.6468963623047,249.59488918984215,241.12415962886473,241.12415962886473,6985200
2019-11-19,245.8121337890625,246.82501129596326,243.4098357422718,246.71745101948574,4002000
2019-11-20,247.00425720214844,247.42555312112228,243.13192373691243,244.03726817781617,4141600
2019-11-21,247.89175415039062,248.90465924879402,245.52534545028306,246.69959100105717,3309900
2019-11-22,248.15170288085938,248.98532255003525,246.5023811405686,247.87382965780077,2802700
2019-11-25,253.3776092529297,253.6734001214139,248.3041379678875,248.9943348977613,4082900
2019-11-26,252.23916625976562,253.00108820545466,251.12767333271154,251.620667168392,2998600
2019-11-27,251.58485412597656,252.71426475111,249.8100269220314,251.88961746006746,2323900
2019-11-29,250.86767578125,251.80888297634195,248.5908828014872,249.28110688224285,1520900
2019-12-02,250.67945861816406,252.7769663327804,249.7024161798455,252.5797633499476,2517100
2019-12-03,248.20547485351562,249.56797820438808,245.47155038570128,248.26822747732908,3239200
2019-12-04,250.37474060058594,252.63358915804736,249.7652139453349,252.43638613957032,2694200
2019-12-05,252.77696228027344,253.511994054967,248.7253697539749,250.30296623623593,3357300
2019-12-06,252.12013244628906,254.68462050806903,251.1483131473738,254.5046458348537,2828900
2019-12-09,249.7356414794922,252.73202508956274,249.62766764998076,252.64203774487584,2697100
2019-12-10,251.5172119140625,251.58921275884643,246.5592315454195,249.7895760831183,2515300
2019-12-11,252.3990478515625,252.54302208318163,250.17649542269382,250.41943649214537,2751300
2019-12-12,255.1974639892578,255.53939934910443,251.98513341342908,252.87594477493124,2996200
2019-12-13,256.88018798828125,258.97675295136173,255.65642058360427,256.4212717789923,3599300
2019-12-16,262.77392578125,265.8423093478921,258.3018279236297,259.12066583674596,4663600
2019-12-17,261.3702392578125,263.44881746567313,260.20048637781605,262.063089507007,4409100
2019-12-18,263.55682373046875,265.3204602385044,261.8381671617116,261.8471741336795,3621600
2019-12-19,265.1045227050781,267.4260698183415,264.20470420294413,265.44645812953405,2905900
2019-12-20,263.27783203125,269.9454889023716,263.20585865006376,268.9556832843412,6608300
2019-12-23,265.5274963378906,266.2113673357664,263.4759108045507,264.0337940037494,2098900
2019-12-24,265.0325622558594,266.193308408919,264.15073019498396,265.6804327074595,714000
2019-12-26,266.0312805175781,266.58018397150596,265.03249536443076,265.7163386138762,1050600
2019-12-27,266.3192443847656,266.8321474467436,265.4554264374136,266.3552448084862,1547100
2019-12-30,264.41162109375,266.8321345921496,264.05169925471563,266.3912049385771,1511700
2019-12-31,264.528564453125,264.6275312742435,261.9820635681074,264.24061603851663,2224200
2020-01-02,263.1969299316406,266.0763603201343,260.75842931243534,264.52867129186853,2543400
2020-01-03,260.5333557128906,262.6389268957136,255.8722768104662,258.49075093097287,2711400
2020-01-06,262.342041015625,262.4410353180187,258.44583946357744,259.1476967104237,3079100
2020-01-07,260.7584533691406,262.28812859267043,258.7698343881231,261.57729163303856,2492900
2020-01-08,266.2562561035156,267.58799720638854,260.9833335191566,262.29706067965196,3379200
2020-01-09,264.7445983886719,267.4260673863471,264.2946891416964,264.80759227371595,2838200
2020-01-10,265.5633850097656,266.40921642686067,262.9359034344815,266.40921642686067,2477900
2020-01-13,257.2131042480469,264.9515482543638,256.4662395718211,264.8795474020561,6994900
2020-01-14,259.3636474609375,259.3636474609375,255.7733808234749,256.98814115849166,6056300
2020-01-15,266.71514892578125,269.621571956741,260.04749194436226,260.0654784248876,6081300
2020-01-16,270.61138916015625,270.8363437704072,266.28326465575094,268.14589541909567,3710300
2020-01-17,268.5687255859375,270.5753299555268,266.23819986176204,269.95445323229916,4632200
2020-01-21,270.4223937988281,272.2310373771303,266.35522495050566,267.14706945165835,4962800
2020-01-22,270.4764404296875,271.8621686127157,267.56103726824756,271.73618084140344,3117600
2020-01-23,269.4595642089844,270.46735625067623,266.9310771350089,269.954480720358,3169600
2020-01-24,263.4758605957031,269.8825641119066,262.35108743737294,268.45185594974447,3678500
2020-01-27,255.62939453125,259.2196609994355,252.0121346106825,259.147687613176,4399400
2020-01-28,257.2310791015625,259.4806250795875,254.91853924568605,255.46744274366873,4341000
2020-01-29,254.55853271484375,257.5189419261676,252.74991702304803,255.54833810802018,3963800
2020-01-30,252.83094787597656,253.60477840873136,248.27786961785225,253.60477840873136,4211800
2020-01-31,245.15545654296875,250.85129313135334,244.01266996175366,250.30241726184818,5532600
2020-02-03,246.5682830810547,249.11478509882537,243.68888003495098,247.5670960071915,5646800
2020-02-04,252.70492553710938,255.09844510742386,249.14165335781797,249.50157512517467,4290200
2020-02-05,266.103271484375,267.24603082138026,256.84413363673707,256.9881078576651,5761000
2020-02-06,263.1607360839844,267.4888579983151,260.9471917326432,267.2459170503277,3044000
2020-02-07,260.2453918457031,263.9976454032793,259.96645043166905,263.52972241694926,3425900
2020-02-10,258.2749328613281,260.30853169408135,256.85323154923816,257.5550889620925,3147400
2020-02-11,261.65826416015625,262.36012158524153,257.25813792806724,258.1129766010554,2992200
2020-02-12,273.076904296875,274.4446184111251,264.55562275140363,265.4464342009243,6701900
2020-02-13,271.9251403808594,275.2544520938645,270.07151661289913,270.07151661289913,3565500
2020-02-14,268.84771728515625,273.5177765755278,267.5249832527341,271.93408754071595,2485600
2020-02-18,271.8711242675781,272.95989676144666,269.0456815215033,269.6485718870329,3241700
2020-02-19,274.7235107421875,275.9832508140337,272.4019917140905,272.97786112110276,3021100
2020-02-20,271.86212158203125,273.68875172809254,268.04690057790964,272.8249338038205,2885500
2020-02-21,271.2322082519531,272.20402733879246,268.6947141988738,270.3683904216421,2987100
2020-02-24,249.96051025390625,260.03845781074716,249.8255430133759,258.148861522777,8790600
2020-02-25,237.0031280517578,253.7307450361435,235.76137454644814,252.08406235813823,8171200
2020-02-26,236.65220642089844,242.7979531591181,232.7919783307073,238.1998949529366,6806600
2020-02-27,228.48190307617188,235.88740520163174,226.81724715334306,232.53109990042455,7604300
2020-02-28,229.41766357421875,231.3432740507449,220.72541611610401,221.53524703674023,9961000
2020-03-02,245.7493896484375,245.86637043389416,225.24254811676815,231.55926338892445,8866300
2020-03-03,235.21249389648438,252.2640613588377,233.25990359836553,247.7649699397761,9188100
2020-03-04,260.4253845214844,266.20220174361566,253.93767580224548,260.94726697291094,14533000
2020-03-05,254.61256408691406,260.42540974773584,251.895122860219,253.3888244490192,5908400
2020-03-06,255.43142700195312,256.4212326649851,244.660600406641,247.82797852834338,5361900
2020-03-09,246.04627990722656,253.244825188397,233.26885104904068,237.96590294341522,8070700
2020-03-10,251.9491424560547,255.4584285910657,245.20050471169608,251.69719441200974,7366000
2020-03-11,249.95155334472656,256.6641909008116,245.88438407396123,247.23411167013342,7744600
2020-03-12,225.32351684570312,244.95755987908822,224.9545880261071,233.95277154715137,10496600
2020-03-13,245.84686279296875,246.9132408562954,218.9432385986281,235.8607862964147,9308400
2020-03-16,203.3722381591797,222.02493544281208,202.38719105006308,220.43440028158864,10303500
2020-03-17,220.70553588867188,224.80840070784532,206.30933197279012,208.59574627665788,9642200
2020-03-18,196.16058349609375,209.1650555707785,180.91489970827166,204.01387737180465,12917500
2020-03-19,198.6367645263672,204.3482420435611,188.82240895747015,196.08827898020655,8065200
2020-03-20,186.69871520996094,210.24052356075924,183.87009305117104,201.6913627559547,9364100
2020-03-23,176.09812927246094,185.93959757939194,169.64559652287,182.58680460056664,10654500
2020-03-24,198.6367645263672,199.06151211739396,179.8394703909034,182.67713786458245,8894400
2020-03-25,211.91233825683594,223.67870889665392,195.20262694015312,197.99510565492952,10014000
2020-03-26,230.8000030517578,233.1225457431777,209.93320623909358,211.4966308843412,7517600
2020-03-27,219.10598754882812,227.37499896265376,215.30135011039607,219.5488134462728,4879500
2020-03-30,227.0857696533203,229.6252095666326,219.27766347402266,219.27766347402266,5329000
2020-03-31,225.3686981201172,230.02282995527628,219.60298568813965,220.03676550248176,5450000
2020-04-01,214.46986389160156,222.86537853065522,212.77087358784053,215.70795026126004,4548800
2020-04-02,217.28948974609375,218.69928458085545,204.26693812745395,212.64438979046503,4636800
2020-04-03,207.39376831054688,216.2953617142434,205.38751789530016,215.37358141829466,4650300
2020-04-06,224.4288330078125,225.28736046854777,212.4817061250069,216.89184471352445,6365900
2020-04-07,224.15771484375,241.03009123048872,222.80214081792042,234.7944562275175,4984100
2020-04-08,242.04222106933594,243.244178679109,222.54907597837027,223.84139690576123,6390200
2020-04-09,238.69857788085938,244.3648688482794,236.4121768681217,239.48480660685394,4923300
2020-04-13,238.1382293701172,239.44860111824386,233.3214072941103,236.82783004276487,2964900
2020-04-14,244.45513916015625,246.77769553015446,241.29213366270506,243.09956537553433,4778900
2020-04-15,254.55874633789062,255.74261223143014,244.6178691633452,249.72385965078905,7841800
2020-04-16,269.69598388671875,271.11482475528567,253.04954909111083,256.149288635132,7738900
2020-04-17,262.583740234375,274.72968647431435,259.4568903407651,272.0094922664368,5857500
2020-04-20,254.9744415283203,261.18296593947076,254.18818545395203,257.83015977436673,4072600
2020-04-21,247.78990173339844,253.0404896880883,246.94040645453617,248.47673474504657,3977500
2020-04-22,250.34732055664062,256.49260404265465,250.06717088784103,252.6608306094977,3663300
2020-04-23,257.8572082519531,260.6858430217957,251.7209980370498,252.1909203084447,4420500
2020-04-24,263.2434387207031,263.7946922371443,256.65534142462786,259.628574756976,3265000
2020-04-27,265.67437744140625,268.2770557458384,262.64692403397777,264.97849863353696,3706200
2020-04-28,260.5956115722656,269.5333787615171,258.11943780648306,269.30744969298274,3862900
2020-04-29,259.95391845703125,264.56287586671147,258.5531695994186,263.8850888235004,4258400
2020-04-30,264.3097839355469,266.5961840036637,258.0289475519082,259.0501509066991,7631700
2020-05-01,257.1162414550781,261.1739173666692,252.67899269826913,260.6226638586973,3526100
2020-05-04,259.8544921875,260.215973051937,254.94729361497056,257.0981419903207,2894200
2020-05-05,264.8248596191406,267.49985040097016,259.6284942819596,262.04139978547295,2501300
2020-05-06,260.9660949707031,269.0182089380076,260.667880784904,266.686633474987,2579200
2020-05-07,257.55908203125,264.14717995696947,257.1252883856234,263.0355992533659,3162300
2020-05-08,259.3665466308594,262.0776952019136,258.15557024529596,261.616791119481,3200000
2020-05-11,260.89385986328125,262.16810315095364,257.79411958506023,258.0652234423383,3490700
2020-05-12,259.99908447265625,264.9243197508212,259.99908447265625,263.67718735292317,4214300
2020-05-13,251.2330780029297,258.82428779364767,249.02800849325646,257.0981867180052,5474100
2020-05-14,262.62890625,264.2917680403056,249.1003035504055,249.36236134606483,5704600
2020-05-15,262.9451904296875,271.1147905057773,262.72830742263415,264.25558961548785,12182800
2020-05-18,265.1141357421875,270.8617843467958,263.90315950563013,269.74118523399886,4015100
2020-05-19,261.21917724609375,266.26192948544735,261.0655609243082,262.74645995127145,3059400
2020-05-20,260.2611999511719,264.69844946746673,259.09542599828586,264.69844946746673,3200600
2020-05-21,259.2851257324219,262.1950919612461,257.4957583663879,258.4988973316436,3604900
2020-05-22,262.02337646484375,262.2944801888902,257.3692453405851,259.63755337635826,2922800
2020-05-26,266.496826171875,268.43076408297077,264.33693168011945,267.9517957030954,4567800
2020-05-27,274.52178955078125,274.5488999266405,262.80059234777843,268.7832152198691,5618900
2020-05-28,274.7025146484375,279.84466016520895,274.0879944746392,276.491882003083,4387700
2020-05-29,275.4978332519531,278.67890370273733,271.88296918456115,275.380345757087,6251500
2020-06-01,276.473876953125,276.51907930845664,271.6209256086597,274.7477757858632,2894000
2020-06-02,276.8172607421875,278.43492019195975,272.67825337293556,276.1575380979457,2756800
2020-06-03,275.94964599609375,280.2603607608473,273.5909332378258,278.20893566762027,4360000
2020-06-04,269.3796691894531,275.1544280114264,265.9546052024966,273.98862657980834,4374300
2020-06-05,281.8238830566406,284.0199066522295,271.56669937793464,274.72970585987395,5554300
2020-06-08,279.68206787109375,285.429689014979,278.2812913719907,278.92294965846133,4635500
2020-06-09,279.4380798339844,282.54686578338806,277.7390889570742,280.0616462213446,3061500
2020-06-10,276.3111572265625,280.43209983446224,273.6994048409158,279.1940133709305,3296100
2020-06-11,256.411376953125,274.1513006892392,253.76346784085956,274.1513006892392,6638900
2020-06-12,257.6946716308594,265.7829427378206,251.8657186269464,262.6651107832595,5416800
2020-06-15,258.7159118652344,259.36658873107405,247.35619088959942,251.25120609591204,4494600
2020-06-16,264.7887878417969,268.918776578343,259.76412909113685,266.9938570868173,4245400
2020-06-17,264.4273681640625,266.6866586856638,263.18928137090177,266.6866586856638,2538000
2020-06-18,263.4151306152344,263.68623436399724,259.0049924405472,262.46621233612103,2926600
2020-06-19,264.3318786621094,269.124050216373,264.0323800578482,267.2271518613532,5172800
2020-06-22,265.629638671875,265.929137117004,259.81186821869557,263.01572326785083,2174100
2020-06-23,270.104248046875,271.62902341350696,264.1775666831136,266.8459374237237,4023400
2020-06-24,262.462158203125,269.65042803468094,259.18570557690526,266.82775185467364,3399900
2020-06-25,268.8516845703125,269.35994291331014,259.63038253620886,261.64527371666463,3112500
2020-06-26,260.3746337890625,269.1784163363462,259.4125713537635,267.8714860660179,5043200
2020-06-29,262.9886474609375,265.27581090650074,260.1387434798186,261.7996825434171,2356700
2020-06-30,267.698974609375,269.06038652765017,261.0825049311186,261.9084314852985,2932900
2020-07-01,270.22216796875,272.64546607038164,267.9622049786205,268.49769043065896,2303800
2020-07-02,270.70318603515625,275.07783578856595,269.72295382962903,272.73621920513915,1971700
2020-07-06,274.8328857421875,275.45005278051275,271.67439867274385,275.0053335467209,2395000
2020-07-07,269.2420349121094,275.51361248000126,268.60672563064236,272.8815535756124,2075700
2020-07-08,270.79400634765625,273.0721121050501,268.3616226860133,269.87734077474323,1987400
2020-07-09,264.25921630859375,270.96642674406326,260.93736685375575,267.83519496062127,3061700
2020-07-10,264.32281494140625,267.0546975007086,260.5743876668628,267.0546975007086,2391600
2020-07-13,272.0192565917969,276.38484999008415,264.81284498382047,265.1032862667931,4263300
2020-07-14,280.01531982421875,281.12260312567764,269.2964673632642,270.29484209376136,4234900
2020-07-15,275.97637939453125,281.98474010109334,271.06621664510845,273.2989246359037,5116900
2020-07-16,278.7718811035156,282.1300428601709,275.15053288497637,276.829613763304,3844500
2020-07-17,278.2091369628906,282.2389195363938,277.9550077779852,280.53261171002714,3016500
2020-07-20,275.4228515625,280.08797227497865,274.442646626896,278.4452032018013,2375500
2020-07-21,276.92034912109375,278.6357420659894,275.10513256040326,276.84775264578906,2340200
2020-07-22,278.37249755859375,278.5540302740731,273.9252230093849,276.6934168834221,1935800
2020-07-23,274.9780578613281,279.9971301066982,273.43511283988533,279.72485872550436,2367700
2020-07-24,272.9995422363281,276.16708673357607,271.5836753282281,275.3048476622283,2415700
2020-07-27,271.0118713378906,274.21572785310474,269.89550304466496,270.85756572415636,2060500
2020-07-28,272.2189025878906,273.55308766065605,269.75020734093704,270.36740192617714,2257400
2020-07-29,278.3453063964844,281.131670521002,272.28248960871866,273.6075899693724,2672700
2020-07-30,277.0292663574219,278.145606738863,271.2750335789378,273.80724056464925,2205300
2020-07-31,274.8055419921875,275.67683789411035,270.51254629244715,275.40456658038363,3913500
2020-08-03,275.558837890625,276.7387448507865,271.5563111837752,275.5406957028059,2628500
2020-08-04,276.3666687011719,280.3238267543648,272.34597143294116,274.01596702678415,3594900
2020-08-05,283.60040283203125,284.0451220924711,276.8387090541851,278.4814780711686,2982200
2020-08-06,285.0433654785156,287.0219442655427,281.72151688391165,283.1736952195087,3305300
2020-08-07,287.739013671875,289.5270028538455,284.3899373477881,284.3899373477881,2600800
2020-08-10,289.617919921875,290.86133931565047,286.4231198114849,287.7119362556568,2563600
2020-08-11,286.3957824707031,294.5824269057784,285.5880255022218,293.08487877921795,3018200
2020-08-12,292.49493408203125,293.42071232923473,288.2927306720722,288.6194563842554,2915800
2020-08-13,291.814208984375,292.131877427169,288.47421710690037,291.0518213404736,2159500
2020-08-14,293.79278564453125,294.0015178039687,289.28197177915143,290.92474040657106,1787200
2020-08-17,290.89752197265625,293.88353309973036,289.8446931045857,291.75067592267885,2772500
2020-08-18,287.5393981933594,292.8579975096723,286.54102347207106,292.23174553441004,2520000
2020-08-19,286.25970458984375,289.9718198914134,286.060029619436,287.5031237563779,2066700
2020-08-20,284.3808898925781,286.15073711595915,283.1828680146962,285.7423023111769,2245600
2020-08-21,285.11602783203125,286.1506866848549,281.44019833083763,282.5202542084178,2488500
2020-08-24,280.3057556152344,287.62107659926517,278.17287048261807,287.5393951726554,2922200
2020-08-25,283.3734130859375,283.50046382190703,279.3617729411494,283.3552708945139,1879300
2020-08-26,280.2876281738281,282.5929335297418,275.5589685442199,282.2480656096831,3178900
2020-08-27,282.8742370605469,285.6878000951624,277.26519778656694,281.7306419574439,2321000
2020-08-28,285.3247375488281,286.6407802973085,280.4236596304176,283.4822943197553,2883500
2020-08-31,283.6729431152344,290.03528571368804,283.6638858675169,285.79677076196333,4341600
2020-09-01,283.9270935058594,285.6424864951769,281.3585741930908,281.5037948454675,2487100
2020-09-02,290.6524963378906,291.59641680070683,283.68207068480825,283.68207068480825,2846500
2020-09-03,287.0129699707031,293.9017133388932,284.7439493211805,292.2498596585193,3872500
2020-09-04,283.1737976074219,288.4651419589242,278.2999453302831,287.23989287768313,2901000
2020-09-08,278.8626708984375,282.6836943699515,275.75863809464084,282.29342941947107,2594500
2020-09-09,283.19195556640625,286.18707982662715,279.9245875705427,281.06815528989114,2195600
2020-09-10,276.4574890136719,285.3883512098876,275.6587892915864,283.8363487987482,2421200
2020-09-11,274.7532043457031,279.2916995742645,270.93465401055374,278.0249403198322,3085900
2020-09-14,281.2146911621094,283.5386177027514,276.1475979281932,276.1475979281932,1795500
2020-09-15,279.9935302734375,283.84851553555666,278.9181182111441,282.5635111774699,1468300
2020-09-16,279.3463439941406,284.5683773930966,279.0547338078503,281.67029779063387,3438200
2020-09-17,277.94305419921875,280.13028486883223,275.3274608428641,277.5055969404373,2394100
2020-09-18,280.71343994140625,282.8733583636319,276.84021040337774,277.97030099260905,3795400
2020-09-21,272.6662902832031,273.8874936237702,265.80383894380714,273.83281495271063,4124700
2020-09-22,268.1733093261719,273.96947007649936,266.95210617082876,271.98273783029055,3163600
2020-09-23,266.24127197265625,269.85020299591787,265.95872844828983,268.8477144305287,3709900
2020-09-24,266.715087890625,268.7838376743886,263.96282716100313,266.2867532520686,2869100
2020-09-25,275.6827697753906,276.38449772245076,265.4027654562515,265.43010478374384,2455800
2020-09-28,276.34808349609375,282.5270222583557,275.98352202073636,279.22794671617567,2575700
2020-09-29,277.1865234375,278.4168489543904,274.02414436798756,276.7490941423477,1797800
2020-09-30,284.1310119628906,286.63721945697915,277.04072423755497,277.06806357045946,3497300
2020-10-01,285.3157958984375,287.2296327362015,281.743298613802,285.16997684476456,2731200
2020-10-02,284.3224182128906,289.2528152562414,281.02331440423563,284.4317755457038,2338000
2020-10-05,289.9454040527344,290.1914858493472,285.36132403881953,287.13846402977424,1638600
2020-10-06,286.57342529296875,291.90478950496504,285.6985110796423,290.67449180197343,2434400
2020-10-07,294.52032470703125,295.95111982929495,287.8219118151738,287.8219118151738,2596600
2020-10-08,293.82781982421875,296.50718615226117,292.53369295205886,294.75738511291235,2056700
2020-10-09,298.7763977050781,299.0771581930785,295.2039282503297,295.8783170345939,2028900
2020-10-12,300.717529296875,303.9892655908456,299.84264292099465,299.9428778607115,2424200
2020-10-13,302.03900146484375,304.11687403360474,298.6578799675505,299.37785275853867,2713500
2020-10-14,293.3173828125,301.26433912032684,291.8136640547078,293.5178805010147,4455400
2020-10-15,295.7962646484375,297.98349456413945,288.2867372612732,290.58335231307694,3172200
2020-10-16,300.65374755859375,302.88656163933416,295.9420932224009,296.60735956867165,3293300
2020-10-19,295.47723388671875,301.455674222352,293.50871897442994,299.4142637112964,2482100
2020-10-20,294.73907470703125,299.4871902362763,294.6205950111849,297.6644941454345,1988600
2020-10-21,294.1740417480469,297.5460128102451,293.6181049810928,294.73907308315313,2139000
2020-10-22,296.8534240722656,298.9768528896628,293.681922699173,293.7457237405372,2100600
2020-10-23,301.2917785644531,305.8940767368129,299.0407469640212,299.9794346784927,2349500
2020-10-26,294.42010498046875,298.69432964954757,290.30082172047776,297.39110858563834,2408500
2020-10-27,292.0961608886719,294.8210825508509,291.1118894586838,294.42008719969044,2427700
2020-10-28,280.6953125,289.6356382478367,280.1849596113354,285.55278732637305,3301400
2020-10-29,276.75811767578125,282.043952069968,274.73492426858274,279.4101433454962,3279200
2020-10-30,278.0887451171875,279.9387804649753,273.03986935446324,276.3480670806567,3556800
2020-11-02,284.4317932128906,284.92392905325795,280.1119836134727,284.92392905325795,4519000
2020-11-03,292.8616943359375,297.5004524606166,287.09284574438055,289.32565953764924,4043900
2020-11-04,323.1275634765625,328.48629447863925,310.8972881789684,314.62469837862653,10344900
2020-11-05,322.9818115234375,328.97849853284436,318.68024670709946,326.3264718101733,4786500
2020-11-06,316.6570129394531,320.7945412302187,314.02323131041436,319.2999169496609,2994900
2020-11-09,318.9718322753906,335.33054165551175,318.0422672337001,333.8359174344529,4635300
2020-11-10,322.3346862792969,324.3487576339729,317.30405517662143,318.50701343647484,3733200
2020-11-11,320.5212097167969,325.17818620149995,318.43421431274754,324.5858153661897,2048200
2020-11-12,322.9908752441406,328.5591986437011,318.74398986869113,320.24770863302115,2907300
2020-11-13,324.13922119140625,326.20797155895485,321.51453396870346,325.2236999443716,2442100
2020-11-16,325.1872863769531,327.7025886125521,319.8923553160412,327.1284625823056,2790100
2020-11-17,320.8856506347656,322.03393025358776,316.69344408587807,321.14994935391854,2557600
2020-11-18,313.968505859375,322.66274568484215,312.67437947242524,322.0977143793196,2722500
2020-11-19,307.12432861328125,312.65621859585804,304.69101679909323,311.94536814656806,3935600
2020-11-20,305.0281982421875,307.72578063664605,302.30324870704715,305.30159152765685,3702000
2020-11-23,305.3563537597656,306.4499828252353,302.1939741023416,305.80290551896354,2535700
2020-11-24,306.2220764160156,309.8583463453019,304.7821308787912,306.376990014392,3759700
2020-11-25,303.6521301269531,308.7830253001713,299.9611807848,308.7830253001713,3145100
2020-11-27,307.98095703125,308.85584335704993,302.42172845787934,303.96190886129193,1558600
2020-11-30,306.5227966308594,307.98095905821265,301.0091521102109,305.4018285285787,5265700
2020-12-01,310.94281005859375,322.7083154598032,309.7945027388563,314.20542349036765,3817700
2020-12-02,316.7481994628906,320.63964652615306,311.22543122455073,311.4714852427233,2864300
2020-12-03,317.76885986328125,321.4962703842084,315.77300523003146,317.05800943309214,4169200
2020-12-04,320.0189208984375,321.46401957722804,316.2323509340791,316.461007731573,3255100
2020-12-07,318.162109375,320.0188288322093,315.7475088024683,318.9487030464314,2999400
2020-12-08,318.162109375,320.0279561211827,314.70482070800784,315.31763303036246,2471200
2020-12-09,315.0067443847656,319.5798801972464,312.44577158245283,319.10428412114254,2600400
2020-12-10,310.653076171875,315.9670571716165,310.2963861318728,315.69268021776867,2896900
2020-12-11,308.2933654785156,309.9488383082594,305.7872682264748,309.262867978403,3071700
2020-12-14,307.43359375,313.9274513656322,307.1866265835198,311.0006336505803,2479000
2020-12-15,310.67132568359375,311.8969223575616,308.265852514937,310.186574552008,2616500
2020-12-16,310.36956787109375,312.4915095179563,305.72327431819616,308.0738448360362,2365600
2020-12-17,312.50054931640625,313.3511455367952,308.5127619760259,310.79932896343365,2525700
2020-12-18,309.491455078125,313.36030900369565,305.4853847877117,313.2779959321088,8742700
2020-12-21,307.38787841796875,308.1836274798735,301.27817579211944,303.72024254911236,2892700
2020-12-22,306.4092712402344,308.211087964458,305.0007375182618,306.54645973960015,2069700
2020-12-23,308.7689514160156,312.48233511374775,307.3421354096064,307.7628560493929,2348100
2020-12-24,311.6956787109375,312.2627428677605,307.71704650096973,307.71704650096973,1360600
2020-12-28,316.41522216796875,318.0981325003826,313.77193673716266,313.9091252048756,2308200
2020-12-29,317.6957092285156,321.2993420138613,315.54633009326596,318.28105602216954,2275700
2020-12-30,315.5372009277344,319.2140198108089,315.0616048741337,317.4487682574392,1866000
2020-12-31,320.7414245605469,321.1164250208143,314.6774424247804,315.5829422336033,1969000
2021-01-04,319.662109375,322.0218345533966,311.32071630876294,321.4456430385382,4203800
2021-01-05,315.3634338378906,321.36338577898084,315.0707743597492,318.9213468907981,3160500
2021-01-06,328.5980224609375,328.79924151143626,306.50063144919886,308.3298853947514,6561400
2021-01-07,333.8663024902344,335.16508514971326,327.3633177272721,327.93038201795946,3366700
2021-01-08,332.36627197265625,336.11621981311987,328.1315450949671,335.6680615783379,2947800
2021-01-11,329.95172119140625,333.1895088904478,328.52490517058186,331.662069375843,2695100
2021-01-12,326.8602600097656,329.33889146661363,324.9029726633556,327.38160412020363,2372500
2021-01-13,324.72918701171875,326.34806679877414,321.24446027686616,325.6438140373956,1974500
2021-01-14,320.6042175292969,328.1773283586825,320.50362195202763,326.384667162757,2919900
2021-01-15,321.3084411621094,322.9090383484807,316.2231174772429,319.31456108030056,3777000
2021-01-19,322.12249755859375,326.4852584653764,321.54627806082584,325.7992881894054,3361300
2021-01-20,320.8877868652344,322.0219156025403,316.3054958988523,321.8390069193456,3036800
2021-01-21,324.69256591796875,330.0797320292239,320.7962461950493,320.8602767802145,3749800
2021-01-22,317.8785705566406,324.34498949199786,317.86944326785977,323.1468304760737,2585100
2021-01-25,318.11639404296875,320.47614718103677,315.1804493784507,317.5127369125839,2506300
2021-01-26,313.8177490234375,321.5006404165924,313.32387039472457,320.58601314714144,2467500
2021-01-27,304.5617370605469,309.14402878599805,300.9215382540411,308.26599438948034,4770900
2021-01-28,309.28106689453125,316.9913646196196,305.9518396409712,307.89999931726106,2769900
2021-01-29,305.1012268066406,310.0767993395108,302.40309421853857,307.79938730694033,3899200
2021-02-01,305.4854736328125,309.2811707916173,304.3330344710343,306.42753849788653,3020200
2021-02-02,309.8025207519531,315.2171259603491,308.3208291804432,308.3208291804432,2663700
2021-02-03,309.043212890625,311.11940534260225,306.03408338965954,309.1438084245094,2537100
2021-02-04,301.2049865722656,306.66531117303595,300.35439011535124,303.94886772014615,5962200
2021-02-05,296.80560302734375,305.009807955844,295.863538377235,303.75674557732685,7227900
2021-02-08,296.6501770019531,299.10137115195306,296.16542571175006,299.0922438604291,4758200
2021-02-09,301.4884033203125,302.77803031563496,294.2445475813546,296.24758228555845,4096900
2021-02-10,304.9366455078125,307.0951798079193,301.6165449307096,304.25983043909685,4122700
2021-02-11,304.6348876953125,307.9092407844853,303.1989162947756,306.4001114894414,2776700
2021-02-12,300.2170715332031,304.02192211254334,299.8878193053933,303.36338974473074,2760800
2021-02-16,296.9062805175781,301.6806356714456,294.94899280204254,299.41235014169075,4339000
2021-02-17,298.9549560546875,300.54642595234077,294.7293839469665,295.8452299595326,2620000
2021-02-18,300.3726501464844,301.44274808330397,297.4367053532149,298.07692749252396,2383500
2021-02-19,296.86962890625,300.7751041853994,296.43975308596566,300.68363590002366,2313800
2021-02-22,299.6684875488281,300.9580874170235,293.0008470372781,294.05266279921926,2688300
2021-02-23,301.37872314453125,305.4305136716725,298.75374836921486,301.8177261991246,3225700
2021-02-24,303.8482971191406,305.11964233681,298.2050628735545,300.44588278704606,3360500
2021-02-25,300.7933349609375,305.11953011435224,299.4122394521664,302.7414946644579,2780100
2021-02-26,303.857421875,309.06165240282894,301.6897600740282,302.32998230849756,5430000
2021-03-01,306.07989501953125,309.97621465385345,305.19270578535645,305.814645395735,4198900
2021-03-02,306.0708312988281,308.84215034203373,305.38486096227024,306.4000836625178,2568900
2021-03-03,304.4518737792969,309.29025824601024,304.36956070180116,304.8634670789753,3039700
2021-03-04,305.3116760253906,311.7415035484169,304.26901562522113,305.64095630221567,4991600
2021-03-05,317.4671325683594,318.555541258015,306.4184194613197,306.42757466597186,4563100
2021-03-08,320.27496337890625,323.7779726662141,316.0951111006427,317.38473857852324,3419900
2021-03-09,321.9304504394531,330.4090334430092,321.3450757089905,322.79020212969283,4277600
2021-03-10,319.7536315917969,324.21701619197614,318.74753622500185,323.6956720593364,3012300
2021-03-11,322.954833984375,325.57980929048,320.0005784085439,320.8146099238691,2520500
2021-03-12,326.7823486328125,327.51666656589833,323.08330782969784,324.16642327957885,2088700
2021-03-15,324.81817626953125,328.5447530312725,322.67950810134664,327.6085289816951,2343400
2021-03-16,325.47894287109375,326.17650981413,323.0098533734078,324.4968085034779,2904200
2021-03-17,323.2577819824219,328.66408873094497,322.93651956247817,326.00225212967297,2633100
2021-03-18,332.317138671875,334.4007360224863,323.40456669099956,323.8910400614564,3311600
2021-03-19,335.5572509765625,340.03649241037954,329.5268241556449,332.19784791256524,8572900
2021-03-22,336.7320861816406,338.3108345390754,330.5364211527934,335.02484970803414,3505200
2021-03-23,338.2373962402344,341.0277478678665,337.0625157672356,338.55865852821626,3100100
2021-03-24,340.1650085449219,343.10219629670075,335.49302090526555,335.9886540063458,3407800
2021-03-25,340.61468505859375,341.5509087242372,333.54705493115176,340.1649346718669,3021500
2021-03-26,345.5621337890625,346.09448980168594,339.88047635867764,341.15631005017775,2959800
2021-03-29,347.93023681640625,349.25198111462186,344.19447302893076,345.45195925441067,2740400
2021-03-30,342.8819274902344,348.682913428887,341.266455960137,346.54424559487865,3066000
2021-03-31,341.51422119140625,346.03934435641764,341.266376677992,342.1842529229692,3356500
2021-04-01,336.92486572265625,342.0833261319479,335.7224499907265,341.6335757011632,2977700
2021-04-05,339.7794494628906,342.02825765175334,337.448063777942,339.26544096452693,2709400
2021-04-06,334.4466247558594,339.421527248734,332.93213427381653,338.49446310621283,2698600
2021-04-07,335.6123352050781,335.83261657407013,330.94031975058,334.28140324090145,2158900
2021-04-08,334.9239196777344,336.778019847663,333.2900728600159,333.2900728600159,2426700
2021-04-09,345.3968505859375,345.6813900063494,336.8606119508559,338.09975059436454,2483200
2021-04-12,345.3785400390625,348.6369901428938,343.3133180830486,343.7263736787976,3057300
2021-04-13,343.7447509765625,348.15973472282866,343.58869964577684,345.35103485963054,2652300
2021-04-14,344.781982421875,346.96653315265553,343.8181952110994,344.51579037188515,2805600
2021-04-15,357.9810791015625,360.138066807139,348.79312492605544,348.79312492605544,4488300
2021-04-16,358.8988342285156,361.56985772113103,353.80460376931035,361.56985772113103,4532400
2021-04-19,357.8249206542969,361.083398574022,356.567434509444,357.9717842348338,2965400
2021-04-20,363.96551513671875,365.2046538359758,357.4394276047227,357.8432674362481,3348100
2021-04-21,366.0582580566406,368.5090001903072,362.9650192968079,366.1041406687373,2473300
2021-04-22,363.9747009277344,366.01238757461175,360.8998095085623,365.71866041564334,2718600
2021-04-23,367.43511962890625,368.97714534289315,362.10225969284363,363.13027683550155,2263200
2021-04-26,363.3504943847656,367.15051566737645,362.7538803990784,366.97611693152555,1642300
2021-04-27,362.1022644042969,363.7819660054296,360.08292498253996,362.2491279996398,1758500
2021-04-28,362.18487548828125,364.3877734295319,361.0008069904543,362.72641924803355,1886500
2021-04-29,368.5732421875,369.1331613345799,363.7543912839805,364.1674468516848,1996500
2021-04-30,366.0491027832031,368.8578023697827,365.63607520362683,368.0684420990156,2328100
2021-05-03,372.5660095214844,373.3645574741517,367.6370179421678,368.0684209525168,2568500
2021-05-04,377.5592956542969,378.5965005248151,370.36314764627593,372.1805531017176,3237200
2021-05-05,378.6239929199219,378.85346200654004,373.39208654048315,376.7882402269768,2767600
2021-05-06,380.8910827636719,382.61669447851625,378.67899778975817,379.0828655532902,3058700
2021-05-07,383.3510437011719,384.60852979171284,380.0650587640947,380.9186770284435,1851000
2021-05-10,386.32501220703125,390.9969997309259,383.8742698891742,384.8380289065381,2489300
2021-05-11,377.88970947265625,387.61001678571404,376.88919958798965,386.4259484354497,3024000
2021-05-12,372.07952880859375,377.10950125406157,371.44619189079594,375.67761639939613,2888100
2021-05-13,375.00750732421875,379.248090991488,371.11572110341046,372.9147506568121,2637500
2021-05-14,376.14569091796875,378.7065735999049,374.9524629503335,377.23796593956524,2072900
2021-05-17,375.0719299316406,378.6332957201319,375.0168595750245,375.69607931420444,1583900
2021-05-18,376.67816162109375,379.0462706602406,372.90567464950385,376.0448245967492,2694800
2021-05-19,375.87042236328125,376.99023280066683,371.05157079452124,375.8612346347508,2783100
2021-05-20,375.0810852050781,379.84483870838613,374.7873579876278,375.8979807651109,2105800
2021-05-21,377.82550048828125,384.2506358575334,375.83369619881154,377.02695243135014,4295400
2021-05-24,377.20135498046875,379.90907382065876,376.2559433156961,378.50472391063005,1883600
2021-05-25,379.12884521484375,379.8723228763669,375.3105039461801,378.02741031435573,2285600
2021-05-26,379.27569580078125,381.19405409720866,377.25638454676715,378.2568664519069,1903900
2021-05-27,378.8074951171875,381.0195519700514,376.67801574440773,380.8451812734694,2041800
2021-05-28,378.09161376953125,381.3500633950704,376.3476264091297,378.80755615540505,2367900
2021-06-01,373.3186950683594,379.7530176742435,372.80468651901776,379.7530176742435,2199600
2021-06-02,372.5201721191406,375.53999355808656,371.32691589758116,375.53999355808656,2232900
2021-06-03,374.4568786621094,376.1090731228896,369.7573555948863,370.363157429369,2281200
2021-06-04,372.327392578125,377.2471965869426,371.4186759035819,377.21047368813163,2990900
2021-06-07,367.3800354003906,373.76844741076667,365.94815043274366,373.5389783068314,3353800
2021-06-08,368.7476501464844,369.67471425947434,366.0032087174808,367.8114263173672,3051300
2021-06-09,368.1602478027344,372.4559028439012,367.6370515061988,370.207094348427,1925700
2021-06-10,368.5181579589844,369.7664843309522,365.7461815325608,368.90367834173753,4033600
2021-06-11,365.21380615234375,370.23456250833124,362.3591963583116,370.22540279326535,3094300
2021-06-14,366.37957763671875,366.66411710345886,362.6805365577304,364.6723128249111,2674900
2021-06-15,367.40753173828125,368.5273419675787,363.9104252048528,367.11380459356275,2845800
2021-06-16,364.6264343261719,370.0418999951996,364.09407828891,368.16026440209106,3330800
2021-06-17,364.7181701660156,365.3790422528371,362.20316994072584,363.4790315018051,3532000
2021-06-18,358.7024841308594,361.733365433154,356.74946380464866,356.7770998238325,5521400
2021-06-21,366.7172546386719,367.7582581825932,358.56429188814394,358.70247197938227,3839300
2021-06-22,367.2884521484375,369.0940711089119,366.486979430256,369.0572137098122,3964600
2021-06-23,364.4049072265625,367.5739682495597,364.1377403301134,366.486914138426,2942100
2021-06-24,367.4542541503906,370.48513551730696,365.5841418418587,366.9475844165648,3309100
2021-06-25,373.055419921875,377.68924693817786,367.59245603532463,368.58740903403816,16928900
2021-06-28,369.8403015136719,373.09227142515965,366.5883316021841,373.05544213705764,3193300
2021-06-29,366.7449035644531,371.4432236296018,366.1737404245957,370.310090613656,2458800
2021-06-30,368.9006652832031,369.7850461749357,365.5473443930264,366.2290798491609,2875600
2021-07-01,373.0000915527344,373.29486636528526,370.16266258454107,370.36533608226915,2678100
2021-07-02,377.1180114746094,377.5878518975319,372.0696447283582,373.18433494667164,1982400
2021-07-06,377.9471740722656,378.77628278810874,373.75552360301646,376.48240878101944,2615300
2021-07-07,379.23687744140625,379.7159111296307,375.12816341091354,378.03005778645445,2270400
2021-07-08,377.66156005859375,378.47222594880026,373.1751070180165,376.42707629792204,2032300
2021-07-09,379.6514587402344,380.7016837763866,378.29726558407793,380.03839115196376,2078900
2021-07-12,383.2719421386719,383.603574390381,377.9932372206357,378.6473084597008,2802600
2021-07-13,385.57501220703125,386.6344304266096,382.9678925728625,383.58513448594914,2948900
2021-07-14,382.0743103027344,389.25076353159096,380.7938038634355,387.6293753530668,3538700
2021-07-15,386.966064453125,388.5137658749012,375.1281769985019,379.46720070983633,3546500
2021-07-16,386.64361572265625,389.0296188669604,384.74586761384364,388.17284612517403,2625400
2021-07-19,376.84173583984375,386.4871019421351,374.76894966984383,384.3774583683148,3611300
2021-07-20,380.4437255859375,384.8288282415951,378.26958890035786,378.62888527889885,3186700
2021-07-21,381.98223876953125,384.3682424464585,378.47229519704496,384.2116195749252,1863700
2021-07-22,383.023193359375,383.9997035947792,381.143887687819,383.25350290761105,1421900
2021-07-23,384.8012390136719,386.3120551665923,383.22590132013937,384.9854698004392,1611700
2021-07-26,380.9688720703125,384.77359052400243,378.5367896065064,383.999725657184,2232600
2021-07-27,382.4059753417969,382.55337682473476,377.21017849557876,379.55013135203603,2630600
2021-07-28,376.94305419921875,381.8440201545802,374.7596960058481,381.8440201545802,2446600
2021-07-29,379.6238098144531,380.08442889592345,376.25210287837297,378.8868305296836,1597300
2021-07-30,379.7527770996094,381.1806849330656,377.9379368874987,378.4077773228742,1864200
2021-08-02,382.8389587402344,383.6404314618047,380.2963323568044,380.9964823728696,1806500
2021-08-03,388.67041015625,388.8915264526644,382.3875585745477,383.0692939937151,2496500
2021-08-04,388.3387451171875,390.29176553464436,386.65286352633683,388.80855746526316,1995400
2021-08-05,378.80389404296875,388.9927851113941,375.763819578977,388.8177476244537,3598600
2021-08-06,382.4244079589844,383.94444540941083,379.55937057022487,379.55937057022487,1944000
2021-08-09,378.5091552734375,383.4470069126208,378.03012150447057,382.26782307719736,1509800
2021-08-10,379.3474426269531,381.070153461702,376.3902760502663,378.1774803025835,1441800
2021-08-11,375.6256103515625,381.32807638584666,375.4137435834942,380.49896772646474,1542600
2021-08-12,373.9858093261719,376.53765684328977,372.45655071417616,374.9439048172685,1939900
2021-08-13,377.40362548828125,377.7536723511995,373.94898260695476,375.0175940646307,1537800
2021-08-16,384.3497314453125,384.5432116841402,375.247894717617,377.5602112946445,2377500
2021-08-17,388.55987548828125,389.2231681656901,383.8155040316573,384.2484871421042,2258000
2021-08-18,384.4511413574219,388.38481844234155,384.23924644544394,388.1637302656407,3037000
2021-08-19,394.1885681152344,394.6123297521388,379.91857140754195,382.6638709552154,3204500
2021-08-20,395.8652038574219,397.38524105270216,393.2857485026405,394.61233357480086,2401900
2021-08-23,391.85784912109375,396.6482987849627,391.43408744061503,396.6482987849627,2375900
2021-08-24,390.0614318847656,392.39216318063455,388.5045372283282,392.0052308039408,1619300
2021-08-25,386.6805114746094,390.25492017408106,386.4133726397629,388.62433868784024,1939000
2021-08-26,384.0180969238281,388.20052565337426,383.81542342290857,386.7080963571731,1385400
2021-08-27,385.77777099609375,387.2425365630511,383.34568831694475,385.08684225051223,1621600
2021-08-30,385.3539123535156,387.4451409765464,384.9762294469524,385.7777021505629,1284200
2021-08-31,383.4838562011719,387.60179251793784,381.5953289357889,384.1563702797622,4249100
2021-09-01,384.478759765625,386.8002698565084,378.8499798706684,383.7325590894854,2034400
2021-09-02,390.33782958984375,390.9734861965366,385.29865551464513,386.1462070282219,3137400
2021-09-03,389.55474853515625,390.6049735152504,387.48196270871915,388.69800380757863,1604800
2021-09-07,388.06231689453125,389.001997721972,384.6905821734988,387.1963508567492,1920300
2021-09-08,382.6732177734375,389.5640627478445,381.5769418704248,388.0163890426373,2262500
2021-09-09,381.89923095703125,387.12266318795736,381.32806785143913,382.62701690478,3508500
2021-09-10,373.40338134765625,384.5802412226736,372.18307188812804,384.17347140283084,4215800
2021-09-13,383.2120056152344,385.3290537447194,375.75154030763935,377.1659809048185,3068200
2021-09-14,381.381591796875,386.0501629491139,380.29994741269286,386.0501629491139,2879800
2021-09-15,385.9853820800781,389.59084398176986,378.57112981629297,381.3630239626631,3180600
2021-09-16,385.35675048828125,391.4212821181626,383.61873931155276,387.97302099770826,2262700
2021-09-17,388.426025390625,389.28577728406464,383.62801510284834,383.62801510284834,4534200
2021-09-20,381.5294189453125,387.63090858881844,377.85001202964713,385.4306900043395,2799800
2021-09-21,381.1966552734375,387.15025524535287,381.07646943908367,383.66500711227656,2382200
2021-09-22,377.83160400390625,380.882349400946,374.35558130171756,374.35558130171756,3629400
2021-09-23,377.2121887207031,383.5170925208065,376.7314735905786,378.8484934822555,2681600
2021-09-24,376.33392333984375,377.0827713647443,374.6236732825981,376.2045119737503,1950400
2021-09-27,374.66064453125,381.02101449115275,374.3740605545077,377.0272898820085,2608600
2021-09-28,368.51300048828125,373.4866640432768,367.03383974063047,372.19240896882405,3115400
2021-09-29,370.1677551269531,371.49899676986297,365.90592547791306,367.0153029178847,2056300
2021-09-30,361.22802734375,373.015040354295,360.96917642182774,371.16609713695465,3779900
2021-10-01,362.79046630859375,363.95530981942636,354.18363599834123,362.0231671184147,3146600
2021-10-04,357.7797546386719,365.30493861741513,355.69969358695766,362.0415550736755,3074800
2021-10-05,363.71490478515625,366.1000576399105,359.84136599198774,359.933818807216,3269400
2021-10-06,364.4729919433594,364.9629608484111,356.6981810442253,361.2373407783581,2809200
2021-10-07,374.1336975097656,377.3416153449668,366.7471496547121,366.79339016596396,2813700
2021-10-08,377.6096496582031,378.2198042800412,372.2292465613282,375.71449422437735,2012200
2021-10-11,374.4018249511719,380.16129441706465,373.68073807626064,377.1844940949664,2164200
2021-10-12,372.783935546875,377.53573332442033,371.9241836916436,374.5126930017926,2415700
2021-10-13,373.0705871582031,374.6976665697449,368.04145826129263,372.87645597789344,3021800
2021-10-14,388.6109313964844,400.7585037369442,386.2442859728344,393.5106486004363,6038800
2021-10-15,395.7386474609375,397.97585340239107,389.6648610058973,390.1733092073258,3312000
2021-10-18,392.5491943359375,395.6739133997051,391.82810749142493,395.6739133997051,2232800
2021-10-19,392.3272705078125,395.50745513679806,391.42127816389905,394.59220904864384,1616800
2021-10-20,402.2284851074219,402.6352550100628,394.6015917518707,394.7495106448896,2764000
2021-10-21,408.87530517578125,409.0786900597966,402.21909825585607,402.6073887481162,2465100
2021-10-22,415.2356872558594,415.3558730836738,407.1927726631375,407.54407640209183,2736200
2021-10-25,415.540771484375,418.4528798820094,412.7211441110328,416.0122610749705,3553500
2021-10-26,420.3018798828125,423.1399869157481,413.7843366537537,416.4652992770802,3103900
2021-10-27,419.2294006347656,425.6637152141208,419.2294006347656,420.3017911000973,3520400
2021-10-28,421.0414123535156,423.3156049388648,418.34194245382736,418.785699046453,1672600
2021-10-29,425.69146728515625,426.54199362766724,418.8411288849358,420.0891712710326,2497800
2021-11-01,419.8117980957031,430.58191514860175,417.103102992523,426.9394946716601,2203100
2021-11-02,417.8982238769531,421.9658939938727,416.3635973640085,421.7994958474742,2600000
2021-11-03,422.78863525390625,422.96428713603876,413.275841659109,416.40056055687154,2438200
2021-11-04,422.2617492675781,423.87957492091726,418.0091733362729,423.0383021956641,2517300
2021-11-05,421.3834228515625,426.6621481026134,420.2463125592475,423.2508454383042,2905000
2021-11-08,427.6790771484375,429.13050443352074,419.99671986929553,422.3448857979346,2279900
2021-11-09,429.2784118652344,429.3893439480615,425.52505926219527,427.67906577078253,2657800
2021-11-10,425.1645202636719,430.8038031578361,422.14150802467145,430.23988897473805,2818200
2021-11-11,422.8441162109375,426.0427803314134,421.041385145817,425.25697375911375,2246800
2021-11-12,424.32330322265625,426.1815005720675,422.5575586959406,425.87643729107657,2609500
2021-11-15,416.7518310546875,423.602169736871,416.4745008297559,423.40803857941887,2849600
2021-11-16,415.6609802246094,423.7316286907724,415.42986228905346,418.7764454818812,3383800
2021-11-17,415.04156494140625,419.6731487946092,414.83818004677005,416.3728063949093,2281500
2021-11-18,415.5223083496094,418.6100405329149,413.34054040286384,414.83820829953135,2073800
2021-11-19,406.7676086425781,415.5038787950719,406.3053727236661,414.28356919811023,3536100
2021-11-22,404.4933776855469,410.2343393576383,404.3547125654749,409.3745874005531,2598700
2021-11-23,413.35906982421875,413.7195991463797,403.0696944406451,403.0789481864522,2857000
2021-11-24,416.1602478027344,416.9183214842493,411.98164523321947,412.90611707526944,2248800
2021-11-26,406.6843566894531,414.32972763772847,405.11274348442186,411.3159690228386,2480600
2021-11-29,417.8612976074219,418.8597148430093,407.2760830975747,410.05875253667887,4079700
2021-11-30,410.6688232421875,417.2603110340235,407.9231411410161,413.294319507301,7435400
2021-12-01,410.7797546386719,421.4851527979237,410.5948772249733,418.68400465602076,4325500
2021-12-02,412.3328552246094,414.06164099277925,406.04645898401094,409.67962597412765,4738700
2021-12-03,416.73846435546875,421.48719325216484,412.8893989782007,415.30084252708207,3038300
2021-12-06,426.74603271484375,428.2949484688055,418.7789227304148,419.3632440728995,4721500
2021-12-07,431.0310363769531,431.9770629112047,426.85734494785936,429.1946019584755,3105200
2021-12-08,434.8615417480469,436.0765757597683,428.9534540798049,432.29241294468505,3228300
2021-12-09,438.9981689453125,440.07405729939813,433.47032585314906,434.5554981350488,2977400
2021-12-10,443.5521240234375,443.78399577648196,436.85566666332795,437.7738697478935,2572300
2021-12-13,443.4686279296875,445.43489575299037,439.6381022622835,442.42981876024203,2724800
2021-12-14,444.6928405761719,448.01325937516776,442.57817167418756,444.9618196900314,3018000
2021-12-15,458.531005859375,459.47703236486717,445.32360066275226,445.7502367372304,4188600
2021-12-16,457.1212158203125,460.92391806966,454.57062664515524,458.1878484827395,4080800
2021-12-17,451.79742431640625,457.3716297677193,451.11109305252637,455.78563505850707,5707200
2021-12-20,448.65325927734375,449.8404414061342,440.7974439104139,447.0486967115044,3145600
2021-12-21,451.8809509277344,453.5411606476384,447.23426012409476,451.70472612650474,2536000
2021-12-22,458.2991027832031,459.52339227458947,450.66587546719626,451.8252340829817,1687500
2021-12-23,459.45849609375,462.02762479065603,457.0748478065835,459.1060465191924,1706500
2021-12-27,463.2797546386719,464.02173291382803,460.62715541556463,462.5192085086099,1349400
2021-12-28,466.47027587890625,468.67769928704536,464.1144511663502,465.59843590586553,1495500
2021-12-29,468.91888427734375,470.4399766060922,465.59849313493305,468.1769059687131,1573900
2021-12-30,467.8522644042969,472.30421902313105,467.12882567062667,471.0984689305759,1309800
2021-12-31,465.7283020019531,470.1152970789251,465.6355476477462,467.58327586747157,1695400
2022-01-03,465.85821533203125,466.4332528001954,457.2974992851332,463.7435458949367,3033600
2022-01-04,455.3033752441406,467.22158918502777,455.2848356933039,466.71148264276826,3908100
2022-01-05,454.1810302734375,460.9609567696001,454.1810302734375,458.89265093888673,3921100
2022-01-06,435.5942687988281,449.03357482747475,429.53777975274926,445.1937650179594,6555200
2022-01-07,425.3455505371094,434.03609933477014,422.5166981599138,433.7764041028803,5494200
2022-01-10,431.2814636230469,432.07908887275926,421.48720297159286,422.93408045614916,5831800
2022-01-11,434.9914245605469,436.3362920990686,427.2654699216555,433.3219591996618,3332800
2022-01-12,439.3691101074219,440.85309485802685,432.52425202755563,434.9635471849521,3502300
2022-01-13,433.53521728515625,441.99389372167644,432.19037819342816,441.381777244129,3005300
2022-01-14,434.7038879394531,438.8590399239714,431.3556451229558,435.8168836706486,3665400
2022-01-18,427.56219482421875,431.9399343071754,425.1136440244119,431.4391117396169,3938800
2022-01-19,428.98126220703125,441.01076931298144,428.0445196166105,434.06390098084205,4030900
2022-01-20,429.426513671875,437.43073161960166,428.4990266013094,430.706450358001,3228600
2022-01-21,427.7292175292969,436.6516384680014,427.6364631628823,429.89024991299743,4273200
2022-01-24,428.7493896484375,430.48381405103265,415.6347386656214,424.85396137343787,4780700
2022-01-25,423.713134765625,426.1709695217541,414.8370778625959,421.14400610426065,3428900
2022-01-26,425.1878662109375,430.2426817730817,420.56899898342283,425.2064340662496,4435900
2022-01-27,428.1280212402344,434.6946169974098,423.87085914392287,424.86324876035036,3508100
2022-01-28,432.2645568847656,432.46860514181304,422.08074019065367,427.9424643888744,3364400
2022-01-31,438.30255126953125,438.86830476992947,430.7249698026958,431.2814676799886,3500500
2022-02-01,434.44415283203125,440.5562882556938,429.1945734533101,440.5562882556938,3148600
2022-02-02,444.9896545410156,447.03013700065065,435.046994046587,435.046994046587,3026800
2022-02-03,453.3277893066406,463.91041887144405,448.5048741181043,462.49136496091205,4370900
2022-02-04,448.13385009765625,454.12540744167404,445.36992899426957,446.81680626861873,3066400
2022-02-07,448.62542724609375,451.9272783633428,446.3994360304909,449.7476784757799,2937200
2022-02-08,457.63128662109375,459.7274159438536,446.44579755839936,446.44579755839936,3534700
2022-02-09,461.9813232421875,464.60609924177095,460.302573880738,460.9610817865569,2818100
2022-02-10,451.42645263671875,458.38260481103663,449.8961048193,456.54617044734067,2626100
2022-02-11,443.4593200683594,454.86739772049486,441.891864928698,449.5343479968783,2493800
2022-02-14,439.9998474121094,443.09765073828214,435.29748131232964,440.6583552871462,2549500
2022-02-15,443.5521240234375,446.27893810361263,440.74183950872526,441.4281708402464,3001000
2022-02-16,445.2400817871094,446.7982813143181,437.2173256411605,441.02002764986094,2651800
2022-02-17,436.2342529296875,444.53527329632675,434.8894136985244,443.49649233567,2403100
2022-02-18,433.88763427734375,440.48208070054017,432.9786869469258,436.1507045247899,2992300
2022-02-22,428.9719543457031,433.31258603380604,424.62203873156176,430.19621548271624,3029800
2022-02-23,426.2915954589844,433.8042462613386,425.5681566886634,433.31267925464175,2840300
2022-02-24,422.8320617675781,423.4812856844021,413.41804607938866,416.92394580514065,3933000
2022-02-25,441.2519226074219,441.27974608412313,423.1473872809721,423.5369159547897,3314400
2022-02-28,441.36322021484375,442.6988037170139,431.84719483804554,432.069810958178,3918300
2022-03-01,441.71563720703125,442.37414498234125,433.8134589893494,436.74432099708736,2917600
2022-03-02,450.1836242675781,451.8438338479407,443.2367560086481,443.5149907742259,3675900
2022-03-03,451.30584716796875,455.74851734322374,447.25273394466956,450.7586332936563,3139400
2022-03-04,462.4914245605469,463.4281955643403,442.86579464541467,445.83376460902855,4170100
2022-03-07,451.5655822753906,463.7434908745,447.9947517347257,463.7434908745,4123300
2022-03-08,439.1279602050781,449.35814005645574,437.3286332708858,444.08073708524034,3849500
2022-03-09,450.3598327636719,452.3539239905979,439.2485292174724,447.58662761199867,3115500
2022-03-10,455.8041687011719,457.9095537943621,443.18105715464486,444.57228751777194,2834800
2022-03-11,449.18096923828125,459.3483947431177,448.8460994580888,453.79491044758106,2615000
2022-03-14,453.8786926269531,461.0135543254442,451.42286715521055,456.18564922213153,2704100
2022-03-15,463.17169189453125,465.06006120271013,453.31122971271606,455.81355537964936,3043000
2022-03-16,463.49725341796875,470.23212180522745,455.8228419345007,464.9576956038671,3497100
2022-03-17,471.6459655761719,471.7389944039857,460.6320280072288,461.39482465152497,2357200
2022-03-18,470.80877685546875,475.0506303560963,466.5669233548412,473.2459789189927,5065600
2022-03-21,472.2413635253906,477.20879671617735,469.1715823029395,469.77625553582624,2617700
2022-03-22,470.0646057128906,476.1390164961676,469.61808435660987,473.7390032402274,2752500
2022-03-23,468.1204833984375,471.6832581266467,466.35302055289606,467.2274405748743,2753200
2022-03-24,477.6366882324219,479.79483213378643,468.706431732621,469.76690927306163,2789200
2022-03-25,477.23675537109375,480.49256604184154,473.7111411933113,478.3157990687354,2551100
2022-03-28,477.3948669433594,481.0599817066709,473.311136606025,478.43672178986947,2643000
2022-03-29,475.09716796875,483.33903423280157,471.90645218902705,481.0227099894569,3478400
2022-03-30,484.4832763671875,484.83676895209487,476.72511907847854,479.1716329692045,3041200
2022-03-31,474.39019775390625,485.478570626186,474.1111396365865,481.0227250418006,3979700
2022-04-01,476.8274841308594,478.8646937909502,471.25537703668294,475.0507098184689,2344100
2022-04-04,474.43670654296875,476.72506831155,469.32974418491085,476.4739443898431,2657500
2022-04-05,481.6366882324219,488.1203747729288,472.5576193743236,474.4180824427265,3268600
2022-04-06,494.6507263183594,496.29725466199926,481.8600399302495,482.06466365957635,3955600
2022-04-07,499.4879455566406,500.72516967184396,491.52516411086367,493.0228235900447,2867000
2022-04-08,507.8692932128906,510.6692427931307,500.5576292770955,501.3948604747072,3986700
2022-04-11,499.94366455078125,509.40410385828636,499.19949063928254,505.6738661238342,3574000
2022-04-12,496.47393798828125,503.0041253476794,493.74836615688616,498.05528631966376,3575700
2022-04-13,499.5343322753906,500.7250558882535,491.7389875014609,496.11108705364995,3012000
2022-04-14,497.50640869140625,514.68775693438,496.8087350789597,500.92965373659155,4211300
2022-04-18,496.818115234375,503.25530209190083,493.37624691460934,500.37160680543417,2087100
2022-04-19,500.1856384277344,504.63211680298787,497.89724781400025,498.5019211804875,2207600
2022-04-20,507.9158630371094,510.10188500831816,501.3949291781599,504.31587059239314,2986300
2022-04-21,499.94366455078125,509.7669078023221,498.6320629997374,507.4413288433699,2539900
2022-04-22,484.5948181152344,496.1389664828105,483.8878330643402,494.93898824231513,3453300
2022-04-25,487.69256591796875,489.5437178194675,476.0274530637677,484.0925739701578,3030400
2022-04-26,477.9344482421875,489.5437211591751,477.683267526076,487.6646350424421,2895300
2022-04-27,477.9623107910156,484.55767801919757,474.2506956774191,478.98554287168065,3353700
2022-04-28,487.8320007324219,489.5622745203366,477.3668960699629,480.7064522284979,2582700
2022-04-29,473.0692443847656,483.62740656540484,471.5901796237875,482.65061801440316,2873200
2022-05-02,466.1855773925781,477.68325514317775,458.9204706069244,475.17161837767503,3184300
2022-05-03,464.76226806640625,470.2506283636455,462.7715873730704,466.16692674766995,2763400
2022-05-04,472.2042236328125,474.20421616358414,458.6879578060898,464.650746569072,4002600
2022-05-05,460.2041931152344,475.04139896865274,455.0972305509819,471.8227770892901,3359700
2022-05-06,464.76226806640625,466.57623088805923,451.1622877690002,451.17159916850414,3260300
2022-05-09,452.4833068847656,460.12050103907507,450.63212653495293,456.185610807555,3862700
2022-05-10,453.96234130859375,461.72046960164295,447.5530318295579,459.3576733414795,4275500
2022-05-11,452.2320861816406,465.5995097172859,450.59489787150335,450.59489787150335,3936300
2022-05-12,445.3949279785156,452.9205274365377,438.5298418576109,452.18563644251367,3997600
2022-05-13,451.5343933105469,453.0227694834526,442.6134760614147,447.4227857150058,2453400
2022-05-16,455.0879211425781,460.9855862958076,450.3716399447547,451.54374088794356,2338800
2022-05-17,458.1670227050781,460.20423241978136,454.38097283451833,459.53446445346225,2289000
2022-05-18,438.4925537109375,455.07856979926976,435.6832362541142,454.1948668575413,3240500
2022-05-19,445.1623840332031,447.98098504587944,431.0042559353551,431.9252046542431,3813800
2022-05-20,451.84136962890625,453.4599634008753,439.3576500512076,447.79485681057037,3068200
2022-05-23,457.74835205078125,461.1530031045675,452.362331540399,452.362331540399,2279800
2022-05-24,462.8460693359375,463.32977958647376,454.56701311696054,456.5484111242632,2658100
2022-05-25,463.33905029296875,467.26462874708676,456.9855810099589,463.7390430643439,3161600
2022-05-26,467.1902160644531,471.86927977051994,464.56695619888336,466.73438328669573,2705800
2022-05-27,471.729736328125,471.729736328125,455.24605951444084,456.74371877441024,3349100
2022-05-31,462.1204528808594,468.9390380145393,461.07859803152803,468.48323361506067,4003100
2022-06-01,458.1855773925781,466.3995385720817,453.7483827432015,463.5530320591357,1765900
2022-06-02,457.9158630371094,461.534449566881,449.27400264610293,459.53445710131,2093500
2022-06-03,451.7297668457031,457.3669966237228,451.0693103391659,454.259998007154,1756900
2022-06-06,455.9809265136719,459.1902369428026,452.362340291027,455.28325280198396,1781500
2022-06-07,462.41815185546875,462.8925506856256,453.134429909921,455.3483857453751,2341900
2022-06-08,459.09722900390625,463.16233680692466,454.464665127572,459.5344390186712,3268100
2022-06-09,455.28326416015625,461.82279144531884,453.590235764337,458.4925746693512,3148800
2022-06-10,450.8181457519531,455.9623253747068,447.37627746970185,450.9762692267567,2599900
2022-06-13,436.9297790527344,447.7576597474277,434.6600117546619,441.98092965615683,3764600
2022-06-14,429.53448486328125,436.4460995390358,425.5065941176764,434.88331710575847,3814200
2022-06-15,431.9344787597656,436.29726776433824,424.6507769386661,431.8135724833606,2550700
2022-06-16,425.7823181152344,427.3880233768983,420.7318151031966,423.2710692730452,3135600
2022-06-17,422.0201721191406,430.7955273010577,419.81701008391553,420.797225169313,5277400
2022-06-21,448.4023132324219,452.88333754337,426.7253018611366,427.3881137489982,5726800
2022-06-22,457.14031982421875,462.96568562417764,443.00640116053114,444.10798226914306,5061000
2022-06-23,466.59722900390625,470.11669927410276,459.2688619975325,462.0601935121886,4687700
2022-06-24,462.7042541503906,466.55047158937947,454.22761301759385,466.2517290627489,15861100
2022-06-27,472.058349609375,477.87436962866747,459.8475137995885,460.0809010292441,3907100
2022-06-28,474.6535949707031,484.1477711289856,471.51685591833086,478.0517265699689,4978200
2022-06-29,481.4405822753906,484.2318847091284,472.38514544837636,475.036421228017,3823400
2022-06-30,479.49871826171875,482.00996704102147,475.84853870336565,479.42401839672965,3568900
2022-07-01,483.0182800292969,483.13964595880685,468.93100041314557,478.27583510955697,2426600
2022-07-05,471.6662902832031,477.04354166998877,459.5394978220195,473.90683068746694,3029600
2022-07-06,481.0484619140625,483.0275813106642,470.78876713223207,472.0397479105009,2506700
2022-07-07,480.198974609375,482.92492193629994,478.19182131955546,481.01115774095643,2385400
2022-07-08,484.1665344238281,493.2592927924166,477.0528954259286,478.2664977601345,3092100
2022-07-11,482.59814453125,486.8177470693374,477.79968921908346,480.64700214097616,1743600
2022-07-12,480.2362365722656,484.6426172608045,476.6887619458093,479.14400025117885,2706500
2022-07-13,467.93206787109375,477.84635318907647,467.8854018193263,474.3082231713743,3467700
2022-07-14,469.04302978515625,472.2731299241525,459.5675128795005,462.106767367043,3765500
2022-07-15,494.5475158691406,496.6386562296527,481.1977783703738,491.10271824583054,5742500
2022-07-18,484.85736083984375,496.7974325610417,484.27856499279966,495.7145407444369,3212000
2022-07-19,498.0017395019531,498.3658372972639,485.9963126981343,486.463087211309,2953500
2022-07-20,484.95074462890625,498.5619070505792,481.4592799603903,498.00180035804846,4327500
2022-07-21,487.7419738769531,487.75126150324473,477.17419359824504,484.87597194540336,2667600
2022-07-22,486.76165771484375,492.54032710136624,483.95172367226354,491.0466718039477,1850300
2022-07-25,494.2861328125,497.47891123113703,489.3850008487372,491.13078979774355,2337200
2022-07-26,496.265380859375,501.9133414015101,495.7425956533775,498.3284878608744,2637800
2022-07-27,499.0846252441406,502.11865954295155,492.9512013779502,498.0857209605533,2268100
2022-07-28,505.5074768066406,508.1681258437762,496.405373373978,501.77328052657396,2344500
2022-07-29,506.301025390625,507.7106366172869,501.02645037740314,504.12584011321604,2945700
2022-08-01,499.8035888671875,507.524059194848,495.71463870147363,506.2357567054136,2335000
2022-08-02,499.8780822753906,504.611181730726,496.3865617519025,501.8291674421788,2114200
2022-08-03,504.72320556640625,507.4958182844842,500.0927827851773,501.55846130854593,1802900
2022-08-04,498.28167724609375,504.5177764582341,497.3574730410509,503.4535171399979,2368000
2022-08-05,499.5047302246094,499.9154940675347,492.5031126606383,494.78097452062264,2373400
2022-08-08,500.94232177734375,505.3300130455015,497.97364308424216,504.03236638695955,1656400
2022-08-09,501.55853271484375,509.47500980982096,500.73700505638675,504.1164477962317,2147200
2022-08-10,501.9879150390625,505.96484269063524,498.3377637082212,504.35916584351907,2291400
2022-08-11,497.4508972167969,502.8374930800329,494.4728736829893,502.47339530176777,3006200
2022-08-12,507.5706481933594,508.22414394779906,498.9353191693078,500.0182110354798,1981000
2022-08-15,508.4481201171875,510.847347785999,502.7721264764946,505.675450072016,1447300
2022-08-16,509.829833984375,511.06212564368366,506.3477140470896,508.9803293675242,1773000
2022-08-17,508.7843017578125,511.3888834505863,505.58223491637807,509.00834444373027,1471700
2022-08-18,508.989501953125,511.70616115010114,505.8154698928969,508.7934931516317,1486400
2022-08-19,511.8835144042969,516.3738821123517,508.61609341567026,509.2508997988017,2258000
2022-08-22,508.3829345703125,513.0040148687564,505.37687628120375,505.41425471890216,1672900
2022-08-23,500.19549560546875,507.1877678389854,497.77763583203216,507.1877678389854,2039600
2022-08-24,500.8116760253906,503.9857081777842,499.46736329634615,501.01702943849943,1761200
2022-08-25,505.5821228027344,506.00223123533044,495.94789058943775,499.458043835287,1965800
2022-08-26,494.0807189941406,507.0943919823883,493.11913634778256,506.22619840674486,1906700
2022-08-29,494.5663146972656,497.48832787809215,488.1248032489517,491.0468164297782,1594000
2022-08-30,488.0967102050781,495.79848828700955,487.11643832030103,495.16362492150233,2013400
2022-08-31,484.8199768066406,492.0736131725375,484.66123246506663,486.2109555814085,2891300
2022-09-01,489.1796875,489.4224193623958,480.8617907853527,484.82002952171644,2085300
2022-09-02,482.0379638671875,494.5848636784517,479.6667701139994,494.4261763156588,1944200
2022-09-06,483.27960205078125,492.4003933077229,482.57009574904555,485.3800871380913,2711900
2022-09-07,487.01385498046875,488.7129210660093,480.47901171884115,482.64485232306936,2504400
2022-09-08,492.4564514160156,493.3713112199311,484.33456356661884,486.3323721394193,1557500
2022-09-09,491.0330505371094,494.301350615986,489.3848396054115,494.301350615986,2495500
2022-09-12,497.5040588378906,501.0346000495518,489.3098743393842,491.651069910386,2792000
2022-09-13,481.3123779296875,491.894570634745,479.4487667939892,490.7145989042981,3172500
2022-09-14,477.38848876953125,482.6421464101545,473.9516297290856,481.3498019024382,2648100
2022-09-15,489.6938171386719,494.4417687307741,481.4809417439376,483.5037096167741,3058100
2022-09-16,487.9239807128906,489.6096303544727,484.2342536330003,485.58278477788673,3981700
2022-09-19,490.2931823730469,490.71460902233815,480.38522636218363,485.64828677722363,2130800
2022-09-20,489.5908203125,491.34203007681,482.1083681998851,490.9393512861068,2421700
2022-09-21,479.5517272949219,494.46981675070714,479.4955408945608,491.6791302692945,2427700
2022-09-22,484.5900573730469,487.8770480282673,473.9609949066663,478.5684804861957,2285600
2022-09-23,480.98455810546875,481.967848791049,474.21383896048843,480.9377456267447,2536900
2022-09-26,476.0680236816406,480.0106173120041,467.30260182231416,475.15966730235857,2867400
2022-09-27,476.0774230957031,483.9625536204757,471.59168446719275,477.9503795159024,2583400
2022-09-28,481.2936096191406,483.4756198349596,468.9882723218831,474.30749023149514,3027300
2022-09-29,476.5082092285156,482.0709208271608,470.5522213532566,482.0709208271608,2392000
2022-09-30,472.958984375,483.73782962137494,472.77167729298753,478.6340402955896,3116000
2022-10-03,482.7638854980469,484.9177739240669,473.2960760453221,474.8693525606261,2562400
2022-10-04,489.93731689453125,491.26715718194356,484.0000767150993,485.4234848074842,3189800
2022-10-05,493.5895690917969,495.72470965416335,487.0904081322498,487.90513958924276,2281800
2022-10-06,486.1539611816406,495.0036921246636,483.91576443382917,494.76957256086985,2187300
2022-10-07,472.7810363769531,481.50899169116826,469.2317759113045,481.50899169116826,3273700
2022-10-10,467.17156982421875,474.1483448716614,463.5754964369589,473.4834532540327,2459100
2022-10-11,468.0611572265625,474.63522376686177,463.7252586771146,465.4015626227622,2844500
2022-10-12,468.2016906738281,475.96510391242856,466.5628536214981,470.2338611934995,2254300
2022-10-13,477.5196228027344,480.8534544718663,456.7578876465077,462.1051989739884,3999700
2022-10-14,480.5350646972656,496.24913921548557,479.4112794224697,486.9686653768079,5628900
2022-10-17,488.7292175292969,491.00485255636244,482.5484846526809,484.85218430181186,3282300
2022-10-18,489.03839111328125,498.20649379626127,485.4048504580587,498.20649379626127,2345500
2022-10-19,487.26837158203125,490.54604546835253,481.91168625131877,488.5981546973574,2500500
2022-10-20,487.7927551269531,495.79025814421493,486.76265200030775,489.8248967572728,2390800
2022-10-21,499.82635498046875,502.44853895128466,485.1049491301883,485.15176159579335,2896000
2022-10-24,507.196533203125,511.7665510579062,503.63792773472034,503.89079512083674,2627100
2022-10-25,505.9041748046875,509.3691552272533,499.9856834760225,503.62853986690004,2411900
2022-10-26,508.6669006347656,512.8529883450408,505.89496145651555,506.9906250598617,2863500
2022-10-27,507.38397216796875,511.804179820397,505.4735768597936,511.804179820397,2212100
2022-10-28,516.2243041992188,517.8725152012132,509.15390425693454,510.3525667941389,2761900
2022-10-31,519.8859252929688,522.6484904143123,515.1847861698151,519.7454306917053,2770400
2022-11-01,512.5438842773438,520.3915762107256,509.6501414732875,519.7454039627186,3338900
2022-11-02,508.91033935546875,519.3520941074331,508.5732209227437,509.82806969725146,2696200
2022-11-03,509.0789489746094,513.0683556311177,503.9470662413876,507.3277391467954,2245300
2022-11-04,503.9844970703125,512.9653488738793,493.655171423007,512.3004287219544,3513100
2022-11-07,510.39935302734375,512.2067490454083,501.45594073315544,503.98444323627433,2540300
2022-11-08,517.919189453125,519.5580260891404,507.5711181259023,512.3003209867866,2797000
2022-11-09,506.3163146972656,519.3801979538089,505.17383864738844,518.6029621460126,2672600
2022-11-10,509.6033630371094,516.6550718302586,500.0325825750913,514.0610087375935,3426400
2022-11-11,488.9165954589844,511.5793812217489,477.2761487415463,511.5793812217489,7034300
2022-11-14,481.1156921386719,495.37823733474215,480.797264389933,488.8416375598768,5238400
2022-11-15,471.0578918457031,483.8220938323314,468.9601613182384,480.2353664490822,5103800
2022-11-16,479.02728271484375,481.47150549496985,473.3616014606038,473.7549348499388,3430800
2022-11-17,482.57659912109375,493.5052841675043,479.62666980458783,479.62666980458783,4246300
2022-11-18,496.33343505859375,499.1428695966612,486.4629756250963,488.95398243262235,3566000
2022-11-21,484.337158203125,498.1595854565271,482.64213496264153,495.40633728688124,3349600
2022-11-22,489.8624267578125,491.33264729262703,486.8843756612841,486.91249744431525,2567400
2022-11-23,496.0618591308594,496.745469886625,489.77807019636083,491.6510264877427,2238300
2022-11-25,503.4693603515625,506.4941663768576,498.6933448212977,500.0793141429409,1419200
2022-11-28,498.45928955078125,505.3049431776443,497.9161161689976,501.79314978852653,2699900
2022-11-29,494.4604797363281,499.11474886159834,490.38682251082815,497.8973386575023,3751000
2022-11-30,512.9652709960938,513.2649508574601,493.97346703338496,496.07116890486043,9688900
2022-12-01,502.80450439453125,517.8724643569379,501.76502727081737,517.2731045681298,2997800
2022-12-02,503.6499328613281,505.9513886681533,500.15552244518545,500.52188856973675,2346200
2022-12-05,502.59783935546875,507.6140737863127,498.69010610172796,499.26310500335046,2424800
2022-12-06,506.6183776855469,507.81138967437164,501.84638706454194,502.01546589744487,3097700
2022-12-07,509.9906311035156,512.8087261266168,506.90954369208924,508.0461959917511,2849100
2022-12-08,514.6968994140625,517.8625551520489,510.8079715506243,511.82244455797627,2272300
2022-12-09,506.5057373046875,515.2324195445933,506.19573072896384,514.7063773155819,2852400
2022-12-12,512.76171875,512.9684088451312,506.58073888988434,508.9948562673033,2714100
2022-12-13,505.5849304199219,517.5806381000616,502.6541166261249,517.1767180879857,3369700
2022-12-14,505.716552734375,510.5260971862905,499.3382847082176,509.0700928308987,2654600
2022-12-15,495.68408203125,501.6866377262565,493.608064884513,501.61147247785493,2963800
2022-12-16,491.9454650878906,493.92751149023576,484.44929335301606,493.30755581339,7109100
2022-12-19,491.85150146484375,495.24265276059845,489.34341291541966,492.79086648470354,1808100
2022-12-20,488.66705322265625,495.03591766481685,488.1879679325696,495.03591766481685,2086100
2022-12-21,495.5525817871094,495.87199110796234,486.68497406682206,491.87968993588686,2182000
2022-12-22,495.12994384765625,496.93350866971423,490.00099009215376,494.5568875995566,1851600
2022-12-23,499.09405517578125,499.09405517578125,491.19402013049563,492.32121235186537,1292300
2022-12-27,499.7328186035156,503.3494085538985,497.7225635766394,501.55518914795863,1596700
2022-12-28,496.407470703125,505.5193231286206,495.7310980552498,502.6260627293896,1694200
2022-12-29,497.750732421875,501.32030796674326,496.7925617717547,500.2494181029959,1379700
2022-12-30,498.03253173828125,498.3331354201575,493.0163547160894,497.86345291740525,1849600
2023-01-03,487.19232177734375,493.7584745524907,481.1051970350663,493.28879200967,3525600
2023-01-04,473.9096984863281,487.19233491573004,470.24618028695954,487.19233491573004,5070400
2023-01-05,460.2512512207031,471.6457528575568,458.87978639563516,470.63125130670437,5497100
2023-01-06,460.2889404296875,462.984913922603,457.9781101024957,461.78252763306455,4841300
2023-01-09,460.34521484375,469.6731025197541,458.91739034767846,462.5527283522928,3702800
2023-01-10,456.531494140625,460.7304577951477,453.4127947490954,459.2086907347565,3164000
2023-01-11,463.4826354980469,465.5492497429928,455.5919760787707,455.8643999263185,4274200
2023-01-12,465.6150817871094,468.489536514883,455.79870565653573,460.28886939908995,3726800
2023-01-13,459.8849182128906,478.6064553057773,456.53137836821935,456.63469475535754,5390100
2023-01-17,455.6672058105469,463.05063033404923,454.44604265888665,461.416144248903,4495600
2023-01-18,447.3631591796875,459.819147717282,445.9635145633905,458.45705705902515,4398200
2023-01-19,454.9908752441406,456.89781395602864,448.4435278856691,448.89440479577996,4549600
2023-01-20,457.2077941894531,457.46141245269837,449.9558942872401,456.0899473987915,3525900
2023-01-23,456.3529357910156,460.3828199100791,452.20095829501395,457.17017880340234,3418700
2023-01-24,461.7919616699219,469.92686815800704,450.8953190592267,469.92686815800704,3036300
2023-01-25,462.6372985839844,465.3238689332974,456.2778073581399,459.61254190137885,3037300
2023-01-26,462.6184997558594,466.3477800673025,460.8336832672212,462.63727673626505,3005000
2023-01-27,456.578369140625,463.4545281574478,455.09418498149194,463.4545281574478,3177100
2023-01-30,456.33416748046875,465.22055305673,455.40417656323245,458.2316746104212,3606900
2023-01-31,468.921630859375,474.84902189570045,463.2290810801691,467.8037841821144,5567000
2023-02-01,466.8644104003906,473.79692876732474,465.6150675494827,469.6355486493033,3451200
2023-02-02,442.28125,464.98571669966805,435.7620826891378,464.29059571081626,11169900
2023-02-03,443.39910888671875,449.74922620358694,441.26676040726574,446.41449153006135,5440100
2023-02-06,446.4238586425781,449.9277007676371,442.450362637095,443.38032490779995,4174200
2023-02-07,447.9643859863281,449.0916067865435,440.59036499961377,442.4784978239413,3394600
2023-02-08,453.91998291015625,455.62963418994343,446.30171740909714,446.63990373572864,3466400
2023-02-09,456.2777404785156,460.0070204194463,453.1496391894406,456.18379825152925,3664600
2023-02-10,464.2811584472656,465.60566655785544,459.11465086717465,459.47161415945146,3418100
2023-02-13,465.3144836425781,469.56040335197923,461.94216655029726,464.0463350905815,2589000
2023-02-14,462.9472961425781,467.75686960275124,459.4340797925627,464.3187898482495,2072600
2023-02-15,461.46307373046875,462.0078928375631,458.7765034889295,459.96008394010573,2242500
2023-02-16,457.799560546875,464.04633236450644,457.7243952896514,461.3691362520512,2611500
2023-02-17,468.8182678222656,469.17523110614275,457.7995348077089,457.8277146107968,3891500
2023-02-21,461.51947021484375,470.99766074113694,460.75858676859775,466.58266192142094,2877300
2023-02-22,459.2462463378906,463.94307213283076,459.03958485622724,462.9285417075199,2982800
2023-02-23,461.87640380859375,463.4169475839469,456.40929233652315,457.1513987529538,2511800
2023-02-24,454.9626159667969,462.64664308446237,453.72267601342975,459.894281979736,2940400
2023-02-27,454.013916015625,461.17187300219246,452.7363646599292,459.1334382608157,3006200
2023-02-28,447.0813903808594,454.0514627829649,445.1838833586425,453.4033272922592,3902100
2023-03-01,446.4050598144531,449.4016366146852,443.3803032094317,444.89266717836927,2996900
2023-03-02,448.7347717285156,451.29922040166514,444.55458508232846,446.39573286484756,2188800
2023-03-03,449.54254150390625,450.04980666387877,445.46570057736363,448.960139752564,2863300
2023-03-06,451.6279296875,454.9814698116728,449.9558610374288,452.1821516295136,3812700
2023-03-07,445.1463317871094,454.4836230404956,443.90636299278685,453.69455980787603,2589200
2023-03-08,442.0651550292969,446.5647212055386,438.4579970301358,443.1454189977174,3036600
2023-03-09,436.72015380859375,445.2120208174151,435.6304870478348,445.2120208174151,2780400
2023-03-10,433.9580383300781,441.99936008881286,431.37502001313806,436.2582549222619,3787500
2023-03-13,437.1161804199219,443.4229186022445,432.3743457739303,432.3743457739303,2971600
2023-03-14,437.96453857421875,442.9232062234535,432.7513493846452,438.0305352299819,3258200
2023-03-15,438.7658996582031,442.01826356613964,432.93051725305156,434.5802612241857,3770200
2023-03-16,444.9784240722656,446.26996227421864,436.5694582858656,438.0872091464059,2940500
2023-03-17,442.6026916503906,444.9689048097823,439.5860057800048,444.3844287550916,5290000
2023-03-20,449.63531494140625,452.331482668463,443.07405612314267,443.07405612314267,3119400
2023-03-21,452.59552001953125,453.8681855198071,448.4664415724937,450.98349239611736,3163300
2023-03-22,448.27783203125,457.91233761760043,447.61795172871956,454.33948437736603,2632200
2023-03-23,442.9892272949219,453.1328045216528,439.9348535655196,450.05955816427894,3284900
2023-03-24,448.7209777832031,449.56000434149604,440.80221152354403,442.1125935588317,2533200
2023-03-27,454.2923583984375,458.4308728896221,451.17198774844405,457.7332472890275,2271800
2023-03-28,445.5062561035156,456.0740648592352,443.7245476559331,454.3866044760192,2369500
2023-03-29,439.8594665527344,448.6172586933968,438.313435667768,447.8913529026401,3733200
2023-03-30,443.130615234375,443.460569752505,434.6650622967694,439.84056390528315,3324600
2023-03-31,445.5157165527344,448.73036399924086,443.1683757455377,444.5070090399644,3996700
2023-04-03,465.8782653808594,467.7071266847546,455.79124803542703,457.4033042616731,4729100
2023-04-04,464.9921569824219,467.67888883338344,463.662931145225,464.784759431173,2624700
2023-04-05,480.0566101074219,482.4227945491509,467.67881324009215,468.8949181744524,4964800
2023-04-06,483.4315185546875,484.7795880815419,478.09577202395417,481.72521432408155,3472600
2023-04-10,485.665771484375,485.8637614778314,478.9819549732201,481.54612965017145,2714500
2023-04-11,491.12408447265625,492.3024731324906,485.70349663741797,486.57083211878245,3065300
2023-04-12,491.3314514160156,496.52579720695456,490.2473109645903,494.9043046869664,3422400
2023-04-13,496.0826721191406,500.06094150487445,490.68095779720875,493.8955762191518,4224400
2023-04-14,482.4700012207031,497.03486681032905,479.3684744222462,492.09507108832355,4872000
2023-04-17,476.3989562988281,480.3960412854259,473.94790221922904,479.5758874102753,3660900
2023-04-18,475.5787658691406,477.94495046941734,469.60198270959813,474.8151724048131,3232000
2023-04-19,458.3460388183594,473.2125789564697,455.9232649655931,471.96819369715945,5809100
2023-04-20,459.5337829589844,461.59832184264695,455.5744149945456,457.65779773664013,3283000
2023-04-21,456.1023864746094,462.616522130691,454.5186390952452,461.966049319657,3165300
2023-04-24,460.9290466308594,462.13571537157196,454.9993873118548,455.7158567660833,2322400
2023-04-25,463.7383728027344,469.9413980564214,462.4751148410651,464.454813545605,2937300
2023-04-26,455.2821960449219,459.7600723810888,450.9551281210326,458.03489549237463,2930000
2023-04-27,462.3713684082031,462.8521601235918,454.5751604292127,454.5751604292127,2473200
2023-04-28,463.8985900878906,465.66145481749356,460.15602677094233,460.69337887322587,2398900
2023-05-01,467.3017883300781,470.7803937312241,463.6346292478108,466.25536430758376,2105600
2023-05-02,465.1241149902344,468.253893113282,461.24012216465417,466.8775433427655,2152300
2023-05-03,461.4004211425781,467.0661228079469,460.07119533294946,466.0762591100941,1749700
2023-05-04,459.36407470703125,461.636010975827,454.3394392692885,459.14724088628805,2555700
2023-05-05,465.96307373046875,472.15669033398336,463.84197451851844,465.75567621230806,2329400
2023-05-08,464.3981628417969,466.02906278842977,460.3445181438755,463.8514032678803,1738500
2023-05-09,462.2865295410156,470.78977065221255,462.21109656577295,464.60559006784194,2038600
2023-05-10,461.99432373046875,465.1995349399253,459.7035432171964,461.3626947880518,2018700
2023-05-11,460.7593994140625,462.0414724586603,457.8369898021944,460.0429299072259,2384200
2023-05-12,463.0878601074219,464.66217111241815,459.8072160002485,460.75936316265773,1536500
2023-05-15,458.96820068359375,463.61578714061307,455.98925964922904,463.2481160918117,2169700
2023-05-16,452.2372131347656,461.18352916359305,451.5678965413841,459.68462248696414,2178900
2023-05-17,457.03564453125,457.59184048000685,450.1821470140148,452.5012076478193,2682000
2023-05-18,451.775390625,454.9051691954176,446.74131747394387,454.433813708211,3040100
2023-05-19,451.3888244628906,457.0262170379932,450.43667728059296,452.1052651590702,2317900
2023-05-22,453.0857238769531,454.5752232614206,450.5309853046949,452.9160428136861,2242800
2023-05-23,451.9732666015625,455.69698575565235,445.4685678591875,448.90002019863516,2874200
2023-05-24,453.2835998535156,455.5932527119096,451.4547674557771,453.07620233656087,1904700
2023-05-25,450.3330078125,454.16981930554067,447.1277677415471,450.2670111449708,2684100
2023-05-26,453.9340515136719,460.4104982688312,450.6157201656158,450.6722805067746,3135200
2023-05-30,452.35980224609375,458.0349111449375,448.7586399333242,449.3713962253631,3180800
2023-05-31,459.326416015625,459.4772532008707,449.77675069606687,450.7288978413826,4944100
2023-06-01,465.3503112792969,470.2052658791179,458.2611080398699,459.8448839616189,3376600
2023-06-02,470.95947265625,472.31697857853794,462.26767748930286,463.8137370888399,3064500
2023-06-05,469.64910888671875,474.0892688234924,468.9232319073506,472.0153222670472,2688800
2023-06-06,459.6375427246094,471.26115501570547,455.9609761099836,471.26115501570547,3816600
2023-06-07,454.50921630859375,462.34314168065356,454.0095806763305,461.8812225402367,4381700
2023-06-08,462.1451721191406,463.64407898892784,454.7920098812607,456.6397439481491,2725900
2023-06-09,465.34088134765625,469.67735660309313,459.3169745435048,461.91883668136745,3174100
2023-06-12,464.3699035644531,466.12336058997647,460.7216174183201,464.0965093805691,2207700
2023-06-13,463.16326904296875,466.32135616907726,460.66509102473447,462.74847396417675,3016600
2023-06-14,433.51495361328125,434.2408593063281,420.147322023465,428.5940310948805,14672400
2023-06-15,441.0025329589844,446.78612765228263,436.2885502804942,437.31084481129716,6798100
2023-06-16,433.9977722167969,443.49197540174936,433.4676893402824,441.23913762023795,7699100
2023-06-20,444.3155212402344,445.3567368830158,432.3507275255426,432.3507275255426,4597700
2023-06-21,451.28228759765625,453.7623240737529,442.2329796423963,443.8989706926857,4886500
2023-06-22,453.4594421386719,457.36882478748123,452.46554402577226,452.6359216072953,3179000
2023-06-23,451.51898193359375,456.51692674164144,451.0930090749429,452.7779215207944,4862600
2023-06-26,453.4689025878906,455.59870895039734,447.7326264291936,452.59806460769136,2968300
2023-06-27,456.7818908691406,457.3687661662878,452.24776211520657,452.5885461219227,3693200
2023-06-28,449.1051940917969,456.36545138955285,448.6603000375943,456.21399502138297,3670100
2023-06-29,450.98895263671875,454.0842614119109,447.8084261697942,449.70158774449715,2979300
2023-06-30,454.964599609375,456.3465994586356,449.7394552199549,452.4656124861997,3970400
2023-07-03,452.3519592285156,454.5574794013024,450.8563456458117,452.5602081240561,1915700
2023-07-05,446.0477294921875,451.79348089907785,445.4513790681403,450.60078005098336,5053100
2023-07-06,444.287109375,447.1647228296003,441.72188373245666,444.27766321127314,3913600
2023-07-07,436.9226989746094,443.5771600209999,436.20331729888466,440.1600176210953,4131600
2023-07-10,438.3141784667969,438.3615248338709,434.631994591373,435.4271189072433,4339200
2023-07-11,438.1627197265625,441.5703868694401,436.5062036314727,437.6704793132616,3086800
2023-07-12,427.5705261230469,439.989660644603,427.1445532407748,438.26687678776455,7287600
2023-07-13,423.83148193359375,430.5995277380898,423.29192403535444,427.85444965713987,7276800
2023-07-14,454.5196533203125,459.0916252489559,435.5312184913858,437.8408776386778,11379300
2023-07-17,458.2207336425781,458.71297405269115,452.7494988165805,455.4093880467676,4582000
2023-07-18,473.2903137207031,477.4742128044274,461.4580558776855,463.1902857154701,8816400
2023-07-19,476.79266357421875,487.1671500570822,475.6378340775227,480.42752964070115,4956500
2023-07-20,477.3038024902344,481.5066227531891,473.79199647918796,479.5945403006134,2963100
2023-07-21,479.4715270996094,483.1442648857215,477.56889062372073,478.0705772458019,2887300
2023-07-24,481.50665283203125,482.5478973563391,477.61622010750125,478.33560178010043,2279000
2023-07-25,483.636474609375,485.12261325514027,480.18146079975975,482.75616148316396,2730600
2023-07-26,480.86297607421875,488.3030862081796,479.5661651898527,484.21387970461103,3697200
2023-07-27,478.2409362792969,483.2294057392955,476.2531112029977,481.4025120785727,3028300
2023-07-28,476.044921875,480.37080277572585,470.71566770411846,478.222046014994,2930000
2023-07-31,479.32000732421875,480.7493532548589,472.40050554269175,476.1300353672921,2441600
2023-08-01,477.777099609375,482.79399429828965,475.64729318444336,480.3896714012426,2161200
2023-08-02,477.8338623046875,483.20098687087295,476.1205537763608,482.4626551784854,3220500
2023-08-03,477.8907165527344,478.96983241263564,474.2748002466142,476.0259803125494,2442900
2023-08-04,475.8745422363281,483.6080906469778,474.94688271866676,482.75617376486304,2411200
2023-08-07,483.45660400390625,486.1638108645494,477.6919311680045,478.7237006357751,2430900
2023-08-08,478.8373107910156,481.02393883805746,473.3092828337905,476.1301037884848,2422600
2023-08-09,475.2875671386719,478.7142131467625,474.12329149852314,477.076618323311,1916900
2023-08-10,476.5844421386719,484.68714140765763,475.92182412028285,477.5215477501699,2179700
2023-08-11,480.8724365234375,483.39034447322365,477.31328410007836,478.6195699953474,2029600
2023-08-14,483.636474609375,486.0691939639308,481.0996452427806,481.9515621032219,2127200
2023-08-15,479.6229248046875,486.21114655594715,479.2253482436807,484.25168890066453,1817500
2023-08-16,476.6601867675781,483.2294592990072,475.969172440045,480.863007490491,1454100
2023-08-17,467.572998046875,474.4546582762238,465.5473303548598,469.01181920974443,3009500
2023-08-18,471.8136901855469,474.1801419544386,467.13757917922874,468.3492013294073,2364400
2023-08-21,471.0942687988281,473.5269880944161,469.7122690859511,470.9333662591503,1533500
2023-08-22,466.0395202636719,470.25181576994436,465.083464549867,468.9550048833077,2079400
2023-08-23,463.2944641113281,467.6108698295358,461.8651179980589,466.66428912137883,2011400
2023-08-24,462.0260314941406,468.95500894184744,461.18356083065527,465.178132419512,2311100
2023-08-25,462.99151611328125,464.9130736490953,458.7602995143652,463.7487979545802,1923500
2023-08-28,465.0361328125,466.7210451858756,463.00099022644747,464.2883260230273,1344500
2023-08-29,466.5033264160156,466.6074653083537,461.90295834871137,465.21599060515393,2113700
2023-08-30,465.2727355957031,470.1760159013038,464.09898496015205,467.60131565529,2283400
2023-08-31,451.1213684082031,467.4404375511278,450.8468808338413,466.05840908000386,4927700
2023-09-01,450.79949951171875,454.9739230890949,448.0733429805878,453.41207100194345,3165900
2023-09-05,455.1253967285156,458.7129451392614,452.0300886968561,452.4655076659857,3443300
2023-09-06,451.4621276855469,457.3498598341001,450.93204489105005,456.3370117174436,2596100
2023-09-07,458.91180419921875,461.0889283365565,453.0335459185256,454.26408932009014,2928000
2023-09-08,456.8591613769531,458.94975720217377,454.93963539183477,456.30802011383315,1858400
2023-09-11,455.538330078125,459.7765065538119,454.22695890408164,458.0090264495307,2059200
2023-09-12,456.032470703125,459.5864838843838,448.63940525091886,453.6378117519574,2195200
2023-09-13,455.9753723144531,459.9664988242111,455.61426680169023,457.48629090748716,2197800
2023-09-14,459.5484619140625,461.1353892674522,454.9681746429637,458.6267030980929,2334300
2023-09-15,462.4942626953125,465.45908662205363,460.0615851656888,461.5819868718509,5334300
2023-09-18,461.8860778808594,464.43278263332525,459.54843271253935,464.11920775700816,1997500
2023-09-19,456.754638671875,461.5724919273857,452.8395492807391,459.7004676505791,3230700
2023-09-20,467.6542053222656,470.48597819561644,455.3102646969685,458.7407095267081,3724800
2023-09-21,476.2160949707031,480.017157197233,468.55692790442635,469.6117377521861,4703900
2023-09-22,480.9294128417969,484.09378444356923,473.26076269901915,474.18252146586883,4558500
2023-09-25,484.9015197753906,485.5286985391669,481.43305620282234,482.9819937406602,2758500
2023-09-26,480.3117980957031,484.08435399382626,479.2950068612406,483.62821602888243,2420200
2023-09-27,478.6772766113281,481.17645065149105,476.1305428939136,481.0529404896528,2593700
2023-09-28,484.7304992675781,488.5790924340637,479.8936507347138,480.8058976112963,2922000
2023-09-29,479.1144104003906,484.5214239303901,478.7437929001847,484.4929171226669,3006200
2023-10-02,488.9781494140625,489.23473967159197,478.11662117326415,480.3877407503915,3550400
2023-10-03,484.1318359375,488.41751424665546,483.0770259990165,487.77134057252107,3143200
2023-10-04,485.224609375,486.3649396792771,481.4140350913416,484.15080462176326,2801700
2023-10-05,490.5556335449219,492.43719903151367,485.80433414358225,486.174922678972,2790700
2023-10-06,498.7088928222656,499.79220953835005,490.3180312400489,490.76468623686685,3647200
2023-10-09,500.3243103027344,500.6663919714567,494.37563884277694,495.2309010141873,2341600
2023-10-10,498.167236328125,501.87329542349676,497.06495373543754,500.31484589624023,2455700
2023-10-11,498.0627746582031,499.45018348423605,494.35671516379006,495.012400828198,2819300
2023-10-12,499.40252685546875,502.291371192774,496.2761741347459,498.3857357761783,2377300
2023-10-13,512.5732421875,517.3815833752607,505.54125417396034,506.7290860681661,5245400
2023-10-16,511.2713928222656,519.5862162402841,509.45635317352486,516.1652255199647,3827600
2023-10-17,509.9600830078125,515.4525882913945,507.98351422082226,513.0864361086997,2586000
2023-10-18,509.39935302734375,516.925440011628,508.77220327848954,516.0321880665524,2551400
2023-10-19,505.189697265625,511.5660002166955,502.9280605348242,510.12157796855826,2351200
2023-10-20,500.81854248046875,507.8504736187703,500.5714641270308,504.5910693398619,2811100
2023-10-23,495.6300048828125,501.5311747687502,494.4136371512494,500.81847561342653,2357700
2023-10-24,498.8894348144531,504.2774244705588,496.1051635953465,496.8558525316843,1978200
2023-10-25,503.8403015136719,505.88333757896777,494.21410716996246,501.04651856890996,2380100
2023-10-26,502.0823669433594,504.0874136329254,496.53284778365276,499.5546857232848,2675800
2023-10-27,498.5662841796875,501.49311823277867,495.33541619864303,499.8301535661867,2585600
2023-10-30,503.6312561035156,505.3702583915425,496.9318952229127,498.88944003908165,2555400
2023-10-31,508.9242248535156,509.98851764881914,505.1801761987349,508.3920784558639,2464200
2023-11-01,505.1611022949219,509.1807646858226,500.5998396240091,503.6216768684838,2747400
2023-11-02,509.4659729003906,510.14068245177833,500.742540417242,505.54137077675955,2350900
2023-11-03,504.4960632324219,509.32337103639503,502.50047054215025,507.9835219726009,2739500
2023-11-06,506.9287414550781,509.3614192323315,503.6883030645207,505.1897390519265,2684900
2023-11-07,511.0813903808594,512.8108808224642,505.0852164540196,508.7342040673912,2604800
2023-11-08,510.0360107421875,514.4737926260646,507.5748554443278,513.1433976545251,1769200
2023-11-09,512.1931762695312,514.0081581090246,507.8979570478035,510.8627811832723,1819600
2023-11-10,514.293212890625,515.6900753378682,509.36133261839336,515.6900753378682,2480800
2023-11-13,515.5855712890625,517.0870070538795,511.1573014762695,514.2362104875612,1507900
2023-11-14,513.5806274414062,515.680677544575,509.8270662801499,512.2217544335864,2454000
2023-11-15,511.6325378417969,513.5806289562823,505.25629201703595,513.1909875335386,2473700
2023-11-16,512.972412109375,517.7617301238738,510.739253023547,511.63250505795565,2360300
2023-11-17,509.617919921875,513.6375828667865,502.0633547692798,513.4000164657713,2676900
2023-11-20,508.4870910644531,509.66546910890037,505.351226235535,507.0712046234901,2518400
2023-11-21,512.75390625,514.7304171912502,507.62244815339295,511.0244156766934,2115700
2023-11-22,516.71630859375,517.3244923524804,513.3903797876621,515.9655618292062,2234500
2023-11-24,519.8902587890625,520.3559376278591,515.8136404626835,517.8281987871027,1135000
2023-11-27,516.5549926757812,523.4919211598148,514.5974475200192,519.89037679099,2675800
2023-11-28,513.6471557617188,518.6740405239245,513.2100126521118,518.4934877177409,2859300
2023-11-29,508.373046875,514.9108785182059,502.3579076855172,503.64074298194936,4550000
2023-11-30,525.4683837890625,526.3901716559346,507.4513836654144,509.1428264113774,7121200
2023-12-01,521.7210693359375,528.9105521848285,519.8140545872614,524.8295126878751,3462200
2023-12-04,522.7890014648438,526.2120600228965,517.7925744121642,522.7699126959798,2709200
2023-12-05,524.6770629882812,526.8415437054782,519.9953084234387,523.5709616624304,2645600
2023-12-06,523.98095703125,526.2216761746517,521.663882801979,522.10251716341,2239700
2023-12-07,522.779541015625,525.8688957993679,519.2038881275012,525.7163020188883,2511700
2023-12-08,524.2098388671875,526.0786763278204,519.2229550491703,524.6388706858156,2039900
2023-12-11,518.4028930664062,524.4290667811151,513.9976935612427,524.2002343181153,3655300
2023-12-12,520.3480224609375,522.0357491564009,517.4208060013368,520.4243193470669,2706100
2023-12-13,523.4850463867188,523.8759587685784,513.5495167241528,518.7079655541202,2876600
2023-12-14,509.4017333984375,519.5851844338773,504.7867906320326,518.9940145604739,5386800
2023-12-15,506.4267883300781,508.6961403410991,498.6461944333395,505.3588648187114,9030100
2023-12-18,502.0693664550781,506.7606070968749,500.8107295614293,504.51034334647835,3260300
2023-12-19,499.6759948730469,503.0895676461853,497.52111704385936,500.20047049885073,3645600
2023-12-20,491.94305419921875,500.42929313639354,491.88584608447815,499.49481633233495,3847800
2023-12-21,495.70941162109375,496.60571086856515,492.48655208427994,494.7559042598464,2491600
2023-12-22,496.1194152832031,498.693896810937,493.9359043661191,495.7094140995133,1759500
2023-12-26,495.85247802734375,497.23501719063967,493.8881969261666,495.7094286392573,1390800
2023-12-27,498.48406982421875,498.83686287608,495.2135467071875,495.5854285285984,1851800
2023-12-28,500.4960021972656,503.32789092734595,498.6271069488261,499.132435552264,2001000
2023-12-29,501.9930114746094,503.6807381908633,499.56157925121727,501.5258021615719,2080100
2024-01-02,514.2646484375,514.5697195571477,502.1836691465454,502.34580728834976,3415700
2024-01-03,516.8296508789062,521.3682972778169,514.3981604183617,517.7926444799266,2891400
2024-01-04,520.0619506835938,523.4755232140512,517.7544792444988,519.6614939010163,2994400
2024-01-05,512.3958740234375,521.5686116790698,508.91554830819564,521.5686116790698,2815400
2024-01-08,511.5758056640625,515.1323696205745,503.45190404380077,514.3219116146447,2648900
2024-01-09,513.3397827148438,514.5221225986703,507.5806188753282,512.9869896268463,2677000
2024-01-10,512.6437377929688,516.0382218440949,511.22302106390515,513.0823139551112,2180000
2024-01-11,514.5888671875,515.0465321167882,509.6783389908385,511.2039275534478,2814100
2024-01-12,497.2635803222656,503.90949798765206,489.27318483010976,494.7367628050518,6327300
2024-01-16,495.01336669921875,500.11460777022234,492.534212657376,499.3613579107522,3736700
2024-01-17,500.5341491699219,505.9881832611514,495.8238205468282,497.0443378860367,3791300
2024-01-18,492.3340148925781,492.8107685716323,474.33176221695857,481.74053301265144,7367000
2024-01-19,480.1482238769531,493.48778419877846,478.48913017481453,491.0563517664209,6143400
2024-01-22,489.1397705078125,489.6928211162409,473.4164421925113,480.5105398475247,5922900
2024-01-23,491.55218505859375,493.99316183155327,488.27211706391597,488.67257390235704,2672900
2024-01-24,489.3685607910156,497.47337330201606,489.1016089945143,493.82148203747334,2918800
2024-01-25,470.46051025390625,472.47242584920315,456.73001053765677,464.920635000962,14671000
2024-01-26,479.8049621582031,480.2721714987416,467.12329556959054,470.3461554176646,6212200
2024-01-29,481.0826110839844,482.96102174526715,477.8502071694035,479.71907344550044,4554100
2024-01-30,480.1958312988281,482.5223916030372,476.009949087547,481.08261526549364,4931200
2024-01-31,487.9478759765625,491.0563194657473,481.05403597890495,481.05403597890495,5358100
2024-02-01,483.5617980957031,486.4985883350374,479.6142631552217,485.17319896846624,4242600
2024-02-02,486.50811767578125,489.06348156452884,481.89314510026975,484.6201624454064,3804500
2024-02-05,479.5760498046875,490.29349223256264,476.8013399174176,486.2506012713376,3646300
2024-02-06,486.9276123046875,487.18504881421217,479.0897807064063,480.51049734945275,2745400
2024-02-07,495.2421875,496.77732033825924,488.85367673139615,490.1123133942604,4109100
2024-02-08,495.90960693359375,497.8833157101089,493.23025391236416,496.4244798930155,3343000
2024-02-09,494.1265869140625,496.1957399162054,492.2863245784389,494.8608062501438,2715400
2024-02-12,493.5736083984375,494.86082017176517,488.9681511381841,494.1266008150285,3194000
2024-02-13,492.82025146484375,502.43162186561636,490.3030362863428,497.73083760526305,3436000
2024-02-14,492.9061279296875,494.42223033409016,490.3793099881746,491.3042424480867,1918500
2024-02-15,496.6629638671875,497.4925106906436,491.8191297390078,493.2875684544171,2292100
2024-02-16,497.3017883300781,499.4376356610511,494.7654841739165,498.01691890236685,2135500
2024-02-20,496.83453369140625,500.9441480108095,495.2612232968619,499.83810510009283,2600200
2024-02-21,497.70220947265625,499.3422723968749,493.47817884554183,499.3231836264571,2095900
2024-02-22,502.021728515625,502.2505610175961,494.47950935032634,499.82867277509126,3186800
2024-02-23,502.7271728515625,505.835615919799,499.7903541113464,502.2599635923735,2502000
2024-02-26,500.896484375,508.0382450619978,499.9334326470392,503.75700640380893,2308900
2024-02-27,489.54974365234375,501.1539703906475,488.2434431951185,500.3625429684874,3780600
2024-02-28,475.1136474609375,475.37108397328853,461.8694453260849,472.40569004306695,9558600
2024-02-29,470.6512451171875,478.42232438713677,468.7442303712497,475.3234254249879,6833200
2024-03-01,466.7704772949219,467.2376866102639,455.06140756336964,466.66560544810494,7315000
2024-03-04,459.46661376953125,464.3962599123803,457.7789161192069,460.7729142733048,5239800
2024-03-05,451.15203857421875,460.4487360968673,448.7396659194707,459.96246709051655,5296200
2024-03-06,450.6275939941406,457.4928296767857,446.4226229528867,452.38204408299663,5577500
2024-03-07,456.520263671875,458.81821995676887,451.5811024115983,451.9624995450537,5102000
2024-03-08,456.2043762207031,463.55617388775767,454.48127947116257,457.88914492766537,4673600
2024-03-11,468.2467346191406,469.35716686631736,455.65869050358964,456.6159566601098,4410100
2024-03-12,468.4382629394531,471.24304614646087,466.52373036727874,467.27039690188883,4153800
2024-03-13,467.14593505859375,474.80406514152156,464.59002128949953,472.4300342989727,3669000
2024-03-14,468.1031799316406,468.75411394772124,464.4559979833594,467.83514655952234,3378500
2024-03-15,469.84539794921875,470.2282985821728,466.6194155660761,466.6194155660761,5713500
2024-03-18,466.2364807128906,471.0706924440402,465.5951287326052,471.0706924440402,2970500
2024-03-19,472.23858642578125,472.35345369991836,466.9449053106848,468.7445705080249,2511700
2024-03-20,473.10968017578125,473.4638639923606,468.5243669403413,471.4248823310301,3548200
2024-03-21,470.67822265625,474.99550258894436,470.28574000660086,471.2430062115657,3693400
2024-03-22,469.1274719238281,474.6413055855202,468.8402745245705,474.0382523953181,2847300
2024-03-25,465.1164855957031,470.47718192402783,463.3838361865286,469.6347830307053,2786100
2024-03-26,471.271728515625,472.2577115496795,464.4942965594886,467.2703627435159,3113300
2024-03-27,472.0279541015625,474.545568801917,470.3144394781082,472.60231964604696,2653100
2024-03-28,473.5596008300781,474.6795859245595,468.39033997927,473.8467690047026,3820000
2024-04-01,468.7733154296875,474.5934816379824,467.8160491365605,473.3394651310619,2928700
2024-04-02,438.56195068359375,443.8651843954112,430.38688915968487,439.95955115516966,11867000
2024-04-03,440.09356689453125,443.0706800585415,436.0826190568302,442.25699792097583,4460400
2024-04-04,435.919921875,441.98898656529593,432.60778873649303,441.12745275872396,5182000
2024-04-05,436.2644958496094,438.1886102917109,430.7793791295652,431.4303131450958,5747400
2024-04-08,436.513427734375,437.66215896642393,434.20641247253343,436.48471091424625,4532300
2024-04-09,440.0744323730469,440.1127312020076,433.1246701957507,434.86690174537574,3521200
2024-04-10,430.81768798828125,439.1363344985915,430.55923660330785,436.02521901378003,4493500
2024-04-11,422.8436584472656,431.5069065155142,422.6139238905005,431.1431698717854,5844100
2024-04-12,420.43133544921875,423.34140372392073,417.7318376979778,421.5226037488703,6045700
2024-04-15,426.5865173339844,429.1902824197511,423.10205453994524,423.11163654970784,5376800
2024-04-16,448.8525695800781,459.24846665266915,445.7031555529191,456.39580281508853,11816500
2024-04-17,458.5209045410156,467.14588191400054,454.30893931726683,458.1475859329362,8759800
2024-04-18,472.10455322265625,480.54764839898115,465.20267187063524,465.3558379733482,8880400
2024-04-19,479.7148132324219,485.6211292992177,474.3828335121781,475.76129917079487,6618600
2024-04-22,470.2378845214844,478.07789701286254,469.673100970805,476.5079664271538,4697700
2024-04-23,465.4036865234375,473.18626561125643,464.24540257029514,470.01771674178366,3646700
2024-04-24,466.4757995605469,467.9691324698157,460.1674189165387,463.10623311127677,3724400
2024-04-25,472.7554626464844,475.88574175840444,466.6959805680018,468.0648641971114,4329700
2024-04-26,474.1818542480469,475.9815195157225,470.40064078372103,470.9750063903013,2727000
2024-04-29,468.13189697265625,476.0963589100326,466.92573219082595,474.5264282915585,2192100
2024-04-30,463.02972412109375,468.7828747577854,461.96714332992724,468.06492502793884,3367500
2024-05-01,463.4221496582031,468.2850785613659,456.68301630071016,458.7794317225408,2729200
2024-05-02,471.9035339355469,472.59276678875574,463.2594210588364,463.58488807098405,3561400
2024-05-03,471.40576171875,471.7312287279325,465.0207831775097,469.88368272113513,2487600
2024-05-06,473.2532958984375,473.72234701516095,470.97499753701334,471.43449585632965,2029500
2024-05-07,479.55206298828125,480.21257899731864,473.88506349561743,474.80403085945153,3752100
2024-05-08,481.7059326171875,485.3339798176805,478.7096846356803,482.6249292339561,3078900
2024-05-09,485.3627014160156,486.2625340203921,480.6816846845609,480.6816846845609,2342900
2024-05-10,490.89569091796875,491.63280460844453,485.3339764831177,487.24850893472757,2784600
2024-05-13,489.8714294433594,492.67621259053175,485.6307468976887,490.1681796486398,2454500
2024-05-14,491.91998291015625,494.11210157866225,485.62115465525534,492.59008096738313,2949700
2024-05-15,495.4331359863281,500.2577952793872,492.8293998313208,492.8293998313208,2981200
2024-05-16,498.99420166015625,505.58972178200486,497.3094036955584,497.77845481429165,3655800
2024-05-17,502.21063232421875,503.3784691854945,497.7880666159234,500.59284991217834,2657200
2024-05-20,495.1268005371094,502.21059411131546,494.46628449187426,502.21059411131546,2476200
2024-05-21,501.17669677734375,502.29668184824385,493.87275115090415,496.1702133533108,2521900
2024-05-22,499.07073974609375,503.7901138090546,498.40070010767005,500.47795152595376,2299100
2024-05-23,494.7439270019531,497.99859716065345,493.2122659623637,496.17024435074035,3055400
2024-05-24,486.4540100097656,495.040689562482,485.83176356768996,494.05467726609993,2527800
2024-05-28,482.1558532714844,484.9989351758856,480.4519205309863,484.9989351758856,2912800
2024-05-29,464.006103515625,472.79380078634637,453.045393134351,471.3004677552479,7521600
2024-05-30,461.0672302246094,465.2600605895624,457.5732146582966,461.70861139195796,5169700
2024-05-31,474.2009582519531,477.111055713054,461.79479633760195,461.79479633760195,6694800
2024-06-03,476.1824645996094,477.3694652489062,471.99921629835177,473.0139160559978,2795100
2024-06-04,483.8885192871094,486.54971835914284,473.45432274770246,477.25467102238014,3178400
2024-06-05,481.6197204589844,487.34418231207803,477.48432385367477,486.9612817108701,2464400
2024-06-06,480.4710998535156,483.13229891979375,476.02937033122356,482.1271518066324,2419600
2024-06-07,469.72100830078125,481.37092294163335,469.4625569137526,480.58598676913715,3416300
2024-06-10,473.8468017578125,474.2201496240767,465.4132882898654,470.0177366931029,3332800
2024-06-11,475.0146484375,476.5079814148807,469.3380667213383,469.8836862686316,4599700
2024-06-12,471.999267578125,478.63311554839856,466.59071921511753,478.63311554839856,4048200
2024-06-13,476.04852294921875,480.5476862790437,463.68065861806264,469.3285239886126,4951700
2024-06-14,475.8761901855469,476.5750050599828,470.7165403252565,475.5985747952302,3188400
2024-06-17,470.31011962890625,474.0496672054145,469.80061738313896,472.3288832919303,2407200
2024-06-18,462.4464111328125,472.64610739152636,460.5141635217581,471.7328348692889,3692700
2024-06-20,465.7822265625,467.1281080609112,459.62011592576664,461.47549964718996,5258100
2024-06-21,463.9269104003906,469.41608074015926,462.0042559155448,465.70537166634887,6368600
2024-06-24,471.0311279296875,471.9059392317255,465.76304413426664,469.9544167859169,5139800
2024-06-25,465.7630310058594,471.6655941288246,462.01386077235907,471.6655941288246,2916100
2024-06-26,465.3208312988281,468.58933794785287,462.8502133262674,465.76303360130055,3153100
2024-06-27,467.62799072265625,470.069769947882,463.4077503662124,466.2917318749843,2991900
2024-06-28,489.5655212402344,489.7000917988397,470.4831695960087,477.17399899394445,22734200
2024-07-01,475.5205078125,489.22904348182476,473.8285918393931,487.1525731473319,4523100
2024-07-02,478.9716796875,479.192795516473,474.30926599455836,475.1456160081396,3312000
2024-07-03,470.944580078125,478.8178225880521,467.7048828808752,477.89495672189474,2239200
2024-07-05,469.1372985839844,470.73310526437507,465.7630307073079,470.089003128738,3499000
2024-07-08,470.4158935546875,474.78032767490737,467.3685024679296,470.27170032836125,3450600
2024-07-09,473.0787048339844,476.24147947309774,467.29152576736135,469.44488926426715,3056800
2024-07-10,481.5576477050781,482.1056112733189,471.16570257875924,471.95399795720607,3189800
2024-07-11,484.85498046875,489.0560050451055,478.45256702854965,478.45256702854965,3535100
2024-07-12,491.7477111816406,494.67015414198585,483.96095483994714,487.3160067838115,3570600
2024-07-15,495.43927001953125,510.3014119237705,493.9299790441042,503.966238891549,5128000
2024-07-16,527.6436767578125,528.6530586233936,506.74443197855396,513.252636159816,11062000
2024-07-17,551.1096801757812,551.4268759029618,529.9796686204769,532.575263770918,10330800
2024-07-18,542.515380859375,559.01172866925,539.7082633810271,542.6691673839925,6834800
2024-07-19,543.4671020507812,547.8603742312133,539.8236345473941,545.1878565514228,4290400
2024-07-22,536.9300537109375,542.4288165629908,535.5361176799905,541.2752123072157,3377300
2024-07-23,533.2481079101562,537.2280158413205,531.4311857666146,537.1799025506887,2785600
2024-07-24,538.1029052734375,539.429541515926,531.6331919323604,538.3432370757034,3156200
2024-07-25,538.03564453125,547.8508171738757,536.9782079941334,540.2659308597562,3102900
2024-07-26,547.6873168945312,556.7334389137371,538.3432444581764,538.3432444581764,3201900
2024-07-29,544.8321533203125,549.254234667833,540.0351403085051,543.8323942236323,2965000
2024-07-30,554.0416870117188,557.0217776757457,544.1015385674684,544.9763791227084,4139100
2024-07-31,553.8782348632812,558.4349749228182,540.5734997264656,543.5728357942912,4713200
2024-08-01,550.619384765625,564.7797152765523,545.1686174378988,554.8780571096335,3680800
2024-08-02,567.0196533203125,568.66348532255,553.0034859565749,559.8096991357418,5094000
2024-08-05,547.9180908203125,564.126053886062,544.8418319398917,559.6078041562024,4587400
2024-08-06,546.3703002929688,555.1857131183758,540.7754275240102,546.2357590754086,3216500
2024-08-07,544.1881103515625,549.542709823195,535.4881110456715,544.6975832497116,4320700
2024-08-08,544.3418579101562,550.3117204358663,542.5441808934704,542.5441808934704,2860800
2024-08-09,537.151123046875,544.0438217101755,536.0648187637431,542.707563000872,2976700
2024-08-12,543.4285888671875,546.9951336205588,539.3525712489067,540.5734754724512,2532400
2024-08-13,552.0325317382812,553.464899903744,546.9951865088324,547.9468910657636,2369400
2024-08-14,557.2525634765625,558.6464997562779,551.1001041390149,552.9938907014637,2344400
2024-08-15,557.1948852539062,560.7806758722317,551.3308123729042,557.2525625431542,2751800
2024-08-16,555.3395385742188,559.1560384039082,551.8979704673629,558.4542295875054,2728900
2024-08-19,556.3970336914062,560.7421931169829,554.7531429125746,555.7240928575404,1847900
2024-08-20,558.1947021484375,561.2324705012221,553.2438432437716,557.4255933935208,1677500
2024-08-21,555.7144775390625,560.8287457993497,555.0992139871269,559.0214457872646,2844300
2024-08-22,556.33935546875,560.4058102016496,548.5526271287586,556.8488871461254,2282000
2024-08-23,561.9053344726562,562.5782752037903,556.079694366971,558.5310668324038,2376400
2024-08-26,564.424072265625,569.1922765424484,563.0878133078894,565.308476905563,1800000
2024-08-27,564.6355590820312,569.4326315354846,561.2036722979946,566.6735682384124,1581900
2024-08-28,565.7794799804688,569.9132338131678,561.2900984582791,566.2313342680067,1657000
2024-08-29,568.6923828125,569.6921420550584,561.7708147012019,567.8367874562591,1953200
2024-08-30,567.3753051757812,570.3169639571017,563.9049281880485,567.1830280076076,2944700
2024-09-03,575.52734375,577.4307527728462,568.9326534382313,569.6055941929485,3175500
2024-09-04,580.8147583007812,584.4293585684236,574.7584076575473,576.7964169701941,2935000
2024-09-05,572.460693359375,582.5642510619579,566.8657623230572,580.8242512729378,2144800
2024-09-06,573.7969970703125,577.3827288331312,569.3556699978096,572.826047187947,2926400
2024-09-09,571.1244506835938,576.2963955744194,553.0227022404582,575.181281869315,3411400
2024-09-10,575.8638916015625,581.4107099436081,568.2886281661349,572.1916144600423,2863500
2024-09-11,566.9428100585938,568.5290236710971,556.5796729630714,566.3564144514561,3563600
2024-09-12,565.6641235351562,567.6733231607648,560.6556464729262,565.7699141179023,3395800
2024-09-13,571.3360595703125,574.5661052819125,564.5202230581128,568.2213684430723,2241900
2024-09-16,568.3645629882812,577.6742297607511,567.0332226402496,574.0179016355399,2548600
2024-09-17,557.578857421875,566.0298955880409,556.0642147879537,565.3449706913425,3416000
2024-09-18,560.1740112304688,563.9075350349754,552.1280866615132,556.5176239143686,2988300
2024-09-19,556.72021484375,564.2065756822559,554.318031606628,563.135673963128,2945700
2024-09-20,554.7232055664062,558.4278177520179,549.5618914677397,551.5395885110225,5398700
2024-09-23,553.1892700195312,558.9969998567591,551.8290181036236,556.1606735272775,2386100
2024-09-24,554.906494140625,556.9517297203126,546.0405680740049,550.6906025924453,3188500
2024-09-25,555.987060546875,560.6177820595661,552.8709817801491,557.49204651057,2658800
2024-09-26,554.5399169921875,556.2667732941255,550.7774229088774,554.7232191938424,2751900
2024-09-27,561.3316040039062,566.0202655975463,556.2571422324178,557.3086714717364,2986200
2024-09-30,564.0618896484375,565.7405210226354,558.3313549224547,562.9235081289563,3009700
2024-10-01,562.73046875,567.9400664413776,560.2897174116939,564.3705316441603,2648400
2024-10-02,571.4227905273438,583.2022385474241,563.6470205495298,582.9513977605893,3667000
2024-10-03,571.8472290039062,572.3102834130681,563.7627371080387,569.7826799583781,2645800
2024-10-04,570.3519897460938,575.1081316168771,567.6893087091529,571.249187246312,2462600
2024-10-07,562.9813842773438,571.5482453751409,562.7595138215289,568.0269351313409,2591100
2024-10-08,561.0712280273438,568.4321690563628,559.122442295831,567.3226990070166,2231400
2024-10-09,570.3712158203125,571.8955152574226,560.1353805226494,561.6307096146805,2207700
2024-10-10,576.6227416992188,577.8286617467398,571.8569433161031,574.1915880409156,2143200
2024-10-11,576.9603271484375,580.3079915373669,575.1755891816028,575.4553414112443,1909700
2024-10-14,584.0512084960938,587.1672869898434,576.3140067939261,577.9829812615534,2447100
2024-10-15,536.6730346679688,549.6101790036165,523.8517128388442,532.5536514784117,11939400
2024-10-16,551.1923217773438,555.8616112939627,535.5442723971328,537.3676376670213,5103900
2024-10-17,546.0695190429688,549.3881541895533,539.0172427080478,540.8116963292714,5588700
2024-10-18,549.5233154296875,550.8160877112821,543.1849921908951,546.8606343741782,3687000
2024-10-21,551.3176879882812,558.8523331449838,548.6454091421838,549.5522633939685,3018000
2024-10-22,549.764404296875,552.8322574959213,545.5485129829785,547.8252756515324,2593800
2024-10-23,544.7285766601562,553.8935691226433,540.2521872623921,551.9544402435403,2911900
2024-10-24,541.0336303710938,551.5396202530287,540.5512623384923,545.0662200577036,2590200
2024-10-25,544.6513671875,551.3466375473242,543.7348561884176,546.1949212723022,2513700
2024-10-28,545.3074340820312,548.2884945959937,542.9631323805204,546.2818269827571,1826500
2024-10-29,542.3070678710938,547.661341047372,540.8888752915482,542.9727380854082,2600300
2024-10-30,543.1078491210938,550.1986358124531,541.1687201635956,541.4581292133375,2323600
2024-10-31,544.5934448242188,548.4041636106224,541.1011053891151,541.1011053891151,2490000
2024-11-01,547.5455932617188,550.2179309777472,544.0146852073021,545.191634931169,2548300
2024-11-04,538.1007690429688,548.539218687691,535.8336043177072,546.7544219189352,2656600
2024-11-05,547.0343017578125,548.6839626913584,534.8496809347594,538.5928614582286,2608100
2024-11-06,575.6483764648438,584.1476990117499,570.0142918243996,582.6041448300812,6591300
2024-11-07,584.0994873046875,586.2122617326844,575.1274532931407,577.5778618051969,5254300
2024-11-08,594.0941162109375,597.9434037044484,583.8582806521817,587.5242659372961,3875800
2024-11-11,603.2012329101562,608.4879677763275,592.2707566566786,595.1457102101048,3003200
2024-11-12,592.994384765625,602.4584445514448,592.1358142968361,597.731272491583,2809400
2024-11-13,584.5046997070312,591.392930105669,581.7937934195435,591.3832733226992,3409400
2024-11-14,572.2332763671875,584.6301124594446,568.2199409706433,582.1989584958229,3079200
2024-11-15,571.3455810546875,577.809324015606,569.1460135990735,571.0465152507238,3423900
2024-11-18,568.856689453125,573.1883453076999,564.6793654727662,568.6540736655714,2577100
2024-11-19,556.6526489257812,566.1456766807163,556.4307784974782,562.1709103532897,3198300
2024-11-20,579.3239135742188,581.3884625521355,561.0421563151737,562.16128294441,3928600
2024-11-21,576.420166015625,582.7006074810845,575.6869571544971,578.8416630606799,2722900
2024-11-22,570.0336303710938,580.0572528575987,567.9111991161676,577.4524535394085,3197900
2024-11-25,584.466064453125,588.3346654798481,574.0276132048398,576.5069919481006,5146200
2024-11-26,585.3922119140625,587.0129615376344,577.761175076059,586.7910910714538,2693600
2024-11-27,586.9261474609375,595.6763108678884,585.3053978948027,589.4827216539417,2269800
2024-11-29,588.6820068359375,594.0652510065612,585.2282349532828,587.3313526812306,2010800
2024-12-02,587.061279296875,592.3480147225795,579.584573899318,592.3480147225795,3364900
2024-12-03,583.8871459960938,594.0361874813939,583.4916301475398,589.3089575642272,2329900
2024-12-04,589.2511596679688,600.8666203586289,585.5658605852859,589.4730890181954,4147600
2024-12-05,558.5531616210938,587.514554559562,553.6523452423168,584.2827125823236,5943700
2024-12-06,530.23828125,561.5825495312715,524.9515459586211,561.5825495312715,13003600
2024-12-09,542.9247436523438,545.2102390916431,527.4491507817185,534.5768276307163,7684700
2024-12-10,547.3505249023438,549.8297195119304,539.4481105557431,544.2612106837603,5360600
2024-12-11,516.6898193359375,540.4842459138001,515.8569192407734,538.1212591063079,10363000
2024-12-12,499.4806823730469,517.1449498545126,497.96023038998635,514.7529407245319,9403800
2024-12-13,504.0516357421875,510.87915798555656,494.5997188781474,499.3644378091034,8202900
2024-12-16,482.7654724121094,505.2332053170124,480.42184367452893,501.6499793570164,8880000
2024-12-17,470.19512939453125,479.9569827622712,460.8013160628446,471.62842559853635,14132700
2024-12-18,483.94696044921875,490.55170271835874,470.66001401541695,473.0133069924551,10147600
2024-12-19,473.80743408203125,487.75291013494933,470.8924315197162,484.35371900322065,7418100
2024-12-20,484.34405517578125,486.7748397648772,473.30388718166904,473.846209149497,10956900
2024-12-23,490.3580017089844,492.7209884964918,483.29809325145885,484.95414049926626,4286000
2024-12-24,490.1256103515625,490.1256103515625,484.7895169572707,488.4792568433077,1824400
2024-12-26,495.01617431640625,496.0523786238601,488.7988302543698,489.6897750378188,3387000
2024-12-27,493.8927917480469,496.982105737808,491.77191400449726,493.3408055489962,3471800
2024-12-30,491.77197265625,493.6410772956491,484.8573524018703,490.86164011189294,5408600
2024-12-31,489.8931884765625,494.87096540665374,487.4527395606917,493.27305137051223,4214000
2025-01-02,488.5857849121094,495.94587681334474,487.4042914977609,491.96561798775014,4234900
2025-01-03,496.8078308105469,499.9939650155742,489.42835080088435,490.367735210906,3019500
2025-01-06,497.4566345214844,503.87737162038894,493.728178583452,496.8077987811029,4444800
2025-01-07,498.01837158203125,503.1026622010019,495.08401074982714,502.4731549570934,3914500
2025-01-08,507.9642333984375,508.10946338007295,493.42799489468575,498.260482635259,4141700
2025-01-10,504.255126953125,518.5492569792381,502.1051675131933,510.0173350745817,5467500
2025-01-13,524.0595703125,530.1219902761333,516.3120808476455,518.1520741303561,6472500
2025-01-14,526.5775146484375,527.3619456429129,519.6144556792417,522.6166435053588,3978300
2025-01-15,526.267578125,529.0469852632218,517.4645262536341,520.147054307607,4103900
2025-01-16,494.473876953125,522.8006677143226,493.90250309410436,513.6101577603758,9059900
2025-01-17,493.6700744628906,505.3494133257226,486.9297368536609,489.6607341839008,7495700
2025-01-21,508.41937255859375,508.42906637914876,496.6335191321919,497.8246768872227,5682100
2025-01-22,503.315673828125,507.88672379495455,499.71311924756657,505.1944425710378,3756100
2025-01-23,513.0485229492188,514.7045112100521,502.92835168629506,511.2084703164466,4580800
2025-01-24,515.7020263671875,517.7551066056291,507.9545359251706,511.4408829806137,3671200
2025-01-27,526.364501953125,534.4896373600476,522.9361997175708,522.9361997175708,4263000
2025-01-28,525.3572387695312,529.2503711186959,520.863739827532,525.8705383158714,3162700
2025-01-29,521.1155395507812,526.3257314751347,517.1546682593905,524.6309679821225,2737600
2025-01-30,528.3497314453125,529.8411018767065,518.1133539755973,522.442235308623,2924700
2025-01-31,525.3670043945312,531.8264580322981,524.3210766292264,526.0933316270866,4120500
2025-02-03,530.8773803710938,536.4265012099979,523.9918127685804,524.8924513947243,4083600
2025-02-04,528.2335815429688,531.4875132625891,524.417940229678,527.9914724726043,2869900
2025-02-05,522.7716064453125,523.633528954395,505.43657270997664,513.978188127614,4621600
2025-02-06,513.3099365234375,522.0839667183153,508.6905357341578,520.9121966674306,3926800
2025-02-07,510.3950500488281,515.5858548221756,508.80680021098334,512.4965404278714,3349100
2025-02-10,516.5348510742188,517.2998944520642,506.8601821479848,511.0147524870584,3143100
2025-02-11,517.0674438476562,530.2575402776052,511.59581473529255,518.1133715031702,2631900
2025-02-12,510.7533264160156,525.2314017617182,508.9229676295576,522.8103110204755,3859200
2025-02-13,514.4139404296875,517.4645381435149,510.4627041309814,514.1428090266004,2835100
2025-02-14,506.9861145019531,516.3702649396542,506.4050172365477,512.3028205164677,3705300
2025-02-18,484.9251403808594,499.71315269009403,481.3128621840634,494.8128671617819,8759300
2025-02-19,494.9096984863281,495.7037937965872,482.4265403059999,485.5061606684852,4380300
2025-02-20,486.561767578125,492.38204950934653,484.4505540317426,489.24432542742136,4144300
2025-02-21,451.69805908203125,454.87452887266426,424.6593053583859,425.6761516224609,19864900
2025-02-24,446.95269775390625,453.22817543799096,442.5753764426536,451.94983246551135,6919300
2025-02-25,455.5330810546875,455.90109158508096,435.8641417544629,446.2263926486939,9101000
2025-02-26,448.95733642578125,458.1187346436733,443.73748065261196,449.98387643804074,5108400
2025-02-27,453.7705078125,460.3946085207388,450.3422350545616,451.4559604367645,4216800
2025-02-28,459.9684753417969,461.32428018776073,449.81928230544264,452.25973102817755,6146300
2025-03-03,452.30816650390625,462.20558676859315,450.5262472410497,459.3971273820728,5700200
2025-03-04,459.6295471191406,464.08436009687017,451.7367970311077,454.92296079544656,5864100
2025-03-05,460.9563293457031,463.9584582884584,456.14319966239634,456.201303477138,3637100
2025-03-06,472.32574462890625,472.7131132308318,457.10192509402526,460.97567022194073,4964000
2025-03-07,477.9039306640625,484.14066247024596,468.1130248211261,468.55849722033093,5434100
2025-03-10,467.0500183105469,484.19652216794935,464.6088452981466,478.7792717074242,5108900
2025-03-11,472.71038818359375,473.42034897834867,464.05447612764226,469.26746417729026,4101000
2025-03-12,467.9155578613281,474.2275899810994,465.6883824154231,469.8899136632099,3680800
2025-03-13,468.3143310546875,470.7846800115913,461.9731523641078,466.30112324272045,2876600
2025-03-14,475.248779296875,476.02685712405514,465.12426974056973,467.80858630323115,3915900
2025-03-17,485.3343811035156,486.88077184055254,472.6228480103705,474.14006268371367,5152300
2025-03-18,489.9833068847656,492.0938078396457,484.1673269796837,488.46609215468897,3617600
2025-03-19,489.3997802734375,492.46338576510004,486.3458803495074,491.189314815613,3317600
2025-03-20,497.2776184082031,500.2829014752684,489.7012800288283,491.39355114257984,4965400
2025-03-21,502.6754150390625,504.76647524170204,491.2379520834706,497.647218409738,10244900
2025-03-24,502.3350524902344,504.0370589604336,497.102593564377,500.95401243271533,3840900
2025-03-25,499.34918212890625,504.76643207822315,497.50129553912046,504.06620656181224,3015100
2025-03-26,503.9883728027344,508.60810401543176,498.78506097798896,501.07064782629396,3253800
2025-03-27,501.57635498046875,506.7894021415302,498.88236257210093,502.1307298587656,2822200
2025-03-28,501.8876037597656,506.69212684606305,500.9247639651137,502.69485766651485,2379100
2025-03-31,509.38623046875,513.636379089105,504.3677688565061,504.94155494779847,5238700
2025-04-01,508.7734375,513.6849294573781,506.662966336937,511.3215792924124,2962500
2025-04-02,508.85125732421875,510.601880470722,502.62675351302096,508.60811357161367,2378900
2025-04-03,525.6184692382812,533.457421868868,514.7742335451168,515.4550479612328,6457900
2025-04-04,510.6505432128906,536.608574946874,510.44634043357325,525.813015106115,9919000
2025-04-07,510.3100891113281,514.6866763946822,489.77901644370996,499.3200040276032,7356700
2025-04-08,537.9118041992188,568.9661172056265,532.4459373812787,566.203978052891,11762300
2025-04-09,562.6346435546875,573.235734913276,539.2539616731368,544.7781806092327,12691900
2025-04-10,578.0985717773438,585.3734133794608,564.0934688072782,564.3268772965687,8646000
2025-04-11,583.029541015625,589.7305974060856,570.4444767629383,572.7688860349585,6121500
2025-04-14,570.9598999023438,579.2948751081956,563.4029728552765,578.6821480848512,4839300
2025-04-15,567.5851440429688,576.6008750975722,566.0484587223483,575.9978832682036,3871300
2025-04-16,568.9953002929688,578.4973777677357,566.9723868778486,569.2676498072763,4192100
2025-04-17,441.65606689453125,476.35756921469056,434.83833558807737,468.73258394954684,29120200
2025-04-21,413.66534423828125,441.06279720342945,413.1596158835179,437.42537591503486,13029900
2025-04-22,415.464599609375,419.6661309171119,405.68049705444884,412.9942803710208,10156900
2025-04-23,416.2232360839844,426.81459328670655,412.128703178325,415.35765966935224,8345700
2025-04-24,412.614990234375,418.1100336673088,412.0314392325066,415.8439467214948,7629100
2025-04-25,407.1588439941406,411.94389674609124,400.72037206038084,411.94389674609124,9263800
2025-04-28,408.48150634765625,412.4885106610223,404.1535356581477,408.23836259387787,6614300
2025-04-29,398.00689697265625,410.1835258700657,397.880457467707,409.6388862184649,9909100
2025-04-30,400.15625,401.9263435774606,390.00256488879376,397.8123407490922,9192800
2025-05-01,389.69134521484375,400.6911661281663,388.89382658875303,400.0395574970835,9316800
2025-05-02,388.9522399902344,390.9751831020287,382.32897637329097,388.9911216234702,11392900
2025-05-05,393.7080993652344,398.46400555509035,386.6861063928245,388.174145016033,8157200
2025-05-06,383.6905822753906,393.62056496138894,382.63047906074274,391.75320785554106,7858600
2025-05-07,380.335205078125,384.6728815863433,375.12221694170273,384.50756044534785,8517200
2025-05-08,374.9762878417969,380.1990406414182,374.8012314611975,379.30425856174224,7218300
2025-05-09,370.20098876953125,375.94888131237803,368.1585751870771,375.093040182794,8381100
2025-05-12,368.3628234863281,376.59080061916717,366.5052014616579,370.551117487237,11004800
2025-05-13,302.8404235839844,332.6206668430802,300.6229536589226,326.53233753697964,59478300
2025-05-14,299.5628356933594,314.08337334160456,298.6874944475506,312.63424608725194,40029600
2025-05-15,266.8259582519531,269.06286888863497,242.05447171577902,267.36086263183637,121849200
2025-05-16,283.9043884277344,286.4136190151132,261.75886506665245,271.6304959582822,71094300
2025-05-19,307.2267761230469,307.6158002440611,289.0979612135309,296.41171560276786,62524700
2025-05-20,312.7606506347656,315.73675739521883,304.0074757692634,312.1187772635859,41487000
2025-05-21,294.6707763671875,301.4593306914765,291.84057963059877,292.7450672332499,45506900
2025-05-22,288.53387451171875,297.2870506099766,284.4782231933789,285.8301168597046,27159600
2025-05-23,287.4640197753906,291.4807595523835,283.6418068841188,287.9794833738524,16873600
2025-05-27,286.9096374511719,291.72389578235226,281.20062670231624,291.286225141105,20144600
2025-05-28,289.934326171875,295.4488396176992,285.23680186520824,285.93705706974725,16114200
2025-05-29,289.9927062988281,295.05981383416736,286.909630430989,288.6602535918736,16221100
2025-05-30,293.630126953125,297.2578424516742,287.7265894764023,289.7981790115771,16309300
2025-06-02,296.3630676269531,304.9508921779451,292.71591122386513,294.8069416255086,19074400
2025-06-03,292.95904541015625,297.3356329508348,291.78223795979574,294.78749117605224,12805700
2025-06-04,292.1421203613281,299.2030252561166,291.9670639624418,295.2154613134276,11255600
2025-06-05,287.72662353515625,294.1261845258954,286.044057871498,292.14212294571996,13529000
2025-06-06,294.9041748046875,296.0421005451642,289.0006377893169,289.07846040575265,12589000
2025-06-09,294.87506103515625,298.96959409125054,292.8812938571313,296.67433099226844,12170300
2025-06-10,295.45855712890625,296.75206877375786,292.3463053665362,295.4682626957328,11384100
2025-06-11,302.0429382324219,303.034954207036,293.9414002381442,294.37904125019236,14711400
2025-06-12,309.76513671875,310.0568973457607,300.04912199105723,302.85984830003895,15957200
2025-06-13,304.93145751953125,308.7147887514347,303.3558906704839,307.2364556639253,13762400
2025-06-16,301.3465576171875,306.84142127789545,298.53545725104294,306.5769726693795,14240100
2025-06-17,302.5317687988281,303.5896231896356,299.2505071418034,301.1409249219061,11593900
2025-06-18,300.8960266113281,305.39183261833136,299.9459305777348,301.23882042329126,12205600
2025-06-20,295.8125,303.2369386126421,295.40110561546254,303.1487890783835,16177900
2025-06-23,294.5097961425781,296.2630722650332,289.45567992719884,295.7047619519275,12274700
2025-06-24,299.348388671875,299.54429644245965,293.18745695033397,295.26397768801286,8781400
2025-06-25,295.8222961425781,298.13388258962783,293.64785113086737,298.13388258962783,8722100
2025-06-26,296.4100036621094,300.416070178047,295.10730942142266,296.361041656505,6532700
2025-06-27,302.76678466796875,304.07931302882895,295.99861006910453,296.73321942907944,15304400
2025-06-30,305.568115234375,305.9697052775834,300.0536427720555,302.6590609288233,10074100
2025-07-01,319.4473571777344,319.8489173410143,304.6963730853915,305.5681239117944,17865500
2025-07-02,301.24859619140625,315.8036714791403,300.14178000159325,314.1581238377501,18177200
2025-07-03,302.21826171875,305.84234631374744,301.9048511268879,303.48179811632787,6161100
2025-07-07,297.4776306152344,302.2770728969049,295.0191580571696,301.6796049103449,9031200
2025-07-08,301.3857421875,301.9734057561985,297.5657496429734,297.9869483889821,9613800
2025-07-09,296.6940612792969,297.3699043487183,292.6194240387759,296.96831427186396,12816700
2025-07-10,293.36383056640625,298.6725911963836,290.513542451005,296.84096983872723,11355600
2025-07-11,297.8596496582031,297.8792284825695,291.8848201796152,293.86335752867694,9808200
2025-07-14,294.4118347167969,297.8008541546737,292.86427078590026,295.45011013332083,10681400
2025-07-15,285.7238464355469,294.5097753594299,285.0578078062114,293.55967941501603,16019000
2025-07-16,286.4878845214844,289.9160619952561,284.78360014260807,286.5466508868708,9714000
2025-07-17,282.1585998535156,286.98742546992537,278.0055874318703,286.3311612083016,14792700
2025-07-18,276.84979248046875,282.15858294610433,275.04755432264164,281.98228386238213,14979700
2025-07-21,276.35028076171875,280.62079580199986,275.4295679060006,278.79897880536623,10319200
2025-07-22,279.2789001464844,281.21824977000534,276.21312556592324,276.83020222480064,14600300
2025-07-23,286.5074768066406,286.63481388812033,279.1026162792605,281.6002763389507,13111100
2025-07-24,272.8633117675781,283.2751808042554,272.51071359129213,277.2905770342848,22585200
2025-07-25,275.29241943359375,280.268190470294,274.1954075206833,275.23365307335445,16486600
2025-07-28,276.3306579589844,279.1515627440638,273.9505307558231,277.6823439927793,15779400
2025-07-29,255.71263122558594,267.3096608817093,255.20328293243062,260.2476245145736,41706000
2025-07-30,260.58062744140625,261.1585165219116,252.82313983782686,259.3660530345281,22371800
2025-07-31,244.43882751464844,256.0358576914587,242.66597254848682,256.0358576914587,29606900
2025-08-01,232.89076232910156,246.3292175001933,229.78581520843133,245.46727106317894,39989200
2025-08-04,236.03488159179688,237.27882429818783,232.0875818094452,233.35111828363995,17427900
2025-08-05,245.84927368164062,246.8973235760359,235.12397967151503,236.2112021569378,23795900
2025-08-06,240.7364044189453,247.9649659329272,240.27604798430235,245.49667408377073,12946400
2025-08-07,239.649169921875,243.64544678217413,234.58526433901793,241.36325849220185,11369900
2025-08-08,245.7415313720703,245.92763480795531,239.3553229206979,239.76670238365446,10185700
2025-08-11,247.19114685058594,253.09740489473214,246.9658708321959,248.66036556695397,11779500
2025-08-12,256.202392578125,257.4855079942102,248.46449759668172,248.80732130974798,12171800
2025-08-13,266.23223876953125,266.6044456478773,257.4953010509511,258.9645198498962,19480300
2025-08-14,265.9188232421875,268.2304099132577,261.52097078927324,266.51632115340294,25011100
2025-08-15,297.7714538574219,303.93235593882815,288.6622801977547,295.5186339691615,68198500
2025-08-18,302.1595153808594,309.9071990946419,301.1114954009642,306.7532750155033,39600500
2025-08-19,297.9967346191406,304.12828381950413,293.0699555648354,302.5611111613304,22348600
2025-08-20,293.6870422363281,300.8960247530718,289.63201385736807,300.11242345161423,16679000
2025-08-21,297.1250305175781,300.27895483509263,291.688902854104,296.08678492466964,13359000
2025-08-22,301.11151123046875,304.30459312196416,298.32976397579193,299.81859150218236,14930000
2025-08-25,298.6040344238281,302.53175584228103,296.5177686977937,302.15954893891285,8917100
2025-08-26,294.2649230957031,302.6198793117593,288.16278693014766,298.0653070995863,16303200
2025-08-27,297.6441650390625,299.6912731242623,294.33352032730977,294.37270786764265,9982800
2025-08-28,296.08673095703125,298.22198811617227,293.2560221493115,298.0065015291094,11235000
2025-08-29,303.5111999511719,303.63853702350445,294.7350751216137,296.09653559896867,12065400
2025-09-02,302.4631652832031,306.46926151928125,300.9939464818443,301.9832300399858,10957100
2025-09-03,301.56207275390625,303.23697388228936,297.46785671059894,301.7873338483237,9654600
2025-09-04,304.0107727050781,305.5093747535815,297.859644244977,299.8186027340708,7725700
2025-09-05,308.91796875,311.4156288303906,301.87551069379737,304.0695346041431,14126700
2025-09-08,313.67822265625,315.04948759669907,307.360569681347,313.14929550374325,18438600
2025-09-09,340.7804260253906,344.49263077630627,320.4464276947933,325.6768431833187,46408900
2025-09-10,339.6637878417969,341.4170639383929,334.3941850863436,338.46882205007205,17804300
2025-09-11,346.3536376953125,353.5724247608727,338.74309480563056,341.8382527729995,18943500
2025-09-12,345.2762145996094,354.8750985874098,345.2272227059103,348.5966334695135,14016200
2025-09-15,342.9007873535156,346.6659803729041,337.6176415765004,346.2224520475393,11035900
2025-09-16,334.9070739746094,344.03428212907227,333.46802085787266,342.5163594805096,12695800
2025-09-17,336.7108154296875,338.08089530382506,332.84705061382357,332.84705061382357,8467700
2025-09-18,330.0182189941406,339.98321298133885,329.3282459435908,338.6032969601525,11255600
2025-09-19,331.86138916015625,336.07014046105763,329.05225619579915,331.67411162387157,13656800
2025-09-22,336.4052734375,337.5683734645221,327.83006153061575,329.6633721170834,8903700
2025-09-23,342.7036437988281,347.6418030501478,335.08449193073244,336.1095853053592,12504100
2025-09-24,346.7645568847656,349.41598098040356,342.8514909580368,345.1776609440596,9016300
2025-09-25,340.60418701171875,345.167791190768,338.67230455766355,343.89628316094525,8104900
2025-09-26,339.1453857421875,344.9509291272339,336.4052561352322,342.94017723266074,6774700
2025-09-29,340.2296447753906,340.5943336622334,336.5531572708152,339.04687244616383,6878900
2025-09-30,340.347900390625,344.31026718865274,337.4204931639848,338.82014160227453,7429700
2025-10-01,343.3049011230469,343.69918865313474,336.73057466965435,338.96800901131803,8825500
2025-10-02,348.6471862792969,349.98766763338205,339.7072549149169,342.3094082444923,8564200
2025-10-03,355.03424072265625,362.72236579171084,351.4956998686579,352.126535812741,13494800
2025-10-06,353.6247253417969,357.320945094395,351.9885284550572,355.85232340493496,7181700
2025-10-07,358.4446105957031,359.4894063067969,352.9249164118652,354.25556153974156,7236200
2025-10-08,364.6148376464844,369.25728116771097,360.55389900193904,361.6676980177549,9438300
2025-10-09,362.41680908203125,370.8244756450051,360.8298831118089,367.1775268328722,8759800
2025-10-10,349.4159851074219,364.1022927109047,347.45453405495846,364.1022927109047,13141900
2025-10-13,353.51629638671875,354.0091256578629,348.25288338048847,349.65250166578744,5659400
2025-10-14,354.7680969238281,357.13367157615096,348.33174739200996,349.85953628823887,5974800
2025-10-15,355.9706115722656,358.9965908141391,350.74663281586726,354.2358728214149,6579600
2025-10-16,351.55487060546875,356.80841777567787,349.3174063036312,356.6507087880658,5872100
2025-10-17,351.4858703613281,353.25020771577965,345.7986008654478,345.96617606622607,8608400
2025-10-20,359.25286865234375,360.32723295053415,352.38282679114036,353.3980539778645,5996500
2025-10-21,360.13006591796875,365.7285993609971,356.31557207534235,359.90338369863593,6885300
2025-10-22,356.30572509765625,358.7797378606746,352.86578613769643,358.7403030934788,7833000
2025-10-23,355.2806701660156,357.0844122488871,348.5683372085778,350.480487303901,5756700
2025-10-24,357.3012390136719,360.1793753327506,354.86666109223046,356.1874399937535,5462100
2025-10-27,360.7313537597656,360.96790220376914,356.21702042060434,358.28690954537745,7766400
2025-10-28,362.5646667480469,375.535937924803,353.4867591906658,375.2205199441119,18858700
2025-10-29,350.16510009765625,360.8989071077951,348.8048863538012,359.0557302531188,11874900
2025-10-30,339.8058166503906,349.4554231728605,338.672315228671,342.53608025852225,11441900
2025-10-31,336.66156005859375,341.3138700064757,332.28523332457286,339.4509908328923,8390800
2025-11-03,329.00299072265625,335.8138952211129,321.9161030209008,334.2664040083706,11181400
2025-11-04,326.0854187011719,331.67411615203054,322.5075032799426,322.93132925525197,9646600
2025-11-05,323.03973388671875,325.47431178630677,319.57022650848404,321.62038312291526,9697100
2025-11-06,316.9483947753906,327.6033624322363,316.8399867616725,324.2028581195771,7922100
2025-11-07,319.56036376953125,319.89548408130514,309.6545069494294,315.0756292067795,9402900
2025-11-10,316.96807861328125,319.59980030430273,312.62135066774687,315.4008850525274,9283800
2025-11-11,322.7539367675781,323.15803034349403,315.2924935726814,318.6634293087683,7157800
2025-11-12,334.1974182128906,338.24849089079754,322.3892168012775,323.7395944138563,10403300
2025-11-13,327.7511901855469,334.16783736255434,326.5388493463283,333.49759672689856,7788700
2025-11-14,317.24407958984375,323.5030180518564,315.8937320481324,322.2611086035218,8676500
2025-11-17,315.92327880859375,323.1777416351322,314.84891456062456,316.00214834013826,6485400
2025-11-18,309.08282470703125,312.9466198311324,304.3418090303134,312.4636567205878,9182100
2025-11-19,304.6572265625,310.48247275618195,300.1626255537561,309.4278107882751,8181100
2025-11-20,307.07208251953125,310.2360381398207,305.55415988354065,306.35254092716593,7337600
2025-11-21,315.3811950683594,319.1956891781539,306.973528103697,307.43678886596666,8406300
2025-11-24,314.474365234375,321.1768617822795,313.0648806513575,319.8757852072264,10773800
2025-11-25,321.6007080078125,323.29604211478176,316.29785957741166,316.51470568690473,6149100
2025-11-26,324.9814758300781,330.38289557487406,321.21628298657316,321.9062259315491,5504200
2025-11-28,325.0406188964844,327.2977854656617,324.17326461374836,326.9133942612545,2464500
2025-12-01,318.5747375488281,325.3265056077641,318.39732620337566,322.4681014157819,6154600
2025-12-02,319.8856506347656,323.9859940225137,318.1705842155217,318.7324168369967,7978100
2025-12-03,334.8381042480469,336.513736048462,320.34893959235154,321.32473206722796,9770000
2025-12-04,328.707275390625,336.36586192887205,324.00569471881727,334.53252129967103,8061600
2025-12-05,326.1642761230469,330.8954251562194,323.7987016064606,330.1956160043765,5906000
2025-12-08,321.12347412109375,326.5612103323999,320.33955998612566,326.1643021326461,4782800
2025-12-09,321.1036376953125,323.8423254573514,319.99228262872805,320.66702959313227,4628400
2025-12-10,325.83685302734375,326.1940916288756,317.1345182714553,320.2602121946151,5910500
2025-12-11,334.1323547363281,336.6329036496296,326.22383696767264,327.8214023139655,7513200
2025-12-12,339.20294189453125,342.31873354487146,334.7674235801795,334.89642556702444,7979000
2025-12-15,338.4686584472656,342.29886671519796,334.4002810193819,338.35949127350534,6447200
2025-12-16,331.62188720703125,338.3594851881083,328.4763282693324,337.7939053635172,6334000
2025-12-17,329.07171630859375,332.93169199085276,327.9305937934756,331.0364226425074,4685600
2025-12-18,325.608642578125,327.6328835933034,322.0661753783285,326.39252647422813,6354900
2025-12-19,324.8941955566406,332.01879957848786,323.55460381206,325.5292426546717,10553000
2025-12-22,322.651611328125,327.2558010793172,319.1686789443709,320.409036028938,7872400
2025-12-23,322.29437255859375,325.27122955986954,321.26241726797,321.5005561377824,4463300
2025-12-24,325.05291748046875,326.45204387040064,321.6295501827735,322.6913030880782,2842700
2025-12-26,329.2701416015625,329.3297066015354,323.7431334164823,324.67588437182803,4359300
2025-12-29,326.4024353027344,331.67146953910793,325.7475231575945,328.3374043807456,4346800
2025-12-30,329.5976257324219,333.55683603301947,326.96807465204813,327.1863787199748,4432500
2025-12-31,327.56341552734375,330.7585766695686,327.3352091985709,329.7563887116683,4285200
2026-01-02,333.8049011230469,337.6351396453709,324.9735645103421,328.34732981065946,6863600
2026-01-05,339.38153076171875,344.26358953637697,331.27457387202924,332.8622369855367,7956600
2026-01-06,346.2779235839844,349.8898275937949,342.4576177850687,345.662711327742,9441900
2026-01-07,339.06402587890625,347.4091217233587,335.43225668934457,346.2878643521878,7461400
2026-01-08,344.1742858886719,345.2161737147571,338.1709394997304,338.3793412906715,5059300
2026-01-09,341.3264465332031,346.36724457311226,339.8380179808238,344.57120987581374,4129100
2026-01-12,337.8832092285156,340.00668485359506,331.36388499223295,338.78619283823343,7146400
2026-01-13,331.35394287109375,339.2029260683279,330.28228768342836,338.86555257809704,5605900
2026-01-14,332.3760070800781,337.4862723400109,331.5226559199649,332.782847847861,5740900
2026-01-15,336.34515380859375,336.83139439550655,325.5292456895034,332.6141801527573,6943500
2026-01-16,328.4664001464844,333.6064630655481,327.8809552197778,332.2767735847801,8039100
2026-01-20,335.8192443847656,337.26800331941564,323.9812831738787,324.87433425330187,7596500
2026-01-21,345.0673522949219,345.3947932518869,336.0772462723701,336.8115280003352,8933300
2026-01-22,351.7355041503906,352.21181217559,344.0948923460704,344.5017331063574,7491400
2026-01-23,353.5116882324219,355.1092535612803,350.26689484175847,351.5469517834556,9082200
2026-01-26,348.9273376464844,352.05303136197875,344.5910239544544,351.21951505665726,10399500
2026-01-27,280.5191650390625,297.189551826661,278.23688987744464,291.702213399879,65836900
2026-01-28,291.7518310546875,292.6647472242202,281.5313004420569,281.5313004420569,23396900
2026-01-29,290.0351867675781,293.3196499104892,286.9888624950166,292.05942772986015,13456400
2026-01-30,284.7165222167969,290.690101376754,282.503744536245,289.846652494331,12022200
2026-02-02,283.3868713378906,288.1597631644659,280.1024080713407,283.813546924047,8664200
2026-02-03,281.98773193359375,285.867572502765,276.4507912682167,282.5037398579998,10809100
2026-02-04,273.7914733886719,282.3052710508733,271.9358737623288,279.83448944092856,12944100
2026-02-05,266.4783020019531,274.75399105843275,264.2357570011935,272.17404228482235,13035300
2026-02-06,274.5158386230469,275.66689369311825,264.354842531599,264.99982219373493,9572800
2026-02-09,273.57318115234375,278.01860173294193,271.21153632782267,272.0351201393386,10371600
2026-02-10,271.1123046875,277.33392522870173,270.546694561348,275.3791211558089,7284700
2026-02-11,276.7583923339844,277.53237392426894,267.7186543791748,270.3383030122331,6333100
2026-02-12,282.17626953125,284.1013061426968,273.68230666683036,276.01418403452675,12336900
2026-02-13,290.92822265625,291.1961288714354,282.3151907629167,283.42654580952046,10281900
2026-02-17,286.85986328125,291.9602262062647,286.11564902207004,291.73198959854005,6091700
2026-02-18,285.97674560546875,287.89184970361094,284.08147631938635,287.76284771983296,6632000
2026-02-19,287.6933898925781,288.64600598150304,284.6768631241196,288.64600598150304,4931800
2026-02-20,287.7628479003906,288.5566643334604,283.3471645007809,286.6713275933028,6974100
2026-02-23,280.16192626953125,289.5191726640262,279.4971118432662,286.3240116656432,7247500
2026-02-24,271.836669921875,280.2214656182002,269.70323151732475,280.0230266545793,9684500
2026-02-25,282.0075988769531,282.5434113343664,274.7341279746084,275.15090127919626,11380600
2026-02-26,284.4486083984375,292.98227105493606,283.02964718498066,284.7661470745293,10210000
2026-02-27,291.0075988769531,291.8609802744715,281.6602851018,282.5037339526243,9723300
2026-03-02,292.6548156738281,293.0318890868292,285.2821401542549,285.9370523533373,8141400
2026-03-03,286.97894287109375,291.4739959442926,282.16635110169267,286.7606388027243,7051100
2026-03-04,289.70770263671875,292.06934726969536,285.46072137240793,286.78047821184975,7796000
2026-03-05,286.5423278808594,289.1421418264066,284.52798914087526,287.81245235313276,5397900
2026-03-06,284.27001953125,289.08258097242623,280.866456550322,285.12337070169843,6816900
2026-03-09,285.1700134277344,285.20001220703125,278.6600036621094,282.0,10348800
2026-03-10,282.3399963378906,287.5799865722656,278.8999938964844,287.3800048828125,6075600
2026-03-11,285.25,286.2200012207031,280.6000061035156,282.3800048828125,6878800
2026-03-12,277.04998779296875,287.55999755859375,276.2900085449219,284.7799987792969,10512300
2026-03-13,282.0899963378906,282.8800048828125,277.80999755859375,278.05999755859375,4737600
2026-03-16,285.489990234375,287.3999938964844,281.0400085449219,283.9800109863281,4854000
2026-03-17,287.57000732421875,288.989990234375,284.8399963378906,287.79998779296875,5752000
2026-03-18,284.3299865722656,288.3999938964844,283.07000732421875,285.20001220703125,4544100
2026-03-19,280.44000244140625,287.54998779296875,280.07000732421875,284.0,5542100
2026-03-20,275.5899963378906,283.1000061035156,275.0,278.989990234375,38893000
2026-03-23,269.5400085449219,280.75,269.0899963378906,279.1400146484375,10424200
2026-03-24,272.2799987792969,273.3800048828125,267.5899963378906,268.8699951171875,5911700
2026-03-25,270.54998779296875,276.0799865722656,267.1099853515625,275.0,8121200
2026-03-26,268.04998779296875,274.6400146484375,267.17999267578125,269.989990234375,6218800
2026-03-27,259.0199890136719,267.6700134277344,255.97000122070312,267.5,10735300
2026-03-30,261.7900085449219,262.3299865722656,256.6700134277344,260.17999267578125,7774700
2026-03-31,270.5899963378906,271.8800048828125,262.6099853515625,263.0,9170800
2026-04-01,273.9800109863281,275.29998779296875,270.760009765625,274.2099914550781,5473400
2026-04-02,277.260009765625,279.0400085449219,271.5299987792969,272.2900085449219,6407000
2026-04-06,281.3599853515625,283.29998779296875,277.25,277.8800048828125,7097000
2026-04-07,307.7300109863281,312.42999267578125,300.75,308.8500061035156,22099800
2026-04-08,305.9800109863281,312.9700012207031,304.8299865722656,312.0,9645000
2026-04-09,306.9100036621094,307.8900146484375,304.1400146484375,305.82000732421875,5742000
2026-04-10,304.3299865722656,310.3699951171875,304.20001220703125,307.95001220703125,5212900
2026-04-13,313.0,313.32000732421875,302.9200134277344,303.25,7972200
2026-04-14,314.19000244140625,319.6199951171875,312.510009765625,312.510009765625,5864500
2026-04-15,314.04998779296875,317.760009765625,311.1499938964844,316.0,5041200
2026-04-16,316.3999938964844,318.6099853515625,313.1099853515625,315.0,5205600
2026-04-17,324.6300048828125,325.2699890136719,317.1400146484375,320.04998779296875,9414700
2026-04-20,323.4800109863281,325.3999938964844,320.1199951171875,324.19000244140625,9050600
2026-04-21,346.010009765625,357.67999267578125,345.2300109863281,353.010009765625,26097300
2026-04-22,353.5199890136719,358.55999755859375,349.1000061035156,350.8800048828125,11807300
2026-04-23,354.55999755859375,356.8500061035156,350.5,354.67999267578125,7255800
2026-04-24,354.9200134277344,358.2799987792969,351.3900146484375,356.489990234375,8554600
2026-04-27,354.69000244140625,356.489990234375,348.95001220703125,353.9100036621094,7256100
2026-04-28,366.7699890136719,369.6300048828125,355.7200012207031,356.8399963378906,10604100
2026-04-29,370.739990234375,370.8399963378906,365.010009765625,366.0,9046600
2026-04-30,370.4800109863281,371.989990234375,363.00360107421875,368.510009765625,6838807
